[3gH    H    H    H    H    H    H    H    H    H    H    H    H    H    H    H    H    H    H    H   [INFO] Using python from: /home/pma213x/.venvs/minicheetah-isaaclab/bin/python
[INFO][AppLauncher]: Loading experience file: /home/pma213x/IsaacLab/apps/isaaclab.python.headless.rendering.kit
[Warning] [simulation_app.simulation_app] Modules: ['omni.kit_app'] were loaded before SimulationApp was started and might not be loaded correctly.
[Warning] [simulation_app.simulation_app] Please check to make sure no extra omniverse or pxr modules are imported before the call to SimulationApp(...)
Loading user config located at: '/home/pma213x/.venvs/minicheetah-isaaclab/lib/python3.10/site-packages/omni/data/Kit/Isaac-Sim/4.5/user.config.json'
[Info] [carb] Logging to file: /home/pma213x/.venvs/minicheetah-isaaclab/lib/python3.10/site-packages/omni/logs/Kit/Isaac-Sim/4.5/kit_20261008_204628.log
2026-10-08 12:46:29 [0ms] [Warning] [omni.kit.app.plugin] No crash reporter present, dumps uploading isn't available.
2026-10-08 12:46:29 [127ms] [Warning] [omni.datastore] OmniHub is inaccessible
2026-10-08 12:46:29 [144ms] [Warning] [carb.windowing-glfw.gamepad] Joystick with unknown remapping detected (will be ignored):  HUION 256C PEN STYLUS [030000006c250000edee000001000000]
2026-10-08 12:46:29 [338ms] [Warning] [gpu.foundation.plugin] Skipping unsupported non-NVIDIA GPU: Intel(R) UHD Graphics (ADL-S GT0.5)
2026-10-08 12:46:29 [338ms] [Warning] [gpu.foundation.plugin] Skipping unsupported non-NVIDIA GPU: Intel(R) UHD Graphics (ADL-S GT0.5)

|---------------------------------------------------------------------------------------------|
| Driver Version: 580.178.04    | Graphics API: Vulkan
|=============================================================================================|
| GPU | Name                             | Active | LDA | GPU Memory | Vendor-ID | LUID       |
|     |                                  |        |     |            | Device-ID | UUID       |
|     |                                  |        |     |            | Bus-ID    |            |
|---------------------------------------------------------------------------------------------|
| 0   | NVIDIA GeForce RTX 4060 Laptop.. | Yes: 0 |     | 8188    MB | 10de      | 0          |
|     |                                  |        |     |            | 28e0      | 4d090564.. |
|     |                                  |        |     |            | 1         |            |
|---------------------------------------------------------------------------------------------|
| 1   | Intel(R) UHD Graphics (ADL-S G.. |        |     | 11374   MB | 8086      | 0          |
|     |                                  |        |     |            | 468b      | 86808b46.. |
|     |                                  |        |     |            | 0         |            |
|=============================================================================================|
| OS: 26.04.1 LTS (Resolute Raccoon) ubuntu, Version: 26.04.1, Kernel: 7.0.0-34-generic
| XServer Vendor: The X.Org Foundation, XServer Version: 12401010 (1.24.1.10)
| Processor: 13th Gen Intel(R) Core(TM) i5-13500HX
| Bare Metal Cores: 14 | Bare Metal Logical Cores: 28
| Available Cores:  20 
|---------------------------------------------------------------------------------------------|
| Total Memory (MB): 15166 | Free Memory: 8087
| Total Page/Swap (MB): 20479 | Free Page/Swap: 17771
|---------------------------------------------------------------------------------------------|
2026-10-08 12:46:29 [607ms] [Warning] [gpu.foundation.plugin] IOMMU is enabled.
2026-10-08 12:46:29 [607ms] [Warning] [gpu.foundation.plugin] Detected IOMMU is enabled. Running CUDA peer-to-peer bandwidth and latency validation.
Unidirectional P2P=Enabled Bandwidth (P2P Writes) Matrix (GB/s)
   D\D     0 
     0 221.44 
P2P=Enabled Latency (P2P Writes) Matrix (us)
   GPU     0 
     0   1.44 

   CPU     0 
     0   1.49 
2026-10-08 12:46:30 [1,275ms] [Warning] [omni.isaac.dynamic_control] omni.isaac.dynamic_control is deprecated as of Isaac Sim 4.5. No action is needed from end-users.
2026-10-08 12:46:30 [1,662ms] [Warning] [omni.log] Source: omni.hydra was already registered.
2026-10-08 12:46:31 [2,158ms] [Warning] [omni.replicator.core.scripts.extension] No material configuration file, adding configuration to material settings directly.
Gym has been unmaintained since 2022 and does not support NumPy 2.0 amongst other critical functionality.
Please upgrade to Gymnasium, the maintained drop-in replacement of Gym, or contact the authors of your software and request that they upgrade.
See the migration guide at https://gymnasium.farama.org/introduction/migration_guide/ for additional information.
2026-10-08 12:46:32 [3,151ms] [Warning] [omni.usd-abi.plugin] No setting was found for '/rtx-defaults/ambientOcclusion/enabled'
2026-10-08 12:46:32 [3,151ms] [Warning] [omni.usd-abi.plugin] No setting was found for '/rtx-defaults/directLighting/sampledLighting/enabled'
2026-10-08 12:46:32 [3,151ms] [Warning] [omni.usd-abi.plugin] No setting was found for '/rtx-defaults/indirectDiffuse/enabled'
2026-10-08 12:46:32 [3,151ms] [Warning] [omni.usd-abi.plugin] No setting was found for '/rtx-defaults/raytracing/cached/enabled'
2026-10-08 12:46:32 [3,151ms] [Warning] [omni.usd-abi.plugin] No setting was found for '/rtx-defaults/reflections/enabled'
2026-10-08 12:46:32 [3,151ms] [Warning] [omni.usd-abi.plugin] No setting was found for '/rtx-defaults/sceneDb/ambientLightIntensity'
2026-10-08 12:46:32 [3,151ms] [Warning] [omni.usd-abi.plugin] No setting was found for '/rtx-defaults/translucency/enabled'
2026-10-08 12:46:32 [3,151ms] [Warning] [omni.usd-abi.plugin] No setting was found for '/rtx-defaults/viewTile/limit'
2026-10-08 12:46:32 [3,244ms] [Warning] [rtx.scenedb.plugin] SceneDbContext : TLAS limit buffer size 2908577024
2026-10-08 12:46:32 [3,244ms] [Warning] [rtx.scenedb.plugin] SceneDbContext : TLAS limit : valid true, within: false
2026-10-08 12:46:32 [3,331ms] [Warning] [omni.usd-abi.plugin] No setting was found for '/rtx-defaults/directLighting/sampledLighting/samplesPerPixel'
2026-10-08 12:46:32 [3,331ms] [Warning] [omni.usd-abi.plugin] No setting was found for '/rtx-defaults/pathtracing/maxSamplesPerLaunch'
2026-10-08 12:46:32 [3,331ms] [Warning] [omni.usd-abi.plugin] No setting was found for '/rtx-defaults-transient/meshlights/forceDisable'
2026-10-08 12:46:32 [3,375ms] [Warning] [omni.usd-abi.plugin] No setting was found for '/rtx-defaults/post/dlss/execMode'
[STAGE] config_start
[INFO]: Parsing configuration from: training.envs.velocity_flat_env_cfg:YoboGoVelocityFlatEnvCfg
[STAGE] config_done
[STAGE] environment_create_start
Setting seed: 0
[INFO]: Base environment:
	Environment device    : cuda:0
	Environment seed      : 0
	Physics step-size     : 0.0004
	Rendering step-size   : 0.002
	Environment step-size : 0.002
2026-10-08 12:46:35 [6,424ms] [Warning] [isaaclab.terrains.terrain_importer] Visual material specified for ground plane but no diffuse color found. Using default color: (0.0, 0.0, 0.0)
[INFO]: Time taken for scene creation : 2.415546 seconds
[INFO]: Scene manager:  <class InteractiveScene>
	Number of environments: 1
	Environment spacing   : 2.5
	Source prim name      : /World/envs/env_0
	Global prim paths     : ['/World/ground']
	Replicate physics     : True
[INFO]: Starting the simulation. This may take a few seconds. Please wait...
[INFO]: Time taken for simulation start : 0.380753 seconds
[INFO] Command Manager:  <CommandManager> contains 1 active terms.
+------------------------------------------------+
|              Active Command Terms              |
+-------+---------------+------------------------+
| Index | Name          |          Type          |
+-------+---------------+------------------------+
|   0   | base_velocity | UniformVelocityCommand |
+-------+---------------+------------------------+

[INFO] Recorder Manager:  <RecorderManager> contains 0 active terms.
+---------------------+
| Active Recorder Terms |
+-----------+---------+
|   Index   | Name    |
+-----------+---------+
+-----------+---------+

[INFO] Action Manager:  <ActionManager> contains 1 active terms.
+------------------------------------+
|  Active Action Terms (shape: 12)   |
+--------+-------------+-------------+
| Index  | Name        |   Dimension |
+--------+-------------+-------------+
|   0    | joint_pos   |          12 |
+--------+-------------+-------------+

[INFO] Observation Manager: <ObservationManager> contains 1 groups.
+---------------------------------------------------------+
| Active Observation Terms in Group: 'policy' (shape: (48,)) |
+-----------+---------------------------------+-----------+
|   Index   | Name                            |   Shape   |
+-----------+---------------------------------+-----------+
|     0     | base_lin_vel                    |    (3,)   |
|     1     | base_ang_vel                    |    (3,)   |
|     2     | projected_gravity               |    (3,)   |
|     3     | velocity_commands               |    (3,)   |
|     4     | joint_pos                       |   (12,)   |
|     5     | joint_vel                       |   (12,)   |
|     6     | actions                         |   (12,)   |
+-----------+---------------------------------+-----------+

[INFO] Event Manager:  <EventManager> contains 3 active terms.
+--------------------------------------+
| Active Event Terms in Mode: 'startup' |
+----------+---------------------------+
|  Index   | Name                      |
+----------+---------------------------+
|    0     | physics_material          |
+----------+---------------------------+
+---------------------------------------+
|  Active Event Terms in Mode: 'reset'  |
+--------+------------------------------+
| Index  | Name                         |
+--------+------------------------------+
|   0    | base_external_force_torque   |
|   1    | reset_base                   |
|   2    | reset_robot_joints           |
+--------+------------------------------+
+----------------------------------------------+
|    Active Event Terms in Mode: 'interval'    |
+-------+------------+-------------------------+
| Index | Name       | Interval time range (s) |
+-------+------------+-------------------------+
|   0   | push_robot |       (10.0, 15.0)      |
+-------+------------+-------------------------+

[INFO] Termination Manager:  <TerminationManager> contains 2 active terms.
+---------------------------------+
|     Active Termination Terms    |
+-------+--------------+----------+
| Index | Name         | Time Out |
+-------+--------------+----------+
|   0   | time_out     |   True   |
|   1   | base_contact |  False   |
+-------+--------------+----------+

[INFO] Reward Manager:  <RewardManager> contains 11 active terms.
+-----------------------------------------+
|           Active Reward Terms           |
+-------+----------------------+----------+
| Index | Name                 |   Weight |
+-------+----------------------+----------+
|   0   | track_lin_vel_xy_exp |      1.0 |
|   1   | track_ang_vel_z_exp  |      0.5 |
|   2   | lin_vel_z_l2         |     -2.0 |
|   3   | ang_vel_xy_l2        |    -0.05 |
|   4   | dof_torques_l2       | -2.5e-05 |
|   5   | dof_acc_l2           | -2.5e-07 |
|   6   | action_rate_l2       |    -0.01 |
|   7   | feet_air_time        |      0.5 |
|   8   | undesired_contacts   |     -1.0 |
|   9   | flat_orientation_l2  |     -5.0 |
|   10  | dof_pos_limits       |      0.0 |
+-------+----------------------+----------+

[INFO] Curriculum Manager:  <CurriculumManager> contains 0 active terms.
+----------------------+
| Active Curriculum Terms |
+-----------+----------+
|   Index   | Name     |
+-----------+----------+
+-----------+----------+

[INFO]: Completed setting up the environment...
[STAGE] environment_create_done
[STAGE] policy_adapter_setup_start
Setting seed: 0
[STAGE] policy_adapter_setup_done
2026-10-08 12:46:40 [11,842ms] [Warning] [omni.hydra.scene_delegate.plugin] Calling getBypassRenderSkelMeshProcessing for prim /World/envs/env_0/Robot/leg2_foot_link/visuals.proto_sphere_id0 that has not been populated
2026-10-08 12:46:41 [12,075ms] [Warning] [rtx.postprocessing.plugin] DLSS increasing input dimensions: Render resolution of (480, 270) is below minimal input resolution of 300.
2026-10-08 12:46:41 [12,091ms] [Warning] [omni.syntheticdata.plugin] OgnSdPostRenderVarToHost : rendervar copy from texture directly to host buffer is counter-performant. Please use copy from texture to device buffer first.
[INFO] task=YoboGo-Velocity-Flat-v0
[INFO] weights_adaptation=/run/media/pma213x/0C6A8CC86A8CAFCE/Ubuntu2/CodeU/Dog1/mini-cheetah-isaaclab/external_models/rapid-locomotion-rl/runs/rapid-locomotion/example/train/201852.132488/checkpoints/adaptation_module_latest.jit
[INFO] weights_body=/run/media/pma213x/0C6A8CC86A8CAFCE/Ubuntu2/CodeU/Dog1/mini-cheetah-isaaclab/external_models/rapid-locomotion-rl/runs/rapid-locomotion/example/train/201852.132488/checkpoints/body_latest.jit
[INFO] yobogo_observation_dim=48 rapid_observation_dim=42
[INFO] history_dim=630 action_dim=12
[INFO] inference_period=10 control_period_s=0.002 inference_hz=50
[INFO] rapid_replay_actuator_kp=20 kd=0.5 effort=18/18/26
[INFO] yobogo_command=[0.15, 0.0, 0.0] rapid_command=[0.3, 0.0, 0.0]
[INFO] model_dummy_action_shape=(1, 12)
[INFO] model_dummy_latent_shape=(1, 18)
[STAGE] event_loop_start
[DIAG_INFER] step=1 policy_action_max=1.248121 applied_action_max=0.250000 obs_max=1.000000 history_nonzero_rows=0 position_clip=0 torque_clip=0 action=[-0.19197018444538116, 0.642443060874939, -0.24320274591445923, -0.12731754779815674, 0.715573787689209, 0.4644812345504761, 0.17107412219047546, -1.248120665550232, 0.8329899311065674, 0.1677992045879364, -0.6457257270812988, -0.7750470638275146]
[DIAG_TARGET] step=1 target_error=0.000000000 default=[0.0, -0.7853981852531433, 1.8654682636260986, 0.0, -0.7853981852531433, 1.8654682636260986, 0.0, -0.7853981852531433, 1.8654682636260986, 0.0, -0.7853981852531433, 1.8654682636260986] desired=[-0.12399627268314362, -0.737500011920929, 1.559199333190918, 0.08408530801534653, -0.737500011920929, 1.6825000047683716, -0.07861573994159698, -0.862500011920929, 1.6825000047683716, 0.12097489833831787, -0.862500011920929, 1.5575000047683716] applied=[-0.12399627268314362, -0.737500011920929, 1.559199333190918, 0.08408530801534653, -0.737500011920929, 1.6825000047683716, -0.07861573994159698, -0.862500011920929, 1.6825000047683716, 0.12097489833831787, -0.862500011920929, 1.5575000047683716] current=[-0.0009000244317576289, -0.7884042263031006, 1.8698720932006836, 0.00034613849129527807, -0.7876209020614624, 1.8697837591171265, -0.000287854258203879, -0.7878090739250183, 1.8683568239212036, 0.0005424053524620831, -0.7882048487663269, 1.8681200742721558]
[STAGE] first_step_done
[DIAG_INFER] step=11 policy_action_max=4.212106 applied_action_max=0.250000 obs_max=1.884613 history_nonzero_rows=1 position_clip=0 torque_clip=2 action=[-1.1852774620056152, 1.2592302560806274, -0.7069576978683472, -1.4187507629394531, 0.3148517608642578, 1.1249691247940063, 0.9986270070075989, -2.568427324295044, 2.395155668258667, 2.557915210723877, -4.212105751037598, 0.8826102018356323]
[DIAG_TARGET] step=11 target_error=0.000000000 default=[0.0, -0.7853981852531433, 1.8654682636260986, 0.0, -0.7853981852531433, 1.8654682636260986, 0.0, -0.7853981852531433, 1.8654682636260986, 0.0, -0.7853981852531433, 1.8654682636260986] desired=[-0.13124999403953552, -0.737500011920929, 1.5575000047683716, 0.06875000149011612, -0.737500011920929, 1.6825000047683716, -0.06875000149011612, -0.862500011920929, 1.6825000047683716, 0.13124999403953552, -1.782218337059021, 1.8063479661941528] applied=[-0.13124999403953552, -0.737500011920929, 1.5575000047683716, 0.06875000149011612, -0.737500011920929, 1.6825000047683716, -0.06875000149011612, -0.862500011920929, 1.6825000047683716, 0.13124999403953552, -1.782218337059021, 1.8063479661941528] current=[-0.0051351808942854404, -0.832234263420105, 1.9049084186553955, -0.002970220986753702, -0.8255313634872437, 1.9063994884490967, 0.005466568749397993, -0.8257734179496765, 1.8904436826705933, 0.006451136898249388, -0.8232080340385437, 1.8843649625778198]
[DIAG_INFER] step=21 policy_action_max=3.457707 applied_action_max=0.250000 obs_max=4.212106 history_nonzero_rows=2 position_clip=0 torque_clip=2 action=[3.124699592590332, 1.540513515472412, 0.5956982374191284, -0.9917447566986084, -1.2660032510757446, 3.360956907272339e-05, 1.3479745388031006, -2.5381500720977783, 2.303243637084961, 3.457706928253174, -1.6581790447235107, -0.7696747183799744]
[DIAG_TARGET] step=21 target_error=0.000000000 default=[0.0, -0.7853981852531433, 1.8654682636260986, 0.0, -0.7853981852531433, 1.8654682636260986, 0.0, -0.7853981852531433, 1.8654682636260986, 0.0, -0.7853981852531433, 1.8654682636260986] desired=[-0.06875000149011612, -0.737500011920929, 1.6825000047683716, 0.06875000149011612, -0.862500011920929, 1.6200083494186401, -0.06875000149011612, -0.8723305463790894, 1.6825000047683716, 0.13124999403953552, -1.5854507684707642, 1.5575000047683716] applied=[-0.06875000149011612, -0.737500011920929, 1.6825000047683716, 0.06875000149011612, -0.862500011920929, 1.6200083494186401, -0.06875000149011612, -0.8723305463790894, 1.6825000047683716, 0.13124999403953552, -1.5854507684707642, 1.5575000047683716] current=[0.006526915356516838, -0.8694444298744202, 1.9128268957138062, 0.008672976866364479, -0.8646515607833862, 1.9265025854110718, 0.023620344698429108, -0.8659477233886719, 1.9053688049316406, 0.03696342185139656, -1.2138975858688354, 1.8452987670898438]
[DIAG_INFER] step=31 policy_action_max=2.228765 applied_action_max=0.250000 obs_max=3.457707 history_nonzero_rows=3 position_clip=0 torque_clip=1 action=[0.9623929858207703, 0.6100561618804932, 0.43339017033576965, -0.5855695009231567, -0.566724419593811, 0.8794581890106201, 1.5059094429016113, -2.2287650108337402, 1.1085090637207031, -0.8069660663604736, -0.2615535855293274, -0.43297064304351807]
[DIAG_TARGET] step=31 target_error=0.000000000 default=[0.0, -0.7853981852531433, 1.8654682636260986, 0.0, -0.7853981852531433, 1.8654682636260986, 0.0, -0.7853981852531433, 1.8654682636260986, 0.0, -0.7853981852531433, 1.8654682636260986] desired=[-0.06875000149011612, -0.737500011920929, 1.6825000047683716, 0.06875000149011612, -0.862500011920929, 1.6825000047683716, -0.06875000149011612, -0.862500011920929, 1.6825000047683716, 0.06875000149011612, -0.9601696729660034, 1.5575000047683716] applied=[-0.06875000149011612, -0.737500011920929, 1.6825000047683716, 0.06875000149011612, -0.862500011920929, 1.6825000047683716, -0.06875000149011612, -0.862500011920929, 1.6825000047683716, 0.06875000149011612, -0.9601696729660034, 1.5575000047683716] current=[0.006289414595812559, -0.896105170249939, 1.9099990129470825, 0.008386935107409954, -0.8938300609588623, 1.9309232234954834, 0.02556019276380539, -0.8985763788223267, 1.9150408506393433, 0.0833415612578392, -1.5067073106765747, 1.6537131071090698]
[DIAG_INFER] step=41 policy_action_max=3.504293 applied_action_max=0.250000 obs_max=2.228765 history_nonzero_rows=4 position_clip=0 torque_clip=1 action=[-0.6199564337730408, 1.3957027196884155, 0.4670622646808624, -1.007174015045166, 0.2863194942474365, -0.016822941601276398, -0.3142086863517761, -2.6285593509674072, -0.13166627287864685, -3.5042927265167236, -0.2396964728832245, -1.8511104583740234]
[DIAG_TARGET] step=41 target_error=0.000000000 default=[0.0, -0.7853981852531433, 1.8654682636260986, 0.0, -0.7853981852531433, 1.8654682636260986, 0.0, -0.7853981852531433, 1.8654682636260986, 0.0, -0.7853981852531433, 1.8654682636260986] desired=[-0.13124999403953552, -0.737500011920929, 1.6825000047683716, 0.06875000149011612, -0.737500011920929, 1.61579430103302, -0.13124999403953552, -0.862500011920929, 1.5870834589004517, -0.09373825788497925, -0.8599241375923157, 1.5575000047683716] applied=[-0.13124999403953552, -0.737500011920929, 1.6825000047683716, 0.06875000149011612, -0.737500011920929, 1.61579430103302, -0.13124999403953552, -0.862500011920929, 1.5870834589004517, -0.09373825788497925, -0.8599241375923157, 1.5575000047683716] current=[-0.016303399577736855, -0.907479465007782, 1.9072054624557495, -0.014214259572327137, -0.9034445881843567, 1.9217578172683716, 0.0009807448368519545, -0.907553493976593, 1.9072853326797485, 0.09476469457149506, -1.3571367263793945, 1.5668113231658936]
[DIAG_INFER] step=51 policy_action_max=6.648087 applied_action_max=0.250000 obs_max=3.504293 history_nonzero_rows=5 position_clip=0 torque_clip=1 action=[2.2850770950317383, 1.6374925374984741, 2.6161296367645264, -0.9908255338668823, 0.16990143060684204, -1.2101243734359741, -5.2921013832092285, -3.7565975189208984, -2.416776180267334, -6.648087024688721, 0.13556572794914246, -1.4674830436706543]
[DIAG_TARGET] step=51 target_error=0.000000000 default=[0.0, -0.7853981852531433, 1.8654682636260986, 0.0, -0.7853981852531433, 1.8654682636260986, 0.0, -0.7853981852531433, 1.8654682636260986, 0.0, -0.7853981852531433, 1.8654682636260986] desired=[-0.06875000149011612, -0.737500011920929, 1.6825000047683716, 0.06875000149011612, -0.7575246691703796, 1.5575000047683716, -0.13124999403953552, -0.862500011920929, 1.5575000047683716, -0.9393409490585327, -0.7661085724830627, 1.5575000047683716] applied=[-0.06875000149011612, -0.737500011920929, 1.6825000047683716, 0.06875000149011612, -0.7575246691703796, 1.5575000047683716, -0.13124999403953552, -0.862500011920929, 1.5575000047683716, -0.9393409490585327, -0.7661085724830627, 1.5575000047683716] current=[-0.05435489863157272, -0.9028133153915405, 1.9037017822265625, -0.05130239576101303, -0.8944992423057556, 1.8998538255691528, -0.04536544531583786, -0.8917520642280579, 1.8812249898910522, 0.02658471278846264, -1.305799961090088, 1.488508939743042]
[DIAG_INFER] step=61 policy_action_max=10.350431 applied_action_max=0.250000 obs_max=6.648087 history_nonzero_rows=6 position_clip=0 torque_clip=2 action=[6.791110038757324, -1.3887234926223755, 3.8488457202911377, -2.066237211227417, 1.6654175519943237, -0.7528252601623535, -9.697638511657715, -2.4165244102478027, -2.194706916809082, -10.350431442260742, -2.1727538108825684, 0.29304540157318115]
[DIAG_TARGET] step=61 target_error=0.000000000 default=[0.0, -0.7853981852531433, 1.8654682636260986, 0.0, -0.7853981852531433, 1.8654682636260986, 0.0, -0.7853981852531433, 1.8654682636260986, 0.0, -0.7853981852531433, 1.8654682636260986] desired=[-0.06875000149011612, -0.862500011920929, 1.6825000047683716, 0.06875000149011612, -0.737500011920929, 1.5575000047683716, -0.13124999403953552, -0.862500011920929, 1.5575000047683716, -1.5, 0.07567799091339111, 1.6825000047683716] applied=[-0.06875000149011612, -0.862500011920929, 1.6825000047683716, 0.06875000149011612, -0.737500011920929, 1.5575000047683716, -0.13124999403953552, -0.862500011920929, 1.5575000047683716, -1.5, 0.07567799091339111, 1.6825000047683716] current=[-0.136158287525177, -0.8782414197921753, 1.9140630960464478, -0.10698471963405609, -0.8517233729362488, 1.8411587476730347, -0.1586717963218689, -0.8363046646118164, 1.8273411989212036, -0.2733253240585327, -1.2557470798492432, 1.5216529369354248]
[DIAG_INFER] step=71 policy_action_max=7.401492 applied_action_max=0.250000 obs_max=10.350431 history_nonzero_rows=7 position_clip=0 torque_clip=3 action=[6.827805519104004, -1.8319352865219116, 5.5906195640563965, -4.119444370269775, 5.253749370574951, 0.17381036281585693, -5.57238245010376, -2.757158041000366, 0.09053075313568115, -7.401492118835449, -0.4416539669036865, 5.453737735748291]
[DIAG_TARGET] step=71 target_error=0.000000000 default=[0.0, -0.7853981852531433, 1.8654682636260986, 0.0, -0.7853981852531433, 1.8654682636260986, 0.0, -0.7853981852531433, 1.8654682636260986, 0.0, -0.7853981852531433, 1.8654682636260986] desired=[-0.06875000149011612, -0.862500011920929, 1.6825000047683716, 0.06875000149011612, -0.737500011920929, 1.6634526252746582, -0.4037920832633972, -0.862500011920929, 1.6426327228546143, -0.09142470359802246, 1.712799072265625, 1.6825000047683716] applied=[-0.06875000149011612, -0.862500011920929, 1.6825000047683716, 0.06875000149011612, -0.737500011920929, 1.6634526252746582, -0.4037920832633972, -0.862500011920929, 1.6426327228546143, -0.09142470359802246, 1.712799072265625, 1.6825000047683716] current=[-0.19259077310562134, -0.823049008846283, 1.9354759454727173, -0.06494027376174927, -0.7827170491218567, 1.7388479709625244, -0.22754257917404175, -0.7755553722381592, 1.7497930526733398, -0.7365016937255859, -0.9075795412063599, 1.5509300231933594]
[DIAG_INFER] step=81 policy_action_max=12.506772 applied_action_max=0.250000 obs_max=7.401492 history_nonzero_rows=8 position_clip=0 torque_clip=3 action=[8.139102935791016, 3.042501449584961, 7.5035400390625, 3.839428186416626, 5.357156276702881, -7.9398674964904785, -6.177097797393799, 1.6558815240859985, -9.006162643432617, -4.935923099517822, -8.605273246765137, 12.5067720413208]
[DIAG_TARGET] step=81 target_error=0.000000022 default=[0.0, -0.7853981852531433, 1.8654682636260986, 0.0, -0.7853981852531433, 1.8654682636260986, 0.0, -0.7853981852531433, 1.8654682636260986, 0.0, -0.7853981852531433, 1.8654682636260986] desired=[-0.06875000149011612, -0.737500011920929, 1.6825000047683716, 0.13124999403953552, -0.737500011920929, 1.5575000047683716, -0.13124999403953552, -0.05512937158346176, 1.5575000047683716, 1.5, 0.7916480898857117, 1.6825000047683716] applied=[-0.06875000149011612, -0.737500011920929, 1.6825000047683716, 0.13124999403953552, -0.737500011920929, 1.5575000047683716, -0.13124999403953552, -0.05512934923171997, 1.5575000047683716, 1.5, 0.7916480898857117, 1.6825000047683716] current=[-0.11044434458017349, -0.7609808444976807, 1.9352326393127441, 0.08988385647535324, -0.7549154162406921, 1.6968257427215576, -0.22616921365261078, -0.7960140109062195, 1.6800551414489746, -0.6174145340919495, -0.09840771555900574, 1.547775149345398]
[DIAG_INFER] step=91 policy_action_max=8.448015 applied_action_max=0.250000 obs_max=12.506772 history_nonzero_rows=9 position_clip=0 torque_clip=5 action=[6.741123676300049, 0.10104551911354065, 2.4244766235351562, -3.6733198165893555, 0.8098344206809998, -1.6287544965744019, -4.831871509552002, -0.2814669609069824, -8.448015213012695, -0.7979027628898621, -4.246265411376953, 3.0036239624023438]
[DIAG_TARGET] step=91 target_error=0.000000030 default=[0.0, -0.7853981852531433, 1.8654682636260986, 0.0, -0.7853981852531433, 1.8654682636260986, 0.0, -0.7853981852531433, 1.8654682636260986, 0.0, -0.7853981852531433, 1.8654682636260986] desired=[-0.06875000149011612, -0.774738609790802, 1.6825000047683716, 0.06875000149011612, -0.737500011920929, 1.5575000047683716, 0.1814168244600296, 0.11082395911216736, 1.5575000047683716, 0.40916186571121216, -0.3098165988922119, 1.0656311511993408] applied=[-0.06875000149011612, -0.774738609790802, 1.6825000047683716, 0.06875000149011612, -0.737500011920929, 1.5575000047683716, 0.1814168244600296, 0.11082392930984497, 1.5575000047683716, 0.40916186571121216, -0.3098165988922119, 1.0656311511993408] current=[0.009258758276700974, -0.7202133536338806, 1.8983830213546753, 0.2606978118419647, -0.7673765420913696, 1.7299633026123047, -0.18648338317871094, -0.5309885144233704, 1.5802005529403687, 0.13379189372062683, 0.5165996551513672, 1.566742181777954]
[DIAG_INFER] step=101 policy_action_max=4.287027 applied_action_max=0.250000 obs_max=8.448015 history_nonzero_rows=10 position_clip=0 torque_clip=2 action=[3.487570285797119, -2.537642002105713, 3.967758893966675, -2.337050676345825, 2.6811513900756836, 0.2628926932811737, -0.8095787167549133, 1.1353514194488525, -0.06332588195800781, -4.287027359008789, -2.566124677658081, -0.1240914911031723]
[DIAG_TARGET] step=101 target_error=0.000000000 default=[0.0, -0.7853981852531433, 1.8654682636260986, 0.0, -0.7853981852531433, 1.8654682636260986, 0.0, -0.7853981852531433, 1.8654682636260986, 0.0, -0.7853981852531433, 1.8654682636260986] desired=[-0.06875000149011612, -0.862500011920929, 1.6825000047683716, 0.06875000149011612, -0.6554208397865295, 1.6825000047683716, -0.13124999403953552, -0.737500011920929, 1.6041685342788696, -1.5, -0.862500011920929, 1.5889770984649658] applied=[-0.06875000149011612, -0.862500011920929, 1.6825000047683716, 0.06875000149011612, -0.6554208397865295, 1.6825000047683716, -0.13124999403953552, -0.737500011920929, 1.6041685342788696, -1.5, -0.862500011920929, 1.5889770984649658] current=[-0.05143287777900696, -0.7118372321128845, 1.8881500959396362, 0.25130242109298706, -0.7688212990760803, 1.7246513366699219, -0.12270867079496384, -0.1572580188512802, 1.567347764968872, 0.45238348841667175, 0.40460339188575745, 1.3642311096191406]
[DIAG_INFER] step=111 policy_action_max=15.186719 applied_action_max=0.250000 obs_max=7.435983 history_nonzero_rows=11 position_clip=0 torque_clip=4 action=[-8.186267852783203, 4.767922401428223, 3.0834920406341553, -11.938671112060547, 2.6556947231292725, -0.0028672292828559875, -1.2698819637298584, -15.186718940734863, 6.658641815185547, -12.755585670471191, -2.391126871109009, -4.571675777435303]
[DIAG_TARGET] step=111 target_error=0.000000000 default=[0.0, -0.7853981852531433, 1.8654682636260986, 0.0, -0.7853981852531433, 1.8654682636260986, 0.0, -0.7853981852531433, 1.8654682636260986, 0.0, -0.7853981852531433, 1.8654682636260986] desired=[-0.13124999403953552, -0.737500011920929, 1.6825000047683716, 0.06875000149011612, -0.737500011920929, 1.6192831993103027, -0.23245470225811005, -0.862500011920929, 1.6825000047683716, -1.5, -0.8903093338012695, 2.700000047683716] applied=[-0.13124999403953552, -0.737500011920929, 1.6825000047683716, 0.06875000149011612, -0.737500011920929, 1.6192831993103027, -0.23245470225811005, -0.862500011920929, 1.6825000047683716, -1.5, -0.8903093338012695, 2.700000047683716] current=[-0.2332611232995987, -0.7243388891220093, 1.9364163875579834, 0.07554125785827637, -0.7190774083137512, 1.6907459497451782, -0.15511557459831238, -0.2598312497138977, 1.6222950220108032, -0.1896420121192932, -0.24636059999465942, 1.4961214065551758]
[DIAG_INFER] step=121 policy_action_max=12.890742 applied_action_max=0.250000 obs_max=15.186719 history_nonzero_rows=12 position_clip=0 torque_clip=2 action=[-2.9516704082489014, 6.38007926940918, -1.3648791313171387, -12.890742301940918, 3.29988956451416, 3.202160596847534, 4.42590856552124, -9.763291358947754, 3.2426700592041016, -0.23683860898017883, -0.7146310806274414, -1.7182904481887817]
[DIAG_TARGET] step=121 target_error=0.000000000 default=[0.0, -0.7853981852531433, 1.8654682636260986, 0.0, -0.7853981852531433, 1.8654682636260986, 0.0, -0.7853981852531433, 1.8654682636260986, 0.0, -0.7853981852531433, 1.8654682636260986] desired=[-0.13124999403953552, -0.737500011920929, 1.5575000047683716, 0.06875000149011612, -0.737500011920929, 1.6825000047683716, -0.9521651268005371, -0.862500011920929, 1.6825000047683716, 0.07039517164230347, -0.862500011920929, 1.7842832803726196] applied=[-0.13124999403953552, -0.737500011920929, 1.5575000047683716, 0.06875000149011612, -0.737500011920929, 1.6825000047683716, -0.9521651268005371, -0.862500011920929, 1.6825000047683716, 0.07039517164230347, -0.862500011920929, 1.7842832803726196] current=[-0.30503785610198975, -0.7315175533294678, 1.9692785739898682, 0.10699927061796188, -0.7111661434173584, 1.6571044921875, -0.13228251039981842, -0.5789126753807068, 1.6999472379684448, -0.9853129982948303, -0.7768357992172241, 1.9900226593017578]
[DIAG_INFER] step=131 policy_action_max=15.933531 applied_action_max=0.250000 obs_max=12.890742 history_nonzero_rows=13 position_clip=0 torque_clip=2 action=[15.933530807495117, 7.517289638519287, 5.044274806976318, -4.75062894821167, 0.07813145220279694, -8.527288436889648, -1.0844142436981201, -5.160358428955078, -0.6485435962677002, 6.203606128692627, -3.9416873455047607, 2.6912193298339844]
[DIAG_TARGET] step=131 target_error=0.000000000 default=[0.0, -0.7853981852531433, 1.8654682636260986, 0.0, -0.7853981852531433, 1.8654682636260986, 0.0, -0.7853981852531433, 1.8654682636260986, 0.0, -0.7853981852531433, 1.8654682636260986] desired=[-0.06875000149011612, -0.737500011920929, 1.6825000047683716, 0.06875000149011612, -0.78046715259552, 1.5575000047683716, -0.13124999403953552, -0.862500011920929, 1.5575000047683716, 1.5, -1.3434137105941772, 1.6825000047683716] applied=[-0.06875000149011612, -0.737500011920929, 1.6825000047683716, 0.06875000149011612, -0.78046715259552, 1.5575000047683716, -0.13124999403953552, -0.862500011920929, 1.5575000047683716, 1.5, -1.3434137105941772, 1.6825000047683716] current=[-0.2649978697299957, -0.7498024106025696, 1.9807162284851074, 0.16679610311985016, -0.7322520017623901, 1.6727744340896606, -0.37558504939079285, -0.756872296333313, 1.6809271574020386, -0.9029465913772583, -0.8467574119567871, 1.8353242874145508]
[DIAG_INFER] step=141 policy_action_max=20.049709 applied_action_max=0.250000 obs_max=15.933531 history_nonzero_rows=14 position_clip=0 torque_clip=3 action=[13.103388786315918, 9.908927917480469, 13.518108367919922, 10.045055389404297, 1.4988235235214233, -12.150630950927734, -3.3132855892181396, 3.4014828205108643, -8.744386672973633, -3.430185317993164, -17.735763549804688, 20.04970932006836]
[DIAG_TARGET] step=141 target_error=0.000000000 default=[0.0, -0.7853981852531433, 1.8654682636260986, 0.0, -0.7853981852531433, 1.8654682636260986, 0.0, -0.7853981852531433, 1.8654682636260986, 0.0, -0.7853981852531433, 1.8654682636260986] desired=[-0.06875000149011612, -0.737500011920929, 1.6825000047683716, 0.13124999403953552, -0.737500011920929, 1.5575000047683716, -0.04272683709859848, -0.737500011920929, 1.5575000047683716, 1.5, -0.862500011920929, 0.7104606628417969] applied=[-0.06875000149011612, -0.737500011920929, 1.6825000047683716, 0.13124999403953552, -0.737500011920929, 1.5575000047683716, -0.04272683709859848, -0.737500011920929, 1.5575000047683716, 1.5, -0.862500011920929, 0.7104606628417969] current=[-0.08716771006584167, -0.7718403935432434, 1.942494511604309, 0.27264803647994995, -0.7771437168121338, 1.6672148704528809, -0.3517291843891144, -0.8507988452911377, 1.606657862663269, -0.08550247550010681, -1.0010582208633423, 1.6883902549743652]
[DIAG_INFER] step=151 policy_action_max=9.035676 applied_action_max=0.250000 obs_max=20.049709 history_nonzero_rows=15 position_clip=0 torque_clip=2 action=[5.857302665710449, -1.1727243661880493, 3.8198559284210205, -4.872537612915039, 0.6222063302993774, -3.4298832416534424, -9.035676002502441, -0.5449314117431641, -8.620399475097656, -1.8983336687088013, -4.666548728942871, 4.3133416175842285]
[DIAG_TARGET] step=151 target_error=0.000000000 default=[0.0, -0.7853981852531433, 1.8654682636260986, 0.0, -0.7853981852531433, 1.8654682636260986, 0.0, -0.7853981852531433, 1.8654682636260986, 0.0, -0.7853981852531433, 1.8654682636260986] desired=[-0.06875000149011612, -0.862500011920929, 1.6825000047683716, 0.06875000149011612, -0.737500011920929, 1.5575000047683716, 0.6157719492912292, -0.862500011920929, 1.5575000047683716, 0.06875000149011612, -0.862500011920929, 0.22636628150939941] applied=[-0.06875000149011612, -0.862500011920929, 1.6825000047683716, 0.06875000149011612, -0.737500011920929, 1.5575000047683716, 0.6157719492912292, -0.862500011920929, 1.5575000047683716, 0.06875000149011612, -0.862500011920929, 0.22636628150939941] current=[-0.03569195419549942, -0.7627540826797485, 1.8853037357330322, 0.4069729745388031, -0.841215193271637, 1.732340693473816, -0.24543286859989166, -0.8573817014694214, 1.5949856042861938, 0.6918617486953735, -0.9283034801483154, 1.184541940689087]
[DIAG_INFER] step=161 policy_action_max=4.694655 applied_action_max=0.250000 obs_max=9.035676 history_nonzero_rows=15 position_clip=0 torque_clip=2 action=[4.694654941558838, 0.1772100031375885, 1.9029943943023682, -1.2896443605422974, -1.1366251707077026, -1.9561537504196167, 0.2818225622177124, 1.6363681554794312, -2.14202618598938, -2.8304994106292725, -0.753961443901062, 0.05574043095111847]
[DIAG_TARGET] step=161 target_error=0.000000000 default=[0.0, -0.7853981852531433, 1.8654682636260986, 0.0, -0.7853981852531433, 1.8654682636260986, 0.0, -0.7853981852531433, 1.8654682636260986, 0.0, -0.7853981852531433, 1.8654682636260986] desired=[-0.06875000149011612, -0.75569748878479, 1.6825000047683716, 0.06875000149011612, -0.862500011920929, 1.5575000047683716, -0.06875000149011612, -0.737500011920929, 1.5112392902374268, -0.3974331021308899, -0.862500011920929, 1.6339350938796997] applied=[-0.06875000149011612, -0.75569748878479, 1.6825000047683716, 0.06875000149011612, -0.862500011920929, 1.5575000047683716, -0.06875000149011612, -0.737500011920929, 1.5112392902374268, -0.3974331021308899, -0.862500011920929, 1.6339350938796997] current=[-0.0858551636338234, -0.7774806618690491, 1.8734982013702393, 0.38509079813957214, -0.8648034334182739, 1.7454363107681274, -0.21643491089344025, -0.9293030500411987, 1.7118452787399292, 0.6594504714012146, -0.8666166663169861, 0.7442183494567871]
[DIAG_INFER] step=171 policy_action_max=11.105975 applied_action_max=0.250000 obs_max=5.688257 history_nonzero_rows=15 position_clip=0 torque_clip=2 action=[2.2413434982299805, 2.3225722312927246, 3.3117520809173584, -5.995634078979492, 0.009353980422019958, -1.5967241525650024, -7.231936454772949, -9.883675575256348, 1.1635241508483887, -11.105975151062012, -2.6648988723754883, -2.9793906211853027]
[DIAG_TARGET] step=171 target_error=0.000000000 default=[0.0, -0.7853981852531433, 1.8654682636260986, 0.0, -0.7853981852531433, 1.8654682636260986, 0.0, -0.7853981852531433, 1.8654682636260986, 0.0, -0.7853981852531433, 1.8654682636260986] desired=[-0.06875000149011612, -0.737500011920929, 1.6825000047683716, 0.06875000149011612, -0.797661542892456, 1.5575000047683716, -0.13124999403953552, -0.862500011920929, 1.6825000047683716, -1.5, -0.862500011920929, 1.819741129875183] applied=[-0.06875000149011612, -0.737500011920929, 1.6825000047683716, 0.06875000149011612, -0.797661542892456, 1.5575000047683716, -0.13124999403953552, -0.862500011920929, 1.6825000047683716, -1.5, -0.862500011920929, 1.819741129875183] current=[-0.1854984611272812, -0.7850355505943298, 1.8948184251785278, 0.2838134467601776, -0.866387128829956, 1.73311448097229, -0.3339657485485077, -0.949226975440979, 1.7512067556381226, 0.4190541207790375, -1.084596872329712, 1.1713647842407227]
[DIAG_INFER] step=181 policy_action_max=15.016021 applied_action_max=0.250000 obs_max=11.105975 history_nonzero_rows=15 position_clip=0 torque_clip=3 action=[-0.2612242102622986, 1.7926284074783325, 4.283138751983643, -9.23453426361084, 4.664266109466553, -3.5244596004486084, -9.513731002807617, -11.738423347473145, 0.0957794189453125, -15.016020774841309, -6.096094608306885, -3.4854235649108887]
[DIAG_TARGET] step=181 target_error=0.000000000 default=[0.0, -0.7853981852531433, 1.8654682636260986, 0.0, -0.7853981852531433, 1.8654682636260986, 0.0, -0.7853981852531433, 1.8654682636260986, 0.0, -0.7853981852531433, 1.8654682636260986] desired=[-0.13124999403953552, -0.737500011920929, 1.6825000047683716, 0.06875000149011612, -0.737500011920929, 1.5575000047683716, -0.13124999403953552, -0.862500011920929, 1.6439448595046997, -1.5, -0.025763988494873047, 2.653745174407959] applied=[-0.13124999403953552, -0.737500011920929, 1.6825000047683716, 0.06875000149011612, -0.737500011920929, 1.5575000047683716, -0.13124999403953552, -0.862500011920929, 1.6439448595046997, -1.5, -0.025763988494873047, 2.653745174407959] current=[-0.3315131962299347, -0.7673911452293396, 1.9333254098892212, 0.14063671231269836, -0.8398966193199158, 1.6932677030563354, -0.4651014804840088, -0.9323461055755615, 1.7955031394958496, -0.02842174656689167, -1.240457534790039, 1.5334748029708862]
[DIAG_INFER] step=191 policy_action_max=13.891918 applied_action_max=0.250000 obs_max=15.016021 history_nonzero_rows=15 position_clip=0 torque_clip=3 action=[10.420232772827148, 0.5878565311431885, 10.570549964904785, -3.7850282192230225, 8.662540435791016, -7.26881217956543, -8.416167259216309, -2.451946496963501, -4.8164448738098145, -11.734249114990234, -6.150152206420898, 13.891918182373047]
[DIAG_TARGET] step=191 target_error=0.000000000 default=[0.0, -0.7853981852531433, 1.8654682636260986, 0.0, -0.7853981852531433, 1.8654682636260986, 0.0, -0.7853981852531433, 1.8654682636260986, 0.0, -0.7853981852531433, 1.8654682636260986] desired=[-0.06875000149011612, -0.737500011920929, 1.6825000047683716, 0.06875000149011612, -0.737500011920929, 1.5575000047683716, -0.5163060426712036, -0.862500011920929, 1.5575000047683716, 1.4343152046203613, 2.6151199340820312, 1.6825000047683716] applied=[-0.06875000149011612, -0.737500011920929, 1.6825000047683716, 0.06875000149011612, -0.737500011920929, 1.5575000047683716, -0.5163060426712036, -0.862500011920929, 1.5575000047683716, 1.4343152046203613, 2.6151199340820312, 1.6825000047683716] current=[-0.3734417259693146, -0.6978895664215088, 1.9634263515472412, 0.12720751762390137, -0.7881038784980774, 1.63494074344635, -0.45244377851486206, -0.8707886934280396, 1.8067830801010132, -0.6945467591285706, -0.8291073441505432, 2.007641077041626]
[DIAG_INFER] step=201 policy_action_max=25.738550 applied_action_max=0.250000 obs_max=13.891918 history_nonzero_rows=15 position_clip=0 torque_clip=4 action=[10.72546100616455, 8.588618278503418, 12.884366989135742, 18.100582122802734, 0.6805528402328491, -16.4697322845459, -9.780733108520508, 4.758076190948486, -16.186309814453125, -7.994412422180176, -20.405183792114258, 25.738550186157227]
[DIAG_TARGET] step=201 target_error=0.000000007 default=[0.0, -0.7853981852531433, 1.8654682636260986, 0.0, -0.7853981852531433, 1.8654682636260986, 0.0, -0.7853981852531433, 1.8654682636260986, 0.0, -0.7853981852531433, 1.8654682636260986] desired=[-0.06875000149011612, -0.737500011920929, 1.6825000047683716, 0.13124999403953552, -0.737500011920929, 1.5575000047683716, -0.13124999403953552, 0.031137578189373016, 1.5575000047683716, 1.5, 0.18402057886123657, 1.3340522050857544] applied=[-0.06875000149011612, -0.737500011920929, 1.6825000047683716, 0.13124999403953552, -0.737500011920929, 1.5575000047683716, -0.13124999403953552, 0.031137585639953613, 1.5575000047683716, 1.5, 0.18402057886123657, 1.3340522050857544] current=[-0.19058527052402496, -0.6394900679588318, 1.943190336227417, 0.30635377764701843, -0.8000230193138123, 1.6883713006973267, -0.3888275921344757, -0.8344022035598755, 1.683236002922058, -0.34607911109924316, -0.014130380004644394, 1.7314852476119995]
[DIAG_INFER] step=211 policy_action_max=11.264566 applied_action_max=0.250000 obs_max=25.738550 history_nonzero_rows=15 position_clip=0 torque_clip=4 action=[5.992941379547119, -0.07291564345359802, 3.5789549350738525, -4.439109802246094, -2.4568517208099365, -3.260874032974243, -9.092469215393066, 0.2255687713623047, -11.264566421508789, 1.4533623456954956, -6.988710403442383, 5.771917819976807]
[DIAG_TARGET] step=211 target_error=0.000000000 default=[0.0, -0.7853981852531433, 1.8654682636260986, 0.0, -0.7853981852531433, 1.8654682636260986, 0.0, -0.7853981852531433, 1.8654682636260986, 0.0, -0.7853981852531433, 1.8654682636260986] desired=[-0.06875000149011612, -0.8182289004325867, 1.6825000047683716, 0.06875000149011612, -0.862500011920929, 1.5575000047683716, 0.51356440782547, -0.5219250917434692, 1.5575000047683716, 0.6872629523277283, -0.862500011920929, 0.2835049629211426] applied=[-0.06875000149011612, -0.8182289004325867, 1.6825000047683716, 0.06875000149011612, -0.862500011920929, 1.5575000047683716, 0.51356440782547, -0.5219250917434692, 1.5575000047683716, 0.6872629523277283, -0.862500011920929, 0.2835049629211426] current=[-0.08074317872524261, -0.6287006139755249, 1.8896085023880005, 0.49163904786109924, -0.8285728096961975, 1.7490160465240479, -0.3247697949409485, -0.5090031027793884, 1.5817606449127197, 0.4683530628681183, 0.3043459951877594, 1.470267653465271]
[DIAG_INFER] step=221 policy_action_max=3.365908 applied_action_max=0.250000 obs_max=11.264566 history_nonzero_rows=15 position_clip=0 torque_clip=4 action=[3.3285434246063232, 0.10934510827064514, 2.4697985649108887, -1.2471727132797241, 2.2316160202026367, -2.734952688217163, -0.7523182034492493, 3.365907907485962, 0.3405553102493286, -3.3553948402404785, -2.212048292160034, -0.2983328700065613]
[DIAG_TARGET] step=221 target_error=0.000000000 default=[0.0, -0.7853981852531433, 1.8654682636260986, 0.0, -0.7853981852531433, 1.8654682636260986, 0.0, -0.7853981852531433, 1.8654682636260986, 0.0, -0.7853981852531433, 1.8654682636260986] desired=[-0.06875000149011612, -0.7726637125015259, 1.6825000047683716, 0.06875000149011612, -0.737500011920929, 1.5575000047683716, -0.04638141393661499, -0.737500011920929, 1.622434377670288, -1.0736024379730225, -1.6249197721481323, 1.5575000047683716] applied=[-0.06875000149011612, -0.7726637125015259, 1.6825000047683716, 0.06875000149011612, -0.737500011920929, 1.5575000047683716, -0.04638141393661499, -0.737500011920929, 1.622434377670288, -1.0736024379730225, -1.6249197721481323, 1.5575000047683716] current=[-0.12530556321144104, -0.6694795489311218, 1.8723222017288208, 0.4913889467716217, -0.8435533046722412, 1.7458105087280273, -0.12061997503042221, -0.37107405066490173, 1.675781488418579, 0.7530387043952942, -0.05524961277842522, 0.988781213760376]
[DIAG_INFER] step=231 policy_action_max=18.390493 applied_action_max=0.250000 obs_max=10.155213 history_nonzero_rows=15 position_clip=0 torque_clip=2 action=[-6.065885066986084, 5.641872406005859, 4.100848197937012, -11.67218017578125, -0.48435044288635254, -2.204477548599243, -9.259759902954102, -18.390493392944336, 1.780688762664795, -17.384281158447266, -2.5186562538146973, -6.016148567199707]
[DIAG_TARGET] step=231 target_error=0.000000000 default=[0.0, -0.7853981852531433, 1.8654682636260986, 0.0, -0.7853981852531433, 1.8654682636260986, 0.0, -0.7853981852531433, 1.8654682636260986, 0.0, -0.7853981852531433, 1.8654682636260986] desired=[-0.13124999403953552, -0.737500011920929, 1.6825000047683716, 0.06875000149011612, -0.862500011920929, 1.5575000047683716, -0.13124999403953552, -0.862500011920929, 1.6825000047683716, -1.5, -0.862500011920929, 2.700000047683716] applied=[-0.13124999403953552, -0.737500011920929, 1.6825000047683716, 0.06875000149011612, -0.862500011920929, 1.5575000047683716, -0.13124999403953552, -0.862500011920929, 1.6825000047683716, -1.5, -0.862500011920929, 2.700000047683716] current=[-0.3126104772090912, -0.6873098015785217, 1.9105483293533325, 0.2837536931037903, -0.8354389071464539, 1.6694883108139038, -0.2527507245540619, -0.4343333840370178, 1.8151472806930542, 0.3978537619113922, -0.7196499109268188, 1.4624230861663818]
[DIAG_INFER] step=241 policy_action_max=12.986508 applied_action_max=0.250000 obs_max=18.390493 history_nonzero_rows=15 position_clip=0 torque_clip=3 action=[-3.000579833984375, 3.3856940269470215, -1.6454213857650757, -12.9865083694458, 5.721676826477051, -2.628265142440796, 3.0440142154693604, -10.517094612121582, 2.985672950744629, -3.8986315727233887, -2.973079204559326, -1.1213568449020386]
[DIAG_TARGET] step=241 target_error=0.000000000 default=[0.0, -0.7853981852531433, 1.8654682636260986, 0.0, -0.7853981852531433, 1.8654682636260986, 0.0, -0.7853981852531433, 1.8654682636260986, 0.0, -0.7853981852531433, 1.8654682636260986] desired=[-0.13124999403953552, -0.737500011920929, 1.5575000047683716, 0.06875000149011612, -0.737500011920929, 1.5575000047683716, -0.4027927815914154, -0.862500011920929, 1.6825000047683716, -1.0821737051010132, -0.862500011920929, 2.154543876647949] applied=[-0.13124999403953552, -0.737500011920929, 1.5575000047683716, 0.06875000149011612, -0.737500011920929, 1.5575000047683716, -0.4027927815914154, -0.862500011920929, 1.6825000047683716, -1.0821737051010132, -0.862500011920929, 2.154543876647949] current=[-0.45288729667663574, -0.6841716170310974, 1.9551994800567627, 0.14280113577842712, -0.8277683854103088, 1.6058604717254639, -0.3502911627292633, -0.5064976811408997, 1.9331403970718384, -0.35603252053260803, -0.9739400744438171, 1.973223090171814]
[DIAG_INFER] step=251 policy_action_max=13.752228 applied_action_max=0.250000 obs_max=12.986508 history_nonzero_rows=15 position_clip=0 torque_clip=3 action=[13.752227783203125, 5.469966411590576, 10.895079612731934, 4.670646667480469, 2.544267416000366, -9.907583236694336, -7.901782512664795, 0.4812307357788086, -9.119440078735352, -6.936201572418213, -8.829412460327148, 13.112231254577637]
[DIAG_TARGET] step=251 target_error=0.000000000 default=[0.0, -0.7853981852531433, 1.8654682636260986, 0.0, -0.7853981852531433, 1.8654682636260986, 0.0, -0.7853981852531433, 1.8654682636260986, 0.0, -0.7853981852531433, 1.8654682636260986] desired=[-0.06875000149011612, -0.737500011920929, 1.6825000047683716, 0.13124999403953552, -0.737500011920929, 1.5575000047683716, -0.3031046390533447, -0.737500011920929, 1.5575000047683716, 1.5, -0.862500011920929, 1.3325579166412354] applied=[-0.06875000149011612, -0.737500011920929, 1.6825000047683716, 0.13124999403953552, -0.737500011920929, 1.5575000047683716, -0.3031046390533447, -0.737500011920929, 1.5575000047683716, 1.5, -0.862500011920929, 1.3325579166412354] current=[-0.42121708393096924, -0.667452871799469, 1.9356515407562256, 0.17790043354034424, -0.8107743263244629, 1.5777883529663086, -0.3627316355705261, -0.5537877678871155, 1.9550102949142456, -0.8225559592247009, -0.8855069279670715, 2.032468318939209]
[DIAG_INFER] step=261 policy_action_max=22.983215 applied_action_max=0.250000 obs_max=13.752228 history_nonzero_rows=15 position_clip=0 torque_clip=3 action=[9.606490135192871, 8.253180503845215, 8.788986206054688, 15.943254470825195, -1.8974806070327759, -13.860893249511719, -7.904269695281982, 6.9971089363098145, -15.245978355407715, 1.568580985069275, -19.68707847595215, 22.98321533203125]
[DIAG_TARGET] step=261 target_error=0.000000000 default=[0.0, -0.7853981852531433, 1.8654682636260986, 0.0, -0.7853981852531433, 1.8654682636260986, 0.0, -0.7853981852531433, 1.8654682636260986, 0.0, -0.7853981852531433, 1.8654682636260986] desired=[-0.06875000149011612, -0.737500011920929, 1.6825000047683716, 0.13124999403953552, -0.862500011920929, 1.5575000047683716, -0.13124999403953552, -0.737500011920929, 1.5575000047683716, 1.5, -0.5917080640792847, -1.238473653793335] applied=[-0.06875000149011612, -0.737500011920929, 1.6825000047683716, 0.13124999403953552, -0.862500011920929, 1.5575000047683716, -0.13124999403953552, -0.737500011920929, 1.5575000047683716, 1.5, -0.5917080640792847, -1.238473653793335] current=[-0.21725039184093475, -0.6487586498260498, 1.8635032176971436, 0.24825893342494965, -0.7822594046592712, 1.5812309980392456, -0.20592887699604034, -0.5503163933753967, 1.9172455072402954, -0.6937889456748962, -0.8906498551368713, 1.993121862411499]
[DIAG_INFER] step=271 policy_action_max=12.180005 applied_action_max=0.250000 obs_max=22.983215 history_nonzero_rows=15 position_clip=0 torque_clip=3 action=[6.637942314147949, 0.43905094265937805, 2.950801134109497, -2.3309292793273926, -4.311208724975586, -4.98137903213501, -12.180005073547363, 0.5248835682868958, -11.975542068481445, 6.7246503829956055, -8.284658432006836, 8.124815940856934]
[DIAG_TARGET] step=271 target_error=0.000000000 default=[0.0, -0.7853981852531433, 1.8654682636260986, 0.0, -0.7853981852531433, 1.8654682636260986, 0.0, -0.7853981852531433, 1.8654682636260986, 0.0, -0.7853981852531433, 1.8654682636260986] desired=[-0.06875000149011612, -0.737500011920929, 1.6825000047683716, 0.06875000149011612, -0.862500011920929, 1.5575000047683716, -0.13124999403953552, -0.737500011920929, 1.5575000047683716, 1.5, -1.2339938879013062, -0.9883224964141846] applied=[-0.06875000149011612, -0.737500011920929, 1.6825000047683716, 0.06875000149011612, -0.862500011920929, 1.5575000047683716, -0.13124999403953552, -0.737500011920929, 1.5575000047683716, 1.5, -1.2339938879013062, -0.9883224964141846] current=[-0.09141269326210022, -0.6539610624313354, 1.77115797996521, 0.3629010021686554, -0.808409571647644, 1.642397403717041, -0.0907190665602684, -0.5376074314117432, 1.8199974298477173, -0.5512971878051758, -0.8815699815750122, 2.000288963317871]
[DIAG_INFER] step=281 policy_action_max=8.644353 applied_action_max=0.250000 obs_max=12.180005 history_nonzero_rows=15 position_clip=0 torque_clip=2 action=[4.328162670135498, 0.31644365191459656, 2.252718210220337, -3.945657968521118, -0.5381206274032593, -3.352231740951538, -8.644352912902832, -1.088741421699524, -5.246712684631348, 5.0935282707214355, -5.166301727294922, 2.5109610557556152]
[DIAG_TARGET] step=281 target_error=0.000000000 default=[0.0, -0.7853981852531433, 1.8654682636260986, 0.0, -0.7853981852531433, 1.8654682636260986, 0.0, -0.7853981852531433, 1.8654682636260986, 0.0, -0.7853981852531433, 1.8654682636260986] desired=[-0.06875000149011612, -0.737500011920929, 1.6825000047683716, 0.06875000149011612, -0.862500011920929, 1.5575000047683716, -0.13124999403953552, -0.862500011920929, 1.5575000047683716, 0.13124999403953552, -2.019066333770752, 1.2027974128723145] applied=[-0.06875000149011612, -0.737500011920929, 1.6825000047683716, 0.06875000149011612, -0.862500011920929, 1.5575000047683716, -0.13124999403953552, -0.862500011920929, 1.5575000047683716, 0.13124999403953552, -2.019066333770752, 1.2027974128723145] current=[-0.05703277513384819, -0.6962494850158691, 1.716333031654358, 0.3994562327861786, -0.8168513774871826, 1.686050295829773, -0.06286817044019699, -0.5870265960693359, 1.6975921392440796, -0.4269518554210663, -0.8330793976783752, 1.9425054788589478]
[DIAG_INFER] step=291 policy_action_max=8.218924 applied_action_max=0.250000 obs_max=8.644353 history_nonzero_rows=15 position_clip=0 torque_clip=1 action=[3.9965105056762695, 0.19762876629829407, 2.2562448978424072, -4.503146648406982, 0.9268410205841064, -2.2768516540527344, -8.218923568725586, 0.009137220680713654, -3.9888036251068115, 3.062549114227295, -2.4978675842285156, 1.3632582426071167]
[DIAG_TARGET] step=291 target_error=0.000000000 default=[0.0, -0.7853981852531433, 1.8654682636260986, 0.0, -0.7853981852531433, 1.8654682636260986, 0.0, -0.7853981852531433, 1.8654682636260986, 0.0, -0.7853981852531433, 1.8654682636260986] desired=[-0.06875000149011612, -0.750592827796936, 1.6825000047683716, 0.06875000149011612, -0.737500011920929, 1.5575000047683716, -0.13124999403953552, -0.7977157235145569, 1.5575000047683716, 0.13124999403953552, -1.497299075126648, 1.6825000047683716] applied=[-0.06875000149011612, -0.750592827796936, 1.6825000047683716, 0.06875000149011612, -0.737500011920929, 1.5575000047683716, -0.13124999403953552, -0.7977157235145569, 1.5575000047683716, 0.13124999403953552, -1.497299075126648, 1.6825000047683716] current=[-0.06470121443271637, -0.7372429966926575, 1.692425012588501, 0.3795000910758972, -0.8187378644943237, 1.7056207656860352, -0.09894244372844696, -0.7371527552604675, 1.6140186786651611, -0.2973155677318573, -1.0472431182861328, 1.8870863914489746]
[DIAG_INFER] step=301 policy_action_max=9.469819 applied_action_max=0.250000 obs_max=8.218924 history_nonzero_rows=15 position_clip=0 torque_clip=1 action=[5.1732282638549805, -0.3959626853466034, 1.259567141532898, -5.007164001464844, 1.2068601846694946, -1.4441187381744385, -9.469819068908691, -1.1795059442520142, -4.921982765197754, -1.336667537689209, -2.568955898284912, 0.507692277431488]
[DIAG_TARGET] step=301 target_error=0.000000000 default=[0.0, -0.7853981852531433, 1.8654682636260986, 0.0, -0.7853981852531433, 1.8654682636260986, 0.0, -0.7853981852531433, 1.8654682636260986, 0.0, -0.7853981852531433, 1.8654682636260986] desired=[-0.06875000149011612, -0.862500011920929, 1.6825000047683716, 0.06875000149011612, -0.737500011920929, 1.5575000047683716, -0.13124999403953552, -0.862500011920929, 1.5575000047683716, -0.6475278735160828, -0.862500011920929, 1.6825000047683716] applied=[-0.06875000149011612, -0.862500011920929, 1.6825000047683716, 0.06875000149011612, -0.737500011920929, 1.5575000047683716, -0.13124999403953552, -0.862500011920929, 1.5575000047683716, -0.6475278735160828, -0.862500011920929, 1.6825000047683716] current=[-0.08910438418388367, -0.7566463351249695, 1.686597228050232, 0.34602436423301697, -0.7886186242103577, 1.6972819566726685, -0.1490151733160019, -0.8241115808486938, 1.5731419324874878, -0.08384998142719269, -1.3232160806655884, 1.75900399684906]
[DIAG_INFER] step=311 policy_action_max=10.626233 applied_action_max=0.250000 obs_max=9.469819 history_nonzero_rows=15 position_clip=0 torque_clip=1 action=[5.112278461456299, 1.749033808708191, 3.3589584827423096, -10.626233100891113, -3.286668062210083, -2.5631372928619385, -4.068835735321045, -1.787381887435913, -2.837594509124756, 3.7585489749908447, -1.6740108728408813, 2.4222829341888428]
[DIAG_TARGET] step=311 target_error=0.000000000 default=[0.0, -0.7853981852531433, 1.8654682636260986, 0.0, -0.7853981852531433, 1.8654682636260986, 0.0, -0.7853981852531433, 1.8654682636260986, 0.0, -0.7853981852531433, 1.8654682636260986] desired=[-0.06875000149011612, -0.737500011920929, 1.6825000047683716, 0.06875000149011612, -0.862500011920929, 1.5575000047683716, -0.13124999403953552, -0.862500011920929, 1.5575000047683716, 0.13124999403953552, -2.4314444065093994, 1.6825000047683716] applied=[-0.06875000149011612, -0.737500011920929, 1.6825000047683716, 0.06875000149011612, -0.862500011920929, 1.5575000047683716, -0.13124999403953552, -0.862500011920929, 1.5575000047683716, 0.13124999403953552, -2.4314444065093994, 1.6825000047683716] current=[-0.12961862981319427, -0.7989609837532043, 1.6890960931777954, 0.22803139686584473, -0.7450858950614929, 1.6555633544921875, -0.1868307888507843, -0.851376473903656, 1.5642167329788208, -0.3070923984050751, -1.239506483078003, 1.6933631896972656]
[DIAG_INFER] step=321 policy_action_max=9.133994 applied_action_max=0.250000 obs_max=10.626233 history_nonzero_rows=15 position_clip=0 torque_clip=3 action=[4.628006458282471, -0.3566261827945709, 2.4498608112335205, 2.5276365280151367, 2.759052276611328, -6.028369903564453, -9.133994102478027, 5.283077239990234, -6.082157135009766, 2.4945526123046875, -3.747951030731201, 7.052765369415283]
[DIAG_TARGET] step=321 target_error=0.000000000 default=[0.0, -0.7853981852531433, 1.8654682636260986, 0.0, -0.7853981852531433, 1.8654682636260986, 0.0, -0.7853981852531433, 1.8654682636260986, 0.0, -0.7853981852531433, 1.8654682636260986] desired=[-0.06875000149011612, -0.862500011920929, 1.6825000047683716, 0.13124999403953552, -0.737500011920929, 1.5575000047683716, -0.13124999403953552, -1.3243134021759033, 1.5575000047683716, 1.0246756076812744, -0.5157656669616699, 1.6825000047683716] applied=[-0.06875000149011612, -0.862500011920929, 1.6825000047683716, 0.13124999403953552, -0.737500011920929, 1.5575000047683716, -0.13124999403953552, -1.3243134021759033, 1.5575000047683716, 1.0246756076812744, -0.5157656669616699, 1.6825000047683716] current=[-0.05270059406757355, -0.7990292906761169, 1.6765919923782349, 0.20431630313396454, -0.7683183550834656, 1.655967354774475, -0.12999466061592102, -0.879183292388916, 1.559786319732666, -0.15536309778690338, -1.5618329048156738, 1.7047078609466553]
[DIAG_INFER] step=331 policy_action_max=13.569177 applied_action_max=0.250000 obs_max=9.133994 history_nonzero_rows=15 position_clip=0 torque_clip=3 action=[5.560217380523682, 0.9869436025619507, 4.125077724456787, -3.971156358718872, 1.0960675477981567, -1.6349962949752808, -13.56917667388916, -5.956954479217529, -3.2734947204589844, -4.904553413391113, -2.7686450481414795, -0.37505197525024414]
[DIAG_TARGET] step=331 target_error=0.000000000 default=[0.0, -0.7853981852531433, 1.8654682636260986, 0.0, -0.7853981852531433, 1.8654682636260986, 0.0, -0.7853981852531433, 1.8654682636260986, 0.0, -0.7853981852531433, 1.8654682636260986] desired=[-0.06875000149011612, -0.737500011920929, 1.6825000047683716, 0.06875000149011612, -0.737500011920929, 1.5575000047683716, 0.2556777894496918, -0.862500011920929, 1.5575000047683716, -1.5, -1.3588380813598633, 1.5575000047683716] applied=[-0.06875000149011612, -0.737500011920929, 1.6825000047683716, 0.06875000149011612, -0.737500011920929, 1.5575000047683716, 0.2556777894496918, -0.862500011920929, 1.5575000047683716, -1.5, -1.3588380813598633, 1.5575000047683716] current=[-0.07158646732568741, -0.8138889074325562, 1.6836258172988892, 0.18922708928585052, -0.764926016330719, 1.6705516576766968, -0.13198433816432953, -1.0556119680404663, 1.5669392347335815, 0.5182808041572571, -1.3833013772964478, 1.619113802909851]
[DIAG_INFER] step=341 policy_action_max=7.935591 applied_action_max=0.250000 obs_max=13.569177 history_nonzero_rows=15 position_clip=0 torque_clip=1 action=[7.935591220855713, -1.4258828163146973, 2.539027214050293, -6.469046592712402, 1.100553274154663, -1.1563913822174072, -7.1098761558532715, 2.2015511989593506, -5.300081253051758, -0.40998050570487976, 1.0209898948669434, 3.7240824699401855]
[DIAG_TARGET] step=341 target_error=0.000000000 default=[0.0, -0.7853981852531433, 1.8654682636260986, 0.0, -0.7853981852531433, 1.8654682636260986, 0.0, -0.7853981852531433, 1.8654682636260986, 0.0, -0.7853981852531433, 1.8654682636260986] desired=[-0.06875000149011612, -0.862500011920929, 1.6825000047683716, 0.06875000149011612, -0.737500011920929, 1.5575000047683716, -0.13124999403953552, -0.737500011920929, 1.5575000047683716, 0.06875000149011612, 0.6347303986549377, 1.6825000047683716] applied=[-0.06875000149011612, -0.862500011920929, 1.6825000047683716, 0.06875000149011612, -0.737500011920929, 1.5575000047683716, -0.13124999403953552, -0.737500011920929, 1.5575000047683716, 0.06875000149011612, 0.6347303986549377, 1.6825000047683716] current=[-0.13300175964832306, -0.7873993515968323, 1.6842548847198486, 0.0682249516248703, -0.7210735082626343, 1.6273030042648315, -0.004601168446242809, -1.0508849620819092, 1.5387569665908813, -0.06012498214840889, -1.2258546352386475, 1.5993742942810059]
[DIAG_INFER] step=351 policy_action_max=5.983845 applied_action_max=0.250000 obs_max=7.935591 history_nonzero_rows=15 position_clip=0 torque_clip=3 action=[4.580955982208252, 2.0624783039093018, 2.5367963314056396, -3.666428327560425, -2.948781728744507, -5.727331161499023, -3.576277494430542, -5.983845233917236, -2.4755470752716064, 2.1215100288391113, -0.09718385338783264, 1.1656564474105835]
[DIAG_TARGET] step=351 target_error=0.000000000 default=[0.0, -0.7853981852531433, 1.8654682636260986, 0.0, -0.7853981852531433, 1.8654682636260986, 0.0, -0.7853981852531433, 1.8654682636260986, 0.0, -0.7853981852531433, 1.8654682636260986] desired=[-0.06875000149011612, -0.737500011920929, 1.6825000047683716, 0.06875000149011612, -0.862500011920929, 1.5575000047683716, -0.13124999403953552, -0.7854005098342896, 1.5575000047683716, 0.3948923945426941, -1.3437697887420654, 1.6825000047683716] applied=[-0.06875000149011612, -0.737500011920929, 1.6825000047683716, 0.06875000149011612, -0.862500011920929, 1.5575000047683716, -0.13124999403953552, -0.7854005098342896, 1.5575000047683716, 0.3948923945426941, -1.3437697887420654, 1.6825000047683716] current=[-0.08300402015447617, -0.7959712147712708, 1.6859296560287476, 0.0783429965376854, -0.7144170999526978, 1.6065378189086914, 0.028357671573758125, -0.8724105954170227, 1.5392121076583862, -0.15936149656772614, -0.6663203239440918, 1.5828646421432495]
[DIAG_INFER] step=361 policy_action_max=11.318838 applied_action_max=0.250000 obs_max=5.983845 history_nonzero_rows=15 position_clip=0 torque_clip=2 action=[-6.0758585929870605, 0.3479117751121521, -2.1443569660186768, -11.318838119506836, 3.1638448238372803, -0.4016019105911255, 4.965914726257324, -7.722978115081787, 6.50580358505249, 2.4377057552337646, -5.389126300811768, 0.5183588266372681]
[DIAG_TARGET] step=361 target_error=0.000000000 default=[0.0, -0.7853981852531433, 1.8654682636260986, 0.0, -0.7853981852531433, 1.8654682636260986, 0.0, -0.7853981852531433, 1.8654682636260986, 0.0, -0.7853981852531433, 1.8654682636260986] desired=[-0.13124999403953552, -0.737500011920929, 1.5575000047683716, 0.06875000149011612, -0.737500011920929, 1.5575000047683716, -0.06875000149011612, -0.862500011920929, 1.6825000047683716, 0.13124999403953552, -1.1411970853805542, 2.700000047683716] applied=[-0.13124999403953552, -0.737500011920929, 1.5575000047683716, 0.06875000149011612, -0.737500011920929, 1.5575000047683716, -0.06875000149011612, -0.862500011920929, 1.6825000047683716, 0.13124999403953552, -1.1411970853805542, 2.700000047683716] current=[-0.07593630254268646, -0.8132149577140808, 1.738691806793213, 0.10088122636079788, -0.7662498950958252, 1.639266014099121, -0.017273779958486557, -0.8328348994255066, 1.5865665674209595, 0.05732230469584465, -0.6074866652488708, 1.7146170139312744]
[DIAG_INFER] step=371 policy_action_max=10.184746 applied_action_max=0.250000 obs_max=11.318838 history_nonzero_rows=15 position_clip=0 torque_clip=3 action=[-7.613884925842285, 5.236906051635742, -1.280247688293457, -9.55078411102295, 3.1281228065490723, 1.5717850923538208, 7.78818416595459, -10.184745788574219, 5.587370872497559, -6.222735404968262, -5.224757194519043, 1.9942187070846558]
[DIAG_TARGET] step=371 target_error=0.000000000 default=[0.0, -0.7853981852531433, 1.8654682636260986, 0.0, -0.7853981852531433, 1.8654682636260986, 0.0, -0.7853981852531433, 1.8654682636260986, 0.0, -0.7853981852531433, 1.8654682636260986] desired=[-0.13124999403953552, -0.737500011920929, 1.5575000047683716, 0.06875000149011612, -0.737500011920929, 1.6825000047683716, -0.06875000149011612, -0.862500011920929, 1.6825000047683716, -1.2047315835952759, -1.058639407157898, 2.700000047683716] applied=[-0.13124999403953552, -0.737500011920929, 1.5575000047683716, 0.06875000149011612, -0.737500011920929, 1.6825000047683716, -0.06875000149011612, -0.862500011920929, 1.6825000047683716, -1.2047315835952759, -1.058639407157898, 2.700000047683716] current=[-0.11484117805957794, -0.8396287560462952, 1.8091094493865967, 0.06955242156982422, -0.7858837842941284, 1.696117639541626, -0.06775126606225967, -0.8528854250907898, 1.6516984701156616, 0.15830227732658386, -0.9492440819740295, 2.2254161834716797]
[DIAG_INFER] step=381 policy_action_max=14.440557 applied_action_max=0.250000 obs_max=10.184746 history_nonzero_rows=15 position_clip=0 torque_clip=3 action=[-8.94056510925293, 4.3276190757751465, -0.05458220839500427, -13.920647621154785, 4.282009601593018, 1.503656029701233, 6.2473249435424805, -14.440557479858398, 7.312003135681152, -9.060664176940918, -3.978080987930298, -2.995246410369873]
[DIAG_TARGET] step=381 target_error=0.000000000 default=[0.0, -0.7853981852531433, 1.8654682636260986, 0.0, -0.7853981852531433, 1.8654682636260986, 0.0, -0.7853981852531433, 1.8654682636260986, 0.0, -0.7853981852531433, 1.8654682636260986] desired=[-0.13124999403953552, -0.737500011920929, 1.6063544750213623, 0.06875000149011612, -0.737500011920929, 1.6825000047683716, -0.3598327040672302, -0.862500011920929, 1.6825000047683716, -1.2765189409255981, -0.862500011920929, 2.700000047683716] applied=[-0.13124999403953552, -0.737500011920929, 1.6063544750213623, 0.06875000149011612, -0.737500011920929, 1.6825000047683716, -0.3598327040672302, -0.862500011920929, 1.6825000047683716, -1.2765189409255981, -0.862500011920929, 2.700000047683716] current=[-0.21136578917503357, -0.8487759828567505, 1.8861764669418335, 0.026141976937651634, -0.7631151080131531, 1.693582534790039, -0.13557788729667664, -0.8590359091758728, 1.7115625143051147, -0.4771345257759094, -1.084908127784729, 2.494188070297241]
[DIAG_INFER] step=391 policy_action_max=17.916159 applied_action_max=0.250000 obs_max=14.440557 history_nonzero_rows=15 position_clip=0 torque_clip=3 action=[3.0690033435821533, 6.892139434814453, 0.7915936708450317, -17.91615867614746, 3.038034200668335, 4.615407943725586, 5.000187397003174, -12.576207160949707, 4.7600789070129395, 5.5049052238464355, -1.8442261219024658, -0.6545277833938599]
[DIAG_TARGET] step=391 target_error=0.000000000 default=[0.0, -0.7853981852531433, 1.8654682636260986, 0.0, -0.7853981852531433, 1.8654682636260986, 0.0, -0.7853981852531433, 1.8654682636260986, 0.0, -0.7853981852531433, 1.8654682636260986] desired=[-0.06875000149011612, -0.737500011920929, 1.6825000047683716, 0.06875000149011612, -0.737500011920929, 1.6825000047683716, -0.48343831300735474, -0.862500011920929, 1.6825000047683716, 0.16577476263046265, -0.862500011920929, 2.700000047683716] applied=[-0.06875000149011612, -0.737500011920929, 1.6825000047683716, 0.06875000149011612, -0.737500011920929, 1.6825000047683716, -0.48343831300735474, -0.862500011920929, 1.6825000047683716, 0.16577476263046265, -0.862500011920929, 2.700000047683716] current=[-0.21565574407577515, -0.8448635339736938, 1.942406415939331, 0.08431536704301834, -0.752263069152832, 1.701246976852417, -0.19978877902030945, -0.8499255180358887, 1.7250375747680664, -0.9603297710418701, -0.9459754228591919, 2.5911076068878174]
[DIAG_INFER] step=401 policy_action_max=14.568888 applied_action_max=0.250000 obs_max=17.916159 history_nonzero_rows=15 position_clip=0 torque_clip=3 action=[13.18503189086914, 4.148444652557373, 3.807410478591919, -14.568887710571289, 2.3710036277770996, 2.9916980266571045, 0.26014548540115356, -7.633078098297119, 1.0284488201141357, 11.756985664367676, -2.758261203765869, -1.595462441444397]
[DIAG_TARGET] step=401 target_error=0.000000000 default=[0.0, -0.7853981852531433, 1.8654682636260986, 0.0, -0.7853981852531433, 1.8654682636260986, 0.0, -0.7853981852531433, 1.8654682636260986, 0.0, -0.7853981852531433, 1.8654682636260986] desired=[-0.06875000149011612, -0.737500011920929, 1.6825000047683716, 0.06875000149011612, -0.737500011920929, 1.6825000047683716, -0.06875000149011612, -0.862500011920929, 1.6825000047683716, 1.5, -0.9587188959121704, 1.8183685541152954] applied=[-0.06875000149011612, -0.737500011920929, 1.6825000047683716, 0.06875000149011612, -0.737500011920929, 1.6825000047683716, -0.06875000149011612, -0.862500011920929, 1.6825000047683716, 1.5, -0.9587188959121704, 1.8183685541152954] current=[-0.12343300133943558, -0.857344925403595, 1.9680095911026, 0.18997196853160858, -0.7831808924674988, 1.7946586608886719, -0.28166288137435913, -0.8571085333824158, 1.6978294849395752, -0.49212777614593506, -0.817753255367279, 2.5991129875183105]
[DIAG_INFER] step=411 policy_action_max=11.943069 applied_action_max=0.250000 obs_max=14.568888 history_nonzero_rows=15 position_clip=0 torque_clip=2 action=[11.943069458007812, 4.586323261260986, 9.042135238647461, -1.6384354829788208, 1.3780159950256348, -3.4562294483184814, -3.1173932552337646, 0.32194292545318604, -5.689201354980469, 2.016423225402832, -6.584622383117676, 6.617074012756348]
[DIAG_TARGET] step=411 target_error=0.000000000 default=[0.0, -0.7853981852531433, 1.8654682636260986, 0.0, -0.7853981852531433, 1.8654682636260986, 0.0, -0.7853981852531433, 1.8654682636260986, 0.0, -0.7853981852531433, 1.8654682636260986] desired=[-0.06875000149011612, -0.737500011920929, 1.6825000047683716, 0.06875000149011612, -0.737500011920929, 1.5575000047683716, 0.3704318404197693, -0.737500011920929, 1.5575000047683716, 1.5, -0.862500011920929, 1.6825000047683716] applied=[-0.06875000149011612, -0.737500011920929, 1.6825000047683716, 0.06875000149011612, -0.737500011920929, 1.5575000047683716, 0.3704318404197693, -0.737500011920929, 1.5575000047683716, 1.5, -0.862500011920929, 1.6825000047683716] current=[-0.02075045555830002, -0.8694292902946472, 1.9683016538619995, 0.3181622624397278, -0.8188808560371399, 1.896073341369629, -0.23181210458278656, -0.8686497807502747, 1.6866846084594727, 0.3276872932910919, -0.798541247844696, 2.1260859966278076]
[DIAG_INFER] step=421 policy_action_max=8.201745 applied_action_max=0.250000 obs_max=11.943069 history_nonzero_rows=15 position_clip=0 torque_clip=3 action=[8.20174503326416, -1.3845514059066772, 3.733935594558716, -3.0214076042175293, 2.5982961654663086, -0.6950072050094604, -6.594021797180176, 0.7090442180633545, -6.264005661010742, -4.619232654571533, -3.3246512413024902, 3.4782636165618896]
[DIAG_TARGET] step=421 target_error=0.000000000 default=[0.0, -0.7853981852531433, 1.8654682636260986, 0.0, -0.7853981852531433, 1.8654682636260986, 0.0, -0.7853981852531433, 1.8654682636260986, 0.0, -0.7853981852531433, 1.8654682636260986] desired=[-0.06875000149011612, -0.862500011920929, 1.6825000047683716, 0.06875000149011612, -0.737500011920929, 1.5575000047683716, 0.7371689081192017, -0.737500011920929, 1.5575000047683716, 0.06875000149011612, 0.47349315881729126, 0.8039810657501221] applied=[-0.06875000149011612, -0.862500011920929, 1.6825000047683716, 0.06875000149011612, -0.737500011920929, 1.5575000047683716, 0.7371689081192017, -0.737500011920929, 1.5575000047683716, 0.06875000149011612, 0.47349315881729126, 0.8039810657501221] current=[0.0042105321772396564, -0.8428028225898743, 1.9341869354248047, 0.4040380120277405, -0.8443849682807922, 1.972116470336914, -0.1509217768907547, -0.9149646162986755, 1.751989722251892, 1.009800672531128, -0.7751877903938293, 1.815493106842041]
[DIAG_INFER] step=431 policy_action_max=7.850810 applied_action_max=0.250000 obs_max=8.201745 history_nonzero_rows=15 position_clip=0 torque_clip=3 action=[7.8508100509643555, -0.9477666616439819, 2.1198534965515137, -2.0747342109680176, 2.2936618328094482, -0.42353618144989014, -4.892402172088623, -0.08647560328245163, -5.897687911987305, -7.76611328125, -2.141353130340576, 0.002998724579811096]
[DIAG_TARGET] step=431 target_error=0.000000000 default=[0.0, -0.7853981852531433, 1.8654682636260986, 0.0, -0.7853981852531433, 1.8654682636260986, 0.0, -0.7853981852531433, 1.8654682636260986, 0.0, -0.7853981852531433, 1.8654682636260986] desired=[-0.06875000149011612, -0.862500011920929, 1.6825000047683716, 0.06875000149011612, -0.737500011920929, 1.5575000047683716, -0.13124999403953552, -0.4848203659057617, 1.5575000047683716, -1.5, -0.5938326120376587, 1.6207497119903564] applied=[-0.06875000149011612, -0.862500011920929, 1.6825000047683716, 0.06875000149011612, -0.737500011920929, 1.5575000047683716, -0.13124999403953552, -0.4848203659057617, 1.5575000047683716, -1.5, -0.5938326120376587, 1.6207497119903564] current=[-0.0660453736782074, -0.8270993232727051, 1.9141485691070557, 0.3454154133796692, -0.8005518317222595, 2.0027894973754883, -0.15124236047267914, -0.9441688060760498, 1.808087944984436, 0.8489404320716858, -0.2916814982891083, 1.3213996887207031]
[DIAG_INFER] step=441 policy_action_max=21.611853 applied_action_max=0.250000 obs_max=9.636409 history_nonzero_rows=15 position_clip=0 torque_clip=2 action=[12.392276763916016, -1.663397192955017, 7.971802234649658, -9.221367835998535, 1.7805227041244507, -0.8567417860031128, -21.611852645874023, -7.176821708679199, -6.760125637054443, -18.546653747558594, -9.900364875793457, -1.5748013257980347]
[DIAG_TARGET] step=441 target_error=0.000000000 default=[0.0, -0.7853981852531433, 1.8654682636260986, 0.0, -0.7853981852531433, 1.8654682636260986, 0.0, -0.7853981852531433, 1.8654682636260986, 0.0, -0.7853981852531433, 1.8654682636260986] desired=[-0.06875000149011612, -0.862500011920929, 1.6825000047683716, 0.06875000149011612, -0.737500011920929, 1.5575000047683716, -0.13124999403953552, -0.862500011920929, 1.5575000047683716, -1.5, -0.04292714595794678, 1.5575000047683716] applied=[-0.06875000149011612, -0.862500011920929, 1.6825000047683716, 0.06875000149011612, -0.737500011920929, 1.5575000047683716, -0.13124999403953552, -0.862500011920929, 1.5575000047683716, -1.5, -0.04292714595794678, 1.5575000047683716] current=[-0.22928617894649506, -0.8024184703826904, 1.9087496995925903, 0.1704888641834259, -0.7354053854942322, 1.9686475992202759, -0.28569892048835754, -0.9350703358650208, 1.8366461992263794, 0.21032869815826416, -0.21100369095802307, 1.6630412340164185]
[DIAG_INFER] step=451 policy_action_max=10.699775 applied_action_max=0.250000 obs_max=21.611853 history_nonzero_rows=15 position_clip=0 torque_clip=3 action=[6.276237487792969, -3.724017381668091, 2.4238438606262207, -2.5210931301116943, 0.09600673615932465, -1.858216643333435, -6.509289264678955, 3.2285702228546143, -10.699774742126465, -1.838890790939331, -3.1896109580993652, 7.1502790451049805]
[DIAG_TARGET] step=451 target_error=0.000000000 default=[0.0, -0.7853981852531433, 1.8654682636260986, 0.0, -0.7853981852531433, 1.8654682636260986, 0.0, -0.7853981852531433, 1.8654682636260986, 0.0, -0.7853981852531433, 1.8654682636260986] desired=[-0.06875000149011612, -0.862500011920929, 1.6825000047683716, 0.06875000149011612, -0.7759983539581299, 1.5575000047683716, -0.5306892395019531, -0.737500011920929, 1.5575000047683716, 0.1887001395225525, -0.06521308422088623, 1.6825000047683716] applied=[-0.06875000149011612, -0.862500011920929, 1.6825000047683716, 0.06875000149011612, -0.7759983539581299, 1.5575000047683716, -0.5306892395019531, -0.737500011920929, 1.5575000047683716, 0.1887001395225525, -0.06521308422088623, 1.6825000047683716] current=[-0.3026633560657501, -0.7698232531547546, 1.908726692199707, 0.0846666619181633, -0.6764294505119324, 1.895177960395813, -0.40095534920692444, -0.8819375038146973, 1.8132914304733276, -0.5539591312408447, -0.08347473293542862, 1.649554967880249]
[DIAG_INFER] step=461 policy_action_max=13.769724 applied_action_max=0.250000 obs_max=10.699775 history_nonzero_rows=15 position_clip=0 torque_clip=2 action=[6.794218063354492, 6.9036407470703125, 5.246462821960449, 8.884440422058105, -1.3031927347183228, -8.354331016540527, -5.6208672523498535, 2.039292335510254, -12.122363090515137, 2.376102924346924, -13.62828540802002, 13.769723892211914]
[DIAG_TARGET] step=461 target_error=0.000000000 default=[0.0, -0.7853981852531433, 1.8654682636260986, 0.0, -0.7853981852531433, 1.8654682636260986, 0.0, -0.7853981852531433, 1.8654682636260986, 0.0, -0.7853981852531433, 1.8654682636260986] desired=[-0.06875000149011612, -0.737500011920929, 1.6825000047683716, 0.13124999403953552, -0.862500011920929, 1.5575000047683716, -0.13124999403953552, -0.737500011920929, 1.5575000047683716, 1.5, -0.862500011920929, -1.2624461650848389] applied=[-0.06875000149011612, -0.737500011920929, 1.6825000047683716, 0.13124999403953552, -0.862500011920929, 1.5575000047683716, -0.13124999403953552, -0.737500011920929, 1.5575000047683716, 1.5, -0.862500011920929, -1.2624461650848389] current=[-0.1613544225692749, -0.7560442686080933, 1.8449501991271973, 0.20809532701969147, -0.6586382389068604, 1.891554355621338, -0.3853389322757721, -0.8040919303894043, 1.6897255182266235, -0.6005367040634155, -0.057315193116664886, 1.5959827899932861]
[DIAG_INFER] step=471 policy_action_max=13.667055 applied_action_max=0.250000 obs_max=13.769724 history_nonzero_rows=15 position_clip=0 torque_clip=3 action=[8.626500129699707, 0.6402902603149414, 1.5509848594665527, -3.110269546508789, 0.3759559392929077, -3.5504508018493652, -10.34149169921875, 1.4659361839294434, -13.667055130004883, 6.998004913330078, -5.8791937828063965, 6.127740383148193]
[DIAG_TARGET] step=471 target_error=0.000000000 default=[0.0, -0.7853981852531433, 1.8654682636260986, 0.0, -0.7853981852531433, 1.8654682636260986, 0.0, -0.7853981852531433, 1.8654682636260986, 0.0, -0.7853981852531433, 1.8654682636260986] desired=[-0.06875000149011612, -0.737500011920929, 1.6825000047683716, 0.06875000149011612, -0.737500011920929, 1.5575000047683716, -0.13124999403953552, -0.737500011920929, 1.5575000047683716, 1.5, -0.6834931969642639, -0.34741950035095215] applied=[-0.06875000149011612, -0.737500011920929, 1.6825000047683716, 0.06875000149011612, -0.737500011920929, 1.5575000047683716, -0.13124999403953552, -0.737500011920929, 1.5575000047683716, 1.5, -0.6834931969642639, -0.34741950035095215] current=[-0.04393649101257324, -0.7345955967903137, 1.7479658126831055, 0.35940060019493103, -0.6434310078620911, 1.8867685794830322, -0.25843346118927, -0.7477405071258545, 1.6136738061904907, -0.43635109066963196, -0.04105531424283981, 1.591243028640747]
[DIAG_INFER] step=481 policy_action_max=7.637084 applied_action_max=0.250000 obs_max=13.667055 history_nonzero_rows=15 position_clip=0 torque_clip=0 action=[7.327514171600342, -1.043863296508789, 2.2635178565979004, -5.533768653869629, 1.3847805261611938, 1.0626857280731201, -7.637084484100342, 1.1969325542449951, -6.985547065734863, 1.9392601251602173, -3.2180724143981934, 2.3098464012145996]
[DIAG_TARGET] step=481 target_error=0.000000000 default=[0.0, -0.7853981852531433, 1.8654682636260986, 0.0, -0.7853981852531433, 1.8654682636260986, 0.0, -0.7853981852531433, 1.8654682636260986, 0.0, -0.7853981852531433, 1.8654682636260986] desired=[-0.06875000149011612, -0.862500011920929, 1.6825000047683716, 0.06875000149011612, -0.737500011920929, 1.6825000047683716, -0.13124999403953552, -0.737500011920929, 1.5575000047683716, 0.13124999403953552, -0.862500011920929, 1.6825000047683716] applied=[-0.06875000149011612, -0.862500011920929, 1.6825000047683716, 0.06875000149011612, -0.737500011920929, 1.6825000047683716, -0.13124999403953552, -0.737500011920929, 1.5575000047683716, 0.13124999403953552, -0.862500011920929, 1.6825000047683716] current=[-0.025917477905750275, -0.7214263081550598, 1.7072159051895142, 0.3945608139038086, -0.6142155528068542, 1.8617074489593506, -0.15054604411125183, -0.7221757173538208, 1.5806288719177246, -0.3081131875514984, -0.015714891254901886, 1.549261212348938]
[DIAG_INFER] step=491 policy_action_max=9.989103 applied_action_max=0.250000 obs_max=7.637084 history_nonzero_rows=15 position_clip=0 torque_clip=2 action=[5.635467052459717, -0.8106003999710083, 3.255319118499756, -9.989103317260742, -0.2559930086135864, 1.3694162368774414, -9.326199531555176, -2.743177890777588, -5.222958564758301, 2.7208895683288574, -2.553041458129883, 0.7702294588088989]
[DIAG_TARGET] step=491 target_error=0.000000000 default=[0.0, -0.7853981852531433, 1.8654682636260986, 0.0, -0.7853981852531433, 1.8654682636260986, 0.0, -0.7853981852531433, 1.8654682636260986, 0.0, -0.7853981852531433, 1.8654682636260986] desired=[-0.06875000149011612, -0.862500011920929, 1.6825000047683716, 0.06875000149011612, -0.862500011920929, 1.6825000047683716, -0.13124999403953552, -0.862500011920929, 1.5575000047683716, -0.38207942247390747, -3.5007495880126953, 1.6825000047683716] applied=[-0.06875000149011612, -0.862500011920929, 1.6825000047683716, 0.06875000149011612, -0.862500011920929, 1.6825000047683716, -0.13124999403953552, -0.862500011920929, 1.5575000047683716, -0.38207942247390747, -3.5007495880126953, 1.6825000047683716] current=[-0.052657417953014374, -0.7787533402442932, 1.6947301626205444, 0.2955191135406494, -0.6272788643836975, 1.8398429155349731, -0.13385088741779327, -0.7308327555656433, 1.567816138267517, -0.1728091984987259, -0.24501289427280426, 1.7526570558547974]
[DIAG_INFER] step=501 policy_action_max=9.284456 applied_action_max=0.250000 obs_max=9.989103 history_nonzero_rows=15 position_clip=0 torque_clip=1 action=[2.582214832305908, 0.9135733842849731, 1.2364399433135986, -9.284456253051758, 0.6606706976890564, 3.117875337600708, -5.335859298706055, -0.16720497608184814, -2.8770360946655273, 7.497569561004639, -0.6178586483001709, 0.59389328956604]
[DIAG_TARGET] step=501 target_error=0.000000000 default=[0.0, -0.7853981852531433, 1.8654682636260986, 0.0, -0.7853981852531433, 1.8654682636260986, 0.0, -0.7853981852531433, 1.8654682636260986, 0.0, -0.7853981852531433, 1.8654682636260986] desired=[-0.06875000149011612, -0.737500011920929, 1.6825000047683716, 0.06875000149011612, -0.737500011920929, 1.6825000047683716, -0.13124999403953552, -0.8418012857437134, 1.5575000047683716, 0.13124999403953552, -2.3828353881835938, 1.6825000047683716] applied=[-0.06875000149011612, -0.737500011920929, 1.6825000047683716, 0.06875000149011612, -0.737500011920929, 1.6825000047683716, -0.13124999403953552, -0.8418012857437134, 1.5575000047683716, 0.13124999403953552, -2.3828353881835938, 1.6825000047683716] current=[-0.07718735188245773, -0.8413729071617126, 1.6843687295913696, 0.15297648310661316, -0.707979679107666, 1.7847073078155518, -0.15082557499408722, -0.7916865348815918, 1.5645438432693481, -0.2818194627761841, -0.7772976756095886, 1.9813289642333984]
[DIAG_INFER] step=511 policy_action_max=5.298071 applied_action_max=0.250000 obs_max=9.284456 history_nonzero_rows=15 position_clip=0 torque_clip=3 action=[4.9729719161987305, -1.7345315217971802, 0.7226659059524536, 0.6799321174621582, 1.8086423873901367, -2.1042842864990234, -5.298070907592773, 1.8726509809494019, -4.217485427856445, -2.846468448638916, -3.4250874519348145, 2.824720859527588]
[DIAG_TARGET] step=511 target_error=0.000000000 default=[0.0, -0.7853981852531433, 1.8654682636260986, 0.0, -0.7853981852531433, 1.8654682636260986, 0.0, -0.7853981852531433, 1.8654682636260986, 0.0, -0.7853981852531433, 1.8654682636260986] desired=[-0.06875000149011612, -0.862500011920929, 1.6825000047683716, 0.13124999403953552, -0.737500011920929, 1.5575000047683716, -0.13124999403953552, -1.4166419506072998, 1.5575000047683716, 0.27820461988449097, 1.0006475448608398, 1.6825000047683716] applied=[-0.06875000149011612, -0.862500011920929, 1.6825000047683716, 0.13124999403953552, -0.737500011920929, 1.5575000047683716, -0.13124999403953552, -1.4166419506072998, 1.5575000047683716, 0.27820461988449097, 1.0006475448608398, 1.6825000047683716] current=[-0.034102775156497955, -0.8157803416252136, 1.6746649742126465, 0.12130870670080185, -0.7533931136131287, 1.7187203168869019, -0.10063884407281876, -0.8424533009529114, 1.5575964450836182, -0.23600395023822784, -1.5053406953811646, 2.0110576152801514]
[DIAG_INFER] step=521 policy_action_max=14.189149 applied_action_max=0.250000 obs_max=5.298071 history_nonzero_rows=15 position_clip=0 torque_clip=1 action=[8.195775985717773, -0.55409836769104, 4.154066562652588, -7.67283821105957, -0.011060252785682678, 0.6354535818099976, -14.189148902893066, -1.1658499240875244, -5.297928810119629, -0.8654284477233887, -2.334669828414917, 1.6603729724884033]
[DIAG_TARGET] step=521 target_error=0.000000000 default=[0.0, -0.7853981852531433, 1.8654682636260986, 0.0, -0.7853981852531433, 1.8654682636260986, 0.0, -0.7853981852531433, 1.8654682636260986, 0.0, -0.7853981852531433, 1.8654682636260986] desired=[-0.06875000149011612, -0.862500011920929, 1.6825000047683716, 0.06875000149011612, -0.8027650713920593, 1.6825000047683716, -0.13124999403953552, -0.862500011920929, 1.5575000047683716, -0.4316025376319885, -0.862500011920929, 1.6825000047683716] applied=[-0.06875000149011612, -0.862500011920929, 1.6825000047683716, 0.06875000149011612, -0.8027650713920593, 1.6825000047683716, -0.13124999403953552, -0.862500011920929, 1.5575000047683716, -0.4316025376319885, -0.862500011920929, 1.6825000047683716] current=[-0.0554632805287838, -0.8082647323608398, 1.6833336353302002, 0.09821638464927673, -0.7396141290664673, 1.6281821727752686, -0.07557091861963272, -1.0605138540267944, 1.5640515089035034, -0.12236037850379944, -1.5962799787521362, 2.0327258110046387]
[DIAG_INFER] step=531 policy_action_max=12.355994 applied_action_max=0.250000 obs_max=14.189149 history_nonzero_rows=15 position_clip=0 torque_clip=1 action=[8.573156356811523, -0.9013921022415161, 6.7655134201049805, -12.044672966003418, -0.4449295997619629, 1.9403244256973267, -12.35599422454834, -1.5059767961502075, -3.4013686180114746, 2.8276867866516113, -1.0746270418167114, 2.246377468109131]
[DIAG_TARGET] step=531 target_error=0.000000000 default=[0.0, -0.7853981852531433, 1.8654682636260986, 0.0, -0.7853981852531433, 1.8654682636260986, 0.0, -0.7853981852531433, 1.8654682636260986, 0.0, -0.7853981852531433, 1.8654682636260986] desired=[-0.06875000149011612, -0.862500011920929, 1.6825000047683716, 0.06875000149011612, -0.862500011920929, 1.6825000047683716, -0.13124999403953552, -0.862500011920929, 1.5575000047683716, 0.13124999403953552, -0.9706439971923828, 1.6825000047683716] applied=[-0.06875000149011612, -0.862500011920929, 1.6825000047683716, 0.06875000149011612, -0.862500011920929, 1.6825000047683716, -0.13124999403953552, -0.862500011920929, 1.5575000047683716, 0.13124999403953552, -0.9706439971923828, 1.6825000047683716] current=[-0.09630397707223892, -0.8274369835853577, 1.6866455078125, 0.05014423280954361, -0.7496827244758606, 1.6591711044311523, -0.1085468977689743, -1.0690382719039917, 1.5357106924057007, -0.23495447635650635, -1.3877917528152466, 1.9352567195892334]
[DIAG_INFER] step=541 policy_action_max=8.913347 applied_action_max=0.250000 obs_max=12.355994 history_nonzero_rows=15 position_clip=0 torque_clip=0 action=[5.518314361572266, -0.38272568583488464, 4.979816436767578, -8.913347244262695, 1.2555639743804932, 3.085906744003296, -8.720988273620605, -2.491340160369873, -3.7729692459106445, 6.346301078796387, -1.7766687870025635, 2.6265668869018555]
[DIAG_TARGET] step=541 target_error=0.000000000 default=[0.0, -0.7853981852531433, 1.8654682636260986, 0.0, -0.7853981852531433, 1.8654682636260986, 0.0, -0.7853981852531433, 1.8654682636260986, 0.0, -0.7853981852531433, 1.8654682636260986] desired=[-0.06875000149011612, -0.862500011920929, 1.6825000047683716, 0.06875000149011612, -0.737500011920929, 1.6825000047683716, -0.13124999403953552, -0.862500011920929, 1.5575000047683716, 0.13124999403953552, -0.862500011920929, 1.6825000047683716] applied=[-0.06875000149011612, -0.862500011920929, 1.6825000047683716, 0.06875000149011612, -0.737500011920929, 1.6825000047683716, -0.13124999403953552, -0.862500011920929, 1.5575000047683716, 0.13124999403953552, -0.862500011920929, 1.6825000047683716] current=[-0.06688809394836426, -0.8470074534416199, 1.6828304529190063, 0.07180916517972946, -0.7981955409049988, 1.6752742528915405, -0.09235073626041412, -0.949556827545166, 1.5442407131195068, -0.1682969629764557, -1.2774043083190918, 1.9098894596099854]
[DIAG_INFER] step=551 policy_action_max=6.741678 applied_action_max=0.250000 obs_max=8.913347 history_nonzero_rows=15 position_clip=0 torque_clip=0 action=[3.033360481262207, -0.14558348059654236, 2.411379814147949, -6.741677761077881, 3.1661572456359863, 1.5346928834915161, -6.169020175933838, -3.5186986923217773, -5.021010398864746, 1.2528144121170044, -3.7890007495880127, 2.866859197616577]
[DIAG_TARGET] step=551 target_error=0.000000000 default=[0.0, -0.7853981852531433, 1.8654682636260986, 0.0, -0.7853981852531433, 1.8654682636260986, 0.0, -0.7853981852531433, 1.8654682636260986, 0.0, -0.7853981852531433, 1.8654682636260986] desired=[-0.06875000149011612, -0.8363958597183228, 1.6825000047683716, 0.06875000149011612, -0.737500011920929, 1.6825000047683716, -0.13124999403953552, -0.862500011920929, 1.5575000047683716, 0.13124999403953552, -0.862500011920929, 1.6825000047683716] applied=[-0.06875000149011612, -0.8363958597183228, 1.6825000047683716, 0.06875000149011612, -0.737500011920929, 1.6825000047683716, -0.13124999403953552, -0.862500011920929, 1.5575000047683716, 0.13124999403953552, -0.862500011920929, 1.6825000047683716] current=[-0.06846530735492706, -0.8572880625724792, 1.681697964668274, 0.0720960944890976, -0.7875427007675171, 1.6752214431762695, -0.09211360663175583, -0.8646878600120544, 1.5549708604812622, -0.08687829226255417, -1.187280297279358, 1.8853687047958374]
[DIAG_INFER] step=561 policy_action_max=10.704706 applied_action_max=0.250000 obs_max=6.741678 history_nonzero_rows=15 position_clip=0 torque_clip=0 action=[8.784330368041992, -2.1885526180267334, 4.491140842437744, -7.872974872589111, 2.677686929702759, 1.32779860496521, -10.704706192016602, -1.01093590259552, -7.20163631439209, 0.006858326494693756, -3.4294400215148926, 2.9443464279174805]
[DIAG_TARGET] step=561 target_error=0.000000000 default=[0.0, -0.7853981852531433, 1.8654682636260986, 0.0, -0.7853981852531433, 1.8654682636260986, 0.0, -0.7853981852531433, 1.8654682636260986, 0.0, -0.7853981852531433, 1.8654682636260986] desired=[-0.06875000149011612, -0.862500011920929, 1.6825000047683716, 0.06875000149011612, -0.737500011920929, 1.6825000047683716, -0.13124999403953552, -0.862500011920929, 1.5575000047683716, 0.10085729509592056, -0.862500011920929, 1.6825000047683716] applied=[-0.06875000149011612, -0.862500011920929, 1.6825000047683716, 0.06875000149011612, -0.737500011920929, 1.6825000047683716, -0.13124999403953552, -0.862500011920929, 1.5575000047683716, 0.10085729509592056, -0.862500011920929, 1.6825000047683716] current=[-0.07443644851446152, -0.8518807291984558, 1.6811598539352417, 0.06557685881853104, -0.751133918762207, 1.6797343492507935, -0.10020938515663147, -0.8386948108673096, 1.5589619874954224, -0.015566857531666756, -1.0803073644638062, 1.8530049324035645]
[DIAG_INFER] step=571 policy_action_max=11.859498 applied_action_max=0.250000 obs_max=10.704706 history_nonzero_rows=15 position_clip=0 torque_clip=0 action=[9.998452186584473, -0.748153567314148, 7.101085186004639, -10.50444221496582, 0.9593991637229919, 2.2233879566192627, -11.859498023986816, -0.27395981550216675, -5.9651665687561035, 3.0449275970458984, -1.5801384449005127, 1.987634301185608]
[DIAG_TARGET] step=571 target_error=0.000000000 default=[0.0, -0.7853981852531433, 1.8654682636260986, 0.0, -0.7853981852531433, 1.8654682636260986, 0.0, -0.7853981852531433, 1.8654682636260986, 0.0, -0.7853981852531433, 1.8654682636260986] desired=[-0.06875000149011612, -0.862500011920929, 1.6825000047683716, 0.06875000149011612, -0.737500011920929, 1.6825000047683716, -0.13124999403953552, -0.862500011920929, 1.5575000047683716, 0.13124999403953552, -0.862500011920929, 1.6825000047683716] applied=[-0.06875000149011612, -0.862500011920929, 1.6825000047683716, 0.06875000149011612, -0.737500011920929, 1.6825000047683716, -0.13124999403953552, -0.862500011920929, 1.5575000047683716, 0.13124999403953552, -0.862500011920929, 1.6825000047683716] current=[-0.07789983600378036, -0.8534159064292908, 1.682784914970398, 0.05836508050560951, -0.7310340404510498, 1.6821296215057373, -0.11526328325271606, -0.8454167246818542, 1.558432698249817, 0.03739367425441742, -0.968679666519165, 1.8200461864471436]
[DIAG_INFER] step=581 policy_action_max=10.458603 applied_action_max=0.250000 obs_max=11.859498 history_nonzero_rows=15 position_clip=0 torque_clip=0 action=[9.054912567138672, 0.25103357434272766, 8.479194641113281, -10.351997375488281, 1.8169467449188232, 2.018507242202759, -10.458602905273438, -1.910115361213684, -6.020413398742676, 3.708095073699951, -1.517026424407959, 2.1765172481536865]
[DIAG_TARGET] step=581 target_error=0.000000000 default=[0.0, -0.7853981852531433, 1.8654682636260986, 0.0, -0.7853981852531433, 1.8654682636260986, 0.0, -0.7853981852531433, 1.8654682636260986, 0.0, -0.7853981852531433, 1.8654682636260986] desired=[-0.06875000149011612, -0.737500011920929, 1.6825000047683716, 0.06875000149011612, -0.737500011920929, 1.6825000047683716, -0.13124999403953552, -0.862500011920929, 1.5575000047683716, 0.13124999403953552, -0.862500011920929, 1.6825000047683716] applied=[-0.06875000149011612, -0.737500011920929, 1.6825000047683716, 0.06875000149011612, -0.737500011920929, 1.6825000047683716, -0.13124999403953552, -0.862500011920929, 1.5575000047683716, 0.13124999403953552, -0.862500011920929, 1.6825000047683716] current=[-0.0752977728843689, -0.8590174913406372, 1.6818482875823975, 0.05894165113568306, -0.727859616279602, 1.6838157176971436, -0.12558817863464355, -0.8585144877433777, 1.5567699670791626, 0.0721665471792221, -0.866005003452301, 1.7930376529693604]
[DIAG_INFER] step=591 policy_action_max=12.097270 applied_action_max=0.250000 obs_max=10.458603 history_nonzero_rows=15 position_clip=0 torque_clip=1 action=[10.988609313964844, -2.6814677715301514, 5.934301376342773, -9.672074317932129, 4.066688060760498, 1.5309823751449585, -12.097270011901855, -1.9505702257156372, -5.006784439086914, -1.7878600358963013, -2.7416539192199707, 2.2262096405029297]
[DIAG_TARGET] step=591 target_error=0.000000000 default=[0.0, -0.7853981852531433, 1.8654682636260986, 0.0, -0.7853981852531433, 1.8654682636260986, 0.0, -0.7853981852531433, 1.8654682636260986, 0.0, -0.7853981852531433, 1.8654682636260986] desired=[-0.06875000149011612, -0.862500011920929, 1.6825000047683716, 0.06875000149011612, -0.737500011920929, 1.6825000047683716, -0.13124999403953552, -0.862500011920929, 1.5575000047683716, 0.06875000149011612, 1.396526575088501, 1.6825000047683716] applied=[-0.06875000149011612, -0.862500011920929, 1.6825000047683716, 0.06875000149011612, -0.737500011920929, 1.6825000047683716, -0.13124999403953552, -0.862500011920929, 1.5575000047683716, 0.06875000149011612, 1.396526575088501, 1.6825000047683716] current=[-0.0678630992770195, -0.8130084872245789, 1.6783843040466309, 0.017653105780482292, -0.6873049139976501, 1.759045958518982, -0.12823857367038727, -0.8657641410827637, 1.5555198192596436, 0.08662985265254974, -0.807185709476471, 1.7712196111679077]
[DIAG_INFER] step=601 policy_action_max=12.150726 applied_action_max=0.250000 obs_max=12.097270 history_nonzero_rows=15 position_clip=0 torque_clip=1 action=[8.977651596069336, 0.1894623339176178, 7.3883795738220215, -12.150726318359375, 1.2483149766921997, 1.7522273063659668, -9.594427108764648, -4.274444103240967, -7.097912788391113, 3.551673412322998, -1.3228707313537598, 1.3547419309616089]
[DIAG_TARGET] step=601 target_error=0.000000030 default=[0.0, -0.7853981852531433, 1.8654682636260986, 0.0, -0.7853981852531433, 1.8654682636260986, 0.0, -0.7853981852531433, 1.8654682636260986, 0.0, -0.7853981852531433, 1.8654682636260986] desired=[-0.06875000149011612, -0.7526344060897827, 1.6825000047683716, 0.06875000149011612, -0.737500011920929, 1.6825000047683716, -0.13124999403953552, -0.1831994354724884, 1.5575000047683716, 0.13124999403953552, -0.862500011920929, 1.6825000047683716] applied=[-0.06875000149011612, -0.7526344060897827, 1.6825000047683716, 0.06875000149011612, -0.737500011920929, 1.6825000047683716, -0.13124999403953552, -0.1831994652748108, 1.5575000047683716, 0.13124999403953552, -0.862500011920929, 1.6825000047683716] current=[-0.06318660080432892, -0.8042727112770081, 1.6851956844329834, -0.052412573248147964, -0.6141259670257568, 1.8291248083114624, -0.1181248277425766, -0.8561483025550842, 1.5525329113006592, 0.06386671215295792, -0.23285746574401855, 1.6644154787063599]
[DIAG_INFER] step=611 policy_action_max=10.920707 applied_action_max=0.250000 obs_max=12.150726 history_nonzero_rows=15 position_clip=0 torque_clip=2 action=[7.963191986083984, -2.92047119140625, 4.196974277496338, -10.920706748962402, 3.8141746520996094, 3.3237574100494385, -7.525340557098389, -1.4796221256256104, -6.220852375030518, 1.890304684638977, -4.350636005401611, 2.065702438354492]
[DIAG_TARGET] step=611 target_error=0.000000000 default=[0.0, -0.7853981852531433, 1.8654682636260986, 0.0, -0.7853981852531433, 1.8654682636260986, 0.0, -0.7853981852531433, 1.8654682636260986, 0.0, -0.7853981852531433, 1.8654682636260986] desired=[-0.06875000149011612, -0.862500011920929, 1.6825000047683716, 0.06875000149011612, -0.737500011920929, 1.6825000047683716, -0.13124999403953552, -0.862500011920929, 1.5575000047683716, 0.32436853647232056, -0.459530770778656, 1.6825000047683716] applied=[-0.06875000149011612, -0.862500011920929, 1.6825000047683716, 0.06875000149011612, -0.737500011920929, 1.6825000047683716, -0.13124999403953552, -0.862500011920929, 1.5575000047683716, 0.32436853647232056, -0.459530770778656, 1.6825000047683716] current=[-0.027979273349046707, -0.7892174124717712, 1.6785084009170532, -0.09037914127111435, -0.5541337728500366, 1.8961215019226074, -0.11664530634880066, -0.6004698872566223, 1.5296242237091064, 0.07277505844831467, -0.07296743243932724, 1.7222868204116821]
[DIAG_INFER] step=621 policy_action_max=10.627089 applied_action_max=0.250000 obs_max=10.920707 history_nonzero_rows=15 position_clip=0 torque_clip=1 action=[4.801706314086914, -0.17878612875938416, 5.8862833976745605, -10.62708854675293, 1.863649845123291, 3.826896905899048, -9.087677955627441, -3.206468105316162, -6.93914270401001, 3.2919678688049316, -1.5571787357330322, 1.7122844457626343]
[DIAG_TARGET] step=621 target_error=0.000000000 default=[0.0, -0.7853981852531433, 1.8654682636260986, 0.0, -0.7853981852531433, 1.8654682636260986, 0.0, -0.7853981852531433, 1.8654682636260986, 0.0, -0.7853981852531433, 1.8654682636260986] desired=[-0.06875000149011612, -0.8446965217590332, 1.6825000047683716, 0.06875000149011612, -0.737500011920929, 1.6825000047683716, -0.13124999403953552, -0.862500011920929, 1.5575000047683716, 0.13124999403953552, -1.5783421993255615, 1.6825000047683716] applied=[-0.06875000149011612, -0.8446965217590332, 1.6825000047683716, 0.06875000149011612, -0.737500011920929, 1.6825000047683716, -0.13124999403953552, -0.862500011920929, 1.5575000047683716, 0.13124999403953552, -1.5783421993255615, 1.6825000047683716] current=[-0.014857742935419083, -0.8115728497505188, 1.6793875694274902, -0.11774858087301254, -0.5194059014320374, 1.9483606815338135, -0.1133250817656517, -0.5825335383415222, 1.570916771888733, 0.16089311242103577, -0.28217563033103943, 1.761834979057312]
[DIAG_INFER] step=631 policy_action_max=9.064260 applied_action_max=0.250000 obs_max=10.627089 history_nonzero_rows=15 position_clip=0 torque_clip=0 action=[1.2480734586715698, -0.20292386412620544, 3.246164560317993, -9.064260482788086, 3.494453191757202, 5.408029556274414, -5.7613749504089355, -0.9334659576416016, -4.7202043533325195, 5.064985275268555, -0.21693077683448792, 0.9908602237701416]
[DIAG_TARGET] step=631 target_error=0.000000000 default=[0.0, -0.7853981852531433, 1.8654682636260986, 0.0, -0.7853981852531433, 1.8654682636260986, 0.0, -0.7853981852531433, 1.8654682636260986, 0.0, -0.7853981852531433, 1.8654682636260986] desired=[-0.06875000149011612, -0.8507309556007385, 1.6825000047683716, 0.06875000149011612, -0.737500011920929, 1.6825000047683716, -0.13124999403953552, -0.862500011920929, 1.5575000047683716, 0.13124999403953552, -0.8542327284812927, 1.6825000047683716] applied=[-0.06875000149011612, -0.8507309556007385, 1.6825000047683716, 0.06875000149011612, -0.737500011920929, 1.6825000047683716, -0.13124999403953552, -0.862500011920929, 1.5575000047683716, 0.13124999403953552, -0.8542327284812927, 1.6825000047683716] current=[-0.012711343355476856, -0.83616703748703, 1.6758275032043457, -0.12741044163703918, -0.5329920053482056, 1.9512611627578735, -0.11682730168104172, -0.7328397631645203, 1.560845971107483, 0.12149065732955933, -0.771405041217804, 1.7650034427642822]
[DIAG_INFER] step=641 policy_action_max=7.343989 applied_action_max=0.250000 obs_max=9.064260 history_nonzero_rows=15 position_clip=0 torque_clip=1 action=[-7.343989372253418, 0.5809718370437622, -2.2228305339813232, -6.098651885986328, 5.687979221343994, 5.575035095214844, 1.1243398189544678, -6.757604122161865, 0.154951810836792, -6.152033805847168, -3.7743847370147705, -0.25971758365631104]
[DIAG_TARGET] step=641 target_error=0.000000000 default=[0.0, -0.7853981852531433, 1.8654682636260986, 0.0, -0.7853981852531433, 1.8654682636260986, 0.0, -0.7853981852531433, 1.8654682636260986, 0.0, -0.7853981852531433, 1.8654682636260986] desired=[-0.13124999403953552, -0.737500011920929, 1.5575000047683716, 0.06875000149011612, -0.737500011920929, 1.6825000047683716, -0.06875000149011612, -0.862500011920929, 1.6587378978729248, -0.1702297329902649, -0.862500011920929, 1.5575000047683716] applied=[-0.13124999403953552, -0.737500011920929, 1.5575000047683716, 0.06875000149011612, -0.737500011920929, 1.6825000047683716, -0.06875000149011612, -0.862500011920929, 1.6587378978729248, -0.1702297329902649, -0.862500011920929, 1.5575000047683716] current=[-0.02669774368405342, -0.8378821015357971, 1.6722639799118042, -0.10502830892801285, -0.5769953727722168, 1.8806648254394531, -0.11535541713237762, -0.8332380056381226, 1.553484559059143, 0.12378630042076111, -1.025148868560791, 1.6710090637207031]
[DIAG_INFER] step=651 policy_action_max=17.165199 applied_action_max=0.250000 obs_max=7.343989 history_nonzero_rows=15 position_clip=0 torque_clip=3 action=[3.431584119796753, -0.4097946584224701, 0.9732706546783447, -1.4230788946151733, 7.059349536895752, -0.15162813663482666, -17.165199279785156, -2.740349054336548, -13.45519733428955, -10.898282051086426, -4.376700401306152, -2.6979663372039795]
[DIAG_TARGET] step=651 target_error=0.000000000 default=[0.0, -0.7853981852531433, 1.8654682636260986, 0.0, -0.7853981852531433, 1.8654682636260986, 0.0, -0.7853981852531433, 1.8654682636260986, 0.0, -0.7853981852531433, 1.8654682636260986] desired=[-0.06875000149011612, -0.862500011920929, 1.6825000047683716, 0.06875000149011612, -0.737500011920929, 1.5820930004119873, -0.13124999403953552, -0.862500011920929, 1.5575000047683716, -1.1177152395248413, 1.1894855499267578, 0.8266004323959351] applied=[-0.06875000149011612, -0.862500011920929, 1.6825000047683716, 0.06875000149011612, -0.737500011920929, 1.5820930004119873, -0.13124999403953552, -0.862500011920929, 1.5575000047683716, -1.1177152395248413, 1.1894855499267578, 0.8266004323959351] current=[-0.08404775708913803, -0.7874504923820496, 1.6079696416854858, -0.07610436528921127, -0.6347193717956543, 1.791757583618164, -0.107441246509552, -0.8665664792060852, 1.6053142547607422, 0.0004086545086465776, -0.9777523279190063, 1.5676826238632202]
[DIAG_INFER] step=661 policy_action_max=14.536888 applied_action_max=0.250000 obs_max=17.165199 history_nonzero_rows=15 position_clip=0 torque_clip=4 action=[2.9504919052124023, -4.593886375427246, 3.077470064163208, -14.536888122558594, -1.4780336618423462, 3.8336775302886963, -4.6422529220581055, -1.6901332139968872, -0.680307149887085, 7.233743190765381, 3.525424003601074, 2.431572198867798]
[DIAG_TARGET] step=661 target_error=0.000000030 default=[0.0, -0.7853981852531433, 1.8654682636260986, 0.0, -0.7853981852531433, 1.8654682636260986, 0.0, -0.7853981852531433, 1.8654682636260986, 0.0, -0.7853981852531433, 1.8654682636260986] desired=[-0.06875000149011612, -0.862500011920929, 1.6825000047683716, 0.06875000149011612, -0.862500011920929, 1.6825000047683716, -0.13124999403953552, -0.27461573481559753, 1.5575000047683716, 1.245107889175415, -0.7722567319869995, 2.0132575035095215] applied=[-0.06875000149011612, -0.862500011920929, 1.6825000047683716, 0.06875000149011612, -0.862500011920929, 1.6825000047683716, -0.13124999403953552, -0.27461570501327515, 1.5575000047683716, 1.245107889175415, -0.7722567319869995, 2.0132575035095215] current=[-0.09372612833976746, -0.7837511301040649, 1.6603515148162842, -0.1027289628982544, -0.5517409443855286, 1.6783413887023926, -0.14471657574176788, -0.8370133638381958, 1.5795061588287354, -0.4152399003505707, -0.33236613869667053, 1.1355077028274536]
[DIAG_INFER] step=671 policy_action_max=7.439598 applied_action_max=0.250000 obs_max=14.536888 history_nonzero_rows=15 position_clip=0 torque_clip=2 action=[-7.439598083496094, 0.5847301483154297, -6.242159366607666, -6.127047538757324, 3.2967753410339355, 3.2997143268585205, 6.357687950134277, -5.947834491729736, 4.127077102661133, 6.531662940979004, 0.8390672206878662, -1.3652864694595337]
[DIAG_TARGET] step=671 target_error=0.000000000 default=[0.0, -0.7853981852531433, 1.8654682636260986, 0.0, -0.7853981852531433, 1.8654682636260986, 0.0, -0.7853981852531433, 1.8654682636260986, 0.0, -0.7853981852531433, 1.8654682636260986] desired=[-0.13124999403953552, -0.737500011920929, 1.5575000047683716, 0.06875000149011612, -0.737500011920929, 1.6825000047683716, -0.06875000149011612, -0.862500011920929, 1.6825000047683716, 1.5, -2.070448637008667, 1.5575000047683716] applied=[-0.13124999403953552, -0.737500011920929, 1.5575000047683716, 0.06875000149011612, -0.737500011920929, 1.6825000047683716, -0.06875000149011612, -0.862500011920929, 1.6825000047683716, 1.5, -2.070448637008667, 1.5575000047683716] current=[0.03464558720588684, -0.8171270489692688, 1.6588574647903442, 0.06808410584926605, -0.6640360951423645, 1.684813380241394, -0.038480859249830246, -0.6329951882362366, 1.5524786710739136, -0.22092029452323914, -0.15099938213825226, 1.6159465312957764]
[DIAG_INFER] step=681 policy_action_max=16.795527 applied_action_max=0.250000 obs_max=7.439598 history_nonzero_rows=15 position_clip=0 torque_clip=4 action=[-6.186903953552246, 4.223828315734863, 0.24229291081428528, -2.2015438079833984, 3.1444649696350098, -2.9920425415039062, -0.1644243597984314, -11.403217315673828, -3.1772239208221436, -16.7955265045166, -0.41373154520988464, -6.690807819366455]
[DIAG_TARGET] step=681 target_error=0.000000000 default=[0.0, -0.7853981852531433, 1.8654682636260986, 0.0, -0.7853981852531433, 1.8654682636260986, 0.0, -0.7853981852531433, 1.8654682636260986, 0.0, -0.7853981852531433, 1.8654682636260986] desired=[-0.13124999403953552, -0.737500011920929, 1.6805732250213623, 0.06875000149011612, -0.737500011920929, 1.5575000047683716, 0.5052530765533447, -0.862500011920929, 1.5575000047683716, -1.5, 0.27279144525527954, 0.6557518243789673] applied=[-0.13124999403953552, -0.737500011920929, 1.6805732250213623, 0.06875000149011612, -0.737500011920929, 1.5575000047683716, 0.5052530765533447, -0.862500011920929, 1.5575000047683716, -1.5, 0.27279144525527954, 0.6557518243789673] current=[0.02059330977499485, -0.8035902380943298, 1.5844002962112427, 0.15837699174880981, -0.6957235932350159, 1.6788183450698853, 0.04901418834924698, -0.6522872447967529, 1.6322370767593384, 0.45832639932632446, -0.7419995665550232, 1.54728364944458]
[DIAG_INFER] step=691 policy_action_max=23.930285 applied_action_max=0.250000 obs_max=16.795527 history_nonzero_rows=15 position_clip=0 torque_clip=3 action=[-0.8728098273277283, 0.8868266344070435, 8.772016525268555, -9.705545425415039, 7.850705623626709, -3.5887458324432373, -23.810720443725586, -17.093097686767578, -10.765837669372559, -23.93028450012207, -10.208365440368652, -5.458695411682129]
[DIAG_TARGET] step=691 target_error=0.000000000 default=[0.0, -0.7853981852531433, 1.8654682636260986, 0.0, -0.7853981852531433, 1.8654682636260986, 0.0, -0.7853981852531433, 1.8654682636260986, 0.0, -0.7853981852531433, 1.8654682636260986] desired=[-0.13124999403953552, -0.737500011920929, 1.6825000047683716, 0.06875000149011612, -0.737500011920929, 1.5575000047683716, -0.13124999403953552, -0.862500011920929, 1.5575000047683716, -1.5, 0.7832818627357483, 2.700000047683716] applied=[-0.13124999403953552, -0.737500011920929, 1.6825000047683716, 0.06875000149011612, -0.737500011920929, 1.5575000047683716, -0.13124999403953552, -0.862500011920929, 1.5575000047683716, -1.5, 0.7832818627357483, 2.700000047683716] current=[0.0, -0.7853981852531433, 1.8654682636260986, 0.0, -0.7853981852531433, 1.8654682636260986, 0.0, -0.7853981852531433, 1.8654682636260986, 0.0, -0.7853981852531433, 1.8654682636260986]
[DIAG_INFER] step=692 policy_action_max=1.248121 applied_action_max=0.250000 obs_max=1.000000 history_nonzero_rows=0 position_clip=0 torque_clip=0 action=[-0.19197045266628265, 0.6424431800842285, -0.24320277571678162, -0.12731774151325226, 0.7155735492706299, 0.4644812345504761, 0.171073779463768, -1.2481210231781006, 0.832990288734436, 0.1677989661693573, -0.6457257270812988, -0.7750469446182251]
[DIAG_TARGET] step=692 target_error=0.000000000 default=[0.0, -0.7853981852531433, 1.8654682636260986, 0.0, -0.7853981852531433, 1.8654682636260986, 0.0, -0.7853981852531433, 1.8654682636260986, 0.0, -0.7853981852531433, 1.8654682636260986] desired=[-0.1239963099360466, -0.737500011920929, 1.559199333190918, 0.08408528566360474, -0.737500011920929, 1.6825000047683716, -0.07861577719449997, -0.862500011920929, 1.6825000047683716, 0.12097486853599548, -0.862500011920929, 1.5575000047683716] applied=[-0.1239963099360466, -0.737500011920929, 1.559199333190918, 0.08408528566360474, -0.737500011920929, 1.6825000047683716, -0.07861577719449997, -0.862500011920929, 1.6825000047683716, 0.12097486853599548, -0.862500011920929, 1.5575000047683716] current=[-0.0004777635040227324, -0.7849687337875366, 1.8606795072555542, 0.0010762549936771393, -0.7848252654075623, 1.861109733581543, -0.0006193473818711936, -0.7852886915206909, 1.860028624534607, 0.0012246872065588832, -0.7859268188476562, 1.860006332397461]
[DIAG_INFER] step=702 policy_action_max=3.159078 applied_action_max=0.250000 obs_max=1.627756 history_nonzero_rows=1 position_clip=0 torque_clip=2 action=[1.9848601818084717, 2.172159433364868, 3.1590778827667236, -0.12415933609008789, -1.2135071754455566, -2.2589876651763916, -0.22423285245895386, -0.2949915826320648, -0.7341862916946411, 1.262760043144226, -2.483509063720703, 1.0448191165924072]
[DIAG_TARGET] step=702 target_error=0.000000000 default=[0.0, -0.7853981852531433, 1.8654682636260986, 0.0, -0.7853981852531433, 1.8654682636260986, 0.0, -0.7853981852531433, 1.8654682636260986, 0.0, -0.7853981852531433, 1.8654682636260986] desired=[-0.06875000149011612, -0.737500011920929, 1.6825000047683716, 0.08448008447885513, -0.862500011920929, 1.5575000047683716, -0.12802910804748535, -0.862500011920929, 1.5575000047683716, 0.13124999403953552, -0.8655424118041992, 1.276930332183838] applied=[-0.06875000149011612, -0.737500011920929, 1.6825000047683716, 0.08448008447885513, -0.862500011920929, 1.5575000047683716, -0.12802910804748535, -0.862500011920929, 1.5575000047683716, 0.13124999403953552, -0.8655424118041992, 1.276930332183838] current=[0.0007965001277625561, -0.7980493307113647, 1.8196393251419067, 0.02298658713698387, -0.7991162538528442, 1.810533881187439, -0.01149860117584467, -0.805488109588623, 1.8035199642181396, 0.010623270645737648, -0.8069022297859192, 1.804939866065979]
[DIAG_INFER] step=712 policy_action_max=2.807183 applied_action_max=0.250000 obs_max=3.159078 history_nonzero_rows=2 position_clip=0 torque_clip=1 action=[2.807183265686035, 0.5920679569244385, 2.255485773086548, 0.00980481319129467, -0.5245984792709351, -0.5873534679412842, -2.47963285446167, -1.114854335784912, -0.8761669397354126, -2.4397082328796387, -1.9957929849624634, 0.5630040764808655]
[DIAG_TARGET] step=712 target_error=0.000000000 default=[0.0, -0.7853981852531433, 1.8654682636260986, 0.0, -0.7853981852531433, 1.8654682636260986, 0.0, -0.7853981852531433, 1.8654682636260986, 0.0, -0.7853981852531433, 1.8654682636260986] desired=[-0.06875000149011612, -0.737500011920929, 1.6825000047683716, 0.1012255996465683, -0.862500011920929, 1.5575000047683716, -0.13124999403953552, -0.862500011920929, 1.5575000047683716, 0.06875000149011612, -0.862500011920929, 1.3269566297531128] applied=[-0.06875000149011612, -0.737500011920929, 1.6825000047683716, 0.1012255996465683, -0.862500011920929, 1.5575000047683716, -0.13124999403953552, -0.862500011920929, 1.5575000047683716, 0.06875000149011612, -0.862500011920929, 1.3269566297531128] current=[-0.010106543079018593, -0.804984986782074, 1.78196120262146, 0.022757070139050484, -0.8121210932731628, 1.754050612449646, -0.02473878674209118, -0.817419707775116, 1.7477155923843384, 0.005762512795627117, -0.8119229674339294, 1.733438491821289]
[DIAG_INFER] step=722 policy_action_max=3.208571 applied_action_max=0.250000 obs_max=2.807183 history_nonzero_rows=3 position_clip=0 torque_clip=0 action=[2.738649606704712, 0.8828824758529663, 1.649264931678772, 0.6012718677520752, -0.3529469966888428, -0.5605236291885376, -2.5448758602142334, -0.5736157298088074, -0.9952380657196045, -3.208570957183838, -1.2428357601165771, 0.5193992853164673]
[DIAG_TARGET] step=722 target_error=0.000000000 default=[0.0, -0.7853981852531433, 1.8654682636260986, 0.0, -0.7853981852531433, 1.8654682636260986, 0.0, -0.7853981852531433, 1.8654682636260986, 0.0, -0.7853981852531433, 1.8654682636260986] desired=[-0.06875000149011612, -0.737500011920929, 1.6825000047683716, 0.13124999403953552, -0.862500011920929, 1.5575000047683716, -0.13124999403953552, -0.862500011920929, 1.5575000047683716, 0.06875000149011612, -0.862500011920929, 1.6825000047683716] applied=[-0.06875000149011612, -0.737500011920929, 1.6825000047683716, 0.13124999403953552, -0.862500011920929, 1.5575000047683716, -0.13124999403953552, -0.862500011920929, 1.5575000047683716, 0.06875000149011612, -0.862500011920929, 1.6825000047683716] current=[-0.02683439664542675, -0.80333012342453, 1.7508900165557861, 0.02785181812942028, -0.8204072117805481, 1.6919336318969727, -0.04312955588102341, -0.8233581781387329, 1.6884015798568726, -0.0040758103132247925, -0.8071770668029785, 1.6572102308273315]
[DIAG_INFER] step=732 policy_action_max=3.159848 applied_action_max=0.250000 obs_max=3.208571 history_nonzero_rows=4 position_clip=0 torque_clip=0 action=[2.559919834136963, 1.0736857652664185, 1.3833563327789307, 1.504691481590271, -0.005849406123161316, -0.53984135389328, -2.0362324714660645, -0.6357536315917969, -0.9560798406600952, -3.159848213195801, -0.7728798389434814, 0.8113123774528503]
[DIAG_TARGET] step=732 target_error=0.000000000 default=[0.0, -0.7853981852531433, 1.8654682636260986, 0.0, -0.7853981852531433, 1.8654682636260986, 0.0, -0.7853981852531433, 1.8654682636260986, 0.0, -0.7853981852531433, 1.8654682636260986] desired=[-0.06875000149011612, -0.737500011920929, 1.6825000047683716, 0.13124999403953552, -0.8014623522758484, 1.5575000047683716, -0.13124999403953552, -0.862500011920929, 1.5575000047683716, 0.06875000149011612, -0.862500011920929, 1.6825000047683716] applied=[-0.06875000149011612, -0.737500011920929, 1.6825000047683716, 0.13124999403953552, -0.8014623522758484, 1.5575000047683716, -0.13124999403953552, -0.862500011920929, 1.5575000047683716, 0.06875000149011612, -0.862500011920929, 1.6825000047683716] current=[-0.036871619522571564, -0.7995187044143677, 1.732332468032837, 0.07463988661766052, -0.8361667394638062, 1.6252588033676147, -0.07372352480888367, -0.835915207862854, 1.6291415691375732, 0.023939136415719986, -0.8311145305633545, 1.670436143875122]
[DIAG_INFER] step=742 policy_action_max=2.413859 applied_action_max=0.250000 obs_max=3.159848 history_nonzero_rows=5 position_clip=0 torque_clip=1 action=[2.4138591289520264, 1.4748834371566772, 0.9571865797042847, -0.6193092465400696, -0.14807017147541046, -0.4816235899925232, -0.5724755525588989, -2.244318962097168, -0.28021782636642456, -1.252518892288208, -1.7348690032958984, 0.7979263067245483]
[DIAG_TARGET] step=742 target_error=0.000000000 default=[0.0, -0.7853981852531433, 1.8654682636260986, 0.0, -0.7853981852531433, 1.8654682636260986, 0.0, -0.7853981852531433, 1.8654682636260986, 0.0, -0.7853981852531433, 1.8654682636260986] desired=[-0.06875000149011612, -0.737500011920929, 1.6825000047683716, 0.06875000149011612, -0.8370175361633301, 1.5575000047683716, -0.13124999403953552, -0.862500011920929, 1.5575000047683716, 0.06875000149011612, -0.9514080286026001, 1.6825000047683716] applied=[-0.06875000149011612, -0.737500011920929, 1.6825000047683716, 0.06875000149011612, -0.8370175361633301, 1.5575000047683716, -0.13124999403953552, -0.862500011920929, 1.5575000047683716, 0.06875000149011612, -0.9514080286026001, 1.6825000047683716] current=[-0.04636704549193382, -0.8086804151535034, 1.7358036041259766, 0.11270247399806976, -0.8313403725624084, 1.5838124752044678, -0.10972538590431213, -0.8527209162712097, 1.5877103805541992, 0.05285570025444031, -0.8532961010932922, 1.6769737005233765]
[DIAG_INFER] step=752 policy_action_max=3.339719 applied_action_max=0.250000 obs_max=2.413859 history_nonzero_rows=6 position_clip=0 torque_clip=2 action=[1.6978864669799805, 3.1603987216949463, -0.6915187835693359, -3.202443838119507, 0.12396572530269623, 0.7062258720397949, 1.9560558795928955, -3.33971905708313, 2.168013572692871, 3.107728958129883, -2.829862594604492, 0.7507367134094238]
[DIAG_TARGET] step=752 target_error=0.000000000 default=[0.0, -0.7853981852531433, 1.8654682636260986, 0.0, -0.7853981852531433, 1.8654682636260986, 0.0, -0.7853981852531433, 1.8654682636260986, 0.0, -0.7853981852531433, 1.8654682636260986] desired=[-0.06875000149011612, -0.737500011920929, 1.5575000047683716, 0.06875000149011612, -0.7690085768699646, 1.6825000047683716, -0.06875000149011612, -0.862500011920929, 1.6825000047683716, 0.13124999403953552, -2.241335868835449, 1.9853013753890991] applied=[-0.06875000149011612, -0.737500011920929, 1.5575000047683716, 0.06875000149011612, -0.7690085768699646, 1.6825000047683716, -0.06875000149011612, -0.862500011920929, 1.6825000047683716, 0.13124999403953552, -2.241335868835449, 1.9853013753890991] current=[-0.0452456958591938, -0.8503991961479187, 1.759190320968628, 0.11236509680747986, -0.8453564643859863, 1.5792170763015747, -0.12559548020362854, -0.87156742811203, 1.5790315866470337, 0.06067635491490364, -0.9060763120651245, 1.695167064666748]
[DIAG_INFER] step=762 policy_action_max=8.162286 applied_action_max=0.250000 obs_max=3.339719 history_nonzero_rows=7 position_clip=0 torque_clip=3 action=[8.162285804748535, 6.66107177734375, 3.965675115585327, 0.6337456703186035, -3.5660696029663086, -5.792857646942139, 1.68239164352417, -3.9475889205932617, 1.399343729019165, 3.0564801692962646, -4.1002197265625, 3.765596866607666]
[DIAG_TARGET] step=762 target_error=0.000000000 default=[0.0, -0.7853981852531433, 1.8654682636260986, 0.0, -0.7853981852531433, 1.8654682636260986, 0.0, -0.7853981852531433, 1.8654682636260986, 0.0, -0.7853981852531433, 1.8654682636260986] desired=[-0.06875000149011612, -0.737500011920929, 1.6825000047683716, 0.13124999403953552, -0.862500011920929, 1.5575000047683716, -0.06875000149011612, -1.3652241230010986, 1.6825000047683716, 1.2806262969970703, -2.549811363220215, 1.6825000047683716] applied=[-0.06875000149011612, -0.737500011920929, 1.6825000047683716, 0.13124999403953552, -0.862500011920929, 1.5575000047683716, -0.06875000149011612, -1.3652241230010986, 1.6825000047683716, 1.2806262969970703, -2.549811363220215, 1.6825000047683716] current=[-0.007294117007404566, -0.9022823572158813, 1.7757762670516968, 0.11742237210273743, -0.8399652242660522, 1.6313999891281128, -0.08869553357362747, -0.8905328512191772, 1.6362030506134033, 0.07741741091012955, -1.4677734375, 1.8482192754745483]
[DIAG_INFER] step=772 policy_action_max=7.028689 applied_action_max=0.250000 obs_max=8.162286 history_nonzero_rows=8 position_clip=0 torque_clip=3 action=[4.227059364318848, -0.34672269225120544, 4.46763277053833, 3.4660513401031494, 4.097105503082275, -0.4249664545059204, -7.028688907623291, 0.1499415636062622, -0.28284287452697754, -4.668362617492676, -0.7577294111251831, 1.678275227546692]
[DIAG_TARGET] step=772 target_error=0.000000000 default=[0.0, -0.7853981852531433, 1.8654682636260986, 0.0, -0.7853981852531433, 1.8654682636260986, 0.0, -0.7853981852531433, 1.8654682636260986, 0.0, -0.7853981852531433, 1.8654682636260986] desired=[-0.06875000149011612, -0.862500011920929, 1.6825000047683716, 0.13124999403953552, -0.737500011920929, 1.5575000047683716, 0.4526018500328064, -1.8591320514678955, 1.5575000047683716, -1.385249137878418, -0.862500011920929, 1.6825000047683716] applied=[-0.06875000149011612, -0.862500011920929, 1.6825000047683716, 0.13124999403953552, -0.737500011920929, 1.5575000047683716, 0.4526018500328064, -1.8591320514678955, 1.5575000047683716, -1.385249137878418, -0.862500011920929, 1.6825000047683716] current=[0.014902629889547825, -0.9180718064308167, 1.78005850315094, 0.19382433593273163, -0.9219551682472229, 1.6728945970535278, -0.0738573968410492, -1.0808006525039673, 1.6721794605255127, 0.690661609172821, -2.090156316757202, 1.707022786140442]
[DIAG_INFER] step=782 policy_action_max=13.053435 applied_action_max=0.250000 obs_max=7.316763 history_nonzero_rows=9 position_clip=0 torque_clip=4 action=[1.8199814558029175, 3.7874035835266113, 3.4705379009246826, -13.053435325622559, 0.5755921602249146, -0.4952138066291809, -5.930656909942627, -12.279976844787598, 4.678936958312988, -12.26516056060791, -3.5099573135375977, -6.645348072052002]
[DIAG_TARGET] step=782 target_error=0.000000000 default=[0.0, -0.7853981852531433, 1.8654682636260986, 0.0, -0.7853981852531433, 1.8654682636260986, 0.0, -0.7853981852531433, 1.8654682636260986, 0.0, -0.7853981852531433, 1.8654682636260986] desired=[-0.06875000149011612, -0.737500011920929, 1.6825000047683716, 0.06875000149011612, -0.997036337852478, 1.5575000047683716, -0.13124999403953552, -0.862500011920929, 1.6825000047683716, -1.5, -3.1604909896850586, 2.700000047683716] applied=[-0.06875000149011612, -0.737500011920929, 1.6825000047683716, 0.06875000149011612, -0.997036337852478, 1.5575000047683716, -0.13124999403953552, -0.862500011920929, 1.6825000047683716, -1.5, -3.1604909896850586, 2.700000047683716] current=[-0.11201558262109756, -0.9776157140731812, 1.8314036130905151, 0.10129718482494354, -0.908135175704956, 1.637829065322876, 0.18790709972381592, -1.4642339944839478, 1.5973397493362427, 0.10785404592752457, -2.1354353427886963, 1.6606768369674683]
[DIAG_INFER] step=792 policy_action_max=14.590715 applied_action_max=0.250000 obs_max=13.053435 history_nonzero_rows=10 position_clip=0 torque_clip=5 action=[-0.6423735618591309, 3.7999672889709473, -0.288464218378067, -14.590715408325195, 1.3524024486541748, 2.362060546875, -0.8544225692749023, -10.363468170166016, 5.433475494384766, -2.088693857192993, -4.957868576049805, -2.4051082134246826]
[DIAG_TARGET] step=792 target_error=0.000000000 default=[0.0, -0.7853981852531433, 1.8654682636260986, 0.0, -0.7853981852531433, 1.8654682636260986, 0.0, -0.7853981852531433, 1.8654682636260986, 0.0, -0.7853981852531433, 1.8654682636260986] desired=[-0.13124999403953552, -0.737500011920929, 1.5575000047683716, 0.06875000149011612, -0.737500011920929, 1.6825000047683716, -0.5937913656234741, -2.2453789710998535, 1.6825000047683716, -1.5, -2.491281509399414, 2.700000047683716] applied=[-0.13124999403953552, -0.737500011920929, 1.5575000047683716, 0.06875000149011612, -0.737500011920929, 1.6825000047683716, -0.5937913656234741, -2.2453789710998535, 1.6825000047683716, -1.5, -2.491281509399414, 2.700000047683716] current=[-0.21358385682106018, -1.0376126766204834, 1.8931671380996704, 0.08381111174821854, -0.9189523458480835, 1.6001920700073242, 0.06494039297103882, -1.336848258972168, 1.6020749807357788, -0.6820948719978333, -2.468388319015503, 2.1800060272216797]
[DIAG_INFER] step=802 policy_action_max=16.540102 applied_action_max=0.250000 obs_max=14.590715 history_nonzero_rows=11 position_clip=0 torque_clip=6 action=[-0.7522045969963074, 5.420508861541748, 0.09887531399726868, -16.540102005004883, -0.25662267208099365, 6.898893356323242, 3.75341534614563, -8.419238090515137, 6.834169864654541, 3.0170841217041016, -2.877933979034424, 2.3437201976776123]
[DIAG_TARGET] step=802 target_error=0.000000000 default=[0.0, -0.7853981852531433, 1.8654682636260986, 0.0, -0.7853981852531433, 1.8654682636260986, 0.0, -0.7853981852531433, 1.8654682636260986, 0.0, -0.7853981852531433, 1.8654682636260986] desired=[-0.13124999403953552, -0.737500011920929, 1.644718885421753, 0.06875000149011612, -1.132079005241394, 1.6825000047683716, -0.6743596792221069, -1.7791295051574707, 1.6825000047683716, -0.19167399406433105, -3.2013440132141113, 2.5588998794555664] applied=[-0.13124999403953552, -0.737500011920929, 1.644718885421753, 0.06875000149011612, -1.132079005241394, 1.6825000047683716, -0.6743596792221069, -1.7791295051574707, 1.6825000047683716, -0.19167399406433105, -3.2013440132141113, 2.5588998794555664] current=[-0.26866546273231506, -1.1028401851654053, 1.9451167583465576, 0.09457960724830627, -0.8787840008735657, 1.6379446983337402, -0.23538987338542938, -1.5456465482711792, 1.6790413856506348, -1.1587765216827393, -2.6682651042938232, 2.4710464477539062]
[DIAG_INFER] step=812 policy_action_max=24.333166 applied_action_max=0.250000 obs_max=16.540102 history_nonzero_rows=12 position_clip=0 torque_clip=4 action=[17.665653228759766, 15.12143611907959, 24.333166122436523, 10.035553932189941, -2.0792219638824463, -18.382875442504883, -6.616626262664795, -1.110614538192749, -8.2882719039917, -6.600564956665039, -6.866560935974121, 22.65634536743164]
[DIAG_TARGET] step=812 target_error=0.000000000 default=[0.0, -0.7853981852531433, 1.8654682636260986, 0.0, -0.7853981852531433, 1.8654682636260986, 0.0, -0.7853981852531433, 1.8654682636260986, 0.0, -0.7853981852531433, 1.8654682636260986] desired=[-0.06875000149011612, -0.737500011920929, 1.6825000047683716, 0.13124999403953552, -1.0325584411621094, 1.5575000047683716, -0.13124999403953552, -2.3618955612182617, 1.5575000047683716, 1.5, -2.577723503112793, 1.6825000047683716] applied=[-0.06875000149011612, -0.737500011920929, 1.6825000047683716, 0.13124999403953552, -1.0325584411621094, 1.5575000047683716, -0.13124999403953552, -2.3618955612182617, 1.5575000047683716, 1.5, -2.577723503112793, 1.6825000047683716] current=[-0.1308717429637909, -1.1625694036483765, 1.9424474239349365, 0.18068747222423553, -0.964148223400116, 1.6766356229782104, -0.4689924418926239, -1.7814350128173828, 1.6574653387069702, -0.7798388004302979, -2.9152488708496094, 2.501382350921631]
[DIAG_INFER] step=822 policy_action_max=11.058422 applied_action_max=0.250000 obs_max=24.333166 history_nonzero_rows=13 position_clip=0 torque_clip=5 action=[8.892684936523438, -0.16578778624534607, 9.996676445007324, -0.7462018728256226, 2.443286180496216, -7.480581760406494, -11.058422088623047, -2.9854066371917725, -8.256224632263184, -2.664755344390869, -2.898892641067505, 10.121379852294922]
[DIAG_TARGET] step=822 target_error=0.000000000 default=[0.0, -0.7853981852531433, 1.8654682636260986, 0.0, -0.7853981852531433, 1.8654682636260986, 0.0, -0.7853981852531433, 1.8654682636260986, 0.0, -0.7853981852531433, 1.8654682636260986] desired=[-0.06875000149011612, -0.8414469361305237, 1.6825000047683716, 0.06875000149011612, -1.5305557250976562, 1.5575000047683716, 0.07919059693813324, -1.774948239326477, 1.5575000047683716, 0.06875000149011612, 1.7387497425079346, 1.1781643629074097] applied=[-0.06875000149011612, -0.8414469361305237, 1.6825000047683716, 0.06875000149011612, -1.5305557250976562, 1.5575000047683716, 0.07919059693813324, -1.774948239326477, 1.5575000047683716, 0.06875000149011612, 1.7387497425079346, 1.1781643629074097] current=[-0.0055991546250879765, -1.1376783847808838, 1.9028754234313965, 0.3780377507209778, -1.0739541053771973, 1.751242995262146, -0.29704341292381287, -2.0737712383270264, 1.5996829271316528, 0.02674013189971447, -2.8443429470062256, 2.02382493019104]
[DIAG_INFER] step=832 policy_action_max=8.541836 applied_action_max=0.250000 obs_max=11.058422 history_nonzero_rows=14 position_clip=0 torque_clip=4 action=[7.937753677368164, 3.8571617603302, 8.54183578491211, -6.745208740234375, -2.1317522525787354, -5.503397464752197, -2.000786304473877, -6.7667927742004395, -0.24198698997497559, -6.021491050720215, 1.6162132024765015, 0.3164141774177551]
[DIAG_TARGET] step=832 target_error=0.000000000 default=[0.0, -0.7853981852531433, 1.8654682636260986, 0.0, -0.7853981852531433, 1.8654682636260986, 0.0, -0.7853981852531433, 1.8654682636260986, 0.0, -0.7853981852531433, 1.8654682636260986] desired=[-0.06875000149011612, -0.737500011920929, 1.6825000047683716, 0.06875000149011612, -1.0467517375946045, 1.5575000047683716, -0.13124999403953552, -0.862500011920929, 1.5595033168792725, -1.5, -2.34710955619812, 2.0832667350769043] applied=[-0.06875000149011612, -0.737500011920929, 1.6825000047683716, 0.06875000149011612, -1.0467517375946045, 1.5575000047683716, -0.13124999403953552, -0.862500011920929, 1.5595033168792725, -1.5, -2.34710955619812, 2.0832667350769043] current=[-0.08031804859638214, -1.1297322511672974, 1.9093694686889648, 0.30977389216423035, -1.2296487092971802, 1.7778881788253784, -0.16722610592842102, -2.0730443000793457, 1.5408779382705688, 0.24436981976032257, -2.1601855754852295, 1.5497347116470337]
[DIAG_INFER] step=842 policy_action_max=14.792742 applied_action_max=0.250000 obs_max=8.541836 history_nonzero_rows=15 position_clip=0 torque_clip=3 action=[6.1089887619018555, 0.5982892513275146, 2.36645770072937, -14.792741775512695, 1.8591452836990356, 0.39010918140411377, -3.7915127277374268, -4.519943714141846, 2.641533374786377, -1.6426111459732056, -0.8585343360900879, -5.43300199508667]
[DIAG_TARGET] step=842 target_error=0.000000000 default=[0.0, -0.7853981852531433, 1.8654682636260986, 0.0, -0.7853981852531433, 1.8654682636260986, 0.0, -0.7853981852531433, 1.8654682636260986, 0.0, -0.7853981852531433, 1.8654682636260986] desired=[-0.06875000149011612, -0.737500011920929, 1.6825000047683716, 0.06875000149011612, -0.737500011920929, 1.6825000047683716, -0.5797213315963745, -1.2136640548706055, 1.6825000047683716, -1.5, -0.862500011920929, 1.5575000047683716] applied=[-0.06875000149011612, -0.737500011920929, 1.6825000047683716, 0.06875000149011612, -0.737500011920929, 1.6825000047683716, -0.5797213315963745, -1.2136640548706055, 1.6825000047683716, -1.5, -0.862500011920929, 1.5575000047683716] current=[-0.18694548308849335, -1.1637424230575562, 1.9392211437225342, 0.2005869448184967, -1.2386223077774048, 1.755622386932373, -0.15592747926712036, -1.578497052192688, 1.4945847988128662, -0.5355682969093323, -2.0103023052215576, 1.8613741397857666]
[DIAG_INFER] step=852 policy_action_max=18.484404 applied_action_max=0.250000 obs_max=14.792742 history_nonzero_rows=15 position_clip=0 torque_clip=2 action=[6.539617538452148, 6.838149547576904, 6.47273588180542, -18.484403610229492, 4.780980587005615, 5.937697887420654, 1.0404107570648193, -10.00264835357666, 4.764804363250732, 6.525819778442383, -2.158215045928955, -1.6289705038070679]
[DIAG_TARGET] step=852 target_error=0.000000000 default=[0.0, -0.7853981852531433, 1.8654682636260986, 0.0, -0.7853981852531433, 1.8654682636260986, 0.0, -0.7853981852531433, 1.8654682636260986, 0.0, -0.7853981852531433, 1.8654682636260986] desired=[-0.06875000149011612, -0.737500011920929, 1.6825000047683716, 0.06875000149011612, -0.737500011920929, 1.6825000047683716, -0.6498230695724487, -0.862500011920929, 1.6825000047683716, 0.13124999403953552, -0.862500011920929, 1.5787314176559448] applied=[-0.06875000149011612, -0.737500011920929, 1.6825000047683716, 0.06875000149011612, -0.737500011920929, 1.6825000047683716, -0.6498230695724487, -0.862500011920929, 1.6825000047683716, 0.13124999403953552, -0.862500011920929, 1.5787314176559448] current=[-0.2243274450302124, -1.173728585243225, 1.966917634010315, 0.1810055375099182, -1.233897089958191, 1.7397429943084717, -0.3564927279949188, -1.5347464084625244, 1.5467863082885742, -1.083902359008789, -1.541485071182251, 1.64850652217865]
[DIAG_INFER] step=862 policy_action_max=22.741411 applied_action_max=0.250000 obs_max=18.484404 history_nonzero_rows=15 position_clip=0 torque_clip=2 action=[22.741411209106445, 8.700021743774414, 16.52140998840332, 0.2225532829761505, 7.562814235687256, -10.466817855834961, -17.58350944519043, -0.04031526297330856, -12.839141845703125, -6.578411102294922, -7.950414657592773, 14.346117973327637]
[DIAG_TARGET] step=862 target_error=0.000000000 default=[0.0, -0.7853981852531433, 1.8654682636260986, 0.0, -0.7853981852531433, 1.8654682636260986, 0.0, -0.7853981852531433, 1.8654682636260986, 0.0, -0.7853981852531433, 1.8654682636260986] desired=[-0.06875000149011612, -0.737500011920929, 1.6825000047683716, 0.12781916558742523, -0.737500011920929, 1.5575000047683716, -0.13124999403953552, -0.8100787997245789, 1.5575000047683716, 1.5, 1.6772935390472412, 1.6825000047683716] applied=[-0.06875000149011612, -0.737500011920929, 1.6825000047683716, 0.12781916558742523, -0.737500011920929, 1.5575000047683716, -0.13124999403953552, -0.8100787997245789, 1.5575000047683716, 1.5, 1.6772935390472412, 1.6825000047683716] current=[-0.10782477259635925, -1.1372567415237427, 1.9550502300262451, 0.29879844188690186, -1.2622911930084229, 1.7643723487854004, -0.4641992151737213, -1.3020952939987183, 1.5786094665527344, -0.9865037798881531, -1.358290433883667, 1.614510416984558]
[DIAG_INFER] step=872 policy_action_max=14.197256 applied_action_max=0.250000 obs_max=22.741411 history_nonzero_rows=15 position_clip=0 torque_clip=3 action=[14.197256088256836, -3.5304455757141113, 6.484770774841309, -10.48940658569336, 4.541447639465332, 0.13376295566558838, -11.736224174499512, 2.5741357803344727, -10.851346969604492, -5.199091911315918, -1.7572340965270996, 8.955936431884766]
[DIAG_TARGET] step=872 target_error=0.000000000 default=[0.0, -0.7853981852531433, 1.8654682636260986, 0.0, -0.7853981852531433, 1.8654682636260986, 0.0, -0.7853981852531433, 1.8654682636260986, 0.0, -0.7853981852531433, 1.8654682636260986] desired=[-0.06875000149011612, -0.862500011920929, 1.6825000047683716, 0.06875000149011612, -0.737500011920929, 1.6534407138824463, -0.13124999403953552, -0.737500011920929, 1.5575000047683716, 0.5016164183616638, 5.0, -2.700000047683716] applied=[-0.06875000149011612, -0.862500011920929, 1.6825000047683716, 0.06875000149011612, -0.737500011920929, 1.6534407138824463, -0.13124999403953552, -0.737500011920929, 1.5575000047683716, 0.5016164183616638, 5.0, -2.700000047683716] current=[-0.012040832079946995, -0.9856145977973938, 1.8677353858947754, 0.4726887047290802, -1.266819953918457, 1.800240159034729, -0.30743208527565, -1.065181016921997, 1.552235722541809, -0.8236440420150757, -1.26691472530365, 1.5724682807922363]
[DIAG_INFER] step=882 policy_action_max=10.721482 applied_action_max=0.250000 obs_max=14.197256 history_nonzero_rows=15 position_clip=0 torque_clip=3 action=[9.871010780334473, -2.7079081535339355, 2.6379005908966064, -7.096906661987305, 3.899301290512085, -1.9263441562652588, -10.721482276916504, -5.706827640533447, -5.093608856201172, -7.26887321472168, 0.33352556824684143, 0.009118929505348206]
[DIAG_TARGET] step=882 target_error=0.000000000 default=[0.0, -0.7853981852531433, 1.8654682636260986, 0.0, -0.7853981852531433, 1.8654682636260986, 0.0, -0.7853981852531433, 1.8654682636260986, 0.0, -0.7853981852531433, 1.8654682636260986] desired=[-0.06875000149011612, -0.862500011920929, 1.6825000047683716, 0.06875000149011612, -0.737500011920929, 1.5575000047683716, -0.13124999403953552, -0.862500011920929, 1.5575000047683716, -1.5, 2.671834945678711, -0.1793060302734375] applied=[-0.06875000149011612, -0.862500011920929, 1.6825000047683716, 0.06875000149011612, -0.737500011920929, 1.5575000047683716, -0.13124999403953552, -0.862500011920929, 1.5575000047683716, -1.5, 2.671834945678711, -0.1793060302734375] current=[-0.06460116058588028, -0.8540087938308716, 1.7689512968063354, 0.5201272368431091, -1.223549723625183, 1.804850459098816, -0.17371107637882233, -0.8159211874008179, 1.5541961193084717, -0.7235352396965027, -1.0299128293991089, 1.356486201286316]
[DIAG_INFER] step=892 policy_action_max=17.003214 applied_action_max=0.250000 obs_max=10.721482 history_nonzero_rows=15 position_clip=0 torque_clip=5 action=[-6.422786712646484, 0.23430714011192322, -3.156520366668701, -17.00321388244629, 4.807972431182861, 5.692234992980957, 6.0335001945495605, -10.807682991027832, 8.372217178344727, 0.7790127992630005, -3.6212432384490967, -1.8909683227539062]
[DIAG_TARGET] step=892 target_error=0.000000000 default=[0.0, -0.7853981852531433, 1.8654682636260986, 0.0, -0.7853981852531433, 1.8654682636260986, 0.0, -0.7853981852531433, 1.8654682636260986, 0.0, -0.7853981852531433, 1.8654682636260986] desired=[-0.13124999403953552, -0.7414232492446899, 1.5575000047683716, 0.06875000149011612, -0.737500011920929, 1.6825000047683716, -0.5436207056045532, -0.2530299425125122, 1.5041048526763916, -0.4155229926109314, -0.862500011920929, 2.700000047683716] applied=[-0.13124999403953552, -0.7414232492446899, 1.5575000047683716, 0.06875000149011612, -0.737500011920929, 1.6825000047683716, -0.5436207056045532, -0.2530299425125122, 1.5041048526763916, -0.4155229926109314, -0.862500011920929, 2.700000047683716] current=[-0.1417221873998642, -0.822720468044281, 1.740666151046753, 0.4023524522781372, -1.1470425128936768, 1.7625824213027954, -0.17319314181804657, -0.738215982913971, 1.567057490348816, -1.0246320962905884, -0.3180674612522125, 0.8998188376426697]
[DIAG_INFER] step=902 policy_action_max=10.344771 applied_action_max=0.250000 obs_max=17.003214 history_nonzero_rows=15 position_clip=0 torque_clip=2 action=[10.344771385192871, 6.538464546203613, 0.6449992656707764, -3.3429086208343506, 5.169653415679932, -4.230425834655762, -8.549141883850098, -1.755523681640625, -9.324764251708984, -8.835619926452637, -1.923940658569336, -5.223387241363525]
[DIAG_TARGET] step=902 target_error=0.000000119 default=[0.0, -0.7853981852531433, 1.8654682636260986, 0.0, -0.7853981852531433, 1.8654682636260986, 0.0, -0.7853981852531433, 1.8654682636260986, 0.0, -0.7853981852531433, 1.8654682636260986] desired=[-0.06875000149011612, -0.737500011920929, 1.6825000047683716, 0.06875000149011612, -0.737500011920929, 1.5575000047683716, -0.13124999403953552, -0.862500011920929, 1.5575000047683716, 0.06875000149011612, 4.387216091156006, -1.5256255865097046] applied=[-0.06875000149011612, -0.737500011920929, 1.6825000047683716, 0.06875000149011612, -0.737500011920929, 1.5575000047683716, -0.13124999403953552, -0.862500011920929, 1.5575000047683716, 0.06875000149011612, 4.387216091156006, -1.525625467300415] current=[-0.1491771936416626, -0.7228051424026489, 1.7443506717681885, 0.3678596615791321, -1.0803673267364502, 1.7460498809814453, -0.24563482403755188, -0.5605263710021973, 1.5126581192016602, -0.9980416893959045, -0.17553357779979706, 1.3607333898544312]
[DIAG_INFER] step=912 policy_action_max=6.596498 applied_action_max=0.250000 obs_max=10.344771 history_nonzero_rows=15 position_clip=0 torque_clip=4 action=[6.052203178405762, 1.9270178079605103, 3.4141833782196045, -4.941725254058838, 1.6403170824050903, -4.858182907104492, -4.027369976043701, -2.1594152450561523, -6.596498012542725, -0.5840827822685242, -1.8379210233688354, 1.2486635446548462]
[DIAG_TARGET] step=912 target_error=0.000000060 default=[0.0, -0.7853981852531433, 1.8654682636260986, 0.0, -0.7853981852531433, 1.8654682636260986, 0.0, -0.7853981852531433, 1.8654682636260986, 0.0, -0.7853981852531433, 1.8654682636260986] desired=[-0.06875000149011612, -0.737500011920929, 1.6825000047683716, 0.06875000149011612, -0.737500011920929, 1.5575000047683716, -0.13124999403953552, 0.4179701805114746, 1.5083789825439453, 0.3972697854042053, -0.862500011920929, 1.2746057510375977] applied=[-0.06875000149011612, -0.737500011920929, 1.6825000047683716, 0.06875000149011612, -0.737500011920929, 1.5575000047683716, -0.13124999403953552, 0.4179702401161194, 1.5083789825439453, 0.3972697854042053, -0.862500011920929, 1.2746057510375977] current=[-0.09923277795314789, -0.6676310300827026, 1.73087739944458, 0.4015883505344391, -1.0170425176620483, 1.762481451034546, -0.2231874316930771, -0.5893346667289734, 1.5560444593429565, -0.4897416830062866, 0.3591097295284271, 0.8732332587242126]
[DIAG_INFER] step=922 policy_action_max=6.989189 applied_action_max=0.250000 obs_max=6.596498 history_nonzero_rows=15 position_clip=0 torque_clip=3 action=[0.007030557841062546, -2.489600896835327, 0.6409525871276855, -6.9891886711120605, -0.2991499900817871, -2.5843775272369385, -6.576549530029297, -5.224186420440674, -2.1641669273376465, 0.3416607677936554, -0.3915834128856659, -2.2184996604919434]
[DIAG_TARGET] step=922 target_error=0.000000000 default=[0.0, -0.7853981852531433, 1.8654682636260986, 0.0, -0.7853981852531433, 1.8654682636260986, 0.0, -0.7853981852531433, 1.8654682636260986, 0.0, -0.7853981852531433, 1.8654682636260986] desired=[-0.09912118315696716, -0.862500011920929, 1.6825000047683716, 0.06875000149011612, -0.6179680824279785, 1.5575000047683716, -0.13124999403953552, -0.862500011920929, 1.5575000047683716, -1.5, -1.079910159111023, 1.5575000047683716] applied=[-0.09912118315696716, -0.862500011920929, 1.6825000047683716, 0.06875000149011612, -0.6179680824279785, 1.5575000047683716, -0.13124999403953552, -0.862500011920929, 1.5575000047683716, -1.5, -1.079910159111023, 1.5575000047683716] current=[-0.1111351028084755, -0.6801249980926514, 1.7208901643753052, 0.3838217854499817, -0.960562527179718, 1.770719289779663, -0.2280072420835495, -0.27497199177742004, 1.489309310913086, 0.08081421256065369, 0.37758660316467285, 1.1938693523406982]
[DIAG_INFER] step=932 policy_action_max=19.896332 applied_action_max=0.250000 obs_max=6.989189 history_nonzero_rows=15 position_clip=0 torque_clip=4 action=[-19.896331787109375, 6.135272026062012, -2.9725027084350586, -15.70067310333252, 3.5421786308288574, 0.007949702441692352, 2.8651139736175537, -13.45132827758789, 10.457030296325684, -14.028923988342285, -4.517684459686279, 0.070184126496315]
[DIAG_TARGET] step=932 target_error=0.000000000 default=[0.0, -0.7853981852531433, 1.8654682636260986, 0.0, -0.7853981852531433, 1.8654682636260986, 0.0, -0.7853981852531433, 1.8654682636260986, 0.0, -0.7853981852531433, 1.8654682636260986] desired=[-0.13124999403953552, -0.737500011920929, 1.5575000047683716, 0.06875000149011612, -0.737500011920929, 1.6219874620437622, -0.1766611784696579, -0.862500011920929, 1.6825000047683716, -1.5, -2.3926098346710205, 2.700000047683716] applied=[-0.13124999403953552, -0.737500011920929, 1.5575000047683716, 0.06875000149011612, -0.737500011920929, 1.6219874620437622, -0.1766611784696579, -0.862500011920929, 1.6825000047683716, -1.5, -2.3926098346710205, 2.700000047683716] current=[-0.2434665709733963, -0.7418923377990723, 1.789779782295227, 0.17836904525756836, -0.8840930461883545, 1.7024011611938477, -0.2859547436237335, -0.3047146499156952, 1.5778515338897705, -0.2716550827026367, -0.33459293842315674, 1.427735447883606]
[DIAG_INFER] step=942 policy_action_max=9.180849 applied_action_max=0.250000 obs_max=19.896332 history_nonzero_rows=15 position_clip=0 torque_clip=4 action=[4.34658145904541, 3.0275633335113525, -2.452481746673584, -6.055138111114502, 6.866288185119629, -5.173196315765381, -8.482821464538574, 1.4409878253936768, -9.180849075317383, -6.92510986328125, -2.938000202178955, -2.057180881500244]
[DIAG_TARGET] step=942 target_error=0.000000000 default=[0.0, -0.7853981852531433, 1.8654682636260986, 0.0, -0.7853981852531433, 1.8654682636260986, 0.0, -0.7853981852531433, 1.8654682636260986, 0.0, -0.7853981852531433, 1.8654682636260986] desired=[-0.06875000149011612, -0.737500011920929, 1.5575000047683716, 0.06875000149011612, -0.737500011920929, 1.5575000047683716, -1.0810933113098145, -1.1975774765014648, 1.5575000047683716, 0.06875000149011612, 3.1918318271636963, -2.700000047683716] applied=[-0.06875000149011612, -0.737500011920929, 1.5575000047683716, 0.06875000149011612, -0.737500011920929, 1.5575000047683716, -1.0810933113098145, -1.1975774765014648, 1.5575000047683716, 0.06875000149011612, 3.1918318271636963, -2.700000047683716] current=[-0.30178600549697876, -0.6883977651596069, 1.8446110486984253, 0.15644918382167816, -0.8046562671661377, 1.6560781002044678, -0.15603667497634888, -0.6206841468811035, 1.6101700067520142, -1.068009853363037, -1.1371612548828125, 1.881953239440918]
[DIAG_INFER] step=952 policy_action_max=7.546503 applied_action_max=0.250000 obs_max=9.180849 history_nonzero_rows=15 position_clip=0 torque_clip=4 action=[7.546503067016602, 4.493332862854004, 1.774693250656128, -3.1898767948150635, 5.588329792022705, -3.9745404720306396, -6.485443592071533, -1.4204680919647217, -7.188554286956787, -0.3689841032028198, -0.5028572082519531, 2.6943211555480957]
[DIAG_TARGET] step=952 target_error=0.000000000 default=[0.0, -0.7853981852531433, 1.8654682636260986, 0.0, -0.7853981852531433, 1.8654682636260986, 0.0, -0.7853981852531433, 1.8654682636260986, 0.0, -0.7853981852531433, 1.8654682636260986] desired=[-0.06875000149011612, -0.737500011920929, 1.6825000047683716, -0.007364332675933838, -0.737500011920929, 1.5575000047683716, -0.13124999403953552, -0.862500011920929, 1.5575000047683716, 0.9696530699729919, 2.885486602783203, -2.0480446815490723] applied=[-0.06875000149011612, -0.737500011920929, 1.6825000047683716, -0.007364332675933838, -0.737500011920929, 1.5575000047683716, -0.13124999403953552, -0.862500011920929, 1.5575000047683716, 0.9696530699729919, 2.885486602783203, -2.0480446815490723] current=[-0.286469042301178, -0.6008814573287964, 1.8859734535217285, 0.1755184382200241, -0.7766144275665283, 1.6520044803619385, -0.3996052145957947, -0.9352800250053406, 1.5443806648254395, -0.8366230726242065, -0.9303816556930542, 1.3459506034851074]
[DIAG_INFER] step=962 policy_action_max=11.402771 applied_action_max=0.250000 obs_max=7.546503 history_nonzero_rows=15 position_clip=0 torque_clip=6 action=[7.920124053955078, 10.020861625671387, 10.811525344848633, 3.5961031913757324, -2.664316177368164, -9.813506126403809, 0.2827766537666321, -1.209187626838684, -8.902100563049316, -1.2639209032058716, -9.899872779846191, 11.40277099609375]
[DIAG_TARGET] step=962 target_error=0.000000015 default=[0.0, -0.7853981852531433, 1.8654682636260986, 0.0, -0.7853981852531433, 1.8654682636260986, 0.0, -0.7853981852531433, 1.8654682636260986, 0.0, -0.7853981852531433, 1.8654682636260986] desired=[-0.06875000149011612, -0.737500011920929, 1.6825000047683716, 0.13124999403953552, -0.862500011920929, 1.5575000047683716, -0.02011439949274063, -0.06770037114620209, 1.49356210231781, 1.5, -1.363852858543396, -0.674614667892456] applied=[-0.06875000149011612, -0.737500011920929, 1.6825000047683716, 0.13124999403953552, -0.862500011920929, 1.5575000047683716, -0.02011439949274063, -0.06770038604736328, 1.49356210231781, 1.5, -1.363852858543396, -0.674614667892456] current=[-0.1375611126422882, -0.5781437754631042, 1.8527817726135254, 0.34982600808143616, -0.773405134677887, 1.7259143590927124, -0.3713047206401825, -1.020554780960083, 1.5253430604934692, -0.02406737580895424, -0.1162218376994133, 0.8099528551101685]
[DIAG_INFER] step=972 policy_action_max=9.824667 applied_action_max=0.250000 obs_max=11.402771 history_nonzero_rows=15 position_clip=0 torque_clip=4 action=[6.883007526397705, 1.2332996129989624, 8.992627143859863, -5.887765884399414, -3.870495557785034, -8.07237720489502, -6.028329372406006, -2.2540853023529053, -9.824666976928711, -1.7363845109939575, -7.189273834228516, 6.675549030303955]
[DIAG_TARGET] step=972 target_error=0.000000000 default=[0.0, -0.7853981852531433, 1.8654682636260986, 0.0, -0.7853981852531433, 1.8654682636260986, 0.0, -0.7853981852531433, 1.8654682636260986, 0.0, -0.7853981852531433, 1.8654682636260986] desired=[-0.06875000149011612, -0.737500011920929, 1.6825000047683716, 0.06875000149011612, -0.862500011920929, 1.5575000047683716, 0.6809294819831848, -0.862500011920929, 0.9575172662734985, 0.06875000149011612, -4.0452165603637695, -0.4637136459350586] applied=[-0.06875000149011612, -0.737500011920929, 1.6825000047683716, 0.06875000149011612, -0.862500011920929, 1.5575000047683716, 0.6809294819831848, -0.862500011920929, 0.9575172662734985, 0.06875000149011612, -4.0452165603637695, -0.4637136459350586] current=[-0.08591089397668839, -0.6480832099914551, 1.757466197013855, 0.48181167244911194, -0.8168817162513733, 1.7973167896270752, -0.24356745183467865, -0.6651497483253479, 1.4554859399795532, 0.7592507004737854, 0.11633159965276718, 0.27975746989250183]
[DIAG_INFER] step=982 policy_action_max=7.874102 applied_action_max=0.250000 obs_max=9.824667 history_nonzero_rows=15 position_clip=0 torque_clip=3 action=[6.978426933288574, 1.3056975603103638, 5.644023895263672, -7.874101638793945, -0.9832236766815186, -2.9985554218292236, -3.8843538761138916, 1.1524776220321655, -1.2732348442077637, -6.157160758972168, -2.7556376457214355, 0.5124179720878601]
[DIAG_TARGET] step=982 target_error=0.000000060 default=[0.0, -0.7853981852531433, 1.8654682636260986, 0.0, -0.7853981852531433, 1.8654682636260986, 0.0, -0.7853981852531433, 1.8654682636260986, 0.0, -0.7853981852531433, 1.8654682636260986] desired=[-0.06875000149011612, -0.737500011920929, 1.6825000047683716, 0.06875000149011612, -0.862500011920929, 1.5575000047683716, -0.13124999403953552, -0.737500011920929, 0.8177152276039124, -1.5, -2.8867063522338867, 1.6825000047683716] applied=[-0.06875000149011612, -0.737500011920929, 1.6825000047683716, 0.06875000149011612, -0.862500011920929, 1.5575000047683716, -0.13124999403953552, -0.737500011920929, 0.8177151679992676, -1.5, -2.8867063522338867, 1.6825000047683716] current=[-0.16941408812999725, -0.7226300835609436, 1.71549391746521, 0.4060565233230591, -0.8569716215133667, 1.794915795326233, 0.033808328211307526, -0.5513389706611633, 1.2036789655685425, 0.8143483996391296, -0.5271129012107849, -0.010602768510580063]
[DIAG_INFER] step=992 policy_action_max=12.228958 applied_action_max=0.250000 obs_max=7.874102 history_nonzero_rows=15 position_clip=0 torque_clip=4 action=[-3.579643726348877, 1.3055506944656372, 2.9470880031585693, -12.228958129882812, 1.8113607168197632, 0.7214372158050537, -1.234752893447876, -12.030027389526367, 5.762495994567871, -11.497658729553223, -8.88554573059082, -3.6283154487609863]
[DIAG_TARGET] step=992 target_error=0.000000119 default=[0.0, -0.7853981852531433, 1.8654682636260986, 0.0, -0.7853981852531433, 1.8654682636260986, 0.0, -0.7853981852531433, 1.8654682636260986, 0.0, -0.7853981852531433, 1.8654682636260986] desired=[-0.13124999403953552, -0.737500011920929, 1.6825000047683716, 0.06875000149011612, -0.737500011920929, 1.6825000047683716, -0.13124999403953552, -1.3899931907653809, 1.6825000047683716, -1.5, -1.976847529411316, 2.700000047683716] applied=[-0.13124999403953552, -0.737500011920929, 1.6825000047683716, 0.06875000149011612, -0.737500011920929, 1.6825000047683716, -0.13124999403953552, -1.3899931907653809, 1.6825000047683716, -1.5, -1.9768476486206055, 2.700000047683716] current=[-0.2679152488708496, -0.7687358856201172, 1.7591078281402588, 0.21880431473255157, -0.8541011810302734, 1.7121864557266235, 0.09395595639944077, -0.6445297598838806, 1.009650707244873, 0.023835154250264168, -1.3451069593429565, 0.5253713726997375]
[DIAG_INFER] step=1002 policy_action_max=17.603687 applied_action_max=0.250000 obs_max=12.228958 history_nonzero_rows=15 position_clip=0 torque_clip=4 action=[-9.378143310546875, 5.433577537536621, 3.559931516647339, -15.606175422668457, 5.0980963706970215, 1.4097089767456055, -0.9642125964164734, -17.603687286376953, 7.422354698181152, -16.452863693237305, -7.4863505363464355, -8.030082702636719]
[DIAG_TARGET] step=1002 target_error=0.000000000 default=[0.0, -0.7853981852531433, 1.8654682636260986, 0.0, -0.7853981852531433, 1.8654682636260986, 0.0, -0.7853981852531433, 1.8654682636260986, 0.0, -0.7853981852531433, 1.8654682636260986] desired=[-0.13124999403953552, -0.737500011920929, 1.6825000047683716, 0.06875000149011612, -0.737500011920929, 1.6825000047683716, -0.595990002155304, -1.5000683069229126, 1.6825000047683716, -1.5, -0.862500011920929, 2.700000047683716] applied=[-0.13124999403953552, -0.737500011920929, 1.6825000047683716, 0.06875000149011612, -0.737500011920929, 1.6825000047683716, -0.595990002155304, -1.5000683069229126, 1.6825000047683716, -1.5, -0.862500011920929, 2.700000047683716] current=[-0.4063040614128113, -0.7732900977134705, 1.8535280227661133, 0.13473474979400635, -0.8233896493911743, 1.6924643516540527, 0.07101999968290329, -0.9998443722724915, 1.3881394863128662, -0.7478601932525635, -1.9230728149414062, 1.0613125562667847]
[DIAG_INFER] step=1012 policy_action_max=25.587091 applied_action_max=0.250000 obs_max=17.603687 history_nonzero_rows=15 position_clip=0 torque_clip=4 action=[2.420581817626953, 12.297456741333008, 3.290600061416626, -25.58709144592285, 3.612597703933716, 7.304573059082031, 4.429677486419678, -19.453960418701172, 8.235984802246094, 3.698607921600342, -8.192286491394043, -5.542795181274414]
[DIAG_TARGET] step=1012 target_error=0.000000000 default=[0.0, -0.7853981852531433, 1.8654682636260986, 0.0, -0.7853981852531433, 1.8654682636260986, 0.0, -0.7853981852531433, 1.8654682636260986, 0.0, -0.7853981852531433, 1.8654682636260986] desired=[-0.06875000149011612, -0.737500011920929, 1.6825000047683716, 0.06875000149011612, -0.737500011920929, 1.6825000047683716, -0.5353400111198425, -0.862500011920929, 1.6825000047683716, -0.5256944894790649, 0.22007113695144653, 2.700000047683716] applied=[-0.06875000149011612, -0.737500011920929, 1.6825000047683716, 0.06875000149011612, -0.737500011920929, 1.6825000047683716, -0.5353400111198425, -0.862500011920929, 1.6825000047683716, -0.5256944894790649, 0.22007113695144653, 2.700000047683716] current=[-0.49008384346961975, -0.747543454170227, 1.9539767503738403, 0.11102641373872757, -0.8295918703079224, 1.6924902200698853, -0.2279309779405594, -1.2910679578781128, 1.5352635383605957, -1.1187800168991089, -1.7384213209152222, 1.5970871448516846]
[DIAG_INFER] step=1022 policy_action_max=27.361647 applied_action_max=0.250000 obs_max=25.587091 history_nonzero_rows=15 position_clip=0 torque_clip=3 action=[27.36164665222168, 9.766971588134766, 10.669794082641602, -22.448015213012695, 7.222638130187988, 0.9130344390869141, -11.692816734313965, -10.38940143585205, -5.84206485748291, 9.19813346862793, -7.597848892211914, 0.6124898195266724]
[DIAG_TARGET] step=1022 target_error=0.000000000 default=[0.0, -0.7853981852531433, 1.8654682636260986, 0.0, -0.7853981852531433, 1.8654682636260986, 0.0, -0.7853981852531433, 1.8654682636260986, 0.0, -0.7853981852531433, 1.8654682636260986] desired=[-0.06875000149011612, -0.737500011920929, 1.6825000047683716, 0.06875000149011612, -0.737500011920929, 1.6825000047683716, -0.13124999403953552, -0.862500011920929, 1.5575000047683716, 1.5, 0.7362292408943176, 2.700000047683716] applied=[-0.06875000149011612, -0.737500011920929, 1.6825000047683716, 0.06875000149011612, -0.737500011920929, 1.6825000047683716, -0.13124999403953552, -0.862500011920929, 1.5575000047683716, 1.5, 0.7362292408943176, 2.700000047683716] current=[-0.3818265497684479, -0.7006222009658813, 2.0198371410369873, 0.22155775129795074, -0.8879964351654053, 1.7408314943313599, -0.40584126114845276, -1.1950925588607788, 1.5873703956604004, -0.8203997015953064, -0.924766480922699, 2.1126389503479004]
[DIAG_INFER] step=1032 policy_action_max=17.595118 applied_action_max=0.250000 obs_max=27.361647 history_nonzero_rows=15 position_clip=0 torque_clip=3 action=[17.595117568969727, 10.182188987731934, 15.877037048339844, 0.5223270654678345, 0.677301287651062, -8.717028617858887, -5.257496356964111, -4.171506404876709, -12.939876556396484, 0.27996334433555603, -13.34799861907959, 15.24509048461914]
[DIAG_TARGET] step=1032 target_error=0.000000022 default=[0.0, -0.7853981852531433, 1.8654682636260986, 0.0, -0.7853981852531433, 1.8654682636260986, 0.0, -0.7853981852531433, 1.8654682636260986, 0.0, -0.7853981852531433, 1.8654682636260986] desired=[-0.06875000149011612, -0.737500011920929, 1.6825000047683716, 0.13124999403953552, -0.737500011920929, 1.5575000047683716, 0.008056201040744781, -0.06889919191598892, 1.5575000047683716, 1.5, -0.862500011920929, 1.6825000047683716] applied=[-0.06875000149011612, -0.737500011920929, 1.6825000047683716, 0.13124999403953552, -0.737500011920929, 1.5575000047683716, 0.008056201040744781, -0.06889921426773071, 1.5575000047683716, 1.5, -0.862500011920929, 1.6825000047683716] current=[-0.1998705267906189, -0.6793555617332458, 2.0188214778900146, 0.4276260733604431, -0.9550185203552246, 1.8176082372665405, -0.28525325655937195, -1.0024878978729248, 1.5692758560180664, -0.034684501588344574, -0.1128709465265274, 2.345355987548828]
[DIAG_INFER] step=1042 policy_action_max=8.056667 applied_action_max=0.250000 obs_max=17.595118 history_nonzero_rows=15 position_clip=0 torque_clip=2 action=[8.05666732788086, -0.771513819694519, 6.440382480621338, -7.747066497802734, -0.1045847088098526, -4.90790319442749, -6.097034454345703, -2.7442896366119385, -6.183905601501465, -2.0773887634277344, -6.132504940032959, 3.3883261680603027]
[DIAG_TARGET] step=1042 target_error=0.000000000 default=[0.0, -0.7853981852531433, 1.8654682636260986, 0.0, -0.7853981852531433, 1.8654682636260986, 0.0, -0.7853981852531433, 1.8654682636260986, 0.0, -0.7853981852531433, 1.8654682636260986] desired=[-0.06875000149011612, -0.862500011920929, 1.6825000047683716, 0.06875000149011612, -0.8261461853981018, 1.5575000047683716, 0.6268560290336609, -0.862500011920929, 1.5575000047683716, 0.06875000149011612, -0.862500011920929, 1.2011170387268066] applied=[-0.06875000149011612, -0.862500011920929, 1.6825000047683716, 0.06875000149011612, -0.8261461853981018, 1.5575000047683716, 0.6268560290336609, -0.862500011920929, 1.5575000047683716, 0.06875000149011612, -0.862500011920929, 1.2011170387268066] current=[-0.14980269968509674, -0.6872560977935791, 1.9783885478973389, 0.536090612411499, -1.0322359800338745, 1.8493738174438477, -0.18320085108280182, -0.5927612781524658, 1.5346168279647827, 0.7360762357711792, -0.1110401526093483, 1.9506131410598755]
[DIAG_INFER] step=1052 policy_action_max=11.067716 applied_action_max=0.250000 obs_max=8.056667 history_nonzero_rows=15 position_clip=0 torque_clip=3 action=[3.847538948059082, -0.6731642484664917, 3.8547284603118896, -7.6865997314453125, 0.002612575888633728, 0.6610149145126343, -8.666027069091797, -8.059684753417969, 2.2858757972717285, -11.067715644836426, -5.24066162109375, -3.0565028190612793]
[DIAG_TARGET] step=1052 target_error=0.000000000 default=[0.0, -0.7853981852531433, 1.8654682636260986, 0.0, -0.7853981852531433, 1.8654682636260986, 0.0, -0.7853981852531433, 1.8654682636260986, 0.0, -0.7853981852531433, 1.8654682636260986] desired=[-0.06875000149011612, -0.862500011920929, 1.6825000047683716, 0.06875000149011612, -0.7993468642234802, 1.6825000047683716, -0.13124999403953552, -0.862500011920929, 1.6825000047683716, -1.5, -1.2506237030029297, 2.398038864135742] applied=[-0.06875000149011612, -0.862500011920929, 1.6825000047683716, 0.06875000149011612, -0.7993468642234802, 1.6825000047683716, -0.13124999403953552, -0.862500011920929, 1.6825000047683716, -1.5, -1.2506237030029297, 2.398038864135742] current=[-0.26848021149635315, -0.7253556847572327, 1.9966413974761963, 0.40611812472343445, -1.0711649656295776, 1.8051583766937256, 0.08721959590911865, -0.5299399495124817, 1.5746062994003296, 0.6460087299346924, -0.5344243049621582, 1.5576808452606201]
[DIAG_INFER] step=1062 policy_action_max=15.166119 applied_action_max=0.250000 obs_max=11.067716 history_nonzero_rows=15 position_clip=0 torque_clip=4 action=[-6.387373924255371, 4.44802713394165, 3.5454611778259277, -12.016706466674805, 1.8783409595489502, -0.5255764722824097, -7.157966136932373, -15.074522018432617, 2.2114880084991455, -15.166118621826172, -3.844917058944702, -4.231188774108887]
[DIAG_TARGET] step=1062 target_error=0.000000000 default=[0.0, -0.7853981852531433, 1.8654682636260986, 0.0, -0.7853981852531433, 1.8654682636260986, 0.0, -0.7853981852531433, 1.8654682636260986, 0.0, -0.7853981852531433, 1.8654682636260986] desired=[-0.13124999403953552, -0.737500011920929, 1.6825000047683716, 0.06875000149011612, -0.737500011920929, 1.5575000047683716, -0.19962534308433533, -0.862500011920929, 1.6825000047683716, -1.5, -1.1419422626495361, 2.700000047683716] applied=[-0.13124999403953552, -0.737500011920929, 1.6825000047683716, 0.06875000149011612, -0.737500011920929, 1.5575000047683716, -0.19962534308433533, -0.862500011920929, 1.6825000047683716, -1.5, -1.1419422626495361, 2.700000047683716] current=[-0.49152401089668274, -0.7531830668449402, 2.051104784011841, 0.2001391351222992, -1.0567455291748047, 1.7204259634017944, 0.14120373129844666, -0.6971024870872498, 1.6160444021224976, -0.1568039059638977, -1.00619375705719, 1.9898239374160767]
[DIAG_INFER] step=1072 policy_action_max=16.267853 applied_action_max=0.250000 obs_max=15.166119 history_nonzero_rows=15 position_clip=0 torque_clip=2 action=[-0.10139505565166473, 6.823169708251953, 0.216995507478714, -16.267852783203125, 5.217641353607178, 6.515695095062256, 4.980114936828613, -6.373672962188721, 2.2928578853607178, 1.6648792028427124, -2.6988370418548584, -0.538285493850708]
[DIAG_TARGET] step=1072 target_error=0.000000000 default=[0.0, -0.7853981852531433, 1.8654682636260986, 0.0, -0.7853981852531433, 1.8654682636260986, 0.0, -0.7853981852531433, 1.8654682636260986, 0.0, -0.7853981852531433, 1.8654682636260986] desired=[-0.11267438530921936, -0.737500011920929, 1.6742489337921143, 0.06875000149011612, -0.737500011920929, 1.6825000047683716, -0.7517910599708557, -0.862500011920929, 1.6825000047683716, -0.14510011672973633, -0.862500011920929, 1.5575000047683716] applied=[-0.11267438530921936, -0.737500011920929, 1.6742489337921143, 0.06875000149011612, -0.737500011920929, 1.6825000047683716, -0.7517910599708557, -0.862500011920929, 1.6825000047683716, -0.14510011672973633, -0.862500011920929, 1.5575000047683716] current=[-0.5841788053512573, -0.7624326944351196, 2.0798516273498535, 0.14058510959148407, -1.0523838996887207, 1.6394898891448975, 0.05697624757885933, -0.8141310811042786, 1.639354944229126, -0.9037784337997437, -1.1252864599227905, 2.325216770172119]
[DIAG_INFER] step=1082 policy_action_max=16.128599 applied_action_max=0.250000 obs_max=16.267853 history_nonzero_rows=15 position_clip=0 torque_clip=2 action=[16.128599166870117, 7.238776683807373, 5.320181369781494, -7.334250450134277, 0.1358773559331894, -5.919081687927246, 2.009782075881958, -4.117891311645508, -0.27620625495910645, 7.108080863952637, -4.606539249420166, 3.5254874229431152]
[DIAG_TARGET] step=1082 target_error=0.000000000 default=[0.0, -0.7853981852531433, 1.8654682636260986, 0.0, -0.7853981852531433, 1.8654682636260986, 0.0, -0.7853981852531433, 1.8654682636260986, 0.0, -0.7853981852531433, 1.8654682636260986] desired=[-0.06875000149011612, -0.737500011920929, 1.6825000047683716, 0.06875000149011612, -0.7660306692123413, 1.5575000047683716, -0.06875000149011612, -0.862500011920929, 1.5575000047683716, 1.5, -1.3108195066452026, 1.6825000047683716] applied=[-0.06875000149011612, -0.737500011920929, 1.6825000047683716, 0.06875000149011612, -0.7660306692123413, 1.5575000047683716, -0.06875000149011612, -0.862500011920929, 1.5575000047683716, 1.5, -1.3108195066452026, 1.6825000047683716] current=[-0.5190273523330688, -0.7849769592285156, 2.083817481994629, 0.19158515334129333, -1.1056098937988281, 1.6305326223373413, -0.22996698319911957, -0.84159916639328, 1.6388431787490845, -0.6452111601829529, -0.9540788531303406, 1.8817418813705444]
[DIAG_INFER] step=1092 policy_action_max=30.488808 applied_action_max=0.250000 obs_max=16.128599 history_nonzero_rows=15 position_clip=0 torque_clip=4 action=[17.866870880126953, 17.195220947265625, 22.950288772583008, 16.437759399414062, -0.1149536520242691, -17.727434158325195, -5.597148418426514, 5.39372444152832, -12.512829780578613, -6.805925369262695, -21.2288818359375, 30.488807678222656]
[DIAG_TARGET] step=1092 target_error=0.000000000 default=[0.0, -0.7853981852531433, 1.8654682636260986, 0.0, -0.7853981852531433, 1.8654682636260986, 0.0, -0.7853981852531433, 1.8654682636260986, 0.0, -0.7853981852531433, 1.8654682636260986] desired=[-0.06875000149011612, -0.737500011920929, 1.6825000047683716, 0.13124999403953552, -0.8287384510040283, 1.5575000047683716, 0.20578059554100037, -0.737500011920929, 1.5575000047683716, 1.5, -1.2050095796585083, 0.8685076236724854] applied=[-0.06875000149011612, -0.737500011920929, 1.6825000047683716, 0.13124999403953552, -0.8287384510040283, 1.5575000047683716, 0.20578059554100037, -0.737500011920929, 1.5575000047683716, 1.5, -1.2050095796585083, 0.8685076236724854] current=[-0.29887115955352783, -0.8149121403694153, 2.0439326763153076, 0.38782626390457153, -1.1950020790100098, 1.6491034030914307, -0.2388216257095337, -0.8447878956794739, 1.5956250429153442, 0.16303521394729614, -1.0113122463226318, 1.7099816799163818]
[DIAG_INFER] step=1102 policy_action_max=14.393283 applied_action_max=0.250000 obs_max=30.488808 history_nonzero_rows=15 position_clip=0 torque_clip=3 action=[9.950319290161133, -1.1307967901229858, 7.281004428863525, -3.218533515930176, -3.8355252742767334, -7.395565986633301, -11.530840873718262, -1.2507268190383911, -14.393282890319824, 1.6093600988388062, -9.180795669555664, 11.39072036743164]
[DIAG_TARGET] step=1102 target_error=0.000000000 default=[0.0, -0.7853981852531433, 1.8654682636260986, 0.0, -0.7853981852531433, 1.8654682636260986, 0.0, -0.7853981852531433, 1.8654682636260986, 0.0, -0.7853981852531433, 1.8654682636260986] desired=[-0.06875000149011612, -0.862500011920929, 1.6825000047683716, 0.06875000149011612, -0.862500011920929, 1.5575000047683716, 0.6649812459945679, -0.862500011920929, 1.5575000047683716, 1.5, -0.862500011920929, 0.8293571472167969] applied=[-0.06875000149011612, -0.862500011920929, 1.6825000047683716, 0.06875000149011612, -0.862500011920929, 1.5575000047683716, 0.6649812459945679, -0.862500011920929, 1.5575000047683716, 1.5, -0.862500011920929, 0.8293571472167969] current=[-0.17729918658733368, -0.8233935832977295, 1.9917469024658203, 0.49602022767066956, -1.2702078819274902, 1.6244288682937622, -0.10154342651367188, -0.8164182901382446, 1.5818899869918823, 0.8883134722709656, -1.0455025434494019, 1.230962872505188]
[DIAG_INFER] step=1112 policy_action_max=8.051540 applied_action_max=0.250000 obs_max=14.393283 history_nonzero_rows=15 position_clip=0 torque_clip=3 action=[7.741041660308838, 1.004531979560852, 1.1550198793411255, 1.7081325054168701, -0.2800644636154175, -3.985389471054077, -4.021618843078613, 0.7674651145935059, -8.05154037475586, 3.836426019668579, -5.267238616943359, 4.255945205688477]
[DIAG_TARGET] step=1112 target_error=0.000000000 default=[0.0, -0.7853981852531433, 1.8654682636260986, 0.0, -0.7853981852531433, 1.8654682636260986, 0.0, -0.7853981852531433, 1.8654682636260986, 0.0, -0.7853981852531433, 1.8654682636260986] desired=[-0.06875000149011612, -0.737500011920929, 1.6825000047683716, 0.13124999403953552, -0.862500011920929, 1.5575000047683716, 0.7611817717552185, -0.737500011920929, 1.5575000047683716, 1.2128674983978271, -0.862500011920929, 0.802271842956543] applied=[-0.06875000149011612, -0.737500011920929, 1.6825000047683716, 0.13124999403953552, -0.862500011920929, 1.5575000047683716, 0.7611817717552185, -0.737500011920929, 1.5575000047683716, 1.2128674983978271, -0.862500011920929, 0.802271842956543] current=[-0.1352386623620987, -0.8357096910476685, 1.9525878429412842, 0.5092083811759949, -1.3168878555297852, 1.5790791511535645, -0.10924971848726273, -0.9314457774162292, 1.7289620637893677, 1.3108813762664795, -0.9678550958633423, 0.9885100722312927]
[DIAG_INFER] step=1122 policy_action_max=8.290058 applied_action_max=0.250000 obs_max=8.051540 history_nonzero_rows=15 position_clip=0 torque_clip=4 action=[7.841141700744629, 3.2420313358306885, 0.562739372253418, 4.368409633636475, 0.45373237133026123, -5.004160404205322, -3.0879275798797607, 3.4723331928253174, -8.290058135986328, 6.04653263092041, -6.244418621063232, 5.491373062133789]
[DIAG_TARGET] step=1122 target_error=0.000000000 default=[0.0, -0.7853981852531433, 1.8654682636260986, 0.0, -0.7853981852531433, 1.8654682636260986, 0.0, -0.7853981852531433, 1.8654682636260986, 0.0, -0.7853981852531433, 1.8654682636260986] desired=[-0.06875000149011612, -0.737500011920929, 1.6825000047683716, 0.13124999403953552, -0.737500011920929, 1.5575000047683716, 0.4172619581222534, -0.737500011920929, 1.5575000047683716, 1.5, -0.7082441449165344, -0.5554943084716797] applied=[-0.06875000149011612, -0.737500011920929, 1.6825000047683716, 0.13124999403953552, -0.737500011920929, 1.5575000047683716, 0.4172619581222534, -0.737500011920929, 1.5575000047683716, 1.5, -0.7082441449165344, -0.5554943084716797] current=[-0.07869275659322739, -0.8299382925033569, 1.8926011323928833, 0.5488144159317017, -1.3382935523986816, 1.5500850677490234, -0.10261763632297516, -0.9948402643203735, 1.7985070943832397, 1.3665404319763184, -0.8819541335105896, 0.849524199962616]
[DIAG_INFER] step=1132 policy_action_max=8.237421 applied_action_max=0.250000 obs_max=8.290058 history_nonzero_rows=15 position_clip=0 torque_clip=4 action=[8.237421035766602, 0.3353995382785797, 1.0724070072174072, -1.2915830612182617, 1.8391510248184204, -0.9758564233779907, -2.7489635944366455, 2.597313404083252, -7.792579650878906, -1.1998953819274902, -2.1426591873168945, 3.4045090675354004]
[DIAG_TARGET] step=1132 target_error=0.000000000 default=[0.0, -0.7853981852531433, 1.8654682636260986, 0.0, -0.7853981852531433, 1.8654682636260986, 0.0, -0.7853981852531433, 1.8654682636260986, 0.0, -0.7853981852531433, 1.8654682636260986] desired=[-0.06875000149011612, -0.737500011920929, 1.6825000047683716, 0.06875000149011612, -0.737500011920929, 1.5575000047683716, 0.5095512866973877, -0.737500011920929, 0.9971423149108887, 0.06875000149011612, 1.1890296936035156, -2.054225206375122] applied=[-0.06875000149011612, -0.737500011920929, 1.6825000047683716, 0.06875000149011612, -0.737500011920929, 1.5575000047683716, 0.5095512866973877, -0.737500011920929, 0.9971423149108887, 0.06875000149011612, 1.1890296936035156, -2.054225206375122] current=[-0.04503273591399193, -0.7813578844070435, 1.7914354801177979, 0.6074420809745789, -1.3477232456207275, 1.535253882408142, -0.0678715854883194, -1.0238909721374512, 1.8342677354812622, 1.3763446807861328, -0.7316821217536926, 0.3135409951210022]
[DIAG_INFER] step=1142 policy_action_max=6.250817 applied_action_max=0.250000 obs_max=8.237421 history_nonzero_rows=15 position_clip=0 torque_clip=6 action=[6.25081729888916, 0.8057788610458374, 2.1031949520111084, -1.7126680612564087, 1.635009765625, -0.905854344367981, -2.376657247543335, -1.1094026565551758, -5.118895530700684, -5.562607765197754, -0.5019663572311401, 0.08707250654697418]
[DIAG_TARGET] step=1142 target_error=0.000000060 default=[0.0, -0.7853981852531433, 1.8654682636260986, 0.0, -0.7853981852531433, 1.8654682636260986, 0.0, -0.7853981852531433, 1.8654682636260986, 0.0, -0.7853981852531433, 1.8654682636260986] desired=[-0.06875000149011612, -0.737500011920929, 1.6825000047683716, 0.06875000149011612, -0.737500011920929, 1.5575000047683716, 0.0509645938873291, -0.7923793792724609, 0.46078914403915405, -0.8032305836677551, 0.0597919225692749, 1.216350793838501] applied=[-0.06875000149011612, -0.737500011920929, 1.6825000047683716, 0.06875000149011612, -0.737500011920929, 1.5575000047683716, 0.0509645938873291, -0.7923793792724609, 0.46078920364379883, -0.8032305836677551, 0.0597919225692749, 1.216350793838501] current=[-0.10153450816869736, -0.7389562726020813, 1.7324455976486206, 0.5393775701522827, -1.309827446937561, 1.528381586074829, -0.10888650268316269, -1.0147514343261719, 1.8460625410079956, 1.0498961210250854, -0.3114900588989258, -0.1695292443037033]
[DIAG_INFER] step=1152 policy_action_max=12.037353 applied_action_max=0.250000 obs_max=6.250817 history_nonzero_rows=15 position_clip=0 torque_clip=3 action=[4.419040203094482, 1.1414510011672974, 4.830338954925537, -4.205285549163818, 3.2826344966888428, -2.155423641204834, -8.38889217376709, -8.229070663452148, -1.4066721200942993, -12.037352561950684, -3.953770637512207, -2.398082733154297]
[DIAG_TARGET] step=1152 target_error=0.000000000 default=[0.0, -0.7853981852531433, 1.8654682636260986, 0.0, -0.7853981852531433, 1.8654682636260986, 0.0, -0.7853981852531433, 1.8654682636260986, 0.0, -0.7853981852531433, 1.8654682636260986] desired=[-0.06875000149011612, -0.737500011920929, 1.6825000047683716, 0.06875000149011612, -0.737500011920929, 1.5575000047683716, -0.13124999403953552, -0.862500011920929, 1.5575000047683716, -1.5, 0.1756153702735901, 2.700000047683716] applied=[-0.06875000149011612, -0.737500011920929, 1.6825000047683716, 0.06875000149011612, -0.737500011920929, 1.5575000047683716, -0.13124999403953552, -0.862500011920929, 1.5575000047683716, -1.5, 0.1756153702735901, 2.700000047683716] current=[-0.20209158957004547, -0.7076177597045898, 1.7566100358963013, 0.3484826982021332, -1.2254443168640137, 1.5018022060394287, -0.2518545687198639, -0.9372918605804443, 1.7978991270065308, 0.8390629291534424, -0.4516353905200958, 0.358733206987381]
[DIAG_INFER] step=1162 policy_action_max=12.277913 applied_action_max=0.250000 obs_max=12.037353 history_nonzero_rows=15 position_clip=0 torque_clip=3 action=[1.2214690446853638, 1.6427918672561646, 3.9376490116119385, -11.207738876342773, 7.4865546226501465, -1.1672390699386597, -3.5902116298675537, -11.857550621032715, 2.9835829734802246, -12.277913093566895, -6.555454254150391, -3.776932716369629]
[DIAG_TARGET] step=1162 target_error=0.000000000 default=[0.0, -0.7853981852531433, 1.8654682636260986, 0.0, -0.7853981852531433, 1.8654682636260986, 0.0, -0.7853981852531433, 1.8654682636260986, 0.0, -0.7853981852531433, 1.8654682636260986] desired=[-0.06875000149011612, -0.737500011920929, 1.6825000047683716, 0.06875000149011612, -0.737500011920929, 1.5575000047683716, -0.13124999403953552, -0.862500011920929, 1.6825000047683716, -1.5, 0.24848300218582153, 2.700000047683716] applied=[-0.06875000149011612, -0.737500011920929, 1.6825000047683716, 0.06875000149011612, -0.737500011920929, 1.5575000047683716, -0.13124999403953552, -0.862500011920929, 1.6825000047683716, -1.5, 0.24848300218582153, 2.700000047683716] current=[-0.3234744668006897, -0.6725209355354309, 1.8249727487564087, 0.15223489701747894, -1.0104106664657593, 1.5130308866500854, -0.39050281047821045, -0.851963996887207, 1.7598227262496948, 0.45910322666168213, -0.4448222219944, 0.8923644423484802]
[DIAG_INFER] step=1172 policy_action_max=15.784195 applied_action_max=0.250000 obs_max=12.277913 history_nonzero_rows=15 position_clip=0 torque_clip=5 action=[6.201698303222656, 4.0142502784729, 1.9228515625, -15.784194946289062, 6.197546482086182, -3.1829097270965576, 3.1941845417022705, -13.154435157775879, 1.5730311870574951, -0.7730711698532104, -5.705062389373779, 3.103541135787964]
[DIAG_TARGET] step=1172 target_error=0.000000000 default=[0.0, -0.7853981852531433, 1.8654682636260986, 0.0, -0.7853981852531433, 1.8654682636260986, 0.0, -0.7853981852531433, 1.8654682636260986, 0.0, -0.7853981852531433, 1.8654682636260986] desired=[-0.06875000149011612, -0.737500011920929, 1.6825000047683716, 0.06875000149011612, -0.737500011920929, 1.5575000047683716, -0.2962110936641693, -0.646933913230896, 1.6825000047683716, 0.35658329725265503, 1.0364866256713867, 2.700000047683716] applied=[-0.06875000149011612, -0.737500011920929, 1.6825000047683716, 0.06875000149011612, -0.737500011920929, 1.5575000047683716, -0.2962110936641693, -0.646933913230896, 1.6825000047683716, 0.35658329725265503, 1.0364866256713867, 2.700000047683716] current=[-0.3755442798137665, -0.6230786442756653, 1.9046351909637451, 0.06531763821840286, -0.7944623231887817, 1.5423171520233154, -0.3496454060077667, -0.8022063374519348, 1.7649786472320557, -0.24640798568725586, -0.16602075099945068, 1.427539348602295]
[DIAG_INFER] step=1182 policy_action_max=17.737642 applied_action_max=0.250000 obs_max=15.784195 history_nonzero_rows=15 position_clip=0 torque_clip=2 action=[17.737642288208008, 8.878852844238281, 17.668296813964844, 4.19310188293457, 6.278158664703369, -12.71469783782959, -7.8844380378723145, 1.0815781354904175, -12.13861083984375, -8.201828956604004, -12.718806266784668, 17.63491439819336]
[DIAG_TARGET] step=1182 target_error=0.000000030 default=[0.0, -0.7853981852531433, 1.8654682636260986, 0.0, -0.7853981852531433, 1.8654682636260986, 0.0, -0.7853981852531433, 1.8654682636260986, 0.0, -0.7853981852531433, 1.8654682636260986] desired=[-0.06875000149011612, -0.737500011920929, 1.6825000047683716, 0.13124999403953552, -0.737500011920929, 1.5575000047683716, -0.13124999403953552, 0.3691869080066681, 1.5575000047683716, 1.5, -0.862500011920929, 1.6825000047683716] applied=[-0.06875000149011612, -0.737500011920929, 1.6825000047683716, 0.13124999403953552, -0.737500011920929, 1.5575000047683716, -0.13124999403953552, 0.3691869378089905, 1.5575000047683716, 1.5, -0.862500011920929, 1.6825000047683716] current=[-0.22298555076122284, -0.588378369808197, 1.9187002182006836, 0.188517764210701, -0.7307315468788147, 1.565617322921753, -0.18336911499500275, -0.7162584066390991, 1.7006138563156128, -0.3983853757381439, 0.47983989119529724, 1.9332135915756226]
[DIAG_INFER] step=1192 policy_action_max=8.946139 applied_action_max=0.250000 obs_max=17.737642 history_nonzero_rows=15 position_clip=0 torque_clip=3 action=[8.626514434814453, -0.6869539022445679, 4.98801326751709, -2.950833797454834, -1.4117640256881714, -4.3520050048828125, -4.685433864593506, 2.033845901489258, -7.8319621086120605, 1.2081602811813354, -8.946139335632324, 6.926677703857422]
[DIAG_TARGET] step=1192 target_error=0.000000000 default=[0.0, -0.7853981852531433, 1.8654682636260986, 0.0, -0.7853981852531433, 1.8654682636260986, 0.0, -0.7853981852531433, 1.8654682636260986, 0.0, -0.7853981852531433, 1.8654682636260986] desired=[-0.06875000149011612, -0.862500011920929, 1.6825000047683716, 0.06875000149011612, -0.5573290586471558, 1.5575000047683716, 0.43271857500076294, -0.737500011920929, 1.5575000047683716, 1.5, -0.862500011920929, 1.6825000047683716] applied=[-0.06875000149011612, -0.862500011920929, 1.6825000047683716, 0.06875000149011612, -0.5573290586471558, 1.5575000047683716, 0.43271857500076294, -0.737500011920929, 1.5575000047683716, 1.5, -0.862500011920929, 1.6825000047683716] current=[-0.11165564507246017, -0.5832034945487976, 1.8887736797332764, 0.20970894396305084, -0.738131046295166, 1.561116099357605, -0.12184618413448334, -0.277017205953598, 1.5802745819091797, 0.38939985632896423, 0.39193636178970337, 1.8317288160324097]
[DIAG_INFER] step=1202 policy_action_max=7.053290 applied_action_max=0.250000 obs_max=8.946139 history_nonzero_rows=15 position_clip=0 torque_clip=3 action=[2.641472101211548, 0.4056609570980072, 3.7640626430511475, 0.22089281678199768, 0.46476781368255615, -2.225858449935913, -1.453258752822876, 0.9567281007766724, -2.3814022541046143, 1.7821727991104126, -7.053289890289307, 2.480144500732422]
[DIAG_TARGET] step=1202 target_error=0.000000000 default=[0.0, -0.7853981852531433, 1.8654682636260986, 0.0, -0.7853981852531433, 1.8654682636260986, 0.0, -0.7853981852531433, 1.8654682636260986, 0.0, -0.7853981852531433, 1.8654682636260986] desired=[-0.06875000149011612, -0.737500011920929, 1.6825000047683716, 0.12761160731315613, -0.737500011920929, 1.5575000047683716, 0.7300020456314087, -0.737500011920929, 1.5575000047683716, 0.13124999403953552, -4.438845157623291, 1.1462035179138184] applied=[-0.06875000149011612, -0.737500011920929, 1.6825000047683716, 0.12761160731315613, -0.737500011920929, 1.5575000047683716, 0.7300020456314087, -0.737500011920929, 1.5575000047683716, 0.13124999403953552, -4.438845157623291, 1.1462035179138184] current=[-0.04902123287320137, -0.6516445875167847, 1.8547354936599731, 0.1755451112985611, -0.6903991103172302, 1.5743707418441772, 0.0969916358590126, -0.2534474730491638, 1.6119730472564697, 1.034096598625183, -0.35647085309028625, 1.669506311416626]
[DIAG_INFER] step=1212 policy_action_max=3.556198 applied_action_max=0.250000 obs_max=7.053290 history_nonzero_rows=15 position_clip=0 torque_clip=2 action=[2.848750352859497, 0.499096542596817, 1.484938621520996, 2.6026763916015625, 2.8804659843444824, -0.5346848964691162, -1.9594061374664307, 2.7519586086273193, -1.136916160583496, -3.5561983585357666, -1.4663000106811523, 0.2083686739206314]
[DIAG_TARGET] step=1212 target_error=0.000000000 default=[0.0, -0.7853981852531433, 1.8654682636260986, 0.0, -0.7853981852531433, 1.8654682636260986, 0.0, -0.7853981852531433, 1.8654682636260986, 0.0, -0.7853981852531433, 1.8654682636260986] desired=[-0.06875000149011612, -0.737500011920929, 1.6825000047683716, 0.13124999403953552, -0.737500011920929, 1.5575000047683716, -0.13124999403953552, -1.2181986570358276, 1.5575000047683716, -1.2762160301208496, -0.862500011920929, 1.6720921993255615] applied=[-0.06875000149011612, -0.737500011920929, 1.6825000047683716, 0.13124999403953552, -0.737500011920929, 1.5575000047683716, -0.13124999403953552, -1.2181986570358276, 1.5575000047683716, -1.2762160301208496, -0.862500011920929, 1.6720921993255615] current=[-0.12305814027786255, -0.6841842532157898, 1.8445806503295898, 0.1432858109474182, -0.6777807474136353, 1.5965837240219116, 0.36416754126548767, -0.5094541907310486, 1.57387113571167, 0.7821094393730164, -1.1724395751953125, 1.3357248306274414]
[DIAG_INFER] step=1222 policy_action_max=14.919686 applied_action_max=0.250000 obs_max=6.433013 history_nonzero_rows=15 position_clip=0 torque_clip=3 action=[3.1225571632385254, 4.075466632843018, 5.050665855407715, -5.4713454246521, 2.143160820007324, 1.2173045873641968, -8.144079208374023, -10.557394027709961, 1.3900747299194336, -14.919686317443848, -3.817436695098877, -5.405520439147949]
[DIAG_TARGET] step=1222 target_error=0.000000000 default=[0.0, -0.7853981852531433, 1.8654682636260986, 0.0, -0.7853981852531433, 1.8654682636260986, 0.0, -0.7853981852531433, 1.8654682636260986, 0.0, -0.7853981852531433, 1.8654682636260986] desired=[-0.06875000149011612, -0.737500011920929, 1.6825000047683716, 0.06875000149011612, -0.737500011920929, 1.6825000047683716, -0.13124999403953552, -0.862500011920929, 1.6825000047683716, -1.5, -0.24354290962219238, 2.700000047683716] applied=[-0.06875000149011612, -0.737500011920929, 1.6825000047683716, 0.06875000149011612, -0.737500011920929, 1.6825000047683716, -0.13124999403953552, -0.862500011920929, 1.6825000047683716, -1.5, -0.24354290962219238, 2.700000047683716] current=[-0.24826766550540924, -0.6612510085105896, 1.890350580215454, 0.06296145915985107, -0.6850219368934631, 1.5777486562728882, 0.2841828465461731, -0.8685576915740967, 1.5469003915786743, -0.037707000970840454, -1.4289573431015015, 1.4499642848968506]
[DIAG_INFER] step=1232 policy_action_max=14.642975 applied_action_max=0.250000 obs_max=14.919686 history_nonzero_rows=15 position_clip=0 torque_clip=3 action=[7.218172550201416, 3.1377127170562744, 3.427661418914795, -14.642974853515625, 6.176967144012451, -0.5553727746009827, 1.9536426067352295, -9.258868217468262, 0.7787309885025024, -4.113763809204102, -3.9166183471679688, 5.717884540557861]
[DIAG_TARGET] step=1232 target_error=0.000000000 default=[0.0, -0.7853981852531433, 1.8654682636260986, 0.0, -0.7853981852531433, 1.8654682636260986, 0.0, -0.7853981852531433, 1.8654682636260986, 0.0, -0.7853981852531433, 1.8654682636260986] desired=[-0.06875000149011612, -0.737500011920929, 1.6825000047683716, 0.06875000149011612, -0.737500011920929, 1.5575000047683716, -0.6063207387924194, -0.862500011920929, 1.6825000047683716, 0.06875000149011612, 0.746303141117096, 2.700000047683716] applied=[-0.06875000149011612, -0.737500011920929, 1.6825000047683716, 0.06875000149011612, -0.737500011920929, 1.5575000047683716, -0.6063207387924194, -0.862500011920929, 1.6825000047683716, 0.06875000149011612, 0.746303141117096, 2.700000047683716] current=[-0.29961350560188293, -0.6167324185371399, 1.9522264003753662, 0.0954301506280899, -0.7196004986763, 1.6328227519989014, 0.04262223467230797, -0.9954368472099304, 1.5932573080062866, -0.7689218521118164, -0.8580989241600037, 1.9750375747680664]
[DIAG_INFER] step=1242 policy_action_max=12.720869 applied_action_max=0.250000 obs_max=14.642975 history_nonzero_rows=15 position_clip=0 torque_clip=3 action=[12.636466026306152, 5.006389617919922, 12.720869064331055, -1.5471807718276978, 7.621419429779053, -6.819615840911865, -6.605802536010742, 0.8792119026184082, -9.232527732849121, -5.560483455657959, -9.552597999572754, 11.981717109680176]
[DIAG_TARGET] step=1242 target_error=0.000000007 default=[0.0, -0.7853981852531433, 1.8654682636260986, 0.0, -0.7853981852531433, 1.8654682636260986, 0.0, -0.7853981852531433, 1.8654682636260986, 0.0, -0.7853981852531433, 1.8654682636260986] desired=[-0.06875000149011612, -0.737500011920929, 1.6825000047683716, 0.06875000149011612, -0.737500011920929, 1.5575000047683716, -0.13124999403953552, -0.007983632385730743, 1.5575000047683716, 1.5, 0.06936705112457275, 1.6825000047683716] applied=[-0.06875000149011612, -0.737500011920929, 1.6825000047683716, 0.06875000149011612, -0.737500011920929, 1.5575000047683716, -0.13124999403953552, -0.007983624935150146, 1.5575000047683716, 1.5, 0.06936705112457275, 1.6825000047683716] current=[-0.2031862586736679, -0.578308641910553, 1.9727345705032349, 0.2002834528684616, -0.7486465573310852, 1.5968437194824219, -0.21464088559150696, -0.9301650524139404, 1.6171897649765015, -0.6166732907295227, -0.0445689931511879, 2.2916276454925537]
[DIAG_INFER] step=1252 policy_action_max=8.825350 applied_action_max=0.250000 obs_max=12.720869 history_nonzero_rows=15 position_clip=0 torque_clip=3 action=[8.693727493286133, 1.9089499711990356, 5.432669639587402, -0.7007845640182495, -1.6078951358795166, -6.13796854019165, -6.296603202819824, -0.3445777893066406, -8.825349807739258, 3.143336296081543, -8.563801765441895, 5.889230251312256]
[DIAG_TARGET] step=1252 target_error=0.000000000 default=[0.0, -0.7853981852531433, 1.8654682636260986, 0.0, -0.7853981852531433, 1.8654682636260986, 0.0, -0.7853981852531433, 1.8654682636260986, 0.0, -0.7853981852531433, 1.8654682636260986] desired=[-0.06875000149011612, -0.737500011920929, 1.6825000047683716, 0.06875000149011612, -0.862500011920929, 1.5575000047683716, 0.23304525017738342, -0.6440674066543579, 1.5575000047683716, 1.5, -0.862500011920929, 1.6825000047683716] applied=[-0.06875000149011612, -0.737500011920929, 1.6825000047683716, 0.06875000149011612, -0.862500011920929, 1.5575000047683716, 0.23304525017738342, -0.6440674066543579, 1.5575000047683716, 1.5, -0.862500011920929, 1.6825000047683716] current=[-0.056373849511146545, -0.5703088045120239, 1.9506829977035522, 0.3295072913169861, -0.783248245716095, 1.6630053520202637, -0.23919226229190826, -0.5461766719818115, 1.5497174263000488, 0.19025108218193054, 0.22131845355033875, 1.9405882358551025]
[DIAG_INFER] step=1262 policy_action_max=5.757131 applied_action_max=0.250000 obs_max=8.825350 history_nonzero_rows=15 position_clip=0 torque_clip=3 action=[4.246151924133301, 0.00838199257850647, 3.0388107299804688, -1.9136728048324585, 3.7257351875305176, -1.3033000230789185, -5.757131099700928, -0.7632625102996826, -1.43058180809021, -2.4461066722869873, -4.9980549812316895, 0.0009429603815078735]
[DIAG_TARGET] step=1262 target_error=0.000000119 default=[0.0, -0.7853981852531433, 1.8654682636260986, 0.0, -0.7853981852531433, 1.8654682636260986, 0.0, -0.7853981852531433, 1.8654682636260986, 0.0, -0.7853981852531433, 1.8654682636260986] desired=[-0.06875000149011612, -0.7979044914245605, 1.6825000047683716, 0.06875000149011612, -0.737500011920929, 1.5575000047683716, 0.6806682348251343, -0.862500011920929, 1.5575000047683716, -1.0819947719573975, -1.864449381828308, 1.620235800743103] applied=[-0.06875000149011612, -0.7979044914245605, 1.6825000047683716, 0.06875000149011612, -0.737500011920929, 1.5575000047683716, 0.6806682348251343, -0.862500011920929, 1.5575000047683716, -1.0819947719573975, -1.8644495010375977, 1.620235800743103] current=[-0.04463789984583855, -0.6059433221817017, 1.9210141897201538, 0.44890519976615906, -0.8286474347114563, 1.7646534442901611, -0.10401184111833572, -0.4226551651954651, 1.5884582996368408, 0.9045162796974182, -0.24723035097122192, 1.7693520784378052]
[DIAG_INFER] step=1272 policy_action_max=15.447919 applied_action_max=0.250000 obs_max=9.297350 history_nonzero_rows=15 position_clip=0 torque_clip=4 action=[-2.4647042751312256, 4.421487808227539, 3.5033111572265625, -8.251106262207031, -0.9822245836257935, -1.4933265447616577, -9.431227684020996, -14.227546691894531, 2.216550827026367, -15.447918891906738, -4.047455787658691, -5.08872652053833]
[DIAG_TARGET] step=1272 target_error=0.000000000 default=[0.0, -0.7853981852531433, 1.8654682636260986, 0.0, -0.7853981852531433, 1.8654682636260986, 0.0, -0.7853981852531433, 1.8654682636260986, 0.0, -0.7853981852531433, 1.8654682636260986] desired=[-0.13124999403953552, -0.737500011920929, 1.6825000047683716, 0.06875000149011612, -0.862500011920929, 1.5575000047683716, -0.13124999403953552, -1.0641844272613525, 1.6825000047683716, -1.5, -1.140674114227295, 2.3017892837524414] applied=[-0.13124999403953552, -0.737500011920929, 1.6825000047683716, 0.06875000149011612, -0.862500011920929, 1.5575000047683716, -0.13124999403953552, -1.0641844272613525, 1.6825000047683716, -1.5, -1.140674114227295, 2.3017892837524414] current=[-0.19207945466041565, -0.6444259285926819, 1.9423969984054565, 0.3315619230270386, -0.8359849452972412, 1.7844334840774536, 0.1222761794924736, -0.5922946929931641, 1.6778016090393066, 0.5907585620880127, -1.0473157167434692, 1.6561756134033203]
[DIAG_INFER] step=1282 policy_action_max=11.351148 applied_action_max=0.250000 obs_max=15.447919 history_nonzero_rows=15 position_clip=0 torque_clip=2 action=[-2.710829734802246, 2.101369619369507, 0.9244052171707153, -9.794454574584961, 2.7028353214263916, -2.1801412105560303, -10.241118431091309, -9.575762748718262, -2.8166396617889404, -11.351147651672363, -3.7542531490325928, -2.5557336807250977]
[DIAG_TARGET] step=1282 target_error=0.000000000 default=[0.0, -0.7853981852531433, 1.8654682636260986, 0.0, -0.7853981852531433, 1.8654682636260986, 0.0, -0.7853981852531433, 1.8654682636260986, 0.0, -0.7853981852531433, 1.8654682636260986] desired=[-0.13124999403953552, -0.737500011920929, 1.6825000047683716, 0.06875000149011612, -0.737500011920929, 1.5575000047683716, -0.27190089225769043, -0.862500011920929, 1.5575000047683716, -1.5, -0.862500011920929, 1.5575000047683716] applied=[-0.13124999403953552, -0.737500011920929, 1.6825000047683716, 0.06875000149011612, -0.737500011920929, 1.5575000047683716, -0.27190089225769043, -0.862500011920929, 1.5575000047683716, -1.5, -0.862500011920929, 1.5575000047683716] current=[-0.36901581287384033, -0.6641449928283691, 1.963114857673645, 0.1761307567358017, -0.8220275044441223, 1.7701307535171509, 0.08577828854322433, -0.7716513276100159, 1.8154622316360474, -0.22905729711055756, -1.3614598512649536, 1.916538119316101]
[DIAG_INFER] step=1292 policy_action_max=5.750241 applied_action_max=0.250000 obs_max=11.351148 history_nonzero_rows=15 position_clip=0 torque_clip=1 action=[3.283050060272217, 0.6071336269378662, 2.6111834049224854, -5.750240802764893, -0.5077580213546753, -2.4078218936920166, -4.272668361663818, -2.3518922328948975, -3.300985813140869, -1.9129685163497925, -0.7322778701782227, 4.803528308868408]
[DIAG_TARGET] step=1292 target_error=0.000000000 default=[0.0, -0.7853981852531433, 1.8654682636260986, 0.0, -0.7853981852531433, 1.8654682636260986, 0.0, -0.7853981852531433, 1.8654682636260986, 0.0, -0.7853981852531433, 1.8654682636260986] desired=[-0.06875000149011612, -0.737500011920929, 1.6825000047683716, 0.06875000149011612, -0.862500011920929, 1.5575000047683716, -0.6697952151298523, -0.862500011920929, 1.5575000047683716, 0.06875000149011612, -0.862500011920929, 1.6825000047683716] applied=[-0.06875000149011612, -0.737500011920929, 1.6825000047683716, 0.06875000149011612, -0.862500011920929, 1.5575000047683716, -0.6697952151298523, -0.862500011920929, 1.5575000047683716, 0.06875000149011612, -0.862500011920929, 1.6825000047683716] current=[-0.43261197209358215, -0.6572417616844177, 1.9612150192260742, 0.13234828412532806, -0.8147144317626953, 1.756685495376587, 0.02427041158080101, -0.8154168128967285, 1.9030433893203735, -0.9167183041572571, -1.1004908084869385, 1.6787364482879639]
[DIAG_INFER] step=1302 policy_action_max=14.985054 applied_action_max=0.250000 obs_max=5.750241 history_nonzero_rows=15 position_clip=0 torque_clip=2 action=[7.318699359893799, 5.407919406890869, 8.149155616760254, 6.424383163452148, 0.35810530185699463, -8.59054946899414, -4.893563747406006, 3.2622714042663574, -8.270566940307617, -0.4522217810153961, -10.963399887084961, 14.985054016113281]
[DIAG_TARGET] step=1302 target_error=0.000000000 default=[0.0, -0.7853981852531433, 1.8654682636260986, 0.0, -0.7853981852531433, 1.8654682636260986, 0.0, -0.7853981852531433, 1.8654682636260986, 0.0, -0.7853981852531433, 1.8654682636260986] desired=[-0.06875000149011612, -0.737500011920929, 1.6825000047683716, 0.13124999403953552, -0.737500011920929, 1.5575000047683716, -0.13124999403953552, -0.737500011920929, 1.5575000047683716, 1.5, -0.862500011920929, 1.1655088663101196] applied=[-0.06875000149011612, -0.737500011920929, 1.6825000047683716, 0.13124999403953552, -0.737500011920929, 1.5575000047683716, -0.13124999403953552, -0.737500011920929, 1.5575000047683716, 1.5, -0.862500011920929, 1.1655088663101196] current=[-0.3440631628036499, -0.6500654220581055, 1.9274793863296509, 0.2142055481672287, -0.8381195664405823, 1.7882609367370605, -0.021585360169410706, -0.8417572379112244, 1.9492475986480713, -0.825587809085846, -0.9204745292663574, 1.6925714015960693]
[DIAG_INFER] step=1312 policy_action_max=13.923492 applied_action_max=0.250000 obs_max=14.985054 history_nonzero_rows=15 position_clip=0 torque_clip=3 action=[5.6294050216674805, 3.980036735534668, 2.9328927993774414, 4.308341026306152, -0.9758342504501343, -8.580018043518066, -7.198554992675781, 4.32694673538208, -13.923492431640625, 9.177236557006836, -11.866950988769531, 13.668889999389648]
[DIAG_TARGET] step=1312 target_error=0.000000000 default=[0.0, -0.7853981852531433, 1.8654682636260986, 0.0, -0.7853981852531433, 1.8654682636260986, 0.0, -0.7853981852531433, 1.8654682636260986, 0.0, -0.7853981852531433, 1.8654682636260986] desired=[-0.06875000149011612, -0.737500011920929, 1.6825000047683716, 0.13124999403953552, -0.862500011920929, 1.5575000047683716, -0.13124999403953552, -0.737500011920929, 1.5575000047683716, 1.5, -0.7193065285682678, -0.7375268936157227] applied=[-0.06875000149011612, -0.737500011920929, 1.6825000047683716, 0.13124999403953552, -0.862500011920929, 1.5575000047683716, -0.13124999403953552, -0.737500011920929, 1.5575000047683716, 1.5, -0.7193065285682678, -0.7375268936157227] current=[-0.19071601331233978, -0.6219035983085632, 1.858644962310791, 0.3621339201927185, -0.8496084809303284, 1.81401526927948, 0.045151058584451675, -0.8027792572975159, 1.917872428894043, -0.7299972772598267, -0.9552123546600342, 1.770469069480896]
[DIAG_INFER] step=1322 policy_action_max=7.420236 applied_action_max=0.250000 obs_max=13.923492 history_nonzero_rows=15 position_clip=0 torque_clip=3 action=[4.6541924476623535, 0.638717770576477, 3.2597124576568604, -4.427480697631836, -2.0674166679382324, -3.5874176025390625, -7.390360355377197, 0.1625169813632965, -7.420235633850098, 6.595208168029785, -6.110036373138428, 4.738510608673096]
[DIAG_TARGET] step=1322 target_error=0.000000000 default=[0.0, -0.7853981852531433, 1.8654682636260986, 0.0, -0.7853981852531433, 1.8654682636260986, 0.0, -0.7853981852531433, 1.8654682636260986, 0.0, -0.7853981852531433, 1.8654682636260986] desired=[-0.06875000149011612, -0.737500011920929, 1.6825000047683716, 0.06875000149011612, -0.862500011920929, 1.5575000047683716, -0.13124999403953552, -0.759370744228363, 1.5575000047683716, 1.2976088523864746, -1.2243098020553589, -0.07393336296081543] applied=[-0.06875000149011612, -0.737500011920929, 1.6825000047683716, 0.06875000149011612, -0.862500011920929, 1.5575000047683716, -0.13124999403953552, -0.759370744228363, 1.5575000047683716, 1.2976088523864746, -1.2243098020553589, -0.07393336296081543] current=[-0.11811017245054245, -0.631261944770813, 1.7876499891281128, 0.4442445635795593, -0.8318104147911072, 1.8068766593933105, 0.04204374924302101, -0.7287921905517578, 1.8131248950958252, -0.6634124517440796, -0.910932183265686, 1.7466611862182617]
[DIAG_INFER] step=1332 policy_action_max=7.602462 applied_action_max=0.250000 obs_max=7.420236 history_nonzero_rows=15 position_clip=0 torque_clip=3 action=[4.319440841674805, 2.2939250469207764, 3.7531940937042236, -3.6879844665527344, -2.0646140575408936, -4.342987537384033, -7.602462291717529, -2.728278398513794, -6.039150238037109, 6.141327857971191, -5.116148471832275, 2.7933833599090576]
[DIAG_TARGET] step=1332 target_error=0.000000000 default=[0.0, -0.7853981852531433, 1.8654682636260986, 0.0, -0.7853981852531433, 1.8654682636260986, 0.0, -0.7853981852531433, 1.8654682636260986, 0.0, -0.7853981852531433, 1.8654682636260986] desired=[-0.06875000149011612, -0.737500011920929, 1.6825000047683716, 0.06875000149011612, -0.862500011920929, 1.5575000047683716, -0.13124999403953552, -0.862500011920929, 1.5575000047683716, 0.8932892680168152, -2.428590774536133, 0.651606559753418] applied=[-0.06875000149011612, -0.737500011920929, 1.6825000047683716, 0.06875000149011612, -0.862500011920929, 1.5575000047683716, -0.13124999403953552, -0.862500011920929, 1.5575000047683716, 0.8932892680168152, -2.428590774536133, 0.651606559753418] current=[-0.08016625791788101, -0.676676332950592, 1.7302906513214111, 0.4536678194999695, -0.8031007051467896, 1.784958004951477, -0.0196093562990427, -0.7012296915054321, 1.6738497018814087, -0.6200616955757141, -0.8203092813491821, 1.642459750175476]
[DIAG_INFER] step=1342 policy_action_max=7.143475 applied_action_max=0.250000 obs_max=7.602462 history_nonzero_rows=15 position_clip=0 torque_clip=2 action=[4.750208854675293, 3.0494155883789062, 2.7662267684936523, -3.5241949558258057, -0.5483282804489136, -3.670018434524536, -5.110002517700195, -0.474897176027298, -4.47067928314209, 7.143474578857422, -5.292526721954346, 2.71345853805542]
[DIAG_TARGET] step=1342 target_error=0.000000119 default=[0.0, -0.7853981852531433, 1.8654682636260986, 0.0, -0.7853981852531433, 1.8654682636260986, 0.0, -0.7853981852531433, 1.8654682636260986, 0.0, -0.7853981852531433, 1.8654682636260986] desired=[-0.06875000149011612, -0.737500011920929, 1.6825000047683716, 0.06875000149011612, -0.862500011920929, 1.5575000047683716, -0.13124999403953552, -0.862500011920929, 1.5575000047683716, 1.4345886707305908, -1.8665214776992798, 1.6825000047683716] applied=[-0.06875000149011612, -0.737500011920929, 1.6825000047683716, 0.06875000149011612, -0.862500011920929, 1.5575000047683716, -0.13124999403953552, -0.862500011920929, 1.5575000047683716, 1.4345886707305908, -1.8665215969085693, 1.6825000047683716] current=[-0.02739633433520794, -0.7245038747787476, 1.6949800252914429, 0.45018425583839417, -0.7879428863525391, 1.7778629064559937, -0.04784619063138962, -0.7744274139404297, 1.6053225994110107, -0.5125220417976379, -0.8946501016616821, 1.533679723739624]
[DIAG_INFER] step=1352 policy_action_max=11.190672 applied_action_max=0.250000 obs_max=7.143475 history_nonzero_rows=15 position_clip=0 torque_clip=2 action=[5.242734432220459, 0.5621246099472046, 3.8051230907440186, -2.0674889087677, 2.679354667663574, -2.565488815307617, -11.190671920776367, -4.546158790588379, -3.195265293121338, -4.557648181915283, -2.226076602935791, -1.3043955564498901]
[DIAG_TARGET] step=1352 target_error=0.000000000 default=[0.0, -0.7853981852531433, 1.8654682636260986, 0.0, -0.7853981852531433, 1.8654682636260986, 0.0, -0.7853981852531433, 1.8654682636260986, 0.0, -0.7853981852531433, 1.8654682636260986] desired=[-0.06875000149011612, -0.737500011920929, 1.6825000047683716, 0.06875000149011612, -0.737500011920929, 1.5575000047683716, 0.2223220020532608, -0.862500011920929, 1.5575000047683716, -1.5, -0.862500011920929, 1.5575000047683716] applied=[-0.06875000149011612, -0.737500011920929, 1.6825000047683716, 0.06875000149011612, -0.737500011920929, 1.5575000047683716, 0.2223220020532608, -0.862500011920929, 1.5575000047683716, -1.5, -0.862500011920929, 1.5575000047683716] current=[-0.01397660095244646, -0.7506465315818787, 1.6813300848007202, 0.47952231764793396, -0.7871508598327637, 1.8021323680877686, -0.08842145651578903, -0.856401801109314, 1.5711150169372559, 0.16909624636173248, -1.2859936952590942, 1.6011308431625366]
[DIAG_INFER] step=1362 policy_action_max=15.067811 applied_action_max=0.250000 obs_max=11.190672 history_nonzero_rows=15 position_clip=0 torque_clip=2 action=[8.230963706970215, -1.2181328535079956, 3.6492919921875, -9.321086883544922, 2.6582589149475098, -1.7985020875930786, -15.067811012268066, -3.2868783473968506, -4.414065361022949, -10.043447494506836, -3.845635175704956, -2.0338878631591797]
[DIAG_TARGET] step=1362 target_error=0.000000000 default=[0.0, -0.7853981852531433, 1.8654682636260986, 0.0, -0.7853981852531433, 1.8654682636260986, 0.0, -0.7853981852531433, 1.8654682636260986, 0.0, -0.7853981852531433, 1.8654682636260986] desired=[-0.06875000149011612, -0.862500011920929, 1.6825000047683716, 0.06875000149011612, -0.737500011920929, 1.5575000047683716, -0.1893240213394165, -0.862500011920929, 1.5575000047683716, -1.5, -0.862500011920929, 1.5575000047683716] applied=[-0.06875000149011612, -0.862500011920929, 1.6825000047683716, 0.06875000149011612, -0.737500011920929, 1.5575000047683716, -0.1893240213394165, -0.862500011920929, 1.5575000047683716, -1.5, -0.862500011920929, 1.5575000047683716] current=[-0.169881671667099, -0.7441332936286926, 1.6899161338806152, 0.2999259829521179, -0.7345818877220154, 1.745286226272583, -0.08769562840461731, -0.8722172379493713, 1.5641486644744873, -0.14652998745441437, -1.2990381717681885, 1.5413371324539185]
[DIAG_INFER] step=1372 policy_action_max=11.098944 applied_action_max=0.250000 obs_max=15.067811 history_nonzero_rows=15 position_clip=0 torque_clip=3 action=[8.010736465454102, 7.708157539367676, 9.679922103881836, 0.2296392023563385, -6.6028265953063965, -5.967982292175293, -2.308899164199829, -1.346405267715454, -4.704159736633301, 1.623345971107483, -5.940995693206787, 11.098943710327148]
[DIAG_TARGET] step=1372 target_error=0.000000000 default=[0.0, -0.7853981852531433, 1.8654682636260986, 0.0, -0.7853981852531433, 1.8654682636260986, 0.0, -0.7853981852531433, 1.8654682636260986, 0.0, -0.7853981852531433, 1.8654682636260986] desired=[-0.06875000149011612, -0.737500011920929, 1.6825000047683716, 0.12870490550994873, -0.862500011920929, 1.5575000047683716, -0.7128580212593079, -0.862500011920929, 1.5575000047683716, 1.5, -2.811112642288208, 1.6825000047683716] applied=[-0.06875000149011612, -0.737500011920929, 1.6825000047683716, 0.12870490550994873, -0.862500011920929, 1.5575000047683716, -0.7128580212593079, -0.862500011920929, 1.5575000047683716, 1.5, -2.811112642288208, 1.6825000047683716] current=[-0.1511113941669464, -0.7851098775863647, 1.6885088682174683, 0.15017536282539368, -0.7072424292564392, 1.651273488998413, -0.09013295918703079, -0.856305718421936, 1.5555589199066162, -0.8837419152259827, -1.0261874198913574, 1.527867078781128]
[DIAG_INFER] step=1382 policy_action_max=15.883924 applied_action_max=0.250000 obs_max=11.098944 history_nonzero_rows=15 position_clip=0 torque_clip=2 action=[7.026342391967773, 5.16743803024292, 8.00118637084961, 6.411827087402344, 3.081486463546753, -10.946175575256348, -9.75462818145752, 4.0042033195495605, -9.808863639831543, 3.8234124183654785, -11.486978530883789, 15.88392448425293]
[DIAG_TARGET] step=1382 target_error=0.000000000 default=[0.0, -0.7853981852531433, 1.8654682636260986, 0.0, -0.7853981852531433, 1.8654682636260986, 0.0, -0.7853981852531433, 1.8654682636260986, 0.0, -0.7853981852531433, 1.8654682636260986] desired=[-0.06875000149011612, -0.737500011920929, 1.6825000047683716, 0.13124999403953552, -0.737500011920929, 1.5575000047683716, -0.13124999403953552, -1.0621604919433594, 1.5575000047683716, 1.5, -0.862500011920929, 1.6825000047683716] applied=[-0.06875000149011612, -0.737500011920929, 1.6825000047683716, 0.13124999403953552, -0.737500011920929, 1.5575000047683716, -0.13124999403953552, -1.0621604919433594, 1.5575000047683716, 1.5, -0.862500011920929, 1.6825000047683716] current=[-0.02543887495994568, -0.7973150014877319, 1.6703522205352783, 0.18305069208145142, -0.7747206687927246, 1.60477614402771, -0.27348440885543823, -0.8669667840003967, 1.5476402044296265, -0.6766165494918823, -1.2743855714797974, 1.6356816291809082]
[DIAG_INFER] step=1392 policy_action_max=11.946150 applied_action_max=0.250000 obs_max=15.883924 history_nonzero_rows=15 position_clip=0 torque_clip=2 action=[5.118460655212402, -0.993193507194519, 3.266385793685913, -2.727980136871338, 3.8384265899658203, -2.263352394104004, -11.946149826049805, -1.5248692035675049, -5.993987083435059, -0.4912501275539398, -1.1359479427337646, 3.9393367767333984]
[DIAG_TARGET] step=1392 target_error=0.000000000 default=[0.0, -0.7853981852531433, 1.8654682636260986, 0.0, -0.7853981852531433, 1.8654682636260986, 0.0, -0.7853981852531433, 1.8654682636260986, 0.0, -0.7853981852531433, 1.8654682636260986] desired=[-0.06875000149011612, -0.862500011920929, 1.6825000047683716, 0.06875000149011612, -0.737500011920929, 1.5575000047683716, 0.1864326298236847, -0.862500011920929, 1.5575000047683716, 0.06875000149011612, 0.43171316385269165, 1.6825000047683716] applied=[-0.06875000149011612, -0.862500011920929, 1.6825000047683716, 0.06875000149011612, -0.737500011920929, 1.5575000047683716, 0.1864326298236847, -0.862500011920929, 1.5575000047683716, 0.06875000149011612, 0.43171316385269165, 1.6825000047683716] current=[-0.003995508886873722, -0.7593342661857605, 1.6748466491699219, 0.20017839968204498, -0.8068788051605225, 1.615727186203003, -0.3083975911140442, -0.9469478130340576, 1.5612996816635132, 0.13193993270397186, -1.246311068534851, 1.5909963846206665]
[DIAG_INFER] step=1402 policy_action_max=6.290593 applied_action_max=0.250000 obs_max=11.946150 history_nonzero_rows=15 position_clip=0 torque_clip=3 action=[4.856388568878174, -0.1142173707485199, 2.6586878299713135, -6.290593147277832, -2.410611867904663, -4.826695442199707, -6.176299095153809, -4.633491516113281, -3.9428462982177734, -4.626540184020996, -1.3665540218353271, -0.2889155149459839]
[DIAG_TARGET] step=1402 target_error=0.000000000 default=[0.0, -0.7853981852531433, 1.8654682636260986, 0.0, -0.7853981852531433, 1.8654682636260986, 0.0, -0.7853981852531433, 1.8654682636260986, 0.0, -0.7853981852531433, 1.8654682636260986] desired=[-0.06875000149011612, -0.8285543322563171, 1.6825000047683716, 0.06875000149011612, -0.862500011920929, 1.5575000047683716, -0.13124999403953552, -0.4966062009334564, 1.5575000047683716, -1.2352380752563477, -2.1068761348724365, 1.5575000047683716] applied=[-0.06875000149011612, -0.8285543322563171, 1.6825000047683716, 0.06875000149011612, -0.862500011920929, 1.5575000047683716, -0.13124999403953552, -0.4966062009334564, 1.5575000047683716, -1.2352380752563477, -2.1068761348724365, 1.5575000047683716] current=[-0.08571608364582062, -0.7762492299079895, 1.688275933265686, 0.10023187845945358, -0.7889859676361084, 1.6533490419387817, -0.1149817407131195, -0.9355168342590332, 1.5481206178665161, 0.24168351292610168, -0.5436122417449951, 1.5723865032196045]
[DIAG_INFER] step=1412 policy_action_max=17.203133 applied_action_max=0.250000 obs_max=6.290593 history_nonzero_rows=15 position_clip=0 torque_clip=4 action=[-8.727828979492188, 1.0117605924606323, 0.28905758261680603, -17.20313262939453, 5.403062343597412, -0.17482876777648926, 3.5577774047851562, -13.93704891204834, 9.628898620605469, -8.625370025634766, -6.21321439743042, -1.3933357000350952]
[DIAG_TARGET] step=1412 target_error=0.000000000 default=[0.0, -0.7853981852531433, 1.8654682636260986, 0.0, -0.7853981852531433, 1.8654682636260986, 0.0, -0.7853981852531433, 1.8654682636260986, 0.0, -0.7853981852531433, 1.8654682636260986] desired=[-0.13124999403953552, -0.737500011920929, 1.6825000047683716, 0.06875000149011612, -0.737500011920929, 1.5762927532196045, -0.3357580006122589, -0.862500011920929, 1.6825000047683716, -1.5, -1.8324458599090576, 2.700000047683716] applied=[-0.13124999403953552, -0.737500011920929, 1.6825000047683716, 0.06875000149011612, -0.737500011920929, 1.5762927532196045, -0.3357580006122589, -0.862500011920929, 1.6825000047683716, -1.5, -1.8324458599090576, 2.700000047683716] current=[-0.1756916493177414, -0.8208339810371399, 1.7382378578186035, -0.011446201242506504, -0.7889305949211121, 1.6135631799697876, -0.1101786196231842, -0.7382382154464722, 1.5415749549865723, -0.3987748622894287, -0.3985670506954193, 1.6512782573699951]
[DIAG_INFER] step=1422 policy_action_max=14.291588 applied_action_max=0.250000 obs_max=17.203133 history_nonzero_rows=15 position_clip=0 torque_clip=5 action=[-13.10842227935791, 6.67545223236084, -1.9605867862701416, -14.291587829589844, 3.8130807876586914, 2.9366276264190674, 5.451238632202148, -12.242612838745117, 6.734492301940918, -7.884875297546387, -1.3452873229980469, 0.12471331655979156]
[DIAG_TARGET] step=1422 target_error=0.000000000 default=[0.0, -0.7853981852531433, 1.8654682636260986, 0.0, -0.7853981852531433, 1.8654682636260986, 0.0, -0.7853981852531433, 1.8654682636260986, 0.0, -0.7853981852531433, 1.8654682636260986] desired=[-0.13124999403953552, -0.737500011920929, 1.5575000047683716, 0.06875000149011612, -0.737500011920929, 1.6825000047683716, -1.0986614227294922, -1.030092477798462, 1.6825000047683716, -0.9789837598800659, -1.142663598060608, 2.700000047683716] applied=[-0.13124999403953552, -0.737500011920929, 1.5575000047683716, 0.06875000149011612, -0.737500011920929, 1.6825000047683716, -1.0986614227294922, -1.030092477798462, 1.6825000047683716, -0.9789837598800659, -1.142663598060608, 2.700000047683716] current=[-0.26294153928756714, -0.8457356095314026, 1.8058438301086426, 0.07078338414430618, -0.7931684255599976, 1.5907453298568726, -0.15093271434307098, -0.70728600025177, 1.632178544998169, -1.1826069355010986, -1.0859031677246094, 2.130152940750122]
[DIAG_INFER] step=1432 policy_action_max=14.479349 applied_action_max=0.250000 obs_max=14.291588 history_nonzero_rows=15 position_clip=0 torque_clip=4 action=[-14.146087646484375, 5.56195592880249, -7.178232669830322, -14.479349136352539, 3.757448434829712, 3.388946056365967, 6.000416278839111, -10.11019229888916, 6.89116907119751, -3.4239518642425537, -1.483460545539856, 1.5240898132324219]
[DIAG_TARGET] step=1432 target_error=0.000000000 default=[0.0, -0.7853981852531433, 1.8654682636260986, 0.0, -0.7853981852531433, 1.8654682636260986, 0.0, -0.7853981852531433, 1.8654682636260986, 0.0, -0.7853981852531433, 1.8654682636260986] desired=[-0.13124999403953552, -0.737500011920929, 1.5575000047683716, -0.154646098613739, -0.737500011920929, 1.6825000047683716, -0.06875000149011612, -0.862500011920929, 1.6825000047683716, -0.834626317024231, -2.0186662673950195, 2.700000047683716] applied=[-0.13124999403953552, -0.737500011920929, 1.5575000047683716, -0.154646098613739, -0.737500011920929, 1.6825000047683716, -0.06875000149011612, -0.862500011920929, 1.6825000047683716, -0.834626317024231, -2.0186662673950195, 2.700000047683716] current=[-0.30647289752960205, -0.883815586566925, 1.8607538938522339, 0.1181316003203392, -0.7710478901863098, 1.6439718008041382, -0.510516881942749, -0.8306062817573547, 1.6450457572937012, -1.2084577083587646, -1.2787851095199585, 2.422075033187866]
[DIAG_INFER] step=1442 policy_action_max=13.955809 applied_action_max=0.250000 obs_max=14.479349 history_nonzero_rows=15 position_clip=0 torque_clip=2 action=[13.955808639526367, 2.1394388675689697, 3.289914846420288, -4.872861862182617, 1.204257607460022, -6.443015098571777, -4.565505504608154, -6.641536235809326, -1.2143266201019287, 2.1148128509521484, -4.454492092132568, 1.4966751337051392]
[DIAG_TARGET] step=1442 target_error=0.000000000 default=[0.0, -0.7853981852531433, 1.8654682636260986, 0.0, -0.7853981852531433, 1.8654682636260986, 0.0, -0.7853981852531433, 1.8654682636260986, 0.0, -0.7853981852531433, 1.8654682636260986] desired=[-0.06875000149011612, -0.737500011920929, 1.6825000047683716, 0.06875000149011612, -0.737500011920929, 1.5575000047683716, -0.13124999403953552, -1.2015458345413208, 1.5575000047683716, 1.5, -0.862500011920929, 1.6825000047683716] applied=[-0.06875000149011612, -0.737500011920929, 1.6825000047683716, 0.06875000149011612, -0.737500011920929, 1.5575000047683716, -0.13124999403953552, -1.2015458345413208, 1.5575000047683716, 1.5, -0.862500011920929, 1.6825000047683716] current=[-0.21752271056175232, -0.9044453501701355, 1.8624272346496582, 0.16453921794891357, -0.7866979241371155, 1.734480857849121, -0.4218684732913971, -0.9050471782684326, 1.6617660522460938, -0.9464699029922485, -1.616859793663025, 2.548903703689575]
[DIAG_INFER] step=1452 policy_action_max=6.863419 applied_action_max=0.250000 obs_max=13.955809 history_nonzero_rows=15 position_clip=0 torque_clip=3 action=[6.863419055938721, 3.3775129318237305, 5.380273818969727, -2.5610549449920654, 0.8327634334564209, -5.9865312576293945, -3.8015637397766113, -1.696630835533142, -3.4324193000793457, 2.8130717277526855, -6.692181587219238, 6.704333305358887]
[DIAG_TARGET] step=1452 target_error=0.000000000 default=[0.0, -0.7853981852531433, 1.8654682636260986, 0.0, -0.7853981852531433, 1.8654682636260986, 0.0, -0.7853981852531433, 1.8654682636260986, 0.0, -0.7853981852531433, 1.8654682636260986] desired=[-0.06875000149011612, -0.737500011920929, 1.6825000047683716, 0.06875000149011612, -0.737500011920929, 1.5575000047683716, -0.0872616097331047, -0.862500011920929, 1.5575000047683716, 1.3458211421966553, -1.0059391260147095, 1.6825000047683716] applied=[-0.06875000149011612, -0.737500011920929, 1.6825000047683716, 0.06875000149011612, -0.737500011920929, 1.5575000047683716, -0.0872616097331047, -0.862500011920929, 1.5575000047683716, 1.3458211421966553, -1.0059391260147095, 1.6825000047683716] current=[-0.13784150779247284, -0.9238365292549133, 1.8583123683929443, 0.2605602741241455, -0.8468157649040222, 1.853734016418457, -0.23458510637283325, -1.026694416999817, 1.6061500310897827, -0.13006672263145447, -1.333725094795227, 2.047060251235962]
[DIAG_INFER] step=1462 policy_action_max=7.103280 applied_action_max=0.250000 obs_max=6.863419 history_nonzero_rows=15 position_clip=0 torque_clip=1 action=[5.519055366516113, 0.34357061982154846, 3.0138795375823975, -1.871299147605896, 2.406867504119873, -2.4106709957122803, -7.1032795906066895, -3.0313777923583984, -4.559741020202637, 1.024403691291809, -3.432648181915283, 3.00632643699646]
[DIAG_TARGET] step=1462 target_error=0.000000000 default=[0.0, -0.7853981852531433, 1.8654682636260986, 0.0, -0.7853981852531433, 1.8654682636260986, 0.0, -0.7853981852531433, 1.8654682636260986, 0.0, -0.7853981852531433, 1.8654682636260986] desired=[-0.06875000149011612, -0.737500011920929, 1.6825000047683716, 0.06875000149011612, -0.737500011920929, 1.5575000047683716, 0.45195016264915466, -0.862500011920929, 1.5575000047683716, 0.13124999403953552, -0.862500011920929, 1.6825000047683716] applied=[-0.06875000149011612, -0.737500011920929, 1.6825000047683716, 0.06875000149011612, -0.737500011920929, 1.5575000047683716, 0.45195016264915466, -0.862500011920929, 1.5575000047683716, 0.13124999403953552, -0.862500011920929, 1.6825000047683716] current=[-0.11066121608018875, -0.9406023621559143, 1.8548089265823364, 0.3005768060684204, -0.8977122902870178, 1.9460134506225586, -0.17313845455646515, -1.071237564086914, 1.6021910905838013, 0.6093109250068665, -1.0223397016525269, 1.8074229955673218]
[DIAG_INFER] step=1472 policy_action_max=6.507046 applied_action_max=0.250000 obs_max=7.103280 history_nonzero_rows=15 position_clip=0 torque_clip=1 action=[6.507045745849609, -0.460622638463974, 1.815077543258667, -2.7364118099212646, -0.18276755511760712, -1.1190882921218872, -3.4352939128875732, -0.19429874420166016, -5.625594615936279, -0.9145893454551697, -0.6275155544281006, 2.280524969100952]
[DIAG_TARGET] step=1472 target_error=0.000000000 default=[0.0, -0.7853981852531433, 1.8654682636260986, 0.0, -0.7853981852531433, 1.8654682636260986, 0.0, -0.7853981852531433, 1.8654682636260986, 0.0, -0.7853981852531433, 1.8654682636260986] desired=[-0.06875000149011612, -0.862500011920929, 1.6825000047683716, 0.06875000149011612, -0.8456919193267822, 1.5575000047683716, -0.13124999403953552, -0.848574697971344, 1.5575000047683716, 0.06875000149011612, -0.6831226348876953, 1.6825000047683716] applied=[-0.06875000149011612, -0.862500011920929, 1.6825000047683716, 0.06875000149011612, -0.8456919193267822, 1.5575000047683716, -0.13124999403953552, -0.848574697971344, 1.5575000047683716, 0.06875000149011612, -0.6831226348876953, 1.6825000047683716] current=[-0.14841289818286896, -0.9360832571983337, 1.8472617864608765, 0.26495280861854553, -0.9111744165420532, 1.9909579753875732, -0.21004442870616913, -1.1083543300628662, 1.6571662425994873, 0.54402095079422, -0.9065868854522705, 1.747282862663269]
[DIAG_INFER] step=1482 policy_action_max=10.585586 applied_action_max=0.250000 obs_max=6.507046 history_nonzero_rows=15 position_clip=0 torque_clip=2 action=[10.38890266418457, -0.7043226957321167, 3.858431100845337, -4.701226234436035, 1.7888009548187256, 0.17813289165496826, -10.585585594177246, -1.4515609741210938, -4.734631538391113, -9.760066032409668, -3.855275869369507, 1.1614359617233276]
[DIAG_TARGET] step=1482 target_error=0.000000000 default=[0.0, -0.7853981852531433, 1.8654682636260986, 0.0, -0.7853981852531433, 1.8654682636260986, 0.0, -0.7853981852531433, 1.8654682636260986, 0.0, -0.7853981852531433, 1.8654682636260986] desired=[-0.06875000149011612, -0.862500011920929, 1.6825000047683716, 0.06875000149011612, -0.737500011920929, 1.664533257484436, -0.13124999403953552, -0.862500011920929, 1.5575000047683716, -1.5, -0.29061150550842285, 1.6825000047683716] applied=[-0.06875000149011612, -0.862500011920929, 1.6825000047683716, 0.06875000149011612, -0.737500011920929, 1.664533257484436, -0.13124999403953552, -0.862500011920929, 1.5575000047683716, -1.5, -0.29061150550842285, 1.6825000047683716] current=[-0.19429871439933777, -0.91265469789505, 1.8294742107391357, 0.2156444638967514, -0.903814435005188, 2.014617681503296, -0.2602669894695282, -1.115379810333252, 1.6873266696929932, 0.47564467787742615, -0.9052213430404663, 1.8175526857376099]
[DIAG_INFER] step=1492 policy_action_max=19.546194 applied_action_max=0.250000 obs_max=10.585586 history_nonzero_rows=15 position_clip=0 torque_clip=3 action=[13.692418098449707, -3.939600706100464, 7.1478800773620605, -7.968137264251709, 4.125265598297119, 0.8049606084823608, -19.546194076538086, -2.8429322242736816, -5.637707710266113, -15.8298921585083, -7.068148612976074, 0.2732657194137573]
[DIAG_TARGET] step=1492 target_error=0.000000000 default=[0.0, -0.7853981852531433, 1.8654682636260986, 0.0, -0.7853981852531433, 1.8654682636260986, 0.0, -0.7853981852531433, 1.8654682636260986, 0.0, -0.7853981852531433, 1.8654682636260986] desired=[-0.06875000149011612, -0.862500011920929, 1.6825000047683716, 0.06875000149011612, -0.737500011920929, 1.6825000047683716, -0.13124999403953552, -0.862500011920929, 1.5575000047683716, -1.5, 0.25588053464889526, 1.7728499174118042] applied=[-0.06875000149011612, -0.862500011920929, 1.6825000047683716, 0.06875000149011612, -0.737500011920929, 1.6825000047683716, -0.13124999403953552, -0.862500011920929, 1.5575000047683716, -1.5, 0.25588053464889526, 1.7728499174118042] current=[-0.3330182135105133, -0.8774638175964355, 1.8368840217590332, 0.06498486548662186, -0.8530817031860352, 1.9941372871398926, -0.40972888469696045, -1.0859016180038452, 1.6998265981674194, 0.24183404445648193, -0.8139743804931641, 1.886059284210205]
[STAGE] video_encoding_start
[SUMMARY] {"task": "YoboGo-Velocity-Flat-v0", "mode": "record_video", "yobogo_walk_speed_m_s": 0.15, "rapid_walk_speed_m_s": 0.3, "adaptation_weight": "/run/media/pma213x/0C6A8CC86A8CAFCE/Ubuntu2/CodeU/Dog1/mini-cheetah-isaaclab/external_models/rapid-locomotion-rl/runs/rapid-locomotion/example/train/201852.132488/checkpoints/adaptation_module_latest.jit", "body_weight": "/run/media/pma213x/0C6A8CC86A8CAFCE/Ubuntu2/CodeU/Dog1/mini-cheetah-isaaclab/external_models/rapid-locomotion-rl/runs/rapid-locomotion/example/train/201852.132488/checkpoints/body_latest.jit", "completed_steps": 1500, "inference_steps": 151, "expected_inference_steps": 150, "reset_count": 1, "safety_clip_count": 390, "position_clip_count": 0, "torque_clip_count": 390, "large_action_inference_count": 88, "official_clip_inference_count": 0, "max_abs_rapid_action": 0.25, "max_abs_policy_action": 30.488807678222656, "ood_guard_count": 1725, "base_height_min_m": 0.11985775083303452, "max_abs_roll_deg": 130.3656188559163, "max_abs_pitch_deg": 30.018562488987513, "xy_displacement_m": 0.545754611492157, "mean_measured_velocity_m_s": -0.16877008620960018, "final_command": [0.15000000596046448, 0.0, 0.0], "terminated_steps": 1, "stability_errors": ["base_height_min=0.119858<0.15", "max_abs_roll_deg=130.366>=45", "terminated_steps=1>0", "mean_velocity=-0.168770<0.05"], "interface_ok": true, "stable_walking": false, "video": "/run/media/pma213x/0C6A8CC86A8CAFCE/Ubuntu2/CodeU/Dog1/mini-cheetah-isaaclab/outputs/rapid-locomotion/rapid_walk_test.mp4", "video_frames_written": 150}
[RECORD] summary=/run/media/pma213x/0C6A8CC86A8CAFCE/Ubuntu2/CodeU/Dog1/mini-cheetah-isaaclab/outputs/rapid-locomotion/rapid_walk_test.summary.json
[RECORD] video=/run/media/pma213x/0C6A8CC86A8CAFCE/Ubuntu2/CodeU/Dog1/mini-cheetah-isaaclab/outputs/rapid-locomotion/rapid_walk_test.mp4
[SCHEDULE] reset_compensated actual=151 base_expected=150 resets=1
Traceback (most recent call last):
  File "/run/media/pma213x/0C6A8CC86A8CAFCE/Ubuntu2/CodeU/Dog1/mini-cheetah-isaaclab/training/scripts/play_rapid.py", line 670, in <module>
    exit_code = main()
  File "/run/media/pma213x/0C6A8CC86A8CAFCE/Ubuntu2/CodeU/Dog1/mini-cheetah-isaaclab/training/scripts/play_rapid.py", line 655, in main
    raise RuntimeError(
RuntimeError: 稳定性 Gate 失败：base_height_min=0.119858<0.15；max_abs_roll_deg=130.366>=45；terminated_steps=1>0；mean_velocity=-0.168770<0.05
