/home/pma213x/.local/lib/python3.14/site-packages/stable_baselines3/common/vec_env/base_vec_env.py:78: UserWarning: The `render_mode` attribute is not defined in your environment. It will be set to None.
  warnings.warn("The `render_mode` attribute is not defined in your environment. It will be set to None.")
CUDA_OK name=NVIDIA GeForce RTX 4060 Laptop GPU device=cuda:0 capability=(8, 9)
Using cuda device
TRAIN_START phase=P2 current=0 target=500000 remaining=500000 num_envs=4 ports=[11452, 11453, 11454, 11455]
Logging to /run/media/pma213x/0C6A8CC86A8CAFCE/Ubuntu2/CodeU/Dog1/official-mini-cheetah/runs/official_mini_cheetah_flat_jump_v1_r3/rapid_finetune_500k_20261006/PPO_1
RAPID_STAGE steps=0 stage=0 critic_only=True adaptation_enabled=False
TRAIN_PROGRESS total_timesteps=256
TRAIN_PROGRESS total_timesteps=512
TRAIN_PROGRESS total_timesteps=768
TRAIN_PROGRESS total_timesteps=1024
TRAIN_PROGRESS total_timesteps=1280
TRAIN_PROGRESS total_timesteps=1536
TRAIN_PROGRESS total_timesteps=1792
TRAIN_PROGRESS total_timesteps=2048
-------------------------------------------------
| rapid/                            |           |
|    action_saturation_rate         | 0.188     |
|    adaptation_platform            | 0         |
|    source_action_abs_mean         | 1.28      |
|    speed_progress_mean            | 0.59      |
|    stage                          | 0         |
| reward/                           |           |
|    transition_mean                | 1.25      |
| reward_parts/                     |           |
|    action_rate                    | -0.00348  |
|    alive                          | 0.5       |
|    command_displacement_progress  | 0.00457   |
|    command_speed_progress         | 0.189     |
|    command_tracking               | -0.0823   |
|    default_pose                   | -0.0562   |
|    distance                       | 0.00314   |
|    fall                           | 0         |
|    feet_air_time                  | 0         |
|    finetune_moving_contact        | 1         |
|    foot_slip                      | -0.0703   |
|    gait                           | -0.0125   |
|    height                         | -0.000239 |
|    horizontal_angular_velocity    | -0.0615   |
|    joint_jitter                   | -0.00431  |
|    joint_velocity                 | -0.00279  |
|    jump_landing                   | 0         |
|    jump_success                   | 0         |
|    non_foot_collision             | 0         |
|    posture                        | -0.0321   |
|    rapid_source_action_saturation | -0.0171   |
|    source_action_saturation       | -0.0171   |
|    static_contact_course          | 0         |
|    support_gap                    | -0.0375   |
|    torque                         | -0.00237  |
|    true_four_foot_contact         | 0         |
|    zero_velocity                  | -0.0025   |
|    zero_yaw_rate                  | -0.0631   |
| rollout/                          |           |
|    ep_rew_mean                    | 674       |
|    true_four_contact_ratio        | 0.0107    |
| termination_reason/               |           |
|    body_contact                   | 0         |
|    controller_done                | 0         |
|    height                         | 0         |
|    joint_limit                    | 0         |
|    none                           | 0         |
|    tilt                           | 0         |
|    time_limit                     | 0         |
|    unknown                        | 0         |
|    unsupported                    | 0         |
|    workspace                      | 0         |
| time/                             |           |
|    fps                            | 440       |
|    iterations                     | 1         |
|    time_elapsed                   | 4         |
|    total_timesteps                | 2048      |
-------------------------------------------------
TRAIN_PROGRESS total_timesteps=2304
TRAIN_PROGRESS total_timesteps=2560
TRAIN_PROGRESS total_timesteps=2816
TRAIN_PROGRESS total_timesteps=3072
TRAIN_PROGRESS total_timesteps=3328
TRAIN_PROGRESS total_timesteps=3584
TRAIN_PROGRESS total_timesteps=3840
TRAIN_PROGRESS total_timesteps=4096
-----------------------------------------------------
| rapid/                            |               |
|    action_saturation_rate         | 0.167         |
|    actor_lr                       | 1e-05         |
|    adaptation_lr                  | 0             |
|    critic_lr                      | 0.0001        |
|    source_action_abs_mean         | 1.12          |
|    speed_progress_mean            | 0.601         |
| reward/                           |               |
|    transition_mean                | 0.228         |
| reward_parts/                     |               |
|    action_rate                    | -0.00378      |
|    alive                          | 0.5           |
|    command_displacement_progress  | -0.141        |
|    command_speed_progress         | 0             |
|    command_tracking               | -0.0265       |
|    default_pose                   | -0.0594       |
|    distance                       | -0.00733      |
|    fall                           | 0             |
|    feet_air_time                  | 0             |
|    finetune_moving_contact        | 0.375         |
|    foot_slip                      | -0.0489       |
|    gait                           | -0.0375       |
|    height                         | -0.00218      |
|    horizontal_angular_velocity    | -0.0256       |
|    joint_jitter                   | -0.00745      |
|    joint_velocity                 | -0.00116      |
|    jump_landing                   | 0             |
|    jump_success                   | 0             |
|    non_foot_collision             | 0             |
|    posture                        | -0.00845      |
|    rapid_source_action_saturation | -0.0185       |
|    source_action_saturation       | -0.0185       |
|    static_contact_course          | 0             |
|    support_gap                    | -0.225        |
|    torque                         | -0.00266      |
|    true_four_foot_contact         | 0             |
|    zero_velocity                  | -0.00108      |
|    zero_yaw_rate                  | -0.0305       |
| rollout/                          |               |
|    ep_rew_mean                    | 1.47e+03      |
|    true_four_contact_ratio        | 0.0156        |
| termination_reason/               |               |
|    body_contact                   | 0             |
|    controller_done                | 0             |
|    height                         | 0             |
|    joint_limit                    | 0             |
|    none                           | 0             |
|    tilt                           | 0             |
|    time_limit                     | 4             |
|    unknown                        | 0             |
|    unsupported                    | 0             |
|    workspace                      | 0             |
| time/                             |               |
|    fps                            | 428           |
|    iterations                     | 2             |
|    time_elapsed                   | 9             |
|    total_timesteps                | 4096          |
| train/                            |               |
|    approx_kl                      | -4.452886e-09 |
|    clip_fraction                  | 0             |
|    clip_range                     | 0.2           |
|    entropy_loss                   | -9.72         |
|    explained_variance             | -0.000299     |
|    loss                           | 367           |
|    n_updates                      | 5             |
|    policy_gradient_loss           | 7.13e-08      |
|    std                            | 0.55          |
|    value_loss                     | 809           |
-----------------------------------------------------
TRAIN_PROGRESS total_timesteps=4352
TRAIN_PROGRESS total_timesteps=4608
TRAIN_PROGRESS total_timesteps=4864
TRAIN_PROGRESS total_timesteps=5120
TRAIN_PROGRESS total_timesteps=5376
TRAIN_PROGRESS total_timesteps=5632
TRAIN_PROGRESS total_timesteps=5888
TRAIN_PROGRESS total_timesteps=6144
-----------------------------------------------------
| rapid/                            |               |
|    action_saturation_rate         | 0.229         |
|    actor_lr                       | 1e-05         |
|    adaptation_lr                  | 0             |
|    critic_lr                      | 0.0001        |
|    source_action_abs_mean         | 1.41          |
|    speed_progress_mean            | 0.619         |
| reward/                           |               |
|    transition_mean                | 2.72          |
| reward_parts/                     |               |
|    action_rate                    | -0.00304      |
|    alive                          | 0.5           |
|    command_displacement_progress  | 0.516         |
|    command_speed_progress         | 0.651         |
|    command_tracking               | -0.028        |
|    default_pose                   | -0.0638       |
|    distance                       | 0.0417        |
|    fall                           | 0             |
|    feet_air_time                  | 0             |
|    finetune_moving_contact        | 1.38          |
|    foot_slip                      | -0.0917       |
|    gait                           | 0             |
|    height                         | -0.000258     |
|    horizontal_angular_velocity    | -0.0284       |
|    joint_jitter                   | -0.00897      |
|    joint_velocity                 | -0.00233      |
|    jump_landing                   | 0             |
|    jump_success                   | 0             |
|    non_foot_collision             | 0             |
|    posture                        | -0.0607       |
|    rapid_source_action_saturation | -0.0395       |
|    source_action_saturation       | -0.0395       |
|    static_contact_course          | 0             |
|    support_gap                    | 0             |
|    torque                         | -0.00387      |
|    true_four_foot_contact         | 0             |
|    zero_velocity                  | 0             |
|    zero_yaw_rate                  | -0.0337       |
| rollout/                          |               |
|    ep_rew_mean                    | 633           |
|    true_four_contact_ratio        | 0.00781       |
| termination_reason/               |               |
|    body_contact                   | 0             |
|    controller_done                | 0             |
|    height                         | 0             |
|    joint_limit                    | 0             |
|    none                           | 0             |
|    tilt                           | 0             |
|    time_limit                     | 0             |
|    unknown                        | 0             |
|    unsupported                    | 0             |
|    workspace                      | 0             |
| time/                             |               |
|    fps                            | 431           |
|    iterations                     | 3             |
|    time_elapsed                   | 14            |
|    total_timesteps                | 6144          |
| train/                            |               |
|    approx_kl                      | -5.151378e-09 |
|    clip_fraction                  | 0             |
|    clip_range                     | 0.2           |
|    entropy_loss                   | -9.72         |
|    explained_variance             | 0.00439       |
|    loss                           | 437           |
|    n_updates                      | 10            |
|    policy_gradient_loss           | 3.4e-08       |
|    std                            | 0.55          |
|    value_loss                     | 925           |
-----------------------------------------------------
TRAIN_PROGRESS total_timesteps=6400
TRAIN_PROGRESS total_timesteps=6656
TRAIN_PROGRESS total_timesteps=6912
TRAIN_PROGRESS total_timesteps=7168
TRAIN_PROGRESS total_timesteps=7424
TRAIN_PROGRESS total_timesteps=7680
TRAIN_PROGRESS total_timesteps=7936
TRAIN_PROGRESS total_timesteps=8192
------------------------------------------------------
| rapid/                            |                |
|    action_saturation_rate         | 0.104          |
|    actor_lr                       | 1e-05          |
|    adaptation_lr                  | 0              |
|    critic_lr                      | 0.0001         |
|    source_action_abs_mean         | 1.19           |
|    speed_progress_mean            | 0.63           |
| reward/                           |                |
|    transition_mean                | 2.67           |
| reward_parts/                     |                |
|    action_rate                    | -0.00342       |
|    alive                          | 0.5            |
|    command_displacement_progress  | 0.859          |
|    command_speed_progress         | 0.879          |
|    command_tracking               | -0.0239        |
|    default_pose                   | -0.0609        |
|    distance                       | 0.0452         |
|    fall                           | 0              |
|    feet_air_time                  | 0              |
|    finetune_moving_contact        | 0.75           |
|    foot_slip                      | -0.0348        |
|    gait                           | -0.0125        |
|    height                         | -0.00195       |
|    horizontal_angular_velocity    | -0.0483        |
|    joint_jitter                   | -0.00751       |
|    joint_velocity                 | -0.0012        |
|    jump_landing                   | 0              |
|    jump_success                   | 0              |
|    non_foot_collision             | 0              |
|    posture                        | -0.0977        |
|    rapid_source_action_saturation | -0.00974       |
|    source_action_saturation       | -0.00974       |
|    static_contact_course          | 0              |
|    support_gap                    | -0.0375        |
|    torque                         | -0.00352       |
|    true_four_foot_contact         | 0              |
|    zero_velocity                  | -0.000296      |
|    zero_yaw_rate                  | -0.0228        |
| rollout/                          |                |
|    ep_rew_mean                    | 1.4e+03        |
|    true_four_contact_ratio        | 0.0122         |
| termination_reason/               |                |
|    body_contact                   | 0              |
|    controller_done                | 0              |
|    height                         | 0              |
|    joint_limit                    | 0              |
|    none                           | 0              |
|    tilt                           | 0              |
|    time_limit                     | 4              |
|    unknown                        | 0              |
|    unsupported                    | 0              |
|    workspace                      | 0              |
| time/                             |                |
|    fps                            | 429            |
|    iterations                     | 4              |
|    time_elapsed                   | 19             |
|    total_timesteps                | 8192           |
| train/                            |                |
|    approx_kl                      | -5.2095857e-09 |
|    clip_fraction                  | 0              |
|    clip_range                     | 0.2            |
|    entropy_loss                   | -9.72          |
|    explained_variance             | 0.00454        |
|    loss                           | 325            |
|    n_updates                      | 15             |
|    policy_gradient_loss           | -3.64e-08      |
|    std                            | 0.55           |
|    value_loss                     | 717            |
------------------------------------------------------
TRAIN_PROGRESS total_timesteps=8448
TRAIN_PROGRESS total_timesteps=8704
TRAIN_PROGRESS total_timesteps=8960
TRAIN_PROGRESS total_timesteps=9216
TRAIN_PROGRESS total_timesteps=9472
TRAIN_PROGRESS total_timesteps=9728
TRAIN_PROGRESS total_timesteps=9984
TRAIN_PROGRESS total_timesteps=10240
----------------------------------------------------
| rapid/                            |              |
|    action_saturation_rate         | 0.229        |
|    actor_lr                       | 1e-05        |
|    adaptation_lr                  | 0            |
|    critic_lr                      | 0.0001       |
|    source_action_abs_mean         | 1.4          |
|    speed_progress_mean            | 0.64         |
| reward/                           |              |
|    transition_mean                | 0.403        |
| reward_parts/                     |              |
|    action_rate                    | -0.00266     |
|    alive                          | 0.5          |
|    command_displacement_progress  | -0.609       |
|    command_speed_progress         | 0            |
|    command_tracking               | -0.0819      |
|    default_pose                   | -0.0734      |
|    distance                       | -0.0354      |
|    fall                           | 0            |
|    feet_air_time                  | 0            |
|    finetune_moving_contact        | 1            |
|    foot_slip                      | -0.0953      |
|    gait                           | -0.0125      |
|    height                         | -0.000136    |
|    horizontal_angular_velocity    | -0.043       |
|    joint_jitter                   | -0.00551     |
|    joint_velocity                 | -0.00253     |
|    jump_landing                   | 0            |
|    jump_success                   | 0            |
|    non_foot_collision             | 0            |
|    posture                        | -0.0414      |
|    rapid_source_action_saturation | -0.0307      |
|    source_action_saturation       | -0.0307      |
|    static_contact_course          | 0            |
|    support_gap                    | -0.0375      |
|    torque                         | -0.00414     |
|    true_four_foot_contact         | 0            |
|    zero_velocity                  | -0.00014     |
|    zero_yaw_rate                  | -0.022       |
| rollout/                          |              |
|    ep_rew_mean                    | 1.09e+03     |
|    true_four_contact_ratio        | 0.00635      |
| termination_reason/               |              |
|    body_contact                   | 0            |
|    controller_done                | 0            |
|    height                         | 0            |
|    joint_limit                    | 0            |
|    none                           | 0            |
|    tilt                           | 0            |
|    time_limit                     | 0            |
|    unknown                        | 0            |
|    unsupported                    | 0            |
|    workspace                      | 0            |
| time/                             |              |
|    fps                            | 434          |
|    iterations                     | 5            |
|    time_elapsed                   | 23           |
|    total_timesteps                | 10240        |
| train/                            |              |
|    approx_kl                      | -5.47152e-09 |
|    clip_fraction                  | 0            |
|    clip_range                     | 0.2          |
|    entropy_loss                   | -9.72        |
|    explained_variance             | 0.00518      |
|    loss                           | 382          |
|    n_updates                      | 20           |
|    policy_gradient_loss           | -3.68e-09    |
|    std                            | 0.55         |
|    value_loss                     | 862          |
----------------------------------------------------
TRAIN_PROGRESS total_timesteps=10496
TRAIN_PROGRESS total_timesteps=10752
TRAIN_PROGRESS total_timesteps=11008
TRAIN_PROGRESS total_timesteps=11264
TRAIN_PROGRESS total_timesteps=11520
TRAIN_PROGRESS total_timesteps=11776
TRAIN_PROGRESS total_timesteps=12032
TRAIN_PROGRESS total_timesteps=12288
------------------------------------------------------
| rapid/                            |                |
|    action_saturation_rate         | 0.104          |
|    actor_lr                       | 1e-05          |
|    adaptation_lr                  | 0              |
|    critic_lr                      | 0.0001         |
|    source_action_abs_mean         | 1.32           |
|    speed_progress_mean            | 0.635          |
| reward/                           |                |
|    transition_mean                | 2.14           |
| reward_parts/                     |                |
|    action_rate                    | -0.00317       |
|    alive                          | 0.5            |
|    command_displacement_progress  | 0.75           |
|    command_speed_progress         | 0.75           |
|    command_tracking               | -0.0418        |
|    default_pose                   | -0.0659        |
|    distance                       | 0.0627         |
|    fall                           | 0              |
|    feet_air_time                  | 0              |
|    finetune_moving_contact        | 0.5            |
|    foot_slip                      | -0.00858       |
|    gait                           | -0.025         |
|    height                         | -3.68e-05      |
|    horizontal_angular_velocity    | -0.101         |
|    joint_jitter                   | -0.0139        |
|    joint_velocity                 | -0.00125       |
|    jump_landing                   | 0              |
|    jump_success                   | 0              |
|    non_foot_collision             | 0              |
|    posture                        | -0.018         |
|    rapid_source_action_saturation | -0.0154        |
|    source_action_saturation       | -0.0154        |
|    static_contact_course          | 0              |
|    support_gap                    | -0.112         |
|    torque                         | -0.00552       |
|    true_four_foot_contact         | 0              |
|    zero_velocity                  | -0.00254       |
|    zero_yaw_rate                  | -0.0109        |
| rollout/                          |                |
|    ep_rew_mean                    | 1.66e+03       |
|    true_four_contact_ratio        | 0.0122         |
| termination_reason/               |                |
|    body_contact                   | 0              |
|    controller_done                | 0              |
|    height                         | 0              |
|    joint_limit                    | 0              |
|    none                           | 0              |
|    tilt                           | 0              |
|    time_limit                     | 4              |
|    unknown                        | 0              |
|    unsupported                    | 0              |
|    workspace                      | 0              |
| time/                             |                |
|    fps                            | 429            |
|    iterations                     | 6              |
|    time_elapsed                   | 28             |
|    total_timesteps                | 12288          |
| train/                            |                |
|    approx_kl                      | -5.9080776e-09 |
|    clip_fraction                  | 0              |
|    clip_range                     | 0.2            |
|    entropy_loss                   | -9.72          |
|    explained_variance             | 0.00682        |
|    loss                           | 393            |
|    n_updates                      | 25             |
|    policy_gradient_loss           | -6.22e-08      |
|    std                            | 0.55           |
|    value_loss                     | 1e+03          |
------------------------------------------------------
TRAIN_PROGRESS total_timesteps=12544
TRAIN_PROGRESS total_timesteps=12800
TRAIN_PROGRESS total_timesteps=13056
TRAIN_PROGRESS total_timesteps=13312
TRAIN_PROGRESS total_timesteps=13568
TRAIN_PROGRESS total_timesteps=13824
TRAIN_PROGRESS total_timesteps=14080
TRAIN_PROGRESS total_timesteps=14336
------------------------------------------------------
| rapid/                            |                |
|    action_saturation_rate         | 0.167          |
|    actor_lr                       | 1e-05          |
|    adaptation_lr                  | 0              |
|    critic_lr                      | 0.0001         |
|    source_action_abs_mean         | 1.25           |
|    speed_progress_mean            | 0.639          |
| reward/                           |                |
|    transition_mean                | 0.652          |
| reward_parts/                     |                |
|    action_rate                    | -0.00357       |
|    alive                          | 0.5            |
|    command_displacement_progress  | -0.655         |
|    command_speed_progress         | 0.0959         |
|    command_tracking               | -0.0672        |
|    default_pose                   | -0.0522        |
|    distance                       | -0.0173        |
|    fall                           | 0              |
|    feet_air_time                  | 0              |
|    finetune_moving_contact        | 1.12           |
|    foot_slip                      | -0.0625        |
|    gait                           | -0.0125        |
|    height                         | -0.000365      |
|    horizontal_angular_velocity    | -0.0249        |
|    joint_jitter                   | -0.00415       |
|    joint_velocity                 | -0.00207       |
|    jump_landing                   | 0              |
|    jump_success                   | 0              |
|    non_foot_collision             | 0              |
|    posture                        | -0.047         |
|    rapid_source_action_saturation | -0.0251        |
|    source_action_saturation       | -0.0251        |
|    static_contact_course          | 0              |
|    support_gap                    | -0.075         |
|    torque                         | -0.00338       |
|    true_four_foot_contact         | 0              |
|    zero_velocity                  | -0.000227      |
|    zero_yaw_rate                  | -0.0164        |
| rollout/                          |                |
|    ep_rew_mean                    | 982            |
|    true_four_contact_ratio        | 0.019          |
| termination_reason/               |                |
|    body_contact                   | 0              |
|    controller_done                | 0              |
|    height                         | 0              |
|    joint_limit                    | 0              |
|    none                           | 0              |
|    tilt                           | 0              |
|    time_limit                     | 0              |
|    unknown                        | 0              |
|    unsupported                    | 0              |
|    workspace                      | 0              |
| time/                             |                |
|    fps                            | 426            |
|    iterations                     | 7              |
|    time_elapsed                   | 33             |
|    total_timesteps                | 14336          |
| train/                            |                |
|    approx_kl                      | -5.0640665e-09 |
|    clip_fraction                  | 0              |
|    clip_range                     | 0.2            |
|    entropy_loss                   | -9.72          |
|    explained_variance             | 0.00616        |
|    loss                           | 221            |
|    n_updates                      | 30             |
|    policy_gradient_loss           | -6.55e-08      |
|    std                            | 0.55           |
|    value_loss                     | 560            |
------------------------------------------------------
TRAIN_PROGRESS total_timesteps=14592
TRAIN_PROGRESS total_timesteps=14848
TRAIN_PROGRESS total_timesteps=15104
TRAIN_PROGRESS total_timesteps=15360
TRAIN_PROGRESS total_timesteps=15616
TRAIN_PROGRESS total_timesteps=15872
TRAIN_PROGRESS total_timesteps=16128
TRAIN_PROGRESS total_timesteps=16384
-----------------------------------------------------
| rapid/                            |               |
|    action_saturation_rate         | 0.188         |
|    actor_lr                       | 1e-05         |
|    adaptation_lr                  | 0             |
|    critic_lr                      | 0.0001        |
|    source_action_abs_mean         | 1.45          |
|    speed_progress_mean            | 0.629         |
| reward/                           |               |
|    transition_mean                | 0.949         |
| reward_parts/                     |               |
|    action_rate                    | -0.00353      |
|    alive                          | 0.5           |
|    command_displacement_progress  | 0.139         |
|    command_speed_progress         | 0.289         |
|    command_tracking               | -0.0515       |
|    default_pose                   | -0.0546       |
|    distance                       | 0.00637       |
|    fall                           | 0             |
|    feet_air_time                  | 0             |
|    finetune_moving_contact        | 0.5           |
|    foot_slip                      | -0.0433       |
|    gait                           | -0.025        |
|    height                         | -0.000666     |
|    horizontal_angular_velocity    | -0.0689       |
|    joint_jitter                   | -0.00521      |
|    joint_velocity                 | -0.00209      |
|    jump_landing                   | 0             |
|    jump_success                   | 0             |
|    non_foot_collision             | 0             |
|    posture                        | -0.033        |
|    rapid_source_action_saturation | -0.0246       |
|    source_action_saturation       | -0.0246       |
|    static_contact_course          | 0             |
|    support_gap                    | -0.15         |
|    torque                         | -0.00236      |
|    true_four_foot_contact         | 0             |
|    zero_velocity                  | -0.00259      |
|    zero_yaw_rate                  | -0.0188       |
| rollout/                          |               |
|    ep_rew_mean                    | 1.74e+03      |
|    true_four_contact_ratio        | 0.0112        |
| termination_reason/               |               |
|    body_contact                   | 0             |
|    controller_done                | 0             |
|    height                         | 0             |
|    joint_limit                    | 0             |
|    none                           | 0             |
|    tilt                           | 0             |
|    time_limit                     | 4             |
|    unknown                        | 0             |
|    unsupported                    | 0             |
|    workspace                      | 0             |
| time/                             |               |
|    fps                            | 424           |
|    iterations                     | 8             |
|    time_elapsed                   | 38            |
|    total_timesteps                | 16384         |
| train/                            |               |
|    approx_kl                      | -5.180482e-09 |
|    clip_fraction                  | 0             |
|    clip_range                     | 0.2           |
|    entropy_loss                   | -9.72         |
|    explained_variance             | 0.0212        |
|    loss                           | 220           |
|    n_updates                      | 35            |
|    policy_gradient_loss           | -2.61e-08     |
|    std                            | 0.55          |
|    value_loss                     | 662           |
-----------------------------------------------------
TRAIN_PROGRESS total_timesteps=16640
TRAIN_PROGRESS total_timesteps=16896
TRAIN_PROGRESS total_timesteps=17152
TRAIN_PROGRESS total_timesteps=17408
TRAIN_PROGRESS total_timesteps=17664
TRAIN_PROGRESS total_timesteps=17920
TRAIN_PROGRESS total_timesteps=18176
TRAIN_PROGRESS total_timesteps=18432
------------------------------------------------------
| rapid/                            |                |
|    action_saturation_rate         | 0.125          |
|    actor_lr                       | 1e-05          |
|    adaptation_lr                  | 0              |
|    critic_lr                      | 0.0001         |
|    source_action_abs_mean         | 1.33           |
|    speed_progress_mean            | 0.628          |
| reward/                           |                |
|    transition_mean                | 0.998          |
| reward_parts/                     |                |
|    action_rate                    | -0.00279       |
|    alive                          | 0.5            |
|    command_displacement_progress  | -0.593         |
|    command_speed_progress         | 0.375          |
|    command_tracking               | -0.106         |
|    default_pose                   | -0.0636        |
|    distance                       | -0.0231        |
|    fall                           | 0              |
|    feet_air_time                  | 0              |
|    finetune_moving_contact        | 1.12           |
|    foot_slip                      | -0.0702        |
|    gait                           | 0              |
|    height                         | -0.000778      |
|    horizontal_angular_velocity    | -0.0216        |
|    joint_jitter                   | -0.00583       |
|    joint_velocity                 | -0.00215       |
|    jump_landing                   | 0              |
|    jump_success                   | 0              |
|    non_foot_collision             | 0              |
|    posture                        | -0.0602        |
|    rapid_source_action_saturation | -0.0147        |
|    source_action_saturation       | -0.0147        |
|    static_contact_course          | 0              |
|    support_gap                    | 0              |
|    torque                         | -0.00476       |
|    true_four_foot_contact         | 0              |
|    zero_velocity                  | 0              |
|    zero_yaw_rate                  | -0.0328        |
| rollout/                          |                |
|    ep_rew_mean                    | 716            |
|    true_four_contact_ratio        | 0.00781        |
| termination_reason/               |                |
|    body_contact                   | 0              |
|    controller_done                | 0              |
|    height                         | 0              |
|    joint_limit                    | 0              |
|    none                           | 0              |
|    tilt                           | 0              |
|    time_limit                     | 0              |
|    unknown                        | 0              |
|    unsupported                    | 0              |
|    workspace                      | 0              |
| time/                             |                |
|    fps                            | 420            |
|    iterations                     | 9              |
|    time_elapsed                   | 43             |
|    total_timesteps                | 18432          |
| train/                            |                |
|    approx_kl                      | -5.5588316e-09 |
|    clip_fraction                  | 0              |
|    clip_range                     | 0.2            |
|    entropy_loss                   | -9.72          |
|    explained_variance             | 0.0953         |
|    loss                           | 137            |
|    n_updates                      | 40             |
|    policy_gradient_loss           | -6.91e-08      |
|    std                            | 0.55           |
|    value_loss                     | 413            |
------------------------------------------------------
TRAIN_PROGRESS total_timesteps=18688
TRAIN_PROGRESS total_timesteps=18944
TRAIN_PROGRESS total_timesteps=19200
TRAIN_PROGRESS total_timesteps=19456
TRAIN_PROGRESS total_timesteps=19712
TRAIN_PROGRESS total_timesteps=19968
RAPID_STAGE steps=20000 stage=1 critic_only=False adaptation_enabled=False
CHECKPOINT /run/media/pma213x/0C6A8CC86A8CAFCE/Ubuntu2/CodeU/Dog1/official-mini-cheetah/checkpoints/official_mini_cheetah_flat_jump_v1_r3/rapid_finetune_500k_20261006/official_mini_cheetah_flat_jump_v1_r3_20000_steps.zip
TRAIN_PROGRESS total_timesteps=20224
TRAIN_PROGRESS total_timesteps=20480
-----------------------------------------------------
| rapid/                            |               |
|    action_saturation_rate         | 0.188         |
|    actor_lr                       | 1e-05         |
|    adaptation_lr                  | 0             |
|    adaptation_platform            | 0             |
|    critic_lr                      | 0.0001        |
|    source_action_abs_mean         | 1.35          |
|    speed_progress_mean            | 0.62          |
|    stage                          | 1             |
| reward/                           |               |
|    transition_mean                | 1.59          |
| reward_parts/                     |               |
|    action_rate                    | -0.00315      |
|    alive                          | 0.5           |
|    command_displacement_progress  | -0.161        |
|    command_speed_progress         | 0.225         |
|    command_tracking               | -0.0372       |
|    default_pose                   | -0.0471       |
|    distance                       | 0.00604       |
|    fall                           | 0             |
|    feet_air_time                  | 0             |
|    finetune_moving_contact        | 1.25          |
|    foot_slip                      | -0.0207       |
|    gait                           | 0             |
|    height                         | -0.000336     |
|    horizontal_angular_velocity    | -0.0261       |
|    joint_jitter                   | -0.00371      |
|    joint_velocity                 | -0.00255      |
|    jump_landing                   | 0             |
|    jump_success                   | 0             |
|    non_foot_collision             | 0             |
|    posture                        | -0.0276       |
|    rapid_source_action_saturation | -0.0292       |
|    source_action_saturation       | -0.0292       |
|    static_contact_course          | 0             |
|    support_gap                    | 0             |
|    torque                         | -0.00379      |
|    true_four_foot_contact         | 0             |
|    zero_velocity                  | 0             |
|    zero_yaw_rate                  | -0.0258       |
| rollout/                          |               |
|    ep_rew_mean                    | 1.41e+03      |
|    true_four_contact_ratio        | 0.0151        |
| termination_reason/               |               |
|    body_contact                   | 0             |
|    controller_done                | 0             |
|    height                         | 0             |
|    joint_limit                    | 0             |
|    none                           | 0             |
|    tilt                           | 0             |
|    time_limit                     | 4             |
|    unknown                        | 0             |
|    unsupported                    | 0             |
|    workspace                      | 0             |
| time/                             |               |
|    fps                            | 415           |
|    iterations                     | 10            |
|    time_elapsed                   | 49            |
|    total_timesteps                | 20480         |
| train/                            |               |
|    approx_kl                      | -5.675247e-09 |
|    clip_fraction                  | 0             |
|    clip_range                     | 0.2           |
|    entropy_loss                   | -9.72         |
|    explained_variance             | 0.0695        |
|    loss                           | 156           |
|    n_updates                      | 45            |
|    policy_gradient_loss           | 3.44e-08      |
|    std                            | 0.55          |
|    value_loss                     | 363           |
-----------------------------------------------------
TRAIN_PROGRESS total_timesteps=20736
TRAIN_PROGRESS total_timesteps=20992
TRAIN_PROGRESS total_timesteps=21248
TRAIN_PROGRESS total_timesteps=21504
TRAIN_PROGRESS total_timesteps=21760
TRAIN_PROGRESS total_timesteps=22016
TRAIN_PROGRESS total_timesteps=22272
TRAIN_PROGRESS total_timesteps=22528
---------------------------------------------------
| rapid/                            |             |
|    action_saturation_rate         | 0.104       |
|    actor_lr                       | 1e-05       |
|    adaptation_lr                  | 0           |
|    critic_lr                      | 0.0001      |
|    source_action_abs_mean         | 1.21        |
|    speed_progress_mean            | 0.619       |
| reward/                           |             |
|    transition_mean                | 2.29        |
| reward_parts/                     |             |
|    action_rate                    | -0.00349    |
|    alive                          | 0.5         |
|    command_displacement_progress  | 0.659       |
|    command_speed_progress         | 0.625       |
|    command_tracking               | -0.0344     |
|    default_pose                   | -0.066      |
|    distance                       | 0.0446      |
|    fall                           | 0           |
|    feet_air_time                  | 0           |
|    finetune_moving_contact        | 0.75        |
|    foot_slip                      | -0.00907    |
|    gait                           | -0.0125     |
|    height                         | -0.000444   |
|    horizontal_angular_velocity    | -0.00978    |
|    joint_jitter                   | -0.00567    |
|    joint_velocity                 | -0.00185    |
|    jump_landing                   | 0           |
|    jump_success                   | 0           |
|    non_foot_collision             | 0           |
|    posture                        | -0.0346     |
|    rapid_source_action_saturation | -0.0169     |
|    source_action_saturation       | -0.0169     |
|    static_contact_course          | 0           |
|    support_gap                    | -0.075      |
|    torque                         | -0.00355    |
|    true_four_foot_contact         | 0           |
|    zero_velocity                  | -0.000553   |
|    zero_yaw_rate                  | -0.0167     |
| rollout/                          |             |
|    ep_rew_mean                    | 874         |
|    true_four_contact_ratio        | 0.0156      |
| termination_reason/               |             |
|    body_contact                   | 0           |
|    controller_done                | 0           |
|    height                         | 0           |
|    joint_limit                    | 0           |
|    none                           | 0           |
|    tilt                           | 0           |
|    time_limit                     | 0           |
|    unknown                        | 0           |
|    unsupported                    | 0           |
|    workspace                      | 0           |
| time/                             |             |
|    fps                            | 412         |
|    iterations                     | 11          |
|    time_elapsed                   | 54          |
|    total_timesteps                | 22528       |
| train/                            |             |
|    approx_kl                      | 0.005421267 |
|    clip_fraction                  | 0.0155      |
|    clip_range                     | 0.2         |
|    entropy_loss                   | -9.72       |
|    explained_variance             | 0.0173      |
|    loss                           | 127         |
|    n_updates                      | 50          |
|    policy_gradient_loss           | -0.00637    |
|    std                            | 0.55        |
|    value_loss                     | 422         |
---------------------------------------------------
TRAIN_PROGRESS total_timesteps=22784
TRAIN_PROGRESS total_timesteps=23040
TRAIN_PROGRESS total_timesteps=23296
TRAIN_PROGRESS total_timesteps=23552
TRAIN_PROGRESS total_timesteps=23808
TRAIN_PROGRESS total_timesteps=24064
TRAIN_PROGRESS total_timesteps=24320
TRAIN_PROGRESS total_timesteps=24576
---------------------------------------------------
| rapid/                            |             |
|    action_saturation_rate         | 0.208       |
|    actor_lr                       | 1e-05       |
|    adaptation_lr                  | 0           |
|    critic_lr                      | 0.0001      |
|    source_action_abs_mean         | 1.33        |
|    speed_progress_mean            | 0.618       |
| reward/                           |             |
|    transition_mean                | 3.78        |
| reward_parts/                     |             |
|    action_rate                    | -0.00332    |
|    alive                          | 0.5         |
|    command_displacement_progress  | 1.29        |
|    command_speed_progress         | 1.31        |
|    command_tracking               | -0.0499     |
|    default_pose                   | -0.0637     |
|    distance                       | 0.0853      |
|    fall                           | 0           |
|    feet_air_time                  | 0           |
|    finetune_moving_contact        | 1           |
|    foot_slip                      | -0.00923    |
|    gait                           | 0           |
|    height                         | -0.000789   |
|    horizontal_angular_velocity    | -0.176      |
|    joint_jitter                   | -0.0058     |
|    joint_velocity                 | -0.00195    |
|    jump_landing                   | 0           |
|    jump_success                   | 0           |
|    non_foot_collision             | 0           |
|    posture                        | -0.034      |
|    rapid_source_action_saturation | -0.0281     |
|    source_action_saturation       | -0.0281     |
|    static_contact_course          | 0           |
|    support_gap                    | 0           |
|    torque                         | -0.00391    |
|    true_four_foot_contact         | 0           |
|    zero_velocity                  | 0           |
|    zero_yaw_rate                  | -0.0235     |
| rollout/                          |             |
|    ep_rew_mean                    | 1.63e+03    |
|    true_four_contact_ratio        | 0.00928     |
| termination_reason/               |             |
|    body_contact                   | 0           |
|    controller_done                | 0           |
|    height                         | 0           |
|    joint_limit                    | 0           |
|    none                           | 0           |
|    tilt                           | 0           |
|    time_limit                     | 4           |
|    unknown                        | 0           |
|    unsupported                    | 0           |
|    workspace                      | 0           |
| time/                             |             |
|    fps                            | 409         |
|    iterations                     | 12          |
|    time_elapsed                   | 60          |
|    total_timesteps                | 24576       |
| train/                            |             |
|    approx_kl                      | 0.008319158 |
|    clip_fraction                  | 0.0776      |
|    clip_range                     | 0.2         |
|    entropy_loss                   | -9.72       |
|    explained_variance             | -0.0333     |
|    loss                           | 189         |
|    n_updates                      | 55          |
|    policy_gradient_loss           | -0.00802    |
|    std                            | 0.55        |
|    value_loss                     | 399         |
---------------------------------------------------
TRAIN_PROGRESS total_timesteps=24832
TRAIN_PROGRESS total_timesteps=25088
TRAIN_PROGRESS total_timesteps=25344
TRAIN_PROGRESS total_timesteps=25600
TRAIN_PROGRESS total_timesteps=25856
TRAIN_PROGRESS total_timesteps=26112
TRAIN_PROGRESS total_timesteps=26368
TRAIN_PROGRESS total_timesteps=26624
----------------------------------------------------
| rapid/                            |              |
|    action_saturation_rate         | 0.104        |
|    actor_lr                       | 1e-05        |
|    adaptation_lr                  | 0            |
|    critic_lr                      | 0.0001       |
|    source_action_abs_mean         | 1.22         |
|    speed_progress_mean            | 0.621        |
| reward/                           |              |
|    transition_mean                | -0.067       |
| reward_parts/                     |              |
|    action_rate                    | -0.00323     |
|    alive                          | 0.5          |
|    command_displacement_progress  | 0            |
|    command_speed_progress         | 0            |
|    command_tracking               | -0.0269      |
|    default_pose                   | -0.0648      |
|    distance                       | 0            |
|    fall                           | 0            |
|    feet_air_time                  | 0            |
|    finetune_moving_contact        | 0            |
|    foot_slip                      | -0.0586      |
|    gait                           | -0.05        |
|    height                         | -0.000248    |
|    horizontal_angular_velocity    | -0.0611      |
|    joint_jitter                   | -0.00872     |
|    joint_velocity                 | -0.00191     |
|    jump_landing                   | 0            |
|    jump_success                   | 0            |
|    non_foot_collision             | 0            |
|    posture                        | -0.0312      |
|    rapid_source_action_saturation | -0.0107      |
|    source_action_saturation       | -0.0107      |
|    static_contact_course          | 0            |
|    support_gap                    | -0.225       |
|    torque                         | -0.00496     |
|    true_four_foot_contact         | 0            |
|    zero_velocity                  | -0.00269     |
|    zero_yaw_rate                  | -0.0168      |
| rollout/                          |              |
|    ep_rew_mean                    | 943          |
|    true_four_contact_ratio        | 0.0122       |
| termination_reason/               |              |
|    body_contact                   | 0            |
|    controller_done                | 0            |
|    height                         | 0            |
|    joint_limit                    | 0            |
|    none                           | 0            |
|    tilt                           | 0            |
|    time_limit                     | 0            |
|    unknown                        | 0            |
|    unsupported                    | 0            |
|    workspace                      | 0            |
| time/                             |              |
|    fps                            | 407          |
|    iterations                     | 13           |
|    time_elapsed                   | 65           |
|    total_timesteps                | 26624        |
| train/                            |              |
|    approx_kl                      | 0.0007772794 |
|    clip_fraction                  | 0            |
|    clip_range                     | 0.2          |
|    entropy_loss                   | -9.72        |
|    explained_variance             | 0.00544      |
|    loss                           | 89.9         |
|    n_updates                      | 60           |
|    policy_gradient_loss           | 0.00057      |
|    std                            | 0.55         |
|    value_loss                     | 327          |
----------------------------------------------------
TRAIN_PROGRESS total_timesteps=26880
TRAIN_PROGRESS total_timesteps=27136
TRAIN_PROGRESS total_timesteps=27392
TRAIN_PROGRESS total_timesteps=27648
TRAIN_PROGRESS total_timesteps=27904
TRAIN_PROGRESS total_timesteps=28160
TRAIN_PROGRESS total_timesteps=28416
TRAIN_PROGRESS total_timesteps=28672
----------------------------------------------------
| rapid/                            |              |
|    action_saturation_rate         | 0.167        |
|    actor_lr                       | 1e-05        |
|    adaptation_lr                  | 0            |
|    critic_lr                      | 0.0001       |
|    source_action_abs_mean         | 1.14         |
|    speed_progress_mean            | 0.624        |
| reward/                           |              |
|    transition_mean                | 1.19         |
| reward_parts/                     |              |
|    action_rate                    | -0.00363     |
|    alive                          | 0.5          |
|    command_displacement_progress  | 0.262        |
|    command_speed_progress         | 0.375        |
|    command_tracking               | -0.0395      |
|    default_pose                   | -0.0565      |
|    distance                       | 0.0169       |
|    fall                           | 0            |
|    feet_air_time                  | 0            |
|    finetune_moving_contact        | 0.5          |
|    foot_slip                      | -0.0761      |
|    gait                           | -0.025       |
|    height                         | -0.000101    |
|    horizontal_angular_velocity    | -0.0589      |
|    joint_jitter                   | -0.00562     |
|    joint_velocity                 | -0.00229     |
|    jump_landing                   | 0            |
|    jump_success                   | 0            |
|    non_foot_collision             | 0            |
|    posture                        | -0.0349      |
|    rapid_source_action_saturation | -0.0105      |
|    source_action_saturation       | -0.0105      |
|    static_contact_course          | 0            |
|    support_gap                    | -0.112       |
|    torque                         | -0.00245     |
|    true_four_foot_contact         | 0            |
|    zero_velocity                  | -0.00196     |
|    zero_yaw_rate                  | -0.0344      |
| rollout/                          |              |
|    ep_rew_mean                    | 1.36e+03     |
|    true_four_contact_ratio        | 0.0195       |
| termination_reason/               |              |
|    body_contact                   | 0            |
|    controller_done                | 0            |
|    height                         | 0            |
|    joint_limit                    | 0            |
|    none                           | 0            |
|    tilt                           | 0            |
|    time_limit                     | 4            |
|    unknown                        | 0            |
|    unsupported                    | 0            |
|    workspace                      | 0            |
| time/                             |              |
|    fps                            | 407          |
|    iterations                     | 14           |
|    time_elapsed                   | 70           |
|    total_timesteps                | 28672        |
| train/                            |              |
|    approx_kl                      | 0.0070591513 |
|    clip_fraction                  | 0.0473       |
|    clip_range                     | 0.2          |
|    entropy_loss                   | -9.72        |
|    explained_variance             | 0.0144       |
|    loss                           | 219          |
|    n_updates                      | 65           |
|    policy_gradient_loss           | -0.00621     |
|    std                            | 0.55         |
|    value_loss                     | 404          |
----------------------------------------------------
TRAIN_PROGRESS total_timesteps=28928
TRAIN_PROGRESS total_timesteps=29184
TRAIN_PROGRESS total_timesteps=29440
TRAIN_PROGRESS total_timesteps=29696
TRAIN_PROGRESS total_timesteps=29952
TRAIN_PROGRESS total_timesteps=30208
TRAIN_PROGRESS total_timesteps=30464
TRAIN_PROGRESS total_timesteps=30720
---------------------------------------------------
| rapid/                            |             |
|    action_saturation_rate         | 0.208       |
|    actor_lr                       | 1e-05       |
|    adaptation_lr                  | 0           |
|    critic_lr                      | 0.0001      |
|    source_action_abs_mean         | 1.5         |
|    speed_progress_mean            | 0.625       |
| reward/                           |             |
|    transition_mean                | 3.03        |
| reward_parts/                     |             |
|    action_rate                    | -0.00351    |
|    alive                          | 0.5         |
|    command_displacement_progress  | 0.904       |
|    command_speed_progress         | 0.84        |
|    command_tracking               | -0.0491     |
|    default_pose                   | -0.0663     |
|    distance                       | 0.0405      |
|    fall                           | 0           |
|    feet_air_time                  | 0           |
|    finetune_moving_contact        | 1.12        |
|    foot_slip                      | -0.054      |
|    gait                           | 0           |
|    height                         | -0.000165   |
|    horizontal_angular_velocity    | -0.0997     |
|    joint_jitter                   | -0.00644    |
|    joint_velocity                 | -0.00126    |
|    jump_landing                   | 0           |
|    jump_success                   | 0           |
|    non_foot_collision             | 0           |
|    posture                        | -0.0252     |
|    rapid_source_action_saturation | -0.047      |
|    source_action_saturation       | -0.047      |
|    static_contact_course          | 0           |
|    support_gap                    | 0           |
|    torque                         | -0.00279    |
|    true_four_foot_contact         | 0           |
|    zero_velocity                  | 0           |
|    zero_yaw_rate                  | -0.0195     |
| rollout/                          |             |
|    ep_rew_mean                    | 922         |
|    true_four_contact_ratio        | 0.0112      |
| termination_reason/               |             |
|    body_contact                   | 0           |
|    controller_done                | 0           |
|    height                         | 0           |
|    joint_limit                    | 0           |
|    none                           | 0           |
|    tilt                           | 0           |
|    time_limit                     | 0           |
|    unknown                        | 0           |
|    unsupported                    | 0           |
|    workspace                      | 0           |
| time/                             |             |
|    fps                            | 407         |
|    iterations                     | 15          |
|    time_elapsed                   | 75          |
|    total_timesteps                | 30720       |
| train/                            |             |
|    approx_kl                      | 0.009602056 |
|    clip_fraction                  | 0.0542      |
|    clip_range                     | 0.2         |
|    entropy_loss                   | -9.72       |
|    explained_variance             | 0.0703      |
|    loss                           | 204         |
|    n_updates                      | 70          |
|    policy_gradient_loss           | -0.00643    |
|    std                            | 0.55        |
|    value_loss                     | 425         |
---------------------------------------------------
TRAIN_PROGRESS total_timesteps=30976
TRAIN_PROGRESS total_timesteps=31232
TRAIN_PROGRESS total_timesteps=31488
TRAIN_PROGRESS total_timesteps=31744
TRAIN_PROGRESS total_timesteps=32000
TRAIN_PROGRESS total_timesteps=32256
TRAIN_PROGRESS total_timesteps=32512
TRAIN_PROGRESS total_timesteps=32768
--------------------------------------------------
| rapid/                            |            |
|    action_saturation_rate         | 0.188      |
|    actor_lr                       | 1e-05      |
|    adaptation_lr                  | 0          |
|    critic_lr                      | 0.0001     |
|    source_action_abs_mean         | 1.39       |
|    speed_progress_mean            | 0.625      |
| reward/                           |            |
|    transition_mean                | 1.17       |
| reward_parts/                     |            |
|    action_rate                    | -0.00275   |
|    alive                          | 0.5        |
|    command_displacement_progress  | -0.1       |
|    command_speed_progress         | 0.354      |
|    command_tracking               | -0.0967    |
|    default_pose                   | -0.0663    |
|    distance                       | -0.0109    |
|    fall                           | 0          |
|    feet_air_time                  | 0          |
|    finetune_moving_contact        | 1          |
|    foot_slip                      | -0.134     |
|    gait                           | -0.0125    |
|    height                         | -0.000467  |
|    horizontal_angular_velocity    | -0.0525    |
|    joint_jitter                   | -0.0074    |
|    joint_velocity                 | -0.00357   |
|    jump_landing                   | 0          |
|    jump_success                   | 0          |
|    non_foot_collision             | 0          |
|    posture                        | -0.102     |
|    rapid_source_action_saturation | -0.0325    |
|    source_action_saturation       | -0.0325    |
|    static_contact_course          | 0          |
|    support_gap                    | -0.0375    |
|    torque                         | -0.00385   |
|    true_four_foot_contact         | 0          |
|    zero_velocity                  | -0.000886  |
|    zero_yaw_rate                  | -0.0166    |
| rollout/                          |            |
|    ep_rew_mean                    | 1.48e+03   |
|    true_four_contact_ratio        | 0.0103     |
| termination_reason/               |            |
|    body_contact                   | 0          |
|    controller_done                | 0          |
|    height                         | 0          |
|    joint_limit                    | 0          |
|    none                           | 0          |
|    tilt                           | 0          |
|    time_limit                     | 4          |
|    unknown                        | 0          |
|    unsupported                    | 0          |
|    workspace                      | 0          |
| time/                             |            |
|    fps                            | 404        |
|    iterations                     | 16         |
|    time_elapsed                   | 80         |
|    total_timesteps                | 32768      |
| train/                            |            |
|    approx_kl                      | 0.00802624 |
|    clip_fraction                  | 0.0317     |
|    clip_range                     | 0.2        |
|    entropy_loss                   | -9.72      |
|    explained_variance             | 0.123      |
|    loss                           | 141        |
|    n_updates                      | 75         |
|    policy_gradient_loss           | -0.00571   |
|    std                            | 0.55       |
|    value_loss                     | 338        |
--------------------------------------------------
TRAIN_PROGRESS total_timesteps=33024
TRAIN_PROGRESS total_timesteps=33280
TRAIN_PROGRESS total_timesteps=33536
TRAIN_PROGRESS total_timesteps=33792
TRAIN_PROGRESS total_timesteps=34048
TRAIN_PROGRESS total_timesteps=34304
TRAIN_PROGRESS total_timesteps=34560
TRAIN_PROGRESS total_timesteps=34816
---------------------------------------------------
| rapid/                            |             |
|    action_saturation_rate         | 0.167       |
|    actor_lr                       | 1e-05       |
|    adaptation_lr                  | 0           |
|    critic_lr                      | 0.0001      |
|    source_action_abs_mean         | 1.36        |
|    speed_progress_mean            | 0.632       |
| reward/                           |             |
|    transition_mean                | 2.24        |
| reward_parts/                     |             |
|    action_rate                    | -0.00357    |
|    alive                          | 0.5         |
|    command_displacement_progress  | 0.659       |
|    command_speed_progress         | 0.75        |
|    command_tracking               | -0.0707     |
|    default_pose                   | -0.0587     |
|    distance                       | 0.0397      |
|    fall                           | 0           |
|    feet_air_time                  | 0           |
|    finetune_moving_contact        | 0.75        |
|    foot_slip                      | -0.0234     |
|    gait                           | -0.0125     |
|    height                         | -0.000403   |
|    horizontal_angular_velocity    | -0.135      |
|    joint_jitter                   | -0.0066     |
|    joint_velocity                 | -0.00129    |
|    jump_landing                   | 0           |
|    jump_success                   | 0           |
|    non_foot_collision             | 0           |
|    posture                        | -0.0198     |
|    rapid_source_action_saturation | -0.0303     |
|    source_action_saturation       | -0.0303     |
|    static_contact_course          | 0           |
|    support_gap                    | -0.075      |
|    torque                         | -0.0025     |
|    true_four_foot_contact         | 0           |
|    zero_velocity                  | -0.00215    |
|    zero_yaw_rate                  | -0.0205     |
| rollout/                          |             |
|    ep_rew_mean                    | 1.35e+03    |
|    true_four_contact_ratio        | 0.00977     |
| termination_reason/               |             |
|    body_contact                   | 0           |
|    controller_done                | 0           |
|    height                         | 0           |
|    joint_limit                    | 0           |
|    none                           | 0           |
|    tilt                           | 0           |
|    time_limit                     | 0           |
|    unknown                        | 0           |
|    unsupported                    | 0           |
|    workspace                      | 0           |
| time/                             |             |
|    fps                            | 404         |
|    iterations                     | 17          |
|    time_elapsed                   | 86          |
|    total_timesteps                | 34816       |
| train/                            |             |
|    approx_kl                      | 0.004797352 |
|    clip_fraction                  | 0.0102      |
|    clip_range                     | 0.2         |
|    entropy_loss                   | -9.72       |
|    explained_variance             | 0.122       |
|    loss                           | 148         |
|    n_updates                      | 80          |
|    policy_gradient_loss           | -0.0044     |
|    std                            | 0.55        |
|    value_loss                     | 314         |
---------------------------------------------------
TRAIN_PROGRESS total_timesteps=35072
TRAIN_PROGRESS total_timesteps=35328
TRAIN_PROGRESS total_timesteps=35584
TRAIN_PROGRESS total_timesteps=35840
TRAIN_PROGRESS total_timesteps=36096
TRAIN_PROGRESS total_timesteps=36352
TRAIN_PROGRESS total_timesteps=36608
TRAIN_PROGRESS total_timesteps=36864
---------------------------------------------------
| rapid/                            |             |
|    action_saturation_rate         | 0.167       |
|    actor_lr                       | 1e-05       |
|    adaptation_lr                  | 0           |
|    critic_lr                      | 0.0001      |
|    source_action_abs_mean         | 1.31        |
|    speed_progress_mean            | 0.636       |
| reward/                           |             |
|    transition_mean                | 1.93        |
| reward_parts/                     |             |
|    action_rate                    | -0.00311    |
|    alive                          | 0.5         |
|    command_displacement_progress  | 0.47        |
|    command_speed_progress         | 0.396       |
|    command_tracking               | -0.0251     |
|    default_pose                   | -0.053      |
|    distance                       | 0.0196      |
|    fall                           | 0           |
|    feet_air_time                  | 0           |
|    finetune_moving_contact        | 0.875       |
|    foot_slip                      | -0.0176     |
|    gait                           | -0.0125     |
|    height                         | -5.15e-05   |
|    horizontal_angular_velocity    | -0.0558     |
|    joint_jitter                   | -0.00687    |
|    joint_velocity                 | -0.00247    |
|    jump_landing                   | 0           |
|    jump_success                   | 0           |
|    non_foot_collision             | 0           |
|    posture                        | -0.0215     |
|    rapid_source_action_saturation | -0.0228     |
|    source_action_saturation       | -0.0228     |
|    static_contact_course          | 0           |
|    support_gap                    | -0.075      |
|    torque                         | -0.00601    |
|    true_four_foot_contact         | 0           |
|    zero_velocity                  | -0.000567   |
|    zero_yaw_rate                  | -0.0269     |
| rollout/                          |             |
|    ep_rew_mean                    | 1.99e+03    |
|    true_four_contact_ratio        | 0.00879     |
| termination_reason/               |             |
|    body_contact                   | 0           |
|    controller_done                | 0           |
|    height                         | 0           |
|    joint_limit                    | 0           |
|    none                           | 0           |
|    tilt                           | 0           |
|    time_limit                     | 4           |
|    unknown                        | 0           |
|    unsupported                    | 0           |
|    workspace                      | 0           |
| time/                             |             |
|    fps                            | 402         |
|    iterations                     | 18          |
|    time_elapsed                   | 91          |
|    total_timesteps                | 36864       |
| train/                            |             |
|    approx_kl                      | 0.006998067 |
|    clip_fraction                  | 0.0197      |
|    clip_range                     | 0.2         |
|    entropy_loss                   | -9.72       |
|    explained_variance             | 0.15        |
|    loss                           | 112         |
|    n_updates                      | 85          |
|    policy_gradient_loss           | -0.00306    |
|    std                            | 0.55        |
|    value_loss                     | 276         |
---------------------------------------------------
TRAIN_PROGRESS total_timesteps=37120
TRAIN_PROGRESS total_timesteps=37376
TRAIN_PROGRESS total_timesteps=37632
TRAIN_PROGRESS total_timesteps=37888
TRAIN_PROGRESS total_timesteps=38144
TRAIN_PROGRESS total_timesteps=38400
TRAIN_PROGRESS total_timesteps=38656
TRAIN_PROGRESS total_timesteps=38912
----------------------------------------------------
| rapid/                            |              |
|    action_saturation_rate         | 0.208        |
|    actor_lr                       | 1e-05        |
|    adaptation_lr                  | 0            |
|    critic_lr                      | 0.0001       |
|    source_action_abs_mean         | 1.38         |
|    speed_progress_mean            | 0.638        |
| reward/                           |              |
|    transition_mean                | -0.0892      |
| reward_parts/                     |              |
|    action_rate                    | -0.00316     |
|    alive                          | 0.5          |
|    command_displacement_progress  | -0.237       |
|    command_speed_progress         | 0            |
|    command_tracking               | -0.055       |
|    default_pose                   | -0.0685      |
|    distance                       | -0.00859     |
|    fall                           | 0            |
|    feet_air_time                  | 0            |
|    finetune_moving_contact        | 0.25         |
|    foot_slip                      | -0.0372      |
|    gait                           | -0.0375      |
|    height                         | -0.00013     |
|    horizontal_angular_velocity    | -0.0355      |
|    joint_jitter                   | -0.0101      |
|    joint_velocity                 | -0.0015      |
|    jump_landing                   | 0            |
|    jump_success                   | 0            |
|    non_foot_collision             | 0            |
|    posture                        | -0.108       |
|    rapid_source_action_saturation | -0.0345      |
|    source_action_saturation       | -0.0345      |
|    static_contact_course          | 0            |
|    support_gap                    | -0.188       |
|    torque                         | -0.00405     |
|    true_four_foot_contact         | 0            |
|    zero_velocity                  | -0.00305     |
|    zero_yaw_rate                  | -0.00803     |
| rollout/                          |              |
|    ep_rew_mean                    | 949          |
|    true_four_contact_ratio        | 0.00586      |
| termination_reason/               |              |
|    body_contact                   | 0            |
|    controller_done                | 0            |
|    height                         | 0            |
|    joint_limit                    | 0            |
|    none                           | 0            |
|    tilt                           | 0            |
|    time_limit                     | 0            |
|    unknown                        | 0            |
|    unsupported                    | 0            |
|    workspace                      | 0            |
| time/                             |              |
|    fps                            | 400          |
|    iterations                     | 19           |
|    time_elapsed                   | 97           |
|    total_timesteps                | 38912        |
| train/                            |              |
|    approx_kl                      | 0.0101450905 |
|    clip_fraction                  | 0.0491       |
|    clip_range                     | 0.2          |
|    entropy_loss                   | -9.72        |
|    explained_variance             | 0.236        |
|    loss                           | 98.7         |
|    n_updates                      | 90           |
|    policy_gradient_loss           | -0.00606     |
|    std                            | 0.55         |
|    value_loss                     | 237          |
----------------------------------------------------
TRAIN_PROGRESS total_timesteps=39168
TRAIN_PROGRESS total_timesteps=39424
TRAIN_PROGRESS total_timesteps=39680
TRAIN_PROGRESS total_timesteps=39936
CHECKPOINT /run/media/pma213x/0C6A8CC86A8CAFCE/Ubuntu2/CodeU/Dog1/official-mini-cheetah/checkpoints/official_mini_cheetah_flat_jump_v1_r3/rapid_finetune_500k_20261006/official_mini_cheetah_flat_jump_v1_r3_40000_steps.zip
TRAIN_PROGRESS total_timesteps=40192
TRAIN_PROGRESS total_timesteps=40448
TRAIN_PROGRESS total_timesteps=40704
TRAIN_PROGRESS total_timesteps=40960
---------------------------------------------------
| rapid/                            |             |
|    action_saturation_rate         | 0.229       |
|    actor_lr                       | 1e-05       |
|    adaptation_lr                  | 0           |
|    critic_lr                      | 0.0001      |
|    source_action_abs_mean         | 1.45        |
|    speed_progress_mean            | 0.641       |
| reward/                           |             |
|    transition_mean                | 0.531       |
| reward_parts/                     |             |
|    action_rate                    | -0.00331    |
|    alive                          | 0.5         |
|    command_displacement_progress  | -0.327      |
|    command_speed_progress         | 0.0814      |
|    command_tracking               | -0.137      |
|    default_pose                   | -0.0724     |
|    distance                       | -0.0151     |
|    fall                           | 0           |
|    feet_air_time                  | 0           |
|    finetune_moving_contact        | 0.875       |
|    foot_slip                      | -0.0398     |
|    gait                           | -0.0125     |
|    height                         | -0.000248   |
|    horizontal_angular_velocity    | -0.11       |
|    joint_jitter                   | -0.00767    |
|    joint_velocity                 | -0.00156    |
|    jump_landing                   | 0           |
|    jump_success                   | 0           |
|    non_foot_collision             | 0           |
|    posture                        | -0.0474     |
|    rapid_source_action_saturation | -0.0307     |
|    source_action_saturation       | -0.0307     |
|    static_contact_course          | 0           |
|    support_gap                    | -0.075      |
|    torque                         | -0.00597    |
|    true_four_foot_contact         | 0           |
|    zero_velocity                  | -0.00848    |
|    zero_yaw_rate                  | -0.0313     |
| rollout/                          |             |
|    ep_rew_mean                    | 1.5e+03     |
|    true_four_contact_ratio        | 0.00781     |
| termination_reason/               |             |
|    body_contact                   | 0           |
|    controller_done                | 0           |
|    height                         | 0           |
|    joint_limit                    | 0           |
|    none                           | 0           |
|    tilt                           | 0           |
|    time_limit                     | 4           |
|    unknown                        | 0           |
|    unsupported                    | 0           |
|    workspace                      | 0           |
| time/                             |             |
|    fps                            | 399         |
|    iterations                     | 20          |
|    time_elapsed                   | 102         |
|    total_timesteps                | 40960       |
| train/                            |             |
|    approx_kl                      | 0.004105158 |
|    clip_fraction                  | 0.0123      |
|    clip_range                     | 0.2         |
|    entropy_loss                   | -9.72       |
|    explained_variance             | 0.266       |
|    loss                           | 173         |
|    n_updates                      | 95          |
|    policy_gradient_loss           | -0.00318    |
|    std                            | 0.55        |
|    value_loss                     | 385         |
---------------------------------------------------
TRAIN_PROGRESS total_timesteps=41216
TRAIN_PROGRESS total_timesteps=41472
TRAIN_PROGRESS total_timesteps=41728
TRAIN_PROGRESS total_timesteps=41984
TRAIN_PROGRESS total_timesteps=42240
TRAIN_PROGRESS total_timesteps=42496
TRAIN_PROGRESS total_timesteps=42752
TRAIN_PROGRESS total_timesteps=43008
---------------------------------------------------
| rapid/                            |             |
|    action_saturation_rate         | 0.167       |
|    actor_lr                       | 1e-05       |
|    adaptation_lr                  | 0           |
|    critic_lr                      | 0.0001      |
|    source_action_abs_mean         | 1.34        |
|    speed_progress_mean            | 0.642       |
| reward/                           |             |
|    transition_mean                | 1.59        |
| reward_parts/                     |             |
|    action_rate                    | -0.00335    |
|    alive                          | 0.5         |
|    command_displacement_progress  | 0.403       |
|    command_speed_progress         | 0.466       |
|    command_tracking               | -0.102      |
|    default_pose                   | -0.0617     |
|    distance                       | 0.0281      |
|    fall                           | 0           |
|    feet_air_time                  | 0           |
|    finetune_moving_contact        | 0.75        |
|    foot_slip                      | -0.061      |
|    gait                           | -0.0125     |
|    height                         | -0.000187   |
|    horizontal_angular_velocity    | -0.131      |
|    joint_jitter                   | -0.00761    |
|    joint_velocity                 | -0.00146    |
|    jump_landing                   | 0           |
|    jump_success                   | 0           |
|    non_foot_collision             | 0           |
|    posture                        | -0.0446     |
|    rapid_source_action_saturation | -0.0174     |
|    source_action_saturation       | -0.0174     |
|    static_contact_course          | 0           |
|    support_gap                    | -0.075      |
|    torque                         | -0.00333    |
|    true_four_foot_contact         | 0           |
|    zero_velocity                  | -0.00356    |
|    zero_yaw_rate                  | -0.0282     |
| rollout/                          |             |
|    ep_rew_mean                    | 1.25e+03    |
|    true_four_contact_ratio        | 0.00977     |
| termination_reason/               |             |
|    body_contact                   | 0           |
|    controller_done                | 0           |
|    height                         | 0           |
|    joint_limit                    | 0           |
|    none                           | 0           |
|    tilt                           | 0           |
|    time_limit                     | 0           |
|    unknown                        | 0           |
|    unsupported                    | 0           |
|    workspace                      | 0           |
| time/                             |             |
|    fps                            | 399         |
|    iterations                     | 21          |
|    time_elapsed                   | 107         |
|    total_timesteps                | 43008       |
| train/                            |             |
|    approx_kl                      | 0.002736202 |
|    clip_fraction                  | 0.00342     |
|    clip_range                     | 0.2         |
|    entropy_loss                   | -9.72       |
|    explained_variance             | 0.241       |
|    loss                           | 118         |
|    n_updates                      | 100         |
|    policy_gradient_loss           | -0.00266    |
|    std                            | 0.55        |
|    value_loss                     | 256         |
---------------------------------------------------
TRAIN_PROGRESS total_timesteps=43264
TRAIN_PROGRESS total_timesteps=43520
TRAIN_PROGRESS total_timesteps=43776
TRAIN_PROGRESS total_timesteps=44032
TRAIN_PROGRESS total_timesteps=44288
TRAIN_PROGRESS total_timesteps=44544
TRAIN_PROGRESS total_timesteps=44800
TRAIN_PROGRESS total_timesteps=45056
----------------------------------------------------
| rapid/                            |              |
|    action_saturation_rate         | 0.167        |
|    actor_lr                       | 1e-05        |
|    adaptation_lr                  | 0            |
|    critic_lr                      | 0.0001       |
|    source_action_abs_mean         | 1.32         |
|    speed_progress_mean            | 0.646        |
| reward/                           |              |
|    transition_mean                | 1.57         |
| reward_parts/                     |              |
|    action_rate                    | -0.00332     |
|    alive                          | 0.5          |
|    command_displacement_progress  | 0.501        |
|    command_speed_progress         | 0.5          |
|    command_tracking               | -0.0426      |
|    default_pose                   | -0.0577      |
|    distance                       | 0.0241       |
|    fall                           | 0            |
|    feet_air_time                  | 0            |
|    finetune_moving_contact        | 0.5          |
|    foot_slip                      | -0.00646     |
|    gait                           | -0.025       |
|    height                         | -0.000173    |
|    horizontal_angular_velocity    | -0.102       |
|    joint_jitter                   | -0.0118      |
|    joint_velocity                 | -0.00194     |
|    jump_landing                   | 0            |
|    jump_success                   | 0            |
|    non_foot_collision             | 0            |
|    posture                        | -0.0384      |
|    rapid_source_action_saturation | -0.0192      |
|    source_action_saturation       | -0.0192      |
|    static_contact_course          | 0            |
|    support_gap                    | -0.112       |
|    torque                         | -0.00442     |
|    true_four_foot_contact         | 0            |
|    zero_velocity                  | -0.0026      |
|    zero_yaw_rate                  | -0.0264      |
| rollout/                          |              |
|    ep_rew_mean                    | 1.66e+03     |
|    true_four_contact_ratio        | 0.00977      |
| termination_reason/               |              |
|    body_contact                   | 0            |
|    controller_done                | 0            |
|    height                         | 0            |
|    joint_limit                    | 0            |
|    none                           | 0            |
|    tilt                           | 0            |
|    time_limit                     | 4            |
|    unknown                        | 0            |
|    unsupported                    | 0            |
|    workspace                      | 0            |
| time/                             |              |
|    fps                            | 397          |
|    iterations                     | 22           |
|    time_elapsed                   | 113          |
|    total_timesteps                | 45056        |
| train/                            |              |
|    approx_kl                      | 0.0095421355 |
|    clip_fraction                  | 0.055        |
|    clip_range                     | 0.2          |
|    entropy_loss                   | -9.72        |
|    explained_variance             | 0.37         |
|    loss                           | 134          |
|    n_updates                      | 105          |
|    policy_gradient_loss           | -0.00604     |
|    std                            | 0.55         |
|    value_loss                     | 298          |
----------------------------------------------------
TRAIN_PROGRESS total_timesteps=45312
TRAIN_PROGRESS total_timesteps=45568
TRAIN_PROGRESS total_timesteps=45824
TRAIN_PROGRESS total_timesteps=46080
TRAIN_PROGRESS total_timesteps=46336
TRAIN_PROGRESS total_timesteps=46592
TRAIN_PROGRESS total_timesteps=46848
TRAIN_PROGRESS total_timesteps=47104
----------------------------------------------------
| rapid/                            |              |
|    action_saturation_rate         | 0.188        |
|    actor_lr                       | 1e-05        |
|    adaptation_lr                  | 0            |
|    critic_lr                      | 0.0001       |
|    source_action_abs_mean         | 1.21         |
|    speed_progress_mean            | 0.649        |
| reward/                           |              |
|    transition_mean                | 0.405        |
| reward_parts/                     |              |
|    action_rate                    | -0.00329     |
|    alive                          | 0.5          |
|    command_displacement_progress  | -0.273       |
|    command_speed_progress         | 0.0835       |
|    command_tracking               | -0.0982      |
|    default_pose                   | -0.0569      |
|    distance                       | -0.0332      |
|    fall                           | 0            |
|    feet_air_time                  | 0            |
|    finetune_moving_contact        | 0.625        |
|    foot_slip                      | -0.0354      |
|    gait                           | -0.025       |
|    height                         | -0.000258    |
|    horizontal_angular_velocity    | -0.0488      |
|    joint_jitter                   | -0.00837     |
|    joint_velocity                 | -0.00214     |
|    jump_landing                   | 0            |
|    jump_success                   | 0            |
|    non_foot_collision             | 0            |
|    posture                        | -0.0489      |
|    rapid_source_action_saturation | -0.0148      |
|    source_action_saturation       | -0.0148      |
|    static_contact_course          | 0            |
|    support_gap                    | -0.112       |
|    torque                         | -0.00359     |
|    true_four_foot_contact         | 0            |
|    zero_velocity                  | -0.00109     |
|    zero_yaw_rate                  | -0.0375      |
| rollout/                          |              |
|    ep_rew_mean                    | 1.33e+03     |
|    true_four_contact_ratio        | 0.00635      |
| termination_reason/               |              |
|    body_contact                   | 0            |
|    controller_done                | 0            |
|    height                         | 0            |
|    joint_limit                    | 0            |
|    none                           | 0            |
|    tilt                           | 0            |
|    time_limit                     | 0            |
|    unknown                        | 0            |
|    unsupported                    | 0            |
|    workspace                      | 0            |
| time/                             |              |
|    fps                            | 395          |
|    iterations                     | 23           |
|    time_elapsed                   | 118          |
|    total_timesteps                | 47104        |
| train/                            |              |
|    approx_kl                      | 0.0041693817 |
|    clip_fraction                  | 0.00781      |
|    clip_range                     | 0.2          |
|    entropy_loss                   | -9.72        |
|    explained_variance             | 0.184        |
|    loss                           | 126          |
|    n_updates                      | 110          |
|    policy_gradient_loss           | -0.00333     |
|    std                            | 0.55         |
|    value_loss                     | 279          |
----------------------------------------------------
TRAIN_PROGRESS total_timesteps=47360
TRAIN_PROGRESS total_timesteps=47616
TRAIN_PROGRESS total_timesteps=47872
TRAIN_PROGRESS total_timesteps=48128
TRAIN_PROGRESS total_timesteps=48384
TRAIN_PROGRESS total_timesteps=48640
TRAIN_PROGRESS total_timesteps=48896
TRAIN_PROGRESS total_timesteps=49152
---------------------------------------------------
| rapid/                            |             |
|    action_saturation_rate         | 0.167       |
|    actor_lr                       | 1e-05       |
|    adaptation_lr                  | 0           |
|    critic_lr                      | 0.0001      |
|    source_action_abs_mean         | 1.4         |
|    speed_progress_mean            | 0.651       |
| reward/                           |             |
|    transition_mean                | 1.12        |
| reward_parts/                     |             |
|    action_rate                    | -0.00351    |
|    alive                          | 0.5         |
|    command_displacement_progress  | 0.375       |
|    command_speed_progress         | 0.34        |
|    command_tracking               | -0.0253     |
|    default_pose                   | -0.0602     |
|    distance                       | 0.02        |
|    fall                           | 0           |
|    feet_air_time                  | 0           |
|    finetune_moving_contact        | 0.375       |
|    foot_slip                      | -0.0586     |
|    gait                           | -0.0375     |
|    height                         | -0.000289   |
|    horizontal_angular_velocity    | -0.048      |
|    joint_jitter                   | -0.0104     |
|    joint_velocity                 | -0.00176    |
|    jump_landing                   | 0           |
|    jump_success                   | 0           |
|    non_foot_collision             | 0           |
|    posture                        | -0.00888    |
|    rapid_source_action_saturation | -0.0203     |
|    source_action_saturation       | -0.0203     |
|    static_contact_course          | 0           |
|    support_gap                    | -0.188      |
|    torque                         | -0.00316    |
|    true_four_foot_contact         | 0           |
|    zero_velocity                  | -0.00225    |
|    zero_yaw_rate                  | -0.0243     |
| rollout/                          |             |
|    ep_rew_mean                    | 1.57e+03    |
|    true_four_contact_ratio        | 0.0122      |
| termination_reason/               |             |
|    body_contact                   | 0           |
|    controller_done                | 0           |
|    height                         | 0           |
|    joint_limit                    | 0           |
|    none                           | 0           |
|    tilt                           | 0           |
|    time_limit                     | 4           |
|    unknown                        | 0           |
|    unsupported                    | 0           |
|    workspace                      | 0           |
| time/                             |             |
|    fps                            | 392         |
|    iterations                     | 24          |
|    time_elapsed                   | 125         |
|    total_timesteps                | 49152       |
| train/                            |             |
|    approx_kl                      | 0.004206411 |
|    clip_fraction                  | 0.00723     |
|    clip_range                     | 0.2         |
|    entropy_loss                   | -9.72       |
|    explained_variance             | 0.414       |
|    loss                           | 175         |
|    n_updates                      | 115         |
|    policy_gradient_loss           | -0.00434    |
|    std                            | 0.55        |
|    value_loss                     | 372         |
---------------------------------------------------
TRAIN_PROGRESS total_timesteps=49408
TRAIN_PROGRESS total_timesteps=49664
TRAIN_PROGRESS total_timesteps=49920
TRAIN_PROGRESS total_timesteps=50176
TRAIN_PROGRESS total_timesteps=50432
TRAIN_PROGRESS total_timesteps=50688
TRAIN_PROGRESS total_timesteps=50944
TRAIN_PROGRESS total_timesteps=51200
----------------------------------------------------
| rapid/                            |              |
|    action_saturation_rate         | 0.188        |
|    actor_lr                       | 1e-05        |
|    adaptation_lr                  | 0            |
|    critic_lr                      | 0.0001       |
|    source_action_abs_mean         | 1.33         |
|    speed_progress_mean            | 0.653        |
| reward/                           |              |
|    transition_mean                | 1.3          |
| reward_parts/                     |              |
|    action_rate                    | -0.00311     |
|    alive                          | 0.5          |
|    command_displacement_progress  | -0.271       |
|    command_speed_progress         | 0.375        |
|    command_tracking               | -0.155       |
|    default_pose                   | -0.0514      |
|    distance                       | -0.0305      |
|    fall                           | 0            |
|    feet_air_time                  | 0            |
|    finetune_moving_contact        | 1.25         |
|    foot_slip                      | -0.103       |
|    gait                           | 0            |
|    height                         | -0.000235    |
|    horizontal_angular_velocity    | -0.0642      |
|    joint_jitter                   | -0.00716     |
|    joint_velocity                 | -0.00308     |
|    jump_landing                   | 0            |
|    jump_success                   | 0            |
|    non_foot_collision             | 0            |
|    posture                        | -0.0723      |
|    rapid_source_action_saturation | -0.0345      |
|    source_action_saturation       | -0.0345      |
|    static_contact_course          | 0            |
|    support_gap                    | 0            |
|    torque                         | -0.00241     |
|    true_four_foot_contact         | 0            |
|    zero_velocity                  | 0            |
|    zero_yaw_rate                  | -0.032       |
| rollout/                          |              |
|    ep_rew_mean                    | 1.41e+03     |
|    true_four_contact_ratio        | 0.00928      |
| termination_reason/               |              |
|    body_contact                   | 0            |
|    controller_done                | 0            |
|    height                         | 0            |
|    joint_limit                    | 0            |
|    none                           | 0            |
|    tilt                           | 0            |
|    time_limit                     | 0            |
|    unknown                        | 0            |
|    unsupported                    | 0            |
|    workspace                      | 0            |
| time/                             |              |
|    fps                            | 389          |
|    iterations                     | 25           |
|    time_elapsed                   | 131          |
|    total_timesteps                | 51200        |
| train/                            |              |
|    approx_kl                      | 0.0073868306 |
|    clip_fraction                  | 0.0325       |
|    clip_range                     | 0.2          |
|    entropy_loss                   | -9.72        |
|    explained_variance             | 0.439        |
|    loss                           | 132          |
|    n_updates                      | 120          |
|    policy_gradient_loss           | -0.00668     |
|    std                            | 0.55         |
|    value_loss                     | 304          |
----------------------------------------------------
TRAIN_PROGRESS total_timesteps=51456
TRAIN_PROGRESS total_timesteps=51712
TRAIN_PROGRESS total_timesteps=51968
TRAIN_PROGRESS total_timesteps=52224
TRAIN_PROGRESS total_timesteps=52480
TRAIN_PROGRESS total_timesteps=52736
TRAIN_PROGRESS total_timesteps=52992
TRAIN_PROGRESS total_timesteps=53248
---------------------------------------------------
| rapid/                            |             |
|    action_saturation_rate         | 0.208       |
|    actor_lr                       | 1e-05       |
|    adaptation_lr                  | 0           |
|    critic_lr                      | 0.0001      |
|    source_action_abs_mean         | 1.18        |
|    speed_progress_mean            | 0.655       |
| reward/                           |             |
|    transition_mean                | 2.62        |
| reward_parts/                     |             |
|    action_rate                    | -0.0034     |
|    alive                          | 0.5         |
|    command_displacement_progress  | 0.613       |
|    command_speed_progress         | 0.79        |
|    command_tracking               | -0.0507     |
|    default_pose                   | -0.0551     |
|    distance                       | 0.0356      |
|    fall                           | 0           |
|    feet_air_time                  | 0           |
|    finetune_moving_contact        | 1           |
|    foot_slip                      | -0.0253     |
|    gait                           | 0           |
|    height                         | -0.00131    |
|    horizontal_angular_velocity    | -0.0836     |
|    joint_jitter                   | -0.00693    |
|    joint_velocity                 | -0.00245    |
|    jump_landing                   | 0           |
|    jump_success                   | 0           |
|    non_foot_collision             | 0           |
|    posture                        | -0.057      |
|    rapid_source_action_saturation | -0.0229     |
|    source_action_saturation       | -0.0229     |
|    static_contact_course          | 0           |
|    support_gap                    | 0           |
|    torque                         | -0.00419    |
|    true_four_foot_contact         | 0           |
|    zero_velocity                  | 0           |
|    zero_yaw_rate                  | -0.00634    |
| rollout/                          |             |
|    ep_rew_mean                    | 1.86e+03    |
|    true_four_contact_ratio        | 0.0161      |
| termination_reason/               |             |
|    body_contact                   | 0           |
|    controller_done                | 0           |
|    height                         | 0           |
|    joint_limit                    | 0           |
|    none                           | 0           |
|    tilt                           | 0           |
|    time_limit                     | 4           |
|    unknown                        | 0           |
|    unsupported                    | 0           |
|    workspace                      | 0           |
| time/                             |             |
|    fps                            | 386         |
|    iterations                     | 26          |
|    time_elapsed                   | 137         |
|    total_timesteps                | 53248       |
| train/                            |             |
|    approx_kl                      | 0.008471031 |
|    clip_fraction                  | 0.0395      |
|    clip_range                     | 0.2         |
|    entropy_loss                   | -9.73       |
|    explained_variance             | 0.601       |
|    loss                           | 133         |
|    n_updates                      | 125         |
|    policy_gradient_loss           | -0.00795    |
|    std                            | 0.55        |
|    value_loss                     | 286         |
---------------------------------------------------
TRAIN_PROGRESS total_timesteps=53504
TRAIN_PROGRESS total_timesteps=53760
TRAIN_PROGRESS total_timesteps=54016
TRAIN_PROGRESS total_timesteps=54272
TRAIN_PROGRESS total_timesteps=54528
TRAIN_PROGRESS total_timesteps=54784
TRAIN_PROGRESS total_timesteps=55040
TRAIN_PROGRESS total_timesteps=55296
----------------------------------------------------
| rapid/                            |              |
|    action_saturation_rate         | 0.208        |
|    actor_lr                       | 1e-05        |
|    adaptation_lr                  | 0            |
|    critic_lr                      | 0.0001       |
|    source_action_abs_mean         | 1.36         |
|    speed_progress_mean            | 0.657        |
| reward/                           |              |
|    transition_mean                | 1.23         |
| reward_parts/                     |              |
|    action_rate                    | -0.00382     |
|    alive                          | 0.5          |
|    command_displacement_progress  | 0.00883      |
|    command_speed_progress         | 0.375        |
|    command_tracking               | -0.0809      |
|    default_pose                   | -0.0574      |
|    distance                       | -0.00306     |
|    fall                           | 0            |
|    feet_air_time                  | 0            |
|    finetune_moving_contact        | 0.75         |
|    foot_slip                      | -0.0302      |
|    gait                           | -0.0125      |
|    height                         | -0.000131    |
|    horizontal_angular_velocity    | -0.0381      |
|    joint_jitter                   | -0.00757     |
|    joint_velocity                 | -0.0017      |
|    jump_landing                   | 0            |
|    jump_success                   | 0            |
|    non_foot_collision             | 0            |
|    posture                        | -0.0435      |
|    rapid_source_action_saturation | -0.0197      |
|    source_action_saturation       | -0.0197      |
|    static_contact_course          | 0            |
|    support_gap                    | -0.075       |
|    torque                         | -0.00221     |
|    true_four_foot_contact         | 0            |
|    zero_velocity                  | -0.00286     |
|    zero_yaw_rate                  | -0.0252      |
| rollout/                          |              |
|    ep_rew_mean                    | 1.3e+03      |
|    true_four_contact_ratio        | 0.0132       |
| termination_reason/               |              |
|    body_contact                   | 0            |
|    controller_done                | 0            |
|    height                         | 0            |
|    joint_limit                    | 0            |
|    none                           | 0            |
|    tilt                           | 0            |
|    time_limit                     | 0            |
|    unknown                        | 0            |
|    unsupported                    | 0            |
|    workspace                      | 0            |
| time/                             |              |
|    fps                            | 384          |
|    iterations                     | 27           |
|    time_elapsed                   | 143          |
|    total_timesteps                | 55296        |
| train/                            |              |
|    approx_kl                      | 0.0053151185 |
|    clip_fraction                  | 0.0187       |
|    clip_range                     | 0.2          |
|    entropy_loss                   | -9.73        |
|    explained_variance             | 0.599        |
|    loss                           | 98.2         |
|    n_updates                      | 130          |
|    policy_gradient_loss           | -0.00421     |
|    std                            | 0.55         |
|    value_loss                     | 248          |
----------------------------------------------------
TRAIN_PROGRESS total_timesteps=55552
TRAIN_PROGRESS total_timesteps=55808
TRAIN_PROGRESS total_timesteps=56064
TRAIN_PROGRESS total_timesteps=56320
TRAIN_PROGRESS total_timesteps=56576
TRAIN_PROGRESS total_timesteps=56832
TRAIN_PROGRESS total_timesteps=57088
TRAIN_PROGRESS total_timesteps=57344
---------------------------------------------------
| rapid/                            |             |
|    action_saturation_rate         | 0.188       |
|    actor_lr                       | 1e-05       |
|    adaptation_lr                  | 0           |
|    critic_lr                      | 0.0001      |
|    source_action_abs_mean         | 1.23        |
|    speed_progress_mean            | 0.662       |
| reward/                           |             |
|    transition_mean                | 1.29        |
| reward_parts/                     |             |
|    action_rate                    | -0.00328    |
|    alive                          | 0.5         |
|    command_displacement_progress  | 0.325       |
|    command_speed_progress         | 0.375       |
|    command_tracking               | -0.0262     |
|    default_pose                   | -0.0597     |
|    distance                       | 0.0174      |
|    fall                           | 0           |
|    feet_air_time                  | 0           |
|    finetune_moving_contact        | 0.5         |
|    foot_slip                      | -0.0197     |
|    gait                           | -0.025      |
|    height                         | -0.000814   |
|    horizontal_angular_velocity    | -0.0298     |
|    joint_jitter                   | -0.00896    |
|    joint_velocity                 | -0.00133    |
|    jump_landing                   | 0           |
|    jump_success                   | 0           |
|    non_foot_collision             | 0           |
|    posture                        | -0.0704     |
|    rapid_source_action_saturation | -0.0238     |
|    source_action_saturation       | -0.0238     |
|    static_contact_course          | 0           |
|    support_gap                    | -0.15       |
|    torque                         | -0.00262    |
|    true_four_foot_contact         | 0           |
|    zero_velocity                  | -0.0017     |
|    zero_yaw_rate                  | -0.00286    |
| rollout/                          |             |
|    ep_rew_mean                    | 1.62e+03    |
|    true_four_contact_ratio        | 0.0112      |
| termination_reason/               |             |
|    body_contact                   | 0           |
|    controller_done                | 0           |
|    height                         | 0           |
|    joint_limit                    | 0           |
|    none                           | 0           |
|    tilt                           | 0           |
|    time_limit                     | 4           |
|    unknown                        | 0           |
|    unsupported                    | 0           |
|    workspace                      | 0           |
| time/                             |             |
|    fps                            | 383         |
|    iterations                     | 28          |
|    time_elapsed                   | 149         |
|    total_timesteps                | 57344       |
| train/                            |             |
|    approx_kl                      | 0.008504948 |
|    clip_fraction                  | 0.0329      |
|    clip_range                     | 0.2         |
|    entropy_loss                   | -9.73       |
|    explained_variance             | 0.661       |
|    loss                           | 123         |
|    n_updates                      | 135         |
|    policy_gradient_loss           | -0.0079     |
|    std                            | 0.55        |
|    value_loss                     | 290         |
---------------------------------------------------
TRAIN_PROGRESS total_timesteps=57600
TRAIN_PROGRESS total_timesteps=57856
TRAIN_PROGRESS total_timesteps=58112
TRAIN_PROGRESS total_timesteps=58368
TRAIN_PROGRESS total_timesteps=58624
TRAIN_PROGRESS total_timesteps=58880
TRAIN_PROGRESS total_timesteps=59136
TRAIN_PROGRESS total_timesteps=59392
----------------------------------------------------
| rapid/                            |              |
|    action_saturation_rate         | 0.0833       |
|    actor_lr                       | 1e-05        |
|    adaptation_lr                  | 0            |
|    critic_lr                      | 0.0001       |
|    source_action_abs_mean         | 1.23         |
|    speed_progress_mean            | 0.665        |
| reward/                           |              |
|    transition_mean                | 1.86         |
| reward_parts/                     |              |
|    action_rate                    | -0.00346     |
|    alive                          | 0.5          |
|    command_displacement_progress  | 0.379        |
|    command_speed_progress         | 0.75         |
|    command_tracking               | -0.112       |
|    default_pose                   | -0.0595      |
|    distance                       | 0.0588       |
|    fall                           | 0            |
|    feet_air_time                  | 0            |
|    finetune_moving_contact        | 0.75         |
|    foot_slip                      | -0.0657      |
|    gait                           | -0.0125      |
|    height                         | -0.000311    |
|    horizontal_angular_velocity    | -0.164       |
|    joint_jitter                   | -0.00592     |
|    joint_velocity                 | -0.00196     |
|    jump_landing                   | 0            |
|    jump_success                   | 0            |
|    non_foot_collision             | 0            |
|    posture                        | -0.0901      |
|    rapid_source_action_saturation | -0.00962     |
|    source_action_saturation       | -0.00962     |
|    static_contact_course          | 0            |
|    support_gap                    | -0.0375      |
|    torque                         | -0.00236     |
|    true_four_foot_contact         | 0            |
|    zero_velocity                  | -0.00131     |
|    zero_yaw_rate                  | -0.0107      |
| rollout/                          |              |
|    ep_rew_mean                    | 1.2e+03      |
|    true_four_contact_ratio        | 0.0122       |
| termination_reason/               |              |
|    body_contact                   | 0            |
|    controller_done                | 0            |
|    height                         | 0            |
|    joint_limit                    | 0            |
|    none                           | 0            |
|    tilt                           | 0            |
|    time_limit                     | 0            |
|    unknown                        | 0            |
|    unsupported                    | 0            |
|    workspace                      | 0            |
| time/                             |              |
|    fps                            | 380          |
|    iterations                     | 29           |
|    time_elapsed                   | 156          |
|    total_timesteps                | 59392        |
| train/                            |              |
|    approx_kl                      | 0.0054343143 |
|    clip_fraction                  | 0.0141       |
|    clip_range                     | 0.2          |
|    entropy_loss                   | -9.73        |
|    explained_variance             | 0.63         |
|    loss                           | 128          |
|    n_updates                      | 140          |
|    policy_gradient_loss           | -0.00583     |
|    std                            | 0.55         |
|    value_loss                     | 308          |
----------------------------------------------------
TRAIN_PROGRESS total_timesteps=59648
TRAIN_PROGRESS total_timesteps=59904
CHECKPOINT /run/media/pma213x/0C6A8CC86A8CAFCE/Ubuntu2/CodeU/Dog1/official-mini-cheetah/checkpoints/official_mini_cheetah_flat_jump_v1_r3/rapid_finetune_500k_20261006/official_mini_cheetah_flat_jump_v1_r3_60000_steps.zip
TRAIN_PROGRESS total_timesteps=60160
TRAIN_PROGRESS total_timesteps=60416
TRAIN_PROGRESS total_timesteps=60672
TRAIN_PROGRESS total_timesteps=60928
TRAIN_PROGRESS total_timesteps=61184
TRAIN_PROGRESS total_timesteps=61440
----------------------------------------------------
| rapid/                            |              |
|    action_saturation_rate         | 0.208        |
|    actor_lr                       | 1e-05        |
|    adaptation_lr                  | 0            |
|    critic_lr                      | 0.0001       |
|    source_action_abs_mean         | 1.33         |
|    speed_progress_mean            | 0.667        |
| reward/                           |              |
|    transition_mean                | 0.773        |
| reward_parts/                     |              |
|    action_rate                    | -0.00329     |
|    alive                          | 0.5          |
|    command_displacement_progress  | 0.272        |
|    command_speed_progress         | 0.29         |
|    command_tracking               | -0.0566      |
|    default_pose                   | -0.0545      |
|    distance                       | 0.0171       |
|    fall                           | 0            |
|    feet_air_time                  | 0            |
|    finetune_moving_contact        | 0.25         |
|    foot_slip                      | -0.0697      |
|    gait                           | -0.0375      |
|    height                         | -0.000312    |
|    horizontal_angular_velocity    | -0.0439      |
|    joint_jitter                   | -0.00746     |
|    joint_velocity                 | -0.00264     |
|    jump_landing                   | 0            |
|    jump_success                   | 0            |
|    non_foot_collision             | 0            |
|    posture                        | -0.0597      |
|    rapid_source_action_saturation | -0.022       |
|    source_action_saturation       | -0.022       |
|    static_contact_course          | 0            |
|    support_gap                    | -0.15        |
|    torque                         | -0.00328     |
|    true_four_foot_contact         | 0            |
|    zero_velocity                  | -0.00543     |
|    zero_yaw_rate                  | -0.0395      |
| rollout/                          |              |
|    ep_rew_mean                    | 1.46e+03     |
|    true_four_contact_ratio        | 0.0117       |
| termination_reason/               |              |
|    body_contact                   | 0            |
|    controller_done                | 0            |
|    height                         | 0            |
|    joint_limit                    | 0            |
|    none                           | 0            |
|    tilt                           | 0            |
|    time_limit                     | 4            |
|    unknown                        | 0            |
|    unsupported                    | 0            |
|    workspace                      | 0            |
| time/                             |              |
|    fps                            | 378          |
|    iterations                     | 30           |
|    time_elapsed                   | 162          |
|    total_timesteps                | 61440        |
| train/                            |              |
|    approx_kl                      | 0.0023708788 |
|    clip_fraction                  | 0.00264      |
|    clip_range                     | 0.2          |
|    entropy_loss                   | -9.73        |
|    explained_variance             | 0.716        |
|    loss                           | 153          |
|    n_updates                      | 145          |
|    policy_gradient_loss           | -0.00301     |
|    std                            | 0.55         |
|    value_loss                     | 350          |
----------------------------------------------------
TRAIN_PROGRESS total_timesteps=61696
TRAIN_PROGRESS total_timesteps=61952
TRAIN_PROGRESS total_timesteps=62208
TRAIN_PROGRESS total_timesteps=62464
TRAIN_PROGRESS total_timesteps=62720
TRAIN_PROGRESS total_timesteps=62976
TRAIN_PROGRESS total_timesteps=63232
TRAIN_PROGRESS total_timesteps=63488
----------------------------------------------------
| rapid/                            |              |
|    action_saturation_rate         | 0.125        |
|    actor_lr                       | 1e-05        |
|    adaptation_lr                  | 0            |
|    critic_lr                      | 0.0001       |
|    source_action_abs_mean         | 1.26         |
|    speed_progress_mean            | 0.668        |
| reward/                           |              |
|    transition_mean                | 2.07         |
| reward_parts/                     |              |
|    action_rate                    | -0.00329     |
|    alive                          | 0.5          |
|    command_displacement_progress  | 0.75         |
|    command_speed_progress         | 0.75         |
|    command_tracking               | -0.0712      |
|    default_pose                   | -0.0547      |
|    distance                       | 0.0441       |
|    fall                           | 0            |
|    feet_air_time                  | 0            |
|    finetune_moving_contact        | 0.5          |
|    foot_slip                      | -0.0377      |
|    gait                           | -0.025       |
|    height                         | -0.00018     |
|    horizontal_angular_velocity    | -0.0688      |
|    joint_jitter                   | -0.00539     |
|    joint_velocity                 | -0.00216     |
|    jump_landing                   | 0            |
|    jump_success                   | 0            |
|    non_foot_collision             | 0            |
|    posture                        | -0.0462      |
|    rapid_source_action_saturation | -0.0195      |
|    source_action_saturation       | -0.0195      |
|    static_contact_course          | 0            |
|    support_gap                    | -0.112       |
|    torque                         | -0.00281     |
|    true_four_foot_contact         | 0            |
|    zero_velocity                  | -0.00616     |
|    zero_yaw_rate                  | -0.0155      |
| rollout/                          |              |
|    ep_rew_mean                    | 970          |
|    true_four_contact_ratio        | 0.0107       |
| termination_reason/               |              |
|    body_contact                   | 0            |
|    controller_done                | 0            |
|    height                         | 0            |
|    joint_limit                    | 0            |
|    none                           | 0            |
|    tilt                           | 0            |
|    time_limit                     | 0            |
|    unknown                        | 0            |
|    unsupported                    | 0            |
|    workspace                      | 0            |
| time/                             |              |
|    fps                            | 380          |
|    iterations                     | 31           |
|    time_elapsed                   | 166          |
|    total_timesteps                | 63488        |
| train/                            |              |
|    approx_kl                      | 0.0023594124 |
|    clip_fraction                  | 0.000977     |
|    clip_range                     | 0.2          |
|    entropy_loss                   | -9.73        |
|    explained_variance             | 0.782        |
|    loss                           | 131          |
|    n_updates                      | 150          |
|    policy_gradient_loss           | -0.00379     |
|    std                            | 0.55         |
|    value_loss                     | 333          |
----------------------------------------------------
TRAIN_PROGRESS total_timesteps=63744
TRAIN_PROGRESS total_timesteps=64000
TRAIN_PROGRESS total_timesteps=64256
TRAIN_PROGRESS total_timesteps=64512
TRAIN_PROGRESS total_timesteps=64768
TRAIN_PROGRESS total_timesteps=65024
TRAIN_PROGRESS total_timesteps=65280
TRAIN_PROGRESS total_timesteps=65536
----------------------------------------------------
| rapid/                            |              |
|    action_saturation_rate         | 0.25         |
|    actor_lr                       | 1e-05        |
|    adaptation_lr                  | 0            |
|    critic_lr                      | 0.0001       |
|    source_action_abs_mean         | 1.34         |
|    speed_progress_mean            | 0.672        |
| reward/                           |              |
|    transition_mean                | 0.146        |
| reward_parts/                     |              |
|    action_rate                    | -0.003       |
|    alive                          | 0.5          |
|    command_displacement_progress  | -0.642       |
|    command_speed_progress         | 0            |
|    command_tracking               | -0.138       |
|    default_pose                   | -0.0544      |
|    distance                       | -0.0471      |
|    fall                           | 0            |
|    feet_air_time                  | 0            |
|    finetune_moving_contact        | 0.875        |
|    foot_slip                      | -0.0481      |
|    gait                           | -0.0125      |
|    height                         | -0.000286    |
|    horizontal_angular_velocity    | -0.079       |
|    joint_jitter                   | -0.0047      |
|    joint_velocity                 | -0.00245     |
|    jump_landing                   | 0            |
|    jump_success                   | 0            |
|    non_foot_collision             | 0            |
|    posture                        | -0.0614      |
|    rapid_source_action_saturation | -0.0267      |
|    source_action_saturation       | -0.0267      |
|    static_contact_course          | 0            |
|    support_gap                    | -0.075       |
|    torque                         | -0.00368     |
|    true_four_foot_contact         | 0            |
|    zero_velocity                  | -0.00215     |
|    zero_yaw_rate                  | -0.0279      |
| rollout/                          |              |
|    ep_rew_mean                    | 1.12e+03     |
|    true_four_contact_ratio        | 0.0156       |
| termination_reason/               |              |
|    body_contact                   | 0            |
|    controller_done                | 0            |
|    height                         | 0            |
|    joint_limit                    | 0            |
|    none                           | 0            |
|    tilt                           | 0            |
|    time_limit                     | 4            |
|    unknown                        | 0            |
|    unsupported                    | 0            |
|    workspace                      | 0            |
| time/                             |              |
|    fps                            | 382          |
|    iterations                     | 32           |
|    time_elapsed                   | 171          |
|    total_timesteps                | 65536        |
| train/                            |              |
|    approx_kl                      | 0.0020863237 |
|    clip_fraction                  | 0.00264      |
|    clip_range                     | 0.2          |
|    entropy_loss                   | -9.73        |
|    explained_variance             | 0.83         |
|    loss                           | 97.8         |
|    n_updates                      | 155          |
|    policy_gradient_loss           | -0.00294     |
|    std                            | 0.55         |
|    value_loss                     | 287          |
----------------------------------------------------
TRAIN_PROGRESS total_timesteps=65792
TRAIN_PROGRESS total_timesteps=66048
TRAIN_PROGRESS total_timesteps=66304
TRAIN_PROGRESS total_timesteps=66560
TRAIN_PROGRESS total_timesteps=66816
TRAIN_PROGRESS total_timesteps=67072
TRAIN_PROGRESS total_timesteps=67328
TRAIN_PROGRESS total_timesteps=67584
----------------------------------------------------
| rapid/                            |              |
|    action_saturation_rate         | 0.229        |
|    actor_lr                       | 1e-05        |
|    adaptation_lr                  | 0            |
|    critic_lr                      | 0.0001       |
|    source_action_abs_mean         | 1.42         |
|    speed_progress_mean            | 0.674        |
| reward/                           |              |
|    transition_mean                | 2.19         |
| reward_parts/                     |              |
|    action_rate                    | -0.00276     |
|    alive                          | 0.5          |
|    command_displacement_progress  | 0.281        |
|    command_speed_progress         | 0.75         |
|    command_tracking               | -0.195       |
|    default_pose                   | -0.0545      |
|    distance                       | -0.00759     |
|    fall                           | 0            |
|    feet_air_time                  | 0            |
|    finetune_moving_contact        | 1.25         |
|    foot_slip                      | -0.106       |
|    gait                           | 0            |
|    height                         | -0.000183    |
|    horizontal_angular_velocity    | -0.0921      |
|    joint_jitter                   | -0.00413     |
|    joint_velocity                 | -0.00368     |
|    jump_landing                   | 0            |
|    jump_success                   | 0            |
|    non_foot_collision             | 0            |
|    posture                        | -0.0639      |
|    rapid_source_action_saturation | -0.0296      |
|    source_action_saturation       | -0.0296      |
|    static_contact_course          | 0            |
|    support_gap                    | 0            |
|    torque                         | -0.00216     |
|    true_four_foot_contact         | 0            |
|    zero_velocity                  | 0            |
|    zero_yaw_rate                  | -0.0343      |
| rollout/                          |              |
|    ep_rew_mean                    | 1.18e+03     |
|    true_four_contact_ratio        | 0.0112       |
| termination_reason/               |              |
|    body_contact                   | 0            |
|    controller_done                | 0            |
|    height                         | 0            |
|    joint_limit                    | 0            |
|    none                           | 0            |
|    tilt                           | 0            |
|    time_limit                     | 0            |
|    unknown                        | 0            |
|    unsupported                    | 0            |
|    workspace                      | 0            |
| time/                             |              |
|    fps                            | 385          |
|    iterations                     | 33           |
|    time_elapsed                   | 175          |
|    total_timesteps                | 67584        |
| train/                            |              |
|    approx_kl                      | 0.0055414625 |
|    clip_fraction                  | 0.0188       |
|    clip_range                     | 0.2          |
|    entropy_loss                   | -9.73        |
|    explained_variance             | 0.807        |
|    loss                           | 135          |
|    n_updates                      | 160          |
|    policy_gradient_loss           | -0.00556     |
|    std                            | 0.55         |
|    value_loss                     | 330          |
----------------------------------------------------
TRAIN_PROGRESS total_timesteps=67840
TRAIN_PROGRESS total_timesteps=68096
TRAIN_PROGRESS total_timesteps=68352
TRAIN_PROGRESS total_timesteps=68608
TRAIN_PROGRESS total_timesteps=68864
TRAIN_PROGRESS total_timesteps=69120
TRAIN_PROGRESS total_timesteps=69376
TRAIN_PROGRESS total_timesteps=69632
----------------------------------------------------
| rapid/                            |              |
|    action_saturation_rate         | 0.167        |
|    actor_lr                       | 1e-05        |
|    adaptation_lr                  | 0            |
|    critic_lr                      | 0.0001       |
|    source_action_abs_mean         | 1.27         |
|    speed_progress_mean            | 0.677        |
| reward/                           |              |
|    transition_mean                | -1.37        |
| reward_parts/                     |              |
|    action_rate                    | -0.00355     |
|    alive                          | 0.5          |
|    command_displacement_progress  | -0.279       |
|    command_speed_progress         | 0            |
|    command_tracking               | -0.0333      |
|    default_pose                   | -0.0686      |
|    distance                       | -0.00248     |
|    fall                           | 0            |
|    feet_air_time                  | 0            |
|    finetune_moving_contact        | -1.12        |
|    foot_slip                      | -0.0323      |
|    gait                           | -0.025       |
|    height                         | -3.48e-05    |
|    horizontal_angular_velocity    | -0.0511      |
|    joint_jitter                   | -0.0131      |
|    joint_velocity                 | -0.000982    |
|    jump_landing                   | 0            |
|    jump_success                   | 0            |
|    non_foot_collision             | 0            |
|    posture                        | -0.039       |
|    rapid_source_action_saturation | -0.0365      |
|    source_action_saturation       | -0.0365      |
|    static_contact_course          | 0            |
|    support_gap                    | -0.15        |
|    torque                         | -0.00366     |
|    true_four_foot_contact         | 0            |
|    zero_velocity                  | -0.00167     |
|    zero_yaw_rate                  | -0.00714     |
| rollout/                          |              |
|    ep_rew_mean                    | 1.46e+03     |
|    true_four_contact_ratio        | 0.0117       |
| termination_reason/               |              |
|    body_contact                   | 0            |
|    controller_done                | 0            |
|    height                         | 0            |
|    joint_limit                    | 0            |
|    none                           | 0            |
|    tilt                           | 0            |
|    time_limit                     | 4            |
|    unknown                        | 0            |
|    unsupported                    | 0            |
|    workspace                      | 0            |
| time/                             |              |
|    fps                            | 386          |
|    iterations                     | 34           |
|    time_elapsed                   | 180          |
|    total_timesteps                | 69632        |
| train/                            |              |
|    approx_kl                      | 0.0038621682 |
|    clip_fraction                  | 0.00625      |
|    clip_range                     | 0.2          |
|    entropy_loss                   | -9.73        |
|    explained_variance             | 0.809        |
|    loss                           | 145          |
|    n_updates                      | 165          |
|    policy_gradient_loss           | -0.00451     |
|    std                            | 0.55         |
|    value_loss                     | 414          |
----------------------------------------------------
TRAIN_PROGRESS total_timesteps=69888
TRAIN_PROGRESS total_timesteps=70144
TRAIN_PROGRESS total_timesteps=70400
TRAIN_PROGRESS total_timesteps=70656
TRAIN_PROGRESS total_timesteps=70912
TRAIN_PROGRESS total_timesteps=71168
TRAIN_PROGRESS total_timesteps=71424
TRAIN_PROGRESS total_timesteps=71680
---------------------------------------------------
| rapid/                            |             |
|    action_saturation_rate         | 0.312       |
|    actor_lr                       | 1e-05       |
|    adaptation_lr                  | 0           |
|    critic_lr                      | 0.0001      |
|    source_action_abs_mean         | 1.41        |
|    speed_progress_mean            | 0.68        |
| reward/                           |             |
|    transition_mean                | 2.98        |
| reward_parts/                     |             |
|    action_rate                    | -0.00294    |
|    alive                          | 0.5         |
|    command_displacement_progress  | 0.921       |
|    command_speed_progress         | 0.951       |
|    command_tracking               | -0.0507     |
|    default_pose                   | -0.0568     |
|    distance                       | 0.0659      |
|    fall                           | 0           |
|    feet_air_time                  | 0           |
|    finetune_moving_contact        | 1           |
|    foot_slip                      | -0.0739     |
|    gait                           | 0           |
|    height                         | -0.000219   |
|    horizontal_angular_velocity    | -0.0956     |
|    joint_jitter                   | -0.00369    |
|    joint_velocity                 | -0.00326    |
|    jump_landing                   | 0           |
|    jump_success                   | 0           |
|    non_foot_collision             | 0           |
|    posture                        | -0.0808     |
|    rapid_source_action_saturation | -0.0399     |
|    source_action_saturation       | -0.0399     |
|    static_contact_course          | 0           |
|    support_gap                    | 0           |
|    torque                         | -0.00277    |
|    true_four_foot_contact         | 0           |
|    zero_velocity                  | 0           |
|    zero_yaw_rate                  | -0.0431     |
| rollout/                          |             |
|    ep_rew_mean                    | 1.54e+03    |
|    true_four_contact_ratio        | 0.00684     |
| termination_reason/               |             |
|    body_contact                   | 0           |
|    controller_done                | 0           |
|    height                         | 0           |
|    joint_limit                    | 0           |
|    none                           | 0           |
|    tilt                           | 0           |
|    time_limit                     | 0           |
|    unknown                        | 0           |
|    unsupported                    | 0           |
|    workspace                      | 0           |
| time/                             |             |
|    fps                            | 383         |
|    iterations                     | 35          |
|    time_elapsed                   | 186         |
|    total_timesteps                | 71680       |
| train/                            |             |
|    approx_kl                      | 0.004206811 |
|    clip_fraction                  | 0.00957     |
|    clip_range                     | 0.2         |
|    entropy_loss                   | -9.73       |
|    explained_variance             | 0.829       |
|    loss                           | 103         |
|    n_updates                      | 170         |
|    policy_gradient_loss           | -0.00473    |
|    std                            | 0.55        |
|    value_loss                     | 256         |
---------------------------------------------------
TRAIN_PROGRESS total_timesteps=71936
TRAIN_PROGRESS total_timesteps=72192
TRAIN_PROGRESS total_timesteps=72448
TRAIN_PROGRESS total_timesteps=72704
TRAIN_PROGRESS total_timesteps=72960
TRAIN_PROGRESS total_timesteps=73216
TRAIN_PROGRESS total_timesteps=73472
TRAIN_PROGRESS total_timesteps=73728
--------------------------------------------------
| rapid/                            |            |
|    action_saturation_rate         | 0.312      |
|    actor_lr                       | 1e-05      |
|    adaptation_lr                  | 0          |
|    critic_lr                      | 0.0001     |
|    source_action_abs_mean         | 1.48       |
|    speed_progress_mean            | 0.682      |
| reward/                           |            |
|    transition_mean                | 1.14       |
| reward_parts/                     |            |
|    action_rate                    | -0.00363   |
|    alive                          | 0.5        |
|    command_displacement_progress  | 0.162      |
|    command_speed_progress         | 0.123      |
|    command_tracking               | -0.0307    |
|    default_pose                   | -0.0723    |
|    distance                       | 0.00496    |
|    fall                           | 0          |
|    feet_air_time                  | 0          |
|    finetune_moving_contact        | 0.75       |
|    foot_slip                      | -0.00967   |
|    gait                           | -0.0125    |
|    height                         | -0.000399  |
|    horizontal_angular_velocity    | -0.0479    |
|    joint_jitter                   | -0.00734   |
|    joint_velocity                 | -0.000874  |
|    jump_landing                   | 0          |
|    jump_success                   | 0          |
|    non_foot_collision             | 0          |
|    posture                        | -0.0595    |
|    rapid_source_action_saturation | -0.0402    |
|    source_action_saturation       | -0.0402    |
|    static_contact_course          | 0          |
|    support_gap                    | -0.075     |
|    torque                         | -0.00236   |
|    true_four_foot_contact         | 0          |
|    zero_velocity                  | -0.000949  |
|    zero_yaw_rate                  | -0.0329    |
| rollout/                          |            |
|    ep_rew_mean                    | 1.72e+03   |
|    true_four_contact_ratio        | 0.00977    |
| termination_reason/               |            |
|    body_contact                   | 0          |
|    controller_done                | 0          |
|    height                         | 0          |
|    joint_limit                    | 0          |
|    none                           | 0          |
|    tilt                           | 0          |
|    time_limit                     | 4          |
|    unknown                        | 0          |
|    unsupported                    | 0          |
|    workspace                      | 0          |
| time/                             |            |
|    fps                            | 378        |
|    iterations                     | 36         |
|    time_elapsed                   | 194        |
|    total_timesteps                | 73728      |
| train/                            |            |
|    approx_kl                      | 0.00510507 |
|    clip_fraction                  | 0.0177     |
|    clip_range                     | 0.2        |
|    entropy_loss                   | -9.73      |
|    explained_variance             | 0.878      |
|    loss                           | 190        |
|    n_updates                      | 175        |
|    policy_gradient_loss           | -0.00652   |
|    std                            | 0.55       |
|    value_loss                     | 312        |
--------------------------------------------------
TRAIN_PROGRESS total_timesteps=73984
TRAIN_PROGRESS total_timesteps=74240
TRAIN_PROGRESS total_timesteps=74496
TRAIN_PROGRESS total_timesteps=74752
TRAIN_PROGRESS total_timesteps=75008
TRAIN_PROGRESS total_timesteps=75264
TRAIN_PROGRESS total_timesteps=75520
TRAIN_PROGRESS total_timesteps=75776
---------------------------------------------------
| rapid/                            |             |
|    action_saturation_rate         | 0.25        |
|    actor_lr                       | 1e-05       |
|    adaptation_lr                  | 0           |
|    critic_lr                      | 0.0001      |
|    source_action_abs_mean         | 1.41        |
|    speed_progress_mean            | 0.685       |
| reward/                           |             |
|    transition_mean                | 1.31        |
| reward_parts/                     |             |
|    action_rate                    | -0.00319    |
|    alive                          | 0.5         |
|    command_displacement_progress  | -0.463      |
|    command_speed_progress         | 0.453       |
|    command_tracking               | -0.141      |
|    default_pose                   | -0.0508     |
|    distance                       | -0.0236     |
|    fall                           | 0           |
|    feet_air_time                  | 0           |
|    finetune_moving_contact        | 1.38        |
|    foot_slip                      | -0.0793     |
|    gait                           | 0           |
|    height                         | -0.000134   |
|    horizontal_angular_velocity    | -0.0823     |
|    joint_jitter                   | -0.0194     |
|    joint_velocity                 | -0.00248    |
|    jump_landing                   | 0           |
|    jump_success                   | 0           |
|    non_foot_collision             | 0           |
|    posture                        | -0.0664     |
|    rapid_source_action_saturation | -0.0379     |
|    source_action_saturation       | -0.0379     |
|    static_contact_course          | 0           |
|    support_gap                    | 0           |
|    torque                         | -0.0023     |
|    true_four_foot_contact         | 0           |
|    zero_velocity                  | 0           |
|    zero_yaw_rate                  | -0.0418     |
| rollout/                          |             |
|    ep_rew_mean                    | 1.43e+03    |
|    true_four_contact_ratio        | 0.00781     |
| termination_reason/               |             |
|    body_contact                   | 0           |
|    controller_done                | 0           |
|    height                         | 0           |
|    joint_limit                    | 0           |
|    none                           | 0           |
|    tilt                           | 0           |
|    time_limit                     | 0           |
|    unknown                        | 0           |
|    unsupported                    | 0           |
|    workspace                      | 0           |
| time/                             |             |
|    fps                            | 375         |
|    iterations                     | 37          |
|    time_elapsed                   | 201         |
|    total_timesteps                | 75776       |
| train/                            |             |
|    approx_kl                      | 0.005715371 |
|    clip_fraction                  | 0.0193      |
|    clip_range                     | 0.2         |
|    entropy_loss                   | -9.73       |
|    explained_variance             | 0.923       |
|    loss                           | 63.1        |
|    n_updates                      | 180         |
|    policy_gradient_loss           | -0.00655    |
|    std                            | 0.55        |
|    value_loss                     | 165         |
---------------------------------------------------
TRAIN_PROGRESS total_timesteps=76032
TRAIN_PROGRESS total_timesteps=76288
TRAIN_PROGRESS total_timesteps=76544
TRAIN_PROGRESS total_timesteps=76800
TRAIN_PROGRESS total_timesteps=77056
TRAIN_PROGRESS total_timesteps=77312
TRAIN_PROGRESS total_timesteps=77568
TRAIN_PROGRESS total_timesteps=77824
---------------------------------------------------
| rapid/                            |             |
|    action_saturation_rate         | 0.146       |
|    actor_lr                       | 1e-05       |
|    adaptation_lr                  | 0           |
|    critic_lr                      | 0.0001      |
|    source_action_abs_mean         | 1.19        |
|    speed_progress_mean            | 0.686       |
| reward/                           |             |
|    transition_mean                | 2.24        |
| reward_parts/                     |             |
|    action_rate                    | -0.00321    |
|    alive                          | 0.5         |
|    command_displacement_progress  | 0.444       |
|    command_speed_progress         | 0.75        |
|    command_tracking               | -0.0409     |
|    default_pose                   | -0.0553     |
|    distance                       | 0.0593      |
|    fall                           | 0           |
|    feet_air_time                  | 0           |
|    finetune_moving_contact        | 0.875       |
|    foot_slip                      | -0.0367     |
|    gait                           | -0.0125     |
|    height                         | -0.00014    |
|    horizontal_angular_velocity    | -0.0647     |
|    joint_jitter                   | -0.00814    |
|    joint_velocity                 | -0.00254    |
|    jump_landing                   | 0           |
|    jump_success                   | 0           |
|    non_foot_collision             | 0           |
|    posture                        | -0.0524     |
|    rapid_source_action_saturation | -0.0131     |
|    source_action_saturation       | -0.0131     |
|    static_contact_course          | 0           |
|    support_gap                    | -0.075      |
|    torque                         | -0.00252    |
|    true_four_foot_contact         | 0           |
|    zero_velocity                  | -0.00101    |
|    zero_yaw_rate                  | -0.0188     |
| rollout/                          |             |
|    ep_rew_mean                    | 1.57e+03    |
|    true_four_contact_ratio        | 0.0112      |
| termination_reason/               |             |
|    body_contact                   | 0           |
|    controller_done                | 0           |
|    height                         | 0           |
|    joint_limit                    | 0           |
|    none                           | 0           |
|    tilt                           | 0           |
|    time_limit                     | 4           |
|    unknown                        | 0           |
|    unsupported                    | 0           |
|    workspace                      | 0           |
| time/                             |             |
|    fps                            | 375         |
|    iterations                     | 38          |
|    time_elapsed                   | 207         |
|    total_timesteps                | 77824       |
| train/                            |             |
|    approx_kl                      | 0.007357294 |
|    clip_fraction                  | 0.0274      |
|    clip_range                     | 0.2         |
|    entropy_loss                   | -9.73       |
|    explained_variance             | 0.876       |
|    loss                           | 223         |
|    n_updates                      | 185         |
|    policy_gradient_loss           | -0.00686    |
|    std                            | 0.55        |
|    value_loss                     | 477         |
---------------------------------------------------
TRAIN_PROGRESS total_timesteps=78080
TRAIN_PROGRESS total_timesteps=78336
TRAIN_PROGRESS total_timesteps=78592
TRAIN_PROGRESS total_timesteps=78848
TRAIN_PROGRESS total_timesteps=79104
TRAIN_PROGRESS total_timesteps=79360
TRAIN_PROGRESS total_timesteps=79616
TRAIN_PROGRESS total_timesteps=79872
--------------------------------------------------
| rapid/                            |            |
|    action_saturation_rate         | 0.167      |
|    actor_lr                       | 1e-05      |
|    adaptation_lr                  | 0          |
|    critic_lr                      | 0.0001     |
|    source_action_abs_mean         | 1.19       |
|    speed_progress_mean            | 0.689      |
| reward/                           |            |
|    transition_mean                | 1.92       |
| reward_parts/                     |            |
|    action_rate                    | -0.00308   |
|    alive                          | 0.5        |
|    command_displacement_progress  | 0.651      |
|    command_speed_progress         | 0.679      |
|    command_tracking               | -0.0484    |
|    default_pose                   | -0.0523    |
|    distance                       | 0.0359     |
|    fall                           | 0          |
|    feet_air_time                  | 0          |
|    finetune_moving_contact        | 0.5        |
|    foot_slip                      | -0.0606    |
|    gait                           | -0.025     |
|    height                         | -6.54e-05  |
|    horizontal_angular_velocity    | -0.0367    |
|    joint_jitter                   | -0.00396   |
|    joint_velocity                 | -0.00307   |
|    jump_landing                   | 0          |
|    jump_success                   | 0          |
|    non_foot_collision             | 0          |
|    posture                        | -0.0441    |
|    rapid_source_action_saturation | -0.0199    |
|    source_action_saturation       | -0.0199    |
|    static_contact_course          | 0          |
|    support_gap                    | -0.112     |
|    torque                         | -0.00225   |
|    true_four_foot_contact         | 0          |
|    zero_velocity                  | -0.00426   |
|    zero_yaw_rate                  | -0.0298    |
| rollout/                          |            |
|    ep_rew_mean                    | 1.5e+03    |
|    true_four_contact_ratio        | 0.0103     |
| termination_reason/               |            |
|    body_contact                   | 0          |
|    controller_done                | 0          |
|    height                         | 0          |
|    joint_limit                    | 0          |
|    none                           | 0          |
|    tilt                           | 0          |
|    time_limit                     | 0          |
|    unknown                        | 0          |
|    unsupported                    | 0          |
|    workspace                      | 0          |
| time/                             |            |
|    fps                            | 377        |
|    iterations                     | 39         |
|    time_elapsed                   | 211        |
|    total_timesteps                | 79872      |
| train/                            |            |
|    approx_kl                      | 0.00688246 |
|    clip_fraction                  | 0.0258     |
|    clip_range                     | 0.2        |
|    entropy_loss                   | -9.73      |
|    explained_variance             | 0.891      |
|    loss                           | 101        |
|    n_updates                      | 190        |
|    policy_gradient_loss           | -0.00616   |
|    std                            | 0.55       |
|    value_loss                     | 269        |
--------------------------------------------------
CHECKPOINT /run/media/pma213x/0C6A8CC86A8CAFCE/Ubuntu2/CodeU/Dog1/official-mini-cheetah/checkpoints/official_mini_cheetah_flat_jump_v1_r3/rapid_finetune_500k_20261006/official_mini_cheetah_flat_jump_v1_r3_80000_steps.zip
TRAIN_PROGRESS total_timesteps=80128
TRAIN_PROGRESS total_timesteps=80384
TRAIN_PROGRESS total_timesteps=80640
TRAIN_PROGRESS total_timesteps=80896
TRAIN_PROGRESS total_timesteps=81152
TRAIN_PROGRESS total_timesteps=81408
TRAIN_PROGRESS total_timesteps=81664
TRAIN_PROGRESS total_timesteps=81920
----------------------------------------------------
| rapid/                            |              |
|    action_saturation_rate         | 0.229        |
|    actor_lr                       | 1e-05        |
|    adaptation_lr                  | 0            |
|    critic_lr                      | 0.0001       |
|    source_action_abs_mean         | 1.46         |
|    speed_progress_mean            | 0.691        |
| reward/                           |              |
|    transition_mean                | 1.48         |
| reward_parts/                     |              |
|    action_rate                    | -0.00306     |
|    alive                          | 0.5          |
|    command_displacement_progress  | 0.25         |
|    command_speed_progress         | 0.516        |
|    command_tracking               | -0.0874      |
|    default_pose                   | -0.0587      |
|    distance                       | 0.0353       |
|    fall                           | 0            |
|    feet_air_time                  | 0            |
|    finetune_moving_contact        | 0.75         |
|    foot_slip                      | -0.08        |
|    gait                           | -0.0125      |
|    height                         | -0.000234    |
|    horizontal_angular_velocity    | -0.0699      |
|    joint_jitter                   | -0.00656     |
|    joint_velocity                 | -0.00248     |
|    jump_landing                   | 0            |
|    jump_success                   | 0            |
|    non_foot_collision             | 0            |
|    posture                        | -0.098       |
|    rapid_source_action_saturation | -0.0371      |
|    source_action_saturation       | -0.0371      |
|    static_contact_course          | 0            |
|    support_gap                    | -0.075       |
|    torque                         | -0.00241     |
|    true_four_foot_contact         | 0            |
|    zero_velocity                  | -0.00481     |
|    zero_yaw_rate                  | -0.0366      |
| rollout/                          |              |
|    ep_rew_mean                    | 1.53e+03     |
|    true_four_contact_ratio        | 0.00586      |
| termination_reason/               |              |
|    body_contact                   | 0            |
|    controller_done                | 0            |
|    height                         | 0            |
|    joint_limit                    | 0            |
|    none                           | 0            |
|    tilt                           | 0            |
|    time_limit                     | 4            |
|    unknown                        | 0            |
|    unsupported                    | 0            |
|    workspace                      | 0            |
| time/                             |              |
|    fps                            | 376          |
|    iterations                     | 40           |
|    time_elapsed                   | 217          |
|    total_timesteps                | 81920        |
| train/                            |              |
|    approx_kl                      | 0.0026505545 |
|    clip_fraction                  | 0.00254      |
|    clip_range                     | 0.2          |
|    entropy_loss                   | -9.73        |
|    explained_variance             | 0.843        |
|    loss                           | 331          |
|    n_updates                      | 195          |
|    policy_gradient_loss           | -0.00372     |
|    std                            | 0.55         |
|    value_loss                     | 533          |
----------------------------------------------------
TRAIN_PROGRESS total_timesteps=82176
TRAIN_PROGRESS total_timesteps=82432
TRAIN_PROGRESS total_timesteps=82688
TRAIN_PROGRESS total_timesteps=82944
TRAIN_PROGRESS total_timesteps=83200
TRAIN_PROGRESS total_timesteps=83456
TRAIN_PROGRESS total_timesteps=83712
TRAIN_PROGRESS total_timesteps=83968
---------------------------------------------------
| rapid/                            |             |
|    action_saturation_rate         | 0.188       |
|    actor_lr                       | 1e-05       |
|    adaptation_lr                  | 0           |
|    critic_lr                      | 0.0001      |
|    source_action_abs_mean         | 1.47        |
|    speed_progress_mean            | 0.693       |
| reward/                           |             |
|    transition_mean                | 0.836       |
| reward_parts/                     |             |
|    action_rate                    | -0.00375    |
|    alive                          | 0.5         |
|    command_displacement_progress  | 0.193       |
|    command_speed_progress         | 0.183       |
|    command_tracking               | -0.0551     |
|    default_pose                   | -0.0689     |
|    distance                       | 0.00601     |
|    fall                           | 0           |
|    feet_air_time                  | 0           |
|    finetune_moving_contact        | 0.5         |
|    foot_slip                      | -0.0233     |
|    gait                           | -0.025      |
|    height                         | -0.000501   |
|    horizontal_angular_velocity    | -0.107      |
|    joint_jitter                   | -0.011      |
|    joint_velocity                 | -0.00118    |
|    jump_landing                   | 0           |
|    jump_success                   | 0           |
|    non_foot_collision             | 0           |
|    posture                        | -0.0902     |
|    rapid_source_action_saturation | -0.0246     |
|    source_action_saturation       | -0.0246     |
|    static_contact_course          | 0           |
|    support_gap                    | -0.112      |
|    torque                         | -0.00195    |
|    true_four_foot_contact         | 0           |
|    zero_velocity                  | -0.00239    |
|    zero_yaw_rate                  | -0.0192     |
| rollout/                          |             |
|    ep_rew_mean                    | 1.53e+03    |
|    true_four_contact_ratio        | 0.00781     |
| termination_reason/               |             |
|    body_contact                   | 0           |
|    controller_done                | 0           |
|    height                         | 0           |
|    joint_limit                    | 0           |
|    none                           | 0           |
|    tilt                           | 0           |
|    time_limit                     | 0           |
|    unknown                        | 0           |
|    unsupported                    | 0           |
|    workspace                      | 0           |
| time/                             |             |
|    fps                            | 374         |
|    iterations                     | 41          |
|    time_elapsed                   | 223         |
|    total_timesteps                | 83968       |
| train/                            |             |
|    approx_kl                      | 0.004692761 |
|    clip_fraction                  | 0.0119      |
|    clip_range                     | 0.2         |
|    entropy_loss                   | -9.73       |
|    explained_variance             | 0.926       |
|    loss                           | 71.2        |
|    n_updates                      | 200         |
|    policy_gradient_loss           | -0.00447    |
|    std                            | 0.55        |
|    value_loss                     | 170         |
---------------------------------------------------
TRAIN_PROGRESS total_timesteps=84224
TRAIN_PROGRESS total_timesteps=84480
TRAIN_PROGRESS total_timesteps=84736
TRAIN_PROGRESS total_timesteps=84992
TRAIN_PROGRESS total_timesteps=85248
TRAIN_PROGRESS total_timesteps=85504
TRAIN_PROGRESS total_timesteps=85760
TRAIN_PROGRESS total_timesteps=86016
--------------------------------------------------
| rapid/                            |            |
|    action_saturation_rate         | 0.146      |
|    actor_lr                       | 1e-05      |
|    adaptation_lr                  | 0          |
|    critic_lr                      | 0.0001     |
|    source_action_abs_mean         | 1.3        |
|    speed_progress_mean            | 0.695      |
| reward/                           |            |
|    transition_mean                | 0.529      |
| reward_parts/                     |            |
|    action_rate                    | -0.00334   |
|    alive                          | 0.5        |
|    command_displacement_progress  | 0.279      |
|    command_speed_progress         | 0.254      |
|    command_tracking               | -0.105     |
|    default_pose                   | -0.0568    |
|    distance                       | 0.0133     |
|    fall                           | 0          |
|    feet_air_time                  | 0          |
|    finetune_moving_contact        | 0.25       |
|    foot_slip                      | -0.0267    |
|    gait                           | -0.0375    |
|    height                         | -0.000258  |
|    horizontal_angular_velocity    | -0.184     |
|    joint_jitter                   | -0.00552   |
|    joint_velocity                 | -0.00151   |
|    jump_landing                   | 0          |
|    jump_success                   | 0          |
|    non_foot_collision             | 0          |
|    posture                        | -0.0768    |
|    rapid_source_action_saturation | -0.0162    |
|    source_action_saturation       | -0.0162    |
|    static_contact_course          | 0          |
|    support_gap                    | -0.225     |
|    torque                         | -0.00239   |
|    true_four_foot_contact         | 0          |
|    zero_velocity                  | -0.0103    |
|    zero_yaw_rate                  | -0.016     |
| rollout/                          |            |
|    ep_rew_mean                    | 1.54e+03   |
|    true_four_contact_ratio        | 0.0112     |
| termination_reason/               |            |
|    body_contact                   | 0          |
|    controller_done                | 0          |
|    height                         | 0          |
|    joint_limit                    | 0          |
|    none                           | 0          |
|    tilt                           | 0          |
|    time_limit                     | 4          |
|    unknown                        | 0          |
|    unsupported                    | 0          |
|    workspace                      | 0          |
| time/                             |            |
|    fps                            | 375        |
|    iterations                     | 42         |
|    time_elapsed                   | 229        |
|    total_timesteps                | 86016      |
| train/                            |            |
|    approx_kl                      | 0.00441195 |
|    clip_fraction                  | 0.00937    |
|    clip_range                     | 0.2        |
|    entropy_loss                   | -9.73      |
|    explained_variance             | 0.947      |
|    loss                           | 80.2       |
|    n_updates                      | 205        |
|    policy_gradient_loss           | -0.00526   |
|    std                            | 0.55       |
|    value_loss                     | 216        |
--------------------------------------------------
TRAIN_PROGRESS total_timesteps=86272
TRAIN_PROGRESS total_timesteps=86528
TRAIN_PROGRESS total_timesteps=86784
TRAIN_PROGRESS total_timesteps=87040
TRAIN_PROGRESS total_timesteps=87296
TRAIN_PROGRESS total_timesteps=87552
TRAIN_PROGRESS total_timesteps=87808
TRAIN_PROGRESS total_timesteps=88064
----------------------------------------------------
| rapid/                            |              |
|    action_saturation_rate         | 0.167        |
|    actor_lr                       | 1e-05        |
|    adaptation_lr                  | 0            |
|    critic_lr                      | 0.0001       |
|    source_action_abs_mean         | 1.09         |
|    speed_progress_mean            | 0.698        |
| reward/                           |              |
|    transition_mean                | 1.13         |
| reward_parts/                     |              |
|    action_rate                    | -0.00261     |
|    alive                          | 0.5          |
|    command_displacement_progress  | 0.215        |
|    command_speed_progress         | 0.241        |
|    command_tracking               | -0.0458      |
|    default_pose                   | -0.0546      |
|    distance                       | 0.0135       |
|    fall                           | 0            |
|    feet_air_time                  | 0            |
|    finetune_moving_contact        | 0.625        |
|    foot_slip                      | -0.13        |
|    gait                           | -0.025       |
|    height                         | -0.00451     |
|    horizontal_angular_velocity    | -0.0109      |
|    joint_jitter                   | -0.00469     |
|    joint_velocity                 | -0.00301     |
|    jump_landing                   | 0            |
|    jump_success                   | 0            |
|    non_foot_collision             | 0            |
|    posture                        | -0.00323     |
|    rapid_source_action_saturation | -0.0231      |
|    source_action_saturation       | -0.0231      |
|    static_contact_course          | 0            |
|    support_gap                    | -0.112       |
|    torque                         | -0.00257     |
|    true_four_foot_contact         | 0            |
|    zero_velocity                  | -0.0026      |
|    zero_yaw_rate                  | -0.0346      |
| rollout/                          |              |
|    ep_rew_mean                    | 1.48e+03     |
|    true_four_contact_ratio        | 0.00977      |
| termination_reason/               |              |
|    body_contact                   | 0            |
|    controller_done                | 0            |
|    height                         | 0            |
|    joint_limit                    | 0            |
|    none                           | 0            |
|    tilt                           | 0            |
|    time_limit                     | 4            |
|    unknown                        | 0            |
|    unsupported                    | 0            |
|    workspace                      | 0            |
| time/                             |              |
|    fps                            | 373          |
|    iterations                     | 43           |
|    time_elapsed                   | 235          |
|    total_timesteps                | 88064        |
| train/                            |              |
|    approx_kl                      | 0.0026551294 |
|    clip_fraction                  | 0.00332      |
|    clip_range                     | 0.2          |
|    entropy_loss                   | -9.73        |
|    explained_variance             | 0.872        |
|    loss                           | 309          |
|    n_updates                      | 210          |
|    policy_gradient_loss           | -0.00404     |
|    std                            | 0.55         |
|    value_loss                     | 620          |
----------------------------------------------------
TRAIN_PROGRESS total_timesteps=88320
TRAIN_PROGRESS total_timesteps=88576
TRAIN_PROGRESS total_timesteps=88832
TRAIN_PROGRESS total_timesteps=89088
TRAIN_PROGRESS total_timesteps=89344
TRAIN_PROGRESS total_timesteps=89600
TRAIN_PROGRESS total_timesteps=89856
TRAIN_PROGRESS total_timesteps=90112
---------------------------------------------------
| rapid/                            |             |
|    action_saturation_rate         | 0.167       |
|    actor_lr                       | 1e-05       |
|    adaptation_lr                  | 0           |
|    critic_lr                      | 0.0001      |
|    source_action_abs_mean         | 1.33        |
|    speed_progress_mean            | 0.7         |
| reward/                           |             |
|    transition_mean                | 1.29        |
| reward_parts/                     |             |
|    action_rate                    | -0.0034     |
|    alive                          | 0.5         |
|    command_displacement_progress  | -0.159      |
|    command_speed_progress         | 0.375       |
|    command_tracking               | -0.114      |
|    default_pose                   | -0.0585     |
|    distance                       | 0.00179     |
|    fall                           | 0           |
|    feet_air_time                  | 0           |
|    finetune_moving_contact        | 1           |
|    foot_slip                      | -0.0347     |
|    gait                           | -0.0125     |
|    height                         | -0.000722   |
|    horizontal_angular_velocity    | -0.0549     |
|    joint_jitter                   | -0.00657    |
|    joint_velocity                 | -0.00236    |
|    jump_landing                   | 0           |
|    jump_success                   | 0           |
|    non_foot_collision             | 0           |
|    posture                        | -0.048      |
|    rapid_source_action_saturation | -0.0162     |
|    source_action_saturation       | -0.0162     |
|    static_contact_course          | 0           |
|    support_gap                    | -0.0375     |
|    torque                         | -0.00418    |
|    true_four_foot_contact         | 0           |
|    zero_velocity                  | -0.00184    |
|    zero_yaw_rate                  | -0.037      |
| rollout/                          |             |
|    ep_rew_mean                    | 821         |
|    true_four_contact_ratio        | 0.00977     |
| termination_reason/               |             |
|    body_contact                   | 0           |
|    controller_done                | 0           |
|    height                         | 0           |
|    joint_limit                    | 0           |
|    none                           | 0           |
|    tilt                           | 0           |
|    time_limit                     | 0           |
|    unknown                        | 0           |
|    unsupported                    | 0           |
|    workspace                      | 0           |
| time/                             |             |
|    fps                            | 373         |
|    iterations                     | 44          |
|    time_elapsed                   | 241         |
|    total_timesteps                | 90112       |
| train/                            |             |
|    approx_kl                      | 0.004601337 |
|    clip_fraction                  | 0.0122      |
|    clip_range                     | 0.2         |
|    entropy_loss                   | -9.73       |
|    explained_variance             | 0.924       |
|    loss                           | 238         |
|    n_updates                      | 215         |
|    policy_gradient_loss           | -0.0056     |
|    std                            | 0.55        |
|    value_loss                     | 387         |
---------------------------------------------------
TRAIN_PROGRESS total_timesteps=90368
TRAIN_PROGRESS total_timesteps=90624
TRAIN_PROGRESS total_timesteps=90880
TRAIN_PROGRESS total_timesteps=91136
TRAIN_PROGRESS total_timesteps=91392
TRAIN_PROGRESS total_timesteps=91648
TRAIN_PROGRESS total_timesteps=91904
TRAIN_PROGRESS total_timesteps=92160
----------------------------------------------------
| rapid/                            |              |
|    action_saturation_rate         | 0.146        |
|    actor_lr                       | 1e-05        |
|    adaptation_lr                  | 0            |
|    critic_lr                      | 0.0001       |
|    source_action_abs_mean         | 1.13         |
|    speed_progress_mean            | 0.702        |
| reward/                           |              |
|    transition_mean                | 3.42         |
| reward_parts/                     |              |
|    action_rate                    | -0.00311     |
|    alive                          | 0.5          |
|    command_displacement_progress  | 0.998        |
|    command_speed_progress         | 1.08         |
|    command_tracking               | -0.0271      |
|    default_pose                   | -0.0502      |
|    distance                       | 0.0478       |
|    fall                           | 0            |
|    feet_air_time                  | 0            |
|    finetune_moving_contact        | 1.12         |
|    foot_slip                      | -0.062       |
|    gait                           | 0            |
|    height                         | -0.00131     |
|    horizontal_angular_velocity    | -0.0613      |
|    joint_jitter                   | -0.00454     |
|    joint_velocity                 | -0.00275     |
|    jump_landing                   | 0            |
|    jump_success                   | 0            |
|    non_foot_collision             | 0            |
|    posture                        | -0.0556      |
|    rapid_source_action_saturation | -0.0111      |
|    source_action_saturation       | -0.0111      |
|    static_contact_course          | 0            |
|    support_gap                    | 0            |
|    torque                         | -0.0027      |
|    true_four_foot_contact         | 0            |
|    zero_velocity                  | 0            |
|    zero_yaw_rate                  | -0.0485      |
| rollout/                          |              |
|    ep_rew_mean                    | 1.54e+03     |
|    true_four_contact_ratio        | 0.0103       |
| termination_reason/               |              |
|    body_contact                   | 0            |
|    controller_done                | 0            |
|    height                         | 0            |
|    joint_limit                    | 0            |
|    none                           | 0            |
|    tilt                           | 0            |
|    time_limit                     | 4            |
|    unknown                        | 0            |
|    unsupported                    | 0            |
|    workspace                      | 0            |
| time/                             |              |
|    fps                            | 372          |
|    iterations                     | 45           |
|    time_elapsed                   | 247          |
|    total_timesteps                | 92160        |
| train/                            |              |
|    approx_kl                      | 0.0037520994 |
|    clip_fraction                  | 0.00684      |
|    clip_range                     | 0.2          |
|    entropy_loss                   | -9.73        |
|    explained_variance             | 0.945        |
|    loss                           | 110          |
|    n_updates                      | 220          |
|    policy_gradient_loss           | -0.00515     |
|    std                            | 0.55         |
|    value_loss                     | 316          |
----------------------------------------------------
TRAIN_PROGRESS total_timesteps=92416
TRAIN_PROGRESS total_timesteps=92672
TRAIN_PROGRESS total_timesteps=92928
TRAIN_PROGRESS total_timesteps=93184
TRAIN_PROGRESS total_timesteps=93440
TRAIN_PROGRESS total_timesteps=93696
TRAIN_PROGRESS total_timesteps=93952
TRAIN_PROGRESS total_timesteps=94208
----------------------------------------------------
| rapid/                            |              |
|    action_saturation_rate         | 0.0833       |
|    actor_lr                       | 1e-05        |
|    adaptation_lr                  | 0            |
|    critic_lr                      | 0.0001       |
|    source_action_abs_mean         | 1.11         |
|    speed_progress_mean            | 0.705        |
| reward/                           |              |
|    transition_mean                | 2.21         |
| reward_parts/                     |              |
|    action_rate                    | -0.00333     |
|    alive                          | 0.5          |
|    command_displacement_progress  | 0.296        |
|    command_speed_progress         | 0.74         |
|    command_tracking               | -0.123       |
|    default_pose                   | -0.0644      |
|    distance                       | 0.0257       |
|    fall                           | 0            |
|    feet_air_time                  | 0            |
|    finetune_moving_contact        | 1.12         |
|    foot_slip                      | -0.0628      |
|    gait                           | 0            |
|    height                         | -0.00114     |
|    horizontal_angular_velocity    | -0.069       |
|    joint_jitter                   | -0.0102      |
|    joint_velocity                 | -0.00216     |
|    jump_landing                   | 0            |
|    jump_success                   | 0            |
|    non_foot_collision             | 0            |
|    posture                        | -0.092       |
|    rapid_source_action_saturation | -0.0116      |
|    source_action_saturation       | -0.0116      |
|    static_contact_course          | 0            |
|    support_gap                    | 0            |
|    torque                         | -0.00261     |
|    true_four_foot_contact         | 0            |
|    zero_velocity                  | 0            |
|    zero_yaw_rate                  | -0.0393      |
| rollout/                          |              |
|    ep_rew_mean                    | 1.24e+03     |
|    true_four_contact_ratio        | 0.0117       |
| termination_reason/               |              |
|    body_contact                   | 0            |
|    controller_done                | 0            |
|    height                         | 0            |
|    joint_limit                    | 0            |
|    none                           | 0            |
|    tilt                           | 0            |
|    time_limit                     | 0            |
|    unknown                        | 0            |
|    unsupported                    | 0            |
|    workspace                      | 0            |
| time/                             |              |
|    fps                            | 372          |
|    iterations                     | 46           |
|    time_elapsed                   | 253          |
|    total_timesteps                | 94208        |
| train/                            |              |
|    approx_kl                      | 0.0034494344 |
|    clip_fraction                  | 0.00557      |
|    clip_range                     | 0.2          |
|    entropy_loss                   | -9.73        |
|    explained_variance             | 0.957        |
|    loss                           | 112          |
|    n_updates                      | 225          |
|    policy_gradient_loss           | -0.00511     |
|    std                            | 0.55         |
|    value_loss                     | 247          |
----------------------------------------------------
TRAIN_PROGRESS total_timesteps=94464
TRAIN_PROGRESS total_timesteps=94720
TRAIN_PROGRESS total_timesteps=94976
TRAIN_PROGRESS total_timesteps=95232
TRAIN_PROGRESS total_timesteps=95488
TRAIN_PROGRESS total_timesteps=95744
TRAIN_PROGRESS total_timesteps=96000
TRAIN_PROGRESS total_timesteps=96256
---------------------------------------------------
| rapid/                            |             |
|    action_saturation_rate         | 0.229       |
|    actor_lr                       | 1e-05       |
|    adaptation_lr                  | 0           |
|    critic_lr                      | 0.0001      |
|    source_action_abs_mean         | 1.44        |
|    speed_progress_mean            | 0.709       |
| reward/                           |             |
|    transition_mean                | 2.27        |
| reward_parts/                     |             |
|    action_rate                    | -0.00352    |
|    alive                          | 0.5         |
|    command_displacement_progress  | 0.576       |
|    command_speed_progress         | 0.75        |
|    command_tracking               | -0.0354     |
|    default_pose                   | -0.0535     |
|    distance                       | 0.0358      |
|    fall                           | 0           |
|    feet_air_time                  | 0           |
|    finetune_moving_contact        | 0.875       |
|    foot_slip                      | -0.0759     |
|    gait                           | -0.0125     |
|    height                         | -0.000811   |
|    horizontal_angular_velocity    | -0.0804     |
|    joint_jitter                   | -0.00406    |
|    joint_velocity                 | -0.00292    |
|    jump_landing                   | 0           |
|    jump_success                   | 0           |
|    non_foot_collision             | 0           |
|    posture                        | -0.0732     |
|    rapid_source_action_saturation | -0.0223     |
|    source_action_saturation       | -0.0223     |
|    static_contact_course          | 0           |
|    support_gap                    | -0.075      |
|    torque                         | -0.00192    |
|    true_four_foot_contact         | 0           |
|    zero_velocity                  | -0.000431   |
|    zero_yaw_rate                  | -0.0227     |
| rollout/                          |             |
|    ep_rew_mean                    | 2.43e+03    |
|    true_four_contact_ratio        | 0.0122      |
| termination_reason/               |             |
|    body_contact                   | 0           |
|    controller_done                | 0           |
|    height                         | 0           |
|    joint_limit                    | 0           |
|    none                           | 0           |
|    tilt                           | 0           |
|    time_limit                     | 4           |
|    unknown                        | 0           |
|    unsupported                    | 0           |
|    workspace                      | 0           |
| time/                             |             |
|    fps                            | 369         |
|    iterations                     | 47          |
|    time_elapsed                   | 260         |
|    total_timesteps                | 96256       |
| train/                            |             |
|    approx_kl                      | 0.005437064 |
|    clip_fraction                  | 0.014       |
|    clip_range                     | 0.2         |
|    entropy_loss                   | -9.73       |
|    explained_variance             | 0.891       |
|    loss                           | 205         |
|    n_updates                      | 230         |
|    policy_gradient_loss           | -0.00498    |
|    std                            | 0.55        |
|    value_loss                     | 308         |
---------------------------------------------------
TRAIN_PROGRESS total_timesteps=96512
TRAIN_PROGRESS total_timesteps=96768
TRAIN_PROGRESS total_timesteps=97024
TRAIN_PROGRESS total_timesteps=97280
TRAIN_PROGRESS total_timesteps=97536
TRAIN_PROGRESS total_timesteps=97792
TRAIN_PROGRESS total_timesteps=98048
TRAIN_PROGRESS total_timesteps=98304
----------------------------------------------------
| rapid/                            |              |
|    action_saturation_rate         | 0.188        |
|    actor_lr                       | 1e-05        |
|    adaptation_lr                  | 0            |
|    critic_lr                      | 0.0001       |
|    source_action_abs_mean         | 1.39         |
|    speed_progress_mean            | 0.711        |
| reward/                           |              |
|    transition_mean                | 0.668        |
| reward_parts/                     |              |
|    action_rate                    | -0.00332     |
|    alive                          | 0.5          |
|    command_displacement_progress  | 0.247        |
|    command_speed_progress         | 0.231        |
|    command_tracking               | -0.0324      |
|    default_pose                   | -0.055       |
|    distance                       | 0.0115       |
|    fall                           | 0            |
|    feet_air_time                  | 0            |
|    finetune_moving_contact        | 0.25         |
|    foot_slip                      | -0.0458      |
|    gait                           | -0.0375      |
|    height                         | -4.27e-05    |
|    horizontal_angular_velocity    | -0.0798      |
|    joint_jitter                   | -0.00253     |
|    joint_velocity                 | -0.003       |
|    jump_landing                   | 0            |
|    jump_success                   | 0            |
|    non_foot_collision             | 0            |
|    posture                        | -0.0415      |
|    rapid_source_action_saturation | -0.0232      |
|    source_action_saturation       | -0.0232      |
|    static_contact_course          | 0            |
|    support_gap                    | -0.188       |
|    torque                         | -0.00248     |
|    true_four_foot_contact         | 0            |
|    zero_velocity                  | -0.00215     |
|    zero_yaw_rate                  | -0.0557      |
| rollout/                          |              |
|    ep_rew_mean                    | 641          |
|    true_four_contact_ratio        | 0.00879      |
| termination_reason/               |              |
|    body_contact                   | 0            |
|    controller_done                | 0            |
|    height                         | 0            |
|    joint_limit                    | 0            |
|    none                           | 0            |
|    tilt                           | 1            |
|    time_limit                     | 3            |
|    unknown                        | 0            |
|    unsupported                    | 0            |
|    workspace                      | 0            |
| time/                             |              |
|    fps                            | 368          |
|    iterations                     | 48           |
|    time_elapsed                   | 266          |
|    total_timesteps                | 98304        |
| train/                            |              |
|    approx_kl                      | 0.0054943236 |
|    clip_fraction                  | 0.0155       |
|    clip_range                     | 0.2          |
|    entropy_loss                   | -9.73        |
|    explained_variance             | 0.874        |
|    loss                           | 46.4         |
|    n_updates                      | 235          |
|    policy_gradient_loss           | -0.00443     |
|    std                            | 0.55         |
|    value_loss                     | 119          |
----------------------------------------------------
TRAIN_PROGRESS total_timesteps=98560
TRAIN_PROGRESS total_timesteps=98816
TRAIN_PROGRESS total_timesteps=99072
TRAIN_PROGRESS total_timesteps=99328
TRAIN_PROGRESS total_timesteps=99584
TRAIN_PROGRESS total_timesteps=99840
CHECKPOINT /run/media/pma213x/0C6A8CC86A8CAFCE/Ubuntu2/CodeU/Dog1/official-mini-cheetah/checkpoints/official_mini_cheetah_flat_jump_v1_r3/rapid_finetune_500k_20261006/official_mini_cheetah_flat_jump_v1_r3_100000_steps.zip
TRAIN_PROGRESS total_timesteps=100096
TRAIN_PROGRESS total_timesteps=100352
----------------------------------------------------
| rapid/                            |              |
|    action_saturation_rate         | 0.0417       |
|    actor_lr                       | 1e-05        |
|    adaptation_lr                  | 0            |
|    critic_lr                      | 0.0001       |
|    source_action_abs_mean         | 1.05         |
|    speed_progress_mean            | 0.714        |
| reward/                           |              |
|    transition_mean                | 4.02         |
| reward_parts/                     |              |
|    action_rate                    | -0.00368     |
|    alive                          | 0.5          |
|    command_displacement_progress  | 1.25         |
|    command_speed_progress         | 1.23         |
|    command_tracking               | -0.0216      |
|    default_pose                   | -0.047       |
|    distance                       | 0.0607       |
|    fall                           | 0            |
|    feet_air_time                  | 0            |
|    finetune_moving_contact        | 1.25         |
|    foot_slip                      | -0.0372      |
|    gait                           | 0            |
|    height                         | -5.98e-05    |
|    horizontal_angular_velocity    | -0.0614      |
|    joint_jitter                   | -0.00487     |
|    joint_velocity                 | -0.00255     |
|    jump_landing                   | 0            |
|    jump_success                   | 0            |
|    non_foot_collision             | 0            |
|    posture                        | -0.0558      |
|    rapid_source_action_saturation | -0.00695     |
|    source_action_saturation       | -0.00695     |
|    static_contact_course          | 0            |
|    support_gap                    | 0            |
|    torque                         | -0.00472     |
|    true_four_foot_contact         | 0            |
|    zero_velocity                  | 0            |
|    zero_yaw_rate                  | -0.0277      |
| rollout/                          |              |
|    ep_rew_mean                    | 1.11e+03     |
|    true_four_contact_ratio        | 0.0103       |
| termination_reason/               |              |
|    body_contact                   | 0            |
|    controller_done                | 0            |
|    height                         | 0            |
|    joint_limit                    | 0            |
|    none                           | 0            |
|    tilt                           | 0            |
|    time_limit                     | 0            |
|    unknown                        | 0            |
|    unsupported                    | 0            |
|    workspace                      | 0            |
| time/                             |              |
|    fps                            | 368          |
|    iterations                     | 49           |
|    time_elapsed                   | 272          |
|    total_timesteps                | 100352       |
| train/                            |              |
|    approx_kl                      | 0.0034199797 |
|    clip_fraction                  | 0.00361      |
|    clip_range                     | 0.2          |
|    entropy_loss                   | -9.73        |
|    explained_variance             | 0.873        |
|    loss                           | 211          |
|    n_updates                      | 240          |
|    policy_gradient_loss           | -0.00512     |
|    std                            | 0.55         |
|    value_loss                     | 740          |
----------------------------------------------------
TRAIN_PROGRESS total_timesteps=100608
TRAIN_PROGRESS total_timesteps=100864
TRAIN_PROGRESS total_timesteps=101120
TRAIN_PROGRESS total_timesteps=101376
TRAIN_PROGRESS total_timesteps=101632
TRAIN_PROGRESS total_timesteps=101888
TRAIN_PROGRESS total_timesteps=102144
TRAIN_PROGRESS total_timesteps=102400
---------------------------------------------------
| rapid/                            |             |
|    action_saturation_rate         | 0.167       |
|    actor_lr                       | 1e-05       |
|    adaptation_lr                  | 0           |
|    critic_lr                      | 0.0001      |
|    source_action_abs_mean         | 1.23        |
|    speed_progress_mean            | 0.718       |
| reward/                           |             |
|    transition_mean                | 0.555       |
| reward_parts/                     |             |
|    action_rate                    | -0.00367    |
|    alive                          | 0.5         |
|    command_displacement_progress  | -0.327      |
|    command_speed_progress         | 0           |
|    command_tracking               | -0.0957     |
|    default_pose                   | -0.0518     |
|    distance                       | -0.022      |
|    fall                           | 0           |
|    feet_air_time                  | 0           |
|    finetune_moving_contact        | 0.875       |
|    foot_slip                      | -0.0161     |
|    gait                           | -0.0125     |
|    height                         | -0.00021    |
|    horizontal_angular_velocity    | -0.126      |
|    joint_jitter                   | -0.00522    |
|    joint_velocity                 | -0.00168    |
|    jump_landing                   | 0           |
|    jump_success                   | 0           |
|    non_foot_collision             | 0           |
|    posture                        | -0.0412     |
|    rapid_source_action_saturation | -0.0131     |
|    source_action_saturation       | -0.0131     |
|    static_contact_course          | 0           |
|    support_gap                    | -0.075      |
|    torque                         | -0.00163    |
|    true_four_foot_contact         | 0           |
|    zero_velocity                  | -0.00328    |
|    zero_yaw_rate                  | -0.0244     |
| rollout/                          |             |
|    ep_rew_mean                    | 1.77e+03    |
|    true_four_contact_ratio        | 0.0137      |
| termination_reason/               |             |
|    body_contact                   | 0           |
|    controller_done                | 0           |
|    height                         | 0           |
|    joint_limit                    | 0           |
|    none                           | 0           |
|    tilt                           | 0           |
|    time_limit                     | 4           |
|    unknown                        | 0           |
|    unsupported                    | 0           |
|    workspace                      | 0           |
| time/                             |             |
|    fps                            | 369         |
|    iterations                     | 50          |
|    time_elapsed                   | 276         |
|    total_timesteps                | 102400      |
| train/                            |             |
|    approx_kl                      | 0.005375809 |
|    clip_fraction                  | 0.0144      |
|    clip_range                     | 0.2         |
|    entropy_loss                   | -9.73       |
|    explained_variance             | 0.929       |
|    loss                           | 149         |
|    n_updates                      | 245         |
|    policy_gradient_loss           | -0.00605    |
|    std                            | 0.55        |
|    value_loss                     | 399         |
---------------------------------------------------
TRAIN_PROGRESS total_timesteps=102656
TRAIN_PROGRESS total_timesteps=102912
TRAIN_PROGRESS total_timesteps=103168
TRAIN_PROGRESS total_timesteps=103424
TRAIN_PROGRESS total_timesteps=103680
TRAIN_PROGRESS total_timesteps=103936
TRAIN_PROGRESS total_timesteps=104192
TRAIN_PROGRESS total_timesteps=104448
---------------------------------------------------
| rapid/                            |             |
|    action_saturation_rate         | 0.146       |
|    actor_lr                       | 1e-05       |
|    adaptation_lr                  | 0           |
|    critic_lr                      | 0.0001      |
|    source_action_abs_mean         | 1.22        |
|    speed_progress_mean            | 0.721       |
| reward/                           |             |
|    transition_mean                | 2.14        |
| reward_parts/                     |             |
|    action_rate                    | -0.00345    |
|    alive                          | 0.5         |
|    command_displacement_progress  | 0.375       |
|    command_speed_progress         | 0.75        |
|    command_tracking               | -0.145      |
|    default_pose                   | -0.0549     |
|    distance                       | 0.0297      |
|    fall                           | 0           |
|    feet_air_time                  | 0           |
|    finetune_moving_contact        | 1           |
|    foot_slip                      | -0.078      |
|    gait                           | -0.0125     |
|    height                         | -0.00106    |
|    horizontal_angular_velocity    | -0.0605     |
|    joint_jitter                   | -0.00818    |
|    joint_velocity                 | -0.00345    |
|    jump_landing                   | 0           |
|    jump_success                   | 0           |
|    non_foot_collision             | 0           |
|    posture                        | -0.0674     |
|    rapid_source_action_saturation | -0.0217     |
|    source_action_saturation       | -0.0217     |
|    static_contact_course          | 0           |
|    support_gap                    | -0.0375     |
|    torque                         | -0.00134    |
|    true_four_foot_contact         | 0           |
|    zero_velocity                  | -0.00171    |
|    zero_yaw_rate                  | -0.0232     |
| rollout/                          |             |
|    ep_rew_mean                    | 1.37e+03    |
|    true_four_contact_ratio        | 0.0137      |
| termination_reason/               |             |
|    body_contact                   | 0           |
|    controller_done                | 0           |
|    height                         | 0           |
|    joint_limit                    | 0           |
|    none                           | 0           |
|    tilt                           | 0           |
|    time_limit                     | 0           |
|    unknown                        | 0           |
|    unsupported                    | 0           |
|    workspace                      | 0           |
| time/                             |             |
|    fps                            | 370         |
|    iterations                     | 51          |
|    time_elapsed                   | 281         |
|    total_timesteps                | 104448      |
| train/                            |             |
|    approx_kl                      | 0.005142777 |
|    clip_fraction                  | 0.0171      |
|    clip_range                     | 0.2         |
|    entropy_loss                   | -9.73       |
|    explained_variance             | 0.884       |
|    loss                           | 143         |
|    n_updates                      | 250         |
|    policy_gradient_loss           | -0.0057     |
|    std                            | 0.55        |
|    value_loss                     | 394         |
---------------------------------------------------
TRAIN_PROGRESS total_timesteps=104704
TRAIN_PROGRESS total_timesteps=104960
TRAIN_PROGRESS total_timesteps=105216
TRAIN_PROGRESS total_timesteps=105472
TRAIN_PROGRESS total_timesteps=105728
TRAIN_PROGRESS total_timesteps=105984
TRAIN_PROGRESS total_timesteps=106240
TRAIN_PROGRESS total_timesteps=106496
----------------------------------------------------
| rapid/                            |              |
|    action_saturation_rate         | 0.146        |
|    actor_lr                       | 1e-05        |
|    adaptation_lr                  | 0            |
|    critic_lr                      | 0.0001       |
|    source_action_abs_mean         | 1.14         |
|    speed_progress_mean            | 0.723        |
| reward/                           |              |
|    transition_mean                | 1.35         |
| reward_parts/                     |              |
|    action_rate                    | -0.00319     |
|    alive                          | 0.5          |
|    command_displacement_progress  | 0.408        |
|    command_speed_progress         | 0.454        |
|    command_tracking               | -0.0507      |
|    default_pose                   | -0.0637      |
|    distance                       | 0.0221       |
|    fall                           | 0            |
|    feet_air_time                  | 0            |
|    finetune_moving_contact        | 0.5          |
|    foot_slip                      | -0.089       |
|    gait                           | -0.025       |
|    height                         | -0.000495    |
|    horizontal_angular_velocity    | -0.0487      |
|    joint_jitter                   | -0.00639     |
|    joint_velocity                 | -0.00167     |
|    jump_landing                   | 0            |
|    jump_success                   | 0            |
|    non_foot_collision             | 0            |
|    posture                        | -0.0676      |
|    rapid_source_action_saturation | -0.0282      |
|    source_action_saturation       | -0.0282      |
|    static_contact_course          | 0            |
|    support_gap                    | -0.112       |
|    torque                         | -0.00288     |
|    true_four_foot_contact         | 0            |
|    zero_velocity                  | -0.00407     |
|    zero_yaw_rate                  | -0.0281      |
| rollout/                          |              |
|    ep_rew_mean                    | 1.83e+03     |
|    true_four_contact_ratio        | 0.00879      |
| termination_reason/               |              |
|    body_contact                   | 0            |
|    controller_done                | 0            |
|    height                         | 0            |
|    joint_limit                    | 0            |
|    none                           | 0            |
|    tilt                           | 0            |
|    time_limit                     | 4            |
|    unknown                        | 0            |
|    unsupported                    | 0            |
|    workspace                      | 0            |
| time/                             |              |
|    fps                            | 371          |
|    iterations                     | 52           |
|    time_elapsed                   | 286          |
|    total_timesteps                | 106496       |
| train/                            |              |
|    approx_kl                      | 0.0020399918 |
|    clip_fraction                  | 0.00283      |
|    clip_range                     | 0.2          |
|    entropy_loss                   | -9.73        |
|    explained_variance             | 0.883        |
|    loss                           | 365          |
|    n_updates                      | 255          |
|    policy_gradient_loss           | -0.00347     |
|    std                            | 0.55         |
|    value_loss                     | 712          |
----------------------------------------------------
TRAIN_PROGRESS total_timesteps=106752
TRAIN_PROGRESS total_timesteps=107008
TRAIN_PROGRESS total_timesteps=107264
TRAIN_PROGRESS total_timesteps=107520
TRAIN_PROGRESS total_timesteps=107776
TRAIN_PROGRESS total_timesteps=108032
TRAIN_PROGRESS total_timesteps=108288
TRAIN_PROGRESS total_timesteps=108544
----------------------------------------------------
| rapid/                            |              |
|    action_saturation_rate         | 0.167        |
|    actor_lr                       | 1e-05        |
|    adaptation_lr                  | 0            |
|    critic_lr                      | 0.0001       |
|    source_action_abs_mean         | 1.28         |
|    speed_progress_mean            | 0.725        |
| reward/                           |              |
|    transition_mean                | 0.67         |
| reward_parts/                     |              |
|    action_rate                    | -0.00351     |
|    alive                          | 0.5          |
|    command_displacement_progress  | 0            |
|    command_speed_progress         | 0.375        |
|    command_tracking               | -0.162       |
|    default_pose                   | -0.0619      |
|    distance                       | -0.00617     |
|    fall                           | 0            |
|    feet_air_time                  | 0            |
|    finetune_moving_contact        | 0.625        |
|    foot_slip                      | -0.103       |
|    gait                           | -0.025       |
|    height                         | -0.00169     |
|    horizontal_angular_velocity    | -0.207       |
|    joint_jitter                   | -0.00755     |
|    joint_velocity                 | -0.0023      |
|    jump_landing                   | 0            |
|    jump_success                   | 0            |
|    non_foot_collision             | 0            |
|    posture                        | -0.0492      |
|    rapid_source_action_saturation | -0.0113      |
|    source_action_saturation       | -0.0113      |
|    static_contact_course          | 0            |
|    support_gap                    | -0.112       |
|    torque                         | -0.00219     |
|    true_four_foot_contact         | 0            |
|    zero_velocity                  | -0.005       |
|    zero_yaw_rate                  | -0.0694      |
| rollout/                          |              |
|    ep_rew_mean                    | 1.51e+03     |
|    true_four_contact_ratio        | 0.0142       |
| termination_reason/               |              |
|    body_contact                   | 0            |
|    controller_done                | 0            |
|    height                         | 0            |
|    joint_limit                    | 0            |
|    none                           | 0            |
|    tilt                           | 0            |
|    time_limit                     | 0            |
|    unknown                        | 0            |
|    unsupported                    | 0            |
|    workspace                      | 0            |
| time/                             |              |
|    fps                            | 372          |
|    iterations                     | 53           |
|    time_elapsed                   | 291          |
|    total_timesteps                | 108544       |
| train/                            |              |
|    approx_kl                      | 0.0041209827 |
|    clip_fraction                  | 0.00645      |
|    clip_range                     | 0.2          |
|    entropy_loss                   | -9.73        |
|    explained_variance             | 0.95         |
|    loss                           | 83           |
|    n_updates                      | 260          |
|    policy_gradient_loss           | -0.00462     |
|    std                            | 0.55         |
|    value_loss                     | 227          |
----------------------------------------------------
TRAIN_PROGRESS total_timesteps=108800
TRAIN_PROGRESS total_timesteps=109056
TRAIN_PROGRESS total_timesteps=109312
TRAIN_PROGRESS total_timesteps=109568
TRAIN_PROGRESS total_timesteps=109824
TRAIN_PROGRESS total_timesteps=110080
TRAIN_PROGRESS total_timesteps=110336
TRAIN_PROGRESS total_timesteps=110592
---------------------------------------------------
| rapid/                            |             |
|    action_saturation_rate         | 0.104       |
|    actor_lr                       | 1e-05       |
|    adaptation_lr                  | 0           |
|    critic_lr                      | 0.0001      |
|    source_action_abs_mean         | 1.18        |
|    speed_progress_mean            | 0.727       |
| reward/                           |             |
|    transition_mean                | 2.05        |
| reward_parts/                     |             |
|    action_rate                    | -0.00341    |
|    alive                          | 0.5         |
|    command_displacement_progress  | 0.0817      |
|    command_speed_progress         | 0.679       |
|    command_tracking               | -0.162      |
|    default_pose                   | -0.0633     |
|    distance                       | -0.011      |
|    fall                           | 0           |
|    feet_air_time                  | 0           |
|    finetune_moving_contact        | 1.25        |
|    foot_slip                      | -0.0367     |
|    gait                           | 0           |
|    height                         | -0.00239    |
|    horizontal_angular_velocity    | -0.107      |
|    joint_jitter                   | -0.00701    |
|    joint_velocity                 | -0.00151    |
|    jump_landing                   | 0           |
|    jump_success                   | 0           |
|    non_foot_collision             | 0           |
|    posture                        | -0.0411     |
|    rapid_source_action_saturation | -0.00763    |
|    source_action_saturation       | -0.00763    |
|    static_contact_course          | 0           |
|    support_gap                    | 0           |
|    torque                         | -0.00263    |
|    true_four_foot_contact         | 0           |
|    zero_velocity                  | 0           |
|    zero_yaw_rate                  | -0.0128     |
| rollout/                          |             |
|    ep_rew_mean                    | 1.78e+03    |
|    true_four_contact_ratio        | 0.0132      |
| termination_reason/               |             |
|    body_contact                   | 0           |
|    controller_done                | 0           |
|    height                         | 0           |
|    joint_limit                    | 0           |
|    none                           | 0           |
|    tilt                           | 0           |
|    time_limit                     | 4           |
|    unknown                        | 0           |
|    unsupported                    | 0           |
|    workspace                      | 0           |
| time/                             |             |
|    fps                            | 373         |
|    iterations                     | 54          |
|    time_elapsed                   | 296         |
|    total_timesteps                | 110592      |
| train/                            |             |
|    approx_kl                      | 0.004780992 |
|    clip_fraction                  | 0.0119      |
|    clip_range                     | 0.2         |
|    entropy_loss                   | -9.73       |
|    explained_variance             | 0.915       |
|    loss                           | 215         |
|    n_updates                      | 265         |
|    policy_gradient_loss           | -0.00534    |
|    std                            | 0.55        |
|    value_loss                     | 428         |
---------------------------------------------------
TRAIN_PROGRESS total_timesteps=110848
TRAIN_PROGRESS total_timesteps=111104
TRAIN_PROGRESS total_timesteps=111360
TRAIN_PROGRESS total_timesteps=111616
TRAIN_PROGRESS total_timesteps=111872
TRAIN_PROGRESS total_timesteps=112128
TRAIN_PROGRESS total_timesteps=112384
TRAIN_PROGRESS total_timesteps=112640
---------------------------------------------------
| rapid/                            |             |
|    action_saturation_rate         | 0.167       |
|    actor_lr                       | 1e-05       |
|    adaptation_lr                  | 0           |
|    critic_lr                      | 0.0001      |
|    source_action_abs_mean         | 1.09        |
|    speed_progress_mean            | 0.731       |
| reward/                           |             |
|    transition_mean                | 2.51        |
| reward_parts/                     |             |
|    action_rate                    | -0.00347    |
|    alive                          | 0.5         |
|    command_displacement_progress  | 0.434       |
|    command_speed_progress         | 0.75        |
|    command_tracking               | -0.0909     |
|    default_pose                   | -0.0563     |
|    distance                       | 0.0462      |
|    fall                           | 0           |
|    feet_air_time                  | 0           |
|    finetune_moving_contact        | 1.12        |
|    foot_slip                      | -0.0346     |
|    gait                           | 0           |
|    height                         | -0.00129    |
|    horizontal_angular_velocity    | -0.0719     |
|    joint_jitter                   | -0.0056     |
|    joint_velocity                 | -0.00238    |
|    jump_landing                   | 0           |
|    jump_success                   | 0           |
|    non_foot_collision             | 0           |
|    posture                        | -0.0382     |
|    rapid_source_action_saturation | -0.0181     |
|    source_action_saturation       | -0.0181     |
|    static_contact_course          | 0           |
|    support_gap                    | 0           |
|    torque                         | -0.00279    |
|    true_four_foot_contact         | 0           |
|    zero_velocity                  | 0           |
|    zero_yaw_rate                  | -0.0179     |
| rollout/                          |             |
|    ep_rew_mean                    | 1.72e+03    |
|    true_four_contact_ratio        | 0.00732     |
| termination_reason/               |             |
|    body_contact                   | 0           |
|    controller_done                | 0           |
|    height                         | 0           |
|    joint_limit                    | 0           |
|    none                           | 0           |
|    tilt                           | 0           |
|    time_limit                     | 0           |
|    unknown                        | 0           |
|    unsupported                    | 0           |
|    workspace                      | 0           |
| time/                             |             |
|    fps                            | 373         |
|    iterations                     | 55          |
|    time_elapsed                   | 301         |
|    total_timesteps                | 112640      |
| train/                            |             |
|    approx_kl                      | 0.003746159 |
|    clip_fraction                  | 0.00693     |
|    clip_range                     | 0.2         |
|    entropy_loss                   | -9.73       |
|    explained_variance             | 0.946       |
|    loss                           | 144         |
|    n_updates                      | 270         |
|    policy_gradient_loss           | -0.0034     |
|    std                            | 0.55        |
|    value_loss                     | 457         |
---------------------------------------------------
TRAIN_PROGRESS total_timesteps=112896
TRAIN_PROGRESS total_timesteps=113152
TRAIN_PROGRESS total_timesteps=113408
TRAIN_PROGRESS total_timesteps=113664
TRAIN_PROGRESS total_timesteps=113920
TRAIN_PROGRESS total_timesteps=114176
TRAIN_PROGRESS total_timesteps=114432
TRAIN_PROGRESS total_timesteps=114688
----------------------------------------------------
| rapid/                            |              |
|    action_saturation_rate         | 0.188        |
|    actor_lr                       | 1e-05        |
|    adaptation_lr                  | 0            |
|    critic_lr                      | 0.0001       |
|    source_action_abs_mean         | 1.18         |
|    speed_progress_mean            | 0.734        |
| reward/                           |              |
|    transition_mean                | 2.68         |
| reward_parts/                     |              |
|    action_rate                    | -0.00327     |
|    alive                          | 0.5          |
|    command_displacement_progress  | 0.385        |
|    command_speed_progress         | 0.766        |
|    command_tracking               | -0.0638      |
|    default_pose                   | -0.0633      |
|    distance                       | 0.0288       |
|    fall                           | 0            |
|    feet_air_time                  | 0            |
|    finetune_moving_contact        | 1.38         |
|    foot_slip                      | -0.093       |
|    gait                           | 0            |
|    height                         | -0.0017      |
|    horizontal_angular_velocity    | -0.0456      |
|    joint_jitter                   | -0.00841     |
|    joint_velocity                 | -0.00223     |
|    jump_landing                   | 0            |
|    jump_success                   | 0            |
|    non_foot_collision             | 0            |
|    posture                        | -0.0578      |
|    rapid_source_action_saturation | -0.0156      |
|    source_action_saturation       | -0.0156      |
|    static_contact_course          | 0            |
|    support_gap                    | 0            |
|    torque                         | -0.0025      |
|    true_four_foot_contact         | 0            |
|    zero_velocity                  | 0            |
|    zero_yaw_rate                  | -0.0123      |
| rollout/                          |              |
|    ep_rew_mean                    | 2.19e+03     |
|    true_four_contact_ratio        | 0.0103       |
| termination_reason/               |              |
|    body_contact                   | 0            |
|    controller_done                | 0            |
|    height                         | 0            |
|    joint_limit                    | 0            |
|    none                           | 0            |
|    tilt                           | 0            |
|    time_limit                     | 4            |
|    unknown                        | 0            |
|    unsupported                    | 0            |
|    workspace                      | 0            |
| time/                             |              |
|    fps                            | 374          |
|    iterations                     | 56           |
|    time_elapsed                   | 306          |
|    total_timesteps                | 114688       |
| train/                            |              |
|    approx_kl                      | 0.0059025586 |
|    clip_fraction                  | 0.0181       |
|    clip_range                     | 0.2          |
|    entropy_loss                   | -9.73        |
|    explained_variance             | 0.878        |
|    loss                           | 184          |
|    n_updates                      | 275          |
|    policy_gradient_loss           | -0.006       |
|    std                            | 0.55         |
|    value_loss                     | 453          |
----------------------------------------------------
TRAIN_PROGRESS total_timesteps=114944
TRAIN_PROGRESS total_timesteps=115200
TRAIN_PROGRESS total_timesteps=115456
TRAIN_PROGRESS total_timesteps=115712
TRAIN_PROGRESS total_timesteps=115968
TRAIN_PROGRESS total_timesteps=116224
TRAIN_PROGRESS total_timesteps=116480
TRAIN_PROGRESS total_timesteps=116736
----------------------------------------------------
| rapid/                            |              |
|    action_saturation_rate         | 0.146        |
|    actor_lr                       | 1e-05        |
|    adaptation_lr                  | 0            |
|    critic_lr                      | 0.0001       |
|    source_action_abs_mean         | 1.22         |
|    speed_progress_mean            | 0.737        |
| reward/                           |              |
|    transition_mean                | 1.6          |
| reward_parts/                     |              |
|    action_rate                    | -0.00323     |
|    alive                          | 0.5          |
|    command_displacement_progress  | 0.147        |
|    command_speed_progress         | 0.531        |
|    command_tracking               | -0.0503      |
|    default_pose                   | -0.0538      |
|    distance                       | 0.013        |
|    fall                           | 0            |
|    feet_air_time                  | 0            |
|    finetune_moving_contact        | 0.875        |
|    foot_slip                      | -0.0762      |
|    gait                           | -0.0125      |
|    height                         | -0.00165     |
|    horizontal_angular_velocity    | -0.085       |
|    joint_jitter                   | -0.00489     |
|    joint_velocity                 | -0.002       |
|    jump_landing                   | 0            |
|    jump_success                   | 0            |
|    non_foot_collision             | 0            |
|    posture                        | -0.0543      |
|    rapid_source_action_saturation | -0.0186      |
|    source_action_saturation       | -0.0186      |
|    static_contact_course          | 0            |
|    support_gap                    | -0.075       |
|    torque                         | -0.00203     |
|    true_four_foot_contact         | 0            |
|    zero_velocity                  | -0.00043     |
|    zero_yaw_rate                  | -0.0262      |
| rollout/                          |              |
|    ep_rew_mean                    | 2.21e+03     |
|    true_four_contact_ratio        | 0.0107       |
| termination_reason/               |              |
|    body_contact                   | 0            |
|    controller_done                | 0            |
|    height                         | 0            |
|    joint_limit                    | 0            |
|    none                           | 0            |
|    tilt                           | 0            |
|    time_limit                     | 0            |
|    unknown                        | 0            |
|    unsupported                    | 0            |
|    workspace                      | 0            |
| time/                             |              |
|    fps                            | 374          |
|    iterations                     | 57           |
|    time_elapsed                   | 311          |
|    total_timesteps                | 116736       |
| train/                            |              |
|    approx_kl                      | 0.0073564462 |
|    clip_fraction                  | 0.0276       |
|    clip_range                     | 0.2          |
|    entropy_loss                   | -9.73        |
|    explained_variance             | 0.609        |
|    loss                           | 38.6         |
|    n_updates                      | 280          |
|    policy_gradient_loss           | -0.00634     |
|    std                            | 0.55         |
|    value_loss                     | 96.3         |
----------------------------------------------------
TRAIN_PROGRESS total_timesteps=116992
TRAIN_PROGRESS total_timesteps=117248
TRAIN_PROGRESS total_timesteps=117504
TRAIN_PROGRESS total_timesteps=117760
TRAIN_PROGRESS total_timesteps=118016
TRAIN_PROGRESS total_timesteps=118272
TRAIN_PROGRESS total_timesteps=118528
TRAIN_PROGRESS total_timesteps=118784
----------------------------------------------------
| rapid/                            |              |
|    action_saturation_rate         | 0.146        |
|    actor_lr                       | 1e-05        |
|    adaptation_lr                  | 0            |
|    critic_lr                      | 0.0001       |
|    source_action_abs_mean         | 1.33         |
|    speed_progress_mean            | 0.739        |
| reward/                           |              |
|    transition_mean                | 0.688        |
| reward_parts/                     |              |
|    action_rate                    | -0.00338     |
|    alive                          | 0.5          |
|    command_displacement_progress  | -0.18        |
|    command_speed_progress         | 0.14         |
|    command_tracking               | -0.0623      |
|    default_pose                   | -0.0592      |
|    distance                       | -0.00814     |
|    fall                           | 0            |
|    feet_air_time                  | 0            |
|    finetune_moving_contact        | 0.75         |
|    foot_slip                      | -0.0819      |
|    gait                           | -0.0125      |
|    height                         | -0.00151     |
|    horizontal_angular_velocity    | -0.144       |
|    joint_jitter                   | -0.00372     |
|    joint_velocity                 | -0.00269     |
|    jump_landing                   | 0            |
|    jump_success                   | 0            |
|    non_foot_collision             | 0            |
|    posture                        | -0.0483      |
|    rapid_source_action_saturation | -0.0206      |
|    source_action_saturation       | -0.0206      |
|    static_contact_course          | 0            |
|    support_gap                    | -0.0375      |
|    torque                         | -0.00175     |
|    true_four_foot_contact         | 0            |
|    zero_velocity                  | -0.00096     |
|    zero_yaw_rate                  | -0.0325      |
| rollout/                          |              |
|    ep_rew_mean                    | 2.5e+03      |
|    true_four_contact_ratio        | 0.0112       |
| termination_reason/               |              |
|    body_contact                   | 0            |
|    controller_done                | 0            |
|    height                         | 0            |
|    joint_limit                    | 0            |
|    none                           | 0            |
|    tilt                           | 0            |
|    time_limit                     | 4            |
|    unknown                        | 0            |
|    unsupported                    | 0            |
|    workspace                      | 0            |
| time/                             |              |
|    fps                            | 375          |
|    iterations                     | 58           |
|    time_elapsed                   | 316          |
|    total_timesteps                | 118784       |
| train/                            |              |
|    approx_kl                      | 0.0060729887 |
|    clip_fraction                  | 0.0221       |
|    clip_range                     | 0.2          |
|    entropy_loss                   | -9.73        |
|    explained_variance             | 0.894        |
|    loss                           | 73.3         |
|    n_updates                      | 285          |
|    policy_gradient_loss           | -0.00524     |
|    std                            | 0.55         |
|    value_loss                     | 177          |
----------------------------------------------------
TRAIN_PROGRESS total_timesteps=119040
TRAIN_PROGRESS total_timesteps=119296
TRAIN_PROGRESS total_timesteps=119552
TRAIN_PROGRESS total_timesteps=119808
CHECKPOINT /run/media/pma213x/0C6A8CC86A8CAFCE/Ubuntu2/CodeU/Dog1/official-mini-cheetah/checkpoints/official_mini_cheetah_flat_jump_v1_r3/rapid_finetune_500k_20261006/official_mini_cheetah_flat_jump_v1_r3_120000_steps.zip
TRAIN_PROGRESS total_timesteps=120064
TRAIN_PROGRESS total_timesteps=120320
TRAIN_PROGRESS total_timesteps=120576
TRAIN_PROGRESS total_timesteps=120832
---------------------------------------------------
| rapid/                            |             |
|    action_saturation_rate         | 0.167       |
|    actor_lr                       | 1e-05       |
|    adaptation_lr                  | 0           |
|    critic_lr                      | 0.0001      |
|    source_action_abs_mean         | 1.19        |
|    speed_progress_mean            | 0.742       |
| reward/                           |             |
|    transition_mean                | 3.33        |
| reward_parts/                     |             |
|    action_rate                    | -0.00331    |
|    alive                          | 0.5         |
|    command_displacement_progress  | 0.977       |
|    command_speed_progress         | 1.06        |
|    command_tracking               | -0.0408     |
|    default_pose                   | -0.0673     |
|    distance                       | 0.0546      |
|    fall                           | 0           |
|    feet_air_time                  | 0           |
|    finetune_moving_contact        | 1           |
|    foot_slip                      | -0.00734    |
|    gait                           | 0           |
|    height                         | -0.00124    |
|    horizontal_angular_velocity    | -0.0327     |
|    joint_jitter                   | -0.0098     |
|    joint_velocity                 | -0.00116    |
|    jump_landing                   | 0           |
|    jump_success                   | 0           |
|    non_foot_collision             | 0           |
|    posture                        | -0.0579     |
|    rapid_source_action_saturation | -0.0285     |
|    source_action_saturation       | -0.0285     |
|    static_contact_course          | 0           |
|    support_gap                    | 0           |
|    torque                         | -0.00277    |
|    true_four_foot_contact         | 0           |
|    zero_velocity                  | 0           |
|    zero_yaw_rate                  | -0.0105     |
| rollout/                          |             |
|    ep_rew_mean                    | 2.03e+03    |
|    true_four_contact_ratio        | 0.0127      |
| termination_reason/               |             |
|    body_contact                   | 0           |
|    controller_done                | 0           |
|    height                         | 0           |
|    joint_limit                    | 0           |
|    none                           | 0           |
|    tilt                           | 0           |
|    time_limit                     | 0           |
|    unknown                        | 0           |
|    unsupported                    | 0           |
|    workspace                      | 0           |
| time/                             |             |
|    fps                            | 374         |
|    iterations                     | 59          |
|    time_elapsed                   | 322         |
|    total_timesteps                | 120832      |
| train/                            |             |
|    approx_kl                      | 0.008501021 |
|    clip_fraction                  | 0.0399      |
|    clip_range                     | 0.2         |
|    entropy_loss                   | -9.73       |
|    explained_variance             | 0.934       |
|    loss                           | 95.1        |
|    n_updates                      | 290         |
|    policy_gradient_loss           | -0.00696    |
|    std                            | 0.55        |
|    value_loss                     | 202         |
---------------------------------------------------
TRAIN_PROGRESS total_timesteps=121088
TRAIN_PROGRESS total_timesteps=121344
TRAIN_PROGRESS total_timesteps=121600
TRAIN_PROGRESS total_timesteps=121856
TRAIN_PROGRESS total_timesteps=122112
TRAIN_PROGRESS total_timesteps=122368
TRAIN_PROGRESS total_timesteps=122624
TRAIN_PROGRESS total_timesteps=122880
----------------------------------------------------
| rapid/                            |              |
|    action_saturation_rate         | 0.125        |
|    actor_lr                       | 1e-05        |
|    adaptation_lr                  | 0            |
|    critic_lr                      | 0.0001       |
|    source_action_abs_mean         | 1.22         |
|    speed_progress_mean            | 0.745        |
| reward/                           |              |
|    transition_mean                | 2.1          |
| reward_parts/                     |              |
|    action_rate                    | -0.00304     |
|    alive                          | 0.5          |
|    command_displacement_progress  | 0.764        |
|    command_speed_progress         | 0.75         |
|    command_tracking               | -0.161       |
|    default_pose                   | -0.0606      |
|    distance                       | 0.048        |
|    fall                           | 0            |
|    feet_air_time                  | 0            |
|    finetune_moving_contact        | 0.75         |
|    foot_slip                      | -0.0484      |
|    gait                           | -0.0125      |
|    height                         | -0.000978    |
|    horizontal_angular_velocity    | -0.282       |
|    joint_jitter                   | -0.00444     |
|    joint_velocity                 | -0.00202     |
|    jump_landing                   | 0            |
|    jump_success                   | 0            |
|    non_foot_collision             | 0            |
|    posture                        | -0.0469      |
|    rapid_source_action_saturation | -0.0163      |
|    source_action_saturation       | -0.0163      |
|    static_contact_course          | 0            |
|    support_gap                    | -0.0375      |
|    torque                         | -0.00109     |
|    true_four_foot_contact         | 0            |
|    zero_velocity                  | -0.00533     |
|    zero_yaw_rate                  | -0.0305      |
| rollout/                          |              |
|    ep_rew_mean                    | 2.39e+03     |
|    true_four_contact_ratio        | 0.0127       |
| termination_reason/               |              |
|    body_contact                   | 0            |
|    controller_done                | 0            |
|    height                         | 0            |
|    joint_limit                    | 0            |
|    none                           | 0            |
|    tilt                           | 0            |
|    time_limit                     | 4            |
|    unknown                        | 0            |
|    unsupported                    | 0            |
|    workspace                      | 0            |
| time/                             |              |
|    fps                            | 373          |
|    iterations                     | 60           |
|    time_elapsed                   | 329          |
|    total_timesteps                | 122880       |
| train/                            |              |
|    approx_kl                      | 0.0042750095 |
|    clip_fraction                  | 0.0085       |
|    clip_range                     | 0.2          |
|    entropy_loss                   | -9.73        |
|    explained_variance             | 0.944        |
|    loss                           | 112          |
|    n_updates                      | 295          |
|    policy_gradient_loss           | -0.00388     |
|    std                            | 0.55         |
|    value_loss                     | 237          |
----------------------------------------------------
TRAIN_PROGRESS total_timesteps=123136
TRAIN_PROGRESS total_timesteps=123392
TRAIN_PROGRESS total_timesteps=123648
TRAIN_PROGRESS total_timesteps=123904
TRAIN_PROGRESS total_timesteps=124160
TRAIN_PROGRESS total_timesteps=124416
TRAIN_PROGRESS total_timesteps=124672
TRAIN_PROGRESS total_timesteps=124928
----------------------------------------------------
| rapid/                            |              |
|    action_saturation_rate         | 0.188        |
|    actor_lr                       | 1e-05        |
|    adaptation_lr                  | 0            |
|    critic_lr                      | 0.0001       |
|    source_action_abs_mean         | 1.26         |
|    speed_progress_mean            | 0.748        |
| reward/                           |              |
|    transition_mean                | 2.69         |
| reward_parts/                     |              |
|    action_rate                    | -0.00286     |
|    alive                          | 0.5          |
|    command_displacement_progress  | 0.583        |
|    command_speed_progress         | 0.835        |
|    command_tracking               | -0.0982      |
|    default_pose                   | -0.0635      |
|    distance                       | 0.0658       |
|    fall                           | 0            |
|    feet_air_time                  | 0            |
|    finetune_moving_contact        | 1.12         |
|    foot_slip                      | -0.0513      |
|    gait                           | 0            |
|    height                         | -0.000804    |
|    horizontal_angular_velocity    | -0.0781      |
|    joint_jitter                   | -0.00809     |
|    joint_velocity                 | -0.00164     |
|    jump_landing                   | 0            |
|    jump_success                   | 0            |
|    non_foot_collision             | 0            |
|    posture                        | -0.0706      |
|    rapid_source_action_saturation | -0.0232      |
|    source_action_saturation       | -0.0232      |
|    static_contact_course          | 0            |
|    support_gap                    | 0            |
|    torque                         | -0.00247     |
|    true_four_foot_contact         | 0            |
|    zero_velocity                  | 0            |
|    zero_yaw_rate                  | -0.0134      |
| rollout/                          |              |
|    ep_rew_mean                    | 2e+03        |
|    true_four_contact_ratio        | 0.0132       |
| termination_reason/               |              |
|    body_contact                   | 0            |
|    controller_done                | 0            |
|    height                         | 0            |
|    joint_limit                    | 0            |
|    none                           | 0            |
|    tilt                           | 0            |
|    time_limit                     | 0            |
|    unknown                        | 0            |
|    unsupported                    | 0            |
|    workspace                      | 0            |
| time/                             |              |
|    fps                            | 373          |
|    iterations                     | 61           |
|    time_elapsed                   | 334          |
|    total_timesteps                | 124928       |
| train/                            |              |
|    approx_kl                      | 0.0029484555 |
|    clip_fraction                  | 0.00332      |
|    clip_range                     | 0.2          |
|    entropy_loss                   | -9.73        |
|    explained_variance             | 0.956        |
|    loss                           | 107          |
|    n_updates                      | 300          |
|    policy_gradient_loss           | -0.00333     |
|    std                            | 0.55         |
|    value_loss                     | 244          |
----------------------------------------------------
TRAIN_PROGRESS total_timesteps=125184
TRAIN_PROGRESS total_timesteps=125440
TRAIN_PROGRESS total_timesteps=125696
TRAIN_PROGRESS total_timesteps=125952
TRAIN_PROGRESS total_timesteps=126208
TRAIN_PROGRESS total_timesteps=126464
TRAIN_PROGRESS total_timesteps=126720
TRAIN_PROGRESS total_timesteps=126976
---------------------------------------------------
| rapid/                            |             |
|    action_saturation_rate         | 0.125       |
|    actor_lr                       | 1e-05       |
|    adaptation_lr                  | 0           |
|    critic_lr                      | 0.0001      |
|    source_action_abs_mean         | 1.26        |
|    speed_progress_mean            | 0.75        |
| reward/                           |             |
|    transition_mean                | 2.25        |
| reward_parts/                     |             |
|    action_rate                    | -0.00336    |
|    alive                          | 0.5         |
|    command_displacement_progress  | 0.306       |
|    command_speed_progress         | 0.679       |
|    command_tracking               | -0.12       |
|    default_pose                   | -0.0498     |
|    distance                       | 0.0152      |
|    fall                           | 0           |
|    feet_air_time                  | 0           |
|    finetune_moving_contact        | 1.25        |
|    foot_slip                      | -0.0871     |
|    gait                           | 0           |
|    height                         | -0.000576   |
|    horizontal_angular_velocity    | -0.131      |
|    joint_jitter                   | -0.00442    |
|    joint_velocity                 | -0.00252    |
|    jump_landing                   | 0           |
|    jump_success                   | 0           |
|    non_foot_collision             | 0           |
|    posture                        | -0.0599     |
|    rapid_source_action_saturation | -0.0138     |
|    source_action_saturation       | -0.0138     |
|    static_contact_course          | 0           |
|    support_gap                    | 0           |
|    torque                         | -0.00278    |
|    true_four_foot_contact         | 0           |
|    zero_velocity                  | 0           |
|    zero_yaw_rate                  | -0.0235     |
| rollout/                          |             |
|    ep_rew_mean                    | 2.28e+03    |
|    true_four_contact_ratio        | 0.0122      |
| termination_reason/               |             |
|    body_contact                   | 0           |
|    controller_done                | 0           |
|    height                         | 0           |
|    joint_limit                    | 0           |
|    none                           | 0           |
|    tilt                           | 0           |
|    time_limit                     | 4           |
|    unknown                        | 0           |
|    unsupported                    | 0           |
|    workspace                      | 0           |
| time/                             |             |
|    fps                            | 373         |
|    iterations                     | 62          |
|    time_elapsed                   | 339         |
|    total_timesteps                | 126976      |
| train/                            |             |
|    approx_kl                      | 0.008892817 |
|    clip_fraction                  | 0.0374      |
|    clip_range                     | 0.2         |
|    entropy_loss                   | -9.73       |
|    explained_variance             | 0.885       |
|    loss                           | 76.5        |
|    n_updates                      | 305         |
|    policy_gradient_loss           | -0.00652    |
|    std                            | 0.55        |
|    value_loss                     | 202         |
---------------------------------------------------
TRAIN_PROGRESS total_timesteps=127232
TRAIN_PROGRESS total_timesteps=127488
TRAIN_PROGRESS total_timesteps=127744
TRAIN_PROGRESS total_timesteps=128000
TRAIN_PROGRESS total_timesteps=128256
TRAIN_PROGRESS total_timesteps=128512
TRAIN_PROGRESS total_timesteps=128768
TRAIN_PROGRESS total_timesteps=129024
----------------------------------------------------
| rapid/                            |              |
|    action_saturation_rate         | 0.125        |
|    actor_lr                       | 1e-05        |
|    adaptation_lr                  | 0            |
|    critic_lr                      | 0.0001       |
|    source_action_abs_mean         | 1.17         |
|    speed_progress_mean            | 0.753        |
| reward/                           |              |
|    transition_mean                | 1.02         |
| reward_parts/                     |              |
|    action_rate                    | -0.00319     |
|    alive                          | 0.5          |
|    command_displacement_progress  | 0.375        |
|    command_speed_progress         | 0.375        |
|    command_tracking               | -0.0751      |
|    default_pose                   | -0.0601      |
|    distance                       | 0.0374       |
|    fall                           | 0            |
|    feet_air_time                  | 0            |
|    finetune_moving_contact        | 0.25         |
|    foot_slip                      | -0.0271      |
|    gait                           | -0.0375      |
|    height                         | -0.000825    |
|    horizontal_angular_velocity    | -0.0263      |
|    joint_jitter                   | -0.00534     |
|    joint_velocity                 | -0.00223     |
|    jump_landing                   | 0            |
|    jump_success                   | 0            |
|    non_foot_collision             | 0            |
|    posture                        | -0.0736      |
|    rapid_source_action_saturation | -0.0129      |
|    source_action_saturation       | -0.0129      |
|    static_contact_course          | 0            |
|    support_gap                    | -0.15        |
|    torque                         | -0.00334     |
|    true_four_foot_contact         | 0            |
|    zero_velocity                  | -0.00606     |
|    zero_yaw_rate                  | -0.0345      |
| rollout/                          |              |
|    ep_rew_mean                    | 2.03e+03     |
|    true_four_contact_ratio        | 0.00977      |
| termination_reason/               |              |
|    body_contact                   | 0            |
|    controller_done                | 0            |
|    height                         | 0            |
|    joint_limit                    | 0            |
|    none                           | 0            |
|    tilt                           | 0            |
|    time_limit                     | 0            |
|    unknown                        | 0            |
|    unsupported                    | 0            |
|    workspace                      | 0            |
| time/                             |              |
|    fps                            | 373          |
|    iterations                     | 63           |
|    time_elapsed                   | 345          |
|    total_timesteps                | 129024       |
| train/                            |              |
|    approx_kl                      | 0.0050411373 |
|    clip_fraction                  | 0.0139       |
|    clip_range                     | 0.2          |
|    entropy_loss                   | -9.73        |
|    explained_variance             | 0.945        |
|    loss                           | 60           |
|    n_updates                      | 310          |
|    policy_gradient_loss           | -0.00496     |
|    std                            | 0.55         |
|    value_loss                     | 205          |
----------------------------------------------------
TRAIN_PROGRESS total_timesteps=129280
TRAIN_PROGRESS total_timesteps=129536
TRAIN_PROGRESS total_timesteps=129792
TRAIN_PROGRESS total_timesteps=130048
TRAIN_PROGRESS total_timesteps=130304
TRAIN_PROGRESS total_timesteps=130560
TRAIN_PROGRESS total_timesteps=130816
TRAIN_PROGRESS total_timesteps=131072
----------------------------------------------------
| rapid/                            |              |
|    action_saturation_rate         | 0.0625       |
|    actor_lr                       | 1e-05        |
|    adaptation_lr                  | 0            |
|    critic_lr                      | 0.0001       |
|    source_action_abs_mean         | 1.12         |
|    speed_progress_mean            | 0.755        |
| reward/                           |              |
|    transition_mean                | 2.68         |
| reward_parts/                     |              |
|    action_rate                    | -0.00303     |
|    alive                          | 0.5          |
|    command_displacement_progress  | 0.605        |
|    command_speed_progress         | 0.981        |
|    command_tracking               | -0.136       |
|    default_pose                   | -0.0511      |
|    distance                       | 0.0178       |
|    fall                           | 0            |
|    feet_air_time                  | 0            |
|    finetune_moving_contact        | 1.12         |
|    foot_slip                      | -0.0343      |
|    gait                           | 0            |
|    height                         | -0.00159     |
|    horizontal_angular_velocity    | -0.246       |
|    joint_jitter                   | -0.00827     |
|    joint_velocity                 | -0.00222     |
|    jump_landing                   | 0            |
|    jump_success                   | 0            |
|    non_foot_collision             | 0            |
|    posture                        | -0.0395      |
|    rapid_source_action_saturation | -0.00675     |
|    source_action_saturation       | -0.00675     |
|    static_contact_course          | 0            |
|    support_gap                    | 0            |
|    torque                         | -0.00403     |
|    true_four_foot_contact         | 0            |
|    zero_velocity                  | 0            |
|    zero_yaw_rate                  | -0.0177      |
| rollout/                          |              |
|    ep_rew_mean                    | 2.08e+03     |
|    true_four_contact_ratio        | 0.0117       |
| termination_reason/               |              |
|    body_contact                   | 0            |
|    controller_done                | 0            |
|    height                         | 0            |
|    joint_limit                    | 0            |
|    none                           | 0            |
|    tilt                           | 0            |
|    time_limit                     | 4            |
|    unknown                        | 0            |
|    unsupported                    | 0            |
|    workspace                      | 0            |
| time/                             |              |
|    fps                            | 373          |
|    iterations                     | 64           |
|    time_elapsed                   | 350          |
|    total_timesteps                | 131072       |
| train/                            |              |
|    approx_kl                      | 0.0044351025 |
|    clip_fraction                  | 0.0109       |
|    clip_range                     | 0.2          |
|    entropy_loss                   | -9.73        |
|    explained_variance             | 0.921        |
|    loss                           | 160          |
|    n_updates                      | 315          |
|    policy_gradient_loss           | -0.00391     |
|    std                            | 0.55         |
|    value_loss                     | 477          |
----------------------------------------------------
TRAIN_PROGRESS total_timesteps=131328
TRAIN_PROGRESS total_timesteps=131584
TRAIN_PROGRESS total_timesteps=131840
TRAIN_PROGRESS total_timesteps=132096
TRAIN_PROGRESS total_timesteps=132352
TRAIN_PROGRESS total_timesteps=132608
TRAIN_PROGRESS total_timesteps=132864
TRAIN_PROGRESS total_timesteps=133120
----------------------------------------------------
| rapid/                            |              |
|    action_saturation_rate         | 0.146        |
|    actor_lr                       | 1e-05        |
|    adaptation_lr                  | 0            |
|    critic_lr                      | 0.0001       |
|    source_action_abs_mean         | 1.27         |
|    speed_progress_mean            | 0.758        |
| reward/                           |              |
|    transition_mean                | 3.58         |
| reward_parts/                     |              |
|    action_rate                    | -0.00306     |
|    alive                          | 0.5          |
|    command_displacement_progress  | 1.1          |
|    command_speed_progress         | 1.13         |
|    command_tracking               | -0.0362      |
|    default_pose                   | -0.0509      |
|    distance                       | 0.0763       |
|    fall                           | 0            |
|    feet_air_time                  | 0            |
|    finetune_moving_contact        | 1            |
|    foot_slip                      | -0.0187      |
|    gait                           | 0            |
|    height                         | -0.00167     |
|    horizontal_angular_velocity    | -0.0313      |
|    joint_jitter                   | -0.00274     |
|    joint_velocity                 | -0.0028      |
|    jump_landing                   | 0            |
|    jump_success                   | 0            |
|    non_foot_collision             | 0            |
|    posture                        | -0.0286      |
|    rapid_source_action_saturation | -0.0194      |
|    source_action_saturation       | -0.0194      |
|    static_contact_course          | 0            |
|    support_gap                    | 0            |
|    torque                         | -0.00308     |
|    true_four_foot_contact         | 0            |
|    zero_velocity                  | 0            |
|    zero_yaw_rate                  | -0.0251      |
| rollout/                          |              |
|    ep_rew_mean                    | 2.11e+03     |
|    true_four_contact_ratio        | 0.0117       |
| termination_reason/               |              |
|    body_contact                   | 0            |
|    controller_done                | 0            |
|    height                         | 0            |
|    joint_limit                    | 0            |
|    none                           | 0            |
|    tilt                           | 0            |
|    time_limit                     | 0            |
|    unknown                        | 0            |
|    unsupported                    | 0            |
|    workspace                      | 0            |
| time/                             |              |
|    fps                            | 373          |
|    iterations                     | 65           |
|    time_elapsed                   | 356          |
|    total_timesteps                | 133120       |
| train/                            |              |
|    approx_kl                      | 0.0051172413 |
|    clip_fraction                  | 0.0142       |
|    clip_range                     | 0.2          |
|    entropy_loss                   | -9.73        |
|    explained_variance             | 0.943        |
|    loss                           | 273          |
|    n_updates                      | 320          |
|    policy_gradient_loss           | -0.00634     |
|    std                            | 0.55         |
|    value_loss                     | 453          |
----------------------------------------------------
TRAIN_PROGRESS total_timesteps=133376
TRAIN_PROGRESS total_timesteps=133632
TRAIN_PROGRESS total_timesteps=133888
TRAIN_PROGRESS total_timesteps=134144
TRAIN_PROGRESS total_timesteps=134400
TRAIN_PROGRESS total_timesteps=134656
TRAIN_PROGRESS total_timesteps=134912
TRAIN_PROGRESS total_timesteps=135168
---------------------------------------------------
| rapid/                            |             |
|    action_saturation_rate         | 0.125       |
|    actor_lr                       | 1e-05       |
|    adaptation_lr                  | 0           |
|    critic_lr                      | 0.0001      |
|    source_action_abs_mean         | 0.962       |
|    speed_progress_mean            | 0.759       |
| reward/                           |             |
|    transition_mean                | 0.868       |
| reward_parts/                     |             |
|    action_rate                    | -0.00337    |
|    alive                          | 0.5         |
|    command_displacement_progress  | 0           |
|    command_speed_progress         | 0.375       |
|    command_tracking               | -0.0736     |
|    default_pose                   | -0.069      |
|    distance                       | -0.00398    |
|    fall                           | 0           |
|    feet_air_time                  | 0           |
|    finetune_moving_contact        | 0.5         |
|    foot_slip                      | -0.0268     |
|    gait                           | -0.025      |
|    height                         | -0.0014     |
|    horizontal_angular_velocity    | -0.0476     |
|    joint_jitter                   | -0.00735    |
|    joint_velocity                 | -0.0015     |
|    jump_landing                   | 0           |
|    jump_success                   | 0           |
|    non_foot_collision             | 0           |
|    posture                        | -0.102      |
|    rapid_source_action_saturation | -0.00711    |
|    source_action_saturation       | -0.00711    |
|    static_contact_course          | 0           |
|    support_gap                    | -0.112      |
|    torque                         | -0.00281    |
|    true_four_foot_contact         | 0           |
|    zero_velocity                  | -0.00347    |
|    zero_yaw_rate                  | -0.0199     |
| rollout/                          |             |
|    ep_rew_mean                    | 2.26e+03    |
|    true_four_contact_ratio        | 0.0127      |
| termination_reason/               |             |
|    body_contact                   | 0           |
|    controller_done                | 0           |
|    height                         | 0           |
|    joint_limit                    | 0           |
|    none                           | 0           |
|    tilt                           | 0           |
|    time_limit                     | 4           |
|    unknown                        | 0           |
|    unsupported                    | 0           |
|    workspace                      | 0           |
| time/                             |             |
|    fps                            | 374         |
|    iterations                     | 66          |
|    time_elapsed                   | 361         |
|    total_timesteps                | 135168      |
| train/                            |             |
|    approx_kl                      | 0.009589763 |
|    clip_fraction                  | 0.0903      |
|    clip_range                     | 0.2         |
|    entropy_loss                   | -9.73       |
|    explained_variance             | 0.477       |
|    loss                           | 37.6        |
|    n_updates                      | 325         |
|    policy_gradient_loss           | -0.00957    |
|    std                            | 0.55        |
|    value_loss                     | 108         |
---------------------------------------------------
TRAIN_PROGRESS total_timesteps=135424
TRAIN_PROGRESS total_timesteps=135680
TRAIN_PROGRESS total_timesteps=135936
TRAIN_PROGRESS total_timesteps=136192
TRAIN_PROGRESS total_timesteps=136448
TRAIN_PROGRESS total_timesteps=136704
TRAIN_PROGRESS total_timesteps=136960
TRAIN_PROGRESS total_timesteps=137216
--------------------------------------------------
| rapid/                            |            |
|    action_saturation_rate         | 0.0833     |
|    actor_lr                       | 1e-05      |
|    adaptation_lr                  | 0          |
|    critic_lr                      | 0.0001     |
|    source_action_abs_mean         | 1.01       |
|    speed_progress_mean            | 0.762      |
| reward/                           |            |
|    transition_mean                | 0.0128     |
| reward_parts/                     |            |
|    action_rate                    | -0.00341   |
|    alive                          | 0.5        |
|    command_displacement_progress  | 0.264      |
|    command_speed_progress         | 0.521      |
|    command_tracking               | -0.0572    |
|    default_pose                   | -0.0565    |
|    distance                       | 0.0112     |
|    fall                           | 0          |
|    feet_air_time                  | 0          |
|    finetune_moving_contact        | -0.875     |
|    foot_slip                      | -0.113     |
|    gait                           | -0.0125    |
|    height                         | -0.00141   |
|    horizontal_angular_velocity    | -0.0157    |
|    joint_jitter                   | -0.00711   |
|    joint_velocity                 | -0.00175   |
|    jump_landing                   | 0          |
|    jump_success                   | 0          |
|    non_foot_collision             | 0          |
|    posture                        | -0.0336    |
|    rapid_source_action_saturation | -0.00911   |
|    source_action_saturation       | -0.00911   |
|    static_contact_course          | 0          |
|    support_gap                    | -0.075     |
|    torque                         | -0.00165   |
|    true_four_foot_contact         | 0          |
|    zero_velocity                  | -0.000411  |
|    zero_yaw_rate                  | -0.0205    |
| rollout/                          |            |
|    ep_rew_mean                    | 1.85e+03   |
|    true_four_contact_ratio        | 0.0107     |
| termination_reason/               |            |
|    body_contact                   | 0          |
|    controller_done                | 0          |
|    height                         | 0          |
|    joint_limit                    | 0          |
|    none                           | 0          |
|    tilt                           | 0          |
|    time_limit                     | 0          |
|    unknown                        | 0          |
|    unsupported                    | 0          |
|    workspace                      | 0          |
| time/                             |            |
|    fps                            | 374        |
|    iterations                     | 67         |
|    time_elapsed                   | 366        |
|    total_timesteps                | 137216     |
| train/                            |            |
|    approx_kl                      | 0.00264198 |
|    clip_fraction                  | 0.00225    |
|    clip_range                     | 0.2        |
|    entropy_loss                   | -9.73      |
|    explained_variance             | 0.94       |
|    loss                           | 40.5       |
|    n_updates                      | 330        |
|    policy_gradient_loss           | -0.0035    |
|    std                            | 0.55       |
|    value_loss                     | 264        |
--------------------------------------------------
TRAIN_PROGRESS total_timesteps=137472
TRAIN_PROGRESS total_timesteps=137728
TRAIN_PROGRESS total_timesteps=137984
TRAIN_PROGRESS total_timesteps=138240
TRAIN_PROGRESS total_timesteps=138496
TRAIN_PROGRESS total_timesteps=138752
TRAIN_PROGRESS total_timesteps=139008
TRAIN_PROGRESS total_timesteps=139264
---------------------------------------------------
| rapid/                            |             |
|    action_saturation_rate         | 0.146       |
|    actor_lr                       | 1e-05       |
|    adaptation_lr                  | 0           |
|    critic_lr                      | 0.0001      |
|    source_action_abs_mean         | 1.05        |
|    speed_progress_mean            | 0.764       |
| reward/                           |             |
|    transition_mean                | 3.3         |
| reward_parts/                     |             |
|    action_rate                    | -0.00311    |
|    alive                          | 0.5         |
|    command_displacement_progress  | 0.75        |
|    command_speed_progress         | 1.12        |
|    command_tracking               | -0.132      |
|    default_pose                   | -0.0479     |
|    distance                       | 0.0487      |
|    fall                           | 0           |
|    feet_air_time                  | 0           |
|    finetune_moving_contact        | 1.5         |
|    foot_slip                      | -0.112      |
|    gait                           | 0           |
|    height                         | -0.00131    |
|    horizontal_angular_velocity    | -0.215      |
|    joint_jitter                   | -0.0035     |
|    joint_velocity                 | -0.00253    |
|    jump_landing                   | 0           |
|    jump_success                   | 0           |
|    non_foot_collision             | 0           |
|    posture                        | -0.056      |
|    rapid_source_action_saturation | -0.0139     |
|    source_action_saturation       | -0.0139     |
|    static_contact_course          | 0           |
|    support_gap                    | 0           |
|    torque                         | -0.00299    |
|    true_four_foot_contact         | 0           |
|    zero_velocity                  | 0           |
|    zero_yaw_rate                  | -0.0335     |
| rollout/                          |             |
|    ep_rew_mean                    | 1.9e+03     |
|    true_four_contact_ratio        | 0.0083      |
| termination_reason/               |             |
|    body_contact                   | 0           |
|    controller_done                | 0           |
|    height                         | 0           |
|    joint_limit                    | 0           |
|    none                           | 0           |
|    tilt                           | 0           |
|    time_limit                     | 4           |
|    unknown                        | 0           |
|    unsupported                    | 0           |
|    workspace                      | 0           |
| time/                             |             |
|    fps                            | 374         |
|    iterations                     | 68          |
|    time_elapsed                   | 372         |
|    total_timesteps                | 139264      |
| train/                            |             |
|    approx_kl                      | 0.004378827 |
|    clip_fraction                  | 0.00977     |
|    clip_range                     | 0.2         |
|    entropy_loss                   | -9.73       |
|    explained_variance             | 0.924       |
|    loss                           | 158         |
|    n_updates                      | 335         |
|    policy_gradient_loss           | -0.00442    |
|    std                            | 0.55        |
|    value_loss                     | 419         |
---------------------------------------------------
TRAIN_PROGRESS total_timesteps=139520
TRAIN_PROGRESS total_timesteps=139776
CHECKPOINT /run/media/pma213x/0C6A8CC86A8CAFCE/Ubuntu2/CodeU/Dog1/official-mini-cheetah/checkpoints/official_mini_cheetah_flat_jump_v1_r3/rapid_finetune_500k_20261006/official_mini_cheetah_flat_jump_v1_r3_140000_steps.zip
TRAIN_PROGRESS total_timesteps=140032
TRAIN_PROGRESS total_timesteps=140288
TRAIN_PROGRESS total_timesteps=140544
TRAIN_PROGRESS total_timesteps=140800
TRAIN_PROGRESS total_timesteps=141056
TRAIN_PROGRESS total_timesteps=141312
---------------------------------------------------
| rapid/                            |             |
|    action_saturation_rate         | 0.208       |
|    actor_lr                       | 1e-05       |
|    adaptation_lr                  | 0           |
|    critic_lr                      | 0.0001      |
|    source_action_abs_mean         | 1.37        |
|    speed_progress_mean            | 0.767       |
| reward/                           |             |
|    transition_mean                | 2.15        |
| reward_parts/                     |             |
|    action_rate                    | -0.00336    |
|    alive                          | 0.5         |
|    command_displacement_progress  | 0.75        |
|    command_speed_progress         | 0.75        |
|    command_tracking               | -0.0284     |
|    default_pose                   | -0.0534     |
|    distance                       | 0.0713      |
|    fall                           | 0           |
|    feet_air_time                  | 0           |
|    finetune_moving_contact        | 0.5         |
|    foot_slip                      | -0.0366     |
|    gait                           | -0.025      |
|    height                         | -0.00172    |
|    horizontal_angular_velocity    | -0.0615     |
|    joint_jitter                   | -0.00518    |
|    joint_velocity                 | -0.00265    |
|    jump_landing                   | 0           |
|    jump_success                   | 0           |
|    non_foot_collision             | 0           |
|    posture                        | -0.0399     |
|    rapid_source_action_saturation | -0.0379     |
|    source_action_saturation       | -0.0379     |
|    static_contact_course          | 0           |
|    support_gap                    | -0.112      |
|    torque                         | -0.00117    |
|    true_four_foot_contact         | 0           |
|    zero_velocity                  | -0.000582   |
|    zero_yaw_rate                  | -0.0142     |
| rollout/                          |             |
|    ep_rew_mean                    | 2.31e+03    |
|    true_four_contact_ratio        | 0.0117      |
| termination_reason/               |             |
|    body_contact                   | 0           |
|    controller_done                | 0           |
|    height                         | 0           |
|    joint_limit                    | 0           |
|    none                           | 0           |
|    tilt                           | 0           |
|    time_limit                     | 0           |
|    unknown                        | 0           |
|    unsupported                    | 0           |
|    workspace                      | 0           |
| time/                             |             |
|    fps                            | 374         |
|    iterations                     | 69          |
|    time_elapsed                   | 377         |
|    total_timesteps                | 141312      |
| train/                            |             |
|    approx_kl                      | 0.006969601 |
|    clip_fraction                  | 0.0253      |
|    clip_range                     | 0.2         |
|    entropy_loss                   | -9.73       |
|    explained_variance             | 0.95        |
|    loss                           | 70.7        |
|    n_updates                      | 340         |
|    policy_gradient_loss           | -0.00616    |
|    std                            | 0.55        |
|    value_loss                     | 205         |
---------------------------------------------------
TRAIN_PROGRESS total_timesteps=141568
TRAIN_PROGRESS total_timesteps=141824
TRAIN_PROGRESS total_timesteps=142080
TRAIN_PROGRESS total_timesteps=142336
TRAIN_PROGRESS total_timesteps=142592
TRAIN_PROGRESS total_timesteps=142848
TRAIN_PROGRESS total_timesteps=143104
TRAIN_PROGRESS total_timesteps=143360
--------------------------------------------------
| rapid/                            |            |
|    action_saturation_rate         | 0.167      |
|    actor_lr                       | 1e-05      |
|    adaptation_lr                  | 0          |
|    critic_lr                      | 0.0001     |
|    source_action_abs_mean         | 1.11       |
|    speed_progress_mean            | 0.768      |
| reward/                           |            |
|    transition_mean                | 3.24       |
| reward_parts/                     |            |
|    action_rate                    | -0.00323   |
|    alive                          | 0.5        |
|    command_displacement_progress  | 1.12       |
|    command_speed_progress         | 1.12       |
|    command_tracking               | -0.0414    |
|    default_pose                   | -0.0577    |
|    distance                       | 0.0829     |
|    fall                           | 0          |
|    feet_air_time                  | 0          |
|    finetune_moving_contact        | 0.75       |
|    foot_slip                      | -0.025     |
|    gait                           | -0.0125    |
|    height                         | -0.00104   |
|    horizontal_angular_velocity    | -0.039     |
|    joint_jitter                   | -0.00703   |
|    joint_velocity                 | -0.00216   |
|    jump_landing                   | 0          |
|    jump_success                   | 0          |
|    non_foot_collision             | 0          |
|    posture                        | -0.0356    |
|    rapid_source_action_saturation | -0.0152    |
|    source_action_saturation       | -0.0152    |
|    static_contact_course          | 0          |
|    support_gap                    | -0.075     |
|    torque                         | -0.00232   |
|    true_four_foot_contact         | 0          |
|    zero_velocity                  | -0.00213   |
|    zero_yaw_rate                  | -0.0248    |
| rollout/                          |            |
|    ep_rew_mean                    | 2.31e+03   |
|    true_four_contact_ratio        | 0.0146     |
| termination_reason/               |            |
|    body_contact                   | 0          |
|    controller_done                | 0          |
|    height                         | 0          |
|    joint_limit                    | 0          |
|    none                           | 0          |
|    tilt                           | 0          |
|    time_limit                     | 4          |
|    unknown                        | 0          |
|    unsupported                    | 0          |
|    workspace                      | 0          |
| time/                             |            |
|    fps                            | 374        |
|    iterations                     | 70         |
|    time_elapsed                   | 382        |
|    total_timesteps                | 143360     |
| train/                            |            |
|    approx_kl                      | 0.00401099 |
|    clip_fraction                  | 0.00898    |
|    clip_range                     | 0.2        |
|    entropy_loss                   | -9.73      |
|    explained_variance             | 0.937      |
|    loss                           | 143        |
|    n_updates                      | 345        |
|    policy_gradient_loss           | -0.00403   |
|    std                            | 0.55       |
|    value_loss                     | 337        |
--------------------------------------------------
TRAIN_PROGRESS total_timesteps=143616
TRAIN_PROGRESS total_timesteps=143872
TRAIN_PROGRESS total_timesteps=144128
TRAIN_PROGRESS total_timesteps=144384
TRAIN_PROGRESS total_timesteps=144640
TRAIN_PROGRESS total_timesteps=144896
TRAIN_PROGRESS total_timesteps=145152
TRAIN_PROGRESS total_timesteps=145408
----------------------------------------------------
| rapid/                            |              |
|    action_saturation_rate         | 0.167        |
|    actor_lr                       | 1e-05        |
|    adaptation_lr                  | 0            |
|    critic_lr                      | 0.0001       |
|    source_action_abs_mean         | 1.09         |
|    speed_progress_mean            | 0.77         |
| reward/                           |              |
|    transition_mean                | 2.61         |
| reward_parts/                     |              |
|    action_rate                    | -0.00321     |
|    alive                          | 0.5          |
|    command_displacement_progress  | 0.596        |
|    command_speed_progress         | 0.629        |
|    command_tracking               | -0.0584      |
|    default_pose                   | -0.0622      |
|    distance                       | 0.0173       |
|    fall                           | 0            |
|    feet_air_time                  | 0            |
|    finetune_moving_contact        | 1.12         |
|    foot_slip                      | -0.054       |
|    gait                           | 0            |
|    height                         | -0.00155     |
|    horizontal_angular_velocity    | -0.0251      |
|    joint_jitter                   | -0.0087      |
|    joint_velocity                 | -0.00132     |
|    jump_landing                   | 0            |
|    jump_success                   | 0            |
|    non_foot_collision             | 0            |
|    posture                        | -0.0199      |
|    rapid_source_action_saturation | -0.0189      |
|    source_action_saturation       | -0.0189      |
|    static_contact_course          | 0            |
|    support_gap                    | 0            |
|    torque                         | -0.00167     |
|    true_four_foot_contact         | 0            |
|    zero_velocity                  | 0            |
|    zero_yaw_rate                  | -0.00692     |
| rollout/                          |              |
|    ep_rew_mean                    | 1.58e+03     |
|    true_four_contact_ratio        | 0.0132       |
| termination_reason/               |              |
|    body_contact                   | 0            |
|    controller_done                | 0            |
|    height                         | 0            |
|    joint_limit                    | 0            |
|    none                           | 0            |
|    tilt                           | 0            |
|    time_limit                     | 4            |
|    unknown                        | 0            |
|    unsupported                    | 0            |
|    workspace                      | 0            |
| time/                             |              |
|    fps                            | 374          |
|    iterations                     | 71           |
|    time_elapsed                   | 388          |
|    total_timesteps                | 145408       |
| train/                            |              |
|    approx_kl                      | 0.0023975768 |
|    clip_fraction                  | 0.00225      |
|    clip_range                     | 0.2          |
|    entropy_loss                   | -9.73        |
|    explained_variance             | 0.922        |
|    loss                           | 310          |
|    n_updates                      | 350          |
|    policy_gradient_loss           | -0.0032      |
|    std                            | 0.55         |
|    value_loss                     | 692          |
----------------------------------------------------
TRAIN_PROGRESS total_timesteps=145664
TRAIN_PROGRESS total_timesteps=145920
TRAIN_PROGRESS total_timesteps=146176
TRAIN_PROGRESS total_timesteps=146432
TRAIN_PROGRESS total_timesteps=146688
TRAIN_PROGRESS total_timesteps=146944
TRAIN_PROGRESS total_timesteps=147200
TRAIN_PROGRESS total_timesteps=147456
----------------------------------------------------
| rapid/                            |              |
|    action_saturation_rate         | 0.167        |
|    actor_lr                       | 1e-05        |
|    adaptation_lr                  | 0            |
|    critic_lr                      | 0.0001       |
|    source_action_abs_mean         | 1.18         |
|    speed_progress_mean            | 0.772        |
| reward/                           |              |
|    transition_mean                | 4.38         |
| reward_parts/                     |              |
|    action_rate                    | -0.0033      |
|    alive                          | 0.5          |
|    command_displacement_progress  | 1.49         |
|    command_speed_progress         | 1.5          |
|    command_tracking               | -0.0635      |
|    default_pose                   | -0.0529      |
|    distance                       | 0.116        |
|    fall                           | 0            |
|    feet_air_time                  | 0            |
|    finetune_moving_contact        | 1.12         |
|    foot_slip                      | -0.0399      |
|    gait                           | 0            |
|    height                         | -0.00127     |
|    horizontal_angular_velocity    | -0.0918      |
|    joint_jitter                   | -0.00525     |
|    joint_velocity                 | -0.0026      |
|    jump_landing                   | 0            |
|    jump_success                   | 0            |
|    non_foot_collision             | 0            |
|    posture                        | -0.0484      |
|    rapid_source_action_saturation | -0.0164      |
|    source_action_saturation       | -0.0164      |
|    static_contact_course          | 0            |
|    support_gap                    | 0            |
|    torque                         | -0.00218     |
|    true_four_foot_contact         | 0            |
|    zero_velocity                  | 0            |
|    zero_yaw_rate                  | -0.0216      |
| rollout/                          |              |
|    ep_rew_mean                    | 1.46e+03     |
|    true_four_contact_ratio        | 0.0112       |
| termination_reason/               |              |
|    body_contact                   | 0            |
|    controller_done                | 0            |
|    height                         | 0            |
|    joint_limit                    | 0            |
|    none                           | 0            |
|    tilt                           | 0            |
|    time_limit                     | 0            |
|    unknown                        | 0            |
|    unsupported                    | 0            |
|    workspace                      | 0            |
| time/                             |              |
|    fps                            | 374          |
|    iterations                     | 72           |
|    time_elapsed                   | 393          |
|    total_timesteps                | 147456       |
| train/                            |              |
|    approx_kl                      | 0.0016016307 |
|    clip_fraction                  | 0.000586     |
|    clip_range                     | 0.2          |
|    entropy_loss                   | -9.73        |
|    explained_variance             | 0.942        |
|    loss                           | 197          |
|    n_updates                      | 355          |
|    policy_gradient_loss           | -0.00227     |
|    std                            | 0.55         |
|    value_loss                     | 523          |
----------------------------------------------------
TRAIN_PROGRESS total_timesteps=147712
TRAIN_PROGRESS total_timesteps=147968
TRAIN_PROGRESS total_timesteps=148224
TRAIN_PROGRESS total_timesteps=148480
TRAIN_PROGRESS total_timesteps=148736
TRAIN_PROGRESS total_timesteps=148992
TRAIN_PROGRESS total_timesteps=149248
TRAIN_PROGRESS total_timesteps=149504
---------------------------------------------------
| rapid/                            |             |
|    action_saturation_rate         | 0.104       |
|    actor_lr                       | 1e-05       |
|    adaptation_lr                  | 0           |
|    critic_lr                      | 0.0001      |
|    source_action_abs_mean         | 1.02        |
|    speed_progress_mean            | 0.775       |
| reward/                           |             |
|    transition_mean                | 3.49        |
| reward_parts/                     |             |
|    action_rate                    | -0.00333    |
|    alive                          | 0.5         |
|    command_displacement_progress  | 1.11        |
|    command_speed_progress         | 1.04        |
|    command_tracking               | -0.0212     |
|    default_pose                   | -0.0517     |
|    distance                       | 0.0571      |
|    fall                           | 0           |
|    feet_air_time                  | 0           |
|    finetune_moving_contact        | 1.12        |
|    foot_slip                      | -0.0947     |
|    gait                           | 0           |
|    height                         | -0.00152    |
|    horizontal_angular_velocity    | -0.0378     |
|    joint_jitter                   | -0.00747    |
|    joint_velocity                 | -0.00186    |
|    jump_landing                   | 0           |
|    jump_success                   | 0           |
|    non_foot_collision             | 0           |
|    posture                        | -0.079      |
|    rapid_source_action_saturation | -0.019      |
|    source_action_saturation       | -0.019      |
|    static_contact_course          | 0           |
|    support_gap                    | 0           |
|    torque                         | -0.00259    |
|    true_four_foot_contact         | 0           |
|    zero_velocity                  | 0           |
|    zero_yaw_rate                  | -0.0261     |
| rollout/                          |             |
|    ep_rew_mean                    | 2.8e+03     |
|    true_four_contact_ratio        | 0.0142      |
| termination_reason/               |             |
|    body_contact                   | 0           |
|    controller_done                | 0           |
|    height                         | 0           |
|    joint_limit                    | 0           |
|    none                           | 0           |
|    tilt                           | 0           |
|    time_limit                     | 4           |
|    unknown                        | 0           |
|    unsupported                    | 0           |
|    workspace                      | 0           |
| time/                             |             |
|    fps                            | 374         |
|    iterations                     | 73          |
|    time_elapsed                   | 399         |
|    total_timesteps                | 149504      |
| train/                            |             |
|    approx_kl                      | 0.011174738 |
|    clip_fraction                  | 0.0572      |
|    clip_range                     | 0.2         |
|    entropy_loss                   | -9.73       |
|    explained_variance             | 0.564       |
|    loss                           | 55.3        |
|    n_updates                      | 360         |
|    policy_gradient_loss           | -0.00744    |
|    std                            | 0.55        |
|    value_loss                     | 125         |
---------------------------------------------------
TRAIN_PROGRESS total_timesteps=149760
TRAIN_PROGRESS total_timesteps=150016
TRAIN_PROGRESS total_timesteps=150272
TRAIN_PROGRESS total_timesteps=150528
TRAIN_PROGRESS total_timesteps=150784
TRAIN_PROGRESS total_timesteps=151040
TRAIN_PROGRESS total_timesteps=151296
TRAIN_PROGRESS total_timesteps=151552
--------------------------------------------------
| rapid/                            |            |
|    action_saturation_rate         | 0.146      |
|    actor_lr                       | 1e-05      |
|    adaptation_lr                  | 0          |
|    critic_lr                      | 0.0001     |
|    source_action_abs_mean         | 1.09       |
|    speed_progress_mean            | 0.776      |
| reward/                           |            |
|    transition_mean                | 1.39       |
| reward_parts/                     |            |
|    action_rate                    | -0.00347   |
|    alive                          | 0.5        |
|    command_displacement_progress  | 0.485      |
|    command_speed_progress         | 0.48       |
|    command_tracking               | -0.0962    |
|    default_pose                   | -0.0536    |
|    distance                       | 0.0395     |
|    fall                           | 0          |
|    feet_air_time                  | 0          |
|    finetune_moving_contact        | 0.5        |
|    foot_slip                      | -0.0758    |
|    gait                           | -0.025     |
|    height                         | -0.00218   |
|    horizontal_angular_velocity    | -0.108     |
|    joint_jitter                   | -0.0174    |
|    joint_velocity                 | -0.00195   |
|    jump_landing                   | 0          |
|    jump_success                   | 0          |
|    non_foot_collision             | 0          |
|    posture                        | -0.029     |
|    rapid_source_action_saturation | -0.0111    |
|    source_action_saturation       | -0.0111    |
|    static_contact_course          | 0          |
|    support_gap                    | -0.15      |
|    torque                         | -0.00206   |
|    true_four_foot_contact         | 0          |
|    zero_velocity                  | -0.00455   |
|    zero_yaw_rate                  | -0.0299    |
| rollout/                          |            |
|    ep_rew_mean                    | 1.47e+03   |
|    true_four_contact_ratio        | 0.0122     |
| termination_reason/               |            |
|    body_contact                   | 0          |
|    controller_done                | 0          |
|    height                         | 0          |
|    joint_limit                    | 0          |
|    none                           | 0          |
|    tilt                           | 0          |
|    time_limit                     | 0          |
|    unknown                        | 0          |
|    unsupported                    | 0          |
|    workspace                      | 0          |
| time/                             |            |
|    fps                            | 374        |
|    iterations                     | 74         |
|    time_elapsed                   | 405        |
|    total_timesteps                | 151552     |
| train/                            |            |
|    approx_kl                      | 0.00950014 |
|    clip_fraction                  | 0.118      |
|    clip_range                     | 0.2        |
|    entropy_loss                   | -9.73      |
|    explained_variance             | 0.641      |
|    loss                           | 38.8       |
|    n_updates                      | 365        |
|    policy_gradient_loss           | -0.011     |
|    std                            | 0.55       |
|    value_loss                     | 70.9       |
--------------------------------------------------
TRAIN_PROGRESS total_timesteps=151808
TRAIN_PROGRESS total_timesteps=152064
TRAIN_PROGRESS total_timesteps=152320
TRAIN_PROGRESS total_timesteps=152576
TRAIN_PROGRESS total_timesteps=152832
TRAIN_PROGRESS total_timesteps=153088
TRAIN_PROGRESS total_timesteps=153344
TRAIN_PROGRESS total_timesteps=153600
----------------------------------------------------
| rapid/                            |              |
|    action_saturation_rate         | 0.146        |
|    actor_lr                       | 1e-05        |
|    adaptation_lr                  | 0            |
|    critic_lr                      | 0.0001       |
|    source_action_abs_mean         | 1.29         |
|    speed_progress_mean            | 0.778        |
| reward/                           |              |
|    transition_mean                | 0.0237       |
| reward_parts/                     |              |
|    action_rate                    | -0.00338     |
|    alive                          | 0.5          |
|    command_displacement_progress  | 0.0148       |
|    command_speed_progress         | 0.0317       |
|    command_tracking               | -0.13        |
|    default_pose                   | -0.049       |
|    distance                       | 0.00107      |
|    fall                           | 0            |
|    feet_air_time                  | 0            |
|    finetune_moving_contact        | 0.25         |
|    foot_slip                      | -0.0568      |
|    gait                           | -0.0375      |
|    height                         | -0.000565    |
|    horizontal_angular_velocity    | -0.202       |
|    joint_jitter                   | -0.0155      |
|    joint_velocity                 | -0.00193     |
|    jump_landing                   | 0            |
|    jump_success                   | 0            |
|    non_foot_collision             | 0            |
|    posture                        | -0.0209      |
|    rapid_source_action_saturation | -0.0227      |
|    source_action_saturation       | -0.0227      |
|    static_contact_course          | 0            |
|    support_gap                    | -0.188       |
|    torque                         | -0.00224     |
|    true_four_foot_contact         | 0            |
|    zero_velocity                  | -0.0125      |
|    zero_yaw_rate                  | -0.0314      |
| rollout/                          |              |
|    ep_rew_mean                    | 2.09e+03     |
|    true_four_contact_ratio        | 0.0112       |
| termination_reason/               |              |
|    body_contact                   | 0            |
|    controller_done                | 0            |
|    height                         | 0            |
|    joint_limit                    | 0            |
|    none                           | 0            |
|    tilt                           | 0            |
|    time_limit                     | 4            |
|    unknown                        | 0            |
|    unsupported                    | 0            |
|    workspace                      | 0            |
| time/                             |              |
|    fps                            | 374          |
|    iterations                     | 75           |
|    time_elapsed                   | 410          |
|    total_timesteps                | 153600       |
| train/                            |              |
|    approx_kl                      | 0.0069512236 |
|    clip_fraction                  | 0.0245       |
|    clip_range                     | 0.2          |
|    entropy_loss                   | -9.73        |
|    explained_variance             | 0.854        |
|    loss                           | 74.8         |
|    n_updates                      | 370          |
|    policy_gradient_loss           | -0.00538     |
|    std                            | 0.55         |
|    value_loss                     | 214          |
----------------------------------------------------
TRAIN_PROGRESS total_timesteps=153856
TRAIN_PROGRESS total_timesteps=154112
TRAIN_PROGRESS total_timesteps=154368
TRAIN_PROGRESS total_timesteps=154624
TRAIN_PROGRESS total_timesteps=154880
TRAIN_PROGRESS total_timesteps=155136
TRAIN_PROGRESS total_timesteps=155392
TRAIN_PROGRESS total_timesteps=155648
----------------------------------------------------
| rapid/                            |              |
|    action_saturation_rate         | 0.104        |
|    actor_lr                       | 1e-05        |
|    adaptation_lr                  | 0            |
|    critic_lr                      | 0.0001       |
|    source_action_abs_mean         | 1.15         |
|    speed_progress_mean            | 0.779        |
| reward/                           |              |
|    transition_mean                | 2.72         |
| reward_parts/                     |              |
|    action_rate                    | -0.00345     |
|    alive                          | 0.5          |
|    command_displacement_progress  | 0.55         |
|    command_speed_progress         | 0.679        |
|    command_tracking               | -0.0454      |
|    default_pose                   | -0.0579      |
|    distance                       | 0.0261       |
|    fall                           | 0            |
|    feet_air_time                  | 0            |
|    finetune_moving_contact        | 1.25         |
|    foot_slip                      | -0.0302      |
|    gait                           | 0            |
|    height                         | -0.00105     |
|    horizontal_angular_velocity    | -0.0483      |
|    joint_jitter                   | -0.0121      |
|    joint_velocity                 | -0.00202     |
|    jump_landing                   | 0            |
|    jump_success                   | 0            |
|    non_foot_collision             | 0            |
|    posture                        | -0.0585      |
|    rapid_source_action_saturation | -0.0122      |
|    source_action_saturation       | -0.0122      |
|    static_contact_course          | 0            |
|    support_gap                    | 0            |
|    torque                         | -0.00316     |
|    true_four_foot_contact         | 0            |
|    zero_velocity                  | 0            |
|    zero_yaw_rate                  | -0.0144      |
| rollout/                          |              |
|    ep_rew_mean                    | 944          |
|    true_four_contact_ratio        | 0.00732      |
| termination_reason/               |              |
|    body_contact                   | 0            |
|    controller_done                | 0            |
|    height                         | 0            |
|    joint_limit                    | 0            |
|    none                           | 0            |
|    tilt                           | 0            |
|    time_limit                     | 0            |
|    unknown                        | 0            |
|    unsupported                    | 0            |
|    workspace                      | 0            |
| time/                             |              |
|    fps                            | 373          |
|    iterations                     | 76           |
|    time_elapsed                   | 416          |
|    total_timesteps                | 155648       |
| train/                            |              |
|    approx_kl                      | 0.0013363182 |
|    clip_fraction                  | 0.000195     |
|    clip_range                     | 0.2          |
|    entropy_loss                   | -9.73        |
|    explained_variance             | 0.936        |
|    loss                           | 178          |
|    n_updates                      | 375          |
|    policy_gradient_loss           | -0.00189     |
|    std                            | 0.55         |
|    value_loss                     | 369          |
----------------------------------------------------
TRAIN_PROGRESS total_timesteps=155904
TRAIN_PROGRESS total_timesteps=156160
TRAIN_PROGRESS total_timesteps=156416
TRAIN_PROGRESS total_timesteps=156672
TRAIN_PROGRESS total_timesteps=156928
TRAIN_PROGRESS total_timesteps=157184
TRAIN_PROGRESS total_timesteps=157440
TRAIN_PROGRESS total_timesteps=157696
----------------------------------------------------
| rapid/                            |              |
|    action_saturation_rate         | 0.167        |
|    actor_lr                       | 1e-05        |
|    adaptation_lr                  | 0            |
|    critic_lr                      | 0.0001       |
|    source_action_abs_mean         | 1.21         |
|    speed_progress_mean            | 0.782        |
| reward/                           |              |
|    transition_mean                | 3.17         |
| reward_parts/                     |              |
|    action_rate                    | -0.00351     |
|    alive                          | 0.5          |
|    command_displacement_progress  | 1.12         |
|    command_speed_progress         | 1.12         |
|    command_tracking               | -0.056       |
|    default_pose                   | -0.0515      |
|    distance                       | 0.0889       |
|    fall                           | 0            |
|    feet_air_time                  | 0            |
|    finetune_moving_contact        | 0.75         |
|    foot_slip                      | -0.0482      |
|    gait                           | -0.0125      |
|    height                         | -0.000614    |
|    horizontal_angular_velocity    | -0.0737      |
|    joint_jitter                   | -0.00954     |
|    joint_velocity                 | -0.0023      |
|    jump_landing                   | 0            |
|    jump_success                   | 0            |
|    non_foot_collision             | 0            |
|    posture                        | -0.0497      |
|    rapid_source_action_saturation | -0.0157      |
|    source_action_saturation       | -0.0157      |
|    static_contact_course          | 0            |
|    support_gap                    | -0.075       |
|    torque                         | -0.00355     |
|    true_four_foot_contact         | 0            |
|    zero_velocity                  | -0.0015      |
|    zero_yaw_rate                  | -0.0166      |
| rollout/                          |              |
|    ep_rew_mean                    | 2.2e+03      |
|    true_four_contact_ratio        | 0.0107       |
| termination_reason/               |              |
|    body_contact                   | 0            |
|    controller_done                | 0            |
|    height                         | 0            |
|    joint_limit                    | 0            |
|    none                           | 0            |
|    tilt                           | 0            |
|    time_limit                     | 4            |
|    unknown                        | 0            |
|    unsupported                    | 0            |
|    workspace                      | 0            |
| time/                             |              |
|    fps                            | 373          |
|    iterations                     | 77           |
|    time_elapsed                   | 421          |
|    total_timesteps                | 157696       |
| train/                            |              |
|    approx_kl                      | 0.0057987077 |
|    clip_fraction                  | 0.0165       |
|    clip_range                     | 0.2          |
|    entropy_loss                   | -9.73        |
|    explained_variance             | 0.933        |
|    loss                           | 236          |
|    n_updates                      | 380          |
|    policy_gradient_loss           | -0.00472     |
|    std                            | 0.55         |
|    value_loss                     | 442          |
----------------------------------------------------
TRAIN_PROGRESS total_timesteps=157952
TRAIN_PROGRESS total_timesteps=158208
TRAIN_PROGRESS total_timesteps=158464
TRAIN_PROGRESS total_timesteps=158720
TRAIN_PROGRESS total_timesteps=158976
TRAIN_PROGRESS total_timesteps=159232
TRAIN_PROGRESS total_timesteps=159488
TRAIN_PROGRESS total_timesteps=159744
---------------------------------------------------
| rapid/                            |             |
|    action_saturation_rate         | 0.167       |
|    actor_lr                       | 1e-05       |
|    adaptation_lr                  | 0           |
|    critic_lr                      | 0.0001      |
|    source_action_abs_mean         | 1.23        |
|    speed_progress_mean            | 0.784       |
| reward/                           |             |
|    transition_mean                | 0.842       |
| reward_parts/                     |             |
|    action_rate                    | -0.00324    |
|    alive                          | 0.5         |
|    command_displacement_progress  | -0.268      |
|    command_speed_progress         | 0.249       |
|    command_tracking               | -0.0853     |
|    default_pose                   | -0.0592     |
|    distance                       | -0.016      |
|    fall                           | 0           |
|    feet_air_time                  | 0           |
|    finetune_moving_contact        | 0.875       |
|    foot_slip                      | -0.0878     |
|    gait                           | -0.0125     |
|    height                         | -0.00153    |
|    horizontal_angular_velocity    | -0.0701     |
|    joint_jitter                   | -0.00519    |
|    joint_velocity                 | -0.00192    |
|    jump_landing                   | 0           |
|    jump_success                   | 0           |
|    non_foot_collision             | 0           |
|    posture                        | -0.089      |
|    rapid_source_action_saturation | -0.0144     |
|    source_action_saturation       | -0.0144     |
|    static_contact_course          | 0           |
|    support_gap                    | -0.0375     |
|    torque                         | -0.00192    |
|    true_four_foot_contact         | 0           |
|    zero_velocity                  | -0.003      |
|    zero_yaw_rate                  | -0.0251     |
| rollout/                          |             |
|    ep_rew_mean                    | 1.29e+03    |
|    true_four_contact_ratio        | 0.00977     |
| termination_reason/               |             |
|    body_contact                   | 0           |
|    controller_done                | 0           |
|    height                         | 0           |
|    joint_limit                    | 0           |
|    none                           | 0           |
|    tilt                           | 0           |
|    time_limit                     | 0           |
|    unknown                        | 0           |
|    unsupported                    | 0           |
|    workspace                      | 0           |
| time/                             |             |
|    fps                            | 373         |
|    iterations                     | 78          |
|    time_elapsed                   | 427         |
|    total_timesteps                | 159744      |
| train/                            |             |
|    approx_kl                      | 0.009341932 |
|    clip_fraction                  | 0.0404      |
|    clip_range                     | 0.2         |
|    entropy_loss                   | -9.73       |
|    explained_variance             | 0.959       |
|    loss                           | 31.2        |
|    n_updates                      | 385         |
|    policy_gradient_loss           | -0.00639    |
|    std                            | 0.55        |
|    value_loss                     | 77.4        |
---------------------------------------------------
TRAIN_PROGRESS total_timesteps=160000
CHECKPOINT /run/media/pma213x/0C6A8CC86A8CAFCE/Ubuntu2/CodeU/Dog1/official-mini-cheetah/checkpoints/official_mini_cheetah_flat_jump_v1_r3/rapid_finetune_500k_20261006/official_mini_cheetah_flat_jump_v1_r3_160000_steps.zip
TRAIN_PROGRESS total_timesteps=160256
TRAIN_PROGRESS total_timesteps=160512
TRAIN_PROGRESS total_timesteps=160768
TRAIN_PROGRESS total_timesteps=161024
TRAIN_PROGRESS total_timesteps=161280
TRAIN_PROGRESS total_timesteps=161536
TRAIN_PROGRESS total_timesteps=161792
----------------------------------------------------
| rapid/                            |              |
|    action_saturation_rate         | 0.167        |
|    actor_lr                       | 1e-05        |
|    adaptation_lr                  | 0            |
|    critic_lr                      | 0.0001       |
|    source_action_abs_mean         | 1.29         |
|    speed_progress_mean            | 0.786        |
| reward/                           |              |
|    transition_mean                | 1.8          |
| reward_parts/                     |              |
|    action_rate                    | -0.00317     |
|    alive                          | 0.5          |
|    command_displacement_progress  | 0.678        |
|    command_speed_progress         | 0.662        |
|    command_tracking               | -0.061       |
|    default_pose                   | -0.0574      |
|    distance                       | 0.041        |
|    fall                           | 0            |
|    feet_air_time                  | 0            |
|    finetune_moving_contact        | 0.5          |
|    foot_slip                      | -0.0313      |
|    gait                           | -0.025       |
|    height                         | -0.000161    |
|    horizontal_angular_velocity    | -0.13        |
|    joint_jitter                   | -0.0069      |
|    joint_velocity                 | -0.00219     |
|    jump_landing                   | 0            |
|    jump_success                   | 0            |
|    non_foot_collision             | 0            |
|    posture                        | -0.0539      |
|    rapid_source_action_saturation | -0.0318      |
|    source_action_saturation       | -0.0318      |
|    static_contact_course          | 0            |
|    support_gap                    | -0.15        |
|    torque                         | -0.00223     |
|    true_four_foot_contact         | 0            |
|    zero_velocity                  | -0.00486     |
|    zero_yaw_rate                  | -0.0164      |
| rollout/                          |              |
|    ep_rew_mean                    | 2.35e+03     |
|    true_four_contact_ratio        | 0.0142       |
| termination_reason/               |              |
|    body_contact                   | 0            |
|    controller_done                | 0            |
|    height                         | 0            |
|    joint_limit                    | 0            |
|    none                           | 0            |
|    tilt                           | 0            |
|    time_limit                     | 4            |
|    unknown                        | 0            |
|    unsupported                    | 0            |
|    workspace                      | 0            |
| time/                             |              |
|    fps                            | 373          |
|    iterations                     | 79           |
|    time_elapsed                   | 433          |
|    total_timesteps                | 161792       |
| train/                            |              |
|    approx_kl                      | 0.0028200692 |
|    clip_fraction                  | 0.00234      |
|    clip_range                     | 0.2          |
|    entropy_loss                   | -9.73        |
|    explained_variance             | 0.942        |
|    loss                           | 212          |
|    n_updates                      | 390          |
|    policy_gradient_loss           | -0.00304     |
|    std                            | 0.55         |
|    value_loss                     | 370          |
----------------------------------------------------
TRAIN_PROGRESS total_timesteps=162048
TRAIN_PROGRESS total_timesteps=162304
TRAIN_PROGRESS total_timesteps=162560
TRAIN_PROGRESS total_timesteps=162816
TRAIN_PROGRESS total_timesteps=163072
TRAIN_PROGRESS total_timesteps=163328
TRAIN_PROGRESS total_timesteps=163584
TRAIN_PROGRESS total_timesteps=163840
----------------------------------------------------
| rapid/                            |              |
|    action_saturation_rate         | 0.0625       |
|    actor_lr                       | 1e-05        |
|    adaptation_lr                  | 0            |
|    critic_lr                      | 0.0001       |
|    source_action_abs_mean         | 1.1          |
|    speed_progress_mean            | 0.788        |
| reward/                           |              |
|    transition_mean                | 3.35         |
| reward_parts/                     |              |
|    action_rate                    | -0.00333     |
|    alive                          | 0.5          |
|    command_displacement_progress  | 1.12         |
|    command_speed_progress         | 1.12         |
|    command_tracking               | -0.062       |
|    default_pose                   | -0.0543      |
|    distance                       | 0.0699       |
|    fall                           | 0            |
|    feet_air_time                  | 0            |
|    finetune_moving_contact        | 0.875        |
|    foot_slip                      | -0.0691      |
|    gait                           | -0.0125      |
|    height                         | -0.000704    |
|    horizontal_angular_velocity    | -0.0187      |
|    joint_jitter                   | -0.00495     |
|    joint_velocity                 | -0.0026      |
|    jump_landing                   | 0            |
|    jump_success                   | 0            |
|    non_foot_collision             | 0            |
|    posture                        | -0.0497      |
|    rapid_source_action_saturation | -0.00786     |
|    source_action_saturation       | -0.00786     |
|    static_contact_course          | 0            |
|    support_gap                    | -0.0375      |
|    torque                         | -0.00266     |
|    true_four_foot_contact         | 0            |
|    zero_velocity                  | -0.00391     |
|    zero_yaw_rate                  | -0.0163      |
| rollout/                          |              |
|    ep_rew_mean                    | 1.15e+03     |
|    true_four_contact_ratio        | 0.0083       |
| termination_reason/               |              |
|    body_contact                   | 0            |
|    controller_done                | 0            |
|    height                         | 0            |
|    joint_limit                    | 0            |
|    none                           | 0            |
|    tilt                           | 0            |
|    time_limit                     | 0            |
|    unknown                        | 0            |
|    unsupported                    | 0            |
|    workspace                      | 0            |
| time/                             |              |
|    fps                            | 373          |
|    iterations                     | 80           |
|    time_elapsed                   | 439          |
|    total_timesteps                | 163840       |
| train/                            |              |
|    approx_kl                      | 0.0033776583 |
|    clip_fraction                  | 0.0106       |
|    clip_range                     | 0.2          |
|    entropy_loss                   | -9.73        |
|    explained_variance             | 0.968        |
|    loss                           | 52.6         |
|    n_updates                      | 395          |
|    policy_gradient_loss           | -0.00449     |
|    std                            | 0.55         |
|    value_loss                     | 189          |
----------------------------------------------------
TRAIN_PROGRESS total_timesteps=164096
TRAIN_PROGRESS total_timesteps=164352
TRAIN_PROGRESS total_timesteps=164608
TRAIN_PROGRESS total_timesteps=164864
TRAIN_PROGRESS total_timesteps=165120
TRAIN_PROGRESS total_timesteps=165376
TRAIN_PROGRESS total_timesteps=165632
TRAIN_PROGRESS total_timesteps=165888
----------------------------------------------------
| rapid/                            |              |
|    action_saturation_rate         | 0.146        |
|    actor_lr                       | 1e-05        |
|    adaptation_lr                  | 0            |
|    critic_lr                      | 0.0001       |
|    source_action_abs_mean         | 1.22         |
|    speed_progress_mean            | 0.789        |
| reward/                           |              |
|    transition_mean                | 2.61         |
| reward_parts/                     |              |
|    action_rate                    | -0.00341     |
|    alive                          | 0.5          |
|    command_displacement_progress  | 0.918        |
|    command_speed_progress         | 0.866        |
|    command_tracking               | -0.135       |
|    default_pose                   | -0.0518      |
|    distance                       | 0.0481       |
|    fall                           | 0            |
|    feet_air_time                  | 0            |
|    finetune_moving_contact        | 0.875        |
|    foot_slip                      | -0.0139      |
|    gait                           | -0.0125      |
|    height                         | -0.000136    |
|    horizontal_angular_velocity    | -0.208       |
|    joint_jitter                   | -0.00625     |
|    joint_velocity                 | -0.00157     |
|    jump_landing                   | 0            |
|    jump_success                   | 0            |
|    non_foot_collision             | 0            |
|    posture                        | -0.0612      |
|    rapid_source_action_saturation | -0.0141      |
|    source_action_saturation       | -0.0141      |
|    static_contact_course          | 0            |
|    support_gap                    | -0.075       |
|    torque                         | -0.00387     |
|    true_four_foot_contact         | 0            |
|    zero_velocity                  | -0.00254     |
|    zero_yaw_rate                  | -0.00775     |
| rollout/                          |              |
|    ep_rew_mean                    | 1.75e+03     |
|    true_four_contact_ratio        | 0.00488      |
| termination_reason/               |              |
|    body_contact                   | 0            |
|    controller_done                | 0            |
|    height                         | 0            |
|    joint_limit                    | 0            |
|    none                           | 0            |
|    tilt                           | 0            |
|    time_limit                     | 4            |
|    unknown                        | 0            |
|    unsupported                    | 0            |
|    workspace                      | 0            |
| time/                             |              |
|    fps                            | 372          |
|    iterations                     | 81           |
|    time_elapsed                   | 444          |
|    total_timesteps                | 165888       |
| train/                            |              |
|    approx_kl                      | 0.0023114902 |
|    clip_fraction                  | 0.00186      |
|    clip_range                     | 0.2          |
|    entropy_loss                   | -9.73        |
|    explained_variance             | 0.936        |
|    loss                           | 254          |
|    n_updates                      | 400          |
|    policy_gradient_loss           | -0.00423     |
|    std                            | 0.55         |
|    value_loss                     | 557          |
----------------------------------------------------
TRAIN_PROGRESS total_timesteps=166144
TRAIN_PROGRESS total_timesteps=166400
TRAIN_PROGRESS total_timesteps=166656
TRAIN_PROGRESS total_timesteps=166912
TRAIN_PROGRESS total_timesteps=167168
TRAIN_PROGRESS total_timesteps=167424
TRAIN_PROGRESS total_timesteps=167680
TRAIN_PROGRESS total_timesteps=167936
-----------------------------------------------------
| rapid/                            |               |
|    action_saturation_rate         | 0.188         |
|    actor_lr                       | 1e-05         |
|    adaptation_lr                  | 0             |
|    critic_lr                      | 0.0001        |
|    source_action_abs_mean         | 1.42          |
|    speed_progress_mean            | 0.791         |
| reward/                           |               |
|    transition_mean                | 2.76          |
| reward_parts/                     |               |
|    action_rate                    | -0.00311      |
|    alive                          | 0.5           |
|    command_displacement_progress  | 0.619         |
|    command_speed_progress         | 0.871         |
|    command_tracking               | -0.0525       |
|    default_pose                   | -0.0539       |
|    distance                       | 0.045         |
|    fall                           | 0             |
|    feet_air_time                  | 0             |
|    finetune_moving_contact        | 1.12          |
|    foot_slip                      | -0.0848       |
|    gait                           | 0             |
|    height                         | -0.000388     |
|    horizontal_angular_velocity    | -0.0901       |
|    joint_jitter                   | -0.00359      |
|    joint_velocity                 | -0.00247      |
|    jump_landing                   | 0             |
|    jump_success                   | 0             |
|    non_foot_collision             | 0             |
|    posture                        | -0.0487       |
|    rapid_source_action_saturation | -0.0349       |
|    source_action_saturation       | -0.0349       |
|    static_contact_course          | 0             |
|    support_gap                    | 0             |
|    torque                         | -0.00159      |
|    true_four_foot_contact         | 0             |
|    zero_velocity                  | 0             |
|    zero_yaw_rate                  | -0.0186       |
| rollout/                          |               |
|    ep_rew_mean                    | 1.62e+03      |
|    true_four_contact_ratio        | 0.00684       |
| termination_reason/               |               |
|    body_contact                   | 0             |
|    controller_done                | 0             |
|    height                         | 0             |
|    joint_limit                    | 0             |
|    none                           | 0             |
|    tilt                           | 0             |
|    time_limit                     | 0             |
|    unknown                        | 0             |
|    unsupported                    | 0             |
|    workspace                      | 0             |
| time/                             |               |
|    fps                            | 372           |
|    iterations                     | 82            |
|    time_elapsed                   | 450           |
|    total_timesteps                | 167936        |
| train/                            |               |
|    approx_kl                      | 0.00082596386 |
|    clip_fraction                  | 0             |
|    clip_range                     | 0.2           |
|    entropy_loss                   | -9.73         |
|    explained_variance             | 0.978         |
|    loss                           | 97.6          |
|    n_updates                      | 405           |
|    policy_gradient_loss           | -0.0016       |
|    std                            | 0.55          |
|    value_loss                     | 226           |
-----------------------------------------------------
TRAIN_PROGRESS total_timesteps=168192
TRAIN_PROGRESS total_timesteps=168448
TRAIN_PROGRESS total_timesteps=168704
TRAIN_PROGRESS total_timesteps=168960
TRAIN_PROGRESS total_timesteps=169216
TRAIN_PROGRESS total_timesteps=169472
TRAIN_PROGRESS total_timesteps=169728
TRAIN_PROGRESS total_timesteps=169984
---------------------------------------------------
| rapid/                            |             |
|    action_saturation_rate         | 0.146       |
|    actor_lr                       | 1e-05       |
|    adaptation_lr                  | 0           |
|    critic_lr                      | 0.0001      |
|    source_action_abs_mean         | 1.15        |
|    speed_progress_mean            | 0.792       |
| reward/                           |             |
|    transition_mean                | 2.17        |
| reward_parts/                     |             |
|    action_rate                    | -0.00346    |
|    alive                          | 0.5         |
|    command_displacement_progress  | 0.75        |
|    command_speed_progress         | 0.75        |
|    command_tracking               | -0.0836     |
|    default_pose                   | -0.0583     |
|    distance                       | 0.0661      |
|    fall                           | 0           |
|    feet_air_time                  | 0           |
|    finetune_moving_contact        | 0.625       |
|    foot_slip                      | -0.0978     |
|    gait                           | -0.025      |
|    height                         | -0.000715   |
|    horizontal_angular_velocity    | -0.0314     |
|    joint_jitter                   | -0.00628    |
|    joint_velocity                 | -0.00283    |
|    jump_landing                   | 0           |
|    jump_success                   | 0           |
|    non_foot_collision             | 0           |
|    posture                        | -0.0864     |
|    rapid_source_action_saturation | -0.0202     |
|    source_action_saturation       | -0.0202     |
|    static_contact_course          | 0           |
|    support_gap                    | -0.075      |
|    torque                         | -0.00171    |
|    true_four_foot_contact         | 0           |
|    zero_velocity                  | -0.00322    |
|    zero_yaw_rate                  | -0.0249     |
| rollout/                          |             |
|    ep_rew_mean                    | 2.42e+03    |
|    true_four_contact_ratio        | 0.0127      |
| termination_reason/               |             |
|    body_contact                   | 0           |
|    controller_done                | 0           |
|    height                         | 0           |
|    joint_limit                    | 0           |
|    none                           | 0           |
|    tilt                           | 0           |
|    time_limit                     | 4           |
|    unknown                        | 0           |
|    unsupported                    | 0           |
|    workspace                      | 0           |
| time/                             |             |
|    fps                            | 372         |
|    iterations                     | 83          |
|    time_elapsed                   | 456         |
|    total_timesteps                | 169984      |
| train/                            |             |
|    approx_kl                      | 0.005214438 |
|    clip_fraction                  | 0.0142      |
|    clip_range                     | 0.2         |
|    entropy_loss                   | -9.73       |
|    explained_variance             | 0.882       |
|    loss                           | 61          |
|    n_updates                      | 410         |
|    policy_gradient_loss           | -0.00471    |
|    std                            | 0.55        |
|    value_loss                     | 231         |
---------------------------------------------------
TRAIN_PROGRESS total_timesteps=170240
TRAIN_PROGRESS total_timesteps=170496
TRAIN_PROGRESS total_timesteps=170752
TRAIN_PROGRESS total_timesteps=171008
TRAIN_PROGRESS total_timesteps=171264
TRAIN_PROGRESS total_timesteps=171520
TRAIN_PROGRESS total_timesteps=171776
TRAIN_PROGRESS total_timesteps=172032
----------------------------------------------------
| rapid/                            |              |
|    action_saturation_rate         | 0.125        |
|    actor_lr                       | 1e-05        |
|    adaptation_lr                  | 0            |
|    critic_lr                      | 0.0001       |
|    source_action_abs_mean         | 1.31         |
|    speed_progress_mean            | 0.793        |
| reward/                           |              |
|    transition_mean                | 2.27         |
| reward_parts/                     |              |
|    action_rate                    | -0.00363     |
|    alive                          | 0.5          |
|    command_displacement_progress  | 0.681        |
|    command_speed_progress         | 0.676        |
|    command_tracking               | -0.0687      |
|    default_pose                   | -0.0566      |
|    distance                       | 0.0438       |
|    fall                           | 0            |
|    feet_air_time                  | 0            |
|    finetune_moving_contact        | 0.75         |
|    foot_slip                      | -0.00079     |
|    gait                           | -0.0125      |
|    height                         | -0.000574    |
|    horizontal_angular_velocity    | -0.0749      |
|    joint_jitter                   | -0.00656     |
|    joint_velocity                 | -0.00156     |
|    jump_landing                   | 0            |
|    jump_success                   | 0            |
|    non_foot_collision             | 0            |
|    posture                        | -0.0407      |
|    rapid_source_action_saturation | -0.0194      |
|    source_action_saturation       | -0.0194      |
|    static_contact_course          | 0            |
|    support_gap                    | -0.075       |
|    torque                         | -0.00119     |
|    true_four_foot_contact         | 0            |
|    zero_velocity                  | -0.00439     |
|    zero_yaw_rate                  | -0.00943     |
| rollout/                          |              |
|    ep_rew_mean                    | 1e+03        |
|    true_four_contact_ratio        | 0.00928      |
| termination_reason/               |              |
|    body_contact                   | 0            |
|    controller_done                | 0            |
|    height                         | 0            |
|    joint_limit                    | 0            |
|    none                           | 0            |
|    tilt                           | 0            |
|    time_limit                     | 0            |
|    unknown                        | 0            |
|    unsupported                    | 0            |
|    workspace                      | 0            |
| time/                             |              |
|    fps                            | 371          |
|    iterations                     | 84           |
|    time_elapsed                   | 462          |
|    total_timesteps                | 172032       |
| train/                            |              |
|    approx_kl                      | 0.0057878243 |
|    clip_fraction                  | 0.0171       |
|    clip_range                     | 0.2          |
|    entropy_loss                   | -9.73        |
|    explained_variance             | 0.97         |
|    loss                           | 52.1         |
|    n_updates                      | 415          |
|    policy_gradient_loss           | -0.0053      |
|    std                            | 0.55         |
|    value_loss                     | 298          |
----------------------------------------------------
TRAIN_PROGRESS total_timesteps=172288
TRAIN_PROGRESS total_timesteps=172544
TRAIN_PROGRESS total_timesteps=172800
TRAIN_PROGRESS total_timesteps=173056
TRAIN_PROGRESS total_timesteps=173312
TRAIN_PROGRESS total_timesteps=173568
TRAIN_PROGRESS total_timesteps=173824
TRAIN_PROGRESS total_timesteps=174080
---------------------------------------------------
| rapid/                            |             |
|    action_saturation_rate         | 0.0625      |
|    actor_lr                       | 1e-05       |
|    adaptation_lr                  | 0           |
|    critic_lr                      | 0.0001      |
|    source_action_abs_mean         | 0.874       |
|    speed_progress_mean            | 0.794       |
| reward/                           |             |
|    transition_mean                | 3.3         |
| reward_parts/                     |             |
|    action_rate                    | -0.00356    |
|    alive                          | 0.5         |
|    command_displacement_progress  | 1.12        |
|    command_speed_progress         | 1.12        |
|    command_tracking               | -0.0752     |
|    default_pose                   | -0.0534     |
|    distance                       | 0.105       |
|    fall                           | 0           |
|    feet_air_time                  | 0           |
|    finetune_moving_contact        | 0.875       |
|    foot_slip                      | -0.0471     |
|    gait                           | -0.0125     |
|    height                         | -0.000258   |
|    horizontal_angular_velocity    | -0.035      |
|    joint_jitter                   | -0.00892    |
|    joint_velocity                 | -0.00228    |
|    jump_landing                   | 0           |
|    jump_success                   | 0           |
|    non_foot_collision             | 0           |
|    posture                        | -0.0873     |
|    rapid_source_action_saturation | -0.00214    |
|    source_action_saturation       | -0.00214    |
|    static_contact_course          | 0           |
|    support_gap                    | -0.075      |
|    torque                         | -0.00363    |
|    true_four_foot_contact         | 0           |
|    zero_velocity                  | -0.00105    |
|    zero_yaw_rate                  | -0.0191     |
| rollout/                          |             |
|    ep_rew_mean                    | 1.86e+03    |
|    true_four_contact_ratio        | 0.0117      |
| termination_reason/               |             |
|    body_contact                   | 0           |
|    controller_done                | 0           |
|    height                         | 0           |
|    joint_limit                    | 0           |
|    none                           | 0           |
|    tilt                           | 0           |
|    time_limit                     | 4           |
|    unknown                        | 0           |
|    unsupported                    | 0           |
|    workspace                      | 0           |
| time/                             |             |
|    fps                            | 371         |
|    iterations                     | 85          |
|    time_elapsed                   | 468         |
|    total_timesteps                | 174080      |
| train/                            |             |
|    approx_kl                      | 0.001717115 |
|    clip_fraction                  | 0.000391    |
|    clip_range                     | 0.2         |
|    entropy_loss                   | -9.73       |
|    explained_variance             | 0.914       |
|    loss                           | 230         |
|    n_updates                      | 420         |
|    policy_gradient_loss           | -0.00244    |
|    std                            | 0.55        |
|    value_loss                     | 861         |
---------------------------------------------------
TRAIN_PROGRESS total_timesteps=174336
TRAIN_PROGRESS total_timesteps=174592
TRAIN_PROGRESS total_timesteps=174848
TRAIN_PROGRESS total_timesteps=175104
TRAIN_PROGRESS total_timesteps=175360
TRAIN_PROGRESS total_timesteps=175616
TRAIN_PROGRESS total_timesteps=175872
TRAIN_PROGRESS total_timesteps=176128
---------------------------------------------------
| rapid/                            |             |
|    action_saturation_rate         | 0.0625      |
|    actor_lr                       | 1e-05       |
|    adaptation_lr                  | 0           |
|    critic_lr                      | 0.0001      |
|    source_action_abs_mean         | 1.09        |
|    speed_progress_mean            | 0.796       |
| reward/                           |             |
|    transition_mean                | 2.22        |
| reward_parts/                     |             |
|    action_rate                    | -0.00335    |
|    alive                          | 0.5         |
|    command_displacement_progress  | 0.375       |
|    command_speed_progress         | 0.75        |
|    command_tracking               | -0.067      |
|    default_pose                   | -0.0577     |
|    distance                       | 0.046       |
|    fall                           | 0           |
|    feet_air_time                  | 0           |
|    finetune_moving_contact        | 1           |
|    foot_slip                      | -0.0476     |
|    gait                           | -0.0125     |
|    height                         | -0.000264   |
|    horizontal_angular_velocity    | -0.0741     |
|    joint_jitter                   | -0.0142     |
|    joint_velocity                 | -0.0028     |
|    jump_landing                   | 0           |
|    jump_success                   | 0           |
|    non_foot_collision             | 0           |
|    posture                        | -0.066      |
|    rapid_source_action_saturation | -0.00372    |
|    source_action_saturation       | -0.00372    |
|    static_contact_course          | 0           |
|    support_gap                    | -0.075      |
|    torque                         | -0.00344    |
|    true_four_foot_contact         | 0           |
|    zero_velocity                  | -0.00039    |
|    zero_yaw_rate                  | -0.022      |
| rollout/                          |             |
|    ep_rew_mean                    | 1.7e+03     |
|    true_four_contact_ratio        | 0.00928     |
| termination_reason/               |             |
|    body_contact                   | 0           |
|    controller_done                | 0           |
|    height                         | 0           |
|    joint_limit                    | 0           |
|    none                           | 0           |
|    tilt                           | 0           |
|    time_limit                     | 0           |
|    unknown                        | 0           |
|    unsupported                    | 0           |
|    workspace                      | 0           |
| time/                             |             |
|    fps                            | 369         |
|    iterations                     | 86          |
|    time_elapsed                   | 476         |
|    total_timesteps                | 176128      |
| train/                            |             |
|    approx_kl                      | 0.005133217 |
|    clip_fraction                  | 0.0131      |
|    clip_range                     | 0.2         |
|    entropy_loss                   | -9.73       |
|    explained_variance             | 0.949       |
|    loss                           | 152         |
|    n_updates                      | 425         |
|    policy_gradient_loss           | -0.00464    |
|    std                            | 0.55        |
|    value_loss                     | 239         |
---------------------------------------------------
TRAIN_PROGRESS total_timesteps=176384
TRAIN_PROGRESS total_timesteps=176640
TRAIN_PROGRESS total_timesteps=176896
TRAIN_PROGRESS total_timesteps=177152
TRAIN_PROGRESS total_timesteps=177408
TRAIN_PROGRESS total_timesteps=177664
TRAIN_PROGRESS total_timesteps=177920
TRAIN_PROGRESS total_timesteps=178176
----------------------------------------------------
| rapid/                            |              |
|    action_saturation_rate         | 0.0833       |
|    actor_lr                       | 1e-05        |
|    adaptation_lr                  | 0            |
|    critic_lr                      | 0.0001       |
|    source_action_abs_mean         | 1.07         |
|    speed_progress_mean            | 0.797        |
| reward/                           |              |
|    transition_mean                | 1.17         |
| reward_parts/                     |              |
|    action_rate                    | -0.00305     |
|    alive                          | 0.5          |
|    command_displacement_progress  | 0.291        |
|    command_speed_progress         | 0.375        |
|    command_tracking               | -0.0749      |
|    default_pose                   | -0.0529      |
|    distance                       | 0.0309       |
|    fall                           | 0            |
|    feet_air_time                  | 0            |
|    finetune_moving_contact        | 0.5          |
|    foot_slip                      | -0.0672      |
|    gait                           | -0.025       |
|    height                         | -0.00114     |
|    horizontal_angular_velocity    | -0.0744      |
|    joint_jitter                   | -0.013       |
|    joint_velocity                 | -0.0029      |
|    jump_landing                   | 0            |
|    jump_success                   | 0            |
|    non_foot_collision             | 0            |
|    posture                        | -0.0735      |
|    rapid_source_action_saturation | -0.0132      |
|    source_action_saturation       | -0.0132      |
|    static_contact_course          | 0            |
|    support_gap                    | -0.112       |
|    torque                         | -0.00194     |
|    true_four_foot_contact         | 0            |
|    zero_velocity                  | -0.00434     |
|    zero_yaw_rate                  | -0.00929     |
| rollout/                          |              |
|    ep_rew_mean                    | 1.97e+03     |
|    true_four_contact_ratio        | 0.00928      |
| termination_reason/               |              |
|    body_contact                   | 0            |
|    controller_done                | 0            |
|    height                         | 0            |
|    joint_limit                    | 0            |
|    none                           | 0            |
|    tilt                           | 0            |
|    time_limit                     | 4            |
|    unknown                        | 0            |
|    unsupported                    | 0            |
|    workspace                      | 0            |
| time/                             |              |
|    fps                            | 366          |
|    iterations                     | 87           |
|    time_elapsed                   | 486          |
|    total_timesteps                | 178176       |
| train/                            |              |
|    approx_kl                      | 0.0044690724 |
|    clip_fraction                  | 0.00908      |
|    clip_range                     | 0.2          |
|    entropy_loss                   | -9.73        |
|    explained_variance             | 0.899        |
|    loss                           | 176          |
|    n_updates                      | 430          |
|    policy_gradient_loss           | -0.00424     |
|    std                            | 0.55         |
|    value_loss                     | 472          |
----------------------------------------------------
TRAIN_PROGRESS total_timesteps=178432
TRAIN_PROGRESS total_timesteps=178688
TRAIN_PROGRESS total_timesteps=178944
TRAIN_PROGRESS total_timesteps=179200
TRAIN_PROGRESS total_timesteps=179456
TRAIN_PROGRESS total_timesteps=179712
TRAIN_PROGRESS total_timesteps=179968
CHECKPOINT /run/media/pma213x/0C6A8CC86A8CAFCE/Ubuntu2/CodeU/Dog1/official-mini-cheetah/checkpoints/official_mini_cheetah_flat_jump_v1_r3/rapid_finetune_500k_20261006/official_mini_cheetah_flat_jump_v1_r3_180000_steps.zip
TRAIN_PROGRESS total_timesteps=180224
---------------------------------------------------
| rapid/                            |             |
|    action_saturation_rate         | 0.188       |
|    actor_lr                       | 1e-05       |
|    adaptation_lr                  | 0           |
|    critic_lr                      | 0.0001      |
|    source_action_abs_mean         | 1.29        |
|    speed_progress_mean            | 0.799       |
| reward/                           |             |
|    transition_mean                | 3.08        |
| reward_parts/                     |             |
|    action_rate                    | -0.00303    |
|    alive                          | 0.5         |
|    command_displacement_progress  | 0.854       |
|    command_speed_progress         | 0.871       |
|    command_tracking               | -0.0651     |
|    default_pose                   | -0.0524     |
|    distance                       | 0.0471      |
|    fall                           | 0           |
|    feet_air_time                  | 0           |
|    finetune_moving_contact        | 1.25        |
|    foot_slip                      | -0.127      |
|    gait                           | 0           |
|    height                         | -0.00101    |
|    horizontal_angular_velocity    | -0.0813     |
|    joint_jitter                   | -0.00434    |
|    joint_velocity                 | -0.0032     |
|    jump_landing                   | 0           |
|    jump_success                   | 0           |
|    non_foot_collision             | 0           |
|    posture                        | -0.0504     |
|    rapid_source_action_saturation | -0.0209     |
|    source_action_saturation       | -0.0209     |
|    static_contact_course          | 0           |
|    support_gap                    | 0           |
|    torque                         | -0.00288    |
|    true_four_foot_contact         | 0           |
|    zero_velocity                  | 0           |
|    zero_yaw_rate                  | -0.0292     |
| rollout/                          |             |
|    ep_rew_mean                    | 1.71e+03    |
|    true_four_contact_ratio        | 0.0103      |
| termination_reason/               |             |
|    body_contact                   | 0           |
|    controller_done                | 0           |
|    height                         | 0           |
|    joint_limit                    | 0           |
|    none                           | 0           |
|    tilt                           | 0           |
|    time_limit                     | 0           |
|    unknown                        | 0           |
|    unsupported                    | 0           |
|    workspace                      | 0           |
| time/                             |             |
|    fps                            | 362         |
|    iterations                     | 88          |
|    time_elapsed                   | 496         |
|    total_timesteps                | 180224      |
| train/                            |             |
|    approx_kl                      | 0.001607023 |
|    clip_fraction                  | 0.000586    |
|    clip_range                     | 0.2         |
|    entropy_loss                   | -9.73       |
|    explained_variance             | 0.93        |
|    loss                           | 330         |
|    n_updates                      | 435         |
|    policy_gradient_loss           | -0.00206    |
|    std                            | 0.55        |
|    value_loss                     | 700         |
---------------------------------------------------
TRAIN_PROGRESS total_timesteps=180480
TRAIN_PROGRESS total_timesteps=180736
TRAIN_PROGRESS total_timesteps=180992
TRAIN_PROGRESS total_timesteps=181248
TRAIN_PROGRESS total_timesteps=181504
TRAIN_PROGRESS total_timesteps=181760
TRAIN_PROGRESS total_timesteps=182016
TRAIN_PROGRESS total_timesteps=182272
----------------------------------------------------
| rapid/                            |              |
|    action_saturation_rate         | 0.208        |
|    actor_lr                       | 1e-05        |
|    adaptation_lr                  | 0            |
|    critic_lr                      | 0.0001       |
|    source_action_abs_mean         | 1.23         |
|    speed_progress_mean            | 0.8          |
| reward/                           |              |
|    transition_mean                | 3.1          |
| reward_parts/                     |              |
|    action_rate                    | -0.00283     |
|    alive                          | 0.5          |
|    command_displacement_progress  | 1.02         |
|    command_speed_progress         | 1.08         |
|    command_tracking               | -0.0728      |
|    default_pose                   | -0.0497      |
|    distance                       | 0.0667       |
|    fall                           | 0            |
|    feet_air_time                  | 0            |
|    finetune_moving_contact        | 0.875        |
|    foot_slip                      | -0.0234      |
|    gait                           | -0.0125      |
|    height                         | -7.16e-05    |
|    horizontal_angular_velocity    | -0.104       |
|    joint_jitter                   | -0.00526     |
|    joint_velocity                 | -0.00236     |
|    jump_landing                   | 0            |
|    jump_success                   | 0            |
|    non_foot_collision             | 0            |
|    posture                        | -0.0419      |
|    rapid_source_action_saturation | -0.028       |
|    source_action_saturation       | -0.028       |
|    static_contact_course          | 0            |
|    support_gap                    | -0.075       |
|    torque                         | -0.00324     |
|    true_four_foot_contact         | 0            |
|    zero_velocity                  | -0.00495     |
|    zero_yaw_rate                  | -0.0103      |
| rollout/                          |              |
|    ep_rew_mean                    | 2.33e+03     |
|    true_four_contact_ratio        | 0.0137       |
| termination_reason/               |              |
|    body_contact                   | 0            |
|    controller_done                | 0            |
|    height                         | 0            |
|    joint_limit                    | 0            |
|    none                           | 0            |
|    tilt                           | 0            |
|    time_limit                     | 4            |
|    unknown                        | 0            |
|    unsupported                    | 0            |
|    workspace                      | 0            |
| time/                             |              |
|    fps                            | 362          |
|    iterations                     | 89           |
|    time_elapsed                   | 503          |
|    total_timesteps                | 182272       |
| train/                            |              |
|    approx_kl                      | 0.0057707485 |
|    clip_fraction                  | 0.015        |
|    clip_range                     | 0.2          |
|    entropy_loss                   | -9.73        |
|    explained_variance             | 0.63         |
|    loss                           | 65.1         |
|    n_updates                      | 440          |
|    policy_gradient_loss           | -0.00402     |
|    std                            | 0.55         |
|    value_loss                     | 249          |
----------------------------------------------------
TRAIN_PROGRESS total_timesteps=182528
TRAIN_PROGRESS total_timesteps=182784
TRAIN_PROGRESS total_timesteps=183040
TRAIN_PROGRESS total_timesteps=183296
TRAIN_PROGRESS total_timesteps=183552
TRAIN_PROGRESS total_timesteps=183808
TRAIN_PROGRESS total_timesteps=184064
TRAIN_PROGRESS total_timesteps=184320
---------------------------------------------------
| rapid/                            |             |
|    action_saturation_rate         | 0.125       |
|    actor_lr                       | 1e-05       |
|    adaptation_lr                  | 0           |
|    critic_lr                      | 0.0001      |
|    source_action_abs_mean         | 1.05        |
|    speed_progress_mean            | 0.801       |
| reward/                           |             |
|    transition_mean                | 2.67        |
| reward_parts/                     |             |
|    action_rate                    | -0.00317    |
|    alive                          | 0.5         |
|    command_displacement_progress  | 0.596       |
|    command_speed_progress         | 0.99        |
|    command_tracking               | -0.0341     |
|    default_pose                   | -0.0566     |
|    distance                       | 0.0611      |
|    fall                           | 0           |
|    feet_air_time                  | 0           |
|    finetune_moving_contact        | 0.875       |
|    foot_slip                      | -0.0309     |
|    gait                           | -0.0125     |
|    height                         | -0.00144    |
|    horizontal_angular_velocity    | -0.0176     |
|    joint_jitter                   | -0.0199     |
|    joint_velocity                 | -0.00237    |
|    jump_landing                   | 0           |
|    jump_success                   | 0           |
|    non_foot_collision             | 0           |
|    posture                        | -0.0602     |
|    rapid_source_action_saturation | -0.0124     |
|    source_action_saturation       | -0.0124     |
|    static_contact_course          | 0           |
|    support_gap                    | -0.075      |
|    torque                         | -0.00331    |
|    true_four_foot_contact         | 0           |
|    zero_velocity                  | -0.00142    |
|    zero_yaw_rate                  | -0.0211     |
| rollout/                          |             |
|    ep_rew_mean                    | 1.74e+03    |
|    true_four_contact_ratio        | 0.0112      |
| termination_reason/               |             |
|    body_contact                   | 0           |
|    controller_done                | 0           |
|    height                         | 0           |
|    joint_limit                    | 0           |
|    none                           | 0           |
|    tilt                           | 0           |
|    time_limit                     | 0           |
|    unknown                        | 0           |
|    unsupported                    | 0           |
|    workspace                      | 0           |
| time/                             |             |
|    fps                            | 361         |
|    iterations                     | 90          |
|    time_elapsed                   | 509         |
|    total_timesteps                | 184320      |
| train/                            |             |
|    approx_kl                      | 0.002980948 |
|    clip_fraction                  | 0.00254     |
|    clip_range                     | 0.2         |
|    entropy_loss                   | -9.73       |
|    explained_variance             | 0.938       |
|    loss                           | 61          |
|    n_updates                      | 445         |
|    policy_gradient_loss           | -0.0024     |
|    std                            | 0.55        |
|    value_loss                     | 214         |
---------------------------------------------------
TRAIN_PROGRESS total_timesteps=184576
TRAIN_PROGRESS total_timesteps=184832
TRAIN_PROGRESS total_timesteps=185088
TRAIN_PROGRESS total_timesteps=185344
TRAIN_PROGRESS total_timesteps=185600
TRAIN_PROGRESS total_timesteps=185856
TRAIN_PROGRESS total_timesteps=186112
TRAIN_PROGRESS total_timesteps=186368
----------------------------------------------------
| rapid/                            |              |
|    action_saturation_rate         | 0.146        |
|    actor_lr                       | 1e-05        |
|    adaptation_lr                  | 0            |
|    critic_lr                      | 0.0001       |
|    source_action_abs_mean         | 1.13         |
|    speed_progress_mean            | 0.802        |
| reward/                           |              |
|    transition_mean                | 2.13         |
| reward_parts/                     |              |
|    action_rate                    | -0.00316     |
|    alive                          | 0.5          |
|    command_displacement_progress  | 0.75         |
|    command_speed_progress         | 0.75         |
|    command_tracking               | -0.0594      |
|    default_pose                   | -0.0461      |
|    distance                       | 0.053        |
|    fall                           | 0            |
|    feet_air_time                  | 0            |
|    finetune_moving_contact        | 0.5          |
|    foot_slip                      | -0.0375      |
|    gait                           | -0.025       |
|    height                         | -0.000591    |
|    horizontal_angular_velocity    | -0.00848     |
|    joint_jitter                   | -0.00625     |
|    joint_velocity                 | -0.00248     |
|    jump_landing                   | 0            |
|    jump_success                   | 0            |
|    non_foot_collision             | 0            |
|    posture                        | -0.039       |
|    rapid_source_action_saturation | -0.0106      |
|    source_action_saturation       | -0.0106      |
|    static_contact_course          | 0            |
|    support_gap                    | -0.15        |
|    torque                         | -0.00344     |
|    true_four_foot_contact         | 0            |
|    zero_velocity                  | -0.00423     |
|    zero_yaw_rate                  | -0.0275      |
| rollout/                          |              |
|    ep_rew_mean                    | 2.26e+03     |
|    true_four_contact_ratio        | 0.00977      |
| termination_reason/               |              |
|    body_contact                   | 0            |
|    controller_done                | 0            |
|    height                         | 0            |
|    joint_limit                    | 0            |
|    none                           | 0            |
|    tilt                           | 0            |
|    time_limit                     | 4            |
|    unknown                        | 0            |
|    unsupported                    | 0            |
|    workspace                      | 0            |
| time/                             |              |
|    fps                            | 361          |
|    iterations                     | 91           |
|    time_elapsed                   | 516          |
|    total_timesteps                | 186368       |
| train/                            |              |
|    approx_kl                      | 0.0077939695 |
|    clip_fraction                  | 0.0324       |
|    clip_range                     | 0.2          |
|    entropy_loss                   | -9.73        |
|    explained_variance             | 0.903        |
|    loss                           | 108          |
|    n_updates                      | 450          |
|    policy_gradient_loss           | -0.0054      |
|    std                            | 0.55         |
|    value_loss                     | 306          |
----------------------------------------------------
TRAIN_PROGRESS total_timesteps=186624
TRAIN_PROGRESS total_timesteps=186880
TRAIN_PROGRESS total_timesteps=187136
TRAIN_PROGRESS total_timesteps=187392
TRAIN_PROGRESS total_timesteps=187648
TRAIN_PROGRESS total_timesteps=187904
TRAIN_PROGRESS total_timesteps=188160
TRAIN_PROGRESS total_timesteps=188416
---------------------------------------------------
| rapid/                            |             |
|    action_saturation_rate         | 0.188       |
|    actor_lr                       | 1e-05       |
|    adaptation_lr                  | 0           |
|    critic_lr                      | 0.0001      |
|    source_action_abs_mean         | 1.16        |
|    speed_progress_mean            | 0.804       |
| reward/                           |             |
|    transition_mean                | 0.878       |
| reward_parts/                     |             |
|    action_rate                    | -0.00311    |
|    alive                          | 0.5         |
|    command_displacement_progress  | -0.615      |
|    command_speed_progress         | 0.0951      |
|    command_tracking               | -0.0975     |
|    default_pose                   | -0.0589     |
|    distance                       | -0.0368     |
|    fall                           | 0           |
|    feet_air_time                  | 0           |
|    finetune_moving_contact        | 1.38        |
|    foot_slip                      | -0.0735     |
|    gait                           | 0           |
|    height                         | -0.00255    |
|    horizontal_angular_velocity    | -0.101      |
|    joint_jitter                   | -0.00435    |
|    joint_velocity                 | -0.00183    |
|    jump_landing                   | 0           |
|    jump_success                   | 0           |
|    non_foot_collision             | 0           |
|    posture                        | -0.0599     |
|    rapid_source_action_saturation | -0.0175     |
|    source_action_saturation       | -0.0175     |
|    static_contact_course          | 0           |
|    support_gap                    | 0           |
|    torque                         | -0.00234    |
|    true_four_foot_contact         | 0           |
|    zero_velocity                  | 0           |
|    zero_yaw_rate                  | -0.018      |
| rollout/                          |             |
|    ep_rew_mean                    | 1.25e+03    |
|    true_four_contact_ratio        | 0.0127      |
| termination_reason/               |             |
|    body_contact                   | 0           |
|    controller_done                | 0           |
|    height                         | 0           |
|    joint_limit                    | 0           |
|    none                           | 0           |
|    tilt                           | 0           |
|    time_limit                     | 0           |
|    unknown                        | 0           |
|    unsupported                    | 0           |
|    workspace                      | 0           |
| time/                             |             |
|    fps                            | 360         |
|    iterations                     | 92          |
|    time_elapsed                   | 523         |
|    total_timesteps                | 188416      |
| train/                            |             |
|    approx_kl                      | 0.002339458 |
|    clip_fraction                  | 0.00137     |
|    clip_range                     | 0.2         |
|    entropy_loss                   | -9.73       |
|    explained_variance             | 0.953       |
|    loss                           | 189         |
|    n_updates                      | 455         |
|    policy_gradient_loss           | -0.00316    |
|    std                            | 0.55        |
|    value_loss                     | 362         |
---------------------------------------------------
TRAIN_PROGRESS total_timesteps=188672
TRAIN_PROGRESS total_timesteps=188928
TRAIN_PROGRESS total_timesteps=189184
TRAIN_PROGRESS total_timesteps=189440
TRAIN_PROGRESS total_timesteps=189696
TRAIN_PROGRESS total_timesteps=189952
TRAIN_PROGRESS total_timesteps=190208
TRAIN_PROGRESS total_timesteps=190464
---------------------------------------------------
| rapid/                            |             |
|    action_saturation_rate         | 0.125       |
|    actor_lr                       | 1e-05       |
|    adaptation_lr                  | 0           |
|    critic_lr                      | 0.0001      |
|    source_action_abs_mean         | 1.13        |
|    speed_progress_mean            | 0.806       |
| reward/                           |             |
|    transition_mean                | 1.28        |
| reward_parts/                     |             |
|    action_rate                    | -0.00321    |
|    alive                          | 0.5         |
|    command_displacement_progress  | -0.0548     |
|    command_speed_progress         | 0.375       |
|    command_tracking               | -0.0805     |
|    default_pose                   | -0.0564     |
|    distance                       | -2.36e-05   |
|    fall                           | 0           |
|    feet_air_time                  | 0           |
|    finetune_moving_contact        | 0.875       |
|    foot_slip                      | -0.0421     |
|    gait                           | -0.0125     |
|    height                         | -0.00151    |
|    horizontal_angular_velocity    | -0.0461     |
|    joint_jitter                   | -0.00422    |
|    joint_velocity                 | -0.00242    |
|    jump_landing                   | 0           |
|    jump_success                   | 0           |
|    non_foot_collision             | 0           |
|    posture                        | -0.0406     |
|    rapid_source_action_saturation | -0.0103     |
|    source_action_saturation       | -0.0103     |
|    static_contact_course          | 0           |
|    support_gap                    | -0.075      |
|    torque                         | -0.00277    |
|    true_four_foot_contact         | 0           |
|    zero_velocity                  | -0.00281    |
|    zero_yaw_rate                  | -0.0377     |
| rollout/                          |             |
|    ep_rew_mean                    | 1.96e+03    |
|    true_four_contact_ratio        | 0.0112      |
| termination_reason/               |             |
|    body_contact                   | 0           |
|    controller_done                | 0           |
|    height                         | 0           |
|    joint_limit                    | 0           |
|    none                           | 0           |
|    tilt                           | 0           |
|    time_limit                     | 4           |
|    unknown                        | 0           |
|    unsupported                    | 0           |
|    workspace                      | 0           |
| time/                             |             |
|    fps                            | 359         |
|    iterations                     | 93          |
|    time_elapsed                   | 530         |
|    total_timesteps                | 190464      |
| train/                            |             |
|    approx_kl                      | 0.006680868 |
|    clip_fraction                  | 0.023       |
|    clip_range                     | 0.2         |
|    entropy_loss                   | -9.73       |
|    explained_variance             | 0.952       |
|    loss                           | 77.2        |
|    n_updates                      | 460         |
|    policy_gradient_loss           | -0.00478    |
|    std                            | 0.55        |
|    value_loss                     | 278         |
---------------------------------------------------
TRAIN_PROGRESS total_timesteps=190720
TRAIN_PROGRESS total_timesteps=190976
TRAIN_PROGRESS total_timesteps=191232
TRAIN_PROGRESS total_timesteps=191488
TRAIN_PROGRESS total_timesteps=191744
TRAIN_PROGRESS total_timesteps=192000
TRAIN_PROGRESS total_timesteps=192256
TRAIN_PROGRESS total_timesteps=192512
----------------------------------------------------
| rapid/                            |              |
|    action_saturation_rate         | 0.208        |
|    actor_lr                       | 1e-05        |
|    adaptation_lr                  | 0            |
|    critic_lr                      | 0.0001       |
|    source_action_abs_mean         | 1.12         |
|    speed_progress_mean            | 0.807        |
| reward/                           |              |
|    transition_mean                | -0.0443      |
| reward_parts/                     |              |
|    action_rate                    | -0.00327     |
|    alive                          | 0.5          |
|    command_displacement_progress  | -0.578       |
|    command_speed_progress         | 0            |
|    command_tracking               | -0.129       |
|    default_pose                   | -0.0637      |
|    distance                       | -0.0387      |
|    fall                           | 0            |
|    feet_air_time                  | 0            |
|    finetune_moving_contact        | 0.625        |
|    foot_slip                      | -0.0623      |
|    gait                           | -0.025       |
|    height                         | -0.00132     |
|    horizontal_angular_velocity    | -0.0545      |
|    joint_jitter                   | -0.00682     |
|    joint_velocity                 | -0.00201     |
|    jump_landing                   | 0            |
|    jump_success                   | 0            |
|    non_foot_collision             | 0            |
|    posture                        | -0.0853      |
|    rapid_source_action_saturation | -0.021       |
|    source_action_saturation       | -0.021       |
|    static_contact_course          | 0            |
|    support_gap                    | -0.075       |
|    torque                         | -0.00124     |
|    true_four_foot_contact         | 0            |
|    zero_velocity                  | -0.0037      |
|    zero_yaw_rate                  | -0.0184      |
| rollout/                          |              |
|    ep_rew_mean                    | 2.02e+03     |
|    true_four_contact_ratio        | 0.0132       |
| termination_reason/               |              |
|    body_contact                   | 0            |
|    controller_done                | 0            |
|    height                         | 0            |
|    joint_limit                    | 0            |
|    none                           | 0            |
|    tilt                           | 0            |
|    time_limit                     | 0            |
|    unknown                        | 0            |
|    unsupported                    | 0            |
|    workspace                      | 0            |
| time/                             |              |
|    fps                            | 355          |
|    iterations                     | 94           |
|    time_elapsed                   | 541          |
|    total_timesteps                | 192512       |
| train/                            |              |
|    approx_kl                      | 0.0068450696 |
|    clip_fraction                  | 0.0265       |
|    clip_range                     | 0.2          |
|    entropy_loss                   | -9.73        |
|    explained_variance             | 0.805        |
|    loss                           | 39.5         |
|    n_updates                      | 465          |
|    policy_gradient_loss           | -0.00661     |
|    std                            | 0.55         |
|    value_loss                     | 201          |
----------------------------------------------------
TRAIN_PROGRESS total_timesteps=192768
TRAIN_PROGRESS total_timesteps=193024
TRAIN_PROGRESS total_timesteps=193280
TRAIN_PROGRESS total_timesteps=193536
TRAIN_PROGRESS total_timesteps=193792
TRAIN_PROGRESS total_timesteps=194048
TRAIN_PROGRESS total_timesteps=194304
TRAIN_PROGRESS total_timesteps=194560
---------------------------------------------------
| rapid/                            |             |
|    action_saturation_rate         | 0.188       |
|    actor_lr                       | 1e-05       |
|    adaptation_lr                  | 0           |
|    critic_lr                      | 0.0001      |
|    source_action_abs_mean         | 1.21        |
|    speed_progress_mean            | 0.808       |
| reward/                           |             |
|    transition_mean                | 1.76        |
| reward_parts/                     |             |
|    action_rate                    | -0.00322    |
|    alive                          | 0.5         |
|    command_displacement_progress  | 0.378       |
|    command_speed_progress         | 0.519       |
|    command_tracking               | -0.0715     |
|    default_pose                   | -0.0544     |
|    distance                       | 0.0238      |
|    fall                           | 0           |
|    feet_air_time                  | 0           |
|    finetune_moving_contact        | 0.875       |
|    foot_slip                      | -0.0621     |
|    gait                           | -0.0125     |
|    height                         | -0.00284    |
|    horizontal_angular_velocity    | -0.157      |
|    joint_jitter                   | -0.0175     |
|    joint_velocity                 | -0.00255    |
|    jump_landing                   | 0           |
|    jump_success                   | 0           |
|    non_foot_collision             | 0           |
|    posture                        | -0.0341     |
|    rapid_source_action_saturation | -0.0257     |
|    source_action_saturation       | -0.0257     |
|    static_contact_course          | 0           |
|    support_gap                    | -0.075      |
|    torque                         | -0.00385    |
|    true_four_foot_contact         | 0           |
|    zero_velocity                  | -0.0014     |
|    zero_yaw_rate                  | -0.0154     |
| rollout/                          |             |
|    ep_rew_mean                    | 2.3e+03     |
|    true_four_contact_ratio        | 0.00977     |
| termination_reason/               |             |
|    body_contact                   | 0           |
|    controller_done                | 0           |
|    height                         | 0           |
|    joint_limit                    | 0           |
|    none                           | 0           |
|    tilt                           | 0           |
|    time_limit                     | 4           |
|    unknown                        | 0           |
|    unsupported                    | 0           |
|    workspace                      | 0           |
| time/                             |             |
|    fps                            | 352         |
|    iterations                     | 95          |
|    time_elapsed                   | 552         |
|    total_timesteps                | 194560      |
| train/                            |             |
|    approx_kl                      | 0.007183362 |
|    clip_fraction                  | 0.0335      |
|    clip_range                     | 0.2         |
|    entropy_loss                   | -9.73       |
|    explained_variance             | 0.884       |
|    loss                           | 305         |
|    n_updates                      | 470         |
|    policy_gradient_loss           | -0.00691    |
|    std                            | 0.55        |
|    value_loss                     | 584         |
---------------------------------------------------
TRAIN_PROGRESS total_timesteps=194816
TRAIN_PROGRESS total_timesteps=195072
TRAIN_PROGRESS total_timesteps=195328
TRAIN_PROGRESS total_timesteps=195584
TRAIN_PROGRESS total_timesteps=195840
TRAIN_PROGRESS total_timesteps=196096
TRAIN_PROGRESS total_timesteps=196352
TRAIN_PROGRESS total_timesteps=196608
----------------------------------------------------
| rapid/                            |              |
|    action_saturation_rate         | 0.167        |
|    actor_lr                       | 1e-05        |
|    adaptation_lr                  | 0            |
|    critic_lr                      | 0.0001       |
|    source_action_abs_mean         | 1.23         |
|    speed_progress_mean            | 0.81         |
| reward/                           |              |
|    transition_mean                | 2.82         |
| reward_parts/                     |              |
|    action_rate                    | -0.00334     |
|    alive                          | 0.5          |
|    command_displacement_progress  | 1.04         |
|    command_speed_progress         | 1.03         |
|    command_tracking               | -0.0454      |
|    default_pose                   | -0.0544      |
|    distance                       | 0.0495       |
|    fall                           | 0            |
|    feet_air_time                  | 0            |
|    finetune_moving_contact        | 0.75         |
|    foot_slip                      | -0.0754      |
|    gait                           | -0.0125      |
|    height                         | -0.00205     |
|    horizontal_angular_velocity    | -0.202       |
|    joint_jitter                   | -0.00609     |
|    joint_velocity                 | -0.00189     |
|    jump_landing                   | 0            |
|    jump_success                   | 0            |
|    non_foot_collision             | 0            |
|    posture                        | -0.0461      |
|    rapid_source_action_saturation | -0.0155      |
|    source_action_saturation       | -0.0155      |
|    static_contact_course          | 0            |
|    support_gap                    | -0.075       |
|    torque                         | -0.00245     |
|    true_four_foot_contact         | 0            |
|    zero_velocity                  | -0.000256    |
|    zero_yaw_rate                  | -0.00857     |
| rollout/                          |              |
|    ep_rew_mean                    | 1.81e+03     |
|    true_four_contact_ratio        | 0.0112       |
| termination_reason/               |              |
|    body_contact                   | 0            |
|    controller_done                | 0            |
|    height                         | 0            |
|    joint_limit                    | 0            |
|    none                           | 0            |
|    tilt                           | 0            |
|    time_limit                     | 0            |
|    unknown                        | 0            |
|    unsupported                    | 0            |
|    workspace                      | 0            |
| time/                             |              |
|    fps                            | 348          |
|    iterations                     | 96           |
|    time_elapsed                   | 564          |
|    total_timesteps                | 196608       |
| train/                            |              |
|    approx_kl                      | 0.0041240724 |
|    clip_fraction                  | 0.00732      |
|    clip_range                     | 0.2          |
|    entropy_loss                   | -9.73        |
|    explained_variance             | 0.976        |
|    loss                           | 45.8         |
|    n_updates                      | 475          |
|    policy_gradient_loss           | -0.00425     |
|    std                            | 0.55         |
|    value_loss                     | 264          |
----------------------------------------------------
TRAIN_PROGRESS total_timesteps=196864
TRAIN_PROGRESS total_timesteps=197120
TRAIN_PROGRESS total_timesteps=197376
TRAIN_PROGRESS total_timesteps=197632
TRAIN_PROGRESS total_timesteps=197888
TRAIN_PROGRESS total_timesteps=198144
TRAIN_PROGRESS total_timesteps=198400
TRAIN_PROGRESS total_timesteps=198656
----------------------------------------------------
| rapid/                            |              |
|    action_saturation_rate         | 0.0625       |
|    actor_lr                       | 1e-05        |
|    adaptation_lr                  | 0            |
|    critic_lr                      | 0.0001       |
|    source_action_abs_mean         | 1.13         |
|    speed_progress_mean            | 0.812        |
| reward/                           |              |
|    transition_mean                | 1.61         |
| reward_parts/                     |              |
|    action_rate                    | -0.00343     |
|    alive                          | 0.5          |
|    command_displacement_progress  | 0.139        |
|    command_speed_progress         | 0.507        |
|    command_tracking               | -0.108       |
|    default_pose                   | -0.0591      |
|    distance                       | 0.00142      |
|    fall                           | 0            |
|    feet_air_time                  | 0            |
|    finetune_moving_contact        | 0.875        |
|    foot_slip                      | -0.0297      |
|    gait                           | -0.0125      |
|    height                         | -0.00108     |
|    horizontal_angular_velocity    | -0.0192      |
|    joint_jitter                   | -0.00708     |
|    joint_velocity                 | -0.00187     |
|    jump_landing                   | 0            |
|    jump_success                   | 0            |
|    non_foot_collision             | 0            |
|    posture                        | -0.0647      |
|    rapid_source_action_saturation | -0.00681     |
|    source_action_saturation       | -0.00681     |
|    static_contact_course          | 0            |
|    support_gap                    | -0.075       |
|    torque                         | -0.0022      |
|    true_four_foot_contact         | 0            |
|    zero_velocity                  | -0.0025      |
|    zero_yaw_rate                  | -0.023       |
| rollout/                          |              |
|    ep_rew_mean                    | 2.22e+03     |
|    true_four_contact_ratio        | 0.00732      |
| termination_reason/               |              |
|    body_contact                   | 0            |
|    controller_done                | 0            |
|    height                         | 0            |
|    joint_limit                    | 0            |
|    none                           | 0            |
|    tilt                           | 0            |
|    time_limit                     | 4            |
|    unknown                        | 0            |
|    unsupported                    | 0            |
|    workspace                      | 0            |
| time/                             |              |
|    fps                            | 344          |
|    iterations                     | 97           |
|    time_elapsed                   | 576          |
|    total_timesteps                | 198656       |
| train/                            |              |
|    approx_kl                      | 0.0044739484 |
|    clip_fraction                  | 0.0137       |
|    clip_range                     | 0.2          |
|    entropy_loss                   | -9.73        |
|    explained_variance             | 0.923        |
|    loss                           | 282          |
|    n_updates                      | 480          |
|    policy_gradient_loss           | -0.00405     |
|    std                            | 0.55         |
|    value_loss                     | 354          |
----------------------------------------------------
TRAIN_PROGRESS total_timesteps=198912
TRAIN_PROGRESS total_timesteps=199168
TRAIN_PROGRESS total_timesteps=199424
TRAIN_PROGRESS total_timesteps=199680
TRAIN_PROGRESS total_timesteps=199936
CHECKPOINT /run/media/pma213x/0C6A8CC86A8CAFCE/Ubuntu2/CodeU/Dog1/official-mini-cheetah/checkpoints/official_mini_cheetah_flat_jump_v1_r3/rapid_finetune_500k_20261006/official_mini_cheetah_flat_jump_v1_r3_200000_steps.zip
TRAIN_PROGRESS total_timesteps=200192
TRAIN_PROGRESS total_timesteps=200448
TRAIN_PROGRESS total_timesteps=200704
----------------------------------------------------
| rapid/                            |              |
|    action_saturation_rate         | 0.146        |
|    actor_lr                       | 1e-05        |
|    adaptation_lr                  | 0            |
|    critic_lr                      | 0.0001       |
|    source_action_abs_mean         | 1.08         |
|    speed_progress_mean            | 0.813        |
| reward/                           |              |
|    transition_mean                | 3.3          |
| reward_parts/                     |              |
|    action_rate                    | -0.00358     |
|    alive                          | 0.5          |
|    command_displacement_progress  | 0.951        |
|    command_speed_progress         | 1.01         |
|    command_tracking               | -0.0662      |
|    default_pose                   | -0.0568      |
|    distance                       | 0.068        |
|    fall                           | 0            |
|    feet_air_time                  | 0            |
|    finetune_moving_contact        | 1.12         |
|    foot_slip                      | -0.0586      |
|    gait                           | 0            |
|    height                         | -0.00173     |
|    horizontal_angular_velocity    | -0.0221      |
|    joint_jitter                   | -0.0416      |
|    joint_velocity                 | -0.00248     |
|    jump_landing                   | 0            |
|    jump_success                   | 0            |
|    non_foot_collision             | 0            |
|    posture                        | -0.0612      |
|    rapid_source_action_saturation | -0.0141      |
|    source_action_saturation       | -0.0141      |
|    static_contact_course          | 0            |
|    support_gap                    | 0            |
|    torque                         | -0.00282     |
|    true_four_foot_contact         | 0            |
|    zero_velocity                  | 0            |
|    zero_yaw_rate                  | -0.0209      |
| rollout/                          |              |
|    ep_rew_mean                    | 1.71e+03     |
|    true_four_contact_ratio        | 0.0127       |
| termination_reason/               |              |
|    body_contact                   | 0            |
|    controller_done                | 0            |
|    height                         | 0            |
|    joint_limit                    | 0            |
|    none                           | 0            |
|    tilt                           | 0            |
|    time_limit                     | 0            |
|    unknown                        | 0            |
|    unsupported                    | 0            |
|    workspace                      | 0            |
| time/                             |              |
|    fps                            | 341          |
|    iterations                     | 98           |
|    time_elapsed                   | 587          |
|    total_timesteps                | 200704       |
| train/                            |              |
|    approx_kl                      | 0.0031563751 |
|    clip_fraction                  | 0.00381      |
|    clip_range                     | 0.2          |
|    entropy_loss                   | -9.73        |
|    explained_variance             | 0.935        |
|    loss                           | 189          |
|    n_updates                      | 485          |
|    policy_gradient_loss           | -0.00476     |
|    std                            | 0.55         |
|    value_loss                     | 525          |
----------------------------------------------------
TRAIN_PROGRESS total_timesteps=200960
TRAIN_PROGRESS total_timesteps=201216
TRAIN_PROGRESS total_timesteps=201472
TRAIN_PROGRESS total_timesteps=201728
TRAIN_PROGRESS total_timesteps=201984
TRAIN_PROGRESS total_timesteps=202240
TRAIN_PROGRESS total_timesteps=202496
TRAIN_PROGRESS total_timesteps=202752
----------------------------------------------------
| rapid/                            |              |
|    action_saturation_rate         | 0.0833       |
|    actor_lr                       | 1e-05        |
|    adaptation_lr                  | 0            |
|    critic_lr                      | 0.0001       |
|    source_action_abs_mean         | 1            |
|    speed_progress_mean            | 0.814        |
| reward/                           |              |
|    transition_mean                | 2.02         |
| reward_parts/                     |              |
|    action_rate                    | -0.00339     |
|    alive                          | 0.5          |
|    command_displacement_progress  | 0.75         |
|    command_speed_progress         | 0.75         |
|    command_tracking               | -0.12        |
|    default_pose                   | -0.0611      |
|    distance                       | 0.0556       |
|    fall                           | 0            |
|    feet_air_time                  | 0            |
|    finetune_moving_contact        | 0.625        |
|    foot_slip                      | -0.0895      |
|    gait                           | -0.025       |
|    height                         | -0.00135     |
|    horizontal_angular_velocity    | -0.133       |
|    joint_jitter                   | -0.00779     |
|    joint_velocity                 | -0.00161     |
|    jump_landing                   | 0            |
|    jump_success                   | 0            |
|    non_foot_collision             | 0            |
|    posture                        | -0.0746      |
|    rapid_source_action_saturation | -0.0114      |
|    source_action_saturation       | -0.0114      |
|    static_contact_course          | 0            |
|    support_gap                    | -0.112       |
|    torque                         | -0.00258     |
|    true_four_foot_contact         | 0            |
|    zero_velocity                  | -0.00657     |
|    zero_yaw_rate                  | -0.0155      |
| rollout/                          |              |
|    ep_rew_mean                    | 2.17e+03     |
|    true_four_contact_ratio        | 0.0122       |
| termination_reason/               |              |
|    body_contact                   | 0            |
|    controller_done                | 0            |
|    height                         | 0            |
|    joint_limit                    | 0            |
|    none                           | 0            |
|    tilt                           | 0            |
|    time_limit                     | 4            |
|    unknown                        | 0            |
|    unsupported                    | 0            |
|    workspace                      | 0            |
| time/                             |              |
|    fps                            | 339          |
|    iterations                     | 99           |
|    time_elapsed                   | 596          |
|    total_timesteps                | 202752       |
| train/                            |              |
|    approx_kl                      | 0.0011902403 |
|    clip_fraction                  | 0            |
|    clip_range                     | 0.2          |
|    entropy_loss                   | -9.73        |
|    explained_variance             | 0.908        |
|    loss                           | 446          |
|    n_updates                      | 490          |
|    policy_gradient_loss           | -0.00129     |
|    std                            | 0.55         |
|    value_loss                     | 925          |
----------------------------------------------------
TRAIN_PROGRESS total_timesteps=203008
TRAIN_PROGRESS total_timesteps=203264
TRAIN_PROGRESS total_timesteps=203520
TRAIN_PROGRESS total_timesteps=203776
TRAIN_PROGRESS total_timesteps=204032
TRAIN_PROGRESS total_timesteps=204288
TRAIN_PROGRESS total_timesteps=204544
TRAIN_PROGRESS total_timesteps=204800
----------------------------------------------------
| rapid/                            |              |
|    action_saturation_rate         | 0.271        |
|    actor_lr                       | 1e-05        |
|    adaptation_lr                  | 0            |
|    critic_lr                      | 0.0001       |
|    source_action_abs_mean         | 1.43         |
|    speed_progress_mean            | 0.816        |
| reward/                           |              |
|    transition_mean                | 3.02         |
| reward_parts/                     |              |
|    action_rate                    | -0.00333     |
|    alive                          | 0.5          |
|    command_displacement_progress  | 1.11         |
|    command_speed_progress         | 1.13         |
|    command_tracking               | -0.11        |
|    default_pose                   | -0.0557      |
|    distance                       | 0.0893       |
|    fall                           | 0            |
|    feet_air_time                  | 0            |
|    finetune_moving_contact        | 1            |
|    foot_slip                      | -0.103       |
|    gait                           | 0            |
|    height                         | -0.00252     |
|    horizontal_angular_velocity    | -0.351       |
|    joint_jitter                   | -0.0217      |
|    joint_velocity                 | -0.00236     |
|    jump_landing                   | 0            |
|    jump_success                   | 0            |
|    non_foot_collision             | 0            |
|    posture                        | -0.0923      |
|    rapid_source_action_saturation | -0.0475      |
|    source_action_saturation       | -0.0475      |
|    static_contact_course          | 0            |
|    support_gap                    | 0            |
|    torque                         | -0.00274     |
|    true_four_foot_contact         | 0            |
|    zero_velocity                  | 0            |
|    zero_yaw_rate                  | -0.0159      |
| rollout/                          |              |
|    ep_rew_mean                    | 1.43e+03     |
|    true_four_contact_ratio        | 0.0103       |
| termination_reason/               |              |
|    body_contact                   | 0            |
|    controller_done                | 0            |
|    height                         | 0            |
|    joint_limit                    | 0            |
|    none                           | 0            |
|    tilt                           | 0            |
|    time_limit                     | 0            |
|    unknown                        | 0            |
|    unsupported                    | 0            |
|    workspace                      | 0            |
| time/                             |              |
|    fps                            | 338          |
|    iterations                     | 100          |
|    time_elapsed                   | 605          |
|    total_timesteps                | 204800       |
| train/                            |              |
|    approx_kl                      | 0.0053254482 |
|    clip_fraction                  | 0.0183       |
|    clip_range                     | 0.2          |
|    entropy_loss                   | -9.73        |
|    explained_variance             | 0.944        |
|    loss                           | 128          |
|    n_updates                      | 495          |
|    policy_gradient_loss           | -0.00538     |
|    std                            | 0.55         |
|    value_loss                     | 610          |
----------------------------------------------------
TRAIN_PROGRESS total_timesteps=205056
TRAIN_PROGRESS total_timesteps=205312
TRAIN_PROGRESS total_timesteps=205568
TRAIN_PROGRESS total_timesteps=205824
TRAIN_PROGRESS total_timesteps=206080
TRAIN_PROGRESS total_timesteps=206336
TRAIN_PROGRESS total_timesteps=206592
TRAIN_PROGRESS total_timesteps=206848
----------------------------------------------------
| rapid/                            |              |
|    action_saturation_rate         | 0.208        |
|    actor_lr                       | 1e-05        |
|    adaptation_lr                  | 0            |
|    critic_lr                      | 0.0001       |
|    source_action_abs_mean         | 1.25         |
|    speed_progress_mean            | 0.817        |
| reward/                           |              |
|    transition_mean                | 2.63         |
| reward_parts/                     |              |
|    action_rate                    | -0.00344     |
|    alive                          | 0.5          |
|    command_displacement_progress  | 0.641        |
|    command_speed_progress         | 1.01         |
|    command_tracking               | -0.124       |
|    default_pose                   | -0.0569      |
|    distance                       | 0.0496       |
|    fall                           | 0            |
|    feet_air_time                  | 0            |
|    finetune_moving_contact        | 1            |
|    foot_slip                      | -0.0105      |
|    gait                           | 0            |
|    height                         | -0.00134     |
|    horizontal_angular_velocity    | -0.264       |
|    joint_jitter                   | -0.00861     |
|    joint_velocity                 | -0.00204     |
|    jump_landing                   | 0            |
|    jump_success                   | 0            |
|    non_foot_collision             | 0            |
|    posture                        | -0.0494      |
|    rapid_source_action_saturation | -0.0269      |
|    source_action_saturation       | -0.0269      |
|    static_contact_course          | 0            |
|    support_gap                    | 0            |
|    torque                         | -0.00121     |
|    true_four_foot_contact         | 0            |
|    zero_velocity                  | 0            |
|    zero_yaw_rate                  | -0.0222      |
| rollout/                          |              |
|    ep_rew_mean                    | 1.79e+03     |
|    true_four_contact_ratio        | 0.00635      |
| termination_reason/               |              |
|    body_contact                   | 0            |
|    controller_done                | 0            |
|    height                         | 0            |
|    joint_limit                    | 0            |
|    none                           | 0            |
|    tilt                           | 0            |
|    time_limit                     | 4            |
|    unknown                        | 0            |
|    unsupported                    | 0            |
|    workspace                      | 0            |
| time/                             |              |
|    fps                            | 337          |
|    iterations                     | 101          |
|    time_elapsed                   | 613          |
|    total_timesteps                | 206848       |
| train/                            |              |
|    approx_kl                      | 0.0038461578 |
|    clip_fraction                  | 0.00771      |
|    clip_range                     | 0.2          |
|    entropy_loss                   | -9.73        |
|    explained_variance             | 0.941        |
|    loss                           | 493          |
|    n_updates                      | 500          |
|    policy_gradient_loss           | -0.00502     |
|    std                            | 0.55         |
|    value_loss                     | 459          |
----------------------------------------------------
TRAIN_PROGRESS total_timesteps=207104
TRAIN_PROGRESS total_timesteps=207360
TRAIN_PROGRESS total_timesteps=207616
TRAIN_PROGRESS total_timesteps=207872
TRAIN_PROGRESS total_timesteps=208128
TRAIN_PROGRESS total_timesteps=208384
TRAIN_PROGRESS total_timesteps=208640
TRAIN_PROGRESS total_timesteps=208896
----------------------------------------------------
| rapid/                            |              |
|    action_saturation_rate         | 0.104        |
|    actor_lr                       | 1e-05        |
|    adaptation_lr                  | 0            |
|    critic_lr                      | 0.0001       |
|    source_action_abs_mean         | 1.19         |
|    speed_progress_mean            | 0.819        |
| reward/                           |              |
|    transition_mean                | 2.19         |
| reward_parts/                     |              |
|    action_rate                    | -0.00347     |
|    alive                          | 0.5          |
|    command_displacement_progress  | 0.375        |
|    command_speed_progress         | 0.75         |
|    command_tracking               | -0.0622      |
|    default_pose                   | -0.0559      |
|    distance                       | 0.0351       |
|    fall                           | 0            |
|    feet_air_time                  | 0            |
|    finetune_moving_contact        | 1            |
|    foot_slip                      | -0.0407      |
|    gait                           | -0.0125      |
|    height                         | -0.0011      |
|    horizontal_angular_velocity    | -0.0958      |
|    joint_jitter                   | -0.0307      |
|    joint_velocity                 | -0.00296     |
|    jump_landing                   | 0            |
|    jump_success                   | 0            |
|    non_foot_collision             | 0            |
|    posture                        | -0.0601      |
|    rapid_source_action_saturation | -0.00841     |
|    source_action_saturation       | -0.00841     |
|    static_contact_course          | 0            |
|    support_gap                    | -0.075       |
|    torque                         | -0.00299     |
|    true_four_foot_contact         | 0            |
|    zero_velocity                  | -0.000885    |
|    zero_yaw_rate                  | -0.021       |
| rollout/                          |              |
|    ep_rew_mean                    | 2.14e+03     |
|    true_four_contact_ratio        | 0.00586      |
| termination_reason/               |              |
|    body_contact                   | 0            |
|    controller_done                | 0            |
|    height                         | 0            |
|    joint_limit                    | 0            |
|    none                           | 0            |
|    tilt                           | 0            |
|    time_limit                     | 0            |
|    unknown                        | 0            |
|    unsupported                    | 0            |
|    workspace                      | 0            |
| time/                             |              |
|    fps                            | 337          |
|    iterations                     | 102          |
|    time_elapsed                   | 619          |
|    total_timesteps                | 208896       |
| train/                            |              |
|    approx_kl                      | 0.0052780253 |
|    clip_fraction                  | 0.0148       |
|    clip_range                     | 0.2          |
|    entropy_loss                   | -9.73        |
|    explained_variance             | 0.949        |
|    loss                           | 46.9         |
|    n_updates                      | 505          |
|    policy_gradient_loss           | -0.00519     |
|    std                            | 0.55         |
|    value_loss                     | 210          |
----------------------------------------------------
TRAIN_PROGRESS total_timesteps=209152
TRAIN_PROGRESS total_timesteps=209408
TRAIN_PROGRESS total_timesteps=209664
TRAIN_PROGRESS total_timesteps=209920
TRAIN_PROGRESS total_timesteps=210176
TRAIN_PROGRESS total_timesteps=210432
TRAIN_PROGRESS total_timesteps=210688
TRAIN_PROGRESS total_timesteps=210944
---------------------------------------------------
| rapid/                            |             |
|    action_saturation_rate         | 0.25        |
|    actor_lr                       | 1e-05       |
|    adaptation_lr                  | 0           |
|    critic_lr                      | 0.0001      |
|    source_action_abs_mean         | 1.39        |
|    speed_progress_mean            | 0.82        |
| reward/                           |             |
|    transition_mean                | 0.471       |
| reward_parts/                     |             |
|    action_rate                    | -0.00343    |
|    alive                          | 0.5         |
|    command_displacement_progress  | -0.246      |
|    command_speed_progress         | 0.375       |
|    command_tracking               | -0.206      |
|    default_pose                   | -0.0628     |
|    distance                       | -0.00912    |
|    fall                           | 0           |
|    feet_air_time                  | 0           |
|    finetune_moving_contact        | 0.875       |
|    foot_slip                      | -0.0876     |
|    gait                           | -0.0125     |
|    height                         | -0.00129    |
|    horizontal_angular_velocity    | -0.473      |
|    joint_jitter                   | -0.01       |
|    joint_velocity                 | -0.00162    |
|    jump_landing                   | 0           |
|    jump_success                   | 0           |
|    non_foot_collision             | 0           |
|    posture                        | -0.0473     |
|    rapid_source_action_saturation | -0.0233     |
|    source_action_saturation       | -0.0233     |
|    static_contact_course          | 0           |
|    support_gap                    | -0.075      |
|    torque                         | -0.00193    |
|    true_four_foot_contact         | 0           |
|    zero_velocity                  | -0.00358    |
|    zero_yaw_rate                  | -0.0143     |
| rollout/                          |             |
|    ep_rew_mean                    | 2.38e+03    |
|    true_four_contact_ratio        | 0.0112      |
| termination_reason/               |             |
|    body_contact                   | 0           |
|    controller_done                | 0           |
|    height                         | 0           |
|    joint_limit                    | 0           |
|    none                           | 0           |
|    tilt                           | 0           |
|    time_limit                     | 4           |
|    unknown                        | 0           |
|    unsupported                    | 0           |
|    workspace                      | 0           |
| time/                             |             |
|    fps                            | 336         |
|    iterations                     | 103         |
|    time_elapsed                   | 626         |
|    total_timesteps                | 210944      |
| train/                            |             |
|    approx_kl                      | 0.006128248 |
|    clip_fraction                  | 0.017       |
|    clip_range                     | 0.2         |
|    entropy_loss                   | -9.73       |
|    explained_variance             | 0.913       |
|    loss                           | 130         |
|    n_updates                      | 510         |
|    policy_gradient_loss           | -0.00516    |
|    std                            | 0.55        |
|    value_loss                     | 600         |
---------------------------------------------------
TRAIN_PROGRESS total_timesteps=211200
TRAIN_PROGRESS total_timesteps=211456
TRAIN_PROGRESS total_timesteps=211712
TRAIN_PROGRESS total_timesteps=211968
TRAIN_PROGRESS total_timesteps=212224
TRAIN_PROGRESS total_timesteps=212480
TRAIN_PROGRESS total_timesteps=212736
TRAIN_PROGRESS total_timesteps=212992
---------------------------------------------------
| rapid/                            |             |
|    action_saturation_rate         | 0.0833      |
|    actor_lr                       | 1e-05       |
|    adaptation_lr                  | 0           |
|    critic_lr                      | 0.0001      |
|    source_action_abs_mean         | 1.02        |
|    speed_progress_mean            | 0.822       |
| reward/                           |             |
|    transition_mean                | 3.01        |
| reward_parts/                     |             |
|    action_rate                    | -0.00344    |
|    alive                          | 0.5         |
|    command_displacement_progress  | 1.06        |
|    command_speed_progress         | 1.04        |
|    command_tracking               | -0.0591     |
|    default_pose                   | -0.0512     |
|    distance                       | 0.0686      |
|    fall                           | 0           |
|    feet_air_time                  | 0           |
|    finetune_moving_contact        | 0.75        |
|    foot_slip                      | -0.0323     |
|    gait                           | -0.0125     |
|    height                         | -0.000458   |
|    horizontal_angular_velocity    | -0.0763     |
|    joint_jitter                   | -0.00378    |
|    joint_velocity                 | -0.00241    |
|    jump_landing                   | 0           |
|    jump_success                   | 0           |
|    non_foot_collision             | 0           |
|    posture                        | -0.0461     |
|    rapid_source_action_saturation | -0.0151     |
|    source_action_saturation       | -0.0151     |
|    static_contact_course          | 0           |
|    support_gap                    | -0.075      |
|    torque                         | -0.00264    |
|    true_four_foot_contact         | 0           |
|    zero_velocity                  | -0.00169    |
|    zero_yaw_rate                  | -0.033      |
| rollout/                          |             |
|    ep_rew_mean                    | 2.15e+03    |
|    true_four_contact_ratio        | 0.00537     |
| termination_reason/               |             |
|    body_contact                   | 0           |
|    controller_done                | 0           |
|    height                         | 0           |
|    joint_limit                    | 0           |
|    none                           | 0           |
|    tilt                           | 0           |
|    time_limit                     | 0           |
|    unknown                        | 0           |
|    unsupported                    | 0           |
|    workspace                      | 0           |
| time/                             |             |
|    fps                            | 336         |
|    iterations                     | 104         |
|    time_elapsed                   | 632         |
|    total_timesteps                | 212992      |
| train/                            |             |
|    approx_kl                      | 0.004715774 |
|    clip_fraction                  | 0.0109      |
|    clip_range                     | 0.2         |
|    entropy_loss                   | -9.73       |
|    explained_variance             | 0.955       |
|    loss                           | 299         |
|    n_updates                      | 515         |
|    policy_gradient_loss           | -0.00551    |
|    std                            | 0.55        |
|    value_loss                     | 380         |
---------------------------------------------------
TRAIN_PROGRESS total_timesteps=213248
TRAIN_PROGRESS total_timesteps=213504
TRAIN_PROGRESS total_timesteps=213760
TRAIN_PROGRESS total_timesteps=214016
TRAIN_PROGRESS total_timesteps=214272
TRAIN_PROGRESS total_timesteps=214528
TRAIN_PROGRESS total_timesteps=214784
TRAIN_PROGRESS total_timesteps=215040
---------------------------------------------------
| rapid/                            |             |
|    action_saturation_rate         | 0.0625      |
|    actor_lr                       | 1e-05       |
|    adaptation_lr                  | 0           |
|    critic_lr                      | 0.0001      |
|    source_action_abs_mean         | 1.12        |
|    speed_progress_mean            | 0.823       |
| reward/                           |             |
|    transition_mean                | 2.2         |
| reward_parts/                     |             |
|    action_rate                    | -0.00336    |
|    alive                          | 0.5         |
|    command_displacement_progress  | 0.75        |
|    command_speed_progress         | 0.75        |
|    command_tracking               | -0.0769     |
|    default_pose                   | -0.0571     |
|    distance                       | 0.0604      |
|    fall                           | 0           |
|    feet_air_time                  | 0           |
|    finetune_moving_contact        | 0.625       |
|    foot_slip                      | -0.0306     |
|    gait                           | -0.025      |
|    height                         | -0.00114    |
|    horizontal_angular_velocity    | -0.0173     |
|    joint_jitter                   | -0.00534    |
|    joint_velocity                 | -0.00293    |
|    jump_landing                   | 0           |
|    jump_success                   | 0           |
|    non_foot_collision             | 0           |
|    posture                        | -0.0669     |
|    rapid_source_action_saturation | -0.00484    |
|    source_action_saturation       | -0.00484    |
|    static_contact_course          | 0           |
|    support_gap                    | -0.15       |
|    torque                         | -0.00243    |
|    true_four_foot_contact         | 0           |
|    zero_velocity                  | -0.00562    |
|    zero_yaw_rate                  | -0.0358     |
| rollout/                          |             |
|    ep_rew_mean                    | 2.32e+03    |
|    true_four_contact_ratio        | 0.00781     |
| termination_reason/               |             |
|    body_contact                   | 0           |
|    controller_done                | 0           |
|    height                         | 0           |
|    joint_limit                    | 0           |
|    none                           | 0           |
|    tilt                           | 0           |
|    time_limit                     | 4           |
|    unknown                        | 0           |
|    unsupported                    | 0           |
|    workspace                      | 0           |
| time/                             |             |
|    fps                            | 336         |
|    iterations                     | 105         |
|    time_elapsed                   | 638         |
|    total_timesteps                | 215040      |
| train/                            |             |
|    approx_kl                      | 0.009262312 |
|    clip_fraction                  | 0.0389      |
|    clip_range                     | 0.2         |
|    entropy_loss                   | -9.73       |
|    explained_variance             | 0.923       |
|    loss                           | 150         |
|    n_updates                      | 520         |
|    policy_gradient_loss           | -0.00723    |
|    std                            | 0.55        |
|    value_loss                     | 399         |
---------------------------------------------------
TRAIN_PROGRESS total_timesteps=215296
TRAIN_PROGRESS total_timesteps=215552
TRAIN_PROGRESS total_timesteps=215808
TRAIN_PROGRESS total_timesteps=216064
TRAIN_PROGRESS total_timesteps=216320
TRAIN_PROGRESS total_timesteps=216576
TRAIN_PROGRESS total_timesteps=216832
TRAIN_PROGRESS total_timesteps=217088
---------------------------------------------------
| rapid/                            |             |
|    action_saturation_rate         | 0.25        |
|    actor_lr                       | 1e-05       |
|    adaptation_lr                  | 0           |
|    critic_lr                      | 0.0001      |
|    source_action_abs_mean         | 1.32        |
|    speed_progress_mean            | 0.824       |
| reward/                           |             |
|    transition_mean                | 2.23        |
| reward_parts/                     |             |
|    action_rate                    | -0.0027     |
|    alive                          | 0.5         |
|    command_displacement_progress  | 0.448       |
|    command_speed_progress         | 0.75        |
|    command_tracking               | -0.0645     |
|    default_pose                   | -0.0587     |
|    distance                       | 0.051       |
|    fall                           | 0           |
|    feet_air_time                  | 0           |
|    finetune_moving_contact        | 0.875       |
|    foot_slip                      | -0.0558     |
|    gait                           | -0.0125     |
|    height                         | -0.000984   |
|    horizontal_angular_velocity    | -0.023      |
|    joint_jitter                   | -0.0168     |
|    joint_velocity                 | -0.00273    |
|    jump_landing                   | 0           |
|    jump_success                   | 0           |
|    non_foot_collision             | 0           |
|    posture                        | -0.0634     |
|    rapid_source_action_saturation | -0.0313     |
|    source_action_saturation       | -0.0313     |
|    static_contact_course          | 0           |
|    support_gap                    | -0.0375     |
|    torque                         | -0.00339    |
|    true_four_foot_contact         | 0           |
|    zero_velocity                  | -0.00123    |
|    zero_yaw_rate                  | -0.0193     |
| rollout/                          |             |
|    ep_rew_mean                    | 1.65e+03    |
|    true_four_contact_ratio        | 0.00879     |
| termination_reason/               |             |
|    body_contact                   | 0           |
|    controller_done                | 0           |
|    height                         | 0           |
|    joint_limit                    | 0           |
|    none                           | 0           |
|    tilt                           | 0           |
|    time_limit                     | 0           |
|    unknown                        | 0           |
|    unsupported                    | 0           |
|    workspace                      | 0           |
| time/                             |             |
|    fps                            | 336         |
|    iterations                     | 106         |
|    time_elapsed                   | 645         |
|    total_timesteps                | 217088      |
| train/                            |             |
|    approx_kl                      | 0.004792891 |
|    clip_fraction                  | 0.00889     |
|    clip_range                     | 0.2         |
|    entropy_loss                   | -9.73       |
|    explained_variance             | 0.935       |
|    loss                           | 416         |
|    n_updates                      | 525         |
|    policy_gradient_loss           | -0.00404    |
|    std                            | 0.55        |
|    value_loss                     | 721         |
---------------------------------------------------
TRAIN_PROGRESS total_timesteps=217344
TRAIN_PROGRESS total_timesteps=217600
TRAIN_PROGRESS total_timesteps=217856
TRAIN_PROGRESS total_timesteps=218112
TRAIN_PROGRESS total_timesteps=218368
TRAIN_PROGRESS total_timesteps=218624
TRAIN_PROGRESS total_timesteps=218880
TRAIN_PROGRESS total_timesteps=219136
---------------------------------------------------
| rapid/                            |             |
|    action_saturation_rate         | 0.104       |
|    actor_lr                       | 1e-05       |
|    adaptation_lr                  | 0           |
|    critic_lr                      | 0.0001      |
|    source_action_abs_mean         | 1.19        |
|    speed_progress_mean            | 0.825       |
| reward/                           |             |
|    transition_mean                | 2.21        |
| reward_parts/                     |             |
|    action_rate                    | -0.0035     |
|    alive                          | 0.5         |
|    command_displacement_progress  | 0.494       |
|    command_speed_progress         | 0.75        |
|    command_tracking               | -0.0409     |
|    default_pose                   | -0.0511     |
|    distance                       | 0.0553      |
|    fall                           | 0           |
|    feet_air_time                  | 0           |
|    finetune_moving_contact        | 0.75        |
|    foot_slip                      | -0.0539     |
|    gait                           | -0.0125     |
|    height                         | -0.000836   |
|    horizontal_angular_velocity    | -0.0271     |
|    joint_jitter                   | -0.0113     |
|    joint_velocity                 | -0.00239    |
|    jump_landing                   | 0           |
|    jump_success                   | 0           |
|    non_foot_collision             | 0           |
|    posture                        | -0.0509     |
|    rapid_source_action_saturation | -0.00929    |
|    source_action_saturation       | -0.00929    |
|    static_contact_course          | 0           |
|    support_gap                    | -0.0375     |
|    torque                         | -0.00286    |
|    true_four_foot_contact         | 0           |
|    zero_velocity                  | -0.000548   |
|    zero_yaw_rate                  | -0.034      |
| rollout/                          |             |
|    ep_rew_mean                    | 1.76e+03    |
|    true_four_contact_ratio        | 0.0117      |
| termination_reason/               |             |
|    body_contact                   | 0           |
|    controller_done                | 0           |
|    height                         | 0           |
|    joint_limit                    | 0           |
|    none                           | 0           |
|    tilt                           | 0           |
|    time_limit                     | 4           |
|    unknown                        | 0           |
|    unsupported                    | 0           |
|    workspace                      | 0           |
| time/                             |             |
|    fps                            | 336         |
|    iterations                     | 107         |
|    time_elapsed                   | 651         |
|    total_timesteps                | 219136      |
| train/                            |             |
|    approx_kl                      | 0.005290066 |
|    clip_fraction                  | 0.0144      |
|    clip_range                     | 0.2         |
|    entropy_loss                   | -9.73       |
|    explained_variance             | 0.952       |
|    loss                           | 191         |
|    n_updates                      | 530         |
|    policy_gradient_loss           | -0.00495    |
|    std                            | 0.55        |
|    value_loss                     | 481         |
---------------------------------------------------
TRAIN_PROGRESS total_timesteps=219392
TRAIN_PROGRESS total_timesteps=219648
TRAIN_PROGRESS total_timesteps=219904
CHECKPOINT /run/media/pma213x/0C6A8CC86A8CAFCE/Ubuntu2/CodeU/Dog1/official-mini-cheetah/checkpoints/official_mini_cheetah_flat_jump_v1_r3/rapid_finetune_500k_20261006/official_mini_cheetah_flat_jump_v1_r3_220000_steps.zip
TRAIN_PROGRESS total_timesteps=220160
TRAIN_PROGRESS total_timesteps=220416
TRAIN_PROGRESS total_timesteps=220672
TRAIN_PROGRESS total_timesteps=220928
TRAIN_PROGRESS total_timesteps=221184
---------------------------------------------------
| rapid/                            |             |
|    action_saturation_rate         | 0.229       |
|    actor_lr                       | 1e-05       |
|    adaptation_lr                  | 0           |
|    critic_lr                      | 0.0001      |
|    source_action_abs_mean         | 1.35        |
|    speed_progress_mean            | 0.826       |
| reward/                           |             |
|    transition_mean                | 1.84        |
| reward_parts/                     |             |
|    action_rate                    | -0.00289    |
|    alive                          | 0.5         |
|    command_displacement_progress  | 0.141       |
|    command_speed_progress         | 0.75        |
|    command_tracking               | -0.151      |
|    default_pose                   | -0.0503     |
|    distance                       | 0.0264      |
|    fall                           | 0           |
|    feet_air_time                  | 0           |
|    finetune_moving_contact        | 1           |
|    foot_slip                      | -0.0752     |
|    gait                           | 0           |
|    height                         | -0.000855   |
|    horizontal_angular_velocity    | -0.166      |
|    joint_jitter                   | -0.00352    |
|    joint_velocity                 | -0.00295    |
|    jump_landing                   | 0           |
|    jump_success                   | 0           |
|    non_foot_collision             | 0           |
|    posture                        | -0.0679     |
|    rapid_source_action_saturation | -0.0279     |
|    source_action_saturation       | -0.0279     |
|    static_contact_course          | 0           |
|    support_gap                    | 0           |
|    torque                         | -0.00272    |
|    true_four_foot_contact         | 0           |
|    zero_velocity                  | 0           |
|    zero_yaw_rate                  | -0.0273     |
| rollout/                          |             |
|    ep_rew_mean                    | 2.42e+03    |
|    true_four_contact_ratio        | 0.00781     |
| termination_reason/               |             |
|    body_contact                   | 0           |
|    controller_done                | 0           |
|    height                         | 0           |
|    joint_limit                    | 0           |
|    none                           | 0           |
|    tilt                           | 0           |
|    time_limit                     | 0           |
|    unknown                        | 0           |
|    unsupported                    | 0           |
|    workspace                      | 0           |
| time/                             |             |
|    fps                            | 336         |
|    iterations                     | 108         |
|    time_elapsed                   | 657         |
|    total_timesteps                | 221184      |
| train/                            |             |
|    approx_kl                      | 0.009286041 |
|    clip_fraction                  | 0.0525      |
|    clip_range                     | 0.2         |
|    entropy_loss                   | -9.73       |
|    explained_variance             | 0.937       |
|    loss                           | 104         |
|    n_updates                      | 535         |
|    policy_gradient_loss           | -0.00742    |
|    std                            | 0.55        |
|    value_loss                     | 387         |
---------------------------------------------------
TRAIN_PROGRESS total_timesteps=221440
TRAIN_PROGRESS total_timesteps=221696
TRAIN_PROGRESS total_timesteps=221952
TRAIN_PROGRESS total_timesteps=222208
TRAIN_PROGRESS total_timesteps=222464
TRAIN_PROGRESS total_timesteps=222720
TRAIN_PROGRESS total_timesteps=222976
TRAIN_PROGRESS total_timesteps=223232
----------------------------------------------------
| rapid/                            |              |
|    action_saturation_rate         | 0.0625       |
|    actor_lr                       | 1e-05        |
|    adaptation_lr                  | 0            |
|    critic_lr                      | 0.0001       |
|    source_action_abs_mean         | 1.07         |
|    speed_progress_mean            | 0.827        |
| reward/                           |              |
|    transition_mean                | 0.0196       |
| reward_parts/                     |              |
|    action_rate                    | -0.00348     |
|    alive                          | 0.5          |
|    command_displacement_progress  | -0.591       |
|    command_speed_progress         | 0            |
|    command_tracking               | -0.0914      |
|    default_pose                   | -0.0563      |
|    distance                       | -0.0345      |
|    fall                           | 0            |
|    feet_air_time                  | 0            |
|    finetune_moving_contact        | 0.625        |
|    foot_slip                      | -0.0629      |
|    gait                           | -0.025       |
|    height                         | -0.00143     |
|    horizontal_angular_velocity    | -0.0317      |
|    joint_jitter                   | -0.00682     |
|    joint_velocity                 | -0.00131     |
|    jump_landing                   | 0            |
|    jump_success                   | 0            |
|    non_foot_collision             | 0            |
|    posture                        | -0.058       |
|    rapid_source_action_saturation | -0.00685     |
|    source_action_saturation       | -0.00685     |
|    static_contact_course          | 0            |
|    support_gap                    | -0.112       |
|    torque                         | -0.00218     |
|    true_four_foot_contact         | 0            |
|    zero_velocity                  | -0.00276     |
|    zero_yaw_rate                  | -0.0177      |
| rollout/                          |              |
|    ep_rew_mean                    | 2.51e+03     |
|    true_four_contact_ratio        | 0.0137       |
| termination_reason/               |              |
|    body_contact                   | 0            |
|    controller_done                | 0            |
|    height                         | 0            |
|    joint_limit                    | 0            |
|    none                           | 0            |
|    tilt                           | 0            |
|    time_limit                     | 4            |
|    unknown                        | 0            |
|    unsupported                    | 0            |
|    workspace                      | 0            |
| time/                             |              |
|    fps                            | 335          |
|    iterations                     | 109          |
|    time_elapsed                   | 664          |
|    total_timesteps                | 223232       |
| train/                            |              |
|    approx_kl                      | 0.0023318985 |
|    clip_fraction                  | 0.00166      |
|    clip_range                     | 0.2          |
|    entropy_loss                   | -9.73        |
|    explained_variance             | 0.896        |
|    loss                           | 238          |
|    n_updates                      | 540          |
|    policy_gradient_loss           | -0.00296     |
|    std                            | 0.55         |
|    value_loss                     | 642          |
----------------------------------------------------
TRAIN_PROGRESS total_timesteps=223488
TRAIN_PROGRESS total_timesteps=223744
TRAIN_PROGRESS total_timesteps=224000
TRAIN_PROGRESS total_timesteps=224256
TRAIN_PROGRESS total_timesteps=224512
TRAIN_PROGRESS total_timesteps=224768
TRAIN_PROGRESS total_timesteps=225024
TRAIN_PROGRESS total_timesteps=225280
---------------------------------------------------
| rapid/                            |             |
|    action_saturation_rate         | 0.167       |
|    actor_lr                       | 1e-05       |
|    adaptation_lr                  | 0           |
|    critic_lr                      | 0.0001      |
|    source_action_abs_mean         | 1.33        |
|    speed_progress_mean            | 0.828       |
| reward/                           |             |
|    transition_mean                | 1.81        |
| reward_parts/                     |             |
|    action_rate                    | -0.00305    |
|    alive                          | 0.5         |
|    command_displacement_progress  | 0.75        |
|    command_speed_progress         | 0.75        |
|    command_tracking               | -0.139      |
|    default_pose                   | -0.0548     |
|    distance                       | 0.0554      |
|    fall                           | 0           |
|    feet_air_time                  | 0           |
|    finetune_moving_contact        | 0.5         |
|    foot_slip                      | -0.0483     |
|    gait                           | -0.025      |
|    height                         | -0.000346   |
|    horizontal_angular_velocity    | -0.261      |
|    joint_jitter                   | -0.00541    |
|    joint_velocity                 | -0.00161    |
|    jump_landing                   | 0           |
|    jump_success                   | 0           |
|    non_foot_collision             | 0           |
|    posture                        | -0.0595     |
|    rapid_source_action_saturation | -0.0216     |
|    source_action_saturation       | -0.0216     |
|    static_contact_course          | 0           |
|    support_gap                    | -0.112      |
|    torque                         | -0.00251    |
|    true_four_foot_contact         | 0           |
|    zero_velocity                  | -0.00746    |
|    zero_yaw_rate                  | -0.00706    |
| rollout/                          |             |
|    ep_rew_mean                    | 1.72e+03    |
|    true_four_contact_ratio        | 0.00732     |
| termination_reason/               |             |
|    body_contact                   | 0           |
|    controller_done                | 0           |
|    height                         | 0           |
|    joint_limit                    | 0           |
|    none                           | 0           |
|    tilt                           | 0           |
|    time_limit                     | 0           |
|    unknown                        | 0           |
|    unsupported                    | 0           |
|    workspace                      | 0           |
| time/                             |             |
|    fps                            | 335         |
|    iterations                     | 110         |
|    time_elapsed                   | 672         |
|    total_timesteps                | 225280      |
| train/                            |             |
|    approx_kl                      | 0.002080712 |
|    clip_fraction                  | 0.000586    |
|    clip_range                     | 0.2         |
|    entropy_loss                   | -9.73       |
|    explained_variance             | 0.938       |
|    loss                           | 159         |
|    n_updates                      | 545         |
|    policy_gradient_loss           | -0.00228    |
|    std                            | 0.55        |
|    value_loss                     | 507         |
---------------------------------------------------
TRAIN_PROGRESS total_timesteps=225536
TRAIN_PROGRESS total_timesteps=225792
TRAIN_PROGRESS total_timesteps=226048
TRAIN_PROGRESS total_timesteps=226304
TRAIN_PROGRESS total_timesteps=226560
TRAIN_PROGRESS total_timesteps=226816
TRAIN_PROGRESS total_timesteps=227072
TRAIN_PROGRESS total_timesteps=227328
----------------------------------------------------
| rapid/                            |              |
|    action_saturation_rate         | 0.146        |
|    actor_lr                       | 1e-05        |
|    adaptation_lr                  | 0            |
|    critic_lr                      | 0.0001       |
|    source_action_abs_mean         | 1.27         |
|    speed_progress_mean            | 0.828        |
| reward/                           |              |
|    transition_mean                | 3.15         |
| reward_parts/                     |              |
|    action_rate                    | -0.00353     |
|    alive                          | 0.5          |
|    command_displacement_progress  | 1.12         |
|    command_speed_progress         | 1.02         |
|    command_tracking               | -0.0558      |
|    default_pose                   | -0.0504      |
|    distance                       | 0.063        |
|    fall                           | 0            |
|    feet_air_time                  | 0            |
|    finetune_moving_contact        | 0.875        |
|    foot_slip                      | -0.0307      |
|    gait                           | -0.0125      |
|    height                         | -0.000805    |
|    horizontal_angular_velocity    | -0.0667      |
|    joint_jitter                   | -0.019       |
|    joint_velocity                 | -0.00126     |
|    jump_landing                   | 0            |
|    jump_success                   | 0            |
|    non_foot_collision             | 0            |
|    posture                        | -0.0844      |
|    rapid_source_action_saturation | -0.022       |
|    source_action_saturation       | -0.022       |
|    static_contact_course          | 0            |
|    support_gap                    | -0.075       |
|    torque                         | -0.0038      |
|    true_four_foot_contact         | 0            |
|    zero_velocity                  | -0.00129     |
|    zero_yaw_rate                  | -0.01        |
| rollout/                          |              |
|    ep_rew_mean                    | 1.73e+03     |
|    true_four_contact_ratio        | 0.00977      |
| termination_reason/               |              |
|    body_contact                   | 0            |
|    controller_done                | 0            |
|    height                         | 0            |
|    joint_limit                    | 0            |
|    none                           | 0            |
|    tilt                           | 0            |
|    time_limit                     | 4            |
|    unknown                        | 0            |
|    unsupported                    | 0            |
|    workspace                      | 0            |
| time/                             |              |
|    fps                            | 333          |
|    iterations                     | 111          |
|    time_elapsed                   | 680          |
|    total_timesteps                | 227328       |
| train/                            |              |
|    approx_kl                      | 0.0026150513 |
|    clip_fraction                  | 0.00371      |
|    clip_range                     | 0.2          |
|    entropy_loss                   | -9.73        |
|    explained_variance             | 0.966        |
|    loss                           | 66.9         |
|    n_updates                      | 550          |
|    policy_gradient_loss           | -0.0032      |
|    std                            | 0.55         |
|    value_loss                     | 427          |
----------------------------------------------------
TRAIN_PROGRESS total_timesteps=227584
TRAIN_PROGRESS total_timesteps=227840
TRAIN_PROGRESS total_timesteps=228096
TRAIN_PROGRESS total_timesteps=228352
TRAIN_PROGRESS total_timesteps=228608
TRAIN_PROGRESS total_timesteps=228864
TRAIN_PROGRESS total_timesteps=229120
TRAIN_PROGRESS total_timesteps=229376
----------------------------------------------------
| rapid/                            |              |
|    action_saturation_rate         | 0.125        |
|    actor_lr                       | 1e-05        |
|    adaptation_lr                  | 0            |
|    critic_lr                      | 0.0001       |
|    source_action_abs_mean         | 1.18         |
|    speed_progress_mean            | 0.83         |
| reward/                           |              |
|    transition_mean                | 0.802        |
| reward_parts/                     |              |
|    action_rate                    | -0.00321     |
|    alive                          | 0.5          |
|    command_displacement_progress  | -0.259       |
|    command_speed_progress         | 0.097        |
|    command_tracking               | -0.0997      |
|    default_pose                   | -0.0485      |
|    distance                       | -0.0211      |
|    fall                           | 0            |
|    feet_air_time                  | 0            |
|    finetune_moving_contact        | 0.875        |
|    foot_slip                      | -0.0804      |
|    gait                           | -0.0125      |
|    height                         | -0.00531     |
|    horizontal_angular_velocity    | -0.0204      |
|    joint_jitter                   | -0.00443     |
|    joint_velocity                 | -0.00298     |
|    jump_landing                   | 0            |
|    jump_success                   | 0            |
|    non_foot_collision             | 0            |
|    posture                        | -0.00151     |
|    rapid_source_action_saturation | -0.0144      |
|    source_action_saturation       | -0.0144      |
|    static_contact_course          | 0            |
|    support_gap                    | -0.0375      |
|    torque                         | -0.00382     |
|    true_four_foot_contact         | 0            |
|    zero_velocity                  | -0.00243     |
|    zero_yaw_rate                  | -0.0525      |
| rollout/                          |              |
|    ep_rew_mean                    | 2.31e+03     |
|    true_four_contact_ratio        | 0.00977      |
| termination_reason/               |              |
|    body_contact                   | 0            |
|    controller_done                | 0            |
|    height                         | 0            |
|    joint_limit                    | 0            |
|    none                           | 0            |
|    tilt                           | 0            |
|    time_limit                     | 4            |
|    unknown                        | 0            |
|    unsupported                    | 0            |
|    workspace                      | 0            |
| time/                             |              |
|    fps                            | 332          |
|    iterations                     | 112          |
|    time_elapsed                   | 690          |
|    total_timesteps                | 229376       |
| train/                            |              |
|    approx_kl                      | 0.0065734703 |
|    clip_fraction                  | 0.0231       |
|    clip_range                     | 0.2          |
|    entropy_loss                   | -9.73        |
|    explained_variance             | 0.958        |
|    loss                           | 318          |
|    n_updates                      | 555          |
|    policy_gradient_loss           | -0.00567     |
|    std                            | 0.55         |
|    value_loss                     | 424          |
----------------------------------------------------
TRAIN_PROGRESS total_timesteps=229632
TRAIN_PROGRESS total_timesteps=229888
TRAIN_PROGRESS total_timesteps=230144
TRAIN_PROGRESS total_timesteps=230400
TRAIN_PROGRESS total_timesteps=230656
TRAIN_PROGRESS total_timesteps=230912
TRAIN_PROGRESS total_timesteps=231168
TRAIN_PROGRESS total_timesteps=231424
----------------------------------------------------
| rapid/                            |              |
|    action_saturation_rate         | 0.229        |
|    actor_lr                       | 1e-05        |
|    adaptation_lr                  | 0            |
|    critic_lr                      | 0.0001       |
|    source_action_abs_mean         | 1.33         |
|    speed_progress_mean            | 0.83         |
| reward/                           |              |
|    transition_mean                | 0.0431       |
| reward_parts/                     |              |
|    action_rate                    | -0.00327     |
|    alive                          | 0.5          |
|    command_displacement_progress  | -0.688       |
|    command_speed_progress         | 0            |
|    command_tracking               | -0.112       |
|    default_pose                   | -0.0504      |
|    distance                       | -0.0367      |
|    fall                           | 0            |
|    feet_air_time                  | 0            |
|    finetune_moving_contact        | 0.875        |
|    foot_slip                      | -0.0716      |
|    gait                           | -0.025       |
|    height                         | -0.00222     |
|    horizontal_angular_velocity    | -0.0889      |
|    joint_jitter                   | -0.00773     |
|    joint_velocity                 | -0.00224     |
|    jump_landing                   | 0            |
|    jump_success                   | 0            |
|    non_foot_collision             | 0            |
|    posture                        | -0.0301      |
|    rapid_source_action_saturation | -0.0297      |
|    source_action_saturation       | -0.0297      |
|    static_contact_course          | 0            |
|    support_gap                    | -0.15        |
|    torque                         | -0.00229     |
|    true_four_foot_contact         | 0            |
|    zero_velocity                  | -0.00105     |
|    zero_yaw_rate                  | -0.0311      |
| rollout/                          |              |
|    ep_rew_mean                    | 680          |
|    true_four_contact_ratio        | 0.00732      |
| termination_reason/               |              |
|    body_contact                   | 0            |
|    controller_done                | 0            |
|    height                         | 0            |
|    joint_limit                    | 0            |
|    none                           | 0            |
|    tilt                           | 0            |
|    time_limit                     | 0            |
|    unknown                        | 0            |
|    unsupported                    | 0            |
|    workspace                      | 0            |
| time/                             |              |
|    fps                            | 331          |
|    iterations                     | 113          |
|    time_elapsed                   | 698          |
|    total_timesteps                | 231424       |
| train/                            |              |
|    approx_kl                      | 0.0064358627 |
|    clip_fraction                  | 0.0242       |
|    clip_range                     | 0.2          |
|    entropy_loss                   | -9.73        |
|    explained_variance             | 0.95         |
|    loss                           | 85.1         |
|    n_updates                      | 560          |
|    policy_gradient_loss           | -0.00467     |
|    std                            | 0.55         |
|    value_loss                     | 261          |
----------------------------------------------------
TRAIN_PROGRESS total_timesteps=231680
TRAIN_PROGRESS total_timesteps=231936
TRAIN_PROGRESS total_timesteps=232192
TRAIN_PROGRESS total_timesteps=232448
TRAIN_PROGRESS total_timesteps=232704
TRAIN_PROGRESS total_timesteps=232960
TRAIN_PROGRESS total_timesteps=233216
TRAIN_PROGRESS total_timesteps=233472
---------------------------------------------------
| rapid/                            |             |
|    action_saturation_rate         | 0.0833      |
|    actor_lr                       | 1e-05       |
|    adaptation_lr                  | 0           |
|    critic_lr                      | 0.0001      |
|    source_action_abs_mean         | 1.17        |
|    speed_progress_mean            | 0.831       |
| reward/                           |             |
|    transition_mean                | 3.43        |
| reward_parts/                     |             |
|    action_rate                    | -0.0033     |
|    alive                          | 0.5         |
|    command_displacement_progress  | 1.12        |
|    command_speed_progress         | 1.12        |
|    command_tracking               | -0.048      |
|    default_pose                   | -0.0371     |
|    distance                       | 0.0986      |
|    fall                           | 0           |
|    feet_air_time                  | 0           |
|    finetune_moving_contact        | 1           |
|    foot_slip                      | -0.082      |
|    gait                           | -0.0125     |
|    height                         | -0.00138    |
|    horizontal_angular_velocity    | -0.0466     |
|    joint_jitter                   | -0.00978    |
|    joint_velocity                 | -0.00379    |
|    jump_landing                   | 0           |
|    jump_success                   | 0           |
|    non_foot_collision             | 0           |
|    posture                        | -0.0355     |
|    rapid_source_action_saturation | -0.0111     |
|    source_action_saturation       | -0.0111     |
|    static_contact_course          | 0           |
|    support_gap                    | -0.075      |
|    torque                         | -0.00277    |
|    true_four_foot_contact         | 0           |
|    zero_velocity                  | -0.00249    |
|    zero_yaw_rate                  | -0.0424     |
| rollout/                          |             |
|    ep_rew_mean                    | 1.31e+03    |
|    true_four_contact_ratio        | 0.00928     |
| termination_reason/               |             |
|    body_contact                   | 0           |
|    controller_done                | 0           |
|    height                         | 0           |
|    joint_limit                    | 0           |
|    none                           | 0           |
|    tilt                           | 0           |
|    time_limit                     | 4           |
|    unknown                        | 0           |
|    unsupported                    | 0           |
|    workspace                      | 0           |
| time/                             |             |
|    fps                            | 330         |
|    iterations                     | 114         |
|    time_elapsed                   | 706         |
|    total_timesteps                | 233472      |
| train/                            |             |
|    approx_kl                      | 0.002213092 |
|    clip_fraction                  | 0.00146     |
|    clip_range                     | 0.2         |
|    entropy_loss                   | -9.73       |
|    explained_variance             | 0.945       |
|    loss                           | 379         |
|    n_updates                      | 565         |
|    policy_gradient_loss           | -0.00332    |
|    std                            | 0.55        |
|    value_loss                     | 763         |
---------------------------------------------------
TRAIN_PROGRESS total_timesteps=233728
TRAIN_PROGRESS total_timesteps=233984
TRAIN_PROGRESS total_timesteps=234240
TRAIN_PROGRESS total_timesteps=234496
TRAIN_PROGRESS total_timesteps=234752
TRAIN_PROGRESS total_timesteps=235008
TRAIN_PROGRESS total_timesteps=235264
TRAIN_PROGRESS total_timesteps=235520
----------------------------------------------------
| rapid/                            |              |
|    action_saturation_rate         | 0.167        |
|    actor_lr                       | 1e-05        |
|    adaptation_lr                  | 0            |
|    critic_lr                      | 0.0001       |
|    source_action_abs_mean         | 1.31         |
|    speed_progress_mean            | 0.832        |
| reward/                           |              |
|    transition_mean                | 3.47         |
| reward_parts/                     |              |
|    action_rate                    | -0.00331     |
|    alive                          | 0.5          |
|    command_displacement_progress  | 1.06         |
|    command_speed_progress         | 1.16         |
|    command_tracking               | -0.0236      |
|    default_pose                   | -0.0538      |
|    distance                       | 0.0785       |
|    fall                           | 0            |
|    feet_air_time                  | 0            |
|    finetune_moving_contact        | 1            |
|    foot_slip                      | -0.0828      |
|    gait                           | 0            |
|    height                         | -0.00146     |
|    horizontal_angular_velocity    | -0.0459      |
|    joint_jitter                   | -0.00793     |
|    joint_velocity                 | -0.00261     |
|    jump_landing                   | 0            |
|    jump_success                   | 0            |
|    non_foot_collision             | 0            |
|    posture                        | -0.0519      |
|    rapid_source_action_saturation | -0.0314      |
|    source_action_saturation       | -0.0314      |
|    static_contact_course          | 0            |
|    support_gap                    | 0            |
|    torque                         | -0.00193     |
|    true_four_foot_contact         | 0            |
|    zero_velocity                  | 0            |
|    zero_yaw_rate                  | -0.0174      |
| rollout/                          |              |
|    ep_rew_mean                    | 1.38e+03     |
|    true_four_contact_ratio        | 0.0103       |
| termination_reason/               |              |
|    body_contact                   | 0            |
|    controller_done                | 0            |
|    height                         | 0            |
|    joint_limit                    | 0            |
|    none                           | 0            |
|    tilt                           | 0            |
|    time_limit                     | 0            |
|    unknown                        | 0            |
|    unsupported                    | 0            |
|    workspace                      | 0            |
| time/                             |              |
|    fps                            | 329          |
|    iterations                     | 115          |
|    time_elapsed                   | 713          |
|    total_timesteps                | 235520       |
| train/                            |              |
|    approx_kl                      | 0.0018701913 |
|    clip_fraction                  | 0.000977     |
|    clip_range                     | 0.2          |
|    entropy_loss                   | -9.73        |
|    explained_variance             | 0.929        |
|    loss                           | 617          |
|    n_updates                      | 570          |
|    policy_gradient_loss           | -0.00281     |
|    std                            | 0.55         |
|    value_loss                     | 882          |
----------------------------------------------------
TRAIN_PROGRESS total_timesteps=235776
TRAIN_PROGRESS total_timesteps=236032
TRAIN_PROGRESS total_timesteps=236288
TRAIN_PROGRESS total_timesteps=236544
TRAIN_PROGRESS total_timesteps=236800
TRAIN_PROGRESS total_timesteps=237056
TRAIN_PROGRESS total_timesteps=237312
TRAIN_PROGRESS total_timesteps=237568
---------------------------------------------------
| rapid/                            |             |
|    action_saturation_rate         | 0.146       |
|    actor_lr                       | 1e-05       |
|    adaptation_lr                  | 0           |
|    critic_lr                      | 0.0001      |
|    source_action_abs_mean         | 1.27        |
|    speed_progress_mean            | 0.833       |
| reward/                           |             |
|    transition_mean                | 2.53        |
| reward_parts/                     |             |
|    action_rate                    | -0.00309    |
|    alive                          | 0.5         |
|    command_displacement_progress  | 0.764       |
|    command_speed_progress         | 0.954       |
|    command_tracking               | -0.0581     |
|    default_pose                   | -0.04       |
|    distance                       | 0.0583      |
|    fall                           | 0           |
|    feet_air_time                  | 0           |
|    finetune_moving_contact        | 0.75        |
|    foot_slip                      | -0.0395     |
|    gait                           | -0.0125     |
|    height                         | -2.61e-05   |
|    horizontal_angular_velocity    | -0.181      |
|    joint_jitter                   | -0.0101     |
|    joint_velocity                 | -0.00272    |
|    jump_landing                   | 0           |
|    jump_success                   | 0           |
|    non_foot_collision             | 0           |
|    posture                        | -0.0626     |
|    rapid_source_action_saturation | -0.0261     |
|    source_action_saturation       | -0.0261     |
|    static_contact_course          | 0           |
|    support_gap                    | -0.0375     |
|    torque                         | -0.00687    |
|    true_four_foot_contact         | 0           |
|    zero_velocity                  | -0.00281    |
|    zero_yaw_rate                  | -0.0157     |
| rollout/                          |             |
|    ep_rew_mean                    | 2.52e+03    |
|    true_four_contact_ratio        | 0.0112      |
| termination_reason/               |             |
|    body_contact                   | 0           |
|    controller_done                | 0           |
|    height                         | 0           |
|    joint_limit                    | 0           |
|    none                           | 0           |
|    tilt                           | 0           |
|    time_limit                     | 4           |
|    unknown                        | 0           |
|    unsupported                    | 0           |
|    workspace                      | 0           |
| time/                             |             |
|    fps                            | 329         |
|    iterations                     | 116         |
|    time_elapsed                   | 721         |
|    total_timesteps                | 237568      |
| train/                            |             |
|    approx_kl                      | 0.004875682 |
|    clip_fraction                  | 0.0125      |
|    clip_range                     | 0.2         |
|    entropy_loss                   | -9.73       |
|    explained_variance             | 0.946       |
|    loss                           | 72.9        |
|    n_updates                      | 575         |
|    policy_gradient_loss           | -0.00523    |
|    std                            | 0.55        |
|    value_loss                     | 231         |
---------------------------------------------------
TRAIN_PROGRESS total_timesteps=237824
TRAIN_PROGRESS total_timesteps=238080
TRAIN_PROGRESS total_timesteps=238336
TRAIN_PROGRESS total_timesteps=238592
TRAIN_PROGRESS total_timesteps=238848
TRAIN_PROGRESS total_timesteps=239104
TRAIN_PROGRESS total_timesteps=239360
TRAIN_PROGRESS total_timesteps=239616
---------------------------------------------------
| rapid/                            |             |
|    action_saturation_rate         | 0.188       |
|    actor_lr                       | 1e-05       |
|    adaptation_lr                  | 0           |
|    critic_lr                      | 0.0001      |
|    source_action_abs_mean         | 1.14        |
|    speed_progress_mean            | 0.834       |
| reward/                           |             |
|    transition_mean                | 0.292       |
| reward_parts/                     |             |
|    action_rate                    | -0.00354    |
|    alive                          | 0.5         |
|    command_displacement_progress  | -1.18       |
|    command_speed_progress         | 0.216       |
|    command_tracking               | -0.145      |
|    default_pose                   | -0.0602     |
|    distance                       | -0.0496     |
|    fall                           | 0           |
|    feet_air_time                  | 0           |
|    finetune_moving_contact        | 1.25        |
|    foot_slip                      | -0.0217     |
|    gait                           | 0           |
|    height                         | -0.00235    |
|    horizontal_angular_velocity    | -0.116      |
|    joint_jitter                   | -0.0146     |
|    joint_velocity                 | -0.00203    |
|    jump_landing                   | 0           |
|    jump_success                   | 0           |
|    non_foot_collision             | 0           |
|    posture                        | -0.0326     |
|    rapid_source_action_saturation | -0.0204     |
|    source_action_saturation       | -0.0204     |
|    static_contact_course          | 0           |
|    support_gap                    | 0           |
|    torque                         | -0.00194    |
|    true_four_foot_contact         | 0           |
|    zero_velocity                  | 0           |
|    zero_yaw_rate                  | -0.0241     |
| rollout/                          |             |
|    ep_rew_mean                    | 1.43e+03    |
|    true_four_contact_ratio        | 0.00732     |
| termination_reason/               |             |
|    body_contact                   | 0           |
|    controller_done                | 0           |
|    height                         | 0           |
|    joint_limit                    | 0           |
|    none                           | 0           |
|    tilt                           | 0           |
|    time_limit                     | 0           |
|    unknown                        | 0           |
|    unsupported                    | 0           |
|    workspace                      | 0           |
| time/                             |             |
|    fps                            | 328         |
|    iterations                     | 117         |
|    time_elapsed                   | 728         |
|    total_timesteps                | 239616      |
| train/                            |             |
|    approx_kl                      | 0.007959046 |
|    clip_fraction                  | 0.0332      |
|    clip_range                     | 0.2         |
|    entropy_loss                   | -9.73       |
|    explained_variance             | 0.954       |
|    loss                           | 93.4        |
|    n_updates                      | 580         |
|    policy_gradient_loss           | -0.0048     |
|    std                            | 0.55        |
|    value_loss                     | 294         |
---------------------------------------------------
TRAIN_PROGRESS total_timesteps=239872
CHECKPOINT /run/media/pma213x/0C6A8CC86A8CAFCE/Ubuntu2/CodeU/Dog1/official-mini-cheetah/checkpoints/official_mini_cheetah_flat_jump_v1_r3/rapid_finetune_500k_20261006/official_mini_cheetah_flat_jump_v1_r3_240000_steps.zip
TRAIN_PROGRESS total_timesteps=240128
TRAIN_PROGRESS total_timesteps=240384
TRAIN_PROGRESS total_timesteps=240640
TRAIN_PROGRESS total_timesteps=240896
TRAIN_PROGRESS total_timesteps=241152
TRAIN_PROGRESS total_timesteps=241408
TRAIN_PROGRESS total_timesteps=241664
----------------------------------------------------
| rapid/                            |              |
|    action_saturation_rate         | 0.188        |
|    actor_lr                       | 1e-05        |
|    adaptation_lr                  | 0            |
|    critic_lr                      | 0.0001       |
|    source_action_abs_mean         | 1.13         |
|    speed_progress_mean            | 0.836        |
| reward/                           |              |
|    transition_mean                | 2.04         |
| reward_parts/                     |              |
|    action_rate                    | -0.00351     |
|    alive                          | 0.5          |
|    command_displacement_progress  | 0.0543       |
|    command_speed_progress         | 0.468        |
|    command_tracking               | -0.0874      |
|    default_pose                   | -0.0541      |
|    distance                       | 0.0178       |
|    fall                           | 0            |
|    feet_air_time                  | 0            |
|    finetune_moving_contact        | 1.38         |
|    foot_slip                      | -0.0819      |
|    gait                           | 0            |
|    height                         | -0.000382    |
|    horizontal_angular_velocity    | -0.0284      |
|    joint_jitter                   | -0.0127      |
|    joint_velocity                 | -0.00277     |
|    jump_landing                   | 0            |
|    jump_success                   | 0            |
|    non_foot_collision             | 0            |
|    posture                        | -0.0701      |
|    rapid_source_action_saturation | -0.0143      |
|    source_action_saturation       | -0.0143      |
|    static_contact_course          | 0            |
|    support_gap                    | 0            |
|    torque                         | -0.00316     |
|    true_four_foot_contact         | 0            |
|    zero_velocity                  | 0            |
|    zero_yaw_rate                  | -0.0161      |
| rollout/                          |              |
|    ep_rew_mean                    | 2.69e+03     |
|    true_four_contact_ratio        | 0.0151       |
| termination_reason/               |              |
|    body_contact                   | 0            |
|    controller_done                | 0            |
|    height                         | 0            |
|    joint_limit                    | 0            |
|    none                           | 0            |
|    tilt                           | 0            |
|    time_limit                     | 4            |
|    unknown                        | 0            |
|    unsupported                    | 0            |
|    workspace                      | 0            |
| time/                             |              |
|    fps                            | 328          |
|    iterations                     | 118          |
|    time_elapsed                   | 735          |
|    total_timesteps                | 241664       |
| train/                            |              |
|    approx_kl                      | 0.0073225885 |
|    clip_fraction                  | 0.033        |
|    clip_range                     | 0.2          |
|    entropy_loss                   | -9.73        |
|    explained_variance             | 0.95         |
|    loss                           | 46.6         |
|    n_updates                      | 585          |
|    policy_gradient_loss           | -0.00404     |
|    std                            | 0.55         |
|    value_loss                     | 163          |
----------------------------------------------------
TRAIN_PROGRESS total_timesteps=241920
TRAIN_PROGRESS total_timesteps=242176
TRAIN_PROGRESS total_timesteps=242432
TRAIN_PROGRESS total_timesteps=242688
TRAIN_PROGRESS total_timesteps=242944
TRAIN_PROGRESS total_timesteps=243200
TRAIN_PROGRESS total_timesteps=243456
TRAIN_PROGRESS total_timesteps=243712
---------------------------------------------------
| rapid/                            |             |
|    action_saturation_rate         | 0.146       |
|    actor_lr                       | 1e-05       |
|    adaptation_lr                  | 0           |
|    critic_lr                      | 0.0001      |
|    source_action_abs_mean         | 1.23        |
|    speed_progress_mean            | 0.837       |
| reward/                           |             |
|    transition_mean                | 1.17        |
| reward_parts/                     |             |
|    action_rate                    | -0.00336    |
|    alive                          | 0.5         |
|    command_displacement_progress  | -0.151      |
|    command_speed_progress         | 0.385       |
|    command_tracking               | -0.147      |
|    default_pose                   | -0.0571     |
|    distance                       | -0.00769    |
|    fall                           | 0           |
|    feet_air_time                  | 0           |
|    finetune_moving_contact        | 1           |
|    foot_slip                      | -0.00818    |
|    gait                           | 0           |
|    height                         | -0.00204    |
|    horizontal_angular_velocity    | -0.23       |
|    joint_jitter                   | -0.00512    |
|    joint_velocity                 | -0.00217    |
|    jump_landing                   | 0           |
|    jump_success                   | 0           |
|    non_foot_collision             | 0           |
|    posture                        | -0.0543     |
|    rapid_source_action_saturation | -0.0284     |
|    source_action_saturation       | -0.0284     |
|    static_contact_course          | 0           |
|    support_gap                    | 0           |
|    torque                         | -0.00294    |
|    true_four_foot_contact         | 0           |
|    zero_velocity                  | 0           |
|    zero_yaw_rate                  | -0.0178     |
| rollout/                          |             |
|    ep_rew_mean                    | 1.7e+03     |
|    true_four_contact_ratio        | 0.00732     |
| termination_reason/               |             |
|    body_contact                   | 0           |
|    controller_done                | 0           |
|    height                         | 0           |
|    joint_limit                    | 0           |
|    none                           | 0           |
|    tilt                           | 0           |
|    time_limit                     | 0           |
|    unknown                        | 0           |
|    unsupported                    | 0           |
|    workspace                      | 0           |
| time/                             |             |
|    fps                            | 327         |
|    iterations                     | 119         |
|    time_elapsed                   | 743         |
|    total_timesteps                | 243712      |
| train/                            |             |
|    approx_kl                      | 0.009012962 |
|    clip_fraction                  | 0.0601      |
|    clip_range                     | 0.2         |
|    entropy_loss                   | -9.73       |
|    explained_variance             | 0.607       |
|    loss                           | 34.8        |
|    n_updates                      | 590         |
|    policy_gradient_loss           | -0.00835    |
|    std                            | 0.55        |
|    value_loss                     | 93          |
---------------------------------------------------
TRAIN_PROGRESS total_timesteps=243968
TRAIN_PROGRESS total_timesteps=244224
TRAIN_PROGRESS total_timesteps=244480
TRAIN_PROGRESS total_timesteps=244736
TRAIN_PROGRESS total_timesteps=244992
TRAIN_PROGRESS total_timesteps=245248
TRAIN_PROGRESS total_timesteps=245504
TRAIN_PROGRESS total_timesteps=245760
---------------------------------------------------
| rapid/                            |             |
|    action_saturation_rate         | 0.208       |
|    actor_lr                       | 1e-05       |
|    adaptation_lr                  | 0           |
|    critic_lr                      | 0.0001      |
|    source_action_abs_mean         | 1.4         |
|    speed_progress_mean            | 0.837       |
| reward/                           |             |
|    transition_mean                | 1           |
| reward_parts/                     |             |
|    action_rate                    | -0.00317    |
|    alive                          | 0.5         |
|    command_displacement_progress  | -0.25       |
|    command_speed_progress         | 0.375       |
|    command_tracking               | -0.106      |
|    default_pose                   | -0.0407     |
|    distance                       | -0.00171    |
|    fall                           | 0           |
|    feet_air_time                  | 0           |
|    finetune_moving_contact        | 0.875       |
|    foot_slip                      | -0.0435     |
|    gait                           | -0.0125     |
|    height                         | -0.000694   |
|    horizontal_angular_velocity    | -0.108      |
|    joint_jitter                   | -0.00512    |
|    joint_velocity                 | -0.0025     |
|    jump_landing                   | 0           |
|    jump_success                   | 0           |
|    non_foot_collision             | 0           |
|    posture                        | -0.0317     |
|    rapid_source_action_saturation | -0.0489     |
|    source_action_saturation       | -0.0489     |
|    static_contact_course          | 0           |
|    support_gap                    | -0.075      |
|    torque                         | -0.00337    |
|    true_four_foot_contact         | 0           |
|    zero_velocity                  | -0.000348   |
|    zero_yaw_rate                  | -0.0117     |
| rollout/                          |             |
|    ep_rew_mean                    | 2.5e+03     |
|    true_four_contact_ratio        | 0.00781     |
| termination_reason/               |             |
|    body_contact                   | 0           |
|    controller_done                | 0           |
|    height                         | 0           |
|    joint_limit                    | 0           |
|    none                           | 0           |
|    tilt                           | 0           |
|    time_limit                     | 4           |
|    unknown                        | 0           |
|    unsupported                    | 0           |
|    workspace                      | 0           |
| time/                             |             |
|    fps                            | 327         |
|    iterations                     | 120         |
|    time_elapsed                   | 750         |
|    total_timesteps                | 245760      |
| train/                            |             |
|    approx_kl                      | 0.007517022 |
|    clip_fraction                  | 0.162       |
|    clip_range                     | 0.2         |
|    entropy_loss                   | -9.73       |
|    explained_variance             | 0.557       |
|    loss                           | 25.4        |
|    n_updates                      | 595         |
|    policy_gradient_loss           | -0.0107     |
|    std                            | 0.55        |
|    value_loss                     | 55          |
---------------------------------------------------
TRAIN_PROGRESS total_timesteps=246016
TRAIN_PROGRESS total_timesteps=246272
TRAIN_PROGRESS total_timesteps=246528
TRAIN_PROGRESS total_timesteps=246784
TRAIN_PROGRESS total_timesteps=247040
TRAIN_PROGRESS total_timesteps=247296
TRAIN_PROGRESS total_timesteps=247552
TRAIN_PROGRESS total_timesteps=247808
----------------------------------------------------
| rapid/                            |              |
|    action_saturation_rate         | 0.146        |
|    actor_lr                       | 1e-05        |
|    adaptation_lr                  | 0            |
|    critic_lr                      | 0.0001       |
|    source_action_abs_mean         | 1.17         |
|    speed_progress_mean            | 0.838        |
| reward/                           |              |
|    transition_mean                | 2.17         |
| reward_parts/                     |              |
|    action_rate                    | -0.00319     |
|    alive                          | 0.5          |
|    command_displacement_progress  | 0.375        |
|    command_speed_progress         | 0.75         |
|    command_tracking               | -0.0744      |
|    default_pose                   | -0.0545      |
|    distance                       | 0.0411       |
|    fall                           | 0            |
|    feet_air_time                  | 0            |
|    finetune_moving_contact        | 0.875        |
|    foot_slip                      | -0.0393      |
|    gait                           | -0.0125      |
|    height                         | -0.00113     |
|    horizontal_angular_velocity    | -0.0306      |
|    joint_jitter                   | -0.00572     |
|    joint_velocity                 | -0.00214     |
|    jump_landing                   | 0            |
|    jump_success                   | 0            |
|    non_foot_collision             | 0            |
|    posture                        | -0.0458      |
|    rapid_source_action_saturation | -0.025       |
|    source_action_saturation       | -0.025       |
|    static_contact_course          | 0            |
|    support_gap                    | -0.0375      |
|    torque                         | -0.00186     |
|    true_four_foot_contact         | 0            |
|    zero_velocity                  | -0.000564    |
|    zero_yaw_rate                  | -0.0412      |
| rollout/                          |              |
|    ep_rew_mean                    | 1.31e+03     |
|    true_four_contact_ratio        | 0.0103       |
| termination_reason/               |              |
|    body_contact                   | 0            |
|    controller_done                | 0            |
|    height                         | 0            |
|    joint_limit                    | 0            |
|    none                           | 0            |
|    tilt                           | 0            |
|    time_limit                     | 0            |
|    unknown                        | 0            |
|    unsupported                    | 0            |
|    workspace                      | 0            |
| time/                             |              |
|    fps                            | 326          |
|    iterations                     | 121          |
|    time_elapsed                   | 757          |
|    total_timesteps                | 247808       |
| train/                            |              |
|    approx_kl                      | 0.0040936857 |
|    clip_fraction                  | 0.0104       |
|    clip_range                     | 0.2          |
|    entropy_loss                   | -9.73        |
|    explained_variance             | 0.914        |
|    loss                           | 193          |
|    n_updates                      | 600          |
|    policy_gradient_loss           | -0.0039      |
|    std                            | 0.55         |
|    value_loss                     | 364          |
----------------------------------------------------
TRAIN_PROGRESS total_timesteps=248064
TRAIN_PROGRESS total_timesteps=248320
TRAIN_PROGRESS total_timesteps=248576
TRAIN_PROGRESS total_timesteps=248832
TRAIN_PROGRESS total_timesteps=249088
TRAIN_PROGRESS total_timesteps=249344
TRAIN_PROGRESS total_timesteps=249600
TRAIN_PROGRESS total_timesteps=249856
---------------------------------------------------
| rapid/                            |             |
|    action_saturation_rate         | 0.146       |
|    actor_lr                       | 1e-05       |
|    adaptation_lr                  | 0           |
|    critic_lr                      | 0.0001      |
|    source_action_abs_mean         | 1.3         |
|    speed_progress_mean            | 0.84        |
| reward/                           |             |
|    transition_mean                | 2.98        |
| reward_parts/                     |             |
|    action_rate                    | -0.0031     |
|    alive                          | 0.5         |
|    command_displacement_progress  | 0.823       |
|    command_speed_progress         | 1.12        |
|    command_tracking               | -0.0639     |
|    default_pose                   | -0.0475     |
|    distance                       | 0.0849      |
|    fall                           | 0           |
|    feet_air_time                  | 0           |
|    finetune_moving_contact        | 0.875       |
|    foot_slip                      | -0.0587     |
|    gait                           | -0.0125     |
|    height                         | -0.000816   |
|    horizontal_angular_velocity    | -0.114      |
|    joint_jitter                   | -0.00223    |
|    joint_velocity                 | -0.00303    |
|    jump_landing                   | 0           |
|    jump_success                   | 0           |
|    non_foot_collision             | 0           |
|    posture                        | -0.044      |
|    rapid_source_action_saturation | -0.0176     |
|    source_action_saturation       | -0.0176     |
|    static_contact_course          | 0           |
|    support_gap                    | -0.0375     |
|    torque                         | -0.00338    |
|    true_four_foot_contact         | 0           |
|    zero_velocity                  | -0.00345    |
|    zero_yaw_rate                  | -0.021      |
| rollout/                          |             |
|    ep_rew_mean                    | 2.32e+03    |
|    true_four_contact_ratio        | 0.0122      |
| termination_reason/               |             |
|    body_contact                   | 0           |
|    controller_done                | 0           |
|    height                         | 0           |
|    joint_limit                    | 0           |
|    none                           | 0           |
|    tilt                           | 0           |
|    time_limit                     | 4           |
|    unknown                        | 0           |
|    unsupported                    | 0           |
|    workspace                      | 0           |
| time/                             |             |
|    fps                            | 326         |
|    iterations                     | 122         |
|    time_elapsed                   | 765         |
|    total_timesteps                | 249856      |
| train/                            |             |
|    approx_kl                      | 0.007095456 |
|    clip_fraction                  | 0.0316      |
|    clip_range                     | 0.2         |
|    entropy_loss                   | -9.73       |
|    explained_variance             | 0.894       |
|    loss                           | 268         |
|    n_updates                      | 605         |
|    policy_gradient_loss           | -0.00605    |
|    std                            | 0.55        |
|    value_loss                     | 580         |
---------------------------------------------------
TRAIN_PROGRESS total_timesteps=250112
TRAIN_PROGRESS total_timesteps=250368
TRAIN_PROGRESS total_timesteps=250624
TRAIN_PROGRESS total_timesteps=250880
TRAIN_PROGRESS total_timesteps=251136
TRAIN_PROGRESS total_timesteps=251392
TRAIN_PROGRESS total_timesteps=251648
TRAIN_PROGRESS total_timesteps=251904
----------------------------------------------------
| rapid/                            |              |
|    action_saturation_rate         | 0.104        |
|    actor_lr                       | 1e-05        |
|    adaptation_lr                  | 0            |
|    critic_lr                      | 0.0001       |
|    source_action_abs_mean         | 1.38         |
|    speed_progress_mean            | 0.841        |
| reward/                           |              |
|    transition_mean                | 2.23         |
| reward_parts/                     |              |
|    action_rate                    | -0.00353     |
|    alive                          | 0.5          |
|    command_displacement_progress  | 0.2          |
|    command_speed_progress         | 0.75         |
|    command_tracking               | -0.0965      |
|    default_pose                   | -0.0628      |
|    distance                       | 0.0387       |
|    fall                           | 0            |
|    feet_air_time                  | 0            |
|    finetune_moving_contact        | 1.12         |
|    foot_slip                      | -0.0113      |
|    gait                           | 0            |
|    height                         | -0.000892    |
|    horizontal_angular_velocity    | -0.0634      |
|    joint_jitter                   | -0.00468     |
|    joint_velocity                 | -0.00239     |
|    jump_landing                   | 0            |
|    jump_success                   | 0            |
|    non_foot_collision             | 0            |
|    posture                        | -0.0793      |
|    rapid_source_action_saturation | -0.0216      |
|    source_action_saturation       | -0.0216      |
|    static_contact_course          | 0            |
|    support_gap                    | 0            |
|    torque                         | -0.00182     |
|    true_four_foot_contact         | 0            |
|    zero_velocity                  | 0            |
|    zero_yaw_rate                  | -0.0375      |
| rollout/                          |              |
|    ep_rew_mean                    | 1.72e+03     |
|    true_four_contact_ratio        | 0.00977      |
| termination_reason/               |              |
|    body_contact                   | 0            |
|    controller_done                | 0            |
|    height                         | 0            |
|    joint_limit                    | 0            |
|    none                           | 0            |
|    tilt                           | 0            |
|    time_limit                     | 0            |
|    unknown                        | 0            |
|    unsupported                    | 0            |
|    workspace                      | 0            |
| time/                             |              |
|    fps                            | 325          |
|    iterations                     | 123          |
|    time_elapsed                   | 772          |
|    total_timesteps                | 251904       |
| train/                            |              |
|    approx_kl                      | 0.0073309555 |
|    clip_fraction                  | 0.029        |
|    clip_range                     | 0.2          |
|    entropy_loss                   | -9.73        |
|    explained_variance             | 0.951        |
|    loss                           | 73.5         |
|    n_updates                      | 610          |
|    policy_gradient_loss           | -0.00565     |
|    std                            | 0.55         |
|    value_loss                     | 182          |
----------------------------------------------------
TRAIN_PROGRESS total_timesteps=252160
TRAIN_PROGRESS total_timesteps=252416
TRAIN_PROGRESS total_timesteps=252672
TRAIN_PROGRESS total_timesteps=252928
TRAIN_PROGRESS total_timesteps=253184
TRAIN_PROGRESS total_timesteps=253440
TRAIN_PROGRESS total_timesteps=253696
TRAIN_PROGRESS total_timesteps=253952
---------------------------------------------------
| rapid/                            |             |
|    action_saturation_rate         | 0.167       |
|    actor_lr                       | 1e-05       |
|    adaptation_lr                  | 0           |
|    critic_lr                      | 0.0001      |
|    source_action_abs_mean         | 1.35        |
|    speed_progress_mean            | 0.842       |
| reward/                           |             |
|    transition_mean                | 0.983       |
| reward_parts/                     |             |
|    action_rate                    | -0.00337    |
|    alive                          | 0.5         |
|    command_displacement_progress  | -0.17       |
|    command_speed_progress         | 0.189       |
|    command_tracking               | -0.109      |
|    default_pose                   | -0.06       |
|    distance                       | -0.00982    |
|    fall                           | 0           |
|    feet_air_time                  | 0           |
|    finetune_moving_contact        | 1           |
|    foot_slip                      | -0.059      |
|    gait                           | -0.0125     |
|    height                         | -0.000289   |
|    horizontal_angular_velocity    | -0.0643     |
|    joint_jitter                   | -0.00657    |
|    joint_velocity                 | -0.00215    |
|    jump_landing                   | 0           |
|    jump_success                   | 0           |
|    non_foot_collision             | 0           |
|    posture                        | -0.0605     |
|    rapid_source_action_saturation | -0.0218     |
|    source_action_saturation       | -0.0218     |
|    static_contact_course          | 0           |
|    support_gap                    | -0.075      |
|    torque                         | -0.00235    |
|    true_four_foot_contact         | 0           |
|    zero_velocity                  | -0.00318    |
|    zero_yaw_rate                  | -0.0457     |
| rollout/                          |             |
|    ep_rew_mean                    | 2.34e+03    |
|    true_four_contact_ratio        | 0.00879     |
| termination_reason/               |             |
|    body_contact                   | 0           |
|    controller_done                | 0           |
|    height                         | 0           |
|    joint_limit                    | 0           |
|    none                           | 0           |
|    tilt                           | 0           |
|    time_limit                     | 4           |
|    unknown                        | 0           |
|    unsupported                    | 0           |
|    workspace                      | 0           |
| time/                             |             |
|    fps                            | 325         |
|    iterations                     | 124         |
|    time_elapsed                   | 780         |
|    total_timesteps                | 253952      |
| train/                            |             |
|    approx_kl                      | 0.009459585 |
|    clip_fraction                  | 0.0423      |
|    clip_range                     | 0.2         |
|    entropy_loss                   | -9.73       |
|    explained_variance             | 0.895       |
|    loss                           | 65.3        |
|    n_updates                      | 615         |
|    policy_gradient_loss           | -0.00646    |
|    std                            | 0.55        |
|    value_loss                     | 168         |
---------------------------------------------------
TRAIN_PROGRESS total_timesteps=254208
TRAIN_PROGRESS total_timesteps=254464
TRAIN_PROGRESS total_timesteps=254720
TRAIN_PROGRESS total_timesteps=254976
TRAIN_PROGRESS total_timesteps=255232
TRAIN_PROGRESS total_timesteps=255488
TRAIN_PROGRESS total_timesteps=255744
TRAIN_PROGRESS total_timesteps=256000
---------------------------------------------------
| rapid/                            |             |
|    action_saturation_rate         | 0.146       |
|    actor_lr                       | 1e-05       |
|    adaptation_lr                  | 0           |
|    critic_lr                      | 0.0001      |
|    source_action_abs_mean         | 1.26        |
|    speed_progress_mean            | 0.842       |
| reward/                           |             |
|    transition_mean                | 1.41        |
| reward_parts/                     |             |
|    action_rate                    | -0.00322    |
|    alive                          | 0.5         |
|    command_displacement_progress  | 0.0436      |
|    command_speed_progress         | 0.446       |
|    command_tracking               | -0.101      |
|    default_pose                   | -0.0582     |
|    distance                       | -0.00504    |
|    fall                           | 0           |
|    feet_air_time                  | 0           |
|    finetune_moving_contact        | 0.875       |
|    foot_slip                      | -0.0339     |
|    gait                           | -0.0125     |
|    height                         | -0.00133    |
|    horizontal_angular_velocity    | -0.0419     |
|    joint_jitter                   | -0.0057     |
|    joint_velocity                 | -0.0025     |
|    jump_landing                   | 0           |
|    jump_success                   | 0           |
|    non_foot_collision             | 0           |
|    posture                        | -0.0604     |
|    rapid_source_action_saturation | -0.0258     |
|    source_action_saturation       | -0.0258     |
|    static_contact_course          | 0           |
|    support_gap                    | -0.075      |
|    torque                         | -0.00175    |
|    true_four_foot_contact         | 0           |
|    zero_velocity                  | -0.00243    |
|    zero_yaw_rate                  | -0.0207     |
| rollout/                          |             |
|    ep_rew_mean                    | 1.38e+03    |
|    true_four_contact_ratio        | 0.00977     |
| termination_reason/               |             |
|    body_contact                   | 0           |
|    controller_done                | 0           |
|    height                         | 0           |
|    joint_limit                    | 0           |
|    none                           | 0           |
|    tilt                           | 0           |
|    time_limit                     | 0           |
|    unknown                        | 0           |
|    unsupported                    | 0           |
|    workspace                      | 0           |
| time/                             |             |
|    fps                            | 324         |
|    iterations                     | 125         |
|    time_elapsed                   | 787         |
|    total_timesteps                | 256000      |
| train/                            |             |
|    approx_kl                      | 0.004080182 |
|    clip_fraction                  | 0.00771     |
|    clip_range                     | 0.2         |
|    entropy_loss                   | -9.73       |
|    explained_variance             | 0.945       |
|    loss                           | 113         |
|    n_updates                      | 620         |
|    policy_gradient_loss           | -0.00461    |
|    std                            | 0.55        |
|    value_loss                     | 399         |
---------------------------------------------------
TRAIN_PROGRESS total_timesteps=256256
TRAIN_PROGRESS total_timesteps=256512
TRAIN_PROGRESS total_timesteps=256768
TRAIN_PROGRESS total_timesteps=257024
TRAIN_PROGRESS total_timesteps=257280
TRAIN_PROGRESS total_timesteps=257536
TRAIN_PROGRESS total_timesteps=257792
TRAIN_PROGRESS total_timesteps=258048
----------------------------------------------------
| rapid/                            |              |
|    action_saturation_rate         | 0.146        |
|    actor_lr                       | 1e-05        |
|    adaptation_lr                  | 0            |
|    critic_lr                      | 0.0001       |
|    source_action_abs_mean         | 1.22         |
|    speed_progress_mean            | 0.843        |
| reward/                           |              |
|    transition_mean                | -0.0346      |
| reward_parts/                     |              |
|    action_rate                    | -0.00322     |
|    alive                          | 0.5          |
|    command_displacement_progress  | -0.835       |
|    command_speed_progress         | 0            |
|    command_tracking               | -0.161       |
|    default_pose                   | -0.0582      |
|    distance                       | -0.0504      |
|    fall                           | 0            |
|    feet_air_time                  | 0            |
|    finetune_moving_contact        | 1            |
|    foot_slip                      | -0.0557      |
|    gait                           | -0.0125      |
|    height                         | -0.00102     |
|    horizontal_angular_velocity    | -0.137       |
|    joint_jitter                   | -0.0237      |
|    joint_velocity                 | -0.00204     |
|    jump_landing                   | 0            |
|    jump_success                   | 0            |
|    non_foot_collision             | 0            |
|    posture                        | -0.06        |
|    rapid_source_action_saturation | -0.0225      |
|    source_action_saturation       | -0.0225      |
|    static_contact_course          | 0            |
|    support_gap                    | -0.075       |
|    torque                         | -0.00328     |
|    true_four_foot_contact         | 0            |
|    zero_velocity                  | -0.00377     |
|    zero_yaw_rate                  | -0.0303      |
| rollout/                          |              |
|    ep_rew_mean                    | 2.11e+03     |
|    true_four_contact_ratio        | 0.00977      |
| termination_reason/               |              |
|    body_contact                   | 0            |
|    controller_done                | 0            |
|    height                         | 0            |
|    joint_limit                    | 0            |
|    none                           | 0            |
|    tilt                           | 0            |
|    time_limit                     | 4            |
|    unknown                        | 0            |
|    unsupported                    | 0            |
|    workspace                      | 0            |
| time/                             |              |
|    fps                            | 324          |
|    iterations                     | 126          |
|    time_elapsed                   | 795          |
|    total_timesteps                | 258048       |
| train/                            |              |
|    approx_kl                      | 0.0039682835 |
|    clip_fraction                  | 0.00742      |
|    clip_range                     | 0.2          |
|    entropy_loss                   | -9.73        |
|    explained_variance             | 0.891        |
|    loss                           | 305          |
|    n_updates                      | 625          |
|    policy_gradient_loss           | -0.00445     |
|    std                            | 0.55         |
|    value_loss                     | 742          |
----------------------------------------------------
TRAIN_PROGRESS total_timesteps=258304
TRAIN_PROGRESS total_timesteps=258560
TRAIN_PROGRESS total_timesteps=258816
TRAIN_PROGRESS total_timesteps=259072
TRAIN_PROGRESS total_timesteps=259328
TRAIN_PROGRESS total_timesteps=259584
TRAIN_PROGRESS total_timesteps=259840
CHECKPOINT /run/media/pma213x/0C6A8CC86A8CAFCE/Ubuntu2/CodeU/Dog1/official-mini-cheetah/checkpoints/official_mini_cheetah_flat_jump_v1_r3/rapid_finetune_500k_20261006/official_mini_cheetah_flat_jump_v1_r3_260000_steps.zip
TRAIN_PROGRESS total_timesteps=260096
----------------------------------------------------
| rapid/                            |              |
|    action_saturation_rate         | 0.167        |
|    actor_lr                       | 1e-05        |
|    adaptation_lr                  | 0            |
|    critic_lr                      | 0.0001       |
|    source_action_abs_mean         | 1.27         |
|    speed_progress_mean            | 0.844        |
| reward/                           |              |
|    transition_mean                | 3.56         |
| reward_parts/                     |              |
|    action_rate                    | -0.00324     |
|    alive                          | 0.5          |
|    command_displacement_progress  | 1.05         |
|    command_speed_progress         | 1.12         |
|    command_tracking               | -0.0499      |
|    default_pose                   | -0.0606      |
|    distance                       | 0.0766       |
|    fall                           | 0            |
|    feet_air_time                  | 0            |
|    finetune_moving_contact        | 1.12         |
|    foot_slip                      | -0.0259      |
|    gait                           | 0            |
|    height                         | -0.00052     |
|    horizontal_angular_velocity    | -0.0349      |
|    joint_jitter                   | -0.00649     |
|    joint_velocity                 | -0.00236     |
|    jump_landing                   | 0            |
|    jump_success                   | 0            |
|    non_foot_collision             | 0            |
|    posture                        | -0.0853      |
|    rapid_source_action_saturation | -0.0321      |
|    source_action_saturation       | -0.0321      |
|    static_contact_course          | 0            |
|    support_gap                    | 0            |
|    torque                         | -0.00196     |
|    true_four_foot_contact         | 0            |
|    zero_velocity                  | 0            |
|    zero_yaw_rate                  | -0.00852     |
| rollout/                          |              |
|    ep_rew_mean                    | 1.78e+03     |
|    true_four_contact_ratio        | 0.0127       |
| termination_reason/               |              |
|    body_contact                   | 0            |
|    controller_done                | 0            |
|    height                         | 0            |
|    joint_limit                    | 0            |
|    none                           | 0            |
|    tilt                           | 0            |
|    time_limit                     | 0            |
|    unknown                        | 0            |
|    unsupported                    | 0            |
|    workspace                      | 0            |
| time/                             |              |
|    fps                            | 323          |
|    iterations                     | 127          |
|    time_elapsed                   | 803          |
|    total_timesteps                | 260096       |
| train/                            |              |
|    approx_kl                      | 0.0078388415 |
|    clip_fraction                  | 0.0337       |
|    clip_range                     | 0.2          |
|    entropy_loss                   | -9.73        |
|    explained_variance             | 0.949        |
|    loss                           | 160          |
|    n_updates                      | 630          |
|    policy_gradient_loss           | -0.00715     |
|    std                            | 0.55         |
|    value_loss                     | 350          |
----------------------------------------------------
TRAIN_PROGRESS total_timesteps=260352
TRAIN_PROGRESS total_timesteps=260608
TRAIN_PROGRESS total_timesteps=260864
TRAIN_PROGRESS total_timesteps=261120
TRAIN_PROGRESS total_timesteps=261376
TRAIN_PROGRESS total_timesteps=261632
TRAIN_PROGRESS total_timesteps=261888
TRAIN_PROGRESS total_timesteps=262144
---------------------------------------------------
| rapid/                            |             |
|    action_saturation_rate         | 0.146       |
|    actor_lr                       | 1e-05       |
|    adaptation_lr                  | 0           |
|    critic_lr                      | 0.0001      |
|    source_action_abs_mean         | 1.3         |
|    speed_progress_mean            | 0.845       |
| reward/                           |             |
|    transition_mean                | 2.87        |
| reward_parts/                     |             |
|    action_rate                    | -0.0034     |
|    alive                          | 0.5         |
|    command_displacement_progress  | 1.12        |
|    command_speed_progress         | 0.973       |
|    command_tracking               | -0.0839     |
|    default_pose                   | -0.0503     |
|    distance                       | 0.0577      |
|    fall                           | 0           |
|    feet_air_time                  | 0           |
|    finetune_moving_contact        | 0.75        |
|    foot_slip                      | -0.0273     |
|    gait                           | -0.0125     |
|    height                         | -0.00184    |
|    horizontal_angular_velocity    | -0.186      |
|    joint_jitter                   | -0.015      |
|    joint_velocity                 | -0.00197    |
|    jump_landing                   | 0           |
|    jump_success                   | 0           |
|    non_foot_collision             | 0           |
|    posture                        | -0.0327     |
|    rapid_source_action_saturation | -0.0303     |
|    source_action_saturation       | -0.0303     |
|    static_contact_course          | 0           |
|    support_gap                    | -0.075      |
|    torque                         | -0.00337    |
|    true_four_foot_contact         | 0           |
|    zero_velocity                  | -0.00127    |
|    zero_yaw_rate                  | -0.0102     |
| rollout/                          |             |
|    ep_rew_mean                    | 2.73e+03    |
|    true_four_contact_ratio        | 0.00732     |
| termination_reason/               |             |
|    body_contact                   | 0           |
|    controller_done                | 0           |
|    height                         | 0           |
|    joint_limit                    | 0           |
|    none                           | 0           |
|    tilt                           | 0           |
|    time_limit                     | 4           |
|    unknown                        | 0           |
|    unsupported                    | 0           |
|    workspace                      | 0           |
| time/                             |             |
|    fps                            | 323         |
|    iterations                     | 128         |
|    time_elapsed                   | 810         |
|    total_timesteps                | 262144      |
| train/                            |             |
|    approx_kl                      | 0.007219312 |
|    clip_fraction                  | 0.0266      |
|    clip_range                     | 0.2         |
|    entropy_loss                   | -9.73       |
|    explained_variance             | 0.797       |
|    loss                           | 49.1        |
|    n_updates                      | 635         |
|    policy_gradient_loss           | -0.00461    |
|    std                            | 0.55        |
|    value_loss                     | 172         |
---------------------------------------------------
TRAIN_PROGRESS total_timesteps=262400
TRAIN_PROGRESS total_timesteps=262656
TRAIN_PROGRESS total_timesteps=262912
TRAIN_PROGRESS total_timesteps=263168
TRAIN_PROGRESS total_timesteps=263424
TRAIN_PROGRESS total_timesteps=263680
TRAIN_PROGRESS total_timesteps=263936
TRAIN_PROGRESS total_timesteps=264192
---------------------------------------------------
| rapid/                            |             |
|    action_saturation_rate         | 0.208       |
|    actor_lr                       | 1e-05       |
|    adaptation_lr                  | 0           |
|    critic_lr                      | 0.0001      |
|    source_action_abs_mean         | 1.21        |
|    speed_progress_mean            | 0.846       |
| reward/                           |             |
|    transition_mean                | 1.09        |
| reward_parts/                     |             |
|    action_rate                    | -0.00298    |
|    alive                          | 0.5         |
|    command_displacement_progress  | 0.0677      |
|    command_speed_progress         | 0.375       |
|    command_tracking               | -0.0528     |
|    default_pose                   | -0.0701     |
|    distance                       | 0.0183      |
|    fall                           | 0           |
|    feet_air_time                  | 0           |
|    finetune_moving_contact        | 0.625       |
|    foot_slip                      | -0.0169     |
|    gait                           | -0.025      |
|    height                         | -0.00199    |
|    horizontal_angular_velocity    | -0.0524     |
|    joint_jitter                   | -0.00666    |
|    joint_velocity                 | -0.00205    |
|    jump_landing                   | 0           |
|    jump_success                   | 0           |
|    non_foot_collision             | 0           |
|    posture                        | -0.0764     |
|    rapid_source_action_saturation | -0.0176     |
|    source_action_saturation       | -0.0176     |
|    static_contact_course          | 0           |
|    support_gap                    | -0.15       |
|    torque                         | -0.00248    |
|    true_four_foot_contact         | 0           |
|    zero_velocity                  | -0.0015     |
|    zero_yaw_rate                  | -0.0154     |
| rollout/                          |             |
|    ep_rew_mean                    | 1.35e+03    |
|    true_four_contact_ratio        | 0.00928     |
| termination_reason/               |             |
|    body_contact                   | 0           |
|    controller_done                | 0           |
|    height                         | 0           |
|    joint_limit                    | 0           |
|    none                           | 0           |
|    tilt                           | 0           |
|    time_limit                     | 0           |
|    unknown                        | 0           |
|    unsupported                    | 0           |
|    workspace                      | 0           |
| time/                             |             |
|    fps                            | 322         |
|    iterations                     | 129         |
|    time_elapsed                   | 818         |
|    total_timesteps                | 264192      |
| train/                            |             |
|    approx_kl                      | 0.010442931 |
|    clip_fraction                  | 0.0646      |
|    clip_range                     | 0.2         |
|    entropy_loss                   | -9.73       |
|    explained_variance             | 0.974       |
|    loss                           | 35          |
|    n_updates                      | 640         |
|    policy_gradient_loss           | -0.00965    |
|    std                            | 0.55        |
|    value_loss                     | 83.6        |
---------------------------------------------------
TRAIN_PROGRESS total_timesteps=264448
TRAIN_PROGRESS total_timesteps=264704
TRAIN_PROGRESS total_timesteps=264960
TRAIN_PROGRESS total_timesteps=265216
TRAIN_PROGRESS total_timesteps=265472
TRAIN_PROGRESS total_timesteps=265728
TRAIN_PROGRESS total_timesteps=265984
TRAIN_PROGRESS total_timesteps=266240
----------------------------------------------------
| rapid/                            |              |
|    action_saturation_rate         | 0.25         |
|    actor_lr                       | 1e-05        |
|    adaptation_lr                  | 0            |
|    critic_lr                      | 0.0001       |
|    source_action_abs_mean         | 1.34         |
|    speed_progress_mean            | 0.847        |
| reward/                           |              |
|    transition_mean                | 1.22         |
| reward_parts/                     |              |
|    action_rate                    | -0.00328     |
|    alive                          | 0.5          |
|    command_displacement_progress  | -0.0292      |
|    command_speed_progress         | 0.375        |
|    command_tracking               | -0.0616      |
|    default_pose                   | -0.0592      |
|    distance                       | 0.00366      |
|    fall                           | 0            |
|    feet_air_time                  | 0            |
|    finetune_moving_contact        | 0.875        |
|    foot_slip                      | -0.0704      |
|    gait                           | -0.0125      |
|    height                         | -0.00132     |
|    horizontal_angular_velocity    | -0.0808      |
|    joint_jitter                   | -0.00481     |
|    joint_velocity                 | -0.00187     |
|    jump_landing                   | 0            |
|    jump_success                   | 0            |
|    non_foot_collision             | 0            |
|    posture                        | -0.0865      |
|    rapid_source_action_saturation | -0.0325      |
|    source_action_saturation       | -0.0325      |
|    static_contact_course          | 0            |
|    support_gap                    | -0.075       |
|    torque                         | -0.00239     |
|    true_four_foot_contact         | 0            |
|    zero_velocity                  | -0.000532    |
|    zero_yaw_rate                  | -0.016       |
| rollout/                          |              |
|    ep_rew_mean                    | 1.75e+03     |
|    true_four_contact_ratio        | 0.00781      |
| termination_reason/               |              |
|    body_contact                   | 0            |
|    controller_done                | 0            |
|    height                         | 0            |
|    joint_limit                    | 0            |
|    none                           | 0            |
|    tilt                           | 0            |
|    time_limit                     | 4            |
|    unknown                        | 0            |
|    unsupported                    | 0            |
|    workspace                      | 0            |
| time/                             |              |
|    fps                            | 322          |
|    iterations                     | 130          |
|    time_elapsed                   | 825          |
|    total_timesteps                | 266240       |
| train/                            |              |
|    approx_kl                      | 0.0033812257 |
|    clip_fraction                  | 0.00566      |
|    clip_range                     | 0.2          |
|    entropy_loss                   | -9.73        |
|    explained_variance             | 0.911        |
|    loss                           | 149          |
|    n_updates                      | 645          |
|    policy_gradient_loss           | -0.00347     |
|    std                            | 0.55         |
|    value_loss                     | 675          |
----------------------------------------------------
TRAIN_PROGRESS total_timesteps=266496
TRAIN_PROGRESS total_timesteps=266752
TRAIN_PROGRESS total_timesteps=267008
TRAIN_PROGRESS total_timesteps=267264
TRAIN_PROGRESS total_timesteps=267520
TRAIN_PROGRESS total_timesteps=267776
TRAIN_PROGRESS total_timesteps=268032
TRAIN_PROGRESS total_timesteps=268288
---------------------------------------------------
| rapid/                            |             |
|    action_saturation_rate         | 0.104       |
|    actor_lr                       | 1e-05       |
|    adaptation_lr                  | 0           |
|    critic_lr                      | 0.0001      |
|    source_action_abs_mean         | 1.11        |
|    speed_progress_mean            | 0.848       |
| reward/                           |             |
|    transition_mean                | 3.37        |
| reward_parts/                     |             |
|    action_rate                    | -0.00342    |
|    alive                          | 0.5         |
|    command_displacement_progress  | 0.75        |
|    command_speed_progress         | 1.12        |
|    command_tracking               | -0.0898     |
|    default_pose                   | -0.0564     |
|    distance                       | 0.0762      |
|    fall                           | 0           |
|    feet_air_time                  | 0           |
|    finetune_moving_contact        | 1.25        |
|    foot_slip                      | -0.0475     |
|    gait                           | 0           |
|    height                         | -0.00068    |
|    horizontal_angular_velocity    | -0.0314     |
|    joint_jitter                   | -0.00463    |
|    joint_velocity                 | -0.0028     |
|    jump_landing                   | 0           |
|    jump_success                   | 0           |
|    non_foot_collision             | 0           |
|    posture                        | -0.0422     |
|    rapid_source_action_saturation | -0.00693    |
|    source_action_saturation       | -0.00693    |
|    static_contact_course          | 0           |
|    support_gap                    | 0           |
|    torque                         | -0.00238    |
|    true_four_foot_contact         | 0           |
|    zero_velocity                  | 0           |
|    zero_yaw_rate                  | -0.0432     |
| rollout/                          |             |
|    ep_rew_mean                    | 1.6e+03     |
|    true_four_contact_ratio        | 0.0083      |
| termination_reason/               |             |
|    body_contact                   | 0           |
|    controller_done                | 0           |
|    height                         | 0           |
|    joint_limit                    | 0           |
|    none                           | 0           |
|    tilt                           | 0           |
|    time_limit                     | 0           |
|    unknown                        | 0           |
|    unsupported                    | 0           |
|    workspace                      | 0           |
| time/                             |             |
|    fps                            | 321         |
|    iterations                     | 131         |
|    time_elapsed                   | 833         |
|    total_timesteps                | 268288      |
| train/                            |             |
|    approx_kl                      | 0.001601599 |
|    clip_fraction                  | 0.000391    |
|    clip_range                     | 0.2         |
|    entropy_loss                   | -9.73       |
|    explained_variance             | 0.941       |
|    loss                           | 464         |
|    n_updates                      | 650         |
|    policy_gradient_loss           | -0.00229    |
|    std                            | 0.55        |
|    value_loss                     | 399         |
---------------------------------------------------
TRAIN_PROGRESS total_timesteps=268544
TRAIN_PROGRESS total_timesteps=268800
TRAIN_PROGRESS total_timesteps=269056
TRAIN_PROGRESS total_timesteps=269312
TRAIN_PROGRESS total_timesteps=269568
TRAIN_PROGRESS total_timesteps=269824
TRAIN_PROGRESS total_timesteps=270080
TRAIN_PROGRESS total_timesteps=270336
---------------------------------------------------
| rapid/                            |             |
|    action_saturation_rate         | 0.146       |
|    actor_lr                       | 1e-05       |
|    adaptation_lr                  | 0           |
|    critic_lr                      | 0.0001      |
|    source_action_abs_mean         | 1.24        |
|    speed_progress_mean            | 0.85        |
| reward/                           |             |
|    transition_mean                | 1.72        |
| reward_parts/                     |             |
|    action_rate                    | -0.003      |
|    alive                          | 0.5         |
|    command_displacement_progress  | -0.346      |
|    command_speed_progress         | 0.75        |
|    command_tracking               | -0.106      |
|    default_pose                   | -0.0506     |
|    distance                       | -0.00242    |
|    fall                           | 0           |
|    feet_air_time                  | 0           |
|    finetune_moving_contact        | 1.25        |
|    foot_slip                      | -0.0903     |
|    gait                           | 0           |
|    height                         | -0.00163    |
|    horizontal_angular_velocity    | -0.0684     |
|    joint_jitter                   | -0.00386    |
|    joint_velocity                 | -0.0027     |
|    jump_landing                   | 0           |
|    jump_success                   | 0           |
|    non_foot_collision             | 0           |
|    posture                        | -0.0582     |
|    rapid_source_action_saturation | -0.026      |
|    source_action_saturation       | -0.026      |
|    static_contact_course          | 0           |
|    support_gap                    | 0           |
|    torque                         | -0.00265    |
|    true_four_foot_contact         | 0           |
|    zero_velocity                  | 0           |
|    zero_yaw_rate                  | -0.0178     |
| rollout/                          |             |
|    ep_rew_mean                    | 1.96e+03    |
|    true_four_contact_ratio        | 0.0166      |
| termination_reason/               |             |
|    body_contact                   | 0           |
|    controller_done                | 0           |
|    height                         | 0           |
|    joint_limit                    | 0           |
|    none                           | 0           |
|    tilt                           | 0           |
|    time_limit                     | 4           |
|    unknown                        | 0           |
|    unsupported                    | 0           |
|    workspace                      | 0           |
| time/                             |             |
|    fps                            | 321         |
|    iterations                     | 132         |
|    time_elapsed                   | 841         |
|    total_timesteps                | 270336      |
| train/                            |             |
|    approx_kl                      | 0.005548874 |
|    clip_fraction                  | 0.0163      |
|    clip_range                     | 0.2         |
|    entropy_loss                   | -9.73       |
|    explained_variance             | 0.936       |
|    loss                           | 303         |
|    n_updates                      | 655         |
|    policy_gradient_loss           | -0.00656    |
|    std                            | 0.55        |
|    value_loss                     | 517         |
---------------------------------------------------
TRAIN_PROGRESS total_timesteps=270592
TRAIN_PROGRESS total_timesteps=270848
TRAIN_PROGRESS total_timesteps=271104
TRAIN_PROGRESS total_timesteps=271360
TRAIN_PROGRESS total_timesteps=271616
TRAIN_PROGRESS total_timesteps=271872
TRAIN_PROGRESS total_timesteps=272128
TRAIN_PROGRESS total_timesteps=272384
---------------------------------------------------
| rapid/                            |             |
|    action_saturation_rate         | 0.229       |
|    actor_lr                       | 1e-05       |
|    adaptation_lr                  | 0           |
|    critic_lr                      | 0.0001      |
|    source_action_abs_mean         | 1.24        |
|    speed_progress_mean            | 0.854       |
| reward/                           |             |
|    transition_mean                | 3.21        |
| reward_parts/                     |             |
|    action_rate                    | -0.00291    |
|    alive                          | 0.5         |
|    command_displacement_progress  | 1.12        |
|    command_speed_progress         | 1.12        |
|    command_tracking               | -0.0801     |
|    default_pose                   | -0.0539     |
|    distance                       | 0.0899      |
|    fall                           | 0           |
|    feet_air_time                  | 0           |
|    finetune_moving_contact        | 0.75        |
|    foot_slip                      | -0.0371     |
|    gait                           | -0.0125     |
|    height                         | -0.000946   |
|    horizontal_angular_velocity    | -0.0502     |
|    joint_jitter                   | -0.011      |
|    joint_velocity                 | -0.00241    |
|    jump_landing                   | 0           |
|    jump_success                   | 0           |
|    non_foot_collision             | 0           |
|    posture                        | -0.0528     |
|    rapid_source_action_saturation | -0.0193     |
|    source_action_saturation       | -0.0193     |
|    static_contact_course          | 0           |
|    support_gap                    | -0.0375     |
|    torque                         | -0.00209    |
|    true_four_foot_contact         | 0           |
|    zero_velocity                  | -0.00207    |
|    zero_yaw_rate                  | -0.0183     |
| rollout/                          |             |
|    ep_rew_mean                    | 2.01e+03    |
|    true_four_contact_ratio        | 0.00781     |
| termination_reason/               |             |
|    body_contact                   | 0           |
|    controller_done                | 0           |
|    height                         | 0           |
|    joint_limit                    | 0           |
|    none                           | 0           |
|    tilt                           | 0           |
|    time_limit                     | 0           |
|    unknown                        | 0           |
|    unsupported                    | 0           |
|    workspace                      | 0           |
| time/                             |             |
|    fps                            | 320         |
|    iterations                     | 133         |
|    time_elapsed                   | 848         |
|    total_timesteps                | 272384      |
| train/                            |             |
|    approx_kl                      | 0.008100362 |
|    clip_fraction                  | 0.0353      |
|    clip_range                     | 0.2         |
|    entropy_loss                   | -9.73       |
|    explained_variance             | 0.959       |
|    loss                           | 212         |
|    n_updates                      | 660         |
|    policy_gradient_loss           | -0.00639    |
|    std                            | 0.55        |
|    value_loss                     | 314         |
---------------------------------------------------
TRAIN_PROGRESS total_timesteps=272640
TRAIN_PROGRESS total_timesteps=272896
TRAIN_PROGRESS total_timesteps=273152
TRAIN_PROGRESS total_timesteps=273408
TRAIN_PROGRESS total_timesteps=273664
TRAIN_PROGRESS total_timesteps=273920
TRAIN_PROGRESS total_timesteps=274176
TRAIN_PROGRESS total_timesteps=274432
---------------------------------------------------
| rapid/                            |             |
|    action_saturation_rate         | 0.125       |
|    actor_lr                       | 1e-05       |
|    adaptation_lr                  | 0           |
|    critic_lr                      | 0.0001      |
|    source_action_abs_mean         | 1.15        |
|    speed_progress_mean            | 0.856       |
| reward/                           |             |
|    transition_mean                | 1.84        |
| reward_parts/                     |             |
|    action_rate                    | -0.00331    |
|    alive                          | 0.5         |
|    command_displacement_progress  | 0.0786      |
|    command_speed_progress         | 0.607       |
|    command_tracking               | -0.0513     |
|    default_pose                   | -0.0538     |
|    distance                       | 0.0128      |
|    fall                           | 0           |
|    feet_air_time                  | 0           |
|    finetune_moving_contact        | 1           |
|    foot_slip                      | -0.0696     |
|    gait                           | -0.0125     |
|    height                         | -0.000923   |
|    horizontal_angular_velocity    | -0.027      |
|    joint_jitter                   | -0.00485    |
|    joint_velocity                 | -0.00233    |
|    jump_landing                   | 0           |
|    jump_success                   | 0           |
|    non_foot_collision             | 0           |
|    posture                        | -0.039      |
|    rapid_source_action_saturation | -0.016      |
|    source_action_saturation       | -0.016      |
|    static_contact_course          | 0           |
|    support_gap                    | -0.0375     |
|    torque                         | -0.00194    |
|    true_four_foot_contact         | 0           |
|    zero_velocity                  | -0.00117    |
|    zero_yaw_rate                  | -0.0375     |
| rollout/                          |             |
|    ep_rew_mean                    | 2.51e+03    |
|    true_four_contact_ratio        | 0.00732     |
| termination_reason/               |             |
|    body_contact                   | 0           |
|    controller_done                | 0           |
|    height                         | 0           |
|    joint_limit                    | 0           |
|    none                           | 0           |
|    tilt                           | 0           |
|    time_limit                     | 4           |
|    unknown                        | 0           |
|    unsupported                    | 0           |
|    workspace                      | 0           |
| time/                             |             |
|    fps                            | 320         |
|    iterations                     | 134         |
|    time_elapsed                   | 856         |
|    total_timesteps                | 274432      |
| train/                            |             |
|    approx_kl                      | 0.005263596 |
|    clip_fraction                  | 0.0128      |
|    clip_range                     | 0.2         |
|    entropy_loss                   | -9.73       |
|    explained_variance             | 0.867       |
|    loss                           | 436         |
|    n_updates                      | 665         |
|    policy_gradient_loss           | -0.00481    |
|    std                            | 0.55        |
|    value_loss                     | 777         |
---------------------------------------------------
TRAIN_PROGRESS total_timesteps=274688
TRAIN_PROGRESS total_timesteps=274944
TRAIN_PROGRESS total_timesteps=275200
TRAIN_PROGRESS total_timesteps=275456
TRAIN_PROGRESS total_timesteps=275712
TRAIN_PROGRESS total_timesteps=275968
TRAIN_PROGRESS total_timesteps=276224
TRAIN_PROGRESS total_timesteps=276480
---------------------------------------------------
| rapid/                            |             |
|    action_saturation_rate         | 0.208       |
|    actor_lr                       | 1e-05       |
|    adaptation_lr                  | 0           |
|    critic_lr                      | 0.0001      |
|    source_action_abs_mean         | 1.29        |
|    speed_progress_mean            | 0.858       |
| reward/                           |             |
|    transition_mean                | 2.27        |
| reward_parts/                     |             |
|    action_rate                    | -0.00318    |
|    alive                          | 0.5         |
|    command_displacement_progress  | 0.701       |
|    command_speed_progress         | 0.719       |
|    command_tracking               | -0.014      |
|    default_pose                   | -0.0602     |
|    distance                       | 0.0422      |
|    fall                           | 0           |
|    feet_air_time                  | 0           |
|    finetune_moving_contact        | 0.75        |
|    foot_slip                      | -0.0886     |
|    gait                           | -0.025      |
|    height                         | -0.00169    |
|    horizontal_angular_velocity    | -0.0227     |
|    joint_jitter                   | -0.0074     |
|    joint_velocity                 | -0.00231    |
|    jump_landing                   | 0           |
|    jump_success                   | 0           |
|    non_foot_collision             | 0           |
|    posture                        | -0.0596     |
|    rapid_source_action_saturation | -0.0186     |
|    source_action_saturation       | -0.0186     |
|    static_contact_course          | 0           |
|    support_gap                    | -0.112      |
|    torque                         | -0.0016     |
|    true_four_foot_contact         | 0           |
|    zero_velocity                  | -0.000736   |
|    zero_yaw_rate                  | -0.0216     |
| rollout/                          |             |
|    ep_rew_mean                    | 2.04e+03    |
|    true_four_contact_ratio        | 0.00977     |
| termination_reason/               |             |
|    body_contact                   | 0           |
|    controller_done                | 0           |
|    height                         | 0           |
|    joint_limit                    | 0           |
|    none                           | 0           |
|    tilt                           | 0           |
|    time_limit                     | 0           |
|    unknown                        | 0           |
|    unsupported                    | 0           |
|    workspace                      | 0           |
| time/                             |             |
|    fps                            | 319         |
|    iterations                     | 135         |
|    time_elapsed                   | 864         |
|    total_timesteps                | 276480      |
| train/                            |             |
|    approx_kl                      | 0.010923266 |
|    clip_fraction                  | 0.0585      |
|    clip_range                     | 0.2         |
|    entropy_loss                   | -9.73       |
|    explained_variance             | 0.933       |
|    loss                           | 180         |
|    n_updates                      | 670         |
|    policy_gradient_loss           | -0.00754    |
|    std                            | 0.55        |
|    value_loss                     | 374         |
---------------------------------------------------
TRAIN_PROGRESS total_timesteps=276736
TRAIN_PROGRESS total_timesteps=276992
TRAIN_PROGRESS total_timesteps=277248
TRAIN_PROGRESS total_timesteps=277504
TRAIN_PROGRESS total_timesteps=277760
TRAIN_PROGRESS total_timesteps=278016
TRAIN_PROGRESS total_timesteps=278272
TRAIN_PROGRESS total_timesteps=278528
---------------------------------------------------
| rapid/                            |             |
|    action_saturation_rate         | 0.125       |
|    actor_lr                       | 1e-05       |
|    adaptation_lr                  | 0           |
|    critic_lr                      | 0.0001      |
|    source_action_abs_mean         | 1.21        |
|    speed_progress_mean            | 0.86        |
| reward/                           |             |
|    transition_mean                | 1.01        |
| reward_parts/                     |             |
|    action_rate                    | -0.00339    |
|    alive                          | 0.5         |
|    command_displacement_progress  | 0.308       |
|    command_speed_progress         | 0.375       |
|    command_tracking               | -0.117      |
|    default_pose                   | -0.0499     |
|    distance                       | 0.0202      |
|    fall                           | 0           |
|    feet_air_time                  | 0           |
|    finetune_moving_contact        | 0.5         |
|    foot_slip                      | -0.0668     |
|    gait                           | -0.025      |
|    height                         | -0.00139    |
|    horizontal_angular_velocity    | -0.216      |
|    joint_jitter                   | -0.00455    |
|    joint_velocity                 | -0.00248    |
|    jump_landing                   | 0           |
|    jump_success                   | 0           |
|    non_foot_collision             | 0           |
|    posture                        | -0.0273     |
|    rapid_source_action_saturation | -0.0229     |
|    source_action_saturation       | -0.0229     |
|    static_contact_course          | 0           |
|    support_gap                    | -0.112      |
|    torque                         | -0.00137    |
|    true_four_foot_contact         | 0           |
|    zero_velocity                  | -0.00842    |
|    zero_yaw_rate                  | -0.0331     |
| rollout/                          |             |
|    ep_rew_mean                    | 2.33e+03    |
|    true_four_contact_ratio        | 0.0132      |
| termination_reason/               |             |
|    body_contact                   | 0           |
|    controller_done                | 0           |
|    height                         | 0           |
|    joint_limit                    | 0           |
|    none                           | 0           |
|    tilt                           | 0           |
|    time_limit                     | 4           |
|    unknown                        | 0           |
|    unsupported                    | 0           |
|    workspace                      | 0           |
| time/                             |             |
|    fps                            | 319         |
|    iterations                     | 136         |
|    time_elapsed                   | 872         |
|    total_timesteps                | 278528      |
| train/                            |             |
|    approx_kl                      | 0.006060735 |
|    clip_fraction                  | 0.0204      |
|    clip_range                     | 0.2         |
|    entropy_loss                   | -9.73       |
|    explained_variance             | 0.906       |
|    loss                           | 218         |
|    n_updates                      | 675         |
|    policy_gradient_loss           | -0.00513    |
|    std                            | 0.55        |
|    value_loss                     | 632         |
---------------------------------------------------
TRAIN_PROGRESS total_timesteps=278784
TRAIN_PROGRESS total_timesteps=279040
TRAIN_PROGRESS total_timesteps=279296
TRAIN_PROGRESS total_timesteps=279552
TRAIN_PROGRESS total_timesteps=279808
CHECKPOINT /run/media/pma213x/0C6A8CC86A8CAFCE/Ubuntu2/CodeU/Dog1/official-mini-cheetah/checkpoints/official_mini_cheetah_flat_jump_v1_r3/rapid_finetune_500k_20261006/official_mini_cheetah_flat_jump_v1_r3_280000_steps.zip
TRAIN_PROGRESS total_timesteps=280064
TRAIN_PROGRESS total_timesteps=280320
TRAIN_PROGRESS total_timesteps=280576
---------------------------------------------------
| rapid/                            |             |
|    action_saturation_rate         | 0.167       |
|    actor_lr                       | 1e-05       |
|    adaptation_lr                  | 0           |
|    critic_lr                      | 0.0001      |
|    source_action_abs_mean         | 1.12        |
|    speed_progress_mean            | 0.863       |
| reward/                           |             |
|    transition_mean                | 2.59        |
| reward_parts/                     |             |
|    action_rate                    | -0.00346    |
|    alive                          | 0.5         |
|    command_displacement_progress  | 0.507       |
|    command_speed_progress         | 0.75        |
|    command_tracking               | -0.134      |
|    default_pose                   | -0.0545     |
|    distance                       | 0.0377      |
|    fall                           | 0           |
|    feet_air_time                  | 0           |
|    finetune_moving_contact        | 1.25        |
|    foot_slip                      | -0.0251     |
|    gait                           | 0           |
|    height                         | -0.00182    |
|    horizontal_angular_velocity    | -0.109      |
|    joint_jitter                   | -0.0102     |
|    joint_velocity                 | -0.00165    |
|    jump_landing                   | 0           |
|    jump_success                   | 0           |
|    non_foot_collision             | 0           |
|    posture                        | -0.0767     |
|    rapid_source_action_saturation | -0.0161     |
|    source_action_saturation       | -0.0161     |
|    static_contact_course          | 0           |
|    support_gap                    | 0           |
|    torque                         | -0.00342    |
|    true_four_foot_contact         | 0           |
|    zero_velocity                  | 0           |
|    zero_yaw_rate                  | -0.0155     |
| rollout/                          |             |
|    ep_rew_mean                    | 1.44e+03    |
|    true_four_contact_ratio        | 0.0103      |
| termination_reason/               |             |
|    body_contact                   | 0           |
|    controller_done                | 0           |
|    height                         | 0           |
|    joint_limit                    | 0           |
|    none                           | 0           |
|    tilt                           | 0           |
|    time_limit                     | 0           |
|    unknown                        | 0           |
|    unsupported                    | 0           |
|    workspace                      | 0           |
| time/                             |             |
|    fps                            | 318         |
|    iterations                     | 137         |
|    time_elapsed                   | 879         |
|    total_timesteps                | 280576      |
| train/                            |             |
|    approx_kl                      | 0.005088605 |
|    clip_fraction                  | 0.0115      |
|    clip_range                     | 0.2         |
|    entropy_loss                   | -9.73       |
|    explained_variance             | 0.991       |
|    loss                           | 28.2        |
|    n_updates                      | 680         |
|    policy_gradient_loss           | -0.0047     |
|    std                            | 0.55        |
|    value_loss                     | 76.3        |
---------------------------------------------------
TRAIN_PROGRESS total_timesteps=280832
TRAIN_PROGRESS total_timesteps=281088
TRAIN_PROGRESS total_timesteps=281344
TRAIN_PROGRESS total_timesteps=281600
TRAIN_PROGRESS total_timesteps=281856
TRAIN_PROGRESS total_timesteps=282112
TRAIN_PROGRESS total_timesteps=282368
TRAIN_PROGRESS total_timesteps=282624
----------------------------------------------------
| rapid/                            |              |
|    action_saturation_rate         | 0.188        |
|    actor_lr                       | 1e-05        |
|    adaptation_lr                  | 0            |
|    critic_lr                      | 0.0001       |
|    source_action_abs_mean         | 1.31         |
|    speed_progress_mean            | 0.865        |
| reward/                           |              |
|    transition_mean                | 1.16         |
| reward_parts/                     |              |
|    action_rate                    | -0.0029      |
|    alive                          | 0.5          |
|    command_displacement_progress  | -0.0535      |
|    command_speed_progress         | 0.375        |
|    command_tracking               | -0.122       |
|    default_pose                   | -0.0601      |
|    distance                       | 0.0093       |
|    fall                           | 0            |
|    feet_air_time                  | 0            |
|    finetune_moving_contact        | 0.875        |
|    foot_slip                      | -0.0754      |
|    gait                           | -0.0125      |
|    height                         | -0.00176     |
|    horizontal_angular_velocity    | -0.066       |
|    joint_jitter                   | -0.00427     |
|    joint_velocity                 | -0.00245     |
|    jump_landing                   | 0            |
|    jump_success                   | 0            |
|    non_foot_collision             | 0            |
|    posture                        | -0.0479      |
|    rapid_source_action_saturation | -0.0339      |
|    source_action_saturation       | -0.0339      |
|    static_contact_course          | 0            |
|    support_gap                    | -0.075       |
|    torque                         | -0.00149     |
|    true_four_foot_contact         | 0            |
|    zero_velocity                  | -0.000151    |
|    zero_yaw_rate                  | -0.039       |
| rollout/                          |              |
|    ep_rew_mean                    | 2e+03        |
|    true_four_contact_ratio        | 0.0166       |
| termination_reason/               |              |
|    body_contact                   | 0            |
|    controller_done                | 0            |
|    height                         | 0            |
|    joint_limit                    | 0            |
|    none                           | 0            |
|    tilt                           | 0            |
|    time_limit                     | 4            |
|    unknown                        | 0            |
|    unsupported                    | 0            |
|    workspace                      | 0            |
| time/                             |              |
|    fps                            | 318          |
|    iterations                     | 138          |
|    time_elapsed                   | 887          |
|    total_timesteps                | 282624       |
| train/                            |              |
|    approx_kl                      | 0.0046096058 |
|    clip_fraction                  | 0.012        |
|    clip_range                     | 0.2          |
|    entropy_loss                   | -9.73        |
|    explained_variance             | 0.916        |
|    loss                           | 631          |
|    n_updates                      | 685          |
|    policy_gradient_loss           | -0.00376     |
|    std                            | 0.55         |
|    value_loss                     | 909          |
----------------------------------------------------
TRAIN_PROGRESS total_timesteps=282880
TRAIN_PROGRESS total_timesteps=283136
TRAIN_PROGRESS total_timesteps=283392
TRAIN_PROGRESS total_timesteps=283648
TRAIN_PROGRESS total_timesteps=283904
TRAIN_PROGRESS total_timesteps=284160
TRAIN_PROGRESS total_timesteps=284416
TRAIN_PROGRESS total_timesteps=284672
---------------------------------------------------
| rapid/                            |             |
|    action_saturation_rate         | 0.271       |
|    actor_lr                       | 1e-05       |
|    adaptation_lr                  | 0           |
|    critic_lr                      | 0.0001      |
|    source_action_abs_mean         | 1.39        |
|    speed_progress_mean            | 0.869       |
| reward/                           |             |
|    transition_mean                | 3.35        |
| reward_parts/                     |             |
|    action_rate                    | -0.00334    |
|    alive                          | 0.5         |
|    command_displacement_progress  | 1.17        |
|    command_speed_progress         | 1.16        |
|    command_tracking               | -0.0813     |
|    default_pose                   | -0.0557     |
|    distance                       | 0.0649      |
|    fall                           | 0           |
|    feet_air_time                  | 0           |
|    finetune_moving_contact        | 1.12        |
|    foot_slip                      | -0.125      |
|    gait                           | 0           |
|    height                         | -0.00188    |
|    horizontal_angular_velocity    | -0.307      |
|    joint_jitter                   | -0.00376    |
|    joint_velocity                 | -0.00267    |
|    jump_landing                   | 0           |
|    jump_success                   | 0           |
|    non_foot_collision             | 0           |
|    posture                        | -0.0336     |
|    rapid_source_action_saturation | -0.0307     |
|    source_action_saturation       | -0.0307     |
|    static_contact_course          | 0           |
|    support_gap                    | 0           |
|    torque                         | -0.0017     |
|    true_four_foot_contact         | 0           |
|    zero_velocity                  | 0           |
|    zero_yaw_rate                  | -0.0252     |
| rollout/                          |             |
|    ep_rew_mean                    | 1.89e+03    |
|    true_four_contact_ratio        | 0.0117      |
| termination_reason/               |             |
|    body_contact                   | 0           |
|    controller_done                | 0           |
|    height                         | 0           |
|    joint_limit                    | 0           |
|    none                           | 0           |
|    tilt                           | 0           |
|    time_limit                     | 0           |
|    unknown                        | 0           |
|    unsupported                    | 0           |
|    workspace                      | 0           |
| time/                             |             |
|    fps                            | 317         |
|    iterations                     | 139         |
|    time_elapsed                   | 897         |
|    total_timesteps                | 284672      |
| train/                            |             |
|    approx_kl                      | 0.012072507 |
|    clip_fraction                  | 0.0782      |
|    clip_range                     | 0.2         |
|    entropy_loss                   | -9.73       |
|    explained_variance             | 0.904       |
|    loss                           | 103         |
|    n_updates                      | 690         |
|    policy_gradient_loss           | -0.00989    |
|    std                            | 0.55        |
|    value_loss                     | 232         |
---------------------------------------------------
TRAIN_PROGRESS total_timesteps=284928
TRAIN_PROGRESS total_timesteps=285184
TRAIN_PROGRESS total_timesteps=285440
TRAIN_PROGRESS total_timesteps=285696
TRAIN_PROGRESS total_timesteps=285952
TRAIN_PROGRESS total_timesteps=286208
TRAIN_PROGRESS total_timesteps=286464
TRAIN_PROGRESS total_timesteps=286720
----------------------------------------------------
| rapid/                            |              |
|    action_saturation_rate         | 0.229        |
|    actor_lr                       | 1e-05        |
|    adaptation_lr                  | 0            |
|    critic_lr                      | 0.0001       |
|    source_action_abs_mean         | 1.44         |
|    speed_progress_mean            | 0.871        |
| reward/                           |              |
|    transition_mean                | 1.22         |
| reward_parts/                     |              |
|    action_rate                    | -0.00346     |
|    alive                          | 0.5          |
|    command_displacement_progress  | 0.0751       |
|    command_speed_progress         | 0.198        |
|    command_tracking               | -0.106       |
|    default_pose                   | -0.0662      |
|    distance                       | -0.0105      |
|    fall                           | 0            |
|    feet_air_time                  | 0            |
|    finetune_moving_contact        | 1            |
|    foot_slip                      | -0.0353      |
|    gait                           | -0.0125      |
|    height                         | -0.00183     |
|    horizontal_angular_velocity    | -0.102       |
|    joint_jitter                   | -0.0126      |
|    joint_velocity                 | -0.00157     |
|    jump_landing                   | 0            |
|    jump_success                   | 0            |
|    non_foot_collision             | 0            |
|    posture                        | -0.0746      |
|    rapid_source_action_saturation | -0.0364      |
|    source_action_saturation       | -0.0364      |
|    static_contact_course          | 0            |
|    support_gap                    | -0.075       |
|    torque                         | -0.00281     |
|    true_four_foot_contact         | 0            |
|    zero_velocity                  | -0.00108     |
|    zero_yaw_rate                  | -0.011       |
| rollout/                          |              |
|    ep_rew_mean                    | 2.39e+03     |
|    true_four_contact_ratio        | 0.00977      |
| termination_reason/               |              |
|    body_contact                   | 0            |
|    controller_done                | 0            |
|    height                         | 0            |
|    joint_limit                    | 0            |
|    none                           | 0            |
|    tilt                           | 0            |
|    time_limit                     | 4            |
|    unknown                        | 0            |
|    unsupported                    | 0            |
|    workspace                      | 0            |
| time/                             |              |
|    fps                            | 315          |
|    iterations                     | 140          |
|    time_elapsed                   | 907          |
|    total_timesteps                | 286720       |
| train/                            |              |
|    approx_kl                      | 0.0023138835 |
|    clip_fraction                  | 0.00166      |
|    clip_range                     | 0.2          |
|    entropy_loss                   | -9.73        |
|    explained_variance             | 0.899        |
|    loss                           | 497          |
|    n_updates                      | 695          |
|    policy_gradient_loss           | -0.00289     |
|    std                            | 0.55         |
|    value_loss                     | 1.11e+03     |
----------------------------------------------------
TRAIN_PROGRESS total_timesteps=286976
TRAIN_PROGRESS total_timesteps=287232
TRAIN_PROGRESS total_timesteps=287488
TRAIN_PROGRESS total_timesteps=287744
TRAIN_PROGRESS total_timesteps=288000
TRAIN_PROGRESS total_timesteps=288256
TRAIN_PROGRESS total_timesteps=288512
TRAIN_PROGRESS total_timesteps=288768
----------------------------------------------------
| rapid/                            |              |
|    action_saturation_rate         | 0.146        |
|    actor_lr                       | 1e-05        |
|    adaptation_lr                  | 0            |
|    critic_lr                      | 0.0001       |
|    source_action_abs_mean         | 1.32         |
|    speed_progress_mean            | 0.873        |
| reward/                           |              |
|    transition_mean                | 2.98         |
| reward_parts/                     |              |
|    action_rate                    | -0.00315     |
|    alive                          | 0.5          |
|    command_displacement_progress  | 1.1          |
|    command_speed_progress         | 1.09         |
|    command_tracking               | -0.0824      |
|    default_pose                   | -0.0568      |
|    distance                       | 0.0561       |
|    fall                           | 0            |
|    feet_air_time                  | 0            |
|    finetune_moving_contact        | 0.75         |
|    foot_slip                      | -0.0113      |
|    gait                           | -0.0125      |
|    height                         | -0.0017      |
|    horizontal_angular_velocity    | -0.216       |
|    joint_jitter                   | -0.00529     |
|    joint_velocity                 | -0.00197     |
|    jump_landing                   | 0            |
|    jump_success                   | 0            |
|    non_foot_collision             | 0            |
|    posture                        | -0.0461      |
|    rapid_source_action_saturation | -0.0249      |
|    source_action_saturation       | -0.0249      |
|    static_contact_course          | 0            |
|    support_gap                    | -0.0375      |
|    torque                         | -0.00187     |
|    true_four_foot_contact         | 0            |
|    zero_velocity                  | -0.000941    |
|    zero_yaw_rate                  | -0.0193      |
| rollout/                          |              |
|    ep_rew_mean                    | 1.31e+03     |
|    true_four_contact_ratio        | 0.0112       |
| termination_reason/               |              |
|    body_contact                   | 0            |
|    controller_done                | 0            |
|    height                         | 0            |
|    joint_limit                    | 0            |
|    none                           | 0            |
|    tilt                           | 0            |
|    time_limit                     | 0            |
|    unknown                        | 0            |
|    unsupported                    | 0            |
|    workspace                      | 0            |
| time/                             |              |
|    fps                            | 314          |
|    iterations                     | 141          |
|    time_elapsed                   | 917          |
|    total_timesteps                | 288768       |
| train/                            |              |
|    approx_kl                      | 0.0048524924 |
|    clip_fraction                  | 0.0187       |
|    clip_range                     | 0.2          |
|    entropy_loss                   | -9.73        |
|    explained_variance             | 0.929        |
|    loss                           | 400          |
|    n_updates                      | 700          |
|    policy_gradient_loss           | -0.00472     |
|    std                            | 0.55         |
|    value_loss                     | 680          |
----------------------------------------------------
TRAIN_PROGRESS total_timesteps=289024
TRAIN_PROGRESS total_timesteps=289280
TRAIN_PROGRESS total_timesteps=289536
TRAIN_PROGRESS total_timesteps=289792
TRAIN_PROGRESS total_timesteps=290048
TRAIN_PROGRESS total_timesteps=290304
TRAIN_PROGRESS total_timesteps=290560
TRAIN_PROGRESS total_timesteps=290816
----------------------------------------------------
| rapid/                            |              |
|    action_saturation_rate         | 0.167        |
|    actor_lr                       | 1e-05        |
|    adaptation_lr                  | 0            |
|    critic_lr                      | 0.0001       |
|    source_action_abs_mean         | 1.28         |
|    speed_progress_mean            | 0.876        |
| reward/                           |              |
|    transition_mean                | 2.57         |
| reward_parts/                     |              |
|    action_rate                    | -0.00328     |
|    alive                          | 0.5          |
|    command_displacement_progress  | 0.897        |
|    command_speed_progress         | 0.906        |
|    command_tracking               | -0.0694      |
|    default_pose                   | -0.0525      |
|    distance                       | 0.0686       |
|    fall                           | 0            |
|    feet_air_time                  | 0            |
|    finetune_moving_contact        | 0.75         |
|    foot_slip                      | -0.0531      |
|    gait                           | -0.0125      |
|    height                         | -0.00152     |
|    horizontal_angular_velocity    | -0.202       |
|    joint_jitter                   | -0.00916     |
|    joint_velocity                 | -0.00254     |
|    jump_landing                   | 0            |
|    jump_success                   | 0            |
|    non_foot_collision             | 0            |
|    posture                        | -0.0621      |
|    rapid_source_action_saturation | -0.0255      |
|    source_action_saturation       | -0.0255      |
|    static_contact_course          | 0            |
|    support_gap                    | -0.0375      |
|    torque                         | -0.00191     |
|    true_four_foot_contact         | 0            |
|    zero_velocity                  | -0.000734    |
|    zero_yaw_rate                  | -0.0137      |
| rollout/                          |              |
|    ep_rew_mean                    | 1.63e+03     |
|    true_four_contact_ratio        | 0.00977      |
| termination_reason/               |              |
|    body_contact                   | 0            |
|    controller_done                | 0            |
|    height                         | 0            |
|    joint_limit                    | 0            |
|    none                           | 0            |
|    tilt                           | 0            |
|    time_limit                     | 4            |
|    unknown                        | 0            |
|    unsupported                    | 0            |
|    workspace                      | 0            |
| time/                             |              |
|    fps                            | 313          |
|    iterations                     | 142          |
|    time_elapsed                   | 928          |
|    total_timesteps                | 290816       |
| train/                            |              |
|    approx_kl                      | 0.0031356746 |
|    clip_fraction                  | 0.00469      |
|    clip_range                     | 0.2          |
|    entropy_loss                   | -9.73        |
|    explained_variance             | 0.927        |
|    loss                           | 423          |
|    n_updates                      | 705          |
|    policy_gradient_loss           | -0.00425     |
|    std                            | 0.55         |
|    value_loss                     | 911          |
----------------------------------------------------
TRAIN_PROGRESS total_timesteps=291072
TRAIN_PROGRESS total_timesteps=291328
TRAIN_PROGRESS total_timesteps=291584
TRAIN_PROGRESS total_timesteps=291840
TRAIN_PROGRESS total_timesteps=292096
TRAIN_PROGRESS total_timesteps=292352
TRAIN_PROGRESS total_timesteps=292608
TRAIN_PROGRESS total_timesteps=292864
---------------------------------------------------
| rapid/                            |             |
|    action_saturation_rate         | 0.146       |
|    actor_lr                       | 1e-05       |
|    adaptation_lr                  | 0           |
|    critic_lr                      | 0.0001      |
|    source_action_abs_mean         | 1.21        |
|    speed_progress_mean            | 0.879       |
| reward/                           |             |
|    transition_mean                | 3.31        |
| reward_parts/                     |             |
|    action_rate                    | -0.00303    |
|    alive                          | 0.5         |
|    command_displacement_progress  | 1.12        |
|    command_speed_progress         | 1.12        |
|    command_tracking               | -0.0222     |
|    default_pose                   | -0.0587     |
|    distance                       | 0.0661      |
|    fall                           | 0           |
|    feet_air_time                  | 0           |
|    finetune_moving_contact        | 0.75        |
|    foot_slip                      | -0.0359     |
|    gait                           | -0.0125     |
|    height                         | -0.00164    |
|    horizontal_angular_velocity    | -0.0145     |
|    joint_jitter                   | -0.00984    |
|    joint_velocity                 | -0.00225    |
|    jump_landing                   | 0           |
|    jump_success                   | 0           |
|    non_foot_collision             | 0           |
|    posture                        | -0.0328     |
|    rapid_source_action_saturation | -0.0152     |
|    source_action_saturation       | -0.0152     |
|    static_contact_course          | 0           |
|    support_gap                    | -0.0375     |
|    torque                         | -0.00221    |
|    true_four_foot_contact         | 0           |
|    zero_velocity                  | -0.000276   |
|    zero_yaw_rate                  | -0.00725    |
| rollout/                          |             |
|    ep_rew_mean                    | 1.8e+03     |
|    true_four_contact_ratio        | 0.0107      |
| termination_reason/               |             |
|    body_contact                   | 0           |
|    controller_done                | 0           |
|    height                         | 0           |
|    joint_limit                    | 0           |
|    none                           | 0           |
|    tilt                           | 0           |
|    time_limit                     | 0           |
|    unknown                        | 0           |
|    unsupported                    | 0           |
|    workspace                      | 0           |
| time/                             |             |
|    fps                            | 311         |
|    iterations                     | 143         |
|    time_elapsed                   | 939         |
|    total_timesteps                | 292864      |
| train/                            |             |
|    approx_kl                      | 0.003617182 |
|    clip_fraction                  | 0.00479     |
|    clip_range                     | 0.2         |
|    entropy_loss                   | -9.73       |
|    explained_variance             | 0.951       |
|    loss                           | 215         |
|    n_updates                      | 710         |
|    policy_gradient_loss           | -0.00331    |
|    std                            | 0.55        |
|    value_loss                     | 441         |
---------------------------------------------------
TRAIN_PROGRESS total_timesteps=293120
TRAIN_PROGRESS total_timesteps=293376
TRAIN_PROGRESS total_timesteps=293632
TRAIN_PROGRESS total_timesteps=293888
TRAIN_PROGRESS total_timesteps=294144
TRAIN_PROGRESS total_timesteps=294400
TRAIN_PROGRESS total_timesteps=294656
TRAIN_PROGRESS total_timesteps=294912
---------------------------------------------------
| rapid/                            |             |
|    action_saturation_rate         | 0.104       |
|    actor_lr                       | 1e-05       |
|    adaptation_lr                  | 0           |
|    critic_lr                      | 0.0001      |
|    source_action_abs_mean         | 1.18        |
|    speed_progress_mean            | 0.881       |
| reward/                           |             |
|    transition_mean                | 3.01        |
| reward_parts/                     |             |
|    action_rate                    | -0.003      |
|    alive                          | 0.5         |
|    command_displacement_progress  | 0.976       |
|    command_speed_progress         | 0.979       |
|    command_tracking               | -0.0467     |
|    default_pose                   | -0.0607     |
|    distance                       | 0.0489      |
|    fall                           | 0           |
|    feet_air_time                  | 0           |
|    finetune_moving_contact        | 0.875       |
|    foot_slip                      | -0.0422     |
|    gait                           | -0.0125     |
|    height                         | -0.000829   |
|    horizontal_angular_velocity    | -0.0222     |
|    joint_jitter                   | -0.00517    |
|    joint_velocity                 | -0.00214    |
|    jump_landing                   | 0           |
|    jump_success                   | 0           |
|    non_foot_collision             | 0           |
|    posture                        | -0.0516     |
|    rapid_source_action_saturation | -0.0159     |
|    source_action_saturation       | -0.0159     |
|    static_contact_course          | 0           |
|    support_gap                    | -0.075      |
|    torque                         | -0.00196    |
|    true_four_foot_contact         | 0           |
|    zero_velocity                  | -0.00258    |
|    zero_yaw_rate                  | -0.0222     |
| rollout/                          |             |
|    ep_rew_mean                    | 2.06e+03    |
|    true_four_contact_ratio        | 0.0122      |
| termination_reason/               |             |
|    body_contact                   | 0           |
|    controller_done                | 0           |
|    height                         | 0           |
|    joint_limit                    | 0           |
|    none                           | 0           |
|    tilt                           | 0           |
|    time_limit                     | 4           |
|    unknown                        | 0           |
|    unsupported                    | 0           |
|    workspace                      | 0           |
| time/                             |             |
|    fps                            | 310         |
|    iterations                     | 144         |
|    time_elapsed                   | 951         |
|    total_timesteps                | 294912      |
| train/                            |             |
|    approx_kl                      | 0.003045368 |
|    clip_fraction                  | 0.0042      |
|    clip_range                     | 0.2         |
|    entropy_loss                   | -9.73       |
|    explained_variance             | 0.93        |
|    loss                           | 303         |
|    n_updates                      | 715         |
|    policy_gradient_loss           | -0.00332    |
|    std                            | 0.55        |
|    value_loss                     | 834         |
---------------------------------------------------
TRAIN_PROGRESS total_timesteps=295168
TRAIN_PROGRESS total_timesteps=295424
TRAIN_PROGRESS total_timesteps=295680
TRAIN_PROGRESS total_timesteps=295936
TRAIN_PROGRESS total_timesteps=296192
TRAIN_PROGRESS total_timesteps=296448
TRAIN_PROGRESS total_timesteps=296704
TRAIN_PROGRESS total_timesteps=296960
---------------------------------------------------
| rapid/                            |             |
|    action_saturation_rate         | 0.208       |
|    actor_lr                       | 1e-05       |
|    adaptation_lr                  | 0           |
|    critic_lr                      | 0.0001      |
|    source_action_abs_mean         | 1.25        |
|    speed_progress_mean            | 0.884       |
| reward/                           |             |
|    transition_mean                | 3.05        |
| reward_parts/                     |             |
|    action_rate                    | -0.00318    |
|    alive                          | 0.5         |
|    command_displacement_progress  | 1.05        |
|    command_speed_progress         | 1.06        |
|    command_tracking               | -0.0439     |
|    default_pose                   | -0.0521     |
|    distance                       | 0.0649      |
|    fall                           | 0           |
|    feet_air_time                  | 0           |
|    finetune_moving_contact        | 0.75        |
|    foot_slip                      | -0.0825     |
|    gait                           | -0.0125     |
|    height                         | -0.00212    |
|    horizontal_angular_velocity    | -0.0472     |
|    joint_jitter                   | -0.0172     |
|    joint_velocity                 | -0.00202    |
|    jump_landing                   | 0           |
|    jump_success                   | 0           |
|    non_foot_collision             | 0           |
|    posture                        | -0.0314     |
|    rapid_source_action_saturation | -0.0252     |
|    source_action_saturation       | -0.0252     |
|    static_contact_course          | 0           |
|    support_gap                    | -0.0375     |
|    torque                         | -0.00174    |
|    true_four_foot_contact         | 0           |
|    zero_velocity                  | -0.00151    |
|    zero_yaw_rate                  | -0.0213     |
| rollout/                          |             |
|    ep_rew_mean                    | 2.03e+03    |
|    true_four_contact_ratio        | 0.0146      |
| termination_reason/               |             |
|    body_contact                   | 0           |
|    controller_done                | 0           |
|    height                         | 0           |
|    joint_limit                    | 0           |
|    none                           | 0           |
|    tilt                           | 0           |
|    time_limit                     | 0           |
|    unknown                        | 0           |
|    unsupported                    | 0           |
|    workspace                      | 0           |
| time/                             |             |
|    fps                            | 308         |
|    iterations                     | 145         |
|    time_elapsed                   | 962         |
|    total_timesteps                | 296960      |
| train/                            |             |
|    approx_kl                      | 0.012277299 |
|    clip_fraction                  | 0.0543      |
|    clip_range                     | 0.2         |
|    entropy_loss                   | -9.73       |
|    explained_variance             | 0.989       |
|    loss                           | 23.6        |
|    n_updates                      | 720         |
|    policy_gradient_loss           | -0.00665    |
|    std                            | 0.55        |
|    value_loss                     | 67          |
---------------------------------------------------
TRAIN_PROGRESS total_timesteps=297216
TRAIN_PROGRESS total_timesteps=297472
TRAIN_PROGRESS total_timesteps=297728
TRAIN_PROGRESS total_timesteps=297984
TRAIN_PROGRESS total_timesteps=298240
TRAIN_PROGRESS total_timesteps=298496
TRAIN_PROGRESS total_timesteps=298752
TRAIN_PROGRESS total_timesteps=299008
----------------------------------------------------
| rapid/                            |              |
|    action_saturation_rate         | 0.229        |
|    actor_lr                       | 1e-05        |
|    adaptation_lr                  | 0            |
|    critic_lr                      | 0.0001       |
|    source_action_abs_mean         | 1.36         |
|    speed_progress_mean            | 0.886        |
| reward/                           |              |
|    transition_mean                | 1.58         |
| reward_parts/                     |              |
|    action_rate                    | -0.00327     |
|    alive                          | 0.5          |
|    command_displacement_progress  | 0.11         |
|    command_speed_progress         | 0.375        |
|    command_tracking               | -0.0772      |
|    default_pose                   | -0.0508      |
|    distance                       | 0.0207       |
|    fall                           | 0            |
|    feet_air_time                  | 0            |
|    finetune_moving_contact        | 1            |
|    foot_slip                      | -0.053       |
|    gait                           | -0.0125      |
|    height                         | -0.00158     |
|    horizontal_angular_velocity    | -0.0556      |
|    joint_jitter                   | -0.00367     |
|    joint_velocity                 | -0.00258     |
|    jump_landing                   | 0            |
|    jump_success                   | 0            |
|    non_foot_collision             | 0            |
|    posture                        | -0.0299      |
|    rapid_source_action_saturation | -0.0291      |
|    source_action_saturation       | -0.0291      |
|    static_contact_course          | 0            |
|    support_gap                    | -0.075       |
|    torque                         | -0.00122     |
|    true_four_foot_contact         | 0            |
|    zero_velocity                  | -0.00178     |
|    zero_yaw_rate                  | -0.0257      |
| rollout/                          |              |
|    ep_rew_mean                    | 2.23e+03     |
|    true_four_contact_ratio        | 0.0112       |
| termination_reason/               |              |
|    body_contact                   | 0            |
|    controller_done                | 0            |
|    height                         | 0            |
|    joint_limit                    | 0            |
|    none                           | 0            |
|    tilt                           | 0            |
|    time_limit                     | 4            |
|    unknown                        | 0            |
|    unsupported                    | 0            |
|    workspace                      | 0            |
| time/                             |              |
|    fps                            | 306          |
|    iterations                     | 146          |
|    time_elapsed                   | 974          |
|    total_timesteps                | 299008       |
| train/                            |              |
|    approx_kl                      | 0.0072606653 |
|    clip_fraction                  | 0.0364       |
|    clip_range                     | 0.2          |
|    entropy_loss                   | -9.73        |
|    explained_variance             | 0.912        |
|    loss                           | 419          |
|    n_updates                      | 725          |
|    policy_gradient_loss           | -0.00544     |
|    std                            | 0.55         |
|    value_loss                     | 926          |
----------------------------------------------------
TRAIN_PROGRESS total_timesteps=299264
TRAIN_PROGRESS total_timesteps=299520
TRAIN_PROGRESS total_timesteps=299776
RAPID_STAGE steps=300000 stage=2 critic_only=False adaptation_enabled=False
CHECKPOINT /run/media/pma213x/0C6A8CC86A8CAFCE/Ubuntu2/CodeU/Dog1/official-mini-cheetah/checkpoints/official_mini_cheetah_flat_jump_v1_r3/rapid_finetune_500k_20261006/official_mini_cheetah_flat_jump_v1_r3_300000_steps.zip
TRAIN_PROGRESS total_timesteps=300032
TRAIN_PROGRESS total_timesteps=300288
TRAIN_PROGRESS total_timesteps=300544
TRAIN_PROGRESS total_timesteps=300800
TRAIN_PROGRESS total_timesteps=301056
----------------------------------------------------
| rapid/                            |              |
|    action_saturation_rate         | 0.167        |
|    actor_lr                       | 1e-05        |
|    adaptation_lr                  | 0            |
|    adaptation_platform            | 0            |
|    critic_lr                      | 0.0001       |
|    source_action_abs_mean         | 1.2          |
|    speed_progress_mean            | 0.889        |
|    stage                          | 2            |
| reward/                           |              |
|    transition_mean                | 1.58         |
| reward_parts/                     |              |
|    action_rate                    | -0.00341     |
|    alive                          | 0.5          |
|    command_displacement_progress  | -0.304       |
|    command_speed_progress         | 0.375        |
|    command_tracking               | -0.153       |
|    default_pose                   | -0.0609      |
|    distance                       | -0.00753     |
|    fall                           | 0            |
|    feet_air_time                  | 0            |
|    finetune_moving_contact        | 1.5          |
|    foot_slip                      | -0.0931      |
|    gait                           | 0            |
|    height                         | -0.00136     |
|    horizontal_angular_velocity    | -0.058       |
|    joint_jitter                   | -0.00452     |
|    joint_velocity                 | -0.0021      |
|    jump_landing                   | 0            |
|    jump_success                   | 0            |
|    non_foot_collision             | 0            |
|    posture                        | -0.0566      |
|    rapid_source_action_saturation | -0.0147      |
|    source_action_saturation       | -0.0147      |
|    static_contact_course          | 0            |
|    support_gap                    | 0            |
|    torque                         | -0.00155     |
|    true_four_foot_contact         | 0            |
|    zero_velocity                  | 0            |
|    zero_yaw_rate                  | -0.036       |
| rollout/                          |              |
|    ep_rew_mean                    | 2.64e+03     |
|    true_four_contact_ratio        | 0.00977      |
| termination_reason/               |              |
|    body_contact                   | 0            |
|    controller_done                | 0            |
|    height                         | 0            |
|    joint_limit                    | 0            |
|    none                           | 0            |
|    tilt                           | 0            |
|    time_limit                     | 0            |
|    unknown                        | 0            |
|    unsupported                    | 0            |
|    workspace                      | 0            |
| time/                             |              |
|    fps                            | 306          |
|    iterations                     | 147          |
|    time_elapsed                   | 981          |
|    total_timesteps                | 301056       |
| train/                            |              |
|    approx_kl                      | 0.0071482244 |
|    clip_fraction                  | 0.0324       |
|    clip_range                     | 0.2          |
|    entropy_loss                   | -9.73        |
|    explained_variance             | 0.947        |
|    loss                           | 103          |
|    n_updates                      | 730          |
|    policy_gradient_loss           | -0.00685     |
|    std                            | 0.55         |
|    value_loss                     | 358          |
----------------------------------------------------
TRAIN_PROGRESS total_timesteps=301312
TRAIN_PROGRESS total_timesteps=301568
TRAIN_PROGRESS total_timesteps=301824
TRAIN_PROGRESS total_timesteps=302080
TRAIN_PROGRESS total_timesteps=302336
TRAIN_PROGRESS total_timesteps=302592
TRAIN_PROGRESS total_timesteps=302848
TRAIN_PROGRESS total_timesteps=303104
----------------------------------------------------
| rapid/                            |              |
|    action_saturation_rate         | 0.146        |
|    actor_lr                       | 1e-05        |
|    adaptation_lr                  | 0            |
|    critic_lr                      | 0.0001       |
|    source_action_abs_mean         | 1.15         |
|    speed_progress_mean            | 0.891        |
| reward/                           |              |
|    transition_mean                | 2.18         |
| reward_parts/                     |              |
|    action_rate                    | -0.00314     |
|    alive                          | 0.5          |
|    command_displacement_progress  | 0.75         |
|    command_speed_progress         | 0.75         |
|    command_tracking               | -0.0374      |
|    default_pose                   | -0.0559      |
|    distance                       | 0.0632       |
|    fall                           | 0            |
|    feet_air_time                  | 0            |
|    finetune_moving_contact        | 0.5          |
|    foot_slip                      | -0.0248      |
|    gait                           | -0.025       |
|    height                         | -0.00192     |
|    horizontal_angular_velocity    | -0.0192      |
|    joint_jitter                   | -0.00388     |
|    joint_velocity                 | -0.00271     |
|    jump_landing                   | 0            |
|    jump_success                   | 0            |
|    non_foot_collision             | 0            |
|    posture                        | -0.0467      |
|    rapid_source_action_saturation | -0.0223      |
|    source_action_saturation       | -0.0223      |
|    static_contact_course          | 0            |
|    support_gap                    | -0.112       |
|    torque                         | -0.00197     |
|    true_four_foot_contact         | 0            |
|    zero_velocity                  | -0.00204     |
|    zero_yaw_rate                  | -0.0259      |
| rollout/                          |              |
|    ep_rew_mean                    | 2.84e+03     |
|    true_four_contact_ratio        | 0.0132       |
| termination_reason/               |              |
|    body_contact                   | 0            |
|    controller_done                | 0            |
|    height                         | 0            |
|    joint_limit                    | 0            |
|    none                           | 0            |
|    tilt                           | 0            |
|    time_limit                     | 4            |
|    unknown                        | 0            |
|    unsupported                    | 0            |
|    workspace                      | 0            |
| time/                             |              |
|    fps                            | 306          |
|    iterations                     | 148          |
|    time_elapsed                   | 988          |
|    total_timesteps                | 303104       |
| train/                            |              |
|    approx_kl                      | 0.0046651773 |
|    clip_fraction                  | 0.0137       |
|    clip_range                     | 0.2          |
|    entropy_loss                   | -9.73        |
|    explained_variance             | 0.865        |
|    loss                           | 84.8         |
|    n_updates                      | 735          |
|    policy_gradient_loss           | -0.0041      |
|    std                            | 0.55         |
|    value_loss                     | 200          |
----------------------------------------------------
TRAIN_PROGRESS total_timesteps=303360
TRAIN_PROGRESS total_timesteps=303616
TRAIN_PROGRESS total_timesteps=303872
TRAIN_PROGRESS total_timesteps=304128
TRAIN_PROGRESS total_timesteps=304384
TRAIN_PROGRESS total_timesteps=304640
TRAIN_PROGRESS total_timesteps=304896
TRAIN_PROGRESS total_timesteps=305152
---------------------------------------------------
| rapid/                            |             |
|    action_saturation_rate         | 0.167       |
|    actor_lr                       | 1e-05       |
|    adaptation_lr                  | 0           |
|    critic_lr                      | 0.0001      |
|    source_action_abs_mean         | 1.16        |
|    speed_progress_mean            | 0.893       |
| reward/                           |             |
|    transition_mean                | 1.3         |
| reward_parts/                     |             |
|    action_rate                    | -0.00338    |
|    alive                          | 0.5         |
|    command_displacement_progress  | 0.122       |
|    command_speed_progress         | 0.323       |
|    command_tracking               | -0.0512     |
|    default_pose                   | -0.0565     |
|    distance                       | 0.00796     |
|    fall                           | 0           |
|    feet_air_time                  | 0           |
|    finetune_moving_contact        | 0.75        |
|    foot_slip                      | -0.0372     |
|    gait                           | -0.025      |
|    height                         | -0.00241    |
|    horizontal_angular_velocity    | -0.0255     |
|    joint_jitter                   | -0.00589    |
|    joint_velocity                 | -0.00188    |
|    jump_landing                   | 0           |
|    jump_success                   | 0           |
|    non_foot_collision             | 0           |
|    posture                        | -0.0345     |
|    rapid_source_action_saturation | -0.0166     |
|    source_action_saturation       | -0.0166     |
|    static_contact_course          | 0           |
|    support_gap                    | -0.112      |
|    torque                         | -0.00289    |
|    true_four_foot_contact         | 0           |
|    zero_velocity                  | -0.00313    |
|    zero_yaw_rate                  | -0.0204     |
| rollout/                          |             |
|    ep_rew_mean                    | 1.73e+03    |
|    true_four_contact_ratio        | 0.0146      |
| termination_reason/               |             |
|    body_contact                   | 0           |
|    controller_done                | 0           |
|    height                         | 0           |
|    joint_limit                    | 0           |
|    none                           | 0           |
|    tilt                           | 0           |
|    time_limit                     | 0           |
|    unknown                        | 0           |
|    unsupported                    | 0           |
|    workspace                      | 0           |
| time/                             |             |
|    fps                            | 306         |
|    iterations                     | 149         |
|    time_elapsed                   | 996         |
|    total_timesteps                | 305152      |
| train/                            |             |
|    approx_kl                      | 0.005406718 |
|    clip_fraction                  | 0.0161      |
|    clip_range                     | 0.2         |
|    entropy_loss                   | -9.73       |
|    explained_variance             | 0.935       |
|    loss                           | 442         |
|    n_updates                      | 740         |
|    policy_gradient_loss           | -0.00528    |
|    std                            | 0.55        |
|    value_loss                     | 677         |
---------------------------------------------------
TRAIN_PROGRESS total_timesteps=305408
TRAIN_PROGRESS total_timesteps=305664
TRAIN_PROGRESS total_timesteps=305920
TRAIN_PROGRESS total_timesteps=306176
TRAIN_PROGRESS total_timesteps=306432
TRAIN_PROGRESS total_timesteps=306688
TRAIN_PROGRESS total_timesteps=306944
TRAIN_PROGRESS total_timesteps=307200
----------------------------------------------------
| rapid/                            |              |
|    action_saturation_rate         | 0.146        |
|    actor_lr                       | 1e-05        |
|    adaptation_lr                  | 0            |
|    critic_lr                      | 0.0001       |
|    source_action_abs_mean         | 1.08         |
|    speed_progress_mean            | 0.895        |
| reward/                           |              |
|    transition_mean                | 2.13         |
| reward_parts/                     |              |
|    action_rate                    | -0.00289     |
|    alive                          | 0.5          |
|    command_displacement_progress  | 0.0274       |
|    command_speed_progress         | 0.584        |
|    command_tracking               | -0.0918      |
|    default_pose                   | -0.0688      |
|    distance                       | 0.0252       |
|    fall                           | 0            |
|    feet_air_time                  | 0            |
|    finetune_moving_contact        | 1.38         |
|    foot_slip                      | -0.0518      |
|    gait                           | 0            |
|    height                         | -0.00218     |
|    horizontal_angular_velocity    | -0.0264      |
|    joint_jitter                   | -0.0115      |
|    joint_velocity                 | -0.00197     |
|    jump_landing                   | 0            |
|    jump_success                   | 0            |
|    non_foot_collision             | 0            |
|    posture                        | -0.0884      |
|    rapid_source_action_saturation | -0.016       |
|    source_action_saturation       | -0.016       |
|    static_contact_course          | 0            |
|    support_gap                    | 0            |
|    torque                         | -0.00268     |
|    true_four_foot_contact         | 0            |
|    zero_velocity                  | 0            |
|    zero_yaw_rate                  | -0.013       |
| rollout/                          |              |
|    ep_rew_mean                    | 1.8e+03      |
|    true_four_contact_ratio        | 0.0146       |
| termination_reason/               |              |
|    body_contact                   | 0            |
|    controller_done                | 0            |
|    height                         | 0            |
|    joint_limit                    | 0            |
|    none                           | 0            |
|    tilt                           | 0            |
|    time_limit                     | 4            |
|    unknown                        | 0            |
|    unsupported                    | 0            |
|    workspace                      | 0            |
| time/                             |              |
|    fps                            | 306          |
|    iterations                     | 150          |
|    time_elapsed                   | 1003         |
|    total_timesteps                | 307200       |
| train/                            |              |
|    approx_kl                      | 0.0054227007 |
|    clip_fraction                  | 0.0146       |
|    clip_range                     | 0.2          |
|    entropy_loss                   | -9.73        |
|    explained_variance             | 0.895        |
|    loss                           | 334          |
|    n_updates                      | 745          |
|    policy_gradient_loss           | -0.00603     |
|    std                            | 0.55         |
|    value_loss                     | 1.05e+03     |
----------------------------------------------------
TRAIN_PROGRESS total_timesteps=307456
TRAIN_PROGRESS total_timesteps=307712
TRAIN_PROGRESS total_timesteps=307968
TRAIN_PROGRESS total_timesteps=308224
TRAIN_PROGRESS total_timesteps=308480
TRAIN_PROGRESS total_timesteps=308736
TRAIN_PROGRESS total_timesteps=308992
TRAIN_PROGRESS total_timesteps=309248
----------------------------------------------------
| rapid/                            |              |
|    action_saturation_rate         | 0.146        |
|    actor_lr                       | 1e-05        |
|    adaptation_lr                  | 0            |
|    critic_lr                      | 0.0001       |
|    source_action_abs_mean         | 1.28         |
|    speed_progress_mean            | 0.898        |
| reward/                           |              |
|    transition_mean                | 2.6          |
| reward_parts/                     |              |
|    action_rate                    | -0.00317     |
|    alive                          | 0.5          |
|    command_displacement_progress  | 0.799        |
|    command_speed_progress         | 0.75         |
|    command_tracking               | -0.0734      |
|    default_pose                   | -0.061       |
|    distance                       | 0.0625       |
|    fall                           | 0            |
|    feet_air_time                  | 0            |
|    finetune_moving_contact        | 0.875        |
|    foot_slip                      | -0.0176      |
|    gait                           | -0.0125      |
|    height                         | -0.0028      |
|    horizontal_angular_velocity    | -0.039       |
|    joint_jitter                   | -0.0189      |
|    joint_velocity                 | -0.00283     |
|    jump_landing                   | 0            |
|    jump_success                   | 0            |
|    non_foot_collision             | 0            |
|    posture                        | -0.0395      |
|    rapid_source_action_saturation | -0.0216      |
|    source_action_saturation       | -0.0216      |
|    static_contact_course          | 0            |
|    support_gap                    | -0.075       |
|    torque                         | -0.00187     |
|    true_four_foot_contact         | 0            |
|    zero_velocity                  | -0.00297     |
|    zero_yaw_rate                  | -0.0185      |
| rollout/                          |              |
|    ep_rew_mean                    | 2.59e+03     |
|    true_four_contact_ratio        | 0.0117       |
| termination_reason/               |              |
|    body_contact                   | 0            |
|    controller_done                | 0            |
|    height                         | 0            |
|    joint_limit                    | 0            |
|    none                           | 0            |
|    tilt                           | 0            |
|    time_limit                     | 0            |
|    unknown                        | 0            |
|    unsupported                    | 0            |
|    workspace                      | 0            |
| time/                             |              |
|    fps                            | 305          |
|    iterations                     | 151          |
|    time_elapsed                   | 1011         |
|    total_timesteps                | 309248       |
| train/                            |              |
|    approx_kl                      | 0.0052312035 |
|    clip_fraction                  | 0.0169       |
|    clip_range                     | 0.2          |
|    entropy_loss                   | -9.73        |
|    explained_variance             | 0.961        |
|    loss                           | 177          |
|    n_updates                      | 750          |
|    policy_gradient_loss           | -0.00474     |
|    std                            | 0.55         |
|    value_loss                     | 253          |
----------------------------------------------------
TRAIN_PROGRESS total_timesteps=309504
TRAIN_PROGRESS total_timesteps=309760
TRAIN_PROGRESS total_timesteps=310016
TRAIN_PROGRESS total_timesteps=310272
TRAIN_PROGRESS total_timesteps=310528
TRAIN_PROGRESS total_timesteps=310784
TRAIN_PROGRESS total_timesteps=311040
TRAIN_PROGRESS total_timesteps=311296
---------------------------------------------------
| rapid/                            |             |
|    action_saturation_rate         | 0.146       |
|    actor_lr                       | 1e-05       |
|    adaptation_lr                  | 0           |
|    critic_lr                      | 0.0001      |
|    source_action_abs_mean         | 1.25        |
|    speed_progress_mean            | 0.9         |
| reward/                           |             |
|    transition_mean                | 2.11        |
| reward_parts/                     |             |
|    action_rate                    | -0.00325    |
|    alive                          | 0.5         |
|    command_displacement_progress  | 0.403       |
|    command_speed_progress         | 0.511       |
|    command_tracking               | -0.0325     |
|    default_pose                   | -0.0591     |
|    distance                       | 0.0112      |
|    fall                           | 0           |
|    feet_air_time                  | 0           |
|    finetune_moving_contact        | 1           |
|    foot_slip                      | -0.065      |
|    gait                           | 0           |
|    height                         | -0.00157    |
|    horizontal_angular_velocity    | -0.0471     |
|    joint_jitter                   | -0.0191     |
|    joint_velocity                 | -0.00219    |
|    jump_landing                   | 0           |
|    jump_success                   | 0           |
|    non_foot_collision             | 0           |
|    posture                        | -0.0447     |
|    rapid_source_action_saturation | -0.0113     |
|    source_action_saturation       | -0.0113     |
|    static_contact_course          | 0           |
|    support_gap                    | 0           |
|    torque                         | -0.00196    |
|    true_four_foot_contact         | 0           |
|    zero_velocity                  | 0           |
|    zero_yaw_rate                  | -0.0317     |
| rollout/                          |             |
|    ep_rew_mean                    | 2.63e+03    |
|    true_four_contact_ratio        | 0.00977     |
| termination_reason/               |             |
|    body_contact                   | 0           |
|    controller_done                | 0           |
|    height                         | 0           |
|    joint_limit                    | 0           |
|    none                           | 0           |
|    tilt                           | 0           |
|    time_limit                     | 4           |
|    unknown                        | 0           |
|    unsupported                    | 0           |
|    workspace                      | 0           |
| time/                             |             |
|    fps                            | 305         |
|    iterations                     | 152         |
|    time_elapsed                   | 1018        |
|    total_timesteps                | 311296      |
| train/                            |             |
|    approx_kl                      | 0.009806385 |
|    clip_fraction                  | 0.0437      |
|    clip_range                     | 0.2         |
|    entropy_loss                   | -9.73       |
|    explained_variance             | 0.938       |
|    loss                           | 159         |
|    n_updates                      | 755         |
|    policy_gradient_loss           | -0.00601    |
|    std                            | 0.55        |
|    value_loss                     | 252         |
---------------------------------------------------
TRAIN_PROGRESS total_timesteps=311552
TRAIN_PROGRESS total_timesteps=311808
TRAIN_PROGRESS total_timesteps=312064
TRAIN_PROGRESS total_timesteps=312320
TRAIN_PROGRESS total_timesteps=312576
TRAIN_PROGRESS total_timesteps=312832
TRAIN_PROGRESS total_timesteps=313088
TRAIN_PROGRESS total_timesteps=313344
----------------------------------------------------
| rapid/                            |              |
|    action_saturation_rate         | 0.104        |
|    actor_lr                       | 1e-05        |
|    adaptation_lr                  | 0            |
|    critic_lr                      | 0.0001       |
|    source_action_abs_mean         | 0.902        |
|    speed_progress_mean            | 0.902        |
| reward/                           |              |
|    transition_mean                | 1.37         |
| reward_parts/                     |              |
|    action_rate                    | -0.00358     |
|    alive                          | 0.5          |
|    command_displacement_progress  | -0.12        |
|    command_speed_progress         | 0.0208       |
|    command_tracking               | -0.0528      |
|    default_pose                   | -0.0725      |
|    distance                       | -0.0149      |
|    fall                           | 0            |
|    feet_air_time                  | 0            |
|    finetune_moving_contact        | 1.25         |
|    foot_slip                      | -0.0644      |
|    gait                           | 0            |
|    height                         | -0.00924     |
|    horizontal_angular_velocity    | -0.00199     |
|    joint_jitter                   | -0.00518     |
|    joint_velocity                 | -0.00219     |
|    jump_landing                   | 0            |
|    jump_success                   | 0            |
|    non_foot_collision             | 0            |
|    posture                        | -0.000749    |
|    rapid_source_action_saturation | -0.00944     |
|    source_action_saturation       | -0.00944     |
|    static_contact_course          | 0            |
|    support_gap                    | 0            |
|    torque                         | -0.00352     |
|    true_four_foot_contact         | 0            |
|    zero_velocity                  | 0            |
|    zero_yaw_rate                  | -0.0432      |
| rollout/                          |              |
|    ep_rew_mean                    | 2.5e+03      |
|    true_four_contact_ratio        | 0.0156       |
| termination_reason/               |              |
|    body_contact                   | 0            |
|    controller_done                | 0            |
|    height                         | 0            |
|    joint_limit                    | 0            |
|    none                           | 0            |
|    tilt                           | 0            |
|    time_limit                     | 4            |
|    unknown                        | 0            |
|    unsupported                    | 0            |
|    workspace                      | 0            |
| time/                             |              |
|    fps                            | 305          |
|    iterations                     | 153          |
|    time_elapsed                   | 1026         |
|    total_timesteps                | 313344       |
| train/                            |              |
|    approx_kl                      | 0.0027136619 |
|    clip_fraction                  | 0.00283      |
|    clip_range                     | 0.2          |
|    entropy_loss                   | -9.73        |
|    explained_variance             | 0.959        |
|    loss                           | 139          |
|    n_updates                      | 760          |
|    policy_gradient_loss           | -0.00363     |
|    std                            | 0.55         |
|    value_loss                     | 382          |
----------------------------------------------------
TRAIN_PROGRESS total_timesteps=313600
TRAIN_PROGRESS total_timesteps=313856
TRAIN_PROGRESS total_timesteps=314112
TRAIN_PROGRESS total_timesteps=314368
TRAIN_PROGRESS total_timesteps=314624
TRAIN_PROGRESS total_timesteps=314880
TRAIN_PROGRESS total_timesteps=315136
TRAIN_PROGRESS total_timesteps=315392
---------------------------------------------------
| rapid/                            |             |
|    action_saturation_rate         | 0.229       |
|    actor_lr                       | 1e-05       |
|    adaptation_lr                  | 0           |
|    critic_lr                      | 0.0001      |
|    source_action_abs_mean         | 1.32        |
|    speed_progress_mean            | 0.904       |
| reward/                           |             |
|    transition_mean                | 3.14        |
| reward_parts/                     |             |
|    action_rate                    | -0.00331    |
|    alive                          | 0.5         |
|    command_displacement_progress  | 1.12        |
|    command_speed_progress         | 1.12        |
|    command_tracking               | -0.0625     |
|    default_pose                   | -0.0595     |
|    distance                       | 0.0685      |
|    fall                           | 0           |
|    feet_air_time                  | 0           |
|    finetune_moving_contact        | 0.75        |
|    foot_slip                      | -0.0252     |
|    gait                           | -0.0125     |
|    height                         | -0.00126    |
|    horizontal_angular_velocity    | -0.106      |
|    joint_jitter                   | -0.00761    |
|    joint_velocity                 | -0.00138    |
|    jump_landing                   | 0           |
|    jump_success                   | 0           |
|    non_foot_collision             | 0           |
|    posture                        | -0.0381     |
|    rapid_source_action_saturation | -0.0243     |
|    source_action_saturation       | -0.0243     |
|    static_contact_course          | 0           |
|    support_gap                    | -0.075      |
|    torque                         | -0.00161    |
|    true_four_foot_contact         | 0           |
|    zero_velocity                  | -0.000697   |
|    zero_yaw_rate                  | -0.0096     |
| rollout/                          |             |
|    ep_rew_mean                    | 1.13e+03    |
|    true_four_contact_ratio        | 0.0112      |
| termination_reason/               |             |
|    body_contact                   | 0           |
|    controller_done                | 0           |
|    height                         | 0           |
|    joint_limit                    | 0           |
|    none                           | 0           |
|    tilt                           | 0           |
|    time_limit                     | 0           |
|    unknown                        | 0           |
|    unsupported                    | 0           |
|    workspace                      | 0           |
| time/                             |             |
|    fps                            | 304         |
|    iterations                     | 154         |
|    time_elapsed                   | 1034        |
|    total_timesteps                | 315392      |
| train/                            |             |
|    approx_kl                      | 0.009614261 |
|    clip_fraction                  | 0.0457      |
|    clip_range                     | 0.2         |
|    entropy_loss                   | -9.73       |
|    explained_variance             | 0.937       |
|    loss                           | 145         |
|    n_updates                      | 765         |
|    policy_gradient_loss           | -0.00793    |
|    std                            | 0.55        |
|    value_loss                     | 299         |
---------------------------------------------------
TRAIN_PROGRESS total_timesteps=315648
TRAIN_PROGRESS total_timesteps=315904
TRAIN_PROGRESS total_timesteps=316160
TRAIN_PROGRESS total_timesteps=316416
TRAIN_PROGRESS total_timesteps=316672
TRAIN_PROGRESS total_timesteps=316928
TRAIN_PROGRESS total_timesteps=317184
TRAIN_PROGRESS total_timesteps=317440
----------------------------------------------------
| rapid/                            |              |
|    action_saturation_rate         | 0.208        |
|    actor_lr                       | 1e-05        |
|    adaptation_lr                  | 0            |
|    critic_lr                      | 0.0001       |
|    source_action_abs_mean         | 1.28         |
|    speed_progress_mean            | 0.907        |
| reward/                           |              |
|    transition_mean                | 0.307        |
| reward_parts/                     |              |
|    action_rate                    | -0.00354     |
|    alive                          | 0.5          |
|    command_displacement_progress  | -0.367       |
|    command_speed_progress         | 0.00475      |
|    command_tracking               | -0.0732      |
|    default_pose                   | -0.0452      |
|    distance                       | -0.0148      |
|    fall                           | 0            |
|    feet_air_time                  | 0            |
|    finetune_moving_contact        | 0.625        |
|    foot_slip                      | -0.035       |
|    gait                           | -0.025       |
|    height                         | -0.000665    |
|    horizontal_angular_velocity    | -0.0271      |
|    joint_jitter                   | -0.0031      |
|    joint_velocity                 | -0.00244     |
|    jump_landing                   | 0            |
|    jump_success                   | 0            |
|    non_foot_collision             | 0            |
|    posture                        | -0.0146      |
|    rapid_source_action_saturation | -0.0107      |
|    source_action_saturation       | -0.0107      |
|    static_contact_course          | 0            |
|    support_gap                    | -0.15        |
|    torque                         | -0.00205     |
|    true_four_foot_contact         | 0            |
|    zero_velocity                  | -0.00268     |
|    zero_yaw_rate                  | -0.0455      |
| rollout/                          |              |
|    ep_rew_mean                    | 2.48e+03     |
|    true_four_contact_ratio        | 0.00977      |
| termination_reason/               |              |
|    body_contact                   | 0            |
|    controller_done                | 0            |
|    height                         | 0            |
|    joint_limit                    | 0            |
|    none                           | 0            |
|    tilt                           | 0            |
|    time_limit                     | 4            |
|    unknown                        | 0            |
|    unsupported                    | 0            |
|    workspace                      | 0            |
| time/                             |              |
|    fps                            | 304          |
|    iterations                     | 155          |
|    time_elapsed                   | 1041         |
|    total_timesteps                | 317440       |
| train/                            |              |
|    approx_kl                      | 0.0039784666 |
|    clip_fraction                  | 0.0083       |
|    clip_range                     | 0.2          |
|    entropy_loss                   | -9.73        |
|    explained_variance             | 0.886        |
|    loss                           | 570          |
|    n_updates                      | 770          |
|    policy_gradient_loss           | -0.00358     |
|    std                            | 0.55         |
|    value_loss                     | 1e+03        |
----------------------------------------------------
TRAIN_PROGRESS total_timesteps=317696
TRAIN_PROGRESS total_timesteps=317952
TRAIN_PROGRESS total_timesteps=318208
TRAIN_PROGRESS total_timesteps=318464
TRAIN_PROGRESS total_timesteps=318720
TRAIN_PROGRESS total_timesteps=318976
TRAIN_PROGRESS total_timesteps=319232
TRAIN_PROGRESS total_timesteps=319488
---------------------------------------------------
| rapid/                            |             |
|    action_saturation_rate         | 0.125       |
|    actor_lr                       | 1e-05       |
|    adaptation_lr                  | 0           |
|    critic_lr                      | 0.0001      |
|    source_action_abs_mean         | 1.2         |
|    speed_progress_mean            | 0.908       |
| reward/                           |             |
|    transition_mean                | 2.05        |
| reward_parts/                     |             |
|    action_rate                    | -0.00338    |
|    alive                          | 0.5         |
|    command_displacement_progress  | 0.658       |
|    command_speed_progress         | 0.668       |
|    command_tracking               | -0.0363     |
|    default_pose                   | -0.06       |
|    distance                       | 0.0359      |
|    fall                           | 0           |
|    feet_air_time                  | 0           |
|    finetune_moving_contact        | 0.625       |
|    foot_slip                      | -0.0615     |
|    gait                           | -0.025      |
|    height                         | -0.00111    |
|    horizontal_angular_velocity    | -0.0164     |
|    joint_jitter                   | -0.00613    |
|    joint_velocity                 | -0.00194    |
|    jump_landing                   | 0           |
|    jump_success                   | 0           |
|    non_foot_collision             | 0           |
|    posture                        | -0.0688     |
|    rapid_source_action_saturation | -0.0248     |
|    source_action_saturation       | -0.0248     |
|    static_contact_course          | 0           |
|    support_gap                    | -0.112      |
|    torque                         | -0.00249    |
|    true_four_foot_contact         | 0           |
|    zero_velocity                  | -0.00266    |
|    zero_yaw_rate                  | -0.0161     |
| rollout/                          |             |
|    ep_rew_mean                    | 960         |
|    true_four_contact_ratio        | 0.00928     |
| termination_reason/               |             |
|    body_contact                   | 0           |
|    controller_done                | 0           |
|    height                         | 0           |
|    joint_limit                    | 0           |
|    none                           | 0           |
|    tilt                           | 0           |
|    time_limit                     | 0           |
|    unknown                        | 0           |
|    unsupported                    | 0           |
|    workspace                      | 0           |
| time/                             |             |
|    fps                            | 304         |
|    iterations                     | 156         |
|    time_elapsed                   | 1049        |
|    total_timesteps                | 319488      |
| train/                            |             |
|    approx_kl                      | 0.007241332 |
|    clip_fraction                  | 0.0321      |
|    clip_range                     | 0.2         |
|    entropy_loss                   | -9.73       |
|    explained_variance             | 0.959       |
|    loss                           | 96.1        |
|    n_updates                      | 775         |
|    policy_gradient_loss           | -0.00606    |
|    std                            | 0.55        |
|    value_loss                     | 227         |
---------------------------------------------------
TRAIN_PROGRESS total_timesteps=319744
TRAIN_PROGRESS total_timesteps=320000
CHECKPOINT /run/media/pma213x/0C6A8CC86A8CAFCE/Ubuntu2/CodeU/Dog1/official-mini-cheetah/checkpoints/official_mini_cheetah_flat_jump_v1_r3/rapid_finetune_500k_20261006/official_mini_cheetah_flat_jump_v1_r3_320000_steps.zip
TRAIN_PROGRESS total_timesteps=320256
TRAIN_PROGRESS total_timesteps=320512
TRAIN_PROGRESS total_timesteps=320768
TRAIN_PROGRESS total_timesteps=321024
TRAIN_PROGRESS total_timesteps=321280
TRAIN_PROGRESS total_timesteps=321536
----------------------------------------------------
| rapid/                            |              |
|    action_saturation_rate         | 0.0833       |
|    actor_lr                       | 1e-05        |
|    adaptation_lr                  | 0            |
|    critic_lr                      | 0.0001       |
|    source_action_abs_mean         | 1.05         |
|    speed_progress_mean            | 0.91         |
| reward/                           |              |
|    transition_mean                | 0.918        |
| reward_parts/                     |              |
|    action_rate                    | -0.00334     |
|    alive                          | 0.5          |
|    command_displacement_progress  | 0.155        |
|    command_speed_progress         | 0.333        |
|    command_tracking               | -0.0994      |
|    default_pose                   | -0.0366      |
|    distance                       | 0.00812      |
|    fall                           | 0            |
|    feet_air_time                  | 0            |
|    finetune_moving_contact        | 0.5          |
|    foot_slip                      | -0.0655      |
|    gait                           | -0.025       |
|    height                         | -0.00034     |
|    horizontal_angular_velocity    | -0.155       |
|    joint_jitter                   | -0.00989     |
|    joint_velocity                 | -0.00272     |
|    jump_landing                   | 0            |
|    jump_success                   | 0            |
|    non_foot_collision             | 0            |
|    posture                        | -0.0185      |
|    rapid_source_action_saturation | -0.00938     |
|    source_action_saturation       | -0.00938     |
|    static_contact_course          | 0            |
|    support_gap                    | -0.112       |
|    torque                         | -0.00309     |
|    true_four_foot_contact         | 0            |
|    zero_velocity                  | -0.00252     |
|    zero_yaw_rate                  | -0.0345      |
| rollout/                          |              |
|    ep_rew_mean                    | 1.47e+03     |
|    true_four_contact_ratio        | 0.0117       |
| termination_reason/               |              |
|    body_contact                   | 0            |
|    controller_done                | 0            |
|    height                         | 0            |
|    joint_limit                    | 0            |
|    none                           | 0            |
|    tilt                           | 0            |
|    time_limit                     | 4            |
|    unknown                        | 0            |
|    unsupported                    | 0            |
|    workspace                      | 0            |
| time/                             |              |
|    fps                            | 302          |
|    iterations                     | 157          |
|    time_elapsed                   | 1061         |
|    total_timesteps                | 321536       |
| train/                            |              |
|    approx_kl                      | 0.0016963535 |
|    clip_fraction                  | 0.000488     |
|    clip_range                     | 0.2          |
|    entropy_loss                   | -9.73        |
|    explained_variance             | 0.891        |
|    loss                           | 652          |
|    n_updates                      | 780          |
|    policy_gradient_loss           | -0.00201     |
|    std                            | 0.55         |
|    value_loss                     | 1.2e+03      |
----------------------------------------------------
TRAIN_PROGRESS total_timesteps=321792
TRAIN_PROGRESS total_timesteps=322048
TRAIN_PROGRESS total_timesteps=322304
TRAIN_PROGRESS total_timesteps=322560
TRAIN_PROGRESS total_timesteps=322816
TRAIN_PROGRESS total_timesteps=323072
TRAIN_PROGRESS total_timesteps=323328
TRAIN_PROGRESS total_timesteps=323584
----------------------------------------------------
| rapid/                            |              |
|    action_saturation_rate         | 0.146        |
|    actor_lr                       | 1e-05        |
|    adaptation_lr                  | 0            |
|    critic_lr                      | 0.0001       |
|    source_action_abs_mean         | 1.13         |
|    speed_progress_mean            | 0.911        |
| reward/                           |              |
|    transition_mean                | 2.31         |
| reward_parts/                     |              |
|    action_rate                    | -0.00301     |
|    alive                          | 0.5          |
|    command_displacement_progress  | 0.272        |
|    command_speed_progress         | 0.586        |
|    command_tracking               | -0.0462      |
|    default_pose                   | -0.0741      |
|    distance                       | 0.0207       |
|    fall                           | 0            |
|    feet_air_time                  | 0            |
|    finetune_moving_contact        | 1.38         |
|    foot_slip                      | -0.0927      |
|    gait                           | 0            |
|    height                         | -0.00154     |
|    horizontal_angular_velocity    | -0.0417      |
|    joint_jitter                   | -0.00629     |
|    joint_velocity                 | -0.00225     |
|    jump_landing                   | 0            |
|    jump_success                   | 0            |
|    non_foot_collision             | 0            |
|    posture                        | -0.128       |
|    rapid_source_action_saturation | -0.0266      |
|    source_action_saturation       | -0.0266      |
|    static_contact_course          | 0            |
|    support_gap                    | 0            |
|    torque                         | -0.00249     |
|    true_four_foot_contact         | 0            |
|    zero_velocity                  | 0            |
|    zero_yaw_rate                  | -0.016       |
| rollout/                          |              |
|    ep_rew_mean                    | 1.1e+03      |
|    true_four_contact_ratio        | 0.0107       |
| termination_reason/               |              |
|    body_contact                   | 0            |
|    controller_done                | 0            |
|    height                         | 0            |
|    joint_limit                    | 0            |
|    none                           | 0            |
|    tilt                           | 0            |
|    time_limit                     | 0            |
|    unknown                        | 0            |
|    unsupported                    | 0            |
|    workspace                      | 0            |
| time/                             |              |
|    fps                            | 301          |
|    iterations                     | 158          |
|    time_elapsed                   | 1074         |
|    total_timesteps                | 323584       |
| train/                            |              |
|    approx_kl                      | 0.0012329919 |
|    clip_fraction                  | 9.77e-05     |
|    clip_range                     | 0.2          |
|    entropy_loss                   | -9.73        |
|    explained_variance             | 0.96         |
|    loss                           | 227          |
|    n_updates                      | 785          |
|    policy_gradient_loss           | -0.0019      |
|    std                            | 0.55         |
|    value_loss                     | 336          |
----------------------------------------------------
TRAIN_PROGRESS total_timesteps=323840
TRAIN_PROGRESS total_timesteps=324096
TRAIN_PROGRESS total_timesteps=324352
TRAIN_PROGRESS total_timesteps=324608
TRAIN_PROGRESS total_timesteps=324864
TRAIN_PROGRESS total_timesteps=325120
TRAIN_PROGRESS total_timesteps=325376
TRAIN_PROGRESS total_timesteps=325632
----------------------------------------------------
| rapid/                            |              |
|    action_saturation_rate         | 0.167        |
|    actor_lr                       | 1e-05        |
|    adaptation_lr                  | 0            |
|    critic_lr                      | 0.0001       |
|    source_action_abs_mean         | 1.39         |
|    speed_progress_mean            | 0.913        |
| reward/                           |              |
|    transition_mean                | 1.49         |
| reward_parts/                     |              |
|    action_rate                    | -0.00322     |
|    alive                          | 0.5          |
|    command_displacement_progress  | 0.103        |
|    command_speed_progress         | 0.455        |
|    command_tracking               | -0.101       |
|    default_pose                   | -0.0461      |
|    distance                       | 0.00453      |
|    fall                           | 0            |
|    feet_air_time                  | 0            |
|    finetune_moving_contact        | 0.875        |
|    foot_slip                      | -0.0157      |
|    gait                           | -0.0125      |
|    height                         | -0.000318    |
|    horizontal_angular_velocity    | -0.108       |
|    joint_jitter                   | -0.0069      |
|    joint_velocity                 | -0.00247     |
|    jump_landing                   | 0            |
|    jump_success                   | 0            |
|    non_foot_collision             | 0            |
|    posture                        | -0.0249      |
|    rapid_source_action_saturation | -0.0193      |
|    source_action_saturation       | -0.0193      |
|    static_contact_course          | 0            |
|    support_gap                    | -0.075       |
|    torque                         | -0.00428     |
|    true_four_foot_contact         | 0            |
|    zero_velocity                  | -0.0038      |
|    zero_yaw_rate                  | -0.0296      |
| rollout/                          |              |
|    ep_rew_mean                    | 2.26e+03     |
|    true_four_contact_ratio        | 0.0122       |
| termination_reason/               |              |
|    body_contact                   | 0            |
|    controller_done                | 0            |
|    height                         | 0            |
|    joint_limit                    | 0            |
|    none                           | 0            |
|    tilt                           | 0            |
|    time_limit                     | 4            |
|    unknown                        | 0            |
|    unsupported                    | 0            |
|    workspace                      | 0            |
| time/                             |              |
|    fps                            | 298          |
|    iterations                     | 159          |
|    time_elapsed                   | 1089         |
|    total_timesteps                | 325632       |
| train/                            |              |
|    approx_kl                      | 0.0048986888 |
|    clip_fraction                  | 0.0133       |
|    clip_range                     | 0.2          |
|    entropy_loss                   | -9.73        |
|    explained_variance             | 0.926        |
|    loss                           | 352          |
|    n_updates                      | 790          |
|    policy_gradient_loss           | -0.00616     |
|    std                            | 0.55         |
|    value_loss                     | 770          |
----------------------------------------------------
TRAIN_PROGRESS total_timesteps=325888
TRAIN_PROGRESS total_timesteps=326144
TRAIN_PROGRESS total_timesteps=326400
TRAIN_PROGRESS total_timesteps=326656
TRAIN_PROGRESS total_timesteps=326912
TRAIN_PROGRESS total_timesteps=327168
TRAIN_PROGRESS total_timesteps=327424
TRAIN_PROGRESS total_timesteps=327680
---------------------------------------------------
| rapid/                            |             |
|    action_saturation_rate         | 0.125       |
|    actor_lr                       | 1e-05       |
|    adaptation_lr                  | 0           |
|    critic_lr                      | 0.0001      |
|    source_action_abs_mean         | 1.04        |
|    speed_progress_mean            | 0.915       |
| reward/                           |             |
|    transition_mean                | 3.01        |
| reward_parts/                     |             |
|    action_rate                    | -0.00316    |
|    alive                          | 0.5         |
|    command_displacement_progress  | 0.947       |
|    command_speed_progress         | 0.924       |
|    command_tracking               | -0.0431     |
|    default_pose                   | -0.0598     |
|    distance                       | 0.0546      |
|    fall                           | 0           |
|    feet_air_time                  | 0           |
|    finetune_moving_contact        | 1           |
|    foot_slip                      | -0.0744     |
|    gait                           | -0.0125     |
|    height                         | -0.000688   |
|    horizontal_angular_velocity    | -0.0147     |
|    joint_jitter                   | -0.0111     |
|    joint_velocity                 | -0.00224    |
|    jump_landing                   | 0           |
|    jump_success                   | 0           |
|    non_foot_collision             | 0           |
|    posture                        | -0.0701     |
|    rapid_source_action_saturation | -0.0132     |
|    source_action_saturation       | -0.0132     |
|    static_contact_course          | 0           |
|    support_gap                    | -0.075      |
|    torque                         | -0.00256    |
|    true_four_foot_contact         | 0           |
|    zero_velocity                  | -0.00224    |
|    zero_yaw_rate                  | -0.0275     |
| rollout/                          |             |
|    ep_rew_mean                    | 1.58e+03    |
|    true_four_contact_ratio        | 0.00732     |
| termination_reason/               |             |
|    body_contact                   | 0           |
|    controller_done                | 0           |
|    height                         | 0           |
|    joint_limit                    | 0           |
|    none                           | 0           |
|    tilt                           | 0           |
|    time_limit                     | 0           |
|    unknown                        | 0           |
|    unsupported                    | 0           |
|    workspace                      | 0           |
| time/                             |             |
|    fps                            | 297         |
|    iterations                     | 160         |
|    time_elapsed                   | 1100        |
|    total_timesteps                | 327680      |
| train/                            |             |
|    approx_kl                      | 0.009464938 |
|    clip_fraction                  | 0.0416      |
|    clip_range                     | 0.2         |
|    entropy_loss                   | -9.73       |
|    explained_variance             | 0.959       |
|    loss                           | 123         |
|    n_updates                      | 795         |
|    policy_gradient_loss           | -0.00687    |
|    std                            | 0.55        |
|    value_loss                     | 276         |
---------------------------------------------------
TRAIN_PROGRESS total_timesteps=327936
TRAIN_PROGRESS total_timesteps=328192
TRAIN_PROGRESS total_timesteps=328448
TRAIN_PROGRESS total_timesteps=328704
TRAIN_PROGRESS total_timesteps=328960
TRAIN_PROGRESS total_timesteps=329216
TRAIN_PROGRESS total_timesteps=329472
TRAIN_PROGRESS total_timesteps=329728
---------------------------------------------------
| rapid/                            |             |
|    action_saturation_rate         | 0.167       |
|    actor_lr                       | 1e-05       |
|    adaptation_lr                  | 0           |
|    critic_lr                      | 0.0001      |
|    source_action_abs_mean         | 1.33        |
|    speed_progress_mean            | 0.917       |
| reward/                           |             |
|    transition_mean                | 0.737       |
| reward_parts/                     |             |
|    action_rate                    | -0.00349    |
|    alive                          | 0.5         |
|    command_displacement_progress  | 0.0698      |
|    command_speed_progress         | 0.12        |
|    command_tracking               | -0.0844     |
|    default_pose                   | -0.0454     |
|    distance                       | 0.0015      |
|    fall                           | 0           |
|    feet_air_time                  | 0           |
|    finetune_moving_contact        | 0.625       |
|    foot_slip                      | -0.108      |
|    gait                           | -0.025      |
|    height                         | -0.000352   |
|    horizontal_angular_velocity    | -0.109      |
|    joint_jitter                   | -0.00989    |
|    joint_velocity                 | -0.00301    |
|    jump_landing                   | 0           |
|    jump_success                   | 0           |
|    non_foot_collision             | 0           |
|    posture                        | -0.0615     |
|    rapid_source_action_saturation | -0.0222     |
|    source_action_saturation       | -0.0222     |
|    static_contact_course          | 0           |
|    support_gap                    | -0.075      |
|    torque                         | -0.00352    |
|    true_four_foot_contact         | 0           |
|    zero_velocity                  | -0.00344    |
|    zero_yaw_rate                  | -0.0252     |
| rollout/                          |             |
|    ep_rew_mean                    | 2.33e+03    |
|    true_four_contact_ratio        | 0.00879     |
| termination_reason/               |             |
|    body_contact                   | 0           |
|    controller_done                | 0           |
|    height                         | 0           |
|    joint_limit                    | 0           |
|    none                           | 0           |
|    tilt                           | 0           |
|    time_limit                     | 4           |
|    unknown                        | 0           |
|    unsupported                    | 0           |
|    workspace                      | 0           |
| time/                             |             |
|    fps                            | 296         |
|    iterations                     | 161         |
|    time_elapsed                   | 1113        |
|    total_timesteps                | 329728      |
| train/                            |             |
|    approx_kl                      | 0.005913419 |
|    clip_fraction                  | 0.0193      |
|    clip_range                     | 0.2         |
|    entropy_loss                   | -9.73       |
|    explained_variance             | 0.939       |
|    loss                           | 153         |
|    n_updates                      | 800         |
|    policy_gradient_loss           | -0.00421    |
|    std                            | 0.55        |
|    value_loss                     | 354         |
---------------------------------------------------
TRAIN_PROGRESS total_timesteps=329984
TRAIN_PROGRESS total_timesteps=330240
TRAIN_PROGRESS total_timesteps=330496
TRAIN_PROGRESS total_timesteps=330752
TRAIN_PROGRESS total_timesteps=331008
TRAIN_PROGRESS total_timesteps=331264
TRAIN_PROGRESS total_timesteps=331520
TRAIN_PROGRESS total_timesteps=331776
---------------------------------------------------
| rapid/                            |             |
|    action_saturation_rate         | 0.0417      |
|    actor_lr                       | 1e-05       |
|    adaptation_lr                  | 0           |
|    critic_lr                      | 0.0001      |
|    source_action_abs_mean         | 1.02        |
|    speed_progress_mean            | 0.917       |
| reward/                           |             |
|    transition_mean                | 3.81        |
| reward_parts/                     |             |
|    action_rate                    | -0.00357    |
|    alive                          | 0.5         |
|    command_displacement_progress  | 1.15        |
|    command_speed_progress         | 1.15        |
|    command_tracking               | -0.0387     |
|    default_pose                   | -0.0663     |
|    distance                       | 0.0887      |
|    fall                           | 0           |
|    feet_air_time                  | 0           |
|    finetune_moving_contact        | 1.25        |
|    foot_slip                      | -0.0694     |
|    gait                           | 0           |
|    height                         | -0.00073    |
|    horizontal_angular_velocity    | -0.0196     |
|    joint_jitter                   | -0.00755    |
|    joint_velocity                 | -0.00217    |
|    jump_landing                   | 0           |
|    jump_success                   | 0           |
|    non_foot_collision             | 0           |
|    posture                        | -0.096      |
|    rapid_source_action_saturation | -0.00461    |
|    source_action_saturation       | -0.00461    |
|    static_contact_course          | 0           |
|    support_gap                    | 0           |
|    torque                         | -0.00442    |
|    true_four_foot_contact         | 0           |
|    zero_velocity                  | 0           |
|    zero_yaw_rate                  | -0.0253     |
| rollout/                          |             |
|    ep_rew_mean                    | 874         |
|    true_four_contact_ratio        | 0.00928     |
| termination_reason/               |             |
|    body_contact                   | 0           |
|    controller_done                | 0           |
|    height                         | 0           |
|    joint_limit                    | 0           |
|    none                           | 0           |
|    tilt                           | 0           |
|    time_limit                     | 0           |
|    unknown                        | 0           |
|    unsupported                    | 0           |
|    workspace                      | 0           |
| time/                             |             |
|    fps                            | 294         |
|    iterations                     | 162         |
|    time_elapsed                   | 1125        |
|    total_timesteps                | 331776      |
| train/                            |             |
|    approx_kl                      | 0.003970563 |
|    clip_fraction                  | 0.00693     |
|    clip_range                     | 0.2         |
|    entropy_loss                   | -9.73       |
|    explained_variance             | 0.974       |
|    loss                           | 196         |
|    n_updates                      | 805         |
|    policy_gradient_loss           | -0.00426    |
|    std                            | 0.55        |
|    value_loss                     | 318         |
---------------------------------------------------
TRAIN_PROGRESS total_timesteps=332032
TRAIN_PROGRESS total_timesteps=332288
TRAIN_PROGRESS total_timesteps=332544
TRAIN_PROGRESS total_timesteps=332800
TRAIN_PROGRESS total_timesteps=333056
TRAIN_PROGRESS total_timesteps=333312
TRAIN_PROGRESS total_timesteps=333568
TRAIN_PROGRESS total_timesteps=333824
----------------------------------------------------
| rapid/                            |              |
|    action_saturation_rate         | 0.208        |
|    actor_lr                       | 1e-05        |
|    adaptation_lr                  | 0            |
|    critic_lr                      | 0.0001       |
|    source_action_abs_mean         | 1.4          |
|    speed_progress_mean            | 0.919        |
| reward/                           |              |
|    transition_mean                | 2.05         |
| reward_parts/                     |              |
|    action_rate                    | -0.00303     |
|    alive                          | 0.5          |
|    command_displacement_progress  | 0.75         |
|    command_speed_progress         | 0.75         |
|    command_tracking               | -0.0501      |
|    default_pose                   | -0.0516      |
|    distance                       | 0.0517       |
|    fall                           | 0            |
|    feet_air_time                  | 0            |
|    finetune_moving_contact        | 0.5          |
|    foot_slip                      | -0.0421      |
|    gait                           | -0.025       |
|    height                         | -0.00123     |
|    horizontal_angular_velocity    | -0.103       |
|    joint_jitter                   | -0.0069      |
|    joint_velocity                 | -0.00183     |
|    jump_landing                   | 0            |
|    jump_success                   | 0            |
|    non_foot_collision             | 0            |
|    posture                        | -0.0356      |
|    rapid_source_action_saturation | -0.024       |
|    source_action_saturation       | -0.024       |
|    static_contact_course          | 0            |
|    support_gap                    | -0.15        |
|    torque                         | -0.00196     |
|    true_four_foot_contact         | 0            |
|    zero_velocity                  | -0.00294     |
|    zero_yaw_rate                  | -0.00311     |
| rollout/                          |              |
|    ep_rew_mean                    | 1.88e+03     |
|    true_four_contact_ratio        | 0.0103       |
| termination_reason/               |              |
|    body_contact                   | 0            |
|    controller_done                | 0            |
|    height                         | 0            |
|    joint_limit                    | 0            |
|    none                           | 0            |
|    tilt                           | 0            |
|    time_limit                     | 4            |
|    unknown                        | 0            |
|    unsupported                    | 0            |
|    workspace                      | 0            |
| time/                             |              |
|    fps                            | 293          |
|    iterations                     | 163          |
|    time_elapsed                   | 1137         |
|    total_timesteps                | 333824       |
| train/                            |              |
|    approx_kl                      | 0.0024794508 |
|    clip_fraction                  | 0.00322      |
|    clip_range                     | 0.2          |
|    entropy_loss                   | -9.73        |
|    explained_variance             | 0.933        |
|    loss                           | 474          |
|    n_updates                      | 810          |
|    policy_gradient_loss           | -0.00385     |
|    std                            | 0.55         |
|    value_loss                     | 1.06e+03     |
----------------------------------------------------
TRAIN_PROGRESS total_timesteps=334080
TRAIN_PROGRESS total_timesteps=334336
TRAIN_PROGRESS total_timesteps=334592
TRAIN_PROGRESS total_timesteps=334848
TRAIN_PROGRESS total_timesteps=335104
TRAIN_PROGRESS total_timesteps=335360
TRAIN_PROGRESS total_timesteps=335616
TRAIN_PROGRESS total_timesteps=335872
---------------------------------------------------
| rapid/                            |             |
|    action_saturation_rate         | 0.125       |
|    actor_lr                       | 1e-05       |
|    adaptation_lr                  | 0           |
|    critic_lr                      | 0.0001      |
|    source_action_abs_mean         | 1.26        |
|    speed_progress_mean            | 0.92        |
| reward/                           |             |
|    transition_mean                | 0.961       |
| reward_parts/                     |             |
|    action_rate                    | -0.00316    |
|    alive                          | 0.5         |
|    command_displacement_progress  | 0.375       |
|    command_speed_progress         | 0.375       |
|    command_tracking               | -0.0634     |
|    default_pose                   | -0.0604     |
|    distance                       | 0.0289      |
|    fall                           | 0           |
|    feet_air_time                  | 0           |
|    finetune_moving_contact        | 0.25        |
|    foot_slip                      | -0.0355     |
|    gait                           | -0.0375     |
|    height                         | -0.0011     |
|    horizontal_angular_velocity    | -0.00709    |
|    joint_jitter                   | -0.00701    |
|    joint_velocity                 | -0.00276    |
|    jump_landing                   | 0           |
|    jump_success                   | 0           |
|    non_foot_collision             | 0           |
|    posture                        | -0.0791     |
|    rapid_source_action_saturation | -0.0105     |
|    source_action_saturation       | -0.0105     |
|    static_contact_course          | 0           |
|    support_gap                    | -0.225      |
|    torque                         | -0.00299    |
|    true_four_foot_contact         | 0           |
|    zero_velocity                  | -0.00541    |
|    zero_yaw_rate                  | -0.0267     |
| rollout/                          |             |
|    ep_rew_mean                    | 814         |
|    true_four_contact_ratio        | 0.00928     |
| termination_reason/               |             |
|    body_contact                   | 0           |
|    controller_done                | 0           |
|    height                         | 0           |
|    joint_limit                    | 0           |
|    none                           | 0           |
|    tilt                           | 0           |
|    time_limit                     | 0           |
|    unknown                        | 0           |
|    unsupported                    | 0           |
|    workspace                      | 0           |
| time/                             |             |
|    fps                            | 292         |
|    iterations                     | 164         |
|    time_elapsed                   | 1149        |
|    total_timesteps                | 335872      |
| train/                            |             |
|    approx_kl                      | 0.007128597 |
|    clip_fraction                  | 0.027       |
|    clip_range                     | 0.2         |
|    entropy_loss                   | -9.73       |
|    explained_variance             | 0.971       |
|    loss                           | 339         |
|    n_updates                      | 815         |
|    policy_gradient_loss           | -0.00672    |
|    std                            | 0.55        |
|    value_loss                     | 337         |
---------------------------------------------------
TRAIN_PROGRESS total_timesteps=336128
TRAIN_PROGRESS total_timesteps=336384
TRAIN_PROGRESS total_timesteps=336640
TRAIN_PROGRESS total_timesteps=336896
TRAIN_PROGRESS total_timesteps=337152
TRAIN_PROGRESS total_timesteps=337408
TRAIN_PROGRESS total_timesteps=337664
TRAIN_PROGRESS total_timesteps=337920
----------------------------------------------------
| rapid/                            |              |
|    action_saturation_rate         | 0.125        |
|    actor_lr                       | 1e-05        |
|    adaptation_lr                  | 0            |
|    critic_lr                      | 0.0001       |
|    source_action_abs_mean         | 1.05         |
|    speed_progress_mean            | 0.922        |
| reward/                           |              |
|    transition_mean                | 2.07         |
| reward_parts/                     |              |
|    action_rate                    | -0.00295     |
|    alive                          | 0.5          |
|    command_displacement_progress  | 0.75         |
|    command_speed_progress         | 0.75         |
|    command_tracking               | -0.122       |
|    default_pose                   | -0.058       |
|    distance                       | 0.0733       |
|    fall                           | 0            |
|    feet_air_time                  | 0            |
|    finetune_moving_contact        | 0.5          |
|    foot_slip                      | -0.0194      |
|    gait                           | -0.025       |
|    height                         | -0.00161     |
|    horizontal_angular_velocity    | -0.045       |
|    joint_jitter                   | -0.0068      |
|    joint_velocity                 | -0.00227     |
|    jump_landing                   | 0            |
|    jump_success                   | 0            |
|    non_foot_collision             | 0            |
|    posture                        | -0.0404      |
|    rapid_source_action_saturation | -0.00856     |
|    source_action_saturation       | -0.00856     |
|    static_contact_course          | 0            |
|    support_gap                    | -0.15        |
|    torque                         | -0.002       |
|    true_four_foot_contact         | 0            |
|    zero_velocity                  | -0.00954     |
|    zero_yaw_rate                  | -0.0145      |
| rollout/                          |              |
|    ep_rew_mean                    | 1.69e+03     |
|    true_four_contact_ratio        | 0.00879      |
| termination_reason/               |              |
|    body_contact                   | 0            |
|    controller_done                | 0            |
|    height                         | 0            |
|    joint_limit                    | 0            |
|    none                           | 0            |
|    tilt                           | 0            |
|    time_limit                     | 4            |
|    unknown                        | 0            |
|    unsupported                    | 0            |
|    workspace                      | 0            |
| time/                             |              |
|    fps                            | 291          |
|    iterations                     | 165          |
|    time_elapsed                   | 1161         |
|    total_timesteps                | 337920       |
| train/                            |              |
|    approx_kl                      | 0.0029367816 |
|    clip_fraction                  | 0.00244      |
|    clip_range                     | 0.2          |
|    entropy_loss                   | -9.73        |
|    explained_variance             | 0.91         |
|    loss                           | 456          |
|    n_updates                      | 820          |
|    policy_gradient_loss           | -0.00348     |
|    std                            | 0.55         |
|    value_loss                     | 1.37e+03     |
----------------------------------------------------
TRAIN_PROGRESS total_timesteps=338176
TRAIN_PROGRESS total_timesteps=338432
TRAIN_PROGRESS total_timesteps=338688
TRAIN_PROGRESS total_timesteps=338944
TRAIN_PROGRESS total_timesteps=339200
TRAIN_PROGRESS total_timesteps=339456
TRAIN_PROGRESS total_timesteps=339712
TRAIN_PROGRESS total_timesteps=339968
----------------------------------------------------
| rapid/                            |              |
|    action_saturation_rate         | 0.146        |
|    actor_lr                       | 1e-05        |
|    adaptation_lr                  | 0            |
|    critic_lr                      | 0.0001       |
|    source_action_abs_mean         | 1.1          |
|    speed_progress_mean            | 0.924        |
| reward/                           |              |
|    transition_mean                | 3.11         |
| reward_parts/                     |              |
|    action_rate                    | -0.0034      |
|    alive                          | 0.5          |
|    command_displacement_progress  | 1.08         |
|    command_speed_progress         | 1.11         |
|    command_tracking               | -0.0882      |
|    default_pose                   | -0.0572      |
|    distance                       | 0.0811       |
|    fall                           | 0            |
|    feet_air_time                  | 0            |
|    finetune_moving_contact        | 0.875        |
|    foot_slip                      | -0.0734      |
|    gait                           | -0.0125      |
|    height                         | -0.001       |
|    horizontal_angular_velocity    | -0.192       |
|    joint_jitter                   | -0.0058      |
|    joint_velocity                 | -0.0019      |
|    jump_landing                   | 0            |
|    jump_success                   | 0            |
|    non_foot_collision             | 0            |
|    posture                        | -0.0358      |
|    rapid_source_action_saturation | -0.00947     |
|    source_action_saturation       | -0.00947     |
|    static_contact_course          | 0            |
|    support_gap                    | -0.0375      |
|    torque                         | -0.00235     |
|    true_four_foot_contact         | 0            |
|    zero_velocity                  | -0.00183     |
|    zero_yaw_rate                  | -0.014       |
| rollout/                          |              |
|    ep_rew_mean                    | 1.5e+03      |
|    true_four_contact_ratio        | 0.00879      |
| termination_reason/               |              |
|    body_contact                   | 0            |
|    controller_done                | 0            |
|    height                         | 0            |
|    joint_limit                    | 0            |
|    none                           | 0            |
|    tilt                           | 0            |
|    time_limit                     | 0            |
|    unknown                        | 0            |
|    unsupported                    | 0            |
|    workspace                      | 0            |
| time/                             |              |
|    fps                            | 290          |
|    iterations                     | 166          |
|    time_elapsed                   | 1169         |
|    total_timesteps                | 339968       |
| train/                            |              |
|    approx_kl                      | 0.0028177514 |
|    clip_fraction                  | 0.00215      |
|    clip_range                     | 0.2          |
|    entropy_loss                   | -9.73        |
|    explained_variance             | 0.944        |
|    loss                           | 159          |
|    n_updates                      | 825          |
|    policy_gradient_loss           | -0.00353     |
|    std                            | 0.55         |
|    value_loss                     | 603          |
----------------------------------------------------
CHECKPOINT /run/media/pma213x/0C6A8CC86A8CAFCE/Ubuntu2/CodeU/Dog1/official-mini-cheetah/checkpoints/official_mini_cheetah_flat_jump_v1_r3/rapid_finetune_500k_20261006/official_mini_cheetah_flat_jump_v1_r3_340000_steps.zip
TRAIN_PROGRESS total_timesteps=340224
TRAIN_PROGRESS total_timesteps=340480
TRAIN_PROGRESS total_timesteps=340736
TRAIN_PROGRESS total_timesteps=340992
TRAIN_PROGRESS total_timesteps=341248
TRAIN_PROGRESS total_timesteps=341504
TRAIN_PROGRESS total_timesteps=341760
TRAIN_PROGRESS total_timesteps=342016
----------------------------------------------------
| rapid/                            |              |
|    action_saturation_rate         | 0.0833       |
|    actor_lr                       | 1e-05        |
|    adaptation_lr                  | 0            |
|    critic_lr                      | 0.0001       |
|    source_action_abs_mean         | 1.25         |
|    speed_progress_mean            | 0.925        |
| reward/                           |              |
|    transition_mean                | 2.48         |
| reward_parts/                     |              |
|    action_rate                    | -0.00303     |
|    alive                          | 0.5          |
|    command_displacement_progress  | 0.688        |
|    command_speed_progress         | 0.75         |
|    command_tracking               | -0.0866      |
|    default_pose                   | -0.0523      |
|    distance                       | 0.0657       |
|    fall                           | 0            |
|    feet_air_time                  | 0            |
|    finetune_moving_contact        | 0.875        |
|    foot_slip                      | -0.0465      |
|    gait                           | -0.0125      |
|    height                         | -0.00189     |
|    horizontal_angular_velocity    | -0.0649      |
|    joint_jitter                   | -0.00813     |
|    joint_velocity                 | -0.00261     |
|    jump_landing                   | 0            |
|    jump_success                   | 0            |
|    non_foot_collision             | 0            |
|    posture                        | -0.0465      |
|    rapid_source_action_saturation | -0.0241      |
|    source_action_saturation       | -0.0241      |
|    static_contact_course          | 0            |
|    support_gap                    | -0.0375      |
|    torque                         | -0.00314     |
|    true_four_foot_contact         | 0            |
|    zero_velocity                  | -0.00427     |
|    zero_yaw_rate                  | -0.00803     |
| rollout/                          |              |
|    ep_rew_mean                    | 2.29e+03     |
|    true_four_contact_ratio        | 0.0112       |
| termination_reason/               |              |
|    body_contact                   | 0            |
|    controller_done                | 0            |
|    height                         | 0            |
|    joint_limit                    | 0            |
|    none                           | 0            |
|    tilt                           | 0            |
|    time_limit                     | 4            |
|    unknown                        | 0            |
|    unsupported                    | 0            |
|    workspace                      | 0            |
| time/                             |              |
|    fps                            | 289          |
|    iterations                     | 167          |
|    time_elapsed                   | 1179         |
|    total_timesteps                | 342016       |
| train/                            |              |
|    approx_kl                      | 0.0014719637 |
|    clip_fraction                  | 0.000293     |
|    clip_range                     | 0.2          |
|    entropy_loss                   | -9.73        |
|    explained_variance             | 0.883        |
|    loss                           | 601          |
|    n_updates                      | 830          |
|    policy_gradient_loss           | -0.00199     |
|    std                            | 0.55         |
|    value_loss                     | 792          |
----------------------------------------------------
TRAIN_PROGRESS total_timesteps=342272
TRAIN_PROGRESS total_timesteps=342528
TRAIN_PROGRESS total_timesteps=342784
TRAIN_PROGRESS total_timesteps=343040
TRAIN_PROGRESS total_timesteps=343296
TRAIN_PROGRESS total_timesteps=343552
TRAIN_PROGRESS total_timesteps=343808
TRAIN_PROGRESS total_timesteps=344064
---------------------------------------------------
| rapid/                            |             |
|    action_saturation_rate         | 0.125       |
|    actor_lr                       | 1e-05       |
|    adaptation_lr                  | 0           |
|    critic_lr                      | 0.0001      |
|    source_action_abs_mean         | 1.06        |
|    speed_progress_mean            | 0.927       |
| reward/                           |             |
|    transition_mean                | 3.98        |
| reward_parts/                     |             |
|    action_rate                    | -0.00323    |
|    alive                          | 0.5         |
|    command_displacement_progress  | 1.29        |
|    command_speed_progress         | 1.24        |
|    command_tracking               | -0.0342     |
|    default_pose                   | -0.062      |
|    distance                       | 0.085       |
|    fall                           | 0           |
|    feet_air_time                  | 0           |
|    finetune_moving_contact        | 1.12        |
|    foot_slip                      | -0.0248     |
|    gait                           | 0           |
|    height                         | -0.00162    |
|    horizontal_angular_velocity    | -0.0363     |
|    joint_jitter                   | -0.00684    |
|    joint_velocity                 | -0.00213    |
|    jump_landing                   | 0           |
|    jump_success                   | 0           |
|    non_foot_collision             | 0           |
|    posture                        | -0.0393     |
|    rapid_source_action_saturation | -0.0115     |
|    source_action_saturation       | -0.0115     |
|    static_contact_course          | 0           |
|    support_gap                    | 0           |
|    torque                         | -0.00291    |
|    true_four_foot_contact         | 0           |
|    zero_velocity                  | 0           |
|    zero_yaw_rate                  | -0.0339     |
| rollout/                          |             |
|    ep_rew_mean                    | 1.5e+03     |
|    true_four_contact_ratio        | 0.0083      |
| termination_reason/               |             |
|    body_contact                   | 0           |
|    controller_done                | 0           |
|    height                         | 0           |
|    joint_limit                    | 0           |
|    none                           | 0           |
|    tilt                           | 0           |
|    time_limit                     | 0           |
|    unknown                        | 0           |
|    unsupported                    | 0           |
|    workspace                      | 0           |
| time/                             |             |
|    fps                            | 289         |
|    iterations                     | 168         |
|    time_elapsed                   | 1190        |
|    total_timesteps                | 344064      |
| train/                            |             |
|    approx_kl                      | 0.008892236 |
|    clip_fraction                  | 0.0364      |
|    clip_range                     | 0.2         |
|    entropy_loss                   | -9.73       |
|    explained_variance             | 0.986       |
|    loss                           | 29          |
|    n_updates                      | 835         |
|    policy_gradient_loss           | -0.0065     |
|    std                            | 0.55        |
|    value_loss                     | 86.9        |
---------------------------------------------------
TRAIN_PROGRESS total_timesteps=344320
TRAIN_PROGRESS total_timesteps=344576
TRAIN_PROGRESS total_timesteps=344832
TRAIN_PROGRESS total_timesteps=345088
TRAIN_PROGRESS total_timesteps=345344
TRAIN_PROGRESS total_timesteps=345600
TRAIN_PROGRESS total_timesteps=345856
TRAIN_PROGRESS total_timesteps=346112
----------------------------------------------------
| rapid/                            |              |
|    action_saturation_rate         | 0.125        |
|    actor_lr                       | 1e-05        |
|    adaptation_lr                  | 0            |
|    critic_lr                      | 0.0001       |
|    source_action_abs_mean         | 1.21         |
|    speed_progress_mean            | 0.929        |
| reward/                           |              |
|    transition_mean                | 2.3          |
| reward_parts/                     |              |
|    action_rate                    | -0.00336     |
|    alive                          | 0.5          |
|    command_displacement_progress  | 0.75         |
|    command_speed_progress         | 0.75         |
|    command_tracking               | -0.0464      |
|    default_pose                   | -0.0607      |
|    distance                       | 0.049        |
|    fall                           | 0            |
|    feet_air_time                  | 0            |
|    finetune_moving_contact        | 0.75         |
|    foot_slip                      | -0.0642      |
|    gait                           | -0.025       |
|    height                         | -0.000723    |
|    horizontal_angular_velocity    | -0.0249      |
|    joint_jitter                   | -0.00907     |
|    joint_velocity                 | -0.0018      |
|    jump_landing                   | 0            |
|    jump_success                   | 0            |
|    non_foot_collision             | 0            |
|    posture                        | -0.0857      |
|    rapid_source_action_saturation | -0.0156      |
|    source_action_saturation       | -0.0156      |
|    static_contact_course          | 0            |
|    support_gap                    | -0.15        |
|    torque                         | -0.00254     |
|    true_four_foot_contact         | 0            |
|    zero_velocity                  | -0.00244     |
|    zero_yaw_rate                  | -0.0112      |
| rollout/                          |              |
|    ep_rew_mean                    | 2.5e+03      |
|    true_four_contact_ratio        | 0.0156       |
| termination_reason/               |              |
|    body_contact                   | 0            |
|    controller_done                | 0            |
|    height                         | 0            |
|    joint_limit                    | 0            |
|    none                           | 0            |
|    tilt                           | 0            |
|    time_limit                     | 4            |
|    unknown                        | 0            |
|    unsupported                    | 0            |
|    workspace                      | 0            |
| time/                             |              |
|    fps                            | 288          |
|    iterations                     | 169          |
|    time_elapsed                   | 1200         |
|    total_timesteps                | 346112       |
| train/                            |              |
|    approx_kl                      | 0.0064739794 |
|    clip_fraction                  | 0.0193       |
|    clip_range                     | 0.2          |
|    entropy_loss                   | -9.73        |
|    explained_variance             | 0.936        |
|    loss                           | 236          |
|    n_updates                      | 840          |
|    policy_gradient_loss           | -0.00596     |
|    std                            | 0.55         |
|    value_loss                     | 682          |
----------------------------------------------------
TRAIN_PROGRESS total_timesteps=346368
TRAIN_PROGRESS total_timesteps=346624
TRAIN_PROGRESS total_timesteps=346880
TRAIN_PROGRESS total_timesteps=347136
TRAIN_PROGRESS total_timesteps=347392
TRAIN_PROGRESS total_timesteps=347648
TRAIN_PROGRESS total_timesteps=347904
TRAIN_PROGRESS total_timesteps=348160
---------------------------------------------------
| rapid/                            |             |
|    action_saturation_rate         | 0.104       |
|    actor_lr                       | 1e-05       |
|    adaptation_lr                  | 0           |
|    critic_lr                      | 0.0001      |
|    source_action_abs_mean         | 1.17        |
|    speed_progress_mean            | 0.931       |
| reward/                           |             |
|    transition_mean                | 3.19        |
| reward_parts/                     |             |
|    action_rate                    | -0.00322    |
|    alive                          | 0.5         |
|    command_displacement_progress  | 0.932       |
|    command_speed_progress         | 0.979       |
|    command_tracking               | -0.0676     |
|    default_pose                   | -0.0505     |
|    distance                       | 0.0573      |
|    fall                           | 0           |
|    feet_air_time                  | 0           |
|    finetune_moving_contact        | 1.12        |
|    foot_slip                      | -0.0574     |
|    gait                           | 0           |
|    height                         | -0.00176    |
|    horizontal_angular_velocity    | -0.128      |
|    joint_jitter                   | -0.00776    |
|    joint_velocity                 | -0.00251    |
|    jump_landing                   | 0           |
|    jump_success                   | 0           |
|    non_foot_collision             | 0           |
|    posture                        | -0.0367     |
|    rapid_source_action_saturation | -0.0127     |
|    source_action_saturation       | -0.0127     |
|    static_contact_course          | 0           |
|    support_gap                    | 0           |
|    torque                         | -0.00308    |
|    true_four_foot_contact         | 0           |
|    zero_velocity                  | 0           |
|    zero_yaw_rate                  | -0.0361     |
| rollout/                          |             |
|    ep_rew_mean                    | 1.44e+03    |
|    true_four_contact_ratio        | 0.00684     |
| termination_reason/               |             |
|    body_contact                   | 0           |
|    controller_done                | 0           |
|    height                         | 0           |
|    joint_limit                    | 0           |
|    none                           | 0           |
|    tilt                           | 0           |
|    time_limit                     | 0           |
|    unknown                        | 0           |
|    unsupported                    | 0           |
|    workspace                      | 0           |
| time/                             |             |
|    fps                            | 288         |
|    iterations                     | 170         |
|    time_elapsed                   | 1208        |
|    total_timesteps                | 348160      |
| train/                            |             |
|    approx_kl                      | 0.009443389 |
|    clip_fraction                  | 0.0491      |
|    clip_range                     | 0.2         |
|    entropy_loss                   | -9.73       |
|    explained_variance             | 0.99        |
|    loss                           | 23.9        |
|    n_updates                      | 845         |
|    policy_gradient_loss           | -0.00701    |
|    std                            | 0.55        |
|    value_loss                     | 63.9        |
---------------------------------------------------
TRAIN_PROGRESS total_timesteps=348416
TRAIN_PROGRESS total_timesteps=348672
TRAIN_PROGRESS total_timesteps=348928
TRAIN_PROGRESS total_timesteps=349184
TRAIN_PROGRESS total_timesteps=349440
TRAIN_PROGRESS total_timesteps=349696
TRAIN_PROGRESS total_timesteps=349952
TRAIN_PROGRESS total_timesteps=350208
----------------------------------------------------
| rapid/                            |              |
|    action_saturation_rate         | 0.188        |
|    actor_lr                       | 1e-05        |
|    adaptation_lr                  | 0            |
|    critic_lr                      | 0.0001       |
|    source_action_abs_mean         | 1.3          |
|    speed_progress_mean            | 0.933        |
| reward/                           |              |
|    transition_mean                | 3.27         |
| reward_parts/                     |              |
|    action_rate                    | -0.00294     |
|    alive                          | 0.5          |
|    command_displacement_progress  | 1.09         |
|    command_speed_progress         | 1.01         |
|    command_tracking               | -0.0228      |
|    default_pose                   | -0.0492      |
|    distance                       | 0.0715       |
|    fall                           | 0            |
|    feet_air_time                  | 0            |
|    finetune_moving_contact        | 1            |
|    foot_slip                      | -0.0918      |
|    gait                           | -0.0125      |
|    height                         | -0.000653    |
|    horizontal_angular_velocity    | -0.0491      |
|    joint_jitter                   | -0.00503     |
|    joint_velocity                 | -0.00328     |
|    jump_landing                   | 0            |
|    jump_success                   | 0            |
|    non_foot_collision             | 0            |
|    posture                        | -0.0288      |
|    rapid_source_action_saturation | -0.0316      |
|    source_action_saturation       | -0.0316      |
|    static_contact_course          | 0            |
|    support_gap                    | -0.075       |
|    torque                         | -0.00212     |
|    true_four_foot_contact         | 0            |
|    zero_velocity                  | -0.000738    |
|    zero_yaw_rate                  | -0.0291      |
| rollout/                          |              |
|    ep_rew_mean                    | 2.16e+03     |
|    true_four_contact_ratio        | 0.0112       |
| termination_reason/               |              |
|    body_contact                   | 0            |
|    controller_done                | 0            |
|    height                         | 0            |
|    joint_limit                    | 0            |
|    none                           | 0            |
|    tilt                           | 0            |
|    time_limit                     | 4            |
|    unknown                        | 0            |
|    unsupported                    | 0            |
|    workspace                      | 0            |
| time/                             |              |
|    fps                            | 287          |
|    iterations                     | 171          |
|    time_elapsed                   | 1216         |
|    total_timesteps                | 350208       |
| train/                            |              |
|    approx_kl                      | 0.0054048384 |
|    clip_fraction                  | 0.0252       |
|    clip_range                     | 0.2          |
|    entropy_loss                   | -9.73        |
|    explained_variance             | 0.915        |
|    loss                           | 595          |
|    n_updates                      | 850          |
|    policy_gradient_loss           | -0.00319     |
|    std                            | 0.55         |
|    value_loss                     | 987          |
----------------------------------------------------
TRAIN_PROGRESS total_timesteps=350464
TRAIN_PROGRESS total_timesteps=350720
TRAIN_PROGRESS total_timesteps=350976
TRAIN_PROGRESS total_timesteps=351232
TRAIN_PROGRESS total_timesteps=351488
TRAIN_PROGRESS total_timesteps=351744
TRAIN_PROGRESS total_timesteps=352000
TRAIN_PROGRESS total_timesteps=352256
---------------------------------------------------
| rapid/                            |             |
|    action_saturation_rate         | 0.208       |
|    actor_lr                       | 1e-05       |
|    adaptation_lr                  | 0           |
|    critic_lr                      | 0.0001      |
|    source_action_abs_mean         | 1.27        |
|    speed_progress_mean            | 0.934       |
| reward/                           |             |
|    transition_mean                | 1.81        |
| reward_parts/                     |             |
|    action_rate                    | -0.00332    |
|    alive                          | 0.5         |
|    command_displacement_progress  | 0.619       |
|    command_speed_progress         | 0.623       |
|    command_tracking               | -0.0317     |
|    default_pose                   | -0.0601     |
|    distance                       | 0.0455      |
|    fall                           | 0           |
|    feet_air_time                  | 0           |
|    finetune_moving_contact        | 0.5         |
|    foot_slip                      | -0.0454     |
|    gait                           | -0.025      |
|    height                         | -0.00141    |
|    horizontal_angular_velocity    | -0.0359     |
|    joint_jitter                   | -0.0375     |
|    joint_velocity                 | -0.00237    |
|    jump_landing                   | 0           |
|    jump_success                   | 0           |
|    non_foot_collision             | 0           |
|    posture                        | -0.0514     |
|    rapid_source_action_saturation | -0.0341     |
|    source_action_saturation       | -0.0341     |
|    static_contact_course          | 0           |
|    support_gap                    | -0.112      |
|    torque                         | -0.00241    |
|    true_four_foot_contact         | 0           |
|    zero_velocity                  | -0.00203    |
|    zero_yaw_rate                  | -0.0319     |
| rollout/                          |             |
|    ep_rew_mean                    | 1.51e+03    |
|    true_four_contact_ratio        | 0.00977     |
| termination_reason/               |             |
|    body_contact                   | 0           |
|    controller_done                | 0           |
|    height                         | 0           |
|    joint_limit                    | 0           |
|    none                           | 0           |
|    tilt                           | 0           |
|    time_limit                     | 0           |
|    unknown                        | 0           |
|    unsupported                    | 0           |
|    workspace                      | 0           |
| time/                             |             |
|    fps                            | 287         |
|    iterations                     | 172         |
|    time_elapsed                   | 1224        |
|    total_timesteps                | 352256      |
| train/                            |             |
|    approx_kl                      | 0.007948556 |
|    clip_fraction                  | 0.0304      |
|    clip_range                     | 0.2         |
|    entropy_loss                   | -9.73       |
|    explained_variance             | 0.969       |
|    loss                           | 187         |
|    n_updates                      | 855         |
|    policy_gradient_loss           | -0.00578    |
|    std                            | 0.55        |
|    value_loss                     | 329         |
---------------------------------------------------
TRAIN_PROGRESS total_timesteps=352512
TRAIN_PROGRESS total_timesteps=352768
TRAIN_PROGRESS total_timesteps=353024
TRAIN_PROGRESS total_timesteps=353280
TRAIN_PROGRESS total_timesteps=353536
TRAIN_PROGRESS total_timesteps=353792
TRAIN_PROGRESS total_timesteps=354048
TRAIN_PROGRESS total_timesteps=354304
----------------------------------------------------
| rapid/                            |              |
|    action_saturation_rate         | 0.25         |
|    actor_lr                       | 1e-05        |
|    adaptation_lr                  | 0            |
|    critic_lr                      | 0.0001       |
|    source_action_abs_mean         | 1.46         |
|    speed_progress_mean            | 0.936        |
| reward/                           |              |
|    transition_mean                | 1.63         |
| reward_parts/                     |              |
|    action_rate                    | -0.00318     |
|    alive                          | 0.5          |
|    command_displacement_progress  | 0.0111       |
|    command_speed_progress         | 0.541        |
|    command_tracking               | -0.126       |
|    default_pose                   | -0.0585      |
|    distance                       | 0.00189      |
|    fall                           | 0            |
|    feet_air_time                  | 0            |
|    finetune_moving_contact        | 1.12         |
|    foot_slip                      | -0.0187      |
|    gait                           | 0            |
|    height                         | -0.00233     |
|    horizontal_angular_velocity    | -0.227       |
|    joint_jitter                   | -0.00459     |
|    joint_velocity                 | -0.00173     |
|    jump_landing                   | 0            |
|    jump_success                   | 0            |
|    non_foot_collision             | 0            |
|    posture                        | -0.0489      |
|    rapid_source_action_saturation | -0.0344      |
|    source_action_saturation       | -0.0344      |
|    static_contact_course          | 0            |
|    support_gap                    | 0            |
|    torque                         | -0.00304     |
|    true_four_foot_contact         | 0            |
|    zero_velocity                  | 0            |
|    zero_yaw_rate                  | -0.0243      |
| rollout/                          |              |
|    ep_rew_mean                    | 2.15e+03     |
|    true_four_contact_ratio        | 0.0112       |
| termination_reason/               |              |
|    body_contact                   | 0            |
|    controller_done                | 0            |
|    height                         | 0            |
|    joint_limit                    | 0            |
|    none                           | 0            |
|    tilt                           | 0            |
|    time_limit                     | 4            |
|    unknown                        | 0            |
|    unsupported                    | 0            |
|    workspace                      | 0            |
| time/                             |              |
|    fps                            | 287          |
|    iterations                     | 173          |
|    time_elapsed                   | 1232         |
|    total_timesteps                | 354304       |
| train/                            |              |
|    approx_kl                      | 0.0040744874 |
|    clip_fraction                  | 0.00781      |
|    clip_range                     | 0.2          |
|    entropy_loss                   | -9.73        |
|    explained_variance             | 0.945        |
|    loss                           | 121          |
|    n_updates                      | 860          |
|    policy_gradient_loss           | -0.00328     |
|    std                            | 0.55         |
|    value_loss                     | 801          |
----------------------------------------------------
TRAIN_PROGRESS total_timesteps=354560
TRAIN_PROGRESS total_timesteps=354816
TRAIN_PROGRESS total_timesteps=355072
TRAIN_PROGRESS total_timesteps=355328
TRAIN_PROGRESS total_timesteps=355584
TRAIN_PROGRESS total_timesteps=355840
TRAIN_PROGRESS total_timesteps=356096
TRAIN_PROGRESS total_timesteps=356352
----------------------------------------------------
| rapid/                            |              |
|    action_saturation_rate         | 0.188        |
|    actor_lr                       | 1e-05        |
|    adaptation_lr                  | 0            |
|    critic_lr                      | 0.0001       |
|    source_action_abs_mean         | 1.47         |
|    speed_progress_mean            | 0.937        |
| reward/                           |              |
|    transition_mean                | 3.13         |
| reward_parts/                     |              |
|    action_rate                    | -0.00302     |
|    alive                          | 0.5          |
|    command_displacement_progress  | 1.01         |
|    command_speed_progress         | 0.905        |
|    command_tracking               | -0.0494      |
|    default_pose                   | -0.056       |
|    distance                       | 0.0484       |
|    fall                           | 0            |
|    feet_air_time                  | 0            |
|    finetune_moving_contact        | 1.12         |
|    foot_slip                      | -0.0506      |
|    gait                           | 0            |
|    height                         | -0.00273     |
|    horizontal_angular_velocity    | -0.179       |
|    joint_jitter                   | -0.0046      |
|    joint_velocity                 | -0.00235     |
|    jump_landing                   | 0            |
|    jump_success                   | 0            |
|    non_foot_collision             | 0            |
|    posture                        | -0.0296      |
|    rapid_source_action_saturation | -0.0456      |
|    source_action_saturation       | -0.0456      |
|    static_contact_course          | 0            |
|    support_gap                    | 0            |
|    torque                         | -0.00196     |
|    true_four_foot_contact         | 0            |
|    zero_velocity                  | 0            |
|    zero_yaw_rate                  | -0.031       |
| rollout/                          |              |
|    ep_rew_mean                    | 1.76e+03     |
|    true_four_contact_ratio        | 0.0142       |
| termination_reason/               |              |
|    body_contact                   | 0            |
|    controller_done                | 0            |
|    height                         | 0            |
|    joint_limit                    | 0            |
|    none                           | 0            |
|    tilt                           | 0            |
|    time_limit                     | 0            |
|    unknown                        | 0            |
|    unsupported                    | 0            |
|    workspace                      | 0            |
| time/                             |              |
|    fps                            | 287          |
|    iterations                     | 174          |
|    time_elapsed                   | 1240         |
|    total_timesteps                | 356352       |
| train/                            |              |
|    approx_kl                      | 0.0037715177 |
|    clip_fraction                  | 0.012        |
|    clip_range                     | 0.2          |
|    entropy_loss                   | -9.73        |
|    explained_variance             | 0.961        |
|    loss                           | 140          |
|    n_updates                      | 865          |
|    policy_gradient_loss           | -0.00353     |
|    std                            | 0.55         |
|    value_loss                     | 270          |
----------------------------------------------------
TRAIN_PROGRESS total_timesteps=356608
TRAIN_PROGRESS total_timesteps=356864
TRAIN_PROGRESS total_timesteps=357120
TRAIN_PROGRESS total_timesteps=357376
TRAIN_PROGRESS total_timesteps=357632
TRAIN_PROGRESS total_timesteps=357888
TRAIN_PROGRESS total_timesteps=358144
TRAIN_PROGRESS total_timesteps=358400
----------------------------------------------------
| rapid/                            |              |
|    action_saturation_rate         | 0.167        |
|    actor_lr                       | 1e-05        |
|    adaptation_lr                  | 0            |
|    critic_lr                      | 0.0001       |
|    source_action_abs_mean         | 1.2          |
|    speed_progress_mean            | 0.938        |
| reward/                           |              |
|    transition_mean                | 0.921        |
| reward_parts/                     |              |
|    action_rate                    | -0.00337     |
|    alive                          | 0.5          |
|    command_displacement_progress  | -0.175       |
|    command_speed_progress         | 0.375        |
|    command_tracking               | -0.12        |
|    default_pose                   | -0.0645      |
|    distance                       | 0.009        |
|    fall                           | 0            |
|    feet_air_time                  | 0            |
|    finetune_moving_contact        | 0.875        |
|    foot_slip                      | -0.0543      |
|    gait                           | -0.0125      |
|    height                         | -0.00108     |
|    horizontal_angular_velocity    | -0.195       |
|    joint_jitter                   | -0.00593     |
|    joint_velocity                 | -0.00242     |
|    jump_landing                   | 0            |
|    jump_success                   | 0            |
|    non_foot_collision             | 0            |
|    posture                        | -0.112       |
|    rapid_source_action_saturation | -0.0232      |
|    source_action_saturation       | -0.0232      |
|    static_contact_course          | 0            |
|    support_gap                    | -0.0375      |
|    torque                         | -0.00273     |
|    true_four_foot_contact         | 0            |
|    zero_velocity                  | -0.00189     |
|    zero_yaw_rate                  | -0.0256      |
| rollout/                          |              |
|    ep_rew_mean                    | 2.49e+03     |
|    true_four_contact_ratio        | 0.00732      |
| termination_reason/               |              |
|    body_contact                   | 0            |
|    controller_done                | 0            |
|    height                         | 0            |
|    joint_limit                    | 0            |
|    none                           | 0            |
|    tilt                           | 0            |
|    time_limit                     | 4            |
|    unknown                        | 0            |
|    unsupported                    | 0            |
|    workspace                      | 0            |
| time/                             |              |
|    fps                            | 287          |
|    iterations                     | 175          |
|    time_elapsed                   | 1248         |
|    total_timesteps                | 358400       |
| train/                            |              |
|    approx_kl                      | 0.0025075742 |
|    clip_fraction                  | 0.0042       |
|    clip_range                     | 0.2          |
|    entropy_loss                   | -9.73        |
|    explained_variance             | 0.894        |
|    loss                           | 554          |
|    n_updates                      | 870          |
|    policy_gradient_loss           | -0.00383     |
|    std                            | 0.55         |
|    value_loss                     | 1.51e+03     |
----------------------------------------------------
TRAIN_PROGRESS total_timesteps=358656
TRAIN_PROGRESS total_timesteps=358912
TRAIN_PROGRESS total_timesteps=359168
TRAIN_PROGRESS total_timesteps=359424
TRAIN_PROGRESS total_timesteps=359680
TRAIN_PROGRESS total_timesteps=359936
CHECKPOINT /run/media/pma213x/0C6A8CC86A8CAFCE/Ubuntu2/CodeU/Dog1/official-mini-cheetah/checkpoints/official_mini_cheetah_flat_jump_v1_r3/rapid_finetune_500k_20261006/official_mini_cheetah_flat_jump_v1_r3_360000_steps.zip
TRAIN_PROGRESS total_timesteps=360192
TRAIN_PROGRESS total_timesteps=360448
---------------------------------------------------
| rapid/                            |             |
|    action_saturation_rate         | 0.188       |
|    actor_lr                       | 1e-05       |
|    adaptation_lr                  | 0           |
|    critic_lr                      | 0.0001      |
|    source_action_abs_mean         | 1.31        |
|    speed_progress_mean            | 0.939       |
| reward/                           |             |
|    transition_mean                | 2.24        |
| reward_parts/                     |             |
|    action_rate                    | -0.00304    |
|    alive                          | 0.5         |
|    command_displacement_progress  | 0.75        |
|    command_speed_progress         | 0.75        |
|    command_tracking               | -0.0518     |
|    default_pose                   | -0.0534     |
|    distance                       | 0.0533      |
|    fall                           | 0           |
|    feet_air_time                  | 0           |
|    finetune_moving_contact        | 0.625       |
|    foot_slip                      | -0.0433     |
|    gait                           | -0.025      |
|    height                         | -0.000979   |
|    horizontal_angular_velocity    | -0.007      |
|    joint_jitter                   | -0.008      |
|    joint_velocity                 | -0.00268    |
|    jump_landing                   | 0           |
|    jump_success                   | 0           |
|    non_foot_collision             | 0           |
|    posture                        | -0.0278     |
|    rapid_source_action_saturation | -0.0394     |
|    source_action_saturation       | -0.0394     |
|    static_contact_course          | 0           |
|    support_gap                    | -0.15       |
|    torque                         | -0.00202    |
|    true_four_foot_contact         | 0           |
|    zero_velocity                  | -0.0036     |
|    zero_yaw_rate                  | -0.0196     |
| rollout/                          |             |
|    ep_rew_mean                    | 1.94e+03    |
|    true_four_contact_ratio        | 0.0132      |
| termination_reason/               |             |
|    body_contact                   | 0           |
|    controller_done                | 0           |
|    height                         | 0           |
|    joint_limit                    | 0           |
|    none                           | 0           |
|    tilt                           | 0           |
|    time_limit                     | 0           |
|    unknown                        | 0           |
|    unsupported                    | 0           |
|    workspace                      | 0           |
| time/                             |             |
|    fps                            | 286         |
|    iterations                     | 176         |
|    time_elapsed                   | 1256        |
|    total_timesteps                | 360448      |
| train/                            |             |
|    approx_kl                      | 0.012817094 |
|    clip_fraction                  | 0.0797      |
|    clip_range                     | 0.2         |
|    entropy_loss                   | -9.73       |
|    explained_variance             | 0.986       |
|    loss                           | 29.4        |
|    n_updates                      | 875         |
|    policy_gradient_loss           | -0.0104     |
|    std                            | 0.55        |
|    value_loss                     | 76.7        |
---------------------------------------------------
TRAIN_PROGRESS total_timesteps=360704
TRAIN_PROGRESS total_timesteps=360960
TRAIN_PROGRESS total_timesteps=361216
TRAIN_PROGRESS total_timesteps=361472
TRAIN_PROGRESS total_timesteps=361728
TRAIN_PROGRESS total_timesteps=361984
TRAIN_PROGRESS total_timesteps=362240
TRAIN_PROGRESS total_timesteps=362496
----------------------------------------------------
| rapid/                            |              |
|    action_saturation_rate         | 0.208        |
|    actor_lr                       | 1e-05        |
|    adaptation_lr                  | 0            |
|    critic_lr                      | 0.0001       |
|    source_action_abs_mean         | 1.3          |
|    speed_progress_mean            | 0.94         |
| reward/                           |              |
|    transition_mean                | 0.741        |
| reward_parts/                     |              |
|    action_rate                    | -0.00346     |
|    alive                          | 0.5          |
|    command_displacement_progress  | 0.128        |
|    command_speed_progress         | 0.375        |
|    command_tracking               | -0.185       |
|    default_pose                   | -0.0615      |
|    distance                       | 0.011        |
|    fall                           | 0            |
|    feet_air_time                  | 0            |
|    finetune_moving_contact        | 0.5          |
|    foot_slip                      | -0.00604     |
|    gait                           | -0.025       |
|    height                         | -0.00073     |
|    horizontal_angular_velocity    | -0.262       |
|    joint_jitter                   | -0.00718     |
|    joint_velocity                 | -0.00121     |
|    jump_landing                   | 0            |
|    jump_success                   | 0            |
|    non_foot_collision             | 0            |
|    posture                        | -0.03        |
|    rapid_source_action_saturation | -0.0211      |
|    source_action_saturation       | -0.0211      |
|    static_contact_course          | 0            |
|    support_gap                    | -0.15        |
|    torque                         | -0.00226     |
|    true_four_foot_contact         | 0            |
|    zero_velocity                  | -0.00991     |
|    zero_yaw_rate                  | -0.00853     |
| rollout/                          |              |
|    ep_rew_mean                    | 2.26e+03     |
|    true_four_contact_ratio        | 0.00781      |
| termination_reason/               |              |
|    body_contact                   | 0            |
|    controller_done                | 0            |
|    height                         | 0            |
|    joint_limit                    | 0            |
|    none                           | 0            |
|    tilt                           | 0            |
|    time_limit                     | 4            |
|    unknown                        | 0            |
|    unsupported                    | 0            |
|    workspace                      | 0            |
| time/                             |              |
|    fps                            | 286          |
|    iterations                     | 177          |
|    time_elapsed                   | 1264         |
|    total_timesteps                | 362496       |
| train/                            |              |
|    approx_kl                      | 0.0059872353 |
|    clip_fraction                  | 0.0174       |
|    clip_range                     | 0.2          |
|    entropy_loss                   | -9.73        |
|    explained_variance             | 0.883        |
|    loss                           | 653          |
|    n_updates                      | 880          |
|    policy_gradient_loss           | -0.00466     |
|    std                            | 0.55         |
|    value_loss                     | 904          |
----------------------------------------------------
TRAIN_PROGRESS total_timesteps=362752
TRAIN_PROGRESS total_timesteps=363008
TRAIN_PROGRESS total_timesteps=363264
TRAIN_PROGRESS total_timesteps=363520
TRAIN_PROGRESS total_timesteps=363776
TRAIN_PROGRESS total_timesteps=364032
TRAIN_PROGRESS total_timesteps=364288
TRAIN_PROGRESS total_timesteps=364544
---------------------------------------------------
| rapid/                            |             |
|    action_saturation_rate         | 0.146       |
|    actor_lr                       | 1e-05       |
|    adaptation_lr                  | 0           |
|    critic_lr                      | 0.0001      |
|    source_action_abs_mean         | 1.37        |
|    speed_progress_mean            | 0.941       |
| reward/                           |             |
|    transition_mean                | 2.83        |
| reward_parts/                     |             |
|    action_rate                    | -0.00322    |
|    alive                          | 0.5         |
|    command_displacement_progress  | 0.622       |
|    command_speed_progress         | 0.959       |
|    command_tracking               | -0.0473     |
|    default_pose                   | -0.0547     |
|    distance                       | 0.0391      |
|    fall                           | 0           |
|    feet_air_time                  | 0           |
|    finetune_moving_contact        | 1.12        |
|    foot_slip                      | -0.0935     |
|    gait                           | 0           |
|    height                         | -0.00186    |
|    horizontal_angular_velocity    | -0.134      |
|    joint_jitter                   | -0.0043     |
|    joint_velocity                 | -0.00273    |
|    jump_landing                   | 0           |
|    jump_success                   | 0           |
|    non_foot_collision             | 0           |
|    posture                        | -0.0387     |
|    rapid_source_action_saturation | -0.0219     |
|    source_action_saturation       | -0.0219     |
|    static_contact_course          | 0           |
|    support_gap                    | 0           |
|    torque                         | -0.00411    |
|    true_four_foot_contact         | 0           |
|    zero_velocity                  | 0           |
|    zero_yaw_rate                  | -0.0133     |
| rollout/                          |             |
|    ep_rew_mean                    | 1.51e+03    |
|    true_four_contact_ratio        | 0.0112      |
| termination_reason/               |             |
|    body_contact                   | 0           |
|    controller_done                | 0           |
|    height                         | 0           |
|    joint_limit                    | 0           |
|    none                           | 0           |
|    tilt                           | 0           |
|    time_limit                     | 0           |
|    unknown                        | 0           |
|    unsupported                    | 0           |
|    workspace                      | 0           |
| time/                             |             |
|    fps                            | 286         |
|    iterations                     | 178         |
|    time_elapsed                   | 1272        |
|    total_timesteps                | 364544      |
| train/                            |             |
|    approx_kl                      | 0.006091919 |
|    clip_fraction                  | 0.017       |
|    clip_range                     | 0.2         |
|    entropy_loss                   | -9.73       |
|    explained_variance             | 0.989       |
|    loss                           | 28.2        |
|    n_updates                      | 885         |
|    policy_gradient_loss           | -0.00521    |
|    std                            | 0.55        |
|    value_loss                     | 92.5        |
---------------------------------------------------
TRAIN_PROGRESS total_timesteps=364800
TRAIN_PROGRESS total_timesteps=365056
TRAIN_PROGRESS total_timesteps=365312
TRAIN_PROGRESS total_timesteps=365568
TRAIN_PROGRESS total_timesteps=365824
TRAIN_PROGRESS total_timesteps=366080
TRAIN_PROGRESS total_timesteps=366336
TRAIN_PROGRESS total_timesteps=366592
---------------------------------------------------
| rapid/                            |             |
|    action_saturation_rate         | 0.125       |
|    actor_lr                       | 1e-05       |
|    adaptation_lr                  | 0           |
|    critic_lr                      | 0.0001      |
|    source_action_abs_mean         | 1.11        |
|    speed_progress_mean            | 0.942       |
| reward/                           |             |
|    transition_mean                | 2.91        |
| reward_parts/                     |             |
|    action_rate                    | -0.00299    |
|    alive                          | 0.5         |
|    command_displacement_progress  | 0.875       |
|    command_speed_progress         | 0.868       |
|    command_tracking               | -0.0601     |
|    default_pose                   | -0.0621     |
|    distance                       | 0.0563      |
|    fall                           | 0           |
|    feet_air_time                  | 0           |
|    finetune_moving_contact        | 1.12        |
|    foot_slip                      | -0.0888     |
|    gait                           | -0.0125     |
|    height                         | -0.00145    |
|    horizontal_angular_velocity    | -0.0397     |
|    joint_jitter                   | -0.0089     |
|    joint_velocity                 | -0.00246    |
|    jump_landing                   | 0           |
|    jump_success                   | 0           |
|    non_foot_collision             | 0           |
|    posture                        | -0.118      |
|    rapid_source_action_saturation | -0.0159     |
|    source_action_saturation       | -0.0159     |
|    static_contact_course          | 0           |
|    support_gap                    | -0.075      |
|    torque                         | -0.00336    |
|    true_four_foot_contact         | 0           |
|    zero_velocity                  | -0.00285    |
|    zero_yaw_rate                  | -0.0231     |
| rollout/                          |             |
|    ep_rew_mean                    | 2.17e+03    |
|    true_four_contact_ratio        | 0.0132      |
| termination_reason/               |             |
|    body_contact                   | 0           |
|    controller_done                | 0           |
|    height                         | 0           |
|    joint_limit                    | 0           |
|    none                           | 0           |
|    tilt                           | 0           |
|    time_limit                     | 4           |
|    unknown                        | 0           |
|    unsupported                    | 0           |
|    workspace                      | 0           |
| time/                             |             |
|    fps                            | 286         |
|    iterations                     | 179         |
|    time_elapsed                   | 1280        |
|    total_timesteps                | 366592      |
| train/                            |             |
|    approx_kl                      | 0.002563951 |
|    clip_fraction                  | 0.00146     |
|    clip_range                     | 0.2         |
|    entropy_loss                   | -9.73       |
|    explained_variance             | 0.92        |
|    loss                           | 483         |
|    n_updates                      | 890         |
|    policy_gradient_loss           | -0.00236    |
|    std                            | 0.55        |
|    value_loss                     | 1.12e+03    |
---------------------------------------------------
TRAIN_PROGRESS total_timesteps=366848
TRAIN_PROGRESS total_timesteps=367104
TRAIN_PROGRESS total_timesteps=367360
TRAIN_PROGRESS total_timesteps=367616
TRAIN_PROGRESS total_timesteps=367872
TRAIN_PROGRESS total_timesteps=368128
TRAIN_PROGRESS total_timesteps=368384
TRAIN_PROGRESS total_timesteps=368640
---------------------------------------------------
| rapid/                            |             |
|    action_saturation_rate         | 0.125       |
|    actor_lr                       | 1e-05       |
|    adaptation_lr                  | 0           |
|    critic_lr                      | 0.0001      |
|    source_action_abs_mean         | 1.16        |
|    speed_progress_mean            | 0.943       |
| reward/                           |             |
|    transition_mean                | 2.32        |
| reward_parts/                     |             |
|    action_rate                    | -0.00336    |
|    alive                          | 0.5         |
|    command_displacement_progress  | 0.647       |
|    command_speed_progress         | 0.678       |
|    command_tracking               | -0.0672     |
|    default_pose                   | -0.0539     |
|    distance                       | 0.0373      |
|    fall                           | 0           |
|    feet_air_time                  | 0           |
|    finetune_moving_contact        | 0.875       |
|    foot_slip                      | -0.044      |
|    gait                           | -0.0125     |
|    height                         | -0.000552   |
|    horizontal_angular_velocity    | -0.0708     |
|    joint_jitter                   | -0.0102     |
|    joint_velocity                 | -0.00232    |
|    jump_landing                   | 0           |
|    jump_success                   | 0           |
|    non_foot_collision             | 0           |
|    posture                        | -0.056      |
|    rapid_source_action_saturation | -0.00874    |
|    source_action_saturation       | -0.00874    |
|    static_contact_course          | 0           |
|    support_gap                    | -0.075      |
|    torque                         | -0.00417    |
|    true_four_foot_contact         | 0           |
|    zero_velocity                  | -0.000912   |
|    zero_yaw_rate                  | -0.0121     |
| rollout/                          |             |
|    ep_rew_mean                    | 2.1e+03     |
|    true_four_contact_ratio        | 0.00879     |
| termination_reason/               |             |
|    body_contact                   | 0           |
|    controller_done                | 0           |
|    height                         | 0           |
|    joint_limit                    | 0           |
|    none                           | 0           |
|    tilt                           | 0           |
|    time_limit                     | 0           |
|    unknown                        | 0           |
|    unsupported                    | 0           |
|    workspace                      | 0           |
| time/                             |             |
|    fps                            | 286         |
|    iterations                     | 180         |
|    time_elapsed                   | 1288        |
|    total_timesteps                | 368640      |
| train/                            |             |
|    approx_kl                      | 0.006804351 |
|    clip_fraction                  | 0.0266      |
|    clip_range                     | 0.2         |
|    entropy_loss                   | -9.73       |
|    explained_variance             | 0.925       |
|    loss                           | 615         |
|    n_updates                      | 895         |
|    policy_gradient_loss           | -0.00574    |
|    std                            | 0.55        |
|    value_loss                     | 608         |
---------------------------------------------------
TRAIN_PROGRESS total_timesteps=368896
TRAIN_PROGRESS total_timesteps=369152
TRAIN_PROGRESS total_timesteps=369408
TRAIN_PROGRESS total_timesteps=369664
TRAIN_PROGRESS total_timesteps=369920
TRAIN_PROGRESS total_timesteps=370176
TRAIN_PROGRESS total_timesteps=370432
TRAIN_PROGRESS total_timesteps=370688
---------------------------------------------------
| rapid/                            |             |
|    action_saturation_rate         | 0.0833      |
|    actor_lr                       | 1e-05       |
|    adaptation_lr                  | 0           |
|    critic_lr                      | 0.0001      |
|    source_action_abs_mean         | 1.11        |
|    speed_progress_mean            | 0.944       |
| reward/                           |             |
|    transition_mean                | 0.00637     |
| reward_parts/                     |             |
|    action_rate                    | -0.00328    |
|    alive                          | 0.5         |
|    command_displacement_progress  | -0.11       |
|    command_speed_progress         | 0           |
|    command_tracking               | -0.0981     |
|    default_pose                   | -0.066      |
|    distance                       | -0.00863    |
|    fall                           | 0           |
|    feet_air_time                  | 0           |
|    finetune_moving_contact        | 0.25        |
|    foot_slip                      | -0.0845     |
|    gait                           | -0.0375     |
|    height                         | -0.00108    |
|    horizontal_angular_velocity    | -0.0642     |
|    joint_jitter                   | -0.00674    |
|    joint_velocity                 | -0.00204    |
|    jump_landing                   | 0           |
|    jump_success                   | 0           |
|    non_foot_collision             | 0           |
|    posture                        | -0.0521     |
|    rapid_source_action_saturation | -0.00531    |
|    source_action_saturation       | -0.00531    |
|    static_contact_course          | 0           |
|    support_gap                    | -0.15       |
|    torque                         | -0.00316    |
|    true_four_foot_contact         | 0           |
|    zero_velocity                  | -0.00701    |
|    zero_yaw_rate                  | -0.0443     |
| rollout/                          |             |
|    ep_rew_mean                    | 2.51e+03    |
|    true_four_contact_ratio        | 0.00537     |
| termination_reason/               |             |
|    body_contact                   | 0           |
|    controller_done                | 0           |
|    height                         | 0           |
|    joint_limit                    | 0           |
|    none                           | 0           |
|    tilt                           | 0           |
|    time_limit                     | 4           |
|    unknown                        | 0           |
|    unsupported                    | 0           |
|    workspace                      | 0           |
| time/                             |             |
|    fps                            | 285         |
|    iterations                     | 181         |
|    time_elapsed                   | 1296        |
|    total_timesteps                | 370688      |
| train/                            |             |
|    approx_kl                      | 0.009760557 |
|    clip_fraction                  | 0.0532      |
|    clip_range                     | 0.2         |
|    entropy_loss                   | -9.73       |
|    explained_variance             | 0.911       |
|    loss                           | 127         |
|    n_updates                      | 900         |
|    policy_gradient_loss           | -0.00758    |
|    std                            | 0.55        |
|    value_loss                     | 563         |
---------------------------------------------------
TRAIN_PROGRESS total_timesteps=370944
TRAIN_PROGRESS total_timesteps=371200
TRAIN_PROGRESS total_timesteps=371456
TRAIN_PROGRESS total_timesteps=371712
TRAIN_PROGRESS total_timesteps=371968
TRAIN_PROGRESS total_timesteps=372224
TRAIN_PROGRESS total_timesteps=372480
TRAIN_PROGRESS total_timesteps=372736
----------------------------------------------------
| rapid/                            |              |
|    action_saturation_rate         | 0.104        |
|    actor_lr                       | 1e-05        |
|    adaptation_lr                  | 0            |
|    critic_lr                      | 0.0001       |
|    source_action_abs_mean         | 1.17         |
|    speed_progress_mean            | 0.945        |
| reward/                           |              |
|    transition_mean                | 3.1          |
| reward_parts/                     |              |
|    action_rate                    | -0.00336     |
|    alive                          | 0.5          |
|    command_displacement_progress  | 1.12         |
|    command_speed_progress         | 1.12         |
|    command_tracking               | -0.0941      |
|    default_pose                   | -0.0579      |
|    distance                       | 0.0821       |
|    fall                           | 0            |
|    feet_air_time                  | 0            |
|    finetune_moving_contact        | 0.875        |
|    foot_slip                      | -0.0691      |
|    gait                           | -0.0125      |
|    height                         | -0.00144     |
|    horizontal_angular_velocity    | -0.2         |
|    joint_jitter                   | -0.00512     |
|    joint_velocity                 | -0.00245     |
|    jump_landing                   | 0            |
|    jump_success                   | 0            |
|    non_foot_collision             | 0            |
|    posture                        | -0.0449      |
|    rapid_source_action_saturation | -0.021       |
|    source_action_saturation       | -0.021       |
|    static_contact_course          | 0            |
|    support_gap                    | -0.075       |
|    torque                         | -0.0026      |
|    true_four_foot_contact         | 0            |
|    zero_velocity                  | -0.000986    |
|    zero_yaw_rate                  | -0.0127      |
| rollout/                          |              |
|    ep_rew_mean                    | 1.38e+03     |
|    true_four_contact_ratio        | 0.00928      |
| termination_reason/               |              |
|    body_contact                   | 0            |
|    controller_done                | 0            |
|    height                         | 0            |
|    joint_limit                    | 0            |
|    none                           | 0            |
|    tilt                           | 0            |
|    time_limit                     | 0            |
|    unknown                        | 0            |
|    unsupported                    | 0            |
|    workspace                      | 0            |
| time/                             |              |
|    fps                            | 285          |
|    iterations                     | 182          |
|    time_elapsed                   | 1304         |
|    total_timesteps                | 372736       |
| train/                            |              |
|    approx_kl                      | 0.0019770928 |
|    clip_fraction                  | 0.000977     |
|    clip_range                     | 0.2          |
|    entropy_loss                   | -9.73        |
|    explained_variance             | 0.947        |
|    loss                           | 358          |
|    n_updates                      | 905          |
|    policy_gradient_loss           | -0.00245     |
|    std                            | 0.55         |
|    value_loss                     | 584          |
----------------------------------------------------
TRAIN_PROGRESS total_timesteps=372992
TRAIN_PROGRESS total_timesteps=373248
TRAIN_PROGRESS total_timesteps=373504
TRAIN_PROGRESS total_timesteps=373760
TRAIN_PROGRESS total_timesteps=374016
TRAIN_PROGRESS total_timesteps=374272
TRAIN_PROGRESS total_timesteps=374528
TRAIN_PROGRESS total_timesteps=374784
----------------------------------------------------
| rapid/                            |              |
|    action_saturation_rate         | 0.146        |
|    actor_lr                       | 1e-05        |
|    adaptation_lr                  | 0            |
|    critic_lr                      | 0.0001       |
|    source_action_abs_mean         | 1.33         |
|    speed_progress_mean            | 0.947        |
| reward/                           |              |
|    transition_mean                | 3.68         |
| reward_parts/                     |              |
|    action_rate                    | -0.00316     |
|    alive                          | 0.5          |
|    command_displacement_progress  | 1.2          |
|    command_speed_progress         | 1.19         |
|    command_tracking               | -0.0217      |
|    default_pose                   | -0.0606      |
|    distance                       | 0.0796       |
|    fall                           | 0            |
|    feet_air_time                  | 0            |
|    finetune_moving_contact        | 1.12         |
|    foot_slip                      | -0.106       |
|    gait                           | 0            |
|    height                         | -0.00163     |
|    horizontal_angular_velocity    | -0.118       |
|    joint_jitter                   | -0.00599     |
|    joint_velocity                 | -0.0023      |
|    jump_landing                   | 0            |
|    jump_success                   | 0            |
|    non_foot_collision             | 0            |
|    posture                        | -0.0339      |
|    rapid_source_action_saturation | -0.0297      |
|    source_action_saturation       | -0.0297      |
|    static_contact_course          | 0            |
|    support_gap                    | 0            |
|    torque                         | -0.0017      |
|    true_four_foot_contact         | 0            |
|    zero_velocity                  | 0            |
|    zero_yaw_rate                  | -0.0318      |
| rollout/                          |              |
|    ep_rew_mean                    | 1.74e+03     |
|    true_four_contact_ratio        | 0.00879      |
| termination_reason/               |              |
|    body_contact                   | 0            |
|    controller_done                | 0            |
|    height                         | 0            |
|    joint_limit                    | 0            |
|    none                           | 0            |
|    tilt                           | 0            |
|    time_limit                     | 4            |
|    unknown                        | 0            |
|    unsupported                    | 0            |
|    workspace                      | 0            |
| time/                             |              |
|    fps                            | 285          |
|    iterations                     | 183          |
|    time_elapsed                   | 1312         |
|    total_timesteps                | 374784       |
| train/                            |              |
|    approx_kl                      | 0.0031406358 |
|    clip_fraction                  | 0.00605      |
|    clip_range                     | 0.2          |
|    entropy_loss                   | -9.73        |
|    explained_variance             | 0.921        |
|    loss                           | 287          |
|    n_updates                      | 910          |
|    policy_gradient_loss           | -0.0042      |
|    std                            | 0.55         |
|    value_loss                     | 813          |
----------------------------------------------------
TRAIN_PROGRESS total_timesteps=375040
TRAIN_PROGRESS total_timesteps=375296
TRAIN_PROGRESS total_timesteps=375552
TRAIN_PROGRESS total_timesteps=375808
TRAIN_PROGRESS total_timesteps=376064
TRAIN_PROGRESS total_timesteps=376320
TRAIN_PROGRESS total_timesteps=376576
TRAIN_PROGRESS total_timesteps=376832
----------------------------------------------------
| rapid/                            |              |
|    action_saturation_rate         | 0.188        |
|    actor_lr                       | 1e-05        |
|    adaptation_lr                  | 0            |
|    critic_lr                      | 0.0001       |
|    source_action_abs_mean         | 1.28         |
|    speed_progress_mean            | 0.948        |
| reward/                           |              |
|    transition_mean                | 2.74         |
| reward_parts/                     |              |
|    action_rate                    | -0.00335     |
|    alive                          | 0.5          |
|    command_displacement_progress  | 0.902        |
|    command_speed_progress         | 0.919        |
|    command_tracking               | -0.0483      |
|    default_pose                   | -0.0573      |
|    distance                       | 0.0568       |
|    fall                           | 0            |
|    feet_air_time                  | 0            |
|    finetune_moving_contact        | 0.75         |
|    foot_slip                      | -0.0472      |
|    gait                           | -0.0125      |
|    height                         | -0.00149     |
|    horizontal_angular_velocity    | -0.076       |
|    joint_jitter                   | -0.0045      |
|    joint_velocity                 | -0.0022      |
|    jump_landing                   | 0            |
|    jump_success                   | 0            |
|    non_foot_collision             | 0            |
|    posture                        | -0.0481      |
|    rapid_source_action_saturation | -0.0304      |
|    source_action_saturation       | -0.0304      |
|    static_contact_course          | 0            |
|    support_gap                    | -0.0375      |
|    torque                         | -0.00239     |
|    true_four_foot_contact         | 0            |
|    zero_velocity                  | -0.00196     |
|    zero_yaw_rate                  | -0.0165      |
| rollout/                          |              |
|    ep_rew_mean                    | 2.5e+03      |
|    true_four_contact_ratio        | 0.0112       |
| termination_reason/               |              |
|    body_contact                   | 0            |
|    controller_done                | 0            |
|    height                         | 0            |
|    joint_limit                    | 0            |
|    none                           | 0            |
|    tilt                           | 0            |
|    time_limit                     | 0            |
|    unknown                        | 0            |
|    unsupported                    | 0            |
|    workspace                      | 0            |
| time/                             |              |
|    fps                            | 285          |
|    iterations                     | 184          |
|    time_elapsed                   | 1320         |
|    total_timesteps                | 376832       |
| train/                            |              |
|    approx_kl                      | 0.0076500988 |
|    clip_fraction                  | 0.0325       |
|    clip_range                     | 0.2          |
|    entropy_loss                   | -9.73        |
|    explained_variance             | 0.973        |
|    loss                           | 39.3         |
|    n_updates                      | 915          |
|    policy_gradient_loss           | -0.00729     |
|    std                            | 0.55         |
|    value_loss                     | 193          |
----------------------------------------------------
TRAIN_PROGRESS total_timesteps=377088
TRAIN_PROGRESS total_timesteps=377344
TRAIN_PROGRESS total_timesteps=377600
TRAIN_PROGRESS total_timesteps=377856
TRAIN_PROGRESS total_timesteps=378112
TRAIN_PROGRESS total_timesteps=378368
TRAIN_PROGRESS total_timesteps=378624
TRAIN_PROGRESS total_timesteps=378880
---------------------------------------------------
| rapid/                            |             |
|    action_saturation_rate         | 0.208       |
|    actor_lr                       | 1e-05       |
|    adaptation_lr                  | 0           |
|    critic_lr                      | 0.0001      |
|    source_action_abs_mean         | 1.38        |
|    speed_progress_mean            | 0.949       |
| reward/                           |             |
|    transition_mean                | 1.91        |
| reward_parts/                     |             |
|    action_rate                    | -0.00299    |
|    alive                          | 0.5         |
|    command_displacement_progress  | 0.421       |
|    command_speed_progress         | 0.537       |
|    command_tracking               | -0.0592     |
|    default_pose                   | -0.0566     |
|    distance                       | 0.0203      |
|    fall                           | 0           |
|    feet_air_time                  | 0           |
|    finetune_moving_contact        | 0.875       |
|    foot_slip                      | -0.0854     |
|    gait                           | -0.0125     |
|    height                         | -0.0012     |
|    horizontal_angular_velocity    | -0.0476     |
|    joint_jitter                   | -0.00686    |
|    joint_velocity                 | -0.00255    |
|    jump_landing                   | 0           |
|    jump_success                   | 0           |
|    non_foot_collision             | 0           |
|    posture                        | -0.0419     |
|    rapid_source_action_saturation | -0.0305     |
|    source_action_saturation       | -0.0305     |
|    static_contact_course          | 0           |
|    support_gap                    | -0.075      |
|    torque                         | -0.00231    |
|    true_four_foot_contact         | 0           |
|    zero_velocity                  | -0.00271    |
|    zero_yaw_rate                  | -0.0197     |
| rollout/                          |             |
|    ep_rew_mean                    | 2.81e+03    |
|    true_four_contact_ratio        | 0.0103      |
| termination_reason/               |             |
|    body_contact                   | 0           |
|    controller_done                | 0           |
|    height                         | 0           |
|    joint_limit                    | 0           |
|    none                           | 0           |
|    tilt                           | 0           |
|    time_limit                     | 4           |
|    unknown                        | 0           |
|    unsupported                    | 0           |
|    workspace                      | 0           |
| time/                             |             |
|    fps                            | 285         |
|    iterations                     | 185         |
|    time_elapsed                   | 1328        |
|    total_timesteps                | 378880      |
| train/                            |             |
|    approx_kl                      | 0.013128298 |
|    clip_fraction                  | 0.103       |
|    clip_range                     | 0.2         |
|    entropy_loss                   | -9.73       |
|    explained_variance             | 0.91        |
|    loss                           | 107         |
|    n_updates                      | 920         |
|    policy_gradient_loss           | -0.00834    |
|    std                            | 0.55        |
|    value_loss                     | 315         |
---------------------------------------------------
TRAIN_PROGRESS total_timesteps=379136
TRAIN_PROGRESS total_timesteps=379392
TRAIN_PROGRESS total_timesteps=379648
TRAIN_PROGRESS total_timesteps=379904
CHECKPOINT /run/media/pma213x/0C6A8CC86A8CAFCE/Ubuntu2/CodeU/Dog1/official-mini-cheetah/checkpoints/official_mini_cheetah_flat_jump_v1_r3/rapid_finetune_500k_20261006/official_mini_cheetah_flat_jump_v1_r3_380000_steps.zip
TRAIN_PROGRESS total_timesteps=380160
TRAIN_PROGRESS total_timesteps=380416
TRAIN_PROGRESS total_timesteps=380672
TRAIN_PROGRESS total_timesteps=380928
---------------------------------------------------
| rapid/                            |             |
|    action_saturation_rate         | 0.167       |
|    actor_lr                       | 1e-05       |
|    adaptation_lr                  | 0           |
|    critic_lr                      | 0.0001      |
|    source_action_abs_mean         | 1.27        |
|    speed_progress_mean            | 0.95        |
| reward/                           |             |
|    transition_mean                | 3.77        |
| reward_parts/                     |             |
|    action_rate                    | -0.00319    |
|    alive                          | 0.5         |
|    command_displacement_progress  | 1.18        |
|    command_speed_progress         | 1.12        |
|    command_tracking               | -0.0341     |
|    default_pose                   | -0.0583     |
|    distance                       | 0.0841      |
|    fall                           | 0           |
|    feet_air_time                  | 0           |
|    finetune_moving_contact        | 1.12        |
|    foot_slip                      | -0.0454     |
|    gait                           | 0           |
|    height                         | -0.00103    |
|    horizontal_angular_velocity    | -0.0215     |
|    joint_jitter                   | -0.0104     |
|    joint_velocity                 | -0.00212    |
|    jump_landing                   | 0           |
|    jump_success                   | 0           |
|    non_foot_collision             | 0           |
|    posture                        | -0.0375     |
|    rapid_source_action_saturation | -0.0131     |
|    source_action_saturation       | -0.0131     |
|    static_contact_course          | 0           |
|    support_gap                    | 0           |
|    torque                         | -0.00257    |
|    true_four_foot_contact         | 0           |
|    zero_velocity                  | 0           |
|    zero_yaw_rate                  | -0.0169     |
| rollout/                          |             |
|    ep_rew_mean                    | 2.54e+03    |
|    true_four_contact_ratio        | 0.00977     |
| termination_reason/               |             |
|    body_contact                   | 0           |
|    controller_done                | 0           |
|    height                         | 0           |
|    joint_limit                    | 0           |
|    none                           | 0           |
|    tilt                           | 0           |
|    time_limit                     | 0           |
|    unknown                        | 0           |
|    unsupported                    | 0           |
|    workspace                      | 0           |
| time/                             |             |
|    fps                            | 285         |
|    iterations                     | 186         |
|    time_elapsed                   | 1336        |
|    total_timesteps                | 380928      |
| train/                            |             |
|    approx_kl                      | 0.011826375 |
|    clip_fraction                  | 0.0815      |
|    clip_range                     | 0.2         |
|    entropy_loss                   | -9.73       |
|    explained_variance             | 0.948       |
|    loss                           | 124         |
|    n_updates                      | 925         |
|    policy_gradient_loss           | -0.0102     |
|    std                            | 0.55        |
|    value_loss                     | 325         |
---------------------------------------------------
TRAIN_PROGRESS total_timesteps=381184
TRAIN_PROGRESS total_timesteps=381440
TRAIN_PROGRESS total_timesteps=381696
TRAIN_PROGRESS total_timesteps=381952
TRAIN_PROGRESS total_timesteps=382208
TRAIN_PROGRESS total_timesteps=382464
TRAIN_PROGRESS total_timesteps=382720
TRAIN_PROGRESS total_timesteps=382976
---------------------------------------------------
| rapid/                            |             |
|    action_saturation_rate         | 0.125       |
|    actor_lr                       | 1e-05       |
|    adaptation_lr                  | 0           |
|    critic_lr                      | 0.0001      |
|    source_action_abs_mean         | 1.15        |
|    speed_progress_mean            | 0.951       |
| reward/                           |             |
|    transition_mean                | 1.26        |
| reward_parts/                     |             |
|    action_rate                    | -0.00347    |
|    alive                          | 0.5         |
|    command_displacement_progress  | 0.336       |
|    command_speed_progress         | 0.375       |
|    command_tracking               | -0.0614     |
|    default_pose                   | -0.0546     |
|    distance                       | 0.0171      |
|    fall                           | 0           |
|    feet_air_time                  | 0           |
|    finetune_moving_contact        | 0.5         |
|    foot_slip                      | -0.0192     |
|    gait                           | -0.025      |
|    height                         | -0.00261    |
|    horizontal_angular_velocity    | -0.0687     |
|    joint_jitter                   | -0.0105     |
|    joint_velocity                 | -0.00165    |
|    jump_landing                   | 0           |
|    jump_success                   | 0           |
|    non_foot_collision             | 0           |
|    posture                        | -0.0244     |
|    rapid_source_action_saturation | -0.0216     |
|    source_action_saturation       | -0.0216     |
|    static_contact_course          | 0           |
|    support_gap                    | -0.15       |
|    torque                         | -0.00245    |
|    true_four_foot_contact         | 0           |
|    zero_velocity                  | -0.00412    |
|    zero_yaw_rate                  | -0.0188     |
| rollout/                          |             |
|    ep_rew_mean                    | 2.86e+03    |
|    true_four_contact_ratio        | 0.0132      |
| termination_reason/               |             |
|    body_contact                   | 0           |
|    controller_done                | 0           |
|    height                         | 0           |
|    joint_limit                    | 0           |
|    none                           | 0           |
|    tilt                           | 0           |
|    time_limit                     | 4           |
|    unknown                        | 0           |
|    unsupported                    | 0           |
|    workspace                      | 0           |
| time/                             |             |
|    fps                            | 284         |
|    iterations                     | 187         |
|    time_elapsed                   | 1344        |
|    total_timesteps                | 382976      |
| train/                            |             |
|    approx_kl                      | 0.004245634 |
|    clip_fraction                  | 0.00859     |
|    clip_range                     | 0.2         |
|    entropy_loss                   | -9.73       |
|    explained_variance             | 0.884       |
|    loss                           | 122         |
|    n_updates                      | 930         |
|    policy_gradient_loss           | -0.00446    |
|    std                            | 0.55        |
|    value_loss                     | 277         |
---------------------------------------------------
TRAIN_PROGRESS total_timesteps=383232
TRAIN_PROGRESS total_timesteps=383488
TRAIN_PROGRESS total_timesteps=383744
TRAIN_PROGRESS total_timesteps=384000
TRAIN_PROGRESS total_timesteps=384256
TRAIN_PROGRESS total_timesteps=384512
TRAIN_PROGRESS total_timesteps=384768
TRAIN_PROGRESS total_timesteps=385024
----------------------------------------------------
| rapid/                            |              |
|    action_saturation_rate         | 0.188        |
|    actor_lr                       | 1e-05        |
|    adaptation_lr                  | 0            |
|    critic_lr                      | 0.0001       |
|    source_action_abs_mean         | 1.25         |
|    speed_progress_mean            | 0.953        |
| reward/                           |              |
|    transition_mean                | 2.61         |
| reward_parts/                     |              |
|    action_rate                    | -0.00336     |
|    alive                          | 0.5          |
|    command_displacement_progress  | 0.463        |
|    command_speed_progress         | 0.639        |
|    command_tracking               | -0.0691      |
|    default_pose                   | -0.0649      |
|    distance                       | 0.0486       |
|    fall                           | 0            |
|    feet_air_time                  | 0            |
|    finetune_moving_contact        | 1.25         |
|    foot_slip                      | -0.0287      |
|    gait                           | 0            |
|    height                         | -0.00171     |
|    horizontal_angular_velocity    | -0.0378      |
|    joint_jitter                   | -0.00514     |
|    joint_velocity                 | -0.00218     |
|    jump_landing                   | 0            |
|    jump_success                   | 0            |
|    non_foot_collision             | 0            |
|    posture                        | -0.037       |
|    rapid_source_action_saturation | -0.0178      |
|    source_action_saturation       | -0.0178      |
|    static_contact_course          | 0            |
|    support_gap                    | 0            |
|    torque                         | -0.00284     |
|    true_four_foot_contact         | 0            |
|    zero_velocity                  | 0            |
|    zero_yaw_rate                  | -0.0166      |
| rollout/                          |              |
|    ep_rew_mean                    | 2.11e+03     |
|    true_four_contact_ratio        | 0.0103       |
| termination_reason/               |              |
|    body_contact                   | 0            |
|    controller_done                | 0            |
|    height                         | 0            |
|    joint_limit                    | 0            |
|    none                           | 0            |
|    tilt                           | 0            |
|    time_limit                     | 0            |
|    unknown                        | 0            |
|    unsupported                    | 0            |
|    workspace                      | 0            |
| time/                             |              |
|    fps                            | 284          |
|    iterations                     | 188          |
|    time_elapsed                   | 1352         |
|    total_timesteps                | 385024       |
| train/                            |              |
|    approx_kl                      | 0.0018728396 |
|    clip_fraction                  | 0.00117      |
|    clip_range                     | 0.2          |
|    entropy_loss                   | -9.73        |
|    explained_variance             | 0.959        |
|    loss                           | 163          |
|    n_updates                      | 935          |
|    policy_gradient_loss           | -0.0024      |
|    std                            | 0.55         |
|    value_loss                     | 471          |
----------------------------------------------------
TRAIN_PROGRESS total_timesteps=385280
TRAIN_PROGRESS total_timesteps=385536
TRAIN_PROGRESS total_timesteps=385792
TRAIN_PROGRESS total_timesteps=386048
TRAIN_PROGRESS total_timesteps=386304
TRAIN_PROGRESS total_timesteps=386560
TRAIN_PROGRESS total_timesteps=386816
TRAIN_PROGRESS total_timesteps=387072
--------------------------------------------------
| rapid/                            |            |
|    action_saturation_rate         | 0.167      |
|    actor_lr                       | 1e-05      |
|    adaptation_lr                  | 0          |
|    critic_lr                      | 0.0001     |
|    source_action_abs_mean         | 1.24       |
|    speed_progress_mean            | 0.954      |
| reward/                           |            |
|    transition_mean                | 2.59       |
| reward_parts/                     |            |
|    action_rate                    | -0.00346   |
|    alive                          | 0.5        |
|    command_displacement_progress  | 0.557      |
|    command_speed_progress         | 0.75       |
|    command_tracking               | -0.0891    |
|    default_pose                   | -0.0506    |
|    distance                       | 0.0447     |
|    fall                           | 0          |
|    feet_air_time                  | 0          |
|    finetune_moving_contact        | 1.12       |
|    foot_slip                      | -0.0689    |
|    gait                           | 0          |
|    height                         | -0.00153   |
|    horizontal_angular_velocity    | -0.0918    |
|    joint_jitter                   | -0.00447   |
|    joint_velocity                 | -0.00242   |
|    jump_landing                   | 0          |
|    jump_success                   | 0          |
|    non_foot_collision             | 0          |
|    posture                        | -0.0335    |
|    rapid_source_action_saturation | -0.0207    |
|    source_action_saturation       | -0.0207    |
|    static_contact_course          | 0          |
|    support_gap                    | 0          |
|    torque                         | -0.0027    |
|    true_four_foot_contact         | 0          |
|    zero_velocity                  | 0          |
|    zero_yaw_rate                  | -0.02      |
| rollout/                          |            |
|    ep_rew_mean                    | 2.35e+03   |
|    true_four_contact_ratio        | 0.00977    |
| termination_reason/               |            |
|    body_contact                   | 0          |
|    controller_done                | 0          |
|    height                         | 0          |
|    joint_limit                    | 0          |
|    none                           | 0          |
|    tilt                           | 0          |
|    time_limit                     | 4          |
|    unknown                        | 0          |
|    unsupported                    | 0          |
|    workspace                      | 0          |
| time/                             |            |
|    fps                            | 284        |
|    iterations                     | 189        |
|    time_elapsed                   | 1360       |
|    total_timesteps                | 387072     |
| train/                            |            |
|    approx_kl                      | 0.00534336 |
|    clip_fraction                  | 0.0165     |
|    clip_range                     | 0.2        |
|    entropy_loss                   | -9.73      |
|    explained_variance             | 0.891      |
|    loss                           | 100        |
|    n_updates                      | 940        |
|    policy_gradient_loss           | -0.0053    |
|    std                            | 0.55       |
|    value_loss                     | 310        |
--------------------------------------------------
TRAIN_PROGRESS total_timesteps=387328
TRAIN_PROGRESS total_timesteps=387584
TRAIN_PROGRESS total_timesteps=387840
TRAIN_PROGRESS total_timesteps=388096
TRAIN_PROGRESS total_timesteps=388352
TRAIN_PROGRESS total_timesteps=388608
TRAIN_PROGRESS total_timesteps=388864
TRAIN_PROGRESS total_timesteps=389120
----------------------------------------------------
| rapid/                            |              |
|    action_saturation_rate         | 0.167        |
|    actor_lr                       | 1e-05        |
|    adaptation_lr                  | 0            |
|    critic_lr                      | 0.0001       |
|    source_action_abs_mean         | 1.1          |
|    speed_progress_mean            | 0.955        |
| reward/                           |              |
|    transition_mean                | 3.5          |
| reward_parts/                     |              |
|    action_rate                    | -0.00361     |
|    alive                          | 0.5          |
|    command_displacement_progress  | 1.05         |
|    command_speed_progress         | 1.03         |
|    command_tracking               | -0.0369      |
|    default_pose                   | -0.0568      |
|    distance                       | 0.0557       |
|    fall                           | 0            |
|    feet_air_time                  | 0            |
|    finetune_moving_contact        | 1.12         |
|    foot_slip                      | -0.0507      |
|    gait                           | 0            |
|    height                         | -0.000969    |
|    horizontal_angular_velocity    | -0.0323      |
|    joint_jitter                   | -0.00896     |
|    joint_velocity                 | -0.00243     |
|    jump_landing                   | 0            |
|    jump_success                   | 0            |
|    non_foot_collision             | 0            |
|    posture                        | -0.0371      |
|    rapid_source_action_saturation | -0.00824     |
|    source_action_saturation       | -0.00824     |
|    static_contact_course          | 0            |
|    support_gap                    | 0            |
|    torque                         | -0.00366     |
|    true_four_foot_contact         | 0            |
|    zero_velocity                  | 0            |
|    zero_yaw_rate                  | -0.0242      |
| rollout/                          |              |
|    ep_rew_mean                    | 2.6e+03      |
|    true_four_contact_ratio        | 0.00781      |
| termination_reason/               |              |
|    body_contact                   | 0            |
|    controller_done                | 0            |
|    height                         | 0            |
|    joint_limit                    | 0            |
|    none                           | 0            |
|    tilt                           | 0            |
|    time_limit                     | 0            |
|    unknown                        | 0            |
|    unsupported                    | 0            |
|    workspace                      | 0            |
| time/                             |              |
|    fps                            | 284          |
|    iterations                     | 190          |
|    time_elapsed                   | 1368         |
|    total_timesteps                | 389120       |
| train/                            |              |
|    approx_kl                      | 0.0016623547 |
|    clip_fraction                  | 0.000586     |
|    clip_range                     | 0.2          |
|    entropy_loss                   | -9.73        |
|    explained_variance             | 0.957        |
|    loss                           | 169          |
|    n_updates                      | 945          |
|    policy_gradient_loss           | -0.00249     |
|    std                            | 0.55         |
|    value_loss                     | 361          |
----------------------------------------------------
TRAIN_PROGRESS total_timesteps=389376
TRAIN_PROGRESS total_timesteps=389632
TRAIN_PROGRESS total_timesteps=389888
TRAIN_PROGRESS total_timesteps=390144
TRAIN_PROGRESS total_timesteps=390400
TRAIN_PROGRESS total_timesteps=390656
TRAIN_PROGRESS total_timesteps=390912
TRAIN_PROGRESS total_timesteps=391168
---------------------------------------------------
| rapid/                            |             |
|    action_saturation_rate         | 0.125       |
|    actor_lr                       | 1e-05       |
|    adaptation_lr                  | 0           |
|    critic_lr                      | 0.0001      |
|    source_action_abs_mean         | 1.2         |
|    speed_progress_mean            | 0.956       |
| reward/                           |             |
|    transition_mean                | 2.72        |
| reward_parts/                     |             |
|    action_rate                    | -0.00358    |
|    alive                          | 0.5         |
|    command_displacement_progress  | 0.955       |
|    command_speed_progress         | 0.888       |
|    command_tracking               | -0.0674     |
|    default_pose                   | -0.0637     |
|    distance                       | 0.0581      |
|    fall                           | 0           |
|    feet_air_time                  | 0           |
|    finetune_moving_contact        | 0.75        |
|    foot_slip                      | -0.0312     |
|    gait                           | -0.0125     |
|    height                         | -0.0005     |
|    horizontal_angular_velocity    | -0.0713     |
|    joint_jitter                   | -0.00793    |
|    joint_velocity                 | -0.00195    |
|    jump_landing                   | 0           |
|    jump_success                   | 0           |
|    non_foot_collision             | 0           |
|    posture                        | -0.0408     |
|    rapid_source_action_saturation | -0.0201     |
|    source_action_saturation       | -0.0201     |
|    static_contact_course          | 0           |
|    support_gap                    | -0.075      |
|    torque                         | -0.00271    |
|    true_four_foot_contact         | 0           |
|    zero_velocity                  | -0.00235    |
|    zero_yaw_rate                  | -0.0294     |
| rollout/                          |             |
|    ep_rew_mean                    | 2.76e+03    |
|    true_four_contact_ratio        | 0.0112      |
| termination_reason/               |             |
|    body_contact                   | 0           |
|    controller_done                | 0           |
|    height                         | 0           |
|    joint_limit                    | 0           |
|    none                           | 0           |
|    tilt                           | 0           |
|    time_limit                     | 4           |
|    unknown                        | 0           |
|    unsupported                    | 0           |
|    workspace                      | 0           |
| time/                             |             |
|    fps                            | 284         |
|    iterations                     | 191         |
|    time_elapsed                   | 1376        |
|    total_timesteps                | 391168      |
| train/                            |             |
|    approx_kl                      | 0.010010485 |
|    clip_fraction                  | 0.119       |
|    clip_range                     | 0.2         |
|    entropy_loss                   | -9.73       |
|    explained_variance             | 0.683       |
|    loss                           | 18.8        |
|    n_updates                      | 950         |
|    policy_gradient_loss           | -0.0124     |
|    std                            | 0.55        |
|    value_loss                     | 43.1        |
---------------------------------------------------
TRAIN_PROGRESS total_timesteps=391424
TRAIN_PROGRESS total_timesteps=391680
TRAIN_PROGRESS total_timesteps=391936
TRAIN_PROGRESS total_timesteps=392192
TRAIN_PROGRESS total_timesteps=392448
TRAIN_PROGRESS total_timesteps=392704
TRAIN_PROGRESS total_timesteps=392960
TRAIN_PROGRESS total_timesteps=393216
---------------------------------------------------
| rapid/                            |             |
|    action_saturation_rate         | 0.0833      |
|    actor_lr                       | 1e-05       |
|    adaptation_lr                  | 0           |
|    critic_lr                      | 0.0001      |
|    source_action_abs_mean         | 1.06        |
|    speed_progress_mean            | 0.957       |
| reward/                           |             |
|    transition_mean                | 2.1         |
| reward_parts/                     |             |
|    action_rate                    | -0.00351    |
|    alive                          | 0.5         |
|    command_displacement_progress  | 0.75        |
|    command_speed_progress         | 0.75        |
|    command_tracking               | -0.0865     |
|    default_pose                   | -0.0559     |
|    distance                       | 0.0598      |
|    fall                           | 0           |
|    feet_air_time                  | 0           |
|    finetune_moving_contact        | 0.5         |
|    foot_slip                      | -0.00671    |
|    gait                           | -0.025      |
|    height                         | -0.00095    |
|    horizontal_angular_velocity    | -0.0443     |
|    joint_jitter                   | -0.0128     |
|    joint_velocity                 | -0.00211    |
|    jump_landing                   | 0           |
|    jump_success                   | 0           |
|    non_foot_collision             | 0           |
|    posture                        | -0.0381     |
|    rapid_source_action_saturation | -0.0088     |
|    source_action_saturation       | -0.0088     |
|    static_contact_course          | 0           |
|    support_gap                    | -0.15       |
|    torque                         | -0.00268    |
|    true_four_foot_contact         | 0           |
|    zero_velocity                  | -0.00614    |
|    zero_yaw_rate                  | -0.0149     |
| rollout/                          |             |
|    ep_rew_mean                    | 2.08e+03    |
|    true_four_contact_ratio        | 0.00781     |
| termination_reason/               |             |
|    body_contact                   | 0           |
|    controller_done                | 0           |
|    height                         | 0           |
|    joint_limit                    | 0           |
|    none                           | 0           |
|    tilt                           | 0           |
|    time_limit                     | 0           |
|    unknown                        | 0           |
|    unsupported                    | 0           |
|    workspace                      | 0           |
| time/                             |             |
|    fps                            | 283         |
|    iterations                     | 192         |
|    time_elapsed                   | 1384        |
|    total_timesteps                | 393216      |
| train/                            |             |
|    approx_kl                      | 0.003884572 |
|    clip_fraction                  | 0.0101      |
|    clip_range                     | 0.2         |
|    entropy_loss                   | -9.73       |
|    explained_variance             | 0.938       |
|    loss                           | 177         |
|    n_updates                      | 955         |
|    policy_gradient_loss           | -0.00312    |
|    std                            | 0.55        |
|    value_loss                     | 275         |
---------------------------------------------------
TRAIN_PROGRESS total_timesteps=393472
TRAIN_PROGRESS total_timesteps=393728
TRAIN_PROGRESS total_timesteps=393984
TRAIN_PROGRESS total_timesteps=394240
TRAIN_PROGRESS total_timesteps=394496
TRAIN_PROGRESS total_timesteps=394752
TRAIN_PROGRESS total_timesteps=395008
TRAIN_PROGRESS total_timesteps=395264
---------------------------------------------------
| rapid/                            |             |
|    action_saturation_rate         | 0.208       |
|    actor_lr                       | 1e-05       |
|    adaptation_lr                  | 0           |
|    critic_lr                      | 0.0001      |
|    source_action_abs_mean         | 1.36        |
|    speed_progress_mean            | 0.957       |
| reward/                           |             |
|    transition_mean                | 0.811       |
| reward_parts/                     |             |
|    action_rate                    | -0.00318    |
|    alive                          | 0.5         |
|    command_displacement_progress  | 0.0371      |
|    command_speed_progress         | 0.375       |
|    command_tracking               | -0.0769     |
|    default_pose                   | -0.0648     |
|    distance                       | 0.0175      |
|    fall                           | 0           |
|    feet_air_time                  | 0           |
|    finetune_moving_contact        | 0.5         |
|    foot_slip                      | -0.0708     |
|    gait                           | -0.025      |
|    height                         | -0.00242    |
|    horizontal_angular_velocity    | -0.116      |
|    joint_jitter                   | -0.0126     |
|    joint_velocity                 | -0.00194    |
|    jump_landing                   | 0           |
|    jump_success                   | 0           |
|    non_foot_collision             | 0           |
|    posture                        | -0.0277     |
|    rapid_source_action_saturation | -0.0374     |
|    source_action_saturation       | -0.0374     |
|    static_contact_course          | 0           |
|    support_gap                    | -0.15       |
|    torque                         | -0.00254    |
|    true_four_foot_contact         | 0           |
|    zero_velocity                  | -0.00153    |
|    zero_yaw_rate                  | -0.0266     |
| rollout/                          |             |
|    ep_rew_mean                    | 2.1e+03     |
|    true_four_contact_ratio        | 0.0166      |
| termination_reason/               |             |
|    body_contact                   | 0           |
|    controller_done                | 0           |
|    height                         | 0           |
|    joint_limit                    | 0           |
|    none                           | 0           |
|    tilt                           | 0           |
|    time_limit                     | 4           |
|    unknown                        | 0           |
|    unsupported                    | 0           |
|    workspace                      | 0           |
| time/                             |             |
|    fps                            | 283         |
|    iterations                     | 193         |
|    time_elapsed                   | 1392        |
|    total_timesteps                | 395264      |
| train/                            |             |
|    approx_kl                      | 0.003377704 |
|    clip_fraction                  | 0.00625     |
|    clip_range                     | 0.2         |
|    entropy_loss                   | -9.73       |
|    explained_variance             | 0.898       |
|    loss                           | 344         |
|    n_updates                      | 960         |
|    policy_gradient_loss           | -0.00418    |
|    std                            | 0.55        |
|    value_loss                     | 792         |
---------------------------------------------------
TRAIN_PROGRESS total_timesteps=395520
TRAIN_PROGRESS total_timesteps=395776
TRAIN_PROGRESS total_timesteps=396032
TRAIN_PROGRESS total_timesteps=396288
TRAIN_PROGRESS total_timesteps=396544
TRAIN_PROGRESS total_timesteps=396800
TRAIN_PROGRESS total_timesteps=397056
TRAIN_PROGRESS total_timesteps=397312
---------------------------------------------------
| rapid/                            |             |
|    action_saturation_rate         | 0.208       |
|    actor_lr                       | 1e-05       |
|    adaptation_lr                  | 0           |
|    critic_lr                      | 0.0001      |
|    source_action_abs_mean         | 1.27        |
|    speed_progress_mean            | 0.958       |
| reward/                           |             |
|    transition_mean                | 3.3         |
| reward_parts/                     |             |
|    action_rate                    | -0.00334    |
|    alive                          | 0.5         |
|    command_displacement_progress  | 1.12        |
|    command_speed_progress         | 1.12        |
|    command_tracking               | -0.034      |
|    default_pose                   | -0.0527     |
|    distance                       | 0.089       |
|    fall                           | 0           |
|    feet_air_time                  | 0           |
|    finetune_moving_contact        | 0.75        |
|    foot_slip                      | -0.033      |
|    gait                           | -0.0125     |
|    height                         | -0.00146    |
|    horizontal_angular_velocity    | -0.0299     |
|    joint_jitter                   | -0.00488    |
|    joint_velocity                 | -0.0027     |
|    jump_landing                   | 0           |
|    jump_success                   | 0           |
|    non_foot_collision             | 0           |
|    posture                        | -0.0247     |
|    rapid_source_action_saturation | -0.036      |
|    source_action_saturation       | -0.036      |
|    static_contact_course          | 0           |
|    support_gap                    | -0.0375     |
|    torque                         | -0.00222    |
|    true_four_foot_contact         | 0           |
|    zero_velocity                  | -0.00137    |
|    zero_yaw_rate                  | -0.0136     |
| rollout/                          |             |
|    ep_rew_mean                    | 2.45e+03    |
|    true_four_contact_ratio        | 0.0146      |
| termination_reason/               |             |
|    body_contact                   | 0           |
|    controller_done                | 0           |
|    height                         | 0           |
|    joint_limit                    | 0           |
|    none                           | 0           |
|    tilt                           | 0           |
|    time_limit                     | 0           |
|    unknown                        | 0           |
|    unsupported                    | 0           |
|    workspace                      | 0           |
| time/                             |             |
|    fps                            | 283         |
|    iterations                     | 194         |
|    time_elapsed                   | 1401        |
|    total_timesteps                | 397312      |
| train/                            |             |
|    approx_kl                      | 0.003454978 |
|    clip_fraction                  | 0.00732     |
|    clip_range                     | 0.2         |
|    entropy_loss                   | -9.73       |
|    explained_variance             | 0.942       |
|    loss                           | 184         |
|    n_updates                      | 965         |
|    policy_gradient_loss           | -0.00423    |
|    std                            | 0.55        |
|    value_loss                     | 399         |
---------------------------------------------------
TRAIN_PROGRESS total_timesteps=397568
TRAIN_PROGRESS total_timesteps=397824
TRAIN_PROGRESS total_timesteps=398080
TRAIN_PROGRESS total_timesteps=398336
TRAIN_PROGRESS total_timesteps=398592
TRAIN_PROGRESS total_timesteps=398848
TRAIN_PROGRESS total_timesteps=399104
TRAIN_PROGRESS total_timesteps=399360
---------------------------------------------------
| rapid/                            |             |
|    action_saturation_rate         | 0.146       |
|    actor_lr                       | 1e-05       |
|    adaptation_lr                  | 0           |
|    critic_lr                      | 0.0001      |
|    source_action_abs_mean         | 1.06        |
|    speed_progress_mean            | 0.959       |
| reward/                           |             |
|    transition_mean                | 2.47        |
| reward_parts/                     |             |
|    action_rate                    | -0.00319    |
|    alive                          | 0.5         |
|    command_displacement_progress  | 0.536       |
|    command_speed_progress         | 0.696       |
|    command_tracking               | -0.0678     |
|    default_pose                   | -0.0527     |
|    distance                       | 0.0282      |
|    fall                           | 0           |
|    feet_air_time                  | 0           |
|    finetune_moving_contact        | 0.875       |
|    foot_slip                      | -0.0603     |
|    gait                           | 0           |
|    height                         | -0.0013     |
|    horizontal_angular_velocity    | -0.0799     |
|    joint_jitter                   | -0.00623    |
|    joint_velocity                 | -0.00284    |
|    jump_landing                   | 0           |
|    jump_success                   | 0           |
|    non_foot_collision             | 0           |
|    posture                        | -0.0296     |
|    rapid_source_action_saturation | -0.0207     |
|    source_action_saturation       | -0.0207     |
|    static_contact_course          | 0           |
|    support_gap                    | 0           |
|    torque                         | -0.00413    |
|    true_four_foot_contact         | 0.2         |
|    zero_velocity                  | -0.00248    |
|    zero_yaw_rate                  | -0.0346     |
| rollout/                          |             |
|    ep_rew_mean                    | 2.45e+03    |
|    true_four_contact_ratio        | 0.0122      |
| termination_reason/               |             |
|    body_contact                   | 0           |
|    controller_done                | 0           |
|    height                         | 0           |
|    joint_limit                    | 0           |
|    none                           | 0           |
|    tilt                           | 0           |
|    time_limit                     | 4           |
|    unknown                        | 0           |
|    unsupported                    | 0           |
|    workspace                      | 0           |
| time/                             |             |
|    fps                            | 283         |
|    iterations                     | 195         |
|    time_elapsed                   | 1409        |
|    total_timesteps                | 399360      |
| train/                            |             |
|    approx_kl                      | 0.004523444 |
|    clip_fraction                  | 0.00859     |
|    clip_range                     | 0.2         |
|    entropy_loss                   | -9.73       |
|    explained_variance             | 0.9         |
|    loss                           | 151         |
|    n_updates                      | 970         |
|    policy_gradient_loss           | -0.00383    |
|    std                            | 0.55        |
|    value_loss                     | 445         |
---------------------------------------------------
TRAIN_PROGRESS total_timesteps=399616
TRAIN_PROGRESS total_timesteps=399872
CHECKPOINT /run/media/pma213x/0C6A8CC86A8CAFCE/Ubuntu2/CodeU/Dog1/official-mini-cheetah/checkpoints/official_mini_cheetah_flat_jump_v1_r3/rapid_finetune_500k_20261006/official_mini_cheetah_flat_jump_v1_r3_400000_steps.zip
TRAIN_PROGRESS total_timesteps=400128
TRAIN_PROGRESS total_timesteps=400384
TRAIN_PROGRESS total_timesteps=400640
TRAIN_PROGRESS total_timesteps=400896
TRAIN_PROGRESS total_timesteps=401152
TRAIN_PROGRESS total_timesteps=401408
----------------------------------------------------
| rapid/                            |              |
|    action_saturation_rate         | 0.125        |
|    actor_lr                       | 1e-05        |
|    adaptation_lr                  | 0            |
|    critic_lr                      | 0.0001       |
|    source_action_abs_mean         | 1.06         |
|    speed_progress_mean            | 0.959        |
| reward/                           |              |
|    transition_mean                | 2.95         |
| reward_parts/                     |              |
|    action_rate                    | -0.00344     |
|    alive                          | 0.5          |
|    command_displacement_progress  | 1            |
|    command_speed_progress         | 1            |
|    command_tracking               | -0.0438      |
|    default_pose                   | -0.0526      |
|    distance                       | 0.0738       |
|    fall                           | 0            |
|    feet_air_time                  | 0            |
|    finetune_moving_contact        | 0.75         |
|    foot_slip                      | -0.0617      |
|    gait                           | -0.0125      |
|    height                         | -0.00224     |
|    horizontal_angular_velocity    | -0.0716      |
|    joint_jitter                   | -0.00815     |
|    joint_velocity                 | -0.00149     |
|    jump_landing                   | 0            |
|    jump_success                   | 0            |
|    non_foot_collision             | 0            |
|    posture                        | -0.0136      |
|    rapid_source_action_saturation | -0.0181      |
|    source_action_saturation       | -0.0181      |
|    static_contact_course          | 0            |
|    support_gap                    | -0.075       |
|    torque                         | -0.00244     |
|    true_four_foot_contact         | 0            |
|    zero_velocity                  | -0.00105     |
|    zero_yaw_rate                  | -0.00878     |
| rollout/                          |              |
|    ep_rew_mean                    | 1.72e+03     |
|    true_four_contact_ratio        | 0.0122       |
| termination_reason/               |              |
|    body_contact                   | 0            |
|    controller_done                | 0            |
|    height                         | 0            |
|    joint_limit                    | 0            |
|    none                           | 0            |
|    tilt                           | 0            |
|    time_limit                     | 4            |
|    unknown                        | 0            |
|    unsupported                    | 0            |
|    workspace                      | 0            |
| time/                             |              |
|    fps                            | 283          |
|    iterations                     | 196          |
|    time_elapsed                   | 1417         |
|    total_timesteps                | 401408       |
| train/                            |              |
|    approx_kl                      | 0.0029529412 |
|    clip_fraction                  | 0.00303      |
|    clip_range                     | 0.2          |
|    entropy_loss                   | -9.73        |
|    explained_variance             | 0.915        |
|    loss                           | 373          |
|    n_updates                      | 975          |
|    policy_gradient_loss           | -0.00453     |
|    std                            | 0.55         |
|    value_loss                     | 750          |
----------------------------------------------------
TRAIN_PROGRESS total_timesteps=401664
TRAIN_PROGRESS total_timesteps=401920
TRAIN_PROGRESS total_timesteps=402176
TRAIN_PROGRESS total_timesteps=402432
TRAIN_PROGRESS total_timesteps=402688
TRAIN_PROGRESS total_timesteps=402944
TRAIN_PROGRESS total_timesteps=403200
TRAIN_PROGRESS total_timesteps=403456
---------------------------------------------------
| rapid/                            |             |
|    action_saturation_rate         | 0.0833      |
|    actor_lr                       | 1e-05       |
|    adaptation_lr                  | 0           |
|    critic_lr                      | 0.0001      |
|    source_action_abs_mean         | 1.13        |
|    speed_progress_mean            | 0.959       |
| reward/                           |             |
|    transition_mean                | 2.37        |
| reward_parts/                     |             |
|    action_rate                    | -0.00343    |
|    alive                          | 0.5         |
|    command_displacement_progress  | 0.75        |
|    command_speed_progress         | 0.75        |
|    command_tracking               | -0.136      |
|    default_pose                   | -0.0635     |
|    distance                       | 0.0747      |
|    fall                           | 0           |
|    feet_air_time                  | 0           |
|    finetune_moving_contact        | 0.75        |
|    foot_slip                      | -0.0315     |
|    gait                           | -0.0125     |
|    height                         | -0.00134    |
|    horizontal_angular_velocity    | -0.0439     |
|    joint_jitter                   | -0.00766    |
|    joint_velocity                 | -0.0021     |
|    jump_landing                   | 0           |
|    jump_success                   | 0           |
|    non_foot_collision             | 0           |
|    posture                        | -0.0378     |
|    rapid_source_action_saturation | -0.0109     |
|    source_action_saturation       | -0.0109     |
|    static_contact_course          | 0           |
|    support_gap                    | -0.075      |
|    torque                         | -0.00226    |
|    true_four_foot_contact         | 0           |
|    zero_velocity                  | -0.00377    |
|    zero_yaw_rate                  | -0.023      |
| rollout/                          |             |
|    ep_rew_mean                    | 790         |
|    true_four_contact_ratio        | 0.0083      |
| termination_reason/               |             |
|    body_contact                   | 0           |
|    controller_done                | 0           |
|    height                         | 0           |
|    joint_limit                    | 0           |
|    none                           | 0           |
|    tilt                           | 0           |
|    time_limit                     | 0           |
|    unknown                        | 0           |
|    unsupported                    | 0           |
|    workspace                      | 0           |
| time/                             |             |
|    fps                            | 283         |
|    iterations                     | 197         |
|    time_elapsed                   | 1425        |
|    total_timesteps                | 403456      |
| train/                            |             |
|    approx_kl                      | 0.007917773 |
|    clip_fraction                  | 0.0329      |
|    clip_range                     | 0.2         |
|    entropy_loss                   | -9.73       |
|    explained_variance             | 0.956       |
|    loss                           | 125         |
|    n_updates                      | 980         |
|    policy_gradient_loss           | -0.0065     |
|    std                            | 0.55        |
|    value_loss                     | 461         |
---------------------------------------------------
TRAIN_PROGRESS total_timesteps=403712
TRAIN_PROGRESS total_timesteps=403968
TRAIN_PROGRESS total_timesteps=404224
TRAIN_PROGRESS total_timesteps=404480
TRAIN_PROGRESS total_timesteps=404736
TRAIN_PROGRESS total_timesteps=404992
TRAIN_PROGRESS total_timesteps=405248
TRAIN_PROGRESS total_timesteps=405504
----------------------------------------------------
| rapid/                            |              |
|    action_saturation_rate         | 0.104        |
|    actor_lr                       | 1e-05        |
|    adaptation_lr                  | 0            |
|    critic_lr                      | 0.0001       |
|    source_action_abs_mean         | 1.02         |
|    speed_progress_mean            | 0.959        |
| reward/                           |              |
|    transition_mean                | 3.64         |
| reward_parts/                     |              |
|    action_rate                    | -0.0036      |
|    alive                          | 0.5          |
|    command_displacement_progress  | 1.09         |
|    command_speed_progress         | 1.07         |
|    command_tracking               | -0.107       |
|    default_pose                   | -0.0515      |
|    distance                       | 0.0921       |
|    fall                           | 0            |
|    feet_air_time                  | 0            |
|    finetune_moving_contact        | 1.25         |
|    foot_slip                      | -0.0707      |
|    gait                           | 0            |
|    height                         | -0.00117     |
|    horizontal_angular_velocity    | -0.023       |
|    joint_jitter                   | -0.00808     |
|    joint_velocity                 | -0.00204     |
|    jump_landing                   | 0            |
|    jump_success                   | 0            |
|    non_foot_collision             | 0            |
|    posture                        | -0.0748      |
|    rapid_source_action_saturation | -0.011       |
|    source_action_saturation       | -0.011       |
|    static_contact_course          | 0            |
|    support_gap                    | 0            |
|    torque                         | -0.00262     |
|    true_four_foot_contact         | 0            |
|    zero_velocity                  | 0            |
|    zero_yaw_rate                  | -0.0148      |
| rollout/                          |              |
|    ep_rew_mean                    | 1.69e+03     |
|    true_four_contact_ratio        | 0.0146       |
| termination_reason/               |              |
|    body_contact                   | 0            |
|    controller_done                | 0            |
|    height                         | 0            |
|    joint_limit                    | 0            |
|    none                           | 0            |
|    tilt                           | 0            |
|    time_limit                     | 4            |
|    unknown                        | 0            |
|    unsupported                    | 0            |
|    workspace                      | 0            |
| time/                             |              |
|    fps                            | 282          |
|    iterations                     | 198          |
|    time_elapsed                   | 1433         |
|    total_timesteps                | 405504       |
| train/                            |              |
|    approx_kl                      | 0.0014461211 |
|    clip_fraction                  | 0.000586     |
|    clip_range                     | 0.2          |
|    entropy_loss                   | -9.73        |
|    explained_variance             | 0.824        |
|    loss                           | 307          |
|    n_updates                      | 985          |
|    policy_gradient_loss           | -0.00234     |
|    std                            | 0.55         |
|    value_loss                     | 842          |
----------------------------------------------------
TRAIN_PROGRESS total_timesteps=405760
TRAIN_PROGRESS total_timesteps=406016
TRAIN_PROGRESS total_timesteps=406272
TRAIN_PROGRESS total_timesteps=406528
TRAIN_PROGRESS total_timesteps=406784
TRAIN_PROGRESS total_timesteps=407040
TRAIN_PROGRESS total_timesteps=407296
TRAIN_PROGRESS total_timesteps=407552
---------------------------------------------------
| rapid/                            |             |
|    action_saturation_rate         | 0.104       |
|    actor_lr                       | 1e-05       |
|    adaptation_lr                  | 0           |
|    critic_lr                      | 0.0001      |
|    source_action_abs_mean         | 1.02        |
|    speed_progress_mean            | 0.959       |
| reward/                           |             |
|    transition_mean                | 2.33        |
| reward_parts/                     |             |
|    action_rate                    | -0.00282    |
|    alive                          | 0.5         |
|    command_displacement_progress  | 0.713       |
|    command_speed_progress         | 0.695       |
|    command_tracking               | -0.0682     |
|    default_pose                   | -0.0653     |
|    distance                       | 0.0544      |
|    fall                           | 0           |
|    feet_air_time                  | 0           |
|    finetune_moving_contact        | 0.75        |
|    foot_slip                      | -0.028      |
|    gait                           | -0.0125     |
|    height                         | -0.00112    |
|    horizontal_angular_velocity    | -0.0332     |
|    joint_jitter                   | -0.00662    |
|    joint_velocity                 | -0.00244    |
|    jump_landing                   | 0           |
|    jump_success                   | 0           |
|    non_foot_collision             | 0           |
|    posture                        | -0.0788     |
|    rapid_source_action_saturation | -0.0123     |
|    source_action_saturation       | -0.0123     |
|    static_contact_course          | 0           |
|    support_gap                    | -0.0375     |
|    torque                         | -0.00349    |
|    true_four_foot_contact         | 0           |
|    zero_velocity                  | -0.00181    |
|    zero_yaw_rate                  | -0.0228     |
| rollout/                          |             |
|    ep_rew_mean                    | 1.36e+03    |
|    true_four_contact_ratio        | 0.00879     |
| termination_reason/               |             |
|    body_contact                   | 0           |
|    controller_done                | 0           |
|    height                         | 0           |
|    joint_limit                    | 0           |
|    none                           | 0           |
|    tilt                           | 0           |
|    time_limit                     | 0           |
|    unknown                        | 0           |
|    unsupported                    | 0           |
|    workspace                      | 0           |
| time/                             |             |
|    fps                            | 282         |
|    iterations                     | 199         |
|    time_elapsed                   | 1441        |
|    total_timesteps                | 407552      |
| train/                            |             |
|    approx_kl                      | 0.004092508 |
|    clip_fraction                  | 0.00889     |
|    clip_range                     | 0.2         |
|    entropy_loss                   | -9.73       |
|    explained_variance             | 0.935       |
|    loss                           | 304         |
|    n_updates                      | 990         |
|    policy_gradient_loss           | -0.00518    |
|    std                            | 0.55        |
|    value_loss                     | 535         |
---------------------------------------------------
TRAIN_PROGRESS total_timesteps=407808
TRAIN_PROGRESS total_timesteps=408064
TRAIN_PROGRESS total_timesteps=408320
TRAIN_PROGRESS total_timesteps=408576
TRAIN_PROGRESS total_timesteps=408832
TRAIN_PROGRESS total_timesteps=409088
TRAIN_PROGRESS total_timesteps=409344
TRAIN_PROGRESS total_timesteps=409600
----------------------------------------------------
| rapid/                            |              |
|    action_saturation_rate         | 0.0417       |
|    actor_lr                       | 1e-05        |
|    adaptation_lr                  | 0            |
|    critic_lr                      | 0.0001       |
|    source_action_abs_mean         | 1            |
|    speed_progress_mean            | 0.959        |
| reward/                           |              |
|    transition_mean                | -0.0313      |
| reward_parts/                     |              |
|    action_rate                    | -0.00329     |
|    alive                          | 0.5          |
|    command_displacement_progress  | -0.00551     |
|    command_speed_progress         | 0            |
|    command_tracking               | -0.133       |
|    default_pose                   | -0.0469      |
|    distance                       | -0.000927    |
|    fall                           | 0            |
|    feet_air_time                  | 0            |
|    finetune_moving_contact        | 0.25         |
|    foot_slip                      | -0.122       |
|    gait                           | -0.0375      |
|    height                         | -0.000603    |
|    horizontal_angular_velocity    | -0.132       |
|    joint_jitter                   | -0.00725     |
|    joint_velocity                 | -0.00204     |
|    jump_landing                   | 0            |
|    jump_success                   | 0            |
|    non_foot_collision             | 0            |
|    posture                        | -0.075       |
|    rapid_source_action_saturation | -0.00468     |
|    source_action_saturation       | -0.00468     |
|    static_contact_course          | 0            |
|    support_gap                    | -0.188       |
|    torque                         | -0.00149     |
|    true_four_foot_contact         | 0            |
|    zero_velocity                  | -0.00923     |
|    zero_yaw_rate                  | -0.0122      |
| rollout/                          |              |
|    ep_rew_mean                    | 2.26e+03     |
|    true_four_contact_ratio        | 0.0112       |
| termination_reason/               |              |
|    body_contact                   | 0            |
|    controller_done                | 0            |
|    height                         | 0            |
|    joint_limit                    | 0            |
|    none                           | 0            |
|    tilt                           | 0            |
|    time_limit                     | 4            |
|    unknown                        | 0            |
|    unsupported                    | 0            |
|    workspace                      | 0            |
| time/                             |              |
|    fps                            | 282          |
|    iterations                     | 200          |
|    time_elapsed                   | 1449         |
|    total_timesteps                | 409600       |
| train/                            |              |
|    approx_kl                      | 0.0015513925 |
|    clip_fraction                  | 0.000391     |
|    clip_range                     | 0.2          |
|    entropy_loss                   | -9.73        |
|    explained_variance             | 0.884        |
|    loss                           | 271          |
|    n_updates                      | 995          |
|    policy_gradient_loss           | -0.00196     |
|    std                            | 0.55         |
|    value_loss                     | 767          |
----------------------------------------------------
TRAIN_PROGRESS total_timesteps=409856
TRAIN_PROGRESS total_timesteps=410112
TRAIN_PROGRESS total_timesteps=410368
TRAIN_PROGRESS total_timesteps=410624
TRAIN_PROGRESS total_timesteps=410880
TRAIN_PROGRESS total_timesteps=411136
TRAIN_PROGRESS total_timesteps=411392
TRAIN_PROGRESS total_timesteps=411648
---------------------------------------------------
| rapid/                            |             |
|    action_saturation_rate         | 0.125       |
|    actor_lr                       | 1e-05       |
|    adaptation_lr                  | 0           |
|    critic_lr                      | 0.0001      |
|    source_action_abs_mean         | 1.18        |
|    speed_progress_mean            | 0.958       |
| reward/                           |             |
|    transition_mean                | 1.24        |
| reward_parts/                     |             |
|    action_rate                    | -0.00364    |
|    alive                          | 0.5         |
|    command_displacement_progress  | -0.0318     |
|    command_speed_progress         | 0.297       |
|    command_tracking               | -0.101      |
|    default_pose                   | -0.0647     |
|    distance                       | 0.00649     |
|    fall                           | 0           |
|    feet_air_time                  | 0           |
|    finetune_moving_contact        | 0.875       |
|    foot_slip                      | -0.0319     |
|    gait                           | -0.0125     |
|    height                         | -0.00159    |
|    horizontal_angular_velocity    | -0.077      |
|    joint_jitter                   | -0.00635    |
|    joint_velocity                 | -0.00132    |
|    jump_landing                   | 0           |
|    jump_success                   | 0           |
|    non_foot_collision             | 0           |
|    posture                        | -0.0272     |
|    rapid_source_action_saturation | -0.0166     |
|    source_action_saturation       | -0.0166     |
|    static_contact_course          | 0           |
|    support_gap                    | -0.0375     |
|    torque                         | -0.00304    |
|    true_four_foot_contact         | 0           |
|    zero_velocity                  | -0.00468    |
|    zero_yaw_rate                  | -0.0137     |
| rollout/                          |             |
|    ep_rew_mean                    | 905         |
|    true_four_contact_ratio        | 0.00879     |
| termination_reason/               |             |
|    body_contact                   | 0           |
|    controller_done                | 0           |
|    height                         | 0           |
|    joint_limit                    | 0           |
|    none                           | 0           |
|    tilt                           | 0           |
|    time_limit                     | 0           |
|    unknown                        | 0           |
|    unsupported                    | 0           |
|    workspace                      | 0           |
| time/                             |             |
|    fps                            | 282         |
|    iterations                     | 201         |
|    time_elapsed                   | 1457        |
|    total_timesteps                | 411648      |
| train/                            |             |
|    approx_kl                      | 0.006331064 |
|    clip_fraction                  | 0.0212      |
|    clip_range                     | 0.2         |
|    entropy_loss                   | -9.73       |
|    explained_variance             | 0.953       |
|    loss                           | 283         |
|    n_updates                      | 1000        |
|    policy_gradient_loss           | -0.00646    |
|    std                            | 0.55        |
|    value_loss                     | 362         |
---------------------------------------------------
TRAIN_PROGRESS total_timesteps=411904
TRAIN_PROGRESS total_timesteps=412160
TRAIN_PROGRESS total_timesteps=412416
TRAIN_PROGRESS total_timesteps=412672
TRAIN_PROGRESS total_timesteps=412928
TRAIN_PROGRESS total_timesteps=413184
TRAIN_PROGRESS total_timesteps=413440
TRAIN_PROGRESS total_timesteps=413696
----------------------------------------------------
| rapid/                            |              |
|    action_saturation_rate         | 0.208        |
|    actor_lr                       | 1e-05        |
|    adaptation_lr                  | 0            |
|    critic_lr                      | 0.0001       |
|    source_action_abs_mean         | 1.14         |
|    speed_progress_mean            | 0.958        |
| reward/                           |              |
|    transition_mean                | 0.311        |
| reward_parts/                     |              |
|    action_rate                    | -0.00323     |
|    alive                          | 0.5          |
|    command_displacement_progress  | 0            |
|    command_speed_progress         | 0            |
|    command_tracking               | -0.119       |
|    default_pose                   | -0.0525      |
|    distance                       | 0            |
|    fall                           | 0            |
|    feet_air_time                  | 0            |
|    finetune_moving_contact        | 0.375        |
|    foot_slip                      | -0.0492      |
|    gait                           | -0.0375      |
|    height                         | -0.000253    |
|    horizontal_angular_velocity    | -0.0171      |
|    joint_jitter                   | -0.00443     |
|    joint_velocity                 | -0.00255     |
|    jump_landing                   | 0            |
|    jump_success                   | 0            |
|    non_foot_collision             | 0            |
|    posture                        | -0.0401      |
|    rapid_source_action_saturation | -0.0171      |
|    source_action_saturation       | -0.0171      |
|    static_contact_course          | 0            |
|    support_gap                    | -0.188       |
|    torque                         | -0.00472     |
|    true_four_foot_contact         | 0            |
|    zero_velocity                  | -0.00782     |
|    zero_yaw_rate                  | -0.0208      |
| rollout/                          |              |
|    ep_rew_mean                    | 1.76e+03     |
|    true_four_contact_ratio        | 0.0112       |
| termination_reason/               |              |
|    body_contact                   | 0            |
|    controller_done                | 0            |
|    height                         | 0            |
|    joint_limit                    | 0            |
|    none                           | 0            |
|    tilt                           | 0            |
|    time_limit                     | 4            |
|    unknown                        | 0            |
|    unsupported                    | 0            |
|    workspace                      | 0            |
| time/                             |              |
|    fps                            | 282          |
|    iterations                     | 202          |
|    time_elapsed                   | 1465         |
|    total_timesteps                | 413696       |
| train/                            |              |
|    approx_kl                      | 0.0030109657 |
|    clip_fraction                  | 0.00439      |
|    clip_range                     | 0.2          |
|    entropy_loss                   | -9.73        |
|    explained_variance             | 0.918        |
|    loss                           | 273          |
|    n_updates                      | 1005         |
|    policy_gradient_loss           | -0.00497     |
|    std                            | 0.55         |
|    value_loss                     | 581          |
----------------------------------------------------
TRAIN_PROGRESS total_timesteps=413952
TRAIN_PROGRESS total_timesteps=414208
TRAIN_PROGRESS total_timesteps=414464
TRAIN_PROGRESS total_timesteps=414720
TRAIN_PROGRESS total_timesteps=414976
TRAIN_PROGRESS total_timesteps=415232
TRAIN_PROGRESS total_timesteps=415488
TRAIN_PROGRESS total_timesteps=415744
---------------------------------------------------
| rapid/                            |             |
|    action_saturation_rate         | 0.167       |
|    actor_lr                       | 1e-05       |
|    adaptation_lr                  | 0           |
|    critic_lr                      | 0.0001      |
|    source_action_abs_mean         | 1.06        |
|    speed_progress_mean            | 0.958       |
| reward/                           |             |
|    transition_mean                | 1.86        |
| reward_parts/                     |             |
|    action_rate                    | -0.00328    |
|    alive                          | 0.5         |
|    command_displacement_progress  | 0.589       |
|    command_speed_progress         | 0.617       |
|    command_tracking               | -0.0471     |
|    default_pose                   | -0.0498     |
|    distance                       | 0.0518      |
|    fall                           | 0           |
|    feet_air_time                  | 0           |
|    finetune_moving_contact        | 0.5         |
|    foot_slip                      | -0.0437     |
|    gait                           | -0.025      |
|    height                         | -0.00119    |
|    horizontal_angular_velocity    | -0.0316     |
|    joint_jitter                   | -0.00512    |
|    joint_velocity                 | -0.00274    |
|    jump_landing                   | 0           |
|    jump_success                   | 0           |
|    non_foot_collision             | 0           |
|    posture                        | -0.0344     |
|    rapid_source_action_saturation | -0.0129     |
|    source_action_saturation       | -0.0129     |
|    static_contact_course          | 0           |
|    support_gap                    | -0.112      |
|    torque                         | -0.00297    |
|    true_four_foot_contact         | 0           |
|    zero_velocity                  | -0.00303    |
|    zero_yaw_rate                  | -0.0213     |
| rollout/                          |             |
|    ep_rew_mean                    | 344         |
|    true_four_contact_ratio        | 0.00732     |
| termination_reason/               |             |
|    body_contact                   | 0           |
|    controller_done                | 0           |
|    height                         | 0           |
|    joint_limit                    | 0           |
|    none                           | 0           |
|    tilt                           | 0           |
|    time_limit                     | 0           |
|    unknown                        | 0           |
|    unsupported                    | 0           |
|    workspace                      | 0           |
| time/                             |             |
|    fps                            | 282         |
|    iterations                     | 203         |
|    time_elapsed                   | 1473        |
|    total_timesteps                | 415744      |
| train/                            |             |
|    approx_kl                      | 0.004071686 |
|    clip_fraction                  | 0.00957     |
|    clip_range                     | 0.2         |
|    entropy_loss                   | -9.73       |
|    explained_variance             | 0.956       |
|    loss                           | 124         |
|    n_updates                      | 1010        |
|    policy_gradient_loss           | -0.00438    |
|    std                            | 0.55        |
|    value_loss                     | 339         |
---------------------------------------------------
TRAIN_PROGRESS total_timesteps=416000
TRAIN_PROGRESS total_timesteps=416256
TRAIN_PROGRESS total_timesteps=416512
TRAIN_PROGRESS total_timesteps=416768
TRAIN_PROGRESS total_timesteps=417024
TRAIN_PROGRESS total_timesteps=417280
TRAIN_PROGRESS total_timesteps=417536
TRAIN_PROGRESS total_timesteps=417792
---------------------------------------------------
| rapid/                            |             |
|    action_saturation_rate         | 0.188       |
|    actor_lr                       | 1e-05       |
|    adaptation_lr                  | 0           |
|    critic_lr                      | 0.0001      |
|    source_action_abs_mean         | 1.3         |
|    speed_progress_mean            | 0.958       |
| reward/                           |             |
|    transition_mean                | 2.68        |
| reward_parts/                     |             |
|    action_rate                    | -0.00306    |
|    alive                          | 0.5         |
|    command_displacement_progress  | 0.596       |
|    command_speed_progress         | 0.722       |
|    command_tracking               | -0.0759     |
|    default_pose                   | -0.0523     |
|    distance                       | 0.0595      |
|    fall                           | 0           |
|    feet_air_time                  | 0           |
|    finetune_moving_contact        | 1.12        |
|    foot_slip                      | -0.076      |
|    gait                           | 0           |
|    height                         | -0.000919   |
|    horizontal_angular_velocity    | -0.0415     |
|    joint_jitter                   | -0.00537    |
|    joint_velocity                 | -0.0021     |
|    jump_landing                   | 0           |
|    jump_success                   | 0           |
|    non_foot_collision             | 0           |
|    posture                        | -0.026      |
|    rapid_source_action_saturation | -0.0237     |
|    source_action_saturation       | -0.0237     |
|    static_contact_course          | 0           |
|    support_gap                    | 0           |
|    torque                         | -0.00251    |
|    true_four_foot_contact         | 0           |
|    zero_velocity                  | 0           |
|    zero_yaw_rate                  | -0.0171     |
| rollout/                          |             |
|    ep_rew_mean                    | 930         |
|    true_four_contact_ratio        | 0.00928     |
| termination_reason/               |             |
|    body_contact                   | 0           |
|    controller_done                | 0           |
|    height                         | 0           |
|    joint_limit                    | 0           |
|    none                           | 0           |
|    tilt                           | 0           |
|    time_limit                     | 4           |
|    unknown                        | 0           |
|    unsupported                    | 0           |
|    workspace                      | 0           |
| time/                             |             |
|    fps                            | 281         |
|    iterations                     | 204         |
|    time_elapsed                   | 1481        |
|    total_timesteps                | 417792      |
| train/                            |             |
|    approx_kl                      | 0.002252432 |
|    clip_fraction                  | 0.000879    |
|    clip_range                     | 0.2         |
|    entropy_loss                   | -9.73       |
|    explained_variance             | 0.933       |
|    loss                           | 76.4        |
|    n_updates                      | 1015        |
|    policy_gradient_loss           | -0.00236    |
|    std                            | 0.55        |
|    value_loss                     | 306         |
---------------------------------------------------
TRAIN_PROGRESS total_timesteps=418048
TRAIN_PROGRESS total_timesteps=418304
TRAIN_PROGRESS total_timesteps=418560
TRAIN_PROGRESS total_timesteps=418816
TRAIN_PROGRESS total_timesteps=419072
TRAIN_PROGRESS total_timesteps=419328
TRAIN_PROGRESS total_timesteps=419584
TRAIN_PROGRESS total_timesteps=419840
----------------------------------------------------
| rapid/                            |              |
|    action_saturation_rate         | 0.125        |
|    actor_lr                       | 1e-05        |
|    adaptation_lr                  | 0            |
|    critic_lr                      | 0.0001       |
|    source_action_abs_mean         | 1.1          |
|    speed_progress_mean            | 0.958        |
| reward/                           |              |
|    transition_mean                | 1.09         |
| reward_parts/                     |              |
|    action_rate                    | -0.00314     |
|    alive                          | 0.5          |
|    command_displacement_progress  | 0.0708       |
|    command_speed_progress         | 0.375        |
|    command_tracking               | -0.111       |
|    default_pose                   | -0.0702      |
|    distance                       | 0.0138       |
|    fall                           | 0            |
|    feet_air_time                  | 0            |
|    finetune_moving_contact        | 0.625        |
|    foot_slip                      | -0.0504      |
|    gait                           | -0.025       |
|    height                         | -0.0017      |
|    horizontal_angular_velocity    | -0.0568      |
|    joint_jitter                   | -0.00374     |
|    joint_velocity                 | -0.00206     |
|    jump_landing                   | 0            |
|    jump_success                   | 0            |
|    non_foot_collision             | 0            |
|    posture                        | -0.0476      |
|    rapid_source_action_saturation | -0.0134      |
|    source_action_saturation       | -0.0134      |
|    static_contact_course          | 0            |
|    support_gap                    | -0.075       |
|    torque                         | -0.00253     |
|    true_four_foot_contact         | 0            |
|    zero_velocity                  | -0.00207     |
|    zero_yaw_rate                  | -0.0252      |
| rollout/                          |              |
|    ep_rew_mean                    | 1.19e+03     |
|    true_four_contact_ratio        | 0.00781      |
| termination_reason/               |              |
|    body_contact                   | 0            |
|    controller_done                | 0            |
|    height                         | 0            |
|    joint_limit                    | 0            |
|    none                           | 0            |
|    tilt                           | 0            |
|    time_limit                     | 0            |
|    unknown                        | 0            |
|    unsupported                    | 0            |
|    workspace                      | 0            |
| time/                             |              |
|    fps                            | 281          |
|    iterations                     | 205          |
|    time_elapsed                   | 1489         |
|    total_timesteps                | 419840       |
| train/                            |              |
|    approx_kl                      | 0.0029317713 |
|    clip_fraction                  | 0.00273      |
|    clip_range                     | 0.2          |
|    entropy_loss                   | -9.73        |
|    explained_variance             | 0.96         |
|    loss                           | 116          |
|    n_updates                      | 1020         |
|    policy_gradient_loss           | -0.00272     |
|    std                            | 0.55         |
|    value_loss                     | 363          |
----------------------------------------------------
CHECKPOINT /run/media/pma213x/0C6A8CC86A8CAFCE/Ubuntu2/CodeU/Dog1/official-mini-cheetah/checkpoints/official_mini_cheetah_flat_jump_v1_r3/rapid_finetune_500k_20261006/official_mini_cheetah_flat_jump_v1_r3_420000_steps.zip
TRAIN_PROGRESS total_timesteps=420096
TRAIN_PROGRESS total_timesteps=420352
TRAIN_PROGRESS total_timesteps=420608
TRAIN_PROGRESS total_timesteps=420864
TRAIN_PROGRESS total_timesteps=421120
TRAIN_PROGRESS total_timesteps=421376
TRAIN_PROGRESS total_timesteps=421632
TRAIN_PROGRESS total_timesteps=421888
---------------------------------------------------
| rapid/                            |             |
|    action_saturation_rate         | 0.104       |
|    actor_lr                       | 1e-05       |
|    adaptation_lr                  | 0           |
|    critic_lr                      | 0.0001      |
|    source_action_abs_mean         | 1.02        |
|    speed_progress_mean            | 0.958       |
| reward/                           |             |
|    transition_mean                | 3.23        |
| reward_parts/                     |             |
|    action_rate                    | -0.00327    |
|    alive                          | 0.5         |
|    command_displacement_progress  | 0.875       |
|    command_speed_progress         | 0.916       |
|    command_tracking               | -0.129      |
|    default_pose                   | -0.0575     |
|    distance                       | 0.101       |
|    fall                           | 0           |
|    feet_air_time                  | 0           |
|    finetune_moving_contact        | 1.25        |
|    foot_slip                      | -0.0215     |
|    gait                           | 0           |
|    height                         | -0.000639   |
|    horizontal_angular_velocity    | -0.127      |
|    joint_jitter                   | -0.00468    |
|    joint_velocity                 | -0.00278    |
|    jump_landing                   | 0           |
|    jump_success                   | 0           |
|    non_foot_collision             | 0           |
|    posture                        | -0.0346     |
|    rapid_source_action_saturation | -0.00936    |
|    source_action_saturation       | -0.00936    |
|    static_contact_course          | 0           |
|    support_gap                    | 0           |
|    torque                         | -0.00362    |
|    true_four_foot_contact         | 0           |
|    zero_velocity                  | 0           |
|    zero_yaw_rate                  | -0.0207     |
| rollout/                          |             |
|    ep_rew_mean                    | 2.02e+03    |
|    true_four_contact_ratio        | 0.0117      |
| termination_reason/               |             |
|    body_contact                   | 0           |
|    controller_done                | 0           |
|    height                         | 0           |
|    joint_limit                    | 0           |
|    none                           | 0           |
|    tilt                           | 0           |
|    time_limit                     | 4           |
|    unknown                        | 0           |
|    unsupported                    | 0           |
|    workspace                      | 0           |
| time/                             |             |
|    fps                            | 281         |
|    iterations                     | 206         |
|    time_elapsed                   | 1499        |
|    total_timesteps                | 421888      |
| train/                            |             |
|    approx_kl                      | 0.003090152 |
|    clip_fraction                  | 0.00283     |
|    clip_range                     | 0.2         |
|    entropy_loss                   | -9.73       |
|    explained_variance             | 0.904       |
|    loss                           | 424         |
|    n_updates                      | 1025        |
|    policy_gradient_loss           | -0.0031     |
|    std                            | 0.55        |
|    value_loss                     | 903         |
---------------------------------------------------
TRAIN_PROGRESS total_timesteps=422144
TRAIN_PROGRESS total_timesteps=422400
TRAIN_PROGRESS total_timesteps=422656
TRAIN_PROGRESS total_timesteps=422912
TRAIN_PROGRESS total_timesteps=423168
TRAIN_PROGRESS total_timesteps=423424
TRAIN_PROGRESS total_timesteps=423680
TRAIN_PROGRESS total_timesteps=423936
----------------------------------------------------
| rapid/                            |              |
|    action_saturation_rate         | 0.229        |
|    actor_lr                       | 1e-05        |
|    adaptation_lr                  | 0            |
|    critic_lr                      | 0.0001       |
|    source_action_abs_mean         | 1.33         |
|    speed_progress_mean            | 0.958        |
| reward/                           |              |
|    transition_mean                | 1.46         |
| reward_parts/                     |              |
|    action_rate                    | -0.00323     |
|    alive                          | 0.5          |
|    command_displacement_progress  | -0.0385      |
|    command_speed_progress         | 0.223        |
|    command_tracking               | -0.108       |
|    default_pose                   | -0.0575      |
|    distance                       | -0.0139      |
|    fall                           | 0            |
|    feet_air_time                  | 0            |
|    finetune_moving_contact        | 1.25         |
|    foot_slip                      | -0.0621      |
|    gait                           | -0.0125      |
|    height                         | -0.00211     |
|    horizontal_angular_velocity    | -0.0397      |
|    joint_jitter                   | -0.00703     |
|    joint_velocity                 | -0.00256     |
|    jump_landing                   | 0            |
|    jump_success                   | 0            |
|    non_foot_collision             | 0            |
|    posture                        | -0.0319      |
|    rapid_source_action_saturation | -0.0295      |
|    source_action_saturation       | -0.0295      |
|    static_contact_course          | 0            |
|    support_gap                    | -0.075       |
|    torque                         | -0.00407     |
|    true_four_foot_contact         | 0            |
|    zero_velocity                  | -0.00123     |
|    zero_yaw_rate                  | -0.0255      |
| rollout/                          |              |
|    ep_rew_mean                    | 1.44e+03     |
|    true_four_contact_ratio        | 0.00879      |
| termination_reason/               |              |
|    body_contact                   | 0            |
|    controller_done                | 0            |
|    height                         | 0            |
|    joint_limit                    | 0            |
|    none                           | 0            |
|    tilt                           | 0            |
|    time_limit                     | 0            |
|    unknown                        | 0            |
|    unsupported                    | 0            |
|    workspace                      | 0            |
| time/                             |              |
|    fps                            | 281          |
|    iterations                     | 207          |
|    time_elapsed                   | 1508         |
|    total_timesteps                | 423936       |
| train/                            |              |
|    approx_kl                      | 0.0044659004 |
|    clip_fraction                  | 0.0133       |
|    clip_range                     | 0.2          |
|    entropy_loss                   | -9.73        |
|    explained_variance             | 0.936        |
|    loss                           | 275          |
|    n_updates                      | 1030         |
|    policy_gradient_loss           | -0.00509     |
|    std                            | 0.55         |
|    value_loss                     | 462          |
----------------------------------------------------
TRAIN_PROGRESS total_timesteps=424192
TRAIN_PROGRESS total_timesteps=424448
TRAIN_PROGRESS total_timesteps=424704
TRAIN_PROGRESS total_timesteps=424960
TRAIN_PROGRESS total_timesteps=425216
TRAIN_PROGRESS total_timesteps=425472
TRAIN_PROGRESS total_timesteps=425728
TRAIN_PROGRESS total_timesteps=425984
---------------------------------------------------
| rapid/                            |             |
|    action_saturation_rate         | 0.229       |
|    actor_lr                       | 1e-05       |
|    adaptation_lr                  | 0           |
|    critic_lr                      | 0.0001      |
|    source_action_abs_mean         | 1.46        |
|    speed_progress_mean            | 0.958       |
| reward/                           |             |
|    transition_mean                | 2.51        |
| reward_parts/                     |             |
|    action_rate                    | -0.0033     |
|    alive                          | 0.5         |
|    command_displacement_progress  | 0.697       |
|    command_speed_progress         | 0.558       |
|    command_tracking               | -0.0468     |
|    default_pose                   | -0.052      |
|    distance                       | 0.0419      |
|    fall                           | 0           |
|    feet_air_time                  | 0           |
|    finetune_moving_contact        | 1           |
|    foot_slip                      | -0.0523     |
|    gait                           | 0           |
|    height                         | -0.000957   |
|    horizontal_angular_velocity    | -0.0368     |
|    joint_jitter                   | -0.00981    |
|    joint_velocity                 | -0.00253    |
|    jump_landing                   | 0           |
|    jump_success                   | 0           |
|    non_foot_collision             | 0           |
|    posture                        | -0.0282     |
|    rapid_source_action_saturation | -0.0418     |
|    source_action_saturation       | -0.0418     |
|    static_contact_course          | 0           |
|    support_gap                    | 0           |
|    torque                         | -0.00298    |
|    true_four_foot_contact         | 0           |
|    zero_velocity                  | 0           |
|    zero_yaw_rate                  | -0.0059     |
| rollout/                          |             |
|    ep_rew_mean                    | 2.09e+03    |
|    true_four_contact_ratio        | 0.0107      |
| termination_reason/               |             |
|    body_contact                   | 0           |
|    controller_done                | 0           |
|    height                         | 0           |
|    joint_limit                    | 0           |
|    none                           | 0           |
|    tilt                           | 0           |
|    time_limit                     | 4           |
|    unknown                        | 0           |
|    unsupported                    | 0           |
|    workspace                      | 0           |
| time/                             |             |
|    fps                            | 280         |
|    iterations                     | 208         |
|    time_elapsed                   | 1518        |
|    total_timesteps                | 425984      |
| train/                            |             |
|    approx_kl                      | 0.008097294 |
|    clip_fraction                  | 0.032       |
|    clip_range                     | 0.2         |
|    entropy_loss                   | -9.73       |
|    explained_variance             | 0.935       |
|    loss                           | 166         |
|    n_updates                      | 1035        |
|    policy_gradient_loss           | -0.00696    |
|    std                            | 0.55        |
|    value_loss                     | 452         |
---------------------------------------------------
TRAIN_PROGRESS total_timesteps=426240
TRAIN_PROGRESS total_timesteps=426496
TRAIN_PROGRESS total_timesteps=426752
TRAIN_PROGRESS total_timesteps=427008
TRAIN_PROGRESS total_timesteps=427264
TRAIN_PROGRESS total_timesteps=427520
TRAIN_PROGRESS total_timesteps=427776
TRAIN_PROGRESS total_timesteps=428032
---------------------------------------------------
| rapid/                            |             |
|    action_saturation_rate         | 0.0625      |
|    actor_lr                       | 1e-05       |
|    adaptation_lr                  | 0           |
|    critic_lr                      | 0.0001      |
|    source_action_abs_mean         | 1.07        |
|    speed_progress_mean            | 0.958       |
| reward/                           |             |
|    transition_mean                | 0.894       |
| reward_parts/                     |             |
|    action_rate                    | -0.00335    |
|    alive                          | 0.5         |
|    command_displacement_progress  | 0.342       |
|    command_speed_progress         | 0.348       |
|    command_tracking               | -0.104      |
|    default_pose                   | -0.0548     |
|    distance                       | 0.0256      |
|    fall                           | 0           |
|    feet_air_time                  | 0           |
|    finetune_moving_contact        | 0.25        |
|    foot_slip                      | -0.0122     |
|    gait                           | -0.0375     |
|    height                         | -0.00114    |
|    horizontal_angular_velocity    | -0.0452     |
|    joint_jitter                   | -0.00595    |
|    joint_velocity                 | -0.00219    |
|    jump_landing                   | 0           |
|    jump_success                   | 0           |
|    non_foot_collision             | 0           |
|    posture                        | -0.0374     |
|    rapid_source_action_saturation | -0.00993    |
|    source_action_saturation       | -0.00993    |
|    static_contact_course          | 0           |
|    support_gap                    | -0.225      |
|    torque                         | -0.00218    |
|    true_four_foot_contact         | 0           |
|    zero_velocity                  | -0.01       |
|    zero_yaw_rate                  | -0.0214     |
| rollout/                          |             |
|    ep_rew_mean                    | 991         |
|    true_four_contact_ratio        | 0.00928     |
| termination_reason/               |             |
|    body_contact                   | 0           |
|    controller_done                | 0           |
|    height                         | 0           |
|    joint_limit                    | 0           |
|    none                           | 0           |
|    tilt                           | 0           |
|    time_limit                     | 0           |
|    unknown                        | 0           |
|    unsupported                    | 0           |
|    workspace                      | 0           |
| time/                             |             |
|    fps                            | 280         |
|    iterations                     | 209         |
|    time_elapsed                   | 1527        |
|    total_timesteps                | 428032      |
| train/                            |             |
|    approx_kl                      | 0.009004035 |
|    clip_fraction                  | 0.0487      |
|    clip_range                     | 0.2         |
|    entropy_loss                   | -9.73       |
|    explained_variance             | 0.965       |
|    loss                           | 96.9        |
|    n_updates                      | 1040        |
|    policy_gradient_loss           | -0.00793    |
|    std                            | 0.55        |
|    value_loss                     | 218         |
---------------------------------------------------
TRAIN_PROGRESS total_timesteps=428288
TRAIN_PROGRESS total_timesteps=428544
TRAIN_PROGRESS total_timesteps=428800
TRAIN_PROGRESS total_timesteps=429056
TRAIN_PROGRESS total_timesteps=429312
TRAIN_PROGRESS total_timesteps=429568
TRAIN_PROGRESS total_timesteps=429824
TRAIN_PROGRESS total_timesteps=430080
---------------------------------------------------
| rapid/                            |             |
|    action_saturation_rate         | 0.271       |
|    actor_lr                       | 1e-05       |
|    adaptation_lr                  | 0           |
|    critic_lr                      | 0.0001      |
|    source_action_abs_mean         | 1.46        |
|    speed_progress_mean            | 0.958       |
| reward/                           |             |
|    transition_mean                | 3.59        |
| reward_parts/                     |             |
|    action_rate                    | -0.00274    |
|    alive                          | 0.5         |
|    command_displacement_progress  | 1.1         |
|    command_speed_progress         | 1.11        |
|    command_tracking               | -0.0805     |
|    default_pose                   | -0.0513     |
|    distance                       | 0.0797      |
|    fall                           | 0           |
|    feet_air_time                  | 0           |
|    finetune_moving_contact        | 1.12        |
|    foot_slip                      | -0.0508     |
|    gait                           | 0           |
|    height                         | -0.000613   |
|    horizontal_angular_velocity    | -0.0332     |
|    joint_jitter                   | -0.00367    |
|    joint_velocity                 | -0.00258    |
|    jump_landing                   | 0           |
|    jump_success                   | 0           |
|    non_foot_collision             | 0           |
|    posture                        | -0.038      |
|    rapid_source_action_saturation | -0.0398     |
|    source_action_saturation       | -0.0398     |
|    static_contact_course          | 0           |
|    support_gap                    | 0           |
|    torque                         | -0.0036     |
|    true_four_foot_contact         | 0           |
|    zero_velocity                  | 0           |
|    zero_yaw_rate                  | -0.0104     |
| rollout/                          |             |
|    ep_rew_mean                    | 1.81e+03    |
|    true_four_contact_ratio        | 0.0117      |
| termination_reason/               |             |
|    body_contact                   | 0           |
|    controller_done                | 0           |
|    height                         | 0           |
|    joint_limit                    | 0           |
|    none                           | 0           |
|    tilt                           | 0           |
|    time_limit                     | 4           |
|    unknown                        | 0           |
|    unsupported                    | 0           |
|    workspace                      | 0           |
| time/                             |             |
|    fps                            | 280         |
|    iterations                     | 210         |
|    time_elapsed                   | 1535        |
|    total_timesteps                | 430080      |
| train/                            |             |
|    approx_kl                      | 0.003156154 |
|    clip_fraction                  | 0.004       |
|    clip_range                     | 0.2         |
|    entropy_loss                   | -9.73       |
|    explained_variance             | 0.911       |
|    loss                           | 242         |
|    n_updates                      | 1045        |
|    policy_gradient_loss           | -0.00305    |
|    std                            | 0.55        |
|    value_loss                     | 665         |
---------------------------------------------------
TRAIN_PROGRESS total_timesteps=430336
TRAIN_PROGRESS total_timesteps=430592
TRAIN_PROGRESS total_timesteps=430848
TRAIN_PROGRESS total_timesteps=431104
TRAIN_PROGRESS total_timesteps=431360
TRAIN_PROGRESS total_timesteps=431616
TRAIN_PROGRESS total_timesteps=431872
TRAIN_PROGRESS total_timesteps=432128
--------------------------------------------------
| rapid/                            |            |
|    action_saturation_rate         | 0.0625     |
|    actor_lr                       | 1e-05      |
|    adaptation_lr                  | 0          |
|    critic_lr                      | 0.0001     |
|    source_action_abs_mean         | 1.01       |
|    speed_progress_mean            | 0.958      |
| reward/                           |            |
|    transition_mean                | 0.32       |
| reward_parts/                     |            |
|    action_rate                    | -0.00333   |
|    alive                          | 0.5        |
|    command_displacement_progress  | -0.437     |
|    command_speed_progress         | 0          |
|    command_tracking               | -0.0989    |
|    default_pose                   | -0.0556    |
|    distance                       | -0.0199    |
|    fall                           | 0          |
|    feet_air_time                  | 0          |
|    finetune_moving_contact        | 0.75       |
|    foot_slip                      | -0.0495    |
|    gait                           | -0.025     |
|    height                         | -0.0022    |
|    horizontal_angular_velocity    | -0.0782    |
|    joint_jitter                   | -0.00601   |
|    joint_velocity                 | -0.00151   |
|    jump_landing                   | 0          |
|    jump_success                   | 0          |
|    non_foot_collision             | 0          |
|    posture                        | -0.00713   |
|    rapid_source_action_saturation | -0.00772   |
|    source_action_saturation       | -0.00772   |
|    static_contact_course          | 0          |
|    support_gap                    | -0.112     |
|    torque                         | -0.0023    |
|    true_four_foot_contact         | 0          |
|    zero_velocity                  | -0.00486   |
|    zero_yaw_rate                  | -0.0185    |
| rollout/                          |            |
|    ep_rew_mean                    | 1.34e+03   |
|    true_four_contact_ratio        | 0.0117     |
| termination_reason/               |            |
|    body_contact                   | 0          |
|    controller_done                | 0          |
|    height                         | 0          |
|    joint_limit                    | 0          |
|    none                           | 0          |
|    tilt                           | 0          |
|    time_limit                     | 0          |
|    unknown                        | 0          |
|    unsupported                    | 0          |
|    workspace                      | 0          |
| time/                             |            |
|    fps                            | 279        |
|    iterations                     | 211        |
|    time_elapsed                   | 1543       |
|    total_timesteps                | 432128     |
| train/                            |            |
|    approx_kl                      | 0.00613704 |
|    clip_fraction                  | 0.0205     |
|    clip_range                     | 0.2        |
|    entropy_loss                   | -9.73      |
|    explained_variance             | 0.935      |
|    loss                           | 108        |
|    n_updates                      | 1050       |
|    policy_gradient_loss           | -0.00626   |
|    std                            | 0.55       |
|    value_loss                     | 293        |
--------------------------------------------------
TRAIN_PROGRESS total_timesteps=432384
TRAIN_PROGRESS total_timesteps=432640
TRAIN_PROGRESS total_timesteps=432896
TRAIN_PROGRESS total_timesteps=433152
TRAIN_PROGRESS total_timesteps=433408
TRAIN_PROGRESS total_timesteps=433664
TRAIN_PROGRESS total_timesteps=433920
TRAIN_PROGRESS total_timesteps=434176
----------------------------------------------------
| rapid/                            |              |
|    action_saturation_rate         | 0.125        |
|    actor_lr                       | 1e-05        |
|    adaptation_lr                  | 0            |
|    critic_lr                      | 0.0001       |
|    source_action_abs_mean         | 1.14         |
|    speed_progress_mean            | 0.957        |
| reward/                           |              |
|    transition_mean                | 3.09         |
| reward_parts/                     |              |
|    action_rate                    | -0.00293     |
|    alive                          | 0.5          |
|    command_displacement_progress  | 0.625        |
|    command_speed_progress         | 0.9          |
|    command_tracking               | -0.0385      |
|    default_pose                   | -0.0558      |
|    distance                       | 0.0686       |
|    fall                           | 0            |
|    feet_air_time                  | 0            |
|    finetune_moving_contact        | 1.25         |
|    foot_slip                      | -0.062       |
|    gait                           | 0            |
|    height                         | -0.00148     |
|    horizontal_angular_velocity    | -0.0307      |
|    joint_jitter                   | -0.00531     |
|    joint_velocity                 | -0.00243     |
|    jump_landing                   | 0            |
|    jump_success                   | 0            |
|    non_foot_collision             | 0            |
|    posture                        | -0.022       |
|    rapid_source_action_saturation | -0.0163      |
|    source_action_saturation       | -0.0163      |
|    static_contact_course          | 0            |
|    support_gap                    | 0            |
|    torque                         | -0.00205     |
|    true_four_foot_contact         | 0            |
|    zero_velocity                  | 0            |
|    zero_yaw_rate                  | -0.0114      |
| rollout/                          |              |
|    ep_rew_mean                    | 1.74e+03     |
|    true_four_contact_ratio        | 0.0117       |
| termination_reason/               |              |
|    body_contact                   | 0            |
|    controller_done                | 0            |
|    height                         | 0            |
|    joint_limit                    | 0            |
|    none                           | 0            |
|    tilt                           | 0            |
|    time_limit                     | 4            |
|    unknown                        | 0            |
|    unsupported                    | 0            |
|    workspace                      | 0            |
| time/                             |              |
|    fps                            | 279          |
|    iterations                     | 212          |
|    time_elapsed                   | 1552         |
|    total_timesteps                | 434176       |
| train/                            |              |
|    approx_kl                      | 0.0059212204 |
|    clip_fraction                  | 0.0194       |
|    clip_range                     | 0.2          |
|    entropy_loss                   | -9.73        |
|    explained_variance             | 0.867        |
|    loss                           | 299          |
|    n_updates                      | 1055         |
|    policy_gradient_loss           | -0.00542     |
|    std                            | 0.55         |
|    value_loss                     | 838          |
----------------------------------------------------
TRAIN_PROGRESS total_timesteps=434432
TRAIN_PROGRESS total_timesteps=434688
TRAIN_PROGRESS total_timesteps=434944
TRAIN_PROGRESS total_timesteps=435200
TRAIN_PROGRESS total_timesteps=435456
TRAIN_PROGRESS total_timesteps=435712
TRAIN_PROGRESS total_timesteps=435968
TRAIN_PROGRESS total_timesteps=436224
----------------------------------------------------
| rapid/                            |              |
|    action_saturation_rate         | 0.125        |
|    actor_lr                       | 1e-05        |
|    adaptation_lr                  | 0            |
|    critic_lr                      | 0.0001       |
|    source_action_abs_mean         | 1.1          |
|    speed_progress_mean            | 0.957        |
| reward/                           |              |
|    transition_mean                | 0.762        |
| reward_parts/                     |              |
|    action_rate                    | -0.00338     |
|    alive                          | 0.5          |
|    command_displacement_progress  | -0.129       |
|    command_speed_progress         | 0.235        |
|    command_tracking               | -0.0382      |
|    default_pose                   | -0.0598      |
|    distance                       | 0.00586      |
|    fall                           | 0            |
|    feet_air_time                  | 0            |
|    finetune_moving_contact        | 0.5          |
|    foot_slip                      | -0.0266      |
|    gait                           | -0.025       |
|    height                         | -0.00281     |
|    horizontal_angular_velocity    | -0.0258      |
|    joint_jitter                   | -0.00749     |
|    joint_velocity                 | -0.00158     |
|    jump_landing                   | 0            |
|    jump_success                   | 0            |
|    non_foot_collision             | 0            |
|    posture                        | -0.0132      |
|    rapid_source_action_saturation | -0.0152      |
|    source_action_saturation       | -0.0152      |
|    static_contact_course          | 0            |
|    support_gap                    | -0.112       |
|    torque                         | -0.00342     |
|    true_four_foot_contact         | 0            |
|    zero_velocity                  | -0.00155     |
|    zero_yaw_rate                  | -0.0133      |
| rollout/                          |              |
|    ep_rew_mean                    | 1.38e+03     |
|    true_four_contact_ratio        | 0.00732      |
| termination_reason/               |              |
|    body_contact                   | 0            |
|    controller_done                | 0            |
|    height                         | 0            |
|    joint_limit                    | 0            |
|    none                           | 0            |
|    tilt                           | 0            |
|    time_limit                     | 0            |
|    unknown                        | 0            |
|    unsupported                    | 0            |
|    workspace                      | 0            |
| time/                             |              |
|    fps                            | 279          |
|    iterations                     | 213          |
|    time_elapsed                   | 1561         |
|    total_timesteps                | 436224       |
| train/                            |              |
|    approx_kl                      | 0.0065958574 |
|    clip_fraction                  | 0.0249       |
|    clip_range                     | 0.2          |
|    entropy_loss                   | -9.73        |
|    explained_variance             | 0.928        |
|    loss                           | 212          |
|    n_updates                      | 1060         |
|    policy_gradient_loss           | -0.00519     |
|    std                            | 0.55         |
|    value_loss                     | 377          |
----------------------------------------------------
TRAIN_PROGRESS total_timesteps=436480
TRAIN_PROGRESS total_timesteps=436736
TRAIN_PROGRESS total_timesteps=436992
TRAIN_PROGRESS total_timesteps=437248
TRAIN_PROGRESS total_timesteps=437504
TRAIN_PROGRESS total_timesteps=437760
TRAIN_PROGRESS total_timesteps=438016
TRAIN_PROGRESS total_timesteps=438272
----------------------------------------------------
| rapid/                            |              |
|    action_saturation_rate         | 0.188        |
|    actor_lr                       | 1e-05        |
|    adaptation_lr                  | 0            |
|    critic_lr                      | 0.0001       |
|    source_action_abs_mean         | 1.32         |
|    speed_progress_mean            | 0.957        |
| reward/                           |              |
|    transition_mean                | 1.71         |
| reward_parts/                     |              |
|    action_rate                    | -0.0032      |
|    alive                          | 0.5          |
|    command_displacement_progress  | 0.195        |
|    command_speed_progress         | 0.669        |
|    command_tracking               | -0.142       |
|    default_pose                   | -0.0457      |
|    distance                       | -0.000998    |
|    fall                           | 0            |
|    feet_air_time                  | 0            |
|    finetune_moving_contact        | 1            |
|    foot_slip                      | -0.0749      |
|    gait                           | 0            |
|    height                         | -0.00145     |
|    horizontal_angular_velocity    | -0.31        |
|    joint_jitter                   | -0.00377     |
|    joint_velocity                 | -0.00218     |
|    jump_landing                   | 0            |
|    jump_success                   | 0            |
|    non_foot_collision             | 0            |
|    posture                        | -0.0154      |
|    rapid_source_action_saturation | -0.0371      |
|    source_action_saturation       | -0.0371      |
|    static_contact_course          | 0            |
|    support_gap                    | 0            |
|    torque                         | -0.00211     |
|    true_four_foot_contact         | 0            |
|    zero_velocity                  | 0            |
|    zero_yaw_rate                  | -0.00987     |
| rollout/                          |              |
|    ep_rew_mean                    | 1.76e+03     |
|    true_four_contact_ratio        | 0.00879      |
| termination_reason/               |              |
|    body_contact                   | 0            |
|    controller_done                | 0            |
|    height                         | 0            |
|    joint_limit                    | 0            |
|    none                           | 0            |
|    tilt                           | 0            |
|    time_limit                     | 4            |
|    unknown                        | 0            |
|    unsupported                    | 0            |
|    workspace                      | 0            |
| time/                             |              |
|    fps                            | 278          |
|    iterations                     | 214          |
|    time_elapsed                   | 1571         |
|    total_timesteps                | 438272       |
| train/                            |              |
|    approx_kl                      | 0.0020302506 |
|    clip_fraction                  | 0.00127      |
|    clip_range                     | 0.2          |
|    entropy_loss                   | -9.73        |
|    explained_variance             | 0.906        |
|    loss                           | 419          |
|    n_updates                      | 1065         |
|    policy_gradient_loss           | -0.00204     |
|    std                            | 0.55         |
|    value_loss                     | 688          |
----------------------------------------------------
TRAIN_PROGRESS total_timesteps=438528
TRAIN_PROGRESS total_timesteps=438784
TRAIN_PROGRESS total_timesteps=439040
TRAIN_PROGRESS total_timesteps=439296
TRAIN_PROGRESS total_timesteps=439552
TRAIN_PROGRESS total_timesteps=439808
CHECKPOINT /run/media/pma213x/0C6A8CC86A8CAFCE/Ubuntu2/CodeU/Dog1/official-mini-cheetah/checkpoints/official_mini_cheetah_flat_jump_v1_r3/rapid_finetune_500k_20261006/official_mini_cheetah_flat_jump_v1_r3_440000_steps.zip
TRAIN_PROGRESS total_timesteps=440064
TRAIN_PROGRESS total_timesteps=440320
----------------------------------------------------
| rapid/                            |              |
|    action_saturation_rate         | 0.146        |
|    actor_lr                       | 1e-05        |
|    adaptation_lr                  | 0            |
|    critic_lr                      | 0.0001       |
|    source_action_abs_mean         | 1.07         |
|    speed_progress_mean            | 0.956        |
| reward/                           |              |
|    transition_mean                | 1.52         |
| reward_parts/                     |              |
|    action_rate                    | -0.00347     |
|    alive                          | 0.5          |
|    command_displacement_progress  | 0.34         |
|    command_speed_progress         | 0.273        |
|    command_tracking               | -0.0917      |
|    default_pose                   | -0.05        |
|    distance                       | 0.021        |
|    fall                           | 0            |
|    feet_air_time                  | 0            |
|    finetune_moving_contact        | 0.875        |
|    foot_slip                      | -0.0617      |
|    gait                           | -0.0125      |
|    height                         | -0.00101     |
|    horizontal_angular_velocity    | -0.0605      |
|    joint_jitter                   | -0.0179      |
|    joint_velocity                 | -0.00231     |
|    jump_landing                   | 0            |
|    jump_success                   | 0            |
|    non_foot_collision             | 0            |
|    posture                        | -0.0897      |
|    rapid_source_action_saturation | -0.0115      |
|    source_action_saturation       | -0.0115      |
|    static_contact_course          | 0            |
|    support_gap                    | -0.075       |
|    torque                         | -0.00255     |
|    true_four_foot_contact         | 0            |
|    zero_velocity                  | -0.000205    |
|    zero_yaw_rate                  | -0.00508     |
| rollout/                          |              |
|    ep_rew_mean                    | 1.9e+03      |
|    true_four_contact_ratio        | 0.00879      |
| termination_reason/               |              |
|    body_contact                   | 0            |
|    controller_done                | 0            |
|    height                         | 0            |
|    joint_limit                    | 0            |
|    none                           | 0            |
|    tilt                           | 0            |
|    time_limit                     | 0            |
|    unknown                        | 0            |
|    unsupported                    | 0            |
|    workspace                      | 0            |
| time/                             |              |
|    fps                            | 278          |
|    iterations                     | 215          |
|    time_elapsed                   | 1581         |
|    total_timesteps                | 440320       |
| train/                            |              |
|    approx_kl                      | 0.0051887147 |
|    clip_fraction                  | 0.0142       |
|    clip_range                     | 0.2          |
|    entropy_loss                   | -9.73        |
|    explained_variance             | 0.955        |
|    loss                           | 77.7         |
|    n_updates                      | 1070         |
|    policy_gradient_loss           | -0.00427     |
|    std                            | 0.55         |
|    value_loss                     | 262          |
----------------------------------------------------
TRAIN_PROGRESS total_timesteps=440576
TRAIN_PROGRESS total_timesteps=440832
TRAIN_PROGRESS total_timesteps=441088
TRAIN_PROGRESS total_timesteps=441344
TRAIN_PROGRESS total_timesteps=441600
TRAIN_PROGRESS total_timesteps=441856
TRAIN_PROGRESS total_timesteps=442112
TRAIN_PROGRESS total_timesteps=442368
----------------------------------------------------
| rapid/                            |              |
|    action_saturation_rate         | 0.104        |
|    actor_lr                       | 1e-05        |
|    adaptation_lr                  | 0            |
|    critic_lr                      | 0.0001       |
|    source_action_abs_mean         | 1.17         |
|    speed_progress_mean            | 0.956        |
| reward/                           |              |
|    transition_mean                | 0.54         |
| reward_parts/                     |              |
|    action_rate                    | -0.00317     |
|    alive                          | 0.5          |
|    command_displacement_progress  | -0.55        |
|    command_speed_progress         | 0.028        |
|    command_tracking               | -0.212       |
|    default_pose                   | -0.0527      |
|    distance                       | -0.0155      |
|    fall                           | 0            |
|    feet_air_time                  | 0            |
|    finetune_moving_contact        | 1.12         |
|    foot_slip                      | -0.0612      |
|    gait                           | 0            |
|    height                         | -0.00208     |
|    horizontal_angular_velocity    | -0.151       |
|    joint_jitter                   | -0.00677     |
|    joint_velocity                 | -0.00193     |
|    jump_landing                   | 0            |
|    jump_success                   | 0            |
|    non_foot_collision             | 0            |
|    posture                        | -0.0378      |
|    rapid_source_action_saturation | -0.0122      |
|    source_action_saturation       | -0.0122      |
|    static_contact_course          | 0            |
|    support_gap                    | 0            |
|    torque                         | -0.00269     |
|    true_four_foot_contact         | 0            |
|    zero_velocity                  | 0            |
|    zero_yaw_rate                  | -0.00485     |
| rollout/                          |              |
|    ep_rew_mean                    | 1.17e+03     |
|    true_four_contact_ratio        | 0.0132       |
| termination_reason/               |              |
|    body_contact                   | 0            |
|    controller_done                | 0            |
|    height                         | 0            |
|    joint_limit                    | 0            |
|    none                           | 0            |
|    tilt                           | 1            |
|    time_limit                     | 7            |
|    unknown                        | 0            |
|    unsupported                    | 0            |
|    workspace                      | 0            |
| time/                             |              |
|    fps                            | 278          |
|    iterations                     | 216          |
|    time_elapsed                   | 1589         |
|    total_timesteps                | 442368       |
| train/                            |              |
|    approx_kl                      | 0.0018991433 |
|    clip_fraction                  | 0.00127      |
|    clip_range                     | 0.2          |
|    entropy_loss                   | -9.73        |
|    explained_variance             | 0.865        |
|    loss                           | 204          |
|    n_updates                      | 1075         |
|    policy_gradient_loss           | -0.00217     |
|    std                            | 0.55         |
|    value_loss                     | 693          |
----------------------------------------------------
TRAIN_PROGRESS total_timesteps=442624
TRAIN_PROGRESS total_timesteps=442880
TRAIN_PROGRESS total_timesteps=443136
TRAIN_PROGRESS total_timesteps=443392
TRAIN_PROGRESS total_timesteps=443648
TRAIN_PROGRESS total_timesteps=443904
TRAIN_PROGRESS total_timesteps=444160
TRAIN_PROGRESS total_timesteps=444416
---------------------------------------------------
| rapid/                            |             |
|    action_saturation_rate         | 0.208       |
|    actor_lr                       | 1e-05       |
|    adaptation_lr                  | 0           |
|    critic_lr                      | 0.0001      |
|    source_action_abs_mean         | 1.39        |
|    speed_progress_mean            | 0.955       |
| reward/                           |             |
|    transition_mean                | 1.23        |
| reward_parts/                     |             |
|    action_rate                    | -0.00323    |
|    alive                          | 0.5         |
|    command_displacement_progress  | 0.375       |
|    command_speed_progress         | 0.375       |
|    command_tracking               | -0.109      |
|    default_pose                   | -0.0526     |
|    distance                       | 0.0418      |
|    fall                           | 0           |
|    feet_air_time                  | 0           |
|    finetune_moving_contact        | 0.5         |
|    foot_slip                      | -0.0543     |
|    gait                           | -0.025      |
|    height                         | -0.00189    |
|    horizontal_angular_velocity    | -0.135      |
|    joint_jitter                   | -0.00456    |
|    joint_velocity                 | -0.00213    |
|    jump_landing                   | 0           |
|    jump_success                   | 0           |
|    non_foot_collision             | 0           |
|    posture                        | -0.0162     |
|    rapid_source_action_saturation | -0.0306     |
|    source_action_saturation       | -0.0306     |
|    static_contact_course          | 0           |
|    support_gap                    | -0.112      |
|    torque                         | -0.00307    |
|    true_four_foot_contact         | 0           |
|    zero_velocity                  | -0.0062     |
|    zero_yaw_rate                  | -0.00536    |
| rollout/                          |             |
|    ep_rew_mean                    | 951         |
|    true_four_contact_ratio        | 0.00879     |
| termination_reason/               |             |
|    body_contact                   | 0           |
|    controller_done                | 0           |
|    height                         | 0           |
|    joint_limit                    | 0           |
|    none                           | 0           |
|    tilt                           | 0           |
|    time_limit                     | 0           |
|    unknown                        | 0           |
|    unsupported                    | 0           |
|    workspace                      | 0           |
| time/                             |             |
|    fps                            | 278         |
|    iterations                     | 217         |
|    time_elapsed                   | 1597        |
|    total_timesteps                | 444416      |
| train/                            |             |
|    approx_kl                      | 0.006797572 |
|    clip_fraction                  | 0.0248      |
|    clip_range                     | 0.2         |
|    entropy_loss                   | -9.73       |
|    explained_variance             | 0.886       |
|    loss                           | 645         |
|    n_updates                      | 1080        |
|    policy_gradient_loss           | -0.0055     |
|    std                            | 0.55        |
|    value_loss                     | 787         |
---------------------------------------------------
TRAIN_PROGRESS total_timesteps=444672
TRAIN_PROGRESS total_timesteps=444928
TRAIN_PROGRESS total_timesteps=445184
TRAIN_PROGRESS total_timesteps=445440
TRAIN_PROGRESS total_timesteps=445696
TRAIN_PROGRESS total_timesteps=445952
TRAIN_PROGRESS total_timesteps=446208
TRAIN_PROGRESS total_timesteps=446464
---------------------------------------------------
| rapid/                            |             |
|    action_saturation_rate         | 0.167       |
|    actor_lr                       | 1e-05       |
|    adaptation_lr                  | 0           |
|    critic_lr                      | 0.0001      |
|    source_action_abs_mean         | 1.24        |
|    speed_progress_mean            | 0.955       |
| reward/                           |             |
|    transition_mean                | 0.987       |
| reward_parts/                     |             |
|    action_rate                    | -0.00316    |
|    alive                          | 0.5         |
|    command_displacement_progress  | 0.375       |
|    command_speed_progress         | 0.375       |
|    command_tracking               | -0.0823     |
|    default_pose                   | -0.0508     |
|    distance                       | 0.028       |
|    fall                           | 0           |
|    feet_air_time                  | 0           |
|    finetune_moving_contact        | 0.25        |
|    foot_slip                      | -0.0413     |
|    gait                           | -0.0375     |
|    height                         | -0.00192    |
|    horizontal_angular_velocity    | -0.0633     |
|    joint_jitter                   | -0.0162     |
|    joint_velocity                 | -0.00209    |
|    jump_landing                   | 0           |
|    jump_success                   | 0           |
|    non_foot_collision             | 0           |
|    posture                        | -0.017      |
|    rapid_source_action_saturation | -0.0252     |
|    source_action_saturation       | -0.0252     |
|    static_contact_course          | 0           |
|    support_gap                    | -0.188      |
|    torque                         | -0.00319    |
|    true_four_foot_contact         | 0           |
|    zero_velocity                  | -0.00743    |
|    zero_yaw_rate                  | -0.00238    |
| rollout/                          |             |
|    ep_rew_mean                    | 1.39e+03    |
|    true_four_contact_ratio        | 0.00879     |
| termination_reason/               |             |
|    body_contact                   | 0           |
|    controller_done                | 0           |
|    height                         | 0           |
|    joint_limit                    | 0           |
|    none                           | 0           |
|    tilt                           | 0           |
|    time_limit                     | 4           |
|    unknown                        | 0           |
|    unsupported                    | 0           |
|    workspace                      | 0           |
| time/                             |             |
|    fps                            | 278         |
|    iterations                     | 218         |
|    time_elapsed                   | 1605        |
|    total_timesteps                | 446464      |
| train/                            |             |
|    approx_kl                      | 0.004753839 |
|    clip_fraction                  | 0.0101      |
|    clip_range                     | 0.2         |
|    entropy_loss                   | -9.73       |
|    explained_variance             | 0.896       |
|    loss                           | 247         |
|    n_updates                      | 1085        |
|    policy_gradient_loss           | -0.00403    |
|    std                            | 0.55        |
|    value_loss                     | 650         |
---------------------------------------------------
TRAIN_PROGRESS total_timesteps=446720
TRAIN_PROGRESS total_timesteps=446976
TRAIN_PROGRESS total_timesteps=447232
TRAIN_PROGRESS total_timesteps=447488
TRAIN_PROGRESS total_timesteps=447744
TRAIN_PROGRESS total_timesteps=448000
TRAIN_PROGRESS total_timesteps=448256
TRAIN_PROGRESS total_timesteps=448512
----------------------------------------------------
| rapid/                            |              |
|    action_saturation_rate         | 0.104        |
|    actor_lr                       | 1e-05        |
|    adaptation_lr                  | 0            |
|    critic_lr                      | 0.0001       |
|    source_action_abs_mean         | 1.22         |
|    speed_progress_mean            | 0.955        |
| reward/                           |              |
|    transition_mean                | 1.33         |
| reward_parts/                     |              |
|    action_rate                    | -0.00339     |
|    alive                          | 0.5          |
|    command_displacement_progress  | 0.267        |
|    command_speed_progress         | 0.322        |
|    command_tracking               | -0.0367      |
|    default_pose                   | -0.0569      |
|    distance                       | 0.0216       |
|    fall                           | 0            |
|    feet_air_time                  | 0            |
|    finetune_moving_contact        | 0.625        |
|    foot_slip                      | -0.0214      |
|    gait                           | -0.025       |
|    height                         | -0.0026      |
|    horizontal_angular_velocity    | -0.0375      |
|    joint_jitter                   | -0.0114      |
|    joint_velocity                 | -0.00237     |
|    jump_landing                   | 0            |
|    jump_success                   | 0            |
|    non_foot_collision             | 0            |
|    posture                        | -0.021       |
|    rapid_source_action_saturation | -0.0123      |
|    source_action_saturation       | -0.0123      |
|    static_contact_course          | 0            |
|    support_gap                    | -0.15        |
|    torque                         | -0.0035      |
|    true_four_foot_contact         | 0            |
|    zero_velocity                  | -0.00171     |
|    zero_yaw_rate                  | -0.0234      |
| rollout/                          |              |
|    ep_rew_mean                    | 904          |
|    true_four_contact_ratio        | 0.0103       |
| termination_reason/               |              |
|    body_contact                   | 0            |
|    controller_done                | 0            |
|    height                         | 0            |
|    joint_limit                    | 0            |
|    none                           | 0            |
|    tilt                           | 0            |
|    time_limit                     | 0            |
|    unknown                        | 0            |
|    unsupported                    | 0            |
|    workspace                      | 0            |
| time/                             |              |
|    fps                            | 277          |
|    iterations                     | 219          |
|    time_elapsed                   | 1613         |
|    total_timesteps                | 448512       |
| train/                            |              |
|    approx_kl                      | 0.0077105793 |
|    clip_fraction                  | 0.0298       |
|    clip_range                     | 0.2          |
|    entropy_loss                   | -9.73        |
|    explained_variance             | 0.95         |
|    loss                           | 159          |
|    n_updates                      | 1090         |
|    policy_gradient_loss           | -0.00712     |
|    std                            | 0.55         |
|    value_loss                     | 286          |
----------------------------------------------------
TRAIN_PROGRESS total_timesteps=448768
TRAIN_PROGRESS total_timesteps=449024
TRAIN_PROGRESS total_timesteps=449280
TRAIN_PROGRESS total_timesteps=449536
TRAIN_PROGRESS total_timesteps=449792
TRAIN_PROGRESS total_timesteps=450048
TRAIN_PROGRESS total_timesteps=450304
TRAIN_PROGRESS total_timesteps=450560
----------------------------------------------------
| rapid/                            |              |
|    action_saturation_rate         | 0.104        |
|    actor_lr                       | 1e-05        |
|    adaptation_lr                  | 0            |
|    critic_lr                      | 0.0001       |
|    source_action_abs_mean         | 1.1          |
|    speed_progress_mean            | 0.954        |
| reward/                           |              |
|    transition_mean                | 2.38         |
| reward_parts/                     |              |
|    action_rate                    | -0.00317     |
|    alive                          | 0.5          |
|    command_displacement_progress  | 0.468        |
|    command_speed_progress         | 0.635        |
|    command_tracking               | -0.0784      |
|    default_pose                   | -0.0509      |
|    distance                       | 0.0356       |
|    fall                           | 0            |
|    feet_air_time                  | 0            |
|    finetune_moving_contact        | 1.12         |
|    foot_slip                      | -0.0814      |
|    gait                           | -0.0125      |
|    height                         | -0.00147     |
|    horizontal_angular_velocity    | -0.014       |
|    joint_jitter                   | -0.00727     |
|    joint_velocity                 | -0.00211     |
|    jump_landing                   | 0            |
|    jump_success                   | 0            |
|    non_foot_collision             | 0            |
|    posture                        | -0.0325      |
|    rapid_source_action_saturation | -0.00859     |
|    source_action_saturation       | -0.00859     |
|    static_contact_course          | 0            |
|    support_gap                    | -0.075       |
|    torque                         | -0.00297     |
|    true_four_foot_contact         | 0            |
|    zero_velocity                  | -0.00199     |
|    zero_yaw_rate                  | -0.0158      |
| rollout/                          |              |
|    ep_rew_mean                    | 875          |
|    true_four_contact_ratio        | 0.0107       |
| termination_reason/               |              |
|    body_contact                   | 0            |
|    controller_done                | 0            |
|    height                         | 0            |
|    joint_limit                    | 0            |
|    none                           | 0            |
|    tilt                           | 0            |
|    time_limit                     | 4            |
|    unknown                        | 0            |
|    unsupported                    | 0            |
|    workspace                      | 0            |
| time/                             |              |
|    fps                            | 277          |
|    iterations                     | 220          |
|    time_elapsed                   | 1621         |
|    total_timesteps                | 450560       |
| train/                            |              |
|    approx_kl                      | 0.0034289195 |
|    clip_fraction                  | 0.0041       |
|    clip_range                     | 0.2          |
|    entropy_loss                   | -9.73        |
|    explained_variance             | 0.892        |
|    loss                           | 139          |
|    n_updates                      | 1095         |
|    policy_gradient_loss           | -0.0039      |
|    std                            | 0.55         |
|    value_loss                     | 627          |
----------------------------------------------------
TRAIN_PROGRESS total_timesteps=450816
TRAIN_PROGRESS total_timesteps=451072
TRAIN_PROGRESS total_timesteps=451328
TRAIN_PROGRESS total_timesteps=451584
TRAIN_PROGRESS total_timesteps=451840
TRAIN_PROGRESS total_timesteps=452096
TRAIN_PROGRESS total_timesteps=452352
TRAIN_PROGRESS total_timesteps=452608
----------------------------------------------------
| rapid/                            |              |
|    action_saturation_rate         | 0.229        |
|    actor_lr                       | 1e-05        |
|    adaptation_lr                  | 0            |
|    critic_lr                      | 0.0001       |
|    source_action_abs_mean         | 1.31         |
|    speed_progress_mean            | 0.955        |
| reward/                           |              |
|    transition_mean                | 2.23         |
| reward_parts/                     |              |
|    action_rate                    | -0.00333     |
|    alive                          | 0.5          |
|    command_displacement_progress  | 0.51         |
|    command_speed_progress         | 0.499        |
|    command_tracking               | -0.0513      |
|    default_pose                   | -0.0478      |
|    distance                       | 0.0296       |
|    fall                           | 0            |
|    feet_air_time                  | 0            |
|    finetune_moving_contact        | 1            |
|    foot_slip                      | -0.0534      |
|    gait                           | 0            |
|    height                         | -0.00191     |
|    horizontal_angular_velocity    | -0.0795      |
|    joint_jitter                   | -0.0049      |
|    joint_velocity                 | -0.00183     |
|    jump_landing                   | 0            |
|    jump_success                   | 0            |
|    non_foot_collision             | 0            |
|    posture                        | -0.0208      |
|    rapid_source_action_saturation | -0.0314      |
|    source_action_saturation       | -0.0314      |
|    static_contact_course          | 0            |
|    support_gap                    | 0            |
|    torque                         | -0.00132     |
|    true_four_foot_contact         | 0            |
|    zero_velocity                  | 0            |
|    zero_yaw_rate                  | -0.0131      |
| rollout/                          |              |
|    ep_rew_mean                    | 1.63e+03     |
|    true_four_contact_ratio        | 0.00879      |
| termination_reason/               |              |
|    body_contact                   | 0            |
|    controller_done                | 0            |
|    height                         | 0            |
|    joint_limit                    | 0            |
|    none                           | 0            |
|    tilt                           | 0            |
|    time_limit                     | 0            |
|    unknown                        | 0            |
|    unsupported                    | 0            |
|    workspace                      | 0            |
| time/                             |              |
|    fps                            | 277          |
|    iterations                     | 221          |
|    time_elapsed                   | 1629         |
|    total_timesteps                | 452608       |
| train/                            |              |
|    approx_kl                      | 0.0024524373 |
|    clip_fraction                  | 0.00205      |
|    clip_range                     | 0.2          |
|    entropy_loss                   | -9.73        |
|    explained_variance             | 0.956        |
|    loss                           | 209          |
|    n_updates                      | 1100         |
|    policy_gradient_loss           | -0.00206     |
|    std                            | 0.55         |
|    value_loss                     | 311          |
----------------------------------------------------
TRAIN_PROGRESS total_timesteps=452864
TRAIN_PROGRESS total_timesteps=453120
TRAIN_PROGRESS total_timesteps=453376
TRAIN_PROGRESS total_timesteps=453632
TRAIN_PROGRESS total_timesteps=453888
TRAIN_PROGRESS total_timesteps=454144
TRAIN_PROGRESS total_timesteps=454400
TRAIN_PROGRESS total_timesteps=454656
----------------------------------------------------
| rapid/                            |              |
|    action_saturation_rate         | 0.125        |
|    actor_lr                       | 1e-05        |
|    adaptation_lr                  | 0            |
|    critic_lr                      | 0.0001       |
|    source_action_abs_mean         | 1.1          |
|    speed_progress_mean            | 0.954        |
| reward/                           |              |
|    transition_mean                | 3.62         |
| reward_parts/                     |              |
|    action_rate                    | -0.00342     |
|    alive                          | 0.5          |
|    command_displacement_progress  | 1.12         |
|    command_speed_progress         | 1.04         |
|    command_tracking               | -0.0469      |
|    default_pose                   | -0.0606      |
|    distance                       | 0.082        |
|    fall                           | 0            |
|    feet_air_time                  | 0            |
|    finetune_moving_contact        | 1.12         |
|    foot_slip                      | -0.0142      |
|    gait                           | 0            |
|    height                         | -0.00135     |
|    horizontal_angular_velocity    | -0.039       |
|    joint_jitter                   | -0.00696     |
|    joint_velocity                 | -0.00212     |
|    jump_landing                   | 0            |
|    jump_success                   | 0            |
|    non_foot_collision             | 0            |
|    posture                        | -0.0325      |
|    rapid_source_action_saturation | -0.014       |
|    source_action_saturation       | -0.014       |
|    static_contact_course          | 0            |
|    support_gap                    | 0            |
|    torque                         | -0.00252     |
|    true_four_foot_contact         | 0            |
|    zero_velocity                  | 0            |
|    zero_yaw_rate                  | -0.0237      |
| rollout/                          |              |
|    ep_rew_mean                    | 2.31e+03     |
|    true_four_contact_ratio        | 0.00879      |
| termination_reason/               |              |
|    body_contact                   | 0            |
|    controller_done                | 0            |
|    height                         | 0            |
|    joint_limit                    | 0            |
|    none                           | 0            |
|    tilt                           | 0            |
|    time_limit                     | 4            |
|    unknown                        | 0            |
|    unsupported                    | 0            |
|    workspace                      | 0            |
| time/                             |              |
|    fps                            | 277          |
|    iterations                     | 222          |
|    time_elapsed                   | 1637         |
|    total_timesteps                | 454656       |
| train/                            |              |
|    approx_kl                      | 0.0060412805 |
|    clip_fraction                  | 0.0166       |
|    clip_range                     | 0.2          |
|    entropy_loss                   | -9.73        |
|    explained_variance             | 0.919        |
|    loss                           | 197          |
|    n_updates                      | 1105         |
|    policy_gradient_loss           | -0.00469     |
|    std                            | 0.55         |
|    value_loss                     | 610          |
----------------------------------------------------
TRAIN_PROGRESS total_timesteps=454912
TRAIN_PROGRESS total_timesteps=455168
TRAIN_PROGRESS total_timesteps=455424
TRAIN_PROGRESS total_timesteps=455680
TRAIN_PROGRESS total_timesteps=455936
TRAIN_PROGRESS total_timesteps=456192
TRAIN_PROGRESS total_timesteps=456448
TRAIN_PROGRESS total_timesteps=456704
----------------------------------------------------
| rapid/                            |              |
|    action_saturation_rate         | 0.167        |
|    actor_lr                       | 1e-05        |
|    adaptation_lr                  | 0            |
|    critic_lr                      | 0.0001       |
|    source_action_abs_mean         | 1.28         |
|    speed_progress_mean            | 0.954        |
| reward/                           |              |
|    transition_mean                | 1.31         |
| reward_parts/                     |              |
|    action_rate                    | -0.00316     |
|    alive                          | 0.5          |
|    command_displacement_progress  | 0.375        |
|    command_speed_progress         | 0.375        |
|    command_tracking               | -0.122       |
|    default_pose                   | -0.0539      |
|    distance                       | 0.0295       |
|    fall                           | 0            |
|    feet_air_time                  | 0            |
|    finetune_moving_contact        | 0.5          |
|    foot_slip                      | -0.00997     |
|    gait                           | -0.025       |
|    height                         | -0.0019      |
|    horizontal_angular_velocity    | -0.0388      |
|    joint_jitter                   | -0.00405     |
|    joint_velocity                 | -0.00275     |
|    jump_landing                   | 0            |
|    jump_success                   | 0            |
|    non_foot_collision             | 0            |
|    posture                        | -0.02        |
|    rapid_source_action_saturation | -0.0186      |
|    source_action_saturation       | -0.0186      |
|    static_contact_course          | 0            |
|    support_gap                    | -0.15        |
|    torque                         | -0.00243     |
|    true_four_foot_contact         | 0            |
|    zero_velocity                  | -0.00349     |
|    zero_yaw_rate                  | -0.0143      |
| rollout/                          |              |
|    ep_rew_mean                    | 1.57e+03     |
|    true_four_contact_ratio        | 0.0107       |
| termination_reason/               |              |
|    body_contact                   | 0            |
|    controller_done                | 0            |
|    height                         | 0            |
|    joint_limit                    | 0            |
|    none                           | 0            |
|    tilt                           | 0            |
|    time_limit                     | 0            |
|    unknown                        | 0            |
|    unsupported                    | 0            |
|    workspace                      | 0            |
| time/                             |              |
|    fps                            | 277          |
|    iterations                     | 223          |
|    time_elapsed                   | 1646         |
|    total_timesteps                | 456704       |
| train/                            |              |
|    approx_kl                      | 0.0028190687 |
|    clip_fraction                  | 0.00313      |
|    clip_range                     | 0.2          |
|    entropy_loss                   | -9.73        |
|    explained_variance             | 0.942        |
|    loss                           | 152          |
|    n_updates                      | 1110         |
|    policy_gradient_loss           | -0.00362     |
|    std                            | 0.55         |
|    value_loss                     | 307          |
----------------------------------------------------
TRAIN_PROGRESS total_timesteps=456960
TRAIN_PROGRESS total_timesteps=457216
TRAIN_PROGRESS total_timesteps=457472
TRAIN_PROGRESS total_timesteps=457728
TRAIN_PROGRESS total_timesteps=457984
TRAIN_PROGRESS total_timesteps=458240
TRAIN_PROGRESS total_timesteps=458496
TRAIN_PROGRESS total_timesteps=458752
----------------------------------------------------
| rapid/                            |              |
|    action_saturation_rate         | 0.0833       |
|    actor_lr                       | 1e-05        |
|    adaptation_lr                  | 0            |
|    critic_lr                      | 0.0001       |
|    source_action_abs_mean         | 1.14         |
|    speed_progress_mean            | 0.953        |
| reward/                           |              |
|    transition_mean                | 2.12         |
| reward_parts/                     |              |
|    action_rate                    | -0.00336     |
|    alive                          | 0.5          |
|    command_displacement_progress  | 0.376        |
|    command_speed_progress         | 0.584        |
|    command_tracking               | -0.0397      |
|    default_pose                   | -0.0555      |
|    distance                       | 0.043        |
|    fall                           | 0            |
|    feet_air_time                  | 0            |
|    finetune_moving_contact        | 1            |
|    foot_slip                      | -0.0862      |
|    gait                           | -0.0125      |
|    height                         | -0.000851    |
|    horizontal_angular_velocity    | -0.0474      |
|    joint_jitter                   | -0.00493     |
|    joint_velocity                 | -0.00261     |
|    jump_landing                   | 0            |
|    jump_success                   | 0            |
|    non_foot_collision             | 0            |
|    posture                        | -0.0606      |
|    rapid_source_action_saturation | -0.0103      |
|    source_action_saturation       | -0.0103      |
|    static_contact_course          | 0            |
|    support_gap                    | -0.0375      |
|    torque                         | -0.00369     |
|    true_four_foot_contact         | 0            |
|    zero_velocity                  | -0.00075     |
|    zero_yaw_rate                  | -0.0189      |
| rollout/                          |              |
|    ep_rew_mean                    | 1.78e+03     |
|    true_four_contact_ratio        | 0.0107       |
| termination_reason/               |              |
|    body_contact                   | 0            |
|    controller_done                | 0            |
|    height                         | 0            |
|    joint_limit                    | 0            |
|    none                           | 0            |
|    tilt                           | 0            |
|    time_limit                     | 4            |
|    unknown                        | 0            |
|    unsupported                    | 0            |
|    workspace                      | 0            |
| time/                             |              |
|    fps                            | 277          |
|    iterations                     | 224          |
|    time_elapsed                   | 1654         |
|    total_timesteps                | 458752       |
| train/                            |              |
|    approx_kl                      | 0.0064503923 |
|    clip_fraction                  | 0.023        |
|    clip_range                     | 0.2          |
|    entropy_loss                   | -9.73        |
|    explained_variance             | 0.893        |
|    loss                           | 196          |
|    n_updates                      | 1115         |
|    policy_gradient_loss           | -0.00528     |
|    std                            | 0.55         |
|    value_loss                     | 652          |
----------------------------------------------------
TRAIN_PROGRESS total_timesteps=459008
TRAIN_PROGRESS total_timesteps=459264
TRAIN_PROGRESS total_timesteps=459520
TRAIN_PROGRESS total_timesteps=459776
CHECKPOINT /run/media/pma213x/0C6A8CC86A8CAFCE/Ubuntu2/CodeU/Dog1/official-mini-cheetah/checkpoints/official_mini_cheetah_flat_jump_v1_r3/rapid_finetune_500k_20261006/official_mini_cheetah_flat_jump_v1_r3_460000_steps.zip
TRAIN_PROGRESS total_timesteps=460032
TRAIN_PROGRESS total_timesteps=460288
TRAIN_PROGRESS total_timesteps=460544
TRAIN_PROGRESS total_timesteps=460800
----------------------------------------------------
| rapid/                            |              |
|    action_saturation_rate         | 0.167        |
|    actor_lr                       | 1e-05        |
|    adaptation_lr                  | 0            |
|    critic_lr                      | 0.0001       |
|    source_action_abs_mean         | 1.22         |
|    speed_progress_mean            | 0.953        |
| reward/                           |              |
|    transition_mean                | 2.53         |
| reward_parts/                     |              |
|    action_rate                    | -0.00324     |
|    alive                          | 0.5          |
|    command_displacement_progress  | 0.697        |
|    command_speed_progress         | 0.679        |
|    command_tracking               | -0.132       |
|    default_pose                   | -0.0523      |
|    distance                       | 0.0595       |
|    fall                           | 0            |
|    feet_air_time                  | 0            |
|    finetune_moving_contact        | 1            |
|    foot_slip                      | -0.00332     |
|    gait                           | 0            |
|    height                         | -0.00126     |
|    horizontal_angular_velocity    | -0.149       |
|    joint_jitter                   | -0.00488     |
|    joint_velocity                 | -0.00174     |
|    jump_landing                   | 0            |
|    jump_success                   | 0            |
|    non_foot_collision             | 0            |
|    posture                        | -0.0162      |
|    rapid_source_action_saturation | -0.0229      |
|    source_action_saturation       | -0.0229      |
|    static_contact_course          | 0            |
|    support_gap                    | 0            |
|    torque                         | -0.00185     |
|    true_four_foot_contact         | 0            |
|    zero_velocity                  | 0            |
|    zero_yaw_rate                  | -0.0135      |
| rollout/                          |              |
|    ep_rew_mean                    | 1.56e+03     |
|    true_four_contact_ratio        | 0.0112       |
| termination_reason/               |              |
|    body_contact                   | 0            |
|    controller_done                | 0            |
|    height                         | 0            |
|    joint_limit                    | 0            |
|    none                           | 0            |
|    tilt                           | 0            |
|    time_limit                     | 0            |
|    unknown                        | 0            |
|    unsupported                    | 0            |
|    workspace                      | 0            |
| time/                             |              |
|    fps                            | 277          |
|    iterations                     | 225          |
|    time_elapsed                   | 1662         |
|    total_timesteps                | 460800       |
| train/                            |              |
|    approx_kl                      | 0.0075038862 |
|    clip_fraction                  | 0.0293       |
|    clip_range                     | 0.2          |
|    entropy_loss                   | -9.73        |
|    explained_variance             | 0.958        |
|    loss                           | 134          |
|    n_updates                      | 1120         |
|    policy_gradient_loss           | -0.00728     |
|    std                            | 0.55         |
|    value_loss                     | 238          |
----------------------------------------------------
TRAIN_PROGRESS total_timesteps=461056
TRAIN_PROGRESS total_timesteps=461312
TRAIN_PROGRESS total_timesteps=461568
TRAIN_PROGRESS total_timesteps=461824
TRAIN_PROGRESS total_timesteps=462080
TRAIN_PROGRESS total_timesteps=462336
TRAIN_PROGRESS total_timesteps=462592
TRAIN_PROGRESS total_timesteps=462848
----------------------------------------------------
| rapid/                            |              |
|    action_saturation_rate         | 0.0833       |
|    actor_lr                       | 1e-05        |
|    adaptation_lr                  | 0            |
|    critic_lr                      | 0.0001       |
|    source_action_abs_mean         | 0.937        |
|    speed_progress_mean            | 0.952        |
| reward/                           |              |
|    transition_mean                | 1.19         |
| reward_parts/                     |              |
|    action_rate                    | -0.00319     |
|    alive                          | 0.5          |
|    command_displacement_progress  | 0.375        |
|    command_speed_progress         | 0.375        |
|    command_tracking               | -0.041       |
|    default_pose                   | -0.0537      |
|    distance                       | 0.037        |
|    fall                           | 0            |
|    feet_air_time                  | 0            |
|    finetune_moving_contact        | 0.375        |
|    foot_slip                      | -0.0601      |
|    gait                           | -0.0375      |
|    height                         | -0.00209     |
|    horizontal_angular_velocity    | -0.00321     |
|    joint_jitter                   | -0.00849     |
|    joint_velocity                 | -0.00151     |
|    jump_landing                   | 0            |
|    jump_success                   | 0            |
|    non_foot_collision             | 0            |
|    posture                        | -0.0179      |
|    rapid_source_action_saturation | -0.00376     |
|    source_action_saturation       | -0.00376     |
|    static_contact_course          | 0            |
|    support_gap                    | -0.225       |
|    torque                         | -0.00145     |
|    true_four_foot_contact         | 0            |
|    zero_velocity                  | -0.00297     |
|    zero_yaw_rate                  | -0.013       |
| rollout/                          |              |
|    ep_rew_mean                    | 1.01e+03     |
|    true_four_contact_ratio        | 0.0137       |
| termination_reason/               |              |
|    body_contact                   | 0            |
|    controller_done                | 0            |
|    height                         | 0            |
|    joint_limit                    | 0            |
|    none                           | 0            |
|    tilt                           | 1            |
|    time_limit                     | 7            |
|    unknown                        | 0            |
|    unsupported                    | 0            |
|    workspace                      | 0            |
| time/                             |              |
|    fps                            | 277          |
|    iterations                     | 226          |
|    time_elapsed                   | 1670         |
|    total_timesteps                | 462848       |
| train/                            |              |
|    approx_kl                      | 0.0047079325 |
|    clip_fraction                  | 0.0105       |
|    clip_range                     | 0.2          |
|    entropy_loss                   | -9.73        |
|    explained_variance             | 0.862        |
|    loss                           | 525          |
|    n_updates                      | 1125         |
|    policy_gradient_loss           | -0.00457     |
|    std                            | 0.55         |
|    value_loss                     | 806          |
----------------------------------------------------
TRAIN_PROGRESS total_timesteps=463104
TRAIN_PROGRESS total_timesteps=463360
TRAIN_PROGRESS total_timesteps=463616
TRAIN_PROGRESS total_timesteps=463872
TRAIN_PROGRESS total_timesteps=464128
TRAIN_PROGRESS total_timesteps=464384
TRAIN_PROGRESS total_timesteps=464640
TRAIN_PROGRESS total_timesteps=464896
---------------------------------------------------
| rapid/                            |             |
|    action_saturation_rate         | 0.125       |
|    actor_lr                       | 1e-05       |
|    adaptation_lr                  | 0           |
|    critic_lr                      | 0.0001      |
|    source_action_abs_mean         | 1.18        |
|    speed_progress_mean            | 0.952       |
| reward/                           |             |
|    transition_mean                | 1.66        |
| reward_parts/                     |             |
|    action_rate                    | -0.00354    |
|    alive                          | 0.5         |
|    command_displacement_progress  | 0.117       |
|    command_speed_progress         | 0.133       |
|    command_tracking               | -0.116      |
|    default_pose                   | -0.0483     |
|    distance                       | 0.00662     |
|    fall                           | 0           |
|    feet_air_time                  | 0           |
|    finetune_moving_contact        | 1.25        |
|    foot_slip                      | -0.0364     |
|    gait                           | 0           |
|    height                         | -0.0022     |
|    horizontal_angular_velocity    | -0.0684     |
|    joint_jitter                   | -0.0205     |
|    joint_velocity                 | -0.00222    |
|    jump_landing                   | 0           |
|    jump_success                   | 0           |
|    non_foot_collision             | 0           |
|    posture                        | -0.0147     |
|    rapid_source_action_saturation | -0.018      |
|    source_action_saturation       | -0.018      |
|    static_contact_course          | 0           |
|    support_gap                    | 0           |
|    torque                         | -0.00294    |
|    true_four_foot_contact         | 0           |
|    zero_velocity                  | 0           |
|    zero_yaw_rate                  | -0.0149     |
| rollout/                          |             |
|    ep_rew_mean                    | 1.5e+03     |
|    true_four_contact_ratio        | 0.0083      |
| termination_reason/               |             |
|    body_contact                   | 0           |
|    controller_done                | 0           |
|    height                         | 0           |
|    joint_limit                    | 0           |
|    none                           | 0           |
|    tilt                           | 0           |
|    time_limit                     | 0           |
|    unknown                        | 0           |
|    unsupported                    | 0           |
|    workspace                      | 0           |
| time/                             |             |
|    fps                            | 276         |
|    iterations                     | 227         |
|    time_elapsed                   | 1678        |
|    total_timesteps                | 464896      |
| train/                            |             |
|    approx_kl                      | 0.009087677 |
|    clip_fraction                  | 0.0555      |
|    clip_range                     | 0.2         |
|    entropy_loss                   | -9.73       |
|    explained_variance             | 0.879       |
|    loss                           | 143         |
|    n_updates                      | 1130        |
|    policy_gradient_loss           | -0.00878    |
|    std                            | 0.55        |
|    value_loss                     | 860         |
---------------------------------------------------
TRAIN_PROGRESS total_timesteps=465152
TRAIN_PROGRESS total_timesteps=465408
TRAIN_PROGRESS total_timesteps=465664
TRAIN_PROGRESS total_timesteps=465920
TRAIN_PROGRESS total_timesteps=466176
TRAIN_PROGRESS total_timesteps=466432
TRAIN_PROGRESS total_timesteps=466688
TRAIN_PROGRESS total_timesteps=466944
----------------------------------------------------
| rapid/                            |              |
|    action_saturation_rate         | 0.104        |
|    actor_lr                       | 1e-05        |
|    adaptation_lr                  | 0            |
|    critic_lr                      | 0.0001       |
|    source_action_abs_mean         | 0.965        |
|    speed_progress_mean            | 0.951        |
| reward/                           |              |
|    transition_mean                | 1.62         |
| reward_parts/                     |              |
|    action_rate                    | -0.00356     |
|    alive                          | 0.5          |
|    command_displacement_progress  | 0.314        |
|    command_speed_progress         | 0.315        |
|    command_tracking               | -0.114       |
|    default_pose                   | -0.0564      |
|    distance                       | 0.0238       |
|    fall                           | 0            |
|    feet_air_time                  | 0            |
|    finetune_moving_contact        | 0.875        |
|    foot_slip                      | -0.0533      |
|    gait                           | -0.0125      |
|    height                         | -0.00175     |
|    horizontal_angular_velocity    | -0.0252      |
|    joint_jitter                   | -0.0107      |
|    joint_velocity                 | -0.00185     |
|    jump_landing                   | 0            |
|    jump_success                   | 0            |
|    non_foot_collision             | 0            |
|    posture                        | -0.0395      |
|    rapid_source_action_saturation | -0.00329     |
|    source_action_saturation       | -0.00329     |
|    static_contact_course          | 0            |
|    support_gap                    | -0.075       |
|    torque                         | -0.00294     |
|    true_four_foot_contact         | 0            |
|    zero_velocity                  | -0.000604    |
|    zero_yaw_rate                  | -0.00592     |
| rollout/                          |              |
|    ep_rew_mean                    | 2.05e+03     |
|    true_four_contact_ratio        | 0.0161       |
| termination_reason/               |              |
|    body_contact                   | 0            |
|    controller_done                | 0            |
|    height                         | 0            |
|    joint_limit                    | 0            |
|    none                           | 0            |
|    tilt                           | 0            |
|    time_limit                     | 4            |
|    unknown                        | 0            |
|    unsupported                    | 0            |
|    workspace                      | 0            |
| time/                             |              |
|    fps                            | 276          |
|    iterations                     | 228          |
|    time_elapsed                   | 1686         |
|    total_timesteps                | 466944       |
| train/                            |              |
|    approx_kl                      | 0.0065202694 |
|    clip_fraction                  | 0.0279       |
|    clip_range                     | 0.2          |
|    entropy_loss                   | -9.73        |
|    explained_variance             | 0.916        |
|    loss                           | 181          |
|    n_updates                      | 1135         |
|    policy_gradient_loss           | -0.00551     |
|    std                            | 0.55         |
|    value_loss                     | 488          |
----------------------------------------------------
TRAIN_PROGRESS total_timesteps=467200
TRAIN_PROGRESS total_timesteps=467456
TRAIN_PROGRESS total_timesteps=467712
TRAIN_PROGRESS total_timesteps=467968
TRAIN_PROGRESS total_timesteps=468224
TRAIN_PROGRESS total_timesteps=468480
TRAIN_PROGRESS total_timesteps=468736
TRAIN_PROGRESS total_timesteps=468992
---------------------------------------------------
| rapid/                            |             |
|    action_saturation_rate         | 0.208       |
|    actor_lr                       | 1e-05       |
|    adaptation_lr                  | 0           |
|    critic_lr                      | 0.0001      |
|    source_action_abs_mean         | 1.35        |
|    speed_progress_mean            | 0.95        |
| reward/                           |             |
|    transition_mean                | 1.88        |
| reward_parts/                     |             |
|    action_rate                    | -0.00358    |
|    alive                          | 0.5         |
|    command_displacement_progress  | 0.459       |
|    command_speed_progress         | 0.462       |
|    command_tracking               | -0.0483     |
|    default_pose                   | -0.0506     |
|    distance                       | 0.0397      |
|    fall                           | 0           |
|    feet_air_time                  | 0           |
|    finetune_moving_contact        | 0.75        |
|    foot_slip                      | -0.0155     |
|    gait                           | -0.0125     |
|    height                         | -0.00095    |
|    horizontal_angular_velocity    | -0.0531     |
|    joint_jitter                   | -0.00375    |
|    joint_velocity                 | -0.0028     |
|    jump_landing                   | 0           |
|    jump_success                   | 0           |
|    non_foot_collision             | 0           |
|    posture                        | -0.0238     |
|    rapid_source_action_saturation | -0.0186     |
|    source_action_saturation       | -0.0186     |
|    static_contact_course          | 0           |
|    support_gap                    | -0.075      |
|    torque                         | -0.00293    |
|    true_four_foot_contact         | 0           |
|    zero_velocity                  | -0.00141    |
|    zero_yaw_rate                  | -0.0174     |
| rollout/                          |             |
|    ep_rew_mean                    | 654         |
|    true_four_contact_ratio        | 0.0132      |
| termination_reason/               |             |
|    body_contact                   | 0           |
|    controller_done                | 0           |
|    height                         | 0           |
|    joint_limit                    | 0           |
|    none                           | 0           |
|    tilt                           | 1           |
|    time_limit                     | 3           |
|    unknown                        | 0           |
|    unsupported                    | 0           |
|    workspace                      | 0           |
| time/                             |             |
|    fps                            | 276         |
|    iterations                     | 229         |
|    time_elapsed                   | 1694        |
|    total_timesteps                | 468992      |
| train/                            |             |
|    approx_kl                      | 0.011258561 |
|    clip_fraction                  | 0.0638      |
|    clip_range                     | 0.2         |
|    entropy_loss                   | -9.73       |
|    explained_variance             | 0.957       |
|    loss                           | 114         |
|    n_updates                      | 1140        |
|    policy_gradient_loss           | -0.00847    |
|    std                            | 0.55        |
|    value_loss                     | 293         |
---------------------------------------------------
TRAIN_PROGRESS total_timesteps=469248
TRAIN_PROGRESS total_timesteps=469504
TRAIN_PROGRESS total_timesteps=469760
TRAIN_PROGRESS total_timesteps=470016
TRAIN_PROGRESS total_timesteps=470272
TRAIN_PROGRESS total_timesteps=470528
TRAIN_PROGRESS total_timesteps=470784
TRAIN_PROGRESS total_timesteps=471040
---------------------------------------------------
| rapid/                            |             |
|    action_saturation_rate         | 0.125       |
|    actor_lr                       | 1e-05       |
|    adaptation_lr                  | 0           |
|    critic_lr                      | 0.0001      |
|    source_action_abs_mean         | 1           |
|    speed_progress_mean            | 0.95        |
| reward/                           |             |
|    transition_mean                | 2.57        |
| reward_parts/                     |             |
|    action_rate                    | -0.00338    |
|    alive                          | 0.5         |
|    command_displacement_progress  | 0.465       |
|    command_speed_progress         | 0.545       |
|    command_tracking               | -0.0793     |
|    default_pose                   | -0.06       |
|    distance                       | 0.0261      |
|    fall                           | 0           |
|    feet_air_time                  | 0           |
|    finetune_moving_contact        | 1.38        |
|    foot_slip                      | -0.0384     |
|    gait                           | 0           |
|    height                         | -0.00189    |
|    horizontal_angular_velocity    | -0.0668     |
|    joint_jitter                   | -0.0103     |
|    joint_velocity                 | -0.00234    |
|    jump_landing                   | 0           |
|    jump_success                   | 0           |
|    non_foot_collision             | 0           |
|    posture                        | -0.0478     |
|    rapid_source_action_saturation | -0.0104     |
|    source_action_saturation       | -0.0104     |
|    static_contact_course          | 0           |
|    support_gap                    | 0           |
|    torque                         | -0.00408    |
|    true_four_foot_contact         | 0           |
|    zero_velocity                  | 0           |
|    zero_yaw_rate                  | -0.0166     |
| rollout/                          |             |
|    ep_rew_mean                    | 1.46e+03    |
|    true_four_contact_ratio        | 0.0122      |
| termination_reason/               |             |
|    body_contact                   | 0           |
|    controller_done                | 0           |
|    height                         | 0           |
|    joint_limit                    | 0           |
|    none                           | 0           |
|    tilt                           | 0           |
|    time_limit                     | 0           |
|    unknown                        | 0           |
|    unsupported                    | 0           |
|    workspace                      | 0           |
| time/                             |             |
|    fps                            | 276         |
|    iterations                     | 230         |
|    time_elapsed                   | 1702        |
|    total_timesteps                | 471040      |
| train/                            |             |
|    approx_kl                      | 0.003729929 |
|    clip_fraction                  | 0.00605     |
|    clip_range                     | 0.2         |
|    entropy_loss                   | -9.73       |
|    explained_variance             | 0.849       |
|    loss                           | 280         |
|    n_updates                      | 1145        |
|    policy_gradient_loss           | -0.00493    |
|    std                            | 0.55        |
|    value_loss                     | 1.22e+03    |
---------------------------------------------------
TRAIN_PROGRESS total_timesteps=471296
TRAIN_PROGRESS total_timesteps=471552
TRAIN_PROGRESS total_timesteps=471808
TRAIN_PROGRESS total_timesteps=472064
TRAIN_PROGRESS total_timesteps=472320
TRAIN_PROGRESS total_timesteps=472576
TRAIN_PROGRESS total_timesteps=472832
TRAIN_PROGRESS total_timesteps=473088
---------------------------------------------------
| rapid/                            |             |
|    action_saturation_rate         | 0.167       |
|    actor_lr                       | 1e-05       |
|    adaptation_lr                  | 0           |
|    critic_lr                      | 0.0001      |
|    source_action_abs_mean         | 1.24        |
|    speed_progress_mean            | 0.949       |
| reward/                           |             |
|    transition_mean                | 0.367       |
| reward_parts/                     |             |
|    action_rate                    | -0.0032     |
|    alive                          | 0.5         |
|    command_displacement_progress  | -0.142      |
|    command_speed_progress         | 0.109       |
|    command_tracking               | -0.109      |
|    default_pose                   | -0.0502     |
|    distance                       | -0.000281   |
|    fall                           | 0           |
|    feet_air_time                  | 0           |
|    finetune_moving_contact        | 0.5         |
|    foot_slip                      | -0.0595     |
|    gait                           | -0.025      |
|    height                         | -0.00237    |
|    horizontal_angular_velocity    | -0.136      |
|    joint_jitter                   | -0.00557    |
|    joint_velocity                 | -0.00212    |
|    jump_landing                   | 0           |
|    jump_success                   | 0           |
|    non_foot_collision             | 0           |
|    posture                        | -0.0224     |
|    rapid_source_action_saturation | -0.0132     |
|    source_action_saturation       | -0.0132     |
|    static_contact_course          | 0           |
|    support_gap                    | -0.15       |
|    torque                         | -0.00201    |
|    true_four_foot_contact         | 0           |
|    zero_velocity                  | -0.00836    |
|    zero_yaw_rate                  | -0.0115     |
| rollout/                          |             |
|    ep_rew_mean                    | 1.86e+03    |
|    true_four_contact_ratio        | 0.0132      |
| termination_reason/               |             |
|    body_contact                   | 0           |
|    controller_done                | 0           |
|    height                         | 0           |
|    joint_limit                    | 0           |
|    none                           | 0           |
|    tilt                           | 0           |
|    time_limit                     | 4           |
|    unknown                        | 0           |
|    unsupported                    | 0           |
|    workspace                      | 0           |
| time/                             |             |
|    fps                            | 276         |
|    iterations                     | 231         |
|    time_elapsed                   | 1711        |
|    total_timesteps                | 473088      |
| train/                            |             |
|    approx_kl                      | 0.006239917 |
|    clip_fraction                  | 0.0194      |
|    clip_range                     | 0.2         |
|    entropy_loss                   | -9.73       |
|    explained_variance             | 0.872       |
|    loss                           | 429         |
|    n_updates                      | 1150        |
|    policy_gradient_loss           | -0.00552    |
|    std                            | 0.55        |
|    value_loss                     | 906         |
---------------------------------------------------
TRAIN_PROGRESS total_timesteps=473344
TRAIN_PROGRESS total_timesteps=473600
TRAIN_PROGRESS total_timesteps=473856
TRAIN_PROGRESS total_timesteps=474112
TRAIN_PROGRESS total_timesteps=474368
TRAIN_PROGRESS total_timesteps=474624
TRAIN_PROGRESS total_timesteps=474880
TRAIN_PROGRESS total_timesteps=475136
---------------------------------------------------
| rapid/                            |             |
|    action_saturation_rate         | 0.104       |
|    actor_lr                       | 1e-05       |
|    adaptation_lr                  | 0           |
|    critic_lr                      | 0.0001      |
|    source_action_abs_mean         | 0.995       |
|    speed_progress_mean            | 0.949       |
| reward/                           |             |
|    transition_mean                | 2.53        |
| reward_parts/                     |             |
|    action_rate                    | -0.00316    |
|    alive                          | 0.5         |
|    command_displacement_progress  | 0.385       |
|    command_speed_progress         | 0.909       |
|    command_tracking               | -0.0816     |
|    default_pose                   | -0.0503     |
|    distance                       | 0.0513      |
|    fall                           | 0           |
|    feet_air_time                  | 0           |
|    finetune_moving_contact        | 1.12        |
|    foot_slip                      | -0.0672     |
|    gait                           | 0           |
|    height                         | -0.000936   |
|    horizontal_angular_velocity    | -0.179      |
|    joint_jitter                   | -0.00778    |
|    joint_velocity                 | -0.00204    |
|    jump_landing                   | 0           |
|    jump_success                   | 0           |
|    non_foot_collision             | 0           |
|    posture                        | -0.0187     |
|    rapid_source_action_saturation | -0.00898    |
|    source_action_saturation       | -0.00898    |
|    static_contact_course          | 0           |
|    support_gap                    | 0           |
|    torque                         | -0.00276    |
|    true_four_foot_contact         | 0           |
|    zero_velocity                  | 0           |
|    zero_yaw_rate                  | -0.0143     |
| rollout/                          |             |
|    ep_rew_mean                    | 1.19e+03    |
|    true_four_contact_ratio        | 0.0107      |
| termination_reason/               |             |
|    body_contact                   | 0           |
|    controller_done                | 0           |
|    height                         | 0           |
|    joint_limit                    | 0           |
|    none                           | 0           |
|    tilt                           | 0           |
|    time_limit                     | 0           |
|    unknown                        | 0           |
|    unsupported                    | 0           |
|    workspace                      | 0           |
| time/                             |             |
|    fps                            | 276         |
|    iterations                     | 232         |
|    time_elapsed                   | 1719        |
|    total_timesteps                | 475136      |
| train/                            |             |
|    approx_kl                      | 0.002285789 |
|    clip_fraction                  | 0.00215     |
|    clip_range                     | 0.2         |
|    entropy_loss                   | -9.73       |
|    explained_variance             | 0.953       |
|    loss                           | 133         |
|    n_updates                      | 1155        |
|    policy_gradient_loss           | -0.00292    |
|    std                            | 0.55        |
|    value_loss                     | 269         |
---------------------------------------------------
TRAIN_PROGRESS total_timesteps=475392
TRAIN_PROGRESS total_timesteps=475648
TRAIN_PROGRESS total_timesteps=475904
TRAIN_PROGRESS total_timesteps=476160
TRAIN_PROGRESS total_timesteps=476416
TRAIN_PROGRESS total_timesteps=476672
TRAIN_PROGRESS total_timesteps=476928
TRAIN_PROGRESS total_timesteps=477184
--------------------------------------------------
| rapid/                            |            |
|    action_saturation_rate         | 0.0625     |
|    actor_lr                       | 1e-05      |
|    adaptation_lr                  | 0          |
|    critic_lr                      | 0.0001     |
|    source_action_abs_mean         | 0.929      |
|    speed_progress_mean            | 0.949      |
| reward/                           |            |
|    transition_mean                | 2.1        |
| reward_parts/                     |            |
|    action_rate                    | -0.00329   |
|    alive                          | 0.5        |
|    command_displacement_progress  | 0.516      |
|    command_speed_progress         | 0.513      |
|    command_tracking               | -0.109     |
|    default_pose                   | -0.0555    |
|    distance                       | 0.0357     |
|    fall                           | 0          |
|    feet_air_time                  | 0          |
|    finetune_moving_contact        | 0.875      |
|    foot_slip                      | -0.0377    |
|    gait                           | -0.0125    |
|    height                         | -0.00218   |
|    horizontal_angular_velocity    | -0.0334    |
|    joint_jitter                   | -0.00934   |
|    joint_velocity                 | -0.00153   |
|    jump_landing                   | 0          |
|    jump_success                   | 0          |
|    non_foot_collision             | 0          |
|    posture                        | -0.0222    |
|    rapid_source_action_saturation | -0.00473   |
|    source_action_saturation       | -0.00473   |
|    static_contact_course          | 0          |
|    support_gap                    | -0.0375    |
|    torque                         | -0.00234   |
|    true_four_foot_contact         | 0          |
|    zero_velocity                  | -0.00035   |
|    zero_yaw_rate                  | -0.00724   |
| rollout/                          |            |
|    ep_rew_mean                    | 1.61e+03   |
|    true_four_contact_ratio        | 0.00977    |
| termination_reason/               |            |
|    body_contact                   | 0          |
|    controller_done                | 0          |
|    height                         | 0          |
|    joint_limit                    | 0          |
|    none                           | 0          |
|    tilt                           | 0          |
|    time_limit                     | 4          |
|    unknown                        | 0          |
|    unsupported                    | 0          |
|    workspace                      | 0          |
| time/                             |            |
|    fps                            | 276        |
|    iterations                     | 233        |
|    time_elapsed                   | 1727       |
|    total_timesteps                | 477184     |
| train/                            |            |
|    approx_kl                      | 0.00419695 |
|    clip_fraction                  | 0.00752    |
|    clip_range                     | 0.2        |
|    entropy_loss                   | -9.73      |
|    explained_variance             | 0.924      |
|    loss                           | 241        |
|    n_updates                      | 1160       |
|    policy_gradient_loss           | -0.00429   |
|    std                            | 0.55       |
|    value_loss                     | 437        |
--------------------------------------------------
TRAIN_PROGRESS total_timesteps=477440
TRAIN_PROGRESS total_timesteps=477696
TRAIN_PROGRESS total_timesteps=477952
TRAIN_PROGRESS total_timesteps=478208
TRAIN_PROGRESS total_timesteps=478464
TRAIN_PROGRESS total_timesteps=478720
TRAIN_PROGRESS total_timesteps=478976
TRAIN_PROGRESS total_timesteps=479232
----------------------------------------------------
| rapid/                            |              |
|    action_saturation_rate         | 0.146        |
|    actor_lr                       | 1e-05        |
|    adaptation_lr                  | 0            |
|    critic_lr                      | 0.0001       |
|    source_action_abs_mean         | 1.12         |
|    speed_progress_mean            | 0.948        |
| reward/                           |              |
|    transition_mean                | 1.49         |
| reward_parts/                     |              |
|    action_rate                    | -0.00345     |
|    alive                          | 0.5          |
|    command_displacement_progress  | 0.0406       |
|    command_speed_progress         | 0.156        |
|    command_tracking               | -0.122       |
|    default_pose                   | -0.055       |
|    distance                       | -0.00727     |
|    fall                           | 0            |
|    feet_air_time                  | 0            |
|    finetune_moving_contact        | 1.12         |
|    foot_slip                      | -0.0279      |
|    gait                           | 0            |
|    height                         | -0.00168     |
|    horizontal_angular_velocity    | -0.0262      |
|    joint_jitter                   | -0.00791     |
|    joint_velocity                 | -0.00186     |
|    jump_landing                   | 0            |
|    jump_success                   | 0            |
|    non_foot_collision             | 0            |
|    posture                        | -0.0171      |
|    rapid_source_action_saturation | -0.0327      |
|    source_action_saturation       | -0.0327      |
|    static_contact_course          | 0            |
|    support_gap                    | 0            |
|    torque                         | -0.00256     |
|    true_four_foot_contact         | 0            |
|    zero_velocity                  | 0            |
|    zero_yaw_rate                  | -0.0213      |
| rollout/                          |              |
|    ep_rew_mean                    | 1.61e+03     |
|    true_four_contact_ratio        | 0.00879      |
| termination_reason/               |              |
|    body_contact                   | 0            |
|    controller_done                | 0            |
|    height                         | 0            |
|    joint_limit                    | 0            |
|    none                           | 0            |
|    tilt                           | 0            |
|    time_limit                     | 0            |
|    unknown                        | 0            |
|    unsupported                    | 0            |
|    workspace                      | 0            |
| time/                             |              |
|    fps                            | 276          |
|    iterations                     | 234          |
|    time_elapsed                   | 1735         |
|    total_timesteps                | 479232       |
| train/                            |              |
|    approx_kl                      | 0.0059577157 |
|    clip_fraction                  | 0.0169       |
|    clip_range                     | 0.2          |
|    entropy_loss                   | -9.73        |
|    explained_variance             | 0.954        |
|    loss                           | 148          |
|    n_updates                      | 1165         |
|    policy_gradient_loss           | -0.00474     |
|    std                            | 0.55         |
|    value_loss                     | 308          |
----------------------------------------------------
TRAIN_PROGRESS total_timesteps=479488
TRAIN_PROGRESS total_timesteps=479744
TRAIN_PROGRESS total_timesteps=480000
CHECKPOINT /run/media/pma213x/0C6A8CC86A8CAFCE/Ubuntu2/CodeU/Dog1/official-mini-cheetah/checkpoints/official_mini_cheetah_flat_jump_v1_r3/rapid_finetune_500k_20261006/official_mini_cheetah_flat_jump_v1_r3_480000_steps.zip
TRAIN_PROGRESS total_timesteps=480256
TRAIN_PROGRESS total_timesteps=480512
TRAIN_PROGRESS total_timesteps=480768
TRAIN_PROGRESS total_timesteps=481024
TRAIN_PROGRESS total_timesteps=481280
----------------------------------------------------
| rapid/                            |              |
|    action_saturation_rate         | 0.146        |
|    actor_lr                       | 1e-05        |
|    adaptation_lr                  | 0            |
|    critic_lr                      | 0.0001       |
|    source_action_abs_mean         | 1.13         |
|    speed_progress_mean            | 0.948        |
| reward/                           |              |
|    transition_mean                | 0.899        |
| reward_parts/                     |              |
|    action_rate                    | -0.00342     |
|    alive                          | 0.5          |
|    command_displacement_progress  | 0            |
|    command_speed_progress         | 0.375        |
|    command_tracking               | -0.13        |
|    default_pose                   | -0.0535      |
|    distance                       | 0.0174       |
|    fall                           | 0            |
|    feet_air_time                  | 0            |
|    finetune_moving_contact        | 0.625        |
|    foot_slip                      | -0.099       |
|    gait                           | -0.025       |
|    height                         | -0.00219     |
|    horizontal_angular_velocity    | -0.132       |
|    joint_jitter                   | -0.00797     |
|    joint_velocity                 | -0.00186     |
|    jump_landing                   | 0            |
|    jump_success                   | 0            |
|    non_foot_collision             | 0            |
|    posture                        | -0.0131      |
|    rapid_source_action_saturation | -0.0191      |
|    source_action_saturation       | -0.0191      |
|    static_contact_course          | 0            |
|    support_gap                    | -0.112       |
|    torque                         | -0.00173     |
|    true_four_foot_contact         | 0            |
|    zero_velocity                  | -0.00801     |
|    zero_yaw_rate                  | -0.00976     |
| rollout/                          |              |
|    ep_rew_mean                    | 1.98e+03     |
|    true_four_contact_ratio        | 0.0107       |
| termination_reason/               |              |
|    body_contact                   | 0            |
|    controller_done                | 0            |
|    height                         | 0            |
|    joint_limit                    | 0            |
|    none                           | 0            |
|    tilt                           | 0            |
|    time_limit                     | 4            |
|    unknown                        | 0            |
|    unsupported                    | 0            |
|    workspace                      | 0            |
| time/                             |              |
|    fps                            | 276          |
|    iterations                     | 235          |
|    time_elapsed                   | 1743         |
|    total_timesteps                | 481280       |
| train/                            |              |
|    approx_kl                      | 0.0070618736 |
|    clip_fraction                  | 0.0339       |
|    clip_range                     | 0.2          |
|    entropy_loss                   | -9.73        |
|    explained_variance             | 0.865        |
|    loss                           | 341          |
|    n_updates                      | 1170         |
|    policy_gradient_loss           | -0.00767     |
|    std                            | 0.55         |
|    value_loss                     | 667          |
----------------------------------------------------
TRAIN_PROGRESS total_timesteps=481536
TRAIN_PROGRESS total_timesteps=481792
TRAIN_PROGRESS total_timesteps=482048
TRAIN_PROGRESS total_timesteps=482304
TRAIN_PROGRESS total_timesteps=482560
TRAIN_PROGRESS total_timesteps=482816
TRAIN_PROGRESS total_timesteps=483072
TRAIN_PROGRESS total_timesteps=483328
---------------------------------------------------
| rapid/                            |             |
|    action_saturation_rate         | 0.0625      |
|    actor_lr                       | 1e-05       |
|    adaptation_lr                  | 0           |
|    critic_lr                      | 0.0001      |
|    source_action_abs_mean         | 1.09        |
|    speed_progress_mean            | 0.947       |
| reward/                           |             |
|    transition_mean                | 0.818       |
| reward_parts/                     |             |
|    action_rate                    | -0.00358    |
|    alive                          | 0.5         |
|    command_displacement_progress  | 0.00899     |
|    command_speed_progress         | 0           |
|    command_tracking               | -0.158      |
|    default_pose                   | -0.0556     |
|    distance                       | -9.21e-05   |
|    fall                           | 0           |
|    feet_air_time                  | 0           |
|    finetune_moving_contact        | 0.75        |
|    foot_slip                      | -0.0376     |
|    gait                           | -0.0125     |
|    height                         | -0.00236    |
|    horizontal_angular_velocity    | -0.0628     |
|    joint_jitter                   | -0.0145     |
|    joint_velocity                 | -0.00143    |
|    jump_landing                   | 0           |
|    jump_success                   | 0           |
|    non_foot_collision             | 0           |
|    posture                        | -0.0317     |
|    rapid_source_action_saturation | -0.00775    |
|    source_action_saturation       | -0.00775    |
|    static_contact_course          | 0           |
|    support_gap                    | -0.0375     |
|    torque                         | -0.00129    |
|    true_four_foot_contact         | 0           |
|    zero_velocity                  | -0.00051    |
|    zero_yaw_rate                  | -0.0133     |
| rollout/                          |             |
|    ep_rew_mean                    | 1.01e+03    |
|    true_four_contact_ratio        | 0.00732     |
| termination_reason/               |             |
|    body_contact                   | 0           |
|    controller_done                | 0           |
|    height                         | 0           |
|    joint_limit                    | 0           |
|    none                           | 0           |
|    tilt                           | 0           |
|    time_limit                     | 0           |
|    unknown                        | 0           |
|    unsupported                    | 0           |
|    workspace                      | 0           |
| time/                             |             |
|    fps                            | 275         |
|    iterations                     | 236         |
|    time_elapsed                   | 1751        |
|    total_timesteps                | 483328      |
| train/                            |             |
|    approx_kl                      | 0.004826255 |
|    clip_fraction                  | 0.0108      |
|    clip_range                     | 0.2         |
|    entropy_loss                   | -9.73       |
|    explained_variance             | 0.951       |
|    loss                           | 90.9        |
|    n_updates                      | 1175        |
|    policy_gradient_loss           | -0.00516    |
|    std                            | 0.55        |
|    value_loss                     | 193         |
---------------------------------------------------
TRAIN_PROGRESS total_timesteps=483584
TRAIN_PROGRESS total_timesteps=483840
TRAIN_PROGRESS total_timesteps=484096
TRAIN_PROGRESS total_timesteps=484352
TRAIN_PROGRESS total_timesteps=484608
TRAIN_PROGRESS total_timesteps=484864
TRAIN_PROGRESS total_timesteps=485120
TRAIN_PROGRESS total_timesteps=485376
---------------------------------------------------
| rapid/                            |             |
|    action_saturation_rate         | 0.146       |
|    actor_lr                       | 1e-05       |
|    adaptation_lr                  | 0           |
|    critic_lr                      | 0.0001      |
|    source_action_abs_mean         | 1.13        |
|    speed_progress_mean            | 0.946       |
| reward/                           |             |
|    transition_mean                | 1.37        |
| reward_parts/                     |             |
|    action_rate                    | -0.00347    |
|    alive                          | 0.5         |
|    command_displacement_progress  | 0.375       |
|    command_speed_progress         | 0.374       |
|    command_tracking               | -0.134      |
|    default_pose                   | -0.0541     |
|    distance                       | 0.0294      |
|    fall                           | 0           |
|    feet_air_time                  | 0           |
|    finetune_moving_contact        | 0.625       |
|    foot_slip                      | -0.0651     |
|    gait                           | -0.025      |
|    height                         | -0.0024     |
|    horizontal_angular_velocity    | -0.0661     |
|    joint_jitter                   | -0.00307    |
|    joint_velocity                 | -0.00244    |
|    jump_landing                   | 0           |
|    jump_success                   | 0           |
|    non_foot_collision             | 0           |
|    posture                        | -0.0189     |
|    rapid_source_action_saturation | -0.0174     |
|    source_action_saturation       | -0.0174     |
|    static_contact_course          | 0           |
|    support_gap                    | -0.112      |
|    torque                         | -0.0027     |
|    true_four_foot_contact         | 0           |
|    zero_velocity                  | -0.00637    |
|    zero_yaw_rate                  | -0.0205     |
| rollout/                          |             |
|    ep_rew_mean                    | 1.16e+03    |
|    true_four_contact_ratio        | 0.0117      |
| termination_reason/               |             |
|    body_contact                   | 0           |
|    controller_done                | 0           |
|    height                         | 0           |
|    joint_limit                    | 0           |
|    none                           | 0           |
|    tilt                           | 0           |
|    time_limit                     | 4           |
|    unknown                        | 0           |
|    unsupported                    | 0           |
|    workspace                      | 0           |
| time/                             |             |
|    fps                            | 275         |
|    iterations                     | 237         |
|    time_elapsed                   | 1759        |
|    total_timesteps                | 485376      |
| train/                            |             |
|    approx_kl                      | 0.005510565 |
|    clip_fraction                  | 0.0188      |
|    clip_range                     | 0.2         |
|    entropy_loss                   | -9.73       |
|    explained_variance             | 0.913       |
|    loss                           | 181         |
|    n_updates                      | 1180        |
|    policy_gradient_loss           | -0.00523    |
|    std                            | 0.55        |
|    value_loss                     | 578         |
---------------------------------------------------
TRAIN_PROGRESS total_timesteps=485632
TRAIN_PROGRESS total_timesteps=485888
TRAIN_PROGRESS total_timesteps=486144
TRAIN_PROGRESS total_timesteps=486400
TRAIN_PROGRESS total_timesteps=486656
TRAIN_PROGRESS total_timesteps=486912
TRAIN_PROGRESS total_timesteps=487168
TRAIN_PROGRESS total_timesteps=487424
----------------------------------------------------
| rapid/                            |              |
|    action_saturation_rate         | 0.104        |
|    actor_lr                       | 1e-05        |
|    adaptation_lr                  | 0            |
|    critic_lr                      | 0.0001       |
|    source_action_abs_mean         | 1.03         |
|    speed_progress_mean            | 0.946        |
| reward/                           |              |
|    transition_mean                | 2.25         |
| reward_parts/                     |              |
|    action_rate                    | -0.00356     |
|    alive                          | 0.5          |
|    command_displacement_progress  | 0.253        |
|    command_speed_progress         | 0.665        |
|    command_tracking               | -0.0922      |
|    default_pose                   | -0.0551      |
|    distance                       | 0.0367       |
|    fall                           | 0            |
|    feet_air_time                  | 0            |
|    finetune_moving_contact        | 1.12         |
|    foot_slip                      | -0.03        |
|    gait                           | 0            |
|    height                         | -0.00281     |
|    horizontal_angular_velocity    | -0.0954      |
|    joint_jitter                   | -0.00673     |
|    joint_velocity                 | -0.00203     |
|    jump_landing                   | 0            |
|    jump_success                   | 0            |
|    non_foot_collision             | 0            |
|    posture                        | -0.013       |
|    rapid_source_action_saturation | -0.0124      |
|    source_action_saturation       | -0.0124      |
|    static_contact_course          | 0            |
|    support_gap                    | 0            |
|    torque                         | -0.00182     |
|    true_four_foot_contact         | 0            |
|    zero_velocity                  | 0            |
|    zero_yaw_rate                  | -0.0149      |
| rollout/                          |              |
|    ep_rew_mean                    | 1.59e+03     |
|    true_four_contact_ratio        | 0.0107       |
| termination_reason/               |              |
|    body_contact                   | 0            |
|    controller_done                | 0            |
|    height                         | 0            |
|    joint_limit                    | 0            |
|    none                           | 0            |
|    tilt                           | 0            |
|    time_limit                     | 0            |
|    unknown                        | 0            |
|    unsupported                    | 0            |
|    workspace                      | 0            |
| time/                             |              |
|    fps                            | 275          |
|    iterations                     | 238          |
|    time_elapsed                   | 1767         |
|    total_timesteps                | 487424       |
| train/                            |              |
|    approx_kl                      | 0.0066369837 |
|    clip_fraction                  | 0.0197       |
|    clip_range                     | 0.2          |
|    entropy_loss                   | -9.73        |
|    explained_variance             | 0.931        |
|    loss                           | 262          |
|    n_updates                      | 1185         |
|    policy_gradient_loss           | -0.00521     |
|    std                            | 0.55         |
|    value_loss                     | 479          |
----------------------------------------------------
TRAIN_PROGRESS total_timesteps=487680
TRAIN_PROGRESS total_timesteps=487936
TRAIN_PROGRESS total_timesteps=488192
TRAIN_PROGRESS total_timesteps=488448
TRAIN_PROGRESS total_timesteps=488704
TRAIN_PROGRESS total_timesteps=488960
TRAIN_PROGRESS total_timesteps=489216
TRAIN_PROGRESS total_timesteps=489472
---------------------------------------------------
| rapid/                            |             |
|    action_saturation_rate         | 0.104       |
|    actor_lr                       | 1e-05       |
|    adaptation_lr                  | 0           |
|    critic_lr                      | 0.0001      |
|    source_action_abs_mean         | 0.973       |
|    speed_progress_mean            | 0.945       |
| reward/                           |             |
|    transition_mean                | 1.31        |
| reward_parts/                     |             |
|    action_rate                    | -0.00317    |
|    alive                          | 0.5         |
|    command_displacement_progress  | 0.384       |
|    command_speed_progress         | 0.365       |
|    command_tracking               | -0.0785     |
|    default_pose                   | -0.0527     |
|    distance                       | 0.024       |
|    fall                           | 0           |
|    feet_air_time                  | 0           |
|    finetune_moving_contact        | 0.625       |
|    foot_slip                      | -0.0716     |
|    gait                           | -0.025      |
|    height                         | -0.00159    |
|    horizontal_angular_velocity    | -0.141      |
|    joint_jitter                   | -0.00602    |
|    joint_velocity                 | -0.00226    |
|    jump_landing                   | 0           |
|    jump_success                   | 0           |
|    non_foot_collision             | 0           |
|    posture                        | -0.0164     |
|    rapid_source_action_saturation | -0.0125     |
|    source_action_saturation       | -0.0125     |
|    static_contact_course          | 0           |
|    support_gap                    | -0.15       |
|    torque                         | -0.00239    |
|    true_four_foot_contact         | 0           |
|    zero_velocity                  | -0.00565    |
|    zero_yaw_rate                  | -0.0165     |
| rollout/                          |             |
|    ep_rew_mean                    | 1.89e+03    |
|    true_four_contact_ratio        | 0.0132      |
| termination_reason/               |             |
|    body_contact                   | 0           |
|    controller_done                | 0           |
|    height                         | 0           |
|    joint_limit                    | 0           |
|    none                           | 0           |
|    tilt                           | 0           |
|    time_limit                     | 4           |
|    unknown                        | 0           |
|    unsupported                    | 0           |
|    workspace                      | 0           |
| time/                             |             |
|    fps                            | 275         |
|    iterations                     | 239         |
|    time_elapsed                   | 1777        |
|    total_timesteps                | 489472      |
| train/                            |             |
|    approx_kl                      | 0.009389661 |
|    clip_fraction                  | 0.0443      |
|    clip_range                     | 0.2         |
|    entropy_loss                   | -9.73       |
|    explained_variance             | 0.961       |
|    loss                           | 85.9        |
|    n_updates                      | 1190        |
|    policy_gradient_loss           | -0.00608    |
|    std                            | 0.55        |
|    value_loss                     | 226         |
---------------------------------------------------
TRAIN_PROGRESS total_timesteps=489728
TRAIN_PROGRESS total_timesteps=489984
TRAIN_PROGRESS total_timesteps=490240
TRAIN_PROGRESS total_timesteps=490496
TRAIN_PROGRESS total_timesteps=490752
TRAIN_PROGRESS total_timesteps=491008
TRAIN_PROGRESS total_timesteps=491264
TRAIN_PROGRESS total_timesteps=491520
---------------------------------------------------
| rapid/                            |             |
|    action_saturation_rate         | 0.104       |
|    actor_lr                       | 1e-05       |
|    adaptation_lr                  | 0           |
|    critic_lr                      | 0.0001      |
|    source_action_abs_mean         | 1.11        |
|    speed_progress_mean            | 0.945       |
| reward/                           |             |
|    transition_mean                | 0.616       |
| reward_parts/                     |             |
|    action_rate                    | -0.00353    |
|    alive                          | 0.5         |
|    command_displacement_progress  | 0.484       |
|    command_speed_progress         | 0.666       |
|    command_tracking               | -0.0642     |
|    default_pose                   | -0.0538     |
|    distance                       | 0.0323      |
|    fall                           | 0           |
|    feet_air_time                  | 0           |
|    finetune_moving_contact        | -0.75       |
|    foot_slip                      | -0.0592     |
|    gait                           | 0           |
|    height                         | -0.00194    |
|    horizontal_angular_velocity    | -0.0516     |
|    joint_jitter                   | -0.0109     |
|    joint_velocity                 | -0.00245    |
|    jump_landing                   | 0           |
|    jump_success                   | 0           |
|    non_foot_collision             | 0           |
|    posture                        | -0.0165     |
|    rapid_source_action_saturation | -0.017      |
|    source_action_saturation       | -0.017      |
|    static_contact_course          | 0           |
|    support_gap                    | 0           |
|    torque                         | -0.00238    |
|    true_four_foot_contact         | 0           |
|    zero_velocity                  | 0           |
|    zero_yaw_rate                  | -0.0333     |
| rollout/                          |             |
|    ep_rew_mean                    | 1.28e+03    |
|    true_four_contact_ratio        | 0.0107      |
| termination_reason/               |             |
|    body_contact                   | 0           |
|    controller_done                | 0           |
|    height                         | 0           |
|    joint_limit                    | 0           |
|    none                           | 0           |
|    tilt                           | 0           |
|    time_limit                     | 0           |
|    unknown                        | 0           |
|    unsupported                    | 0           |
|    workspace                      | 0           |
| time/                             |             |
|    fps                            | 274         |
|    iterations                     | 240         |
|    time_elapsed                   | 1789        |
|    total_timesteps                | 491520      |
| train/                            |             |
|    approx_kl                      | 0.008957701 |
|    clip_fraction                  | 0.0357      |
|    clip_range                     | 0.2         |
|    entropy_loss                   | -9.73       |
|    explained_variance             | 0.96        |
|    loss                           | 126         |
|    n_updates                      | 1195        |
|    policy_gradient_loss           | -0.00695    |
|    std                            | 0.55        |
|    value_loss                     | 247         |
---------------------------------------------------
TRAIN_PROGRESS total_timesteps=491776
TRAIN_PROGRESS total_timesteps=492032
TRAIN_PROGRESS total_timesteps=492288
TRAIN_PROGRESS total_timesteps=492544
TRAIN_PROGRESS total_timesteps=492800
TRAIN_PROGRESS total_timesteps=493056
TRAIN_PROGRESS total_timesteps=493312
TRAIN_PROGRESS total_timesteps=493568
---------------------------------------------------
| rapid/                            |             |
|    action_saturation_rate         | 0.146       |
|    actor_lr                       | 1e-05       |
|    adaptation_lr                  | 0           |
|    critic_lr                      | 0.0001      |
|    source_action_abs_mean         | 1.11        |
|    speed_progress_mean            | 0.944       |
| reward/                           |             |
|    transition_mean                | 2.67        |
| reward_parts/                     |             |
|    action_rate                    | -0.00323    |
|    alive                          | 0.5         |
|    command_displacement_progress  | 0.75        |
|    command_speed_progress         | 0.75        |
|    command_tracking               | -0.0826     |
|    default_pose                   | -0.0476     |
|    distance                       | 0.0623      |
|    fall                           | 0           |
|    feet_air_time                  | 0           |
|    finetune_moving_contact        | 1           |
|    foot_slip                      | -0.0536     |
|    gait                           | -0.0125     |
|    height                         | -0.00175    |
|    horizontal_angular_velocity    | -0.0705     |
|    joint_jitter                   | -0.00738    |
|    joint_velocity                 | -0.00181    |
|    jump_landing                   | 0           |
|    jump_success                   | 0           |
|    non_foot_collision             | 0           |
|    posture                        | -0.012      |
|    rapid_source_action_saturation | -0.0152     |
|    source_action_saturation       | -0.0152     |
|    static_contact_course          | 0           |
|    support_gap                    | -0.075      |
|    torque                         | -0.00168    |
|    true_four_foot_contact         | 0           |
|    zero_velocity                  | -0.00236    |
|    zero_yaw_rate                  | -0.0079     |
| rollout/                          |             |
|    ep_rew_mean                    | 1.52e+03    |
|    true_four_contact_ratio        | 0.0112      |
| termination_reason/               |             |
|    body_contact                   | 0           |
|    controller_done                | 0           |
|    height                         | 0           |
|    joint_limit                    | 0           |
|    none                           | 0           |
|    tilt                           | 0           |
|    time_limit                     | 4           |
|    unknown                        | 0           |
|    unsupported                    | 0           |
|    workspace                      | 0           |
| time/                             |             |
|    fps                            | 274         |
|    iterations                     | 241         |
|    time_elapsed                   | 1798        |
|    total_timesteps                | 493568      |
| train/                            |             |
|    approx_kl                      | 0.008991735 |
|    clip_fraction                  | 0.0343      |
|    clip_range                     | 0.2         |
|    entropy_loss                   | -9.73       |
|    explained_variance             | 0.901       |
|    loss                           | 268         |
|    n_updates                      | 1200        |
|    policy_gradient_loss           | -0.00595    |
|    std                            | 0.55        |
|    value_loss                     | 659         |
---------------------------------------------------
TRAIN_PROGRESS total_timesteps=493824
TRAIN_PROGRESS total_timesteps=494080
TRAIN_PROGRESS total_timesteps=494336
TRAIN_PROGRESS total_timesteps=494592
TRAIN_PROGRESS total_timesteps=494848
TRAIN_PROGRESS total_timesteps=495104
TRAIN_PROGRESS total_timesteps=495360
TRAIN_PROGRESS total_timesteps=495616
----------------------------------------------------
| rapid/                            |              |
|    action_saturation_rate         | 0.167        |
|    actor_lr                       | 1e-05        |
|    adaptation_lr                  | 0            |
|    critic_lr                      | 0.0001       |
|    source_action_abs_mean         | 1.14         |
|    speed_progress_mean            | 0.944        |
| reward/                           |              |
|    transition_mean                | 0.562        |
| reward_parts/                     |              |
|    action_rate                    | -0.00344     |
|    alive                          | 0.5          |
|    command_displacement_progress  | -0.0974      |
|    command_speed_progress         | 0            |
|    command_tracking               | -0.073       |
|    default_pose                   | -0.0557      |
|    distance                       | -0.00582     |
|    fall                           | 0            |
|    feet_air_time                  | 0            |
|    finetune_moving_contact        | 0.625        |
|    foot_slip                      | -0.0389      |
|    gait                           | -0.025       |
|    height                         | -0.00248     |
|    horizontal_angular_velocity    | -0.0386      |
|    joint_jitter                   | -0.00506     |
|    joint_velocity                 | -0.00165     |
|    jump_landing                   | 0            |
|    jump_success                   | 0            |
|    non_foot_collision             | 0            |
|    posture                        | -0.0262      |
|    rapid_source_action_saturation | -0.0252      |
|    source_action_saturation       | -0.0252      |
|    static_contact_course          | 0            |
|    support_gap                    | -0.15        |
|    torque                         | -0.00299     |
|    true_four_foot_contact         | 0            |
|    zero_velocity                  | -0.00109     |
|    zero_yaw_rate                  | -0.0102      |
| rollout/                          |              |
|    ep_rew_mean                    | 1.56e+03     |
|    true_four_contact_ratio        | 0.00879      |
| termination_reason/               |              |
|    body_contact                   | 0            |
|    controller_done                | 0            |
|    height                         | 0            |
|    joint_limit                    | 0            |
|    none                           | 0            |
|    tilt                           | 0            |
|    time_limit                     | 0            |
|    unknown                        | 0            |
|    unsupported                    | 0            |
|    workspace                      | 0            |
| time/                             |              |
|    fps                            | 274          |
|    iterations                     | 242          |
|    time_elapsed                   | 1806         |
|    total_timesteps                | 495616       |
| train/                            |              |
|    approx_kl                      | 0.0076918043 |
|    clip_fraction                  | 0.035        |
|    clip_range                     | 0.2          |
|    entropy_loss                   | -9.73        |
|    explained_variance             | 0.946        |
|    loss                           | 197          |
|    n_updates                      | 1205         |
|    policy_gradient_loss           | -0.00717     |
|    std                            | 0.55         |
|    value_loss                     | 402          |
----------------------------------------------------
TRAIN_PROGRESS total_timesteps=495872
TRAIN_PROGRESS total_timesteps=496128
TRAIN_PROGRESS total_timesteps=496384
TRAIN_PROGRESS total_timesteps=496640
TRAIN_PROGRESS total_timesteps=496896
TRAIN_PROGRESS total_timesteps=497152
TRAIN_PROGRESS total_timesteps=497408
TRAIN_PROGRESS total_timesteps=497664
--------------------------------------------------
| rapid/                            |            |
|    action_saturation_rate         | 0.146      |
|    actor_lr                       | 1e-05      |
|    adaptation_lr                  | 0          |
|    critic_lr                      | 0.0001     |
|    source_action_abs_mean         | 1.12       |
|    speed_progress_mean            | 0.944      |
| reward/                           |            |
|    transition_mean                | 2.76       |
| reward_parts/                     |            |
|    action_rate                    | -0.00376   |
|    alive                          | 0.5        |
|    command_displacement_progress  | 0.782      |
|    command_speed_progress         | 0.784      |
|    command_tracking               | -0.0547    |
|    default_pose                   | -0.0608    |
|    distance                       | 0.0524     |
|    fall                           | 0          |
|    feet_air_time                  | 0          |
|    finetune_moving_contact        | 1          |
|    foot_slip                      | -0.0512    |
|    gait                           | -0.0125    |
|    height                         | -0.00221   |
|    horizontal_angular_velocity    | -0.038     |
|    joint_jitter                   | -0.00829   |
|    joint_velocity                 | -0.00156   |
|    jump_landing                   | 0          |
|    jump_success                   | 0          |
|    non_foot_collision             | 0          |
|    posture                        | -0.0207    |
|    rapid_source_action_saturation | -0.0119    |
|    source_action_saturation       | -0.0119    |
|    static_contact_course          | 0          |
|    support_gap                    | -0.075     |
|    torque                         | -0.00129   |
|    true_four_foot_contact         | 0          |
|    zero_velocity                  | -0.000283  |
|    zero_yaw_rate                  | -0.0143    |
| rollout/                          |            |
|    ep_rew_mean                    | 1.62e+03   |
|    true_four_contact_ratio        | 0.0103     |
| termination_reason/               |            |
|    body_contact                   | 0          |
|    controller_done                | 0          |
|    height                         | 0          |
|    joint_limit                    | 0          |
|    none                           | 0          |
|    tilt                           | 0          |
|    time_limit                     | 4          |
|    unknown                        | 0          |
|    unsupported                    | 0          |
|    workspace                      | 0          |
| time/                             |            |
|    fps                            | 274        |
|    iterations                     | 243        |
|    time_elapsed                   | 1814       |
|    total_timesteps                | 497664     |
| train/                            |            |
|    approx_kl                      | 0.00815583 |
|    clip_fraction                  | 0.038      |
|    clip_range                     | 0.2        |
|    entropy_loss                   | -9.73      |
|    explained_variance             | 0.902      |
|    loss                           | 347        |
|    n_updates                      | 1210       |
|    policy_gradient_loss           | -0.0075    |
|    std                            | 0.55       |
|    value_loss                     | 634        |
--------------------------------------------------
TRAIN_PROGRESS total_timesteps=497920
TRAIN_PROGRESS total_timesteps=498176
TRAIN_PROGRESS total_timesteps=498432
TRAIN_PROGRESS total_timesteps=498688
TRAIN_PROGRESS total_timesteps=498944
TRAIN_PROGRESS total_timesteps=499200
TRAIN_PROGRESS total_timesteps=499456
TRAIN_PROGRESS total_timesteps=499712
--------------------------------------------------
| rapid/                            |            |
|    action_saturation_rate         | 0.208      |
|    actor_lr                       | 1e-05      |
|    adaptation_lr                  | 0          |
|    critic_lr                      | 0.0001     |
|    source_action_abs_mean         | 1.3        |
|    speed_progress_mean            | 0.943      |
| reward/                           |            |
|    transition_mean                | 0.654      |
| reward_parts/                     |            |
|    action_rate                    | -0.00342   |
|    alive                          | 0.5        |
|    command_displacement_progress  | -0.0362    |
|    command_speed_progress         | 0          |
|    command_tracking               | -0.0691    |
|    default_pose                   | -0.0549    |
|    distance                       | -0.00229   |
|    fall                           | 0          |
|    feet_air_time                  | 0          |
|    finetune_moving_contact        | 0.625      |
|    foot_slip                      | -0.0339    |
|    gait                           | -0.025     |
|    height                         | -0.00308   |
|    horizontal_angular_velocity    | -0.0503    |
|    joint_jitter                   | -0.00704   |
|    joint_velocity                 | -0.00145   |
|    jump_landing                   | 0          |
|    jump_success                   | 0          |
|    non_foot_collision             | 0          |
|    posture                        | -0.0231    |
|    rapid_source_action_saturation | -0.0405    |
|    source_action_saturation       | -0.0405    |
|    static_contact_course          | 0          |
|    support_gap                    | -0.112     |
|    torque                         | -0.00307   |
|    true_four_foot_contact         | 0          |
|    zero_velocity                  | -0.0021    |
|    zero_yaw_rate                  | -0.0034    |
| rollout/                          |            |
|    ep_rew_mean                    | 1.09e+03   |
|    true_four_contact_ratio        | 0.0122     |
| termination_reason/               |            |
|    body_contact                   | 0          |
|    controller_done                | 0          |
|    height                         | 0          |
|    joint_limit                    | 0          |
|    none                           | 0          |
|    tilt                           | 0          |
|    time_limit                     | 0          |
|    unknown                        | 0          |
|    unsupported                    | 0          |
|    workspace                      | 0          |
| time/                             |            |
|    fps                            | 274        |
|    iterations                     | 244        |
|    time_elapsed                   | 1822       |
|    total_timesteps                | 499712     |
| train/                            |            |
|    approx_kl                      | 0.00471454 |
|    clip_fraction                  | 0.0126     |
|    clip_range                     | 0.2        |
|    entropy_loss                   | -9.73      |
|    explained_variance             | 0.921      |
|    loss                           | 284        |
|    n_updates                      | 1215       |
|    policy_gradient_loss           | -0.00587   |
|    std                            | 0.55       |
|    value_loss                     | 535        |
--------------------------------------------------
TRAIN_PROGRESS total_timesteps=499968
CHECKPOINT /run/media/pma213x/0C6A8CC86A8CAFCE/Ubuntu2/CodeU/Dog1/official-mini-cheetah/checkpoints/official_mini_cheetah_flat_jump_v1_r3/rapid_finetune_500k_20261006/official_mini_cheetah_flat_jump_v1_r3_500000_steps.zip
TRAIN_TARGET_REACHED total_timesteps=500000
TRAIN_COMPLETED final=/run/media/pma213x/0C6A8CC86A8CAFCE/Ubuntu2/CodeU/Dog1/official-mini-cheetah/checkpoints/official_mini_cheetah_flat_jump_v1_r3/rapid_finetune_500k_20261006/official_mini_cheetah_flat_jump_v1_r3_final.zip steps=500000
