[2026-10-04T18:57:37+0800] P1 连续 Gate 批次结果=[True, False, True]
[2026-10-04T23:15:00+0800] R3 新训练断点 steps=0
[2026-10-04T23:15:00+0800] P0 启动：/usr/bin/python3 -m rl.train --phase P0 --total-steps 10000 --device cuda --ckptdir /run/media/pma213x/0C6A8CC86A8CAFCE/Ubuntu2/CodeU/Dog1/official-mini-cheetah/checkpoints/official_mini_cheetah_flat_jump_v1_r3 --ckpt-prefix official_mini_cheetah_flat_jump_v1_r3 --logdir /run/media/pma213x/0C6A8CC86A8CAFCE/Ubuntu2/CodeU/Dog1/official-mini-cheetah/runs/official_mini_cheetah_flat_jump_v1_r3/P0_parallel --bridge-port 11452 --num-envs 4 --checkpoint-interval 20000 --randomization-mode fixed --webots-gui --seed 20261003
[2026-10-04T23:15:04+0800] P0 四 worker 实时健康确认通过
[2026-10-04T23:16:15+0800] P0 验收命令：/usr/bin/python3 -m rl.evaluate --phase P0 --gate --checkpoint /run/media/pma213x/0C6A8CC86A8CAFCE/Ubuntu2/CodeU/Dog1/official-mini-cheetah/checkpoints/official_mini_cheetah_flat_jump_v1_r3/official_mini_cheetah_flat_jump_v1_r3_final.zip --output /run/media/pma213x/0C6A8CC86A8CAFCE/Ubuntu2/CodeU/Dog1/official-mini-cheetah/logs/official_mini_cheetah_flat_jump_v1_r3/P0_gate_attempt_0.json
[2026-10-04T23:16:38+0800] 失败即停：P0 gate 技术故障，退出码=1，无有效报告
[2026-10-04T23:37:21+0800] P1 连续 Gate 批次结果=[True, False, True]
[2026-10-04T23:37:49+0800] P1 连续 Gate 批次结果=[True, False, True]
[2026-10-05T00:02:23+0800] P1 连续 Gate 批次结果=[True, False, True]
[2026-10-05T00:02:42+0800] P1 连续 Gate 批次结果=[True, False, True]
[2026-10-05T00:03:29+0800] R3 新训练断点 steps=10000
[2026-10-05T00:03:29+0800] P0 验收命令：/usr/bin/python3 -m rl.evaluate --phase P0 --gate --checkpoint /run/media/pma213x/0C6A8CC86A8CAFCE/Ubuntu2/CodeU/Dog1/official-mini-cheetah/checkpoints/official_mini_cheetah_flat_jump_v1_r3/official_mini_cheetah_flat_jump_v1_r3_final.zip --output /run/media/pma213x/0C6A8CC86A8CAFCE/Ubuntu2/CodeU/Dog1/official-mini-cheetah/logs/official_mini_cheetah_flat_jump_v1_r3/P0_gate_attempt_0.json
[2026-10-05T00:03:34+0800] P0 验收未通过，report.passed=false
[2026-10-05T00:03:34+0800] P0 验收命令：/usr/bin/python3 -m rl.evaluate --phase P0 --gate --checkpoint /run/media/pma213x/0C6A8CC86A8CAFCE/Ubuntu2/CodeU/Dog1/official-mini-cheetah/checkpoints/official_mini_cheetah_flat_jump_v1_r3/official_mini_cheetah_flat_jump_v1_r3_final.zip --output /run/media/pma213x/0C6A8CC86A8CAFCE/Ubuntu2/CodeU/Dog1/official-mini-cheetah/logs/official_mini_cheetah_flat_jump_v1_r3/P0_gate_attempt_1.json
[2026-10-05T00:03:39+0800] P0 验收未通过，report.passed=false
[2026-10-05T00:03:40+0800] P0 验收命令：/usr/bin/python3 -m rl.evaluate --phase P0 --gate --checkpoint /run/media/pma213x/0C6A8CC86A8CAFCE/Ubuntu2/CodeU/Dog1/official-mini-cheetah/checkpoints/official_mini_cheetah_flat_jump_v1_r3/official_mini_cheetah_flat_jump_v1_r3_final.zip --output /run/media/pma213x/0C6A8CC86A8CAFCE/Ubuntu2/CodeU/Dog1/official-mini-cheetah/logs/official_mini_cheetah_flat_jump_v1_r3/P0_gate_attempt_2.json
[2026-10-05T00:03:45+0800] P0 验收未通过，report.passed=false
[2026-10-05T00:03:45+0800] P0 连续 Gate 批次结果=[False, False, False]
[2026-10-05T00:03:45+0800] 失败即停：P0 Gate 在预算 10000 处失败，按计划停止
[2026-10-05T00:36:39+0800] P1 连续 Gate 批次结果=[True, False, True]
[2026-10-05T00:38:41+0800] P1 连续 Gate 批次结果=[True, False, True]
[2026-10-05T00:39:35+0800] P1 连续 Gate 批次结果=[True, False, True]
[2026-10-05T00:41:41+0800] P1 连续 Gate 批次结果=[True, False, True]
[2026-10-05T00:53:31+0800] P1 连续 Gate 批次结果=[True, False, True]
[2026-10-05T00:57:30+0800] P1 连续 Gate 批次结果=[True, False, True]
[2026-10-05T00:59:45+0800] R3 新训练断点 steps=0 restart_p0_from_zero=True
[2026-10-05T00:59:45+0800] P0 启动：/usr/bin/python3 -m rl.train --phase P0 --total-steps 10000 --device cuda --ckptdir /run/media/pma213x/0C6A8CC86A8CAFCE/Ubuntu2/CodeU/Dog1/official-mini-cheetah/checkpoints/official_mini_cheetah_flat_jump_v1_r3 --ckpt-prefix official_mini_cheetah_flat_jump_v1_r3 --logdir /run/media/pma213x/0C6A8CC86A8CAFCE/Ubuntu2/CodeU/Dog1/official-mini-cheetah/runs/official_mini_cheetah_flat_jump_v1_r3/P0_parallel --bridge-port 11452 --num-envs 4 --checkpoint-interval 20000 --randomization-mode fixed --webots-gui --seed 20261003
[2026-10-05T00:59:49+0800] P0 四 worker 实时健康确认通过
[2026-10-05T01:01:40+0800] 失败即停：P0 训练退出码=1
[2026-10-05T01:09:01+0800] P1 连续 Gate 批次结果=[True, False, True]
[2026-10-05T01:10:05+0800] R3 新训练断点 steps=0 restart_p0_from_zero=True
[2026-10-05T01:10:05+0800] P0 启动：/usr/bin/python3 -m rl.train --phase P0 --total-steps 10000 --device cuda --ckptdir /run/media/pma213x/0C6A8CC86A8CAFCE/Ubuntu2/CodeU/Dog1/official-mini-cheetah/checkpoints/official_mini_cheetah_flat_jump_v1_r3 --ckpt-prefix official_mini_cheetah_flat_jump_v1_r3 --logdir /run/media/pma213x/0C6A8CC86A8CAFCE/Ubuntu2/CodeU/Dog1/official-mini-cheetah/runs/official_mini_cheetah_flat_jump_v1_r3/P0_parallel --bridge-port 11452 --num-envs 4 --checkpoint-interval 20000 --randomization-mode fixed --seed 20261003
[2026-10-05T01:10:09+0800] P0 四 worker 实时健康确认通过
[2026-10-05T01:13:15+0800] 失败即停：P0 训练退出码=1
[2026-10-05T01:15:54+0800] P1 连续 Gate 批次结果=[True, False, True]
[2026-10-05T01:17:36+0800] R3 新训练断点 steps=0 restart_p0_from_zero=True
[2026-10-05T01:17:36+0800] P0 启动：/usr/bin/python3 -m rl.train --phase P0 --total-steps 10000 --device cuda --ckptdir /run/media/pma213x/0C6A8CC86A8CAFCE/Ubuntu2/CodeU/Dog1/official-mini-cheetah/checkpoints/official_mini_cheetah_flat_jump_v1_r3 --ckpt-prefix official_mini_cheetah_flat_jump_v1_r3 --logdir /run/media/pma213x/0C6A8CC86A8CAFCE/Ubuntu2/CodeU/Dog1/official-mini-cheetah/runs/official_mini_cheetah_flat_jump_v1_r3/P0_parallel --bridge-port 11452 --num-envs 4 --checkpoint-interval 20000 --randomization-mode fixed --seed 20261003
[2026-10-05T01:17:42+0800] P0 四 worker 实时健康确认通过
[2026-10-05T01:18:09+0800] P0 验收命令：/usr/bin/python3 -m rl.evaluate --phase P0 --gate --checkpoint /run/media/pma213x/0C6A8CC86A8CAFCE/Ubuntu2/CodeU/Dog1/official-mini-cheetah/checkpoints/official_mini_cheetah_flat_jump_v1_r3/official_mini_cheetah_flat_jump_v1_r3_final.zip --output /run/media/pma213x/0C6A8CC86A8CAFCE/Ubuntu2/CodeU/Dog1/official-mini-cheetah/logs/official_mini_cheetah_flat_jump_v1_r3/P0_gate_attempt_0.json
[2026-10-05T01:18:18+0800] P0 验收通过
[2026-10-05T01:18:18+0800] P0 验收命令：/usr/bin/python3 -m rl.evaluate --phase P0 --gate --checkpoint /run/media/pma213x/0C6A8CC86A8CAFCE/Ubuntu2/CodeU/Dog1/official-mini-cheetah/checkpoints/official_mini_cheetah_flat_jump_v1_r3/official_mini_cheetah_flat_jump_v1_r3_final.zip --output /run/media/pma213x/0C6A8CC86A8CAFCE/Ubuntu2/CodeU/Dog1/official-mini-cheetah/logs/official_mini_cheetah_flat_jump_v1_r3/P0_gate_attempt_1.json
[2026-10-05T01:18:28+0800] P0 验收通过
[2026-10-05T01:18:28+0800] P0 验收命令：/usr/bin/python3 -m rl.evaluate --phase P0 --gate --checkpoint /run/media/pma213x/0C6A8CC86A8CAFCE/Ubuntu2/CodeU/Dog1/official-mini-cheetah/checkpoints/official_mini_cheetah_flat_jump_v1_r3/official_mini_cheetah_flat_jump_v1_r3_final.zip --output /run/media/pma213x/0C6A8CC86A8CAFCE/Ubuntu2/CodeU/Dog1/official-mini-cheetah/logs/official_mini_cheetah_flat_jump_v1_r3/P0_gate_attempt_2.json
[2026-10-05T01:18:38+0800] P0 验收通过
[2026-10-05T01:18:38+0800] P0 gate 后健康确认通过
[2026-10-05T01:18:38+0800] P1 启动：/usr/bin/python3 -m rl.train --phase P1 --total-steps 20000 --device cuda --ckptdir /run/media/pma213x/0C6A8CC86A8CAFCE/Ubuntu2/CodeU/Dog1/official-mini-cheetah/checkpoints/official_mini_cheetah_flat_jump_v1_r3 --ckpt-prefix official_mini_cheetah_flat_jump_v1_r3 --logdir /run/media/pma213x/0C6A8CC86A8CAFCE/Ubuntu2/CodeU/Dog1/official-mini-cheetah/runs/official_mini_cheetah_flat_jump_v1_r3/P1_parallel --bridge-port 11452 --num-envs 4 --checkpoint-interval 20000 --randomization-mode fixed --seed 20261003 --resume /run/media/pma213x/0C6A8CC86A8CAFCE/Ubuntu2/CodeU/Dog1/official-mini-cheetah/checkpoints/official_mini_cheetah_flat_jump_v1_r3/official_mini_cheetah_flat_jump_v1_r3_final.zip
[2026-10-05T01:18:45+0800] P1 四 worker 实时健康确认通过
[2026-10-05T01:19:05+0800] P1 启动：/usr/bin/python3 -m rl.train --phase P1 --total-steps 30000 --device cuda --ckptdir /run/media/pma213x/0C6A8CC86A8CAFCE/Ubuntu2/CodeU/Dog1/official-mini-cheetah/checkpoints/official_mini_cheetah_flat_jump_v1_r3 --ckpt-prefix official_mini_cheetah_flat_jump_v1_r3 --logdir /run/media/pma213x/0C6A8CC86A8CAFCE/Ubuntu2/CodeU/Dog1/official-mini-cheetah/runs/official_mini_cheetah_flat_jump_v1_r3/P1_parallel --bridge-port 11452 --num-envs 4 --checkpoint-interval 20000 --randomization-mode fixed --seed 20261003 --resume /run/media/pma213x/0C6A8CC86A8CAFCE/Ubuntu2/CodeU/Dog1/official-mini-cheetah/checkpoints/official_mini_cheetah_flat_jump_v1_r3/official_mini_cheetah_flat_jump_v1_r3_final.zip
[2026-10-05T01:19:12+0800] P1 四 worker 实时健康确认通过
[2026-10-05T01:19:30+0800] P1 启动：/usr/bin/python3 -m rl.train --phase P1 --total-steps 40000 --device cuda --ckptdir /run/media/pma213x/0C6A8CC86A8CAFCE/Ubuntu2/CodeU/Dog1/official-mini-cheetah/checkpoints/official_mini_cheetah_flat_jump_v1_r3 --ckpt-prefix official_mini_cheetah_flat_jump_v1_r3 --logdir /run/media/pma213x/0C6A8CC86A8CAFCE/Ubuntu2/CodeU/Dog1/official-mini-cheetah/runs/official_mini_cheetah_flat_jump_v1_r3/P1_parallel --bridge-port 11452 --num-envs 4 --checkpoint-interval 20000 --randomization-mode fixed --seed 20261003 --resume /run/media/pma213x/0C6A8CC86A8CAFCE/Ubuntu2/CodeU/Dog1/official-mini-cheetah/checkpoints/official_mini_cheetah_flat_jump_v1_r3/official_mini_cheetah_flat_jump_v1_r3_final.zip
[2026-10-05T01:19:37+0800] P1 四 worker 实时健康确认通过
[2026-10-05T01:19:57+0800] P1 启动：/usr/bin/python3 -m rl.train --phase P1 --total-steps 50000 --device cuda --ckptdir /run/media/pma213x/0C6A8CC86A8CAFCE/Ubuntu2/CodeU/Dog1/official-mini-cheetah/checkpoints/official_mini_cheetah_flat_jump_v1_r3 --ckpt-prefix official_mini_cheetah_flat_jump_v1_r3 --logdir /run/media/pma213x/0C6A8CC86A8CAFCE/Ubuntu2/CodeU/Dog1/official-mini-cheetah/runs/official_mini_cheetah_flat_jump_v1_r3/P1_parallel --bridge-port 11452 --num-envs 4 --checkpoint-interval 20000 --randomization-mode fixed --seed 20261003 --resume /run/media/pma213x/0C6A8CC86A8CAFCE/Ubuntu2/CodeU/Dog1/official-mini-cheetah/checkpoints/official_mini_cheetah_flat_jump_v1_r3/official_mini_cheetah_flat_jump_v1_r3_final.zip
[2026-10-05T01:20:03+0800] P1 四 worker 实时健康确认通过
[2026-10-05T01:20:23+0800] P1 启动：/usr/bin/python3 -m rl.train --phase P1 --total-steps 60000 --device cuda --ckptdir /run/media/pma213x/0C6A8CC86A8CAFCE/Ubuntu2/CodeU/Dog1/official-mini-cheetah/checkpoints/official_mini_cheetah_flat_jump_v1_r3 --ckpt-prefix official_mini_cheetah_flat_jump_v1_r3 --logdir /run/media/pma213x/0C6A8CC86A8CAFCE/Ubuntu2/CodeU/Dog1/official-mini-cheetah/runs/official_mini_cheetah_flat_jump_v1_r3/P1_parallel --bridge-port 11452 --num-envs 4 --checkpoint-interval 20000 --randomization-mode fixed --seed 20261003 --resume /run/media/pma213x/0C6A8CC86A8CAFCE/Ubuntu2/CodeU/Dog1/official-mini-cheetah/checkpoints/official_mini_cheetah_flat_jump_v1_r3/official_mini_cheetah_flat_jump_v1_r3_final.zip
[2026-10-05T01:20:29+0800] P1 四 worker 实时健康确认通过
[2026-10-05T01:20:48+0800] P1 启动：/usr/bin/python3 -m rl.train --phase P1 --total-steps 70000 --device cuda --ckptdir /run/media/pma213x/0C6A8CC86A8CAFCE/Ubuntu2/CodeU/Dog1/official-mini-cheetah/checkpoints/official_mini_cheetah_flat_jump_v1_r3 --ckpt-prefix official_mini_cheetah_flat_jump_v1_r3 --logdir /run/media/pma213x/0C6A8CC86A8CAFCE/Ubuntu2/CodeU/Dog1/official-mini-cheetah/runs/official_mini_cheetah_flat_jump_v1_r3/P1_parallel --bridge-port 11452 --num-envs 4 --checkpoint-interval 20000 --randomization-mode fixed --seed 20261003 --resume /run/media/pma213x/0C6A8CC86A8CAFCE/Ubuntu2/CodeU/Dog1/official-mini-cheetah/checkpoints/official_mini_cheetah_flat_jump_v1_r3/official_mini_cheetah_flat_jump_v1_r3_final.zip
[2026-10-05T01:20:55+0800] P1 四 worker 实时健康确认通过
[2026-10-05T01:21:19+0800] P1 启动：/usr/bin/python3 -m rl.train --phase P1 --total-steps 80000 --device cuda --ckptdir /run/media/pma213x/0C6A8CC86A8CAFCE/Ubuntu2/CodeU/Dog1/official-mini-cheetah/checkpoints/official_mini_cheetah_flat_jump_v1_r3 --ckpt-prefix official_mini_cheetah_flat_jump_v1_r3 --logdir /run/media/pma213x/0C6A8CC86A8CAFCE/Ubuntu2/CodeU/Dog1/official-mini-cheetah/runs/official_mini_cheetah_flat_jump_v1_r3/P1_parallel --bridge-port 11452 --num-envs 4 --checkpoint-interval 20000 --randomization-mode fixed --seed 20261003 --resume /run/media/pma213x/0C6A8CC86A8CAFCE/Ubuntu2/CodeU/Dog1/official-mini-cheetah/checkpoints/official_mini_cheetah_flat_jump_v1_r3/official_mini_cheetah_flat_jump_v1_r3_final.zip
[2026-10-05T01:21:26+0800] P1 四 worker 实时健康确认通过
[2026-10-05T01:21:44+0800] P1 启动：/usr/bin/python3 -m rl.train --phase P1 --total-steps 90000 --device cuda --ckptdir /run/media/pma213x/0C6A8CC86A8CAFCE/Ubuntu2/CodeU/Dog1/official-mini-cheetah/checkpoints/official_mini_cheetah_flat_jump_v1_r3 --ckpt-prefix official_mini_cheetah_flat_jump_v1_r3 --logdir /run/media/pma213x/0C6A8CC86A8CAFCE/Ubuntu2/CodeU/Dog1/official-mini-cheetah/runs/official_mini_cheetah_flat_jump_v1_r3/P1_parallel --bridge-port 11452 --num-envs 4 --checkpoint-interval 20000 --randomization-mode fixed --seed 20261003 --resume /run/media/pma213x/0C6A8CC86A8CAFCE/Ubuntu2/CodeU/Dog1/official-mini-cheetah/checkpoints/official_mini_cheetah_flat_jump_v1_r3/official_mini_cheetah_flat_jump_v1_r3_final.zip
[2026-10-05T01:21:51+0800] P1 四 worker 实时健康确认通过
[2026-10-05T01:22:09+0800] P1 启动：/usr/bin/python3 -m rl.train --phase P1 --total-steps 100000 --device cuda --ckptdir /run/media/pma213x/0C6A8CC86A8CAFCE/Ubuntu2/CodeU/Dog1/official-mini-cheetah/checkpoints/official_mini_cheetah_flat_jump_v1_r3 --ckpt-prefix official_mini_cheetah_flat_jump_v1_r3 --logdir /run/media/pma213x/0C6A8CC86A8CAFCE/Ubuntu2/CodeU/Dog1/official-mini-cheetah/runs/official_mini_cheetah_flat_jump_v1_r3/P1_parallel --bridge-port 11452 --num-envs 4 --checkpoint-interval 20000 --randomization-mode fixed --seed 20261003 --resume /run/media/pma213x/0C6A8CC86A8CAFCE/Ubuntu2/CodeU/Dog1/official-mini-cheetah/checkpoints/official_mini_cheetah_flat_jump_v1_r3/official_mini_cheetah_flat_jump_v1_r3_final.zip
[2026-10-05T01:22:15+0800] P1 四 worker 实时健康确认通过
[2026-10-05T01:22:34+0800] P1 启动：/usr/bin/python3 -m rl.train --phase P1 --total-steps 110000 --device cuda --ckptdir /run/media/pma213x/0C6A8CC86A8CAFCE/Ubuntu2/CodeU/Dog1/official-mini-cheetah/checkpoints/official_mini_cheetah_flat_jump_v1_r3 --ckpt-prefix official_mini_cheetah_flat_jump_v1_r3 --logdir /run/media/pma213x/0C6A8CC86A8CAFCE/Ubuntu2/CodeU/Dog1/official-mini-cheetah/runs/official_mini_cheetah_flat_jump_v1_r3/P1_parallel --bridge-port 11452 --num-envs 4 --checkpoint-interval 20000 --randomization-mode fixed --seed 20261003 --resume /run/media/pma213x/0C6A8CC86A8CAFCE/Ubuntu2/CodeU/Dog1/official-mini-cheetah/checkpoints/official_mini_cheetah_flat_jump_v1_r3/official_mini_cheetah_flat_jump_v1_r3_final.zip
[2026-10-05T01:22:40+0800] P1 四 worker 实时健康确认通过
[2026-10-05T01:23:05+0800] P1 验收命令：/usr/bin/python3 -m rl.evaluate --phase P1 --gate --checkpoint /run/media/pma213x/0C6A8CC86A8CAFCE/Ubuntu2/CodeU/Dog1/official-mini-cheetah/checkpoints/official_mini_cheetah_flat_jump_v1_r3/official_mini_cheetah_flat_jump_v1_r3_final.zip --output /run/media/pma213x/0C6A8CC86A8CAFCE/Ubuntu2/CodeU/Dog1/official-mini-cheetah/logs/official_mini_cheetah_flat_jump_v1_r3/P1_gate_attempt_0.json
[2026-10-05T01:23:36+0800] P1 验收未通过，report.passed=false
[2026-10-05T01:23:37+0800] P1 验收命令：/usr/bin/python3 -m rl.evaluate --phase P1 --gate --checkpoint /run/media/pma213x/0C6A8CC86A8CAFCE/Ubuntu2/CodeU/Dog1/official-mini-cheetah/checkpoints/official_mini_cheetah_flat_jump_v1_r3/official_mini_cheetah_flat_jump_v1_r3_final.zip --output /run/media/pma213x/0C6A8CC86A8CAFCE/Ubuntu2/CodeU/Dog1/official-mini-cheetah/logs/official_mini_cheetah_flat_jump_v1_r3/P1_gate_attempt_1.json
[2026-10-05T01:24:07+0800] P1 验收未通过，report.passed=false
[2026-10-05T01:24:07+0800] P1 验收命令：/usr/bin/python3 -m rl.evaluate --phase P1 --gate --checkpoint /run/media/pma213x/0C6A8CC86A8CAFCE/Ubuntu2/CodeU/Dog1/official-mini-cheetah/checkpoints/official_mini_cheetah_flat_jump_v1_r3/official_mini_cheetah_flat_jump_v1_r3_final.zip --output /run/media/pma213x/0C6A8CC86A8CAFCE/Ubuntu2/CodeU/Dog1/official-mini-cheetah/logs/official_mini_cheetah_flat_jump_v1_r3/P1_gate_attempt_2.json
[2026-10-05T01:24:37+0800] P1 验收未通过，report.passed=false
[2026-10-05T01:24:37+0800] P1 连续 Gate 批次结果=[False, False, False]
[2026-10-05T01:24:37+0800] P1 启动：/usr/bin/python3 -m rl.train --phase P1 --total-steps 120000 --device cuda --ckptdir /run/media/pma213x/0C6A8CC86A8CAFCE/Ubuntu2/CodeU/Dog1/official-mini-cheetah/checkpoints/official_mini_cheetah_flat_jump_v1_r3 --ckpt-prefix official_mini_cheetah_flat_jump_v1_r3 --logdir /run/media/pma213x/0C6A8CC86A8CAFCE/Ubuntu2/CodeU/Dog1/official-mini-cheetah/runs/official_mini_cheetah_flat_jump_v1_r3/P1_parallel --bridge-port 11452 --num-envs 4 --checkpoint-interval 20000 --randomization-mode fixed --seed 20261003 --resume /run/media/pma213x/0C6A8CC86A8CAFCE/Ubuntu2/CodeU/Dog1/official-mini-cheetah/checkpoints/official_mini_cheetah_flat_jump_v1_r3/official_mini_cheetah_flat_jump_v1_r3_final.zip
[2026-10-05T01:24:43+0800] P1 四 worker 实时健康确认通过
[2026-10-05T01:25:02+0800] P1 验收命令：/usr/bin/python3 -m rl.evaluate --phase P1 --gate --checkpoint /run/media/pma213x/0C6A8CC86A8CAFCE/Ubuntu2/CodeU/Dog1/official-mini-cheetah/checkpoints/official_mini_cheetah_flat_jump_v1_r3/official_mini_cheetah_flat_jump_v1_r3_final.zip --output /run/media/pma213x/0C6A8CC86A8CAFCE/Ubuntu2/CodeU/Dog1/official-mini-cheetah/logs/official_mini_cheetah_flat_jump_v1_r3/P1_gate_attempt_0.json
[2026-10-05T01:25:33+0800] P1 验收未通过，report.passed=false
[2026-10-05T01:25:33+0800] P1 验收命令：/usr/bin/python3 -m rl.evaluate --phase P1 --gate --checkpoint /run/media/pma213x/0C6A8CC86A8CAFCE/Ubuntu2/CodeU/Dog1/official-mini-cheetah/checkpoints/official_mini_cheetah_flat_jump_v1_r3/official_mini_cheetah_flat_jump_v1_r3_final.zip --output /run/media/pma213x/0C6A8CC86A8CAFCE/Ubuntu2/CodeU/Dog1/official-mini-cheetah/logs/official_mini_cheetah_flat_jump_v1_r3/P1_gate_attempt_1.json
[2026-10-05T01:26:03+0800] P1 验收未通过，report.passed=false
[2026-10-05T01:26:03+0800] P1 验收命令：/usr/bin/python3 -m rl.evaluate --phase P1 --gate --checkpoint /run/media/pma213x/0C6A8CC86A8CAFCE/Ubuntu2/CodeU/Dog1/official-mini-cheetah/checkpoints/official_mini_cheetah_flat_jump_v1_r3/official_mini_cheetah_flat_jump_v1_r3_final.zip --output /run/media/pma213x/0C6A8CC86A8CAFCE/Ubuntu2/CodeU/Dog1/official-mini-cheetah/logs/official_mini_cheetah_flat_jump_v1_r3/P1_gate_attempt_2.json
[2026-10-05T01:26:33+0800] P1 验收未通过，report.passed=false
[2026-10-05T01:26:33+0800] P1 连续 Gate 批次结果=[False, False, False]
[2026-10-05T01:26:33+0800] P1 启动：/usr/bin/python3 -m rl.train --phase P1 --total-steps 130000 --device cuda --ckptdir /run/media/pma213x/0C6A8CC86A8CAFCE/Ubuntu2/CodeU/Dog1/official-mini-cheetah/checkpoints/official_mini_cheetah_flat_jump_v1_r3 --ckpt-prefix official_mini_cheetah_flat_jump_v1_r3 --logdir /run/media/pma213x/0C6A8CC86A8CAFCE/Ubuntu2/CodeU/Dog1/official-mini-cheetah/runs/official_mini_cheetah_flat_jump_v1_r3/P1_parallel --bridge-port 11452 --num-envs 4 --checkpoint-interval 20000 --randomization-mode fixed --seed 20261003 --resume /run/media/pma213x/0C6A8CC86A8CAFCE/Ubuntu2/CodeU/Dog1/official-mini-cheetah/checkpoints/official_mini_cheetah_flat_jump_v1_r3/official_mini_cheetah_flat_jump_v1_r3_final.zip
[2026-10-05T01:26:39+0800] P1 四 worker 实时健康确认通过
[2026-10-05T01:26:58+0800] P1 验收命令：/usr/bin/python3 -m rl.evaluate --phase P1 --gate --checkpoint /run/media/pma213x/0C6A8CC86A8CAFCE/Ubuntu2/CodeU/Dog1/official-mini-cheetah/checkpoints/official_mini_cheetah_flat_jump_v1_r3/official_mini_cheetah_flat_jump_v1_r3_final.zip --output /run/media/pma213x/0C6A8CC86A8CAFCE/Ubuntu2/CodeU/Dog1/official-mini-cheetah/logs/official_mini_cheetah_flat_jump_v1_r3/P1_gate_attempt_0.json
[2026-10-05T01:27:46+0800] P1 验收未通过，report.passed=false
[2026-10-05T01:27:46+0800] P1 验收命令：/usr/bin/python3 -m rl.evaluate --phase P1 --gate --checkpoint /run/media/pma213x/0C6A8CC86A8CAFCE/Ubuntu2/CodeU/Dog1/official-mini-cheetah/checkpoints/official_mini_cheetah_flat_jump_v1_r3/official_mini_cheetah_flat_jump_v1_r3_final.zip --output /run/media/pma213x/0C6A8CC86A8CAFCE/Ubuntu2/CodeU/Dog1/official-mini-cheetah/logs/official_mini_cheetah_flat_jump_v1_r3/P1_gate_attempt_1.json
[2026-10-05T01:28:17+0800] P1 验收未通过，report.passed=false
[2026-10-05T01:28:17+0800] P1 验收命令：/usr/bin/python3 -m rl.evaluate --phase P1 --gate --checkpoint /run/media/pma213x/0C6A8CC86A8CAFCE/Ubuntu2/CodeU/Dog1/official-mini-cheetah/checkpoints/official_mini_cheetah_flat_jump_v1_r3/official_mini_cheetah_flat_jump_v1_r3_final.zip --output /run/media/pma213x/0C6A8CC86A8CAFCE/Ubuntu2/CodeU/Dog1/official-mini-cheetah/logs/official_mini_cheetah_flat_jump_v1_r3/P1_gate_attempt_2.json
[2026-10-05T01:28:45+0800] P1 验收未通过，report.passed=false
[2026-10-05T01:28:45+0800] P1 连续 Gate 批次结果=[False, False, False]
[2026-10-05T01:28:45+0800] P1 启动：/usr/bin/python3 -m rl.train --phase P1 --total-steps 140000 --device cuda --ckptdir /run/media/pma213x/0C6A8CC86A8CAFCE/Ubuntu2/CodeU/Dog1/official-mini-cheetah/checkpoints/official_mini_cheetah_flat_jump_v1_r3 --ckpt-prefix official_mini_cheetah_flat_jump_v1_r3 --logdir /run/media/pma213x/0C6A8CC86A8CAFCE/Ubuntu2/CodeU/Dog1/official-mini-cheetah/runs/official_mini_cheetah_flat_jump_v1_r3/P1_parallel --bridge-port 11452 --num-envs 4 --checkpoint-interval 20000 --randomization-mode fixed --seed 20261003 --resume /run/media/pma213x/0C6A8CC86A8CAFCE/Ubuntu2/CodeU/Dog1/official-mini-cheetah/checkpoints/official_mini_cheetah_flat_jump_v1_r3/official_mini_cheetah_flat_jump_v1_r3_final.zip
[2026-10-05T01:28:52+0800] P1 四 worker 实时健康确认通过
[2026-10-05T01:29:12+0800] P1 验收命令：/usr/bin/python3 -m rl.evaluate --phase P1 --gate --checkpoint /run/media/pma213x/0C6A8CC86A8CAFCE/Ubuntu2/CodeU/Dog1/official-mini-cheetah/checkpoints/official_mini_cheetah_flat_jump_v1_r3/official_mini_cheetah_flat_jump_v1_r3_final.zip --output /run/media/pma213x/0C6A8CC86A8CAFCE/Ubuntu2/CodeU/Dog1/official-mini-cheetah/logs/official_mini_cheetah_flat_jump_v1_r3/P1_gate_attempt_0.json
[2026-10-05T01:29:40+0800] P1 验收未通过，report.passed=false
[2026-10-05T01:29:40+0800] P1 验收命令：/usr/bin/python3 -m rl.evaluate --phase P1 --gate --checkpoint /run/media/pma213x/0C6A8CC86A8CAFCE/Ubuntu2/CodeU/Dog1/official-mini-cheetah/checkpoints/official_mini_cheetah_flat_jump_v1_r3/official_mini_cheetah_flat_jump_v1_r3_final.zip --output /run/media/pma213x/0C6A8CC86A8CAFCE/Ubuntu2/CodeU/Dog1/official-mini-cheetah/logs/official_mini_cheetah_flat_jump_v1_r3/P1_gate_attempt_1.json
[2026-10-05T01:30:08+0800] P1 验收未通过，report.passed=false
[2026-10-05T01:30:08+0800] P1 验收命令：/usr/bin/python3 -m rl.evaluate --phase P1 --gate --checkpoint /run/media/pma213x/0C6A8CC86A8CAFCE/Ubuntu2/CodeU/Dog1/official-mini-cheetah/checkpoints/official_mini_cheetah_flat_jump_v1_r3/official_mini_cheetah_flat_jump_v1_r3_final.zip --output /run/media/pma213x/0C6A8CC86A8CAFCE/Ubuntu2/CodeU/Dog1/official-mini-cheetah/logs/official_mini_cheetah_flat_jump_v1_r3/P1_gate_attempt_2.json
[2026-10-05T01:30:31+0800] P1 验收未通过，report.passed=false
[2026-10-05T01:30:31+0800] P1 连续 Gate 批次结果=[False, False, False]
[2026-10-05T01:30:31+0800] P1 启动：/usr/bin/python3 -m rl.train --phase P1 --total-steps 150000 --device cuda --ckptdir /run/media/pma213x/0C6A8CC86A8CAFCE/Ubuntu2/CodeU/Dog1/official-mini-cheetah/checkpoints/official_mini_cheetah_flat_jump_v1_r3 --ckpt-prefix official_mini_cheetah_flat_jump_v1_r3 --logdir /run/media/pma213x/0C6A8CC86A8CAFCE/Ubuntu2/CodeU/Dog1/official-mini-cheetah/runs/official_mini_cheetah_flat_jump_v1_r3/P1_parallel --bridge-port 11452 --num-envs 4 --checkpoint-interval 20000 --randomization-mode fixed --seed 20261003 --resume /run/media/pma213x/0C6A8CC86A8CAFCE/Ubuntu2/CodeU/Dog1/official-mini-cheetah/checkpoints/official_mini_cheetah_flat_jump_v1_r3/official_mini_cheetah_flat_jump_v1_r3_final.zip
[2026-10-05T01:30:37+0800] P1 四 worker 实时健康确认通过
[2026-10-05T01:30:51+0800] P1 验收命令：/usr/bin/python3 -m rl.evaluate --phase P1 --gate --checkpoint /run/media/pma213x/0C6A8CC86A8CAFCE/Ubuntu2/CodeU/Dog1/official-mini-cheetah/checkpoints/official_mini_cheetah_flat_jump_v1_r3/official_mini_cheetah_flat_jump_v1_r3_final.zip --output /run/media/pma213x/0C6A8CC86A8CAFCE/Ubuntu2/CodeU/Dog1/official-mini-cheetah/logs/official_mini_cheetah_flat_jump_v1_r3/P1_gate_attempt_0.json
[2026-10-05T01:31:14+0800] P1 验收未通过，report.passed=false
[2026-10-05T01:31:15+0800] P1 验收命令：/usr/bin/python3 -m rl.evaluate --phase P1 --gate --checkpoint /run/media/pma213x/0C6A8CC86A8CAFCE/Ubuntu2/CodeU/Dog1/official-mini-cheetah/checkpoints/official_mini_cheetah_flat_jump_v1_r3/official_mini_cheetah_flat_jump_v1_r3_final.zip --output /run/media/pma213x/0C6A8CC86A8CAFCE/Ubuntu2/CodeU/Dog1/official-mini-cheetah/logs/official_mini_cheetah_flat_jump_v1_r3/P1_gate_attempt_1.json
[2026-10-05T01:31:38+0800] P1 验收未通过，report.passed=false
[2026-10-05T01:31:38+0800] P1 验收命令：/usr/bin/python3 -m rl.evaluate --phase P1 --gate --checkpoint /run/media/pma213x/0C6A8CC86A8CAFCE/Ubuntu2/CodeU/Dog1/official-mini-cheetah/checkpoints/official_mini_cheetah_flat_jump_v1_r3/official_mini_cheetah_flat_jump_v1_r3_final.zip --output /run/media/pma213x/0C6A8CC86A8CAFCE/Ubuntu2/CodeU/Dog1/official-mini-cheetah/logs/official_mini_cheetah_flat_jump_v1_r3/P1_gate_attempt_2.json
[2026-10-05T01:32:03+0800] P1 验收未通过，report.passed=false
[2026-10-05T01:32:03+0800] P1 连续 Gate 批次结果=[False, False, False]
[2026-10-05T01:32:03+0800] P1 启动：/usr/bin/python3 -m rl.train --phase P1 --total-steps 160000 --device cuda --ckptdir /run/media/pma213x/0C6A8CC86A8CAFCE/Ubuntu2/CodeU/Dog1/official-mini-cheetah/checkpoints/official_mini_cheetah_flat_jump_v1_r3 --ckpt-prefix official_mini_cheetah_flat_jump_v1_r3 --logdir /run/media/pma213x/0C6A8CC86A8CAFCE/Ubuntu2/CodeU/Dog1/official-mini-cheetah/runs/official_mini_cheetah_flat_jump_v1_r3/P1_parallel --bridge-port 11452 --num-envs 4 --checkpoint-interval 20000 --randomization-mode fixed --seed 20261003 --resume /run/media/pma213x/0C6A8CC86A8CAFCE/Ubuntu2/CodeU/Dog1/official-mini-cheetah/checkpoints/official_mini_cheetah_flat_jump_v1_r3/official_mini_cheetah_flat_jump_v1_r3_final.zip
[2026-10-05T01:32:09+0800] P1 四 worker 实时健康确认通过
[2026-10-05T01:32:23+0800] P1 验收命令：/usr/bin/python3 -m rl.evaluate --phase P1 --gate --checkpoint /run/media/pma213x/0C6A8CC86A8CAFCE/Ubuntu2/CodeU/Dog1/official-mini-cheetah/checkpoints/official_mini_cheetah_flat_jump_v1_r3/official_mini_cheetah_flat_jump_v1_r3_final.zip --output /run/media/pma213x/0C6A8CC86A8CAFCE/Ubuntu2/CodeU/Dog1/official-mini-cheetah/logs/official_mini_cheetah_flat_jump_v1_r3/P1_gate_attempt_0.json
[2026-10-05T01:32:47+0800] P1 验收未通过，report.passed=false
[2026-10-05T01:32:47+0800] P1 验收命令：/usr/bin/python3 -m rl.evaluate --phase P1 --gate --checkpoint /run/media/pma213x/0C6A8CC86A8CAFCE/Ubuntu2/CodeU/Dog1/official-mini-cheetah/checkpoints/official_mini_cheetah_flat_jump_v1_r3/official_mini_cheetah_flat_jump_v1_r3_final.zip --output /run/media/pma213x/0C6A8CC86A8CAFCE/Ubuntu2/CodeU/Dog1/official-mini-cheetah/logs/official_mini_cheetah_flat_jump_v1_r3/P1_gate_attempt_1.json
[2026-10-05T01:33:11+0800] P1 验收未通过，report.passed=false
[2026-10-05T01:33:11+0800] P1 验收命令：/usr/bin/python3 -m rl.evaluate --phase P1 --gate --checkpoint /run/media/pma213x/0C6A8CC86A8CAFCE/Ubuntu2/CodeU/Dog1/official-mini-cheetah/checkpoints/official_mini_cheetah_flat_jump_v1_r3/official_mini_cheetah_flat_jump_v1_r3_final.zip --output /run/media/pma213x/0C6A8CC86A8CAFCE/Ubuntu2/CodeU/Dog1/official-mini-cheetah/logs/official_mini_cheetah_flat_jump_v1_r3/P1_gate_attempt_2.json
[2026-10-05T01:33:35+0800] P1 验收未通过，report.passed=false
[2026-10-05T01:33:35+0800] P1 连续 Gate 批次结果=[False, False, False]
[2026-10-05T01:33:35+0800] P1 启动：/usr/bin/python3 -m rl.train --phase P1 --total-steps 170000 --device cuda --ckptdir /run/media/pma213x/0C6A8CC86A8CAFCE/Ubuntu2/CodeU/Dog1/official-mini-cheetah/checkpoints/official_mini_cheetah_flat_jump_v1_r3 --ckpt-prefix official_mini_cheetah_flat_jump_v1_r3 --logdir /run/media/pma213x/0C6A8CC86A8CAFCE/Ubuntu2/CodeU/Dog1/official-mini-cheetah/runs/official_mini_cheetah_flat_jump_v1_r3/P1_parallel --bridge-port 11452 --num-envs 4 --checkpoint-interval 20000 --randomization-mode fixed --seed 20261003 --resume /run/media/pma213x/0C6A8CC86A8CAFCE/Ubuntu2/CodeU/Dog1/official-mini-cheetah/checkpoints/official_mini_cheetah_flat_jump_v1_r3/official_mini_cheetah_flat_jump_v1_r3_final.zip
[2026-10-05T01:33:41+0800] P1 四 worker 实时健康确认通过
[2026-10-05T01:33:57+0800] P1 验收命令：/usr/bin/python3 -m rl.evaluate --phase P1 --gate --checkpoint /run/media/pma213x/0C6A8CC86A8CAFCE/Ubuntu2/CodeU/Dog1/official-mini-cheetah/checkpoints/official_mini_cheetah_flat_jump_v1_r3/official_mini_cheetah_flat_jump_v1_r3_final.zip --output /run/media/pma213x/0C6A8CC86A8CAFCE/Ubuntu2/CodeU/Dog1/official-mini-cheetah/logs/official_mini_cheetah_flat_jump_v1_r3/P1_gate_attempt_0.json
[2026-10-05T01:34:23+0800] P1 验收未通过，report.passed=false
[2026-10-05T01:34:23+0800] P1 验收命令：/usr/bin/python3 -m rl.evaluate --phase P1 --gate --checkpoint /run/media/pma213x/0C6A8CC86A8CAFCE/Ubuntu2/CodeU/Dog1/official-mini-cheetah/checkpoints/official_mini_cheetah_flat_jump_v1_r3/official_mini_cheetah_flat_jump_v1_r3_final.zip --output /run/media/pma213x/0C6A8CC86A8CAFCE/Ubuntu2/CodeU/Dog1/official-mini-cheetah/logs/official_mini_cheetah_flat_jump_v1_r3/P1_gate_attempt_1.json
[2026-10-05T01:34:46+0800] P1 验收未通过，report.passed=false
[2026-10-05T01:34:46+0800] P1 验收命令：/usr/bin/python3 -m rl.evaluate --phase P1 --gate --checkpoint /run/media/pma213x/0C6A8CC86A8CAFCE/Ubuntu2/CodeU/Dog1/official-mini-cheetah/checkpoints/official_mini_cheetah_flat_jump_v1_r3/official_mini_cheetah_flat_jump_v1_r3_final.zip --output /run/media/pma213x/0C6A8CC86A8CAFCE/Ubuntu2/CodeU/Dog1/official-mini-cheetah/logs/official_mini_cheetah_flat_jump_v1_r3/P1_gate_attempt_2.json
[2026-10-05T01:35:10+0800] P1 验收未通过，report.passed=false
[2026-10-05T01:35:10+0800] P1 连续 Gate 批次结果=[False, False, False]
[2026-10-05T01:35:10+0800] P1 启动：/usr/bin/python3 -m rl.train --phase P1 --total-steps 180000 --device cuda --ckptdir /run/media/pma213x/0C6A8CC86A8CAFCE/Ubuntu2/CodeU/Dog1/official-mini-cheetah/checkpoints/official_mini_cheetah_flat_jump_v1_r3 --ckpt-prefix official_mini_cheetah_flat_jump_v1_r3 --logdir /run/media/pma213x/0C6A8CC86A8CAFCE/Ubuntu2/CodeU/Dog1/official-mini-cheetah/runs/official_mini_cheetah_flat_jump_v1_r3/P1_parallel --bridge-port 11452 --num-envs 4 --checkpoint-interval 20000 --randomization-mode fixed --seed 20261003 --resume /run/media/pma213x/0C6A8CC86A8CAFCE/Ubuntu2/CodeU/Dog1/official-mini-cheetah/checkpoints/official_mini_cheetah_flat_jump_v1_r3/official_mini_cheetah_flat_jump_v1_r3_final.zip
[2026-10-05T01:35:17+0800] P1 四 worker 实时健康确认通过
[2026-10-05T01:35:30+0800] P1 验收命令：/usr/bin/python3 -m rl.evaluate --phase P1 --gate --checkpoint /run/media/pma213x/0C6A8CC86A8CAFCE/Ubuntu2/CodeU/Dog1/official-mini-cheetah/checkpoints/official_mini_cheetah_flat_jump_v1_r3/official_mini_cheetah_flat_jump_v1_r3_final.zip --output /run/media/pma213x/0C6A8CC86A8CAFCE/Ubuntu2/CodeU/Dog1/official-mini-cheetah/logs/official_mini_cheetah_flat_jump_v1_r3/P1_gate_attempt_0.json
[2026-10-05T01:35:53+0800] P1 验收未通过，report.passed=false
[2026-10-05T01:35:53+0800] P1 验收命令：/usr/bin/python3 -m rl.evaluate --phase P1 --gate --checkpoint /run/media/pma213x/0C6A8CC86A8CAFCE/Ubuntu2/CodeU/Dog1/official-mini-cheetah/checkpoints/official_mini_cheetah_flat_jump_v1_r3/official_mini_cheetah_flat_jump_v1_r3_final.zip --output /run/media/pma213x/0C6A8CC86A8CAFCE/Ubuntu2/CodeU/Dog1/official-mini-cheetah/logs/official_mini_cheetah_flat_jump_v1_r3/P1_gate_attempt_1.json
[2026-10-05T01:36:17+0800] P1 验收未通过，report.passed=false
[2026-10-05T01:36:17+0800] P1 验收命令：/usr/bin/python3 -m rl.evaluate --phase P1 --gate --checkpoint /run/media/pma213x/0C6A8CC86A8CAFCE/Ubuntu2/CodeU/Dog1/official-mini-cheetah/checkpoints/official_mini_cheetah_flat_jump_v1_r3/official_mini_cheetah_flat_jump_v1_r3_final.zip --output /run/media/pma213x/0C6A8CC86A8CAFCE/Ubuntu2/CodeU/Dog1/official-mini-cheetah/logs/official_mini_cheetah_flat_jump_v1_r3/P1_gate_attempt_2.json
[2026-10-05T01:36:43+0800] P1 验收未通过，report.passed=false
[2026-10-05T01:36:43+0800] P1 连续 Gate 批次结果=[False, False, False]
[2026-10-05T01:36:43+0800] P1 启动：/usr/bin/python3 -m rl.train --phase P1 --total-steps 190000 --device cuda --ckptdir /run/media/pma213x/0C6A8CC86A8CAFCE/Ubuntu2/CodeU/Dog1/official-mini-cheetah/checkpoints/official_mini_cheetah_flat_jump_v1_r3 --ckpt-prefix official_mini_cheetah_flat_jump_v1_r3 --logdir /run/media/pma213x/0C6A8CC86A8CAFCE/Ubuntu2/CodeU/Dog1/official-mini-cheetah/runs/official_mini_cheetah_flat_jump_v1_r3/P1_parallel --bridge-port 11452 --num-envs 4 --checkpoint-interval 20000 --randomization-mode fixed --seed 20261003 --resume /run/media/pma213x/0C6A8CC86A8CAFCE/Ubuntu2/CodeU/Dog1/official-mini-cheetah/checkpoints/official_mini_cheetah_flat_jump_v1_r3/official_mini_cheetah_flat_jump_v1_r3_final.zip
[2026-10-05T01:36:50+0800] P1 四 worker 实时健康确认通过
[2026-10-05T01:37:08+0800] P1 验收命令：/usr/bin/python3 -m rl.evaluate --phase P1 --gate --checkpoint /run/media/pma213x/0C6A8CC86A8CAFCE/Ubuntu2/CodeU/Dog1/official-mini-cheetah/checkpoints/official_mini_cheetah_flat_jump_v1_r3/official_mini_cheetah_flat_jump_v1_r3_final.zip --output /run/media/pma213x/0C6A8CC86A8CAFCE/Ubuntu2/CodeU/Dog1/official-mini-cheetah/logs/official_mini_cheetah_flat_jump_v1_r3/P1_gate_attempt_0.json
[2026-10-05T01:37:35+0800] P1 验收未通过，report.passed=false
[2026-10-05T01:37:35+0800] P1 验收命令：/usr/bin/python3 -m rl.evaluate --phase P1 --gate --checkpoint /run/media/pma213x/0C6A8CC86A8CAFCE/Ubuntu2/CodeU/Dog1/official-mini-cheetah/checkpoints/official_mini_cheetah_flat_jump_v1_r3/official_mini_cheetah_flat_jump_v1_r3_final.zip --output /run/media/pma213x/0C6A8CC86A8CAFCE/Ubuntu2/CodeU/Dog1/official-mini-cheetah/logs/official_mini_cheetah_flat_jump_v1_r3/P1_gate_attempt_1.json
[2026-10-05T01:37:58+0800] P1 验收未通过，report.passed=false
[2026-10-05T01:37:58+0800] P1 验收命令：/usr/bin/python3 -m rl.evaluate --phase P1 --gate --checkpoint /run/media/pma213x/0C6A8CC86A8CAFCE/Ubuntu2/CodeU/Dog1/official-mini-cheetah/checkpoints/official_mini_cheetah_flat_jump_v1_r3/official_mini_cheetah_flat_jump_v1_r3_final.zip --output /run/media/pma213x/0C6A8CC86A8CAFCE/Ubuntu2/CodeU/Dog1/official-mini-cheetah/logs/official_mini_cheetah_flat_jump_v1_r3/P1_gate_attempt_2.json
[2026-10-05T01:38:21+0800] P1 验收未通过，report.passed=false
[2026-10-05T01:38:21+0800] P1 连续 Gate 批次结果=[False, False, False]
[2026-10-05T01:38:21+0800] P1 启动：/usr/bin/python3 -m rl.train --phase P1 --total-steps 200000 --device cuda --ckptdir /run/media/pma213x/0C6A8CC86A8CAFCE/Ubuntu2/CodeU/Dog1/official-mini-cheetah/checkpoints/official_mini_cheetah_flat_jump_v1_r3 --ckpt-prefix official_mini_cheetah_flat_jump_v1_r3 --logdir /run/media/pma213x/0C6A8CC86A8CAFCE/Ubuntu2/CodeU/Dog1/official-mini-cheetah/runs/official_mini_cheetah_flat_jump_v1_r3/P1_parallel --bridge-port 11452 --num-envs 4 --checkpoint-interval 20000 --randomization-mode fixed --seed 20261003 --resume /run/media/pma213x/0C6A8CC86A8CAFCE/Ubuntu2/CodeU/Dog1/official-mini-cheetah/checkpoints/official_mini_cheetah_flat_jump_v1_r3/official_mini_cheetah_flat_jump_v1_r3_final.zip
[2026-10-05T01:38:28+0800] P1 四 worker 实时健康确认通过
[2026-10-05T01:38:41+0800] P1 验收命令：/usr/bin/python3 -m rl.evaluate --phase P1 --gate --checkpoint /run/media/pma213x/0C6A8CC86A8CAFCE/Ubuntu2/CodeU/Dog1/official-mini-cheetah/checkpoints/official_mini_cheetah_flat_jump_v1_r3/official_mini_cheetah_flat_jump_v1_r3_final.zip --output /run/media/pma213x/0C6A8CC86A8CAFCE/Ubuntu2/CodeU/Dog1/official-mini-cheetah/logs/official_mini_cheetah_flat_jump_v1_r3/P1_gate_attempt_0.json
[2026-10-05T01:39:04+0800] P1 验收未通过，report.passed=false
[2026-10-05T01:39:04+0800] P1 验收命令：/usr/bin/python3 -m rl.evaluate --phase P1 --gate --checkpoint /run/media/pma213x/0C6A8CC86A8CAFCE/Ubuntu2/CodeU/Dog1/official-mini-cheetah/checkpoints/official_mini_cheetah_flat_jump_v1_r3/official_mini_cheetah_flat_jump_v1_r3_final.zip --output /run/media/pma213x/0C6A8CC86A8CAFCE/Ubuntu2/CodeU/Dog1/official-mini-cheetah/logs/official_mini_cheetah_flat_jump_v1_r3/P1_gate_attempt_1.json
[2026-10-05T01:39:28+0800] P1 验收未通过，report.passed=false
[2026-10-05T01:39:28+0800] P1 验收命令：/usr/bin/python3 -m rl.evaluate --phase P1 --gate --checkpoint /run/media/pma213x/0C6A8CC86A8CAFCE/Ubuntu2/CodeU/Dog1/official-mini-cheetah/checkpoints/official_mini_cheetah_flat_jump_v1_r3/official_mini_cheetah_flat_jump_v1_r3_final.zip --output /run/media/pma213x/0C6A8CC86A8CAFCE/Ubuntu2/CodeU/Dog1/official-mini-cheetah/logs/official_mini_cheetah_flat_jump_v1_r3/P1_gate_attempt_2.json
[2026-10-05T01:39:51+0800] P1 验收未通过，report.passed=false
[2026-10-05T01:39:51+0800] P1 连续 Gate 批次结果=[False, False, False]
[2026-10-05T01:39:51+0800] P1 启动：/usr/bin/python3 -m rl.train --phase P1 --total-steps 210000 --device cuda --ckptdir /run/media/pma213x/0C6A8CC86A8CAFCE/Ubuntu2/CodeU/Dog1/official-mini-cheetah/checkpoints/official_mini_cheetah_flat_jump_v1_r3 --ckpt-prefix official_mini_cheetah_flat_jump_v1_r3 --logdir /run/media/pma213x/0C6A8CC86A8CAFCE/Ubuntu2/CodeU/Dog1/official-mini-cheetah/runs/official_mini_cheetah_flat_jump_v1_r3/P1_parallel --bridge-port 11452 --num-envs 4 --checkpoint-interval 20000 --randomization-mode fixed --seed 20261003 --resume /run/media/pma213x/0C6A8CC86A8CAFCE/Ubuntu2/CodeU/Dog1/official-mini-cheetah/checkpoints/official_mini_cheetah_flat_jump_v1_r3/official_mini_cheetah_flat_jump_v1_r3_final.zip
[2026-10-05T01:39:58+0800] P1 四 worker 实时健康确认通过
[2026-10-05T01:40:11+0800] P1 验收命令：/usr/bin/python3 -m rl.evaluate --phase P1 --gate --checkpoint /run/media/pma213x/0C6A8CC86A8CAFCE/Ubuntu2/CodeU/Dog1/official-mini-cheetah/checkpoints/official_mini_cheetah_flat_jump_v1_r3/official_mini_cheetah_flat_jump_v1_r3_final.zip --output /run/media/pma213x/0C6A8CC86A8CAFCE/Ubuntu2/CodeU/Dog1/official-mini-cheetah/logs/official_mini_cheetah_flat_jump_v1_r3/P1_gate_attempt_0.json
[2026-10-05T01:40:34+0800] P1 验收未通过，report.passed=false
[2026-10-05T01:40:34+0800] P1 验收命令：/usr/bin/python3 -m rl.evaluate --phase P1 --gate --checkpoint /run/media/pma213x/0C6A8CC86A8CAFCE/Ubuntu2/CodeU/Dog1/official-mini-cheetah/checkpoints/official_mini_cheetah_flat_jump_v1_r3/official_mini_cheetah_flat_jump_v1_r3_final.zip --output /run/media/pma213x/0C6A8CC86A8CAFCE/Ubuntu2/CodeU/Dog1/official-mini-cheetah/logs/official_mini_cheetah_flat_jump_v1_r3/P1_gate_attempt_1.json
[2026-10-05T01:40:58+0800] P1 验收未通过，report.passed=false
[2026-10-05T01:40:58+0800] P1 验收命令：/usr/bin/python3 -m rl.evaluate --phase P1 --gate --checkpoint /run/media/pma213x/0C6A8CC86A8CAFCE/Ubuntu2/CodeU/Dog1/official-mini-cheetah/checkpoints/official_mini_cheetah_flat_jump_v1_r3/official_mini_cheetah_flat_jump_v1_r3_final.zip --output /run/media/pma213x/0C6A8CC86A8CAFCE/Ubuntu2/CodeU/Dog1/official-mini-cheetah/logs/official_mini_cheetah_flat_jump_v1_r3/P1_gate_attempt_2.json
[2026-10-05T01:41:21+0800] P1 验收未通过，report.passed=false
[2026-10-05T01:41:21+0800] P1 连续 Gate 批次结果=[False, False, False]
[2026-10-05T01:41:21+0800] P1 启动：/usr/bin/python3 -m rl.train --phase P1 --total-steps 220000 --device cuda --ckptdir /run/media/pma213x/0C6A8CC86A8CAFCE/Ubuntu2/CodeU/Dog1/official-mini-cheetah/checkpoints/official_mini_cheetah_flat_jump_v1_r3 --ckpt-prefix official_mini_cheetah_flat_jump_v1_r3 --logdir /run/media/pma213x/0C6A8CC86A8CAFCE/Ubuntu2/CodeU/Dog1/official-mini-cheetah/runs/official_mini_cheetah_flat_jump_v1_r3/P1_parallel --bridge-port 11452 --num-envs 4 --checkpoint-interval 20000 --randomization-mode fixed --seed 20261003 --resume /run/media/pma213x/0C6A8CC86A8CAFCE/Ubuntu2/CodeU/Dog1/official-mini-cheetah/checkpoints/official_mini_cheetah_flat_jump_v1_r3/official_mini_cheetah_flat_jump_v1_r3_final.zip
[2026-10-05T01:41:27+0800] P1 四 worker 实时健康确认通过
[2026-10-05T01:41:40+0800] P1 验收命令：/usr/bin/python3 -m rl.evaluate --phase P1 --gate --checkpoint /run/media/pma213x/0C6A8CC86A8CAFCE/Ubuntu2/CodeU/Dog1/official-mini-cheetah/checkpoints/official_mini_cheetah_flat_jump_v1_r3/official_mini_cheetah_flat_jump_v1_r3_final.zip --output /run/media/pma213x/0C6A8CC86A8CAFCE/Ubuntu2/CodeU/Dog1/official-mini-cheetah/logs/official_mini_cheetah_flat_jump_v1_r3/P1_gate_attempt_0.json
[2026-10-05T01:42:04+0800] P1 验收未通过，report.passed=false
[2026-10-05T01:42:04+0800] P1 验收命令：/usr/bin/python3 -m rl.evaluate --phase P1 --gate --checkpoint /run/media/pma213x/0C6A8CC86A8CAFCE/Ubuntu2/CodeU/Dog1/official-mini-cheetah/checkpoints/official_mini_cheetah_flat_jump_v1_r3/official_mini_cheetah_flat_jump_v1_r3_final.zip --output /run/media/pma213x/0C6A8CC86A8CAFCE/Ubuntu2/CodeU/Dog1/official-mini-cheetah/logs/official_mini_cheetah_flat_jump_v1_r3/P1_gate_attempt_1.json
[2026-10-05T01:42:28+0800] P1 验收未通过，report.passed=false
[2026-10-05T01:42:28+0800] P1 验收命令：/usr/bin/python3 -m rl.evaluate --phase P1 --gate --checkpoint /run/media/pma213x/0C6A8CC86A8CAFCE/Ubuntu2/CodeU/Dog1/official-mini-cheetah/checkpoints/official_mini_cheetah_flat_jump_v1_r3/official_mini_cheetah_flat_jump_v1_r3_final.zip --output /run/media/pma213x/0C6A8CC86A8CAFCE/Ubuntu2/CodeU/Dog1/official-mini-cheetah/logs/official_mini_cheetah_flat_jump_v1_r3/P1_gate_attempt_2.json
[2026-10-05T01:42:52+0800] P1 验收未通过，report.passed=false
[2026-10-05T01:42:52+0800] P1 连续 Gate 批次结果=[False, False, False]
[2026-10-05T01:42:52+0800] P1 启动：/usr/bin/python3 -m rl.train --phase P1 --total-steps 230000 --device cuda --ckptdir /run/media/pma213x/0C6A8CC86A8CAFCE/Ubuntu2/CodeU/Dog1/official-mini-cheetah/checkpoints/official_mini_cheetah_flat_jump_v1_r3 --ckpt-prefix official_mini_cheetah_flat_jump_v1_r3 --logdir /run/media/pma213x/0C6A8CC86A8CAFCE/Ubuntu2/CodeU/Dog1/official-mini-cheetah/runs/official_mini_cheetah_flat_jump_v1_r3/P1_parallel --bridge-port 11452 --num-envs 4 --checkpoint-interval 20000 --randomization-mode fixed --seed 20261003 --resume /run/media/pma213x/0C6A8CC86A8CAFCE/Ubuntu2/CodeU/Dog1/official-mini-cheetah/checkpoints/official_mini_cheetah_flat_jump_v1_r3/official_mini_cheetah_flat_jump_v1_r3_final.zip
[2026-10-05T01:42:58+0800] P1 四 worker 实时健康确认通过
[2026-10-05T01:43:12+0800] P1 验收命令：/usr/bin/python3 -m rl.evaluate --phase P1 --gate --checkpoint /run/media/pma213x/0C6A8CC86A8CAFCE/Ubuntu2/CodeU/Dog1/official-mini-cheetah/checkpoints/official_mini_cheetah_flat_jump_v1_r3/official_mini_cheetah_flat_jump_v1_r3_final.zip --output /run/media/pma213x/0C6A8CC86A8CAFCE/Ubuntu2/CodeU/Dog1/official-mini-cheetah/logs/official_mini_cheetah_flat_jump_v1_r3/P1_gate_attempt_0.json
[2026-10-05T01:43:36+0800] P1 验收未通过，report.passed=false
[2026-10-05T01:43:36+0800] P1 验收命令：/usr/bin/python3 -m rl.evaluate --phase P1 --gate --checkpoint /run/media/pma213x/0C6A8CC86A8CAFCE/Ubuntu2/CodeU/Dog1/official-mini-cheetah/checkpoints/official_mini_cheetah_flat_jump_v1_r3/official_mini_cheetah_flat_jump_v1_r3_final.zip --output /run/media/pma213x/0C6A8CC86A8CAFCE/Ubuntu2/CodeU/Dog1/official-mini-cheetah/logs/official_mini_cheetah_flat_jump_v1_r3/P1_gate_attempt_1.json
[2026-10-05T01:44:00+0800] P1 验收未通过，report.passed=false
[2026-10-05T01:44:00+0800] P1 验收命令：/usr/bin/python3 -m rl.evaluate --phase P1 --gate --checkpoint /run/media/pma213x/0C6A8CC86A8CAFCE/Ubuntu2/CodeU/Dog1/official-mini-cheetah/checkpoints/official_mini_cheetah_flat_jump_v1_r3/official_mini_cheetah_flat_jump_v1_r3_final.zip --output /run/media/pma213x/0C6A8CC86A8CAFCE/Ubuntu2/CodeU/Dog1/official-mini-cheetah/logs/official_mini_cheetah_flat_jump_v1_r3/P1_gate_attempt_2.json
[2026-10-05T01:44:23+0800] P1 验收未通过，report.passed=false
[2026-10-05T01:44:23+0800] P1 连续 Gate 批次结果=[False, False, False]
[2026-10-05T01:44:23+0800] P1 启动：/usr/bin/python3 -m rl.train --phase P1 --total-steps 240000 --device cuda --ckptdir /run/media/pma213x/0C6A8CC86A8CAFCE/Ubuntu2/CodeU/Dog1/official-mini-cheetah/checkpoints/official_mini_cheetah_flat_jump_v1_r3 --ckpt-prefix official_mini_cheetah_flat_jump_v1_r3 --logdir /run/media/pma213x/0C6A8CC86A8CAFCE/Ubuntu2/CodeU/Dog1/official-mini-cheetah/runs/official_mini_cheetah_flat_jump_v1_r3/P1_parallel --bridge-port 11452 --num-envs 4 --checkpoint-interval 20000 --randomization-mode fixed --seed 20261003 --resume /run/media/pma213x/0C6A8CC86A8CAFCE/Ubuntu2/CodeU/Dog1/official-mini-cheetah/checkpoints/official_mini_cheetah_flat_jump_v1_r3/official_mini_cheetah_flat_jump_v1_r3_final.zip
[2026-10-05T01:44:30+0800] P1 四 worker 实时健康确认通过
[2026-10-05T01:44:43+0800] P1 验收命令：/usr/bin/python3 -m rl.evaluate --phase P1 --gate --checkpoint /run/media/pma213x/0C6A8CC86A8CAFCE/Ubuntu2/CodeU/Dog1/official-mini-cheetah/checkpoints/official_mini_cheetah_flat_jump_v1_r3/official_mini_cheetah_flat_jump_v1_r3_final.zip --output /run/media/pma213x/0C6A8CC86A8CAFCE/Ubuntu2/CodeU/Dog1/official-mini-cheetah/logs/official_mini_cheetah_flat_jump_v1_r3/P1_gate_attempt_0.json
[2026-10-05T01:45:06+0800] P1 验收未通过，report.passed=false
[2026-10-05T01:45:06+0800] P1 验收命令：/usr/bin/python3 -m rl.evaluate --phase P1 --gate --checkpoint /run/media/pma213x/0C6A8CC86A8CAFCE/Ubuntu2/CodeU/Dog1/official-mini-cheetah/checkpoints/official_mini_cheetah_flat_jump_v1_r3/official_mini_cheetah_flat_jump_v1_r3_final.zip --output /run/media/pma213x/0C6A8CC86A8CAFCE/Ubuntu2/CodeU/Dog1/official-mini-cheetah/logs/official_mini_cheetah_flat_jump_v1_r3/P1_gate_attempt_1.json
[2026-10-05T01:45:30+0800] P1 验收未通过，report.passed=false
[2026-10-05T01:45:30+0800] P1 验收命令：/usr/bin/python3 -m rl.evaluate --phase P1 --gate --checkpoint /run/media/pma213x/0C6A8CC86A8CAFCE/Ubuntu2/CodeU/Dog1/official-mini-cheetah/checkpoints/official_mini_cheetah_flat_jump_v1_r3/official_mini_cheetah_flat_jump_v1_r3_final.zip --output /run/media/pma213x/0C6A8CC86A8CAFCE/Ubuntu2/CodeU/Dog1/official-mini-cheetah/logs/official_mini_cheetah_flat_jump_v1_r3/P1_gate_attempt_2.json
[2026-10-05T01:45:53+0800] P1 验收未通过，report.passed=false
[2026-10-05T01:45:53+0800] P1 连续 Gate 批次结果=[False, False, False]
[2026-10-05T01:45:53+0800] P1 启动：/usr/bin/python3 -m rl.train --phase P1 --total-steps 250000 --device cuda --ckptdir /run/media/pma213x/0C6A8CC86A8CAFCE/Ubuntu2/CodeU/Dog1/official-mini-cheetah/checkpoints/official_mini_cheetah_flat_jump_v1_r3 --ckpt-prefix official_mini_cheetah_flat_jump_v1_r3 --logdir /run/media/pma213x/0C6A8CC86A8CAFCE/Ubuntu2/CodeU/Dog1/official-mini-cheetah/runs/official_mini_cheetah_flat_jump_v1_r3/P1_parallel --bridge-port 11452 --num-envs 4 --checkpoint-interval 20000 --randomization-mode fixed --seed 20261003 --resume /run/media/pma213x/0C6A8CC86A8CAFCE/Ubuntu2/CodeU/Dog1/official-mini-cheetah/checkpoints/official_mini_cheetah_flat_jump_v1_r3/official_mini_cheetah_flat_jump_v1_r3_final.zip
[2026-10-05T01:46:00+0800] P1 四 worker 实时健康确认通过
[2026-10-05T01:46:13+0800] P1 验收命令：/usr/bin/python3 -m rl.evaluate --phase P1 --gate --checkpoint /run/media/pma213x/0C6A8CC86A8CAFCE/Ubuntu2/CodeU/Dog1/official-mini-cheetah/checkpoints/official_mini_cheetah_flat_jump_v1_r3/official_mini_cheetah_flat_jump_v1_r3_final.zip --output /run/media/pma213x/0C6A8CC86A8CAFCE/Ubuntu2/CodeU/Dog1/official-mini-cheetah/logs/official_mini_cheetah_flat_jump_v1_r3/P1_gate_attempt_0.json
[2026-10-05T01:46:36+0800] P1 验收未通过，report.passed=false
[2026-10-05T01:46:36+0800] P1 验收命令：/usr/bin/python3 -m rl.evaluate --phase P1 --gate --checkpoint /run/media/pma213x/0C6A8CC86A8CAFCE/Ubuntu2/CodeU/Dog1/official-mini-cheetah/checkpoints/official_mini_cheetah_flat_jump_v1_r3/official_mini_cheetah_flat_jump_v1_r3_final.zip --output /run/media/pma213x/0C6A8CC86A8CAFCE/Ubuntu2/CodeU/Dog1/official-mini-cheetah/logs/official_mini_cheetah_flat_jump_v1_r3/P1_gate_attempt_1.json
[2026-10-05T01:47:00+0800] P1 验收未通过，report.passed=false
[2026-10-05T01:47:00+0800] P1 验收命令：/usr/bin/python3 -m rl.evaluate --phase P1 --gate --checkpoint /run/media/pma213x/0C6A8CC86A8CAFCE/Ubuntu2/CodeU/Dog1/official-mini-cheetah/checkpoints/official_mini_cheetah_flat_jump_v1_r3/official_mini_cheetah_flat_jump_v1_r3_final.zip --output /run/media/pma213x/0C6A8CC86A8CAFCE/Ubuntu2/CodeU/Dog1/official-mini-cheetah/logs/official_mini_cheetah_flat_jump_v1_r3/P1_gate_attempt_2.json
[2026-10-05T01:47:28+0800] P1 验收未通过，report.passed=false
[2026-10-05T01:47:28+0800] P1 连续 Gate 批次结果=[False, False, False]
[2026-10-05T01:47:28+0800] P1 启动：/usr/bin/python3 -m rl.train --phase P1 --total-steps 260000 --device cuda --ckptdir /run/media/pma213x/0C6A8CC86A8CAFCE/Ubuntu2/CodeU/Dog1/official-mini-cheetah/checkpoints/official_mini_cheetah_flat_jump_v1_r3 --ckpt-prefix official_mini_cheetah_flat_jump_v1_r3 --logdir /run/media/pma213x/0C6A8CC86A8CAFCE/Ubuntu2/CodeU/Dog1/official-mini-cheetah/runs/official_mini_cheetah_flat_jump_v1_r3/P1_parallel --bridge-port 11452 --num-envs 4 --checkpoint-interval 20000 --randomization-mode fixed --seed 20261003 --resume /run/media/pma213x/0C6A8CC86A8CAFCE/Ubuntu2/CodeU/Dog1/official-mini-cheetah/checkpoints/official_mini_cheetah_flat_jump_v1_r3/official_mini_cheetah_flat_jump_v1_r3_final.zip
[2026-10-05T01:47:35+0800] P1 四 worker 实时健康确认通过
[2026-10-05T01:47:57+0800] P1 验收命令：/usr/bin/python3 -m rl.evaluate --phase P1 --gate --checkpoint /run/media/pma213x/0C6A8CC86A8CAFCE/Ubuntu2/CodeU/Dog1/official-mini-cheetah/checkpoints/official_mini_cheetah_flat_jump_v1_r3/official_mini_cheetah_flat_jump_v1_r3_final.zip --output /run/media/pma213x/0C6A8CC86A8CAFCE/Ubuntu2/CodeU/Dog1/official-mini-cheetah/logs/official_mini_cheetah_flat_jump_v1_r3/P1_gate_attempt_0.json
[2026-10-05T01:48:21+0800] P1 验收未通过，report.passed=false
[2026-10-05T01:48:21+0800] P1 验收命令：/usr/bin/python3 -m rl.evaluate --phase P1 --gate --checkpoint /run/media/pma213x/0C6A8CC86A8CAFCE/Ubuntu2/CodeU/Dog1/official-mini-cheetah/checkpoints/official_mini_cheetah_flat_jump_v1_r3/official_mini_cheetah_flat_jump_v1_r3_final.zip --output /run/media/pma213x/0C6A8CC86A8CAFCE/Ubuntu2/CodeU/Dog1/official-mini-cheetah/logs/official_mini_cheetah_flat_jump_v1_r3/P1_gate_attempt_1.json
[2026-10-05T01:48:44+0800] P1 验收未通过，report.passed=false
[2026-10-05T01:48:44+0800] P1 验收命令：/usr/bin/python3 -m rl.evaluate --phase P1 --gate --checkpoint /run/media/pma213x/0C6A8CC86A8CAFCE/Ubuntu2/CodeU/Dog1/official-mini-cheetah/checkpoints/official_mini_cheetah_flat_jump_v1_r3/official_mini_cheetah_flat_jump_v1_r3_final.zip --output /run/media/pma213x/0C6A8CC86A8CAFCE/Ubuntu2/CodeU/Dog1/official-mini-cheetah/logs/official_mini_cheetah_flat_jump_v1_r3/P1_gate_attempt_2.json
[2026-10-05T01:49:07+0800] P1 验收未通过，report.passed=false
[2026-10-05T01:49:07+0800] P1 连续 Gate 批次结果=[False, False, False]
[2026-10-05T01:49:07+0800] P1 启动：/usr/bin/python3 -m rl.train --phase P1 --total-steps 270000 --device cuda --ckptdir /run/media/pma213x/0C6A8CC86A8CAFCE/Ubuntu2/CodeU/Dog1/official-mini-cheetah/checkpoints/official_mini_cheetah_flat_jump_v1_r3 --ckpt-prefix official_mini_cheetah_flat_jump_v1_r3 --logdir /run/media/pma213x/0C6A8CC86A8CAFCE/Ubuntu2/CodeU/Dog1/official-mini-cheetah/runs/official_mini_cheetah_flat_jump_v1_r3/P1_parallel --bridge-port 11452 --num-envs 4 --checkpoint-interval 20000 --randomization-mode fixed --seed 20261003 --resume /run/media/pma213x/0C6A8CC86A8CAFCE/Ubuntu2/CodeU/Dog1/official-mini-cheetah/checkpoints/official_mini_cheetah_flat_jump_v1_r3/official_mini_cheetah_flat_jump_v1_r3_final.zip
[2026-10-05T01:49:13+0800] P1 四 worker 实时健康确认通过
[2026-10-05T01:49:27+0800] P1 验收命令：/usr/bin/python3 -m rl.evaluate --phase P1 --gate --checkpoint /run/media/pma213x/0C6A8CC86A8CAFCE/Ubuntu2/CodeU/Dog1/official-mini-cheetah/checkpoints/official_mini_cheetah_flat_jump_v1_r3/official_mini_cheetah_flat_jump_v1_r3_final.zip --output /run/media/pma213x/0C6A8CC86A8CAFCE/Ubuntu2/CodeU/Dog1/official-mini-cheetah/logs/official_mini_cheetah_flat_jump_v1_r3/P1_gate_attempt_0.json
[2026-10-05T01:49:50+0800] P1 验收未通过，report.passed=false
[2026-10-05T01:49:50+0800] P1 验收命令：/usr/bin/python3 -m rl.evaluate --phase P1 --gate --checkpoint /run/media/pma213x/0C6A8CC86A8CAFCE/Ubuntu2/CodeU/Dog1/official-mini-cheetah/checkpoints/official_mini_cheetah_flat_jump_v1_r3/official_mini_cheetah_flat_jump_v1_r3_final.zip --output /run/media/pma213x/0C6A8CC86A8CAFCE/Ubuntu2/CodeU/Dog1/official-mini-cheetah/logs/official_mini_cheetah_flat_jump_v1_r3/P1_gate_attempt_1.json
[2026-10-05T01:50:14+0800] P1 验收未通过，report.passed=false
[2026-10-05T01:50:14+0800] P1 验收命令：/usr/bin/python3 -m rl.evaluate --phase P1 --gate --checkpoint /run/media/pma213x/0C6A8CC86A8CAFCE/Ubuntu2/CodeU/Dog1/official-mini-cheetah/checkpoints/official_mini_cheetah_flat_jump_v1_r3/official_mini_cheetah_flat_jump_v1_r3_final.zip --output /run/media/pma213x/0C6A8CC86A8CAFCE/Ubuntu2/CodeU/Dog1/official-mini-cheetah/logs/official_mini_cheetah_flat_jump_v1_r3/P1_gate_attempt_2.json
[2026-10-05T01:50:37+0800] P1 验收未通过，report.passed=false
[2026-10-05T01:50:37+0800] P1 连续 Gate 批次结果=[False, False, False]
[2026-10-05T01:50:37+0800] P1 启动：/usr/bin/python3 -m rl.train --phase P1 --total-steps 280000 --device cuda --ckptdir /run/media/pma213x/0C6A8CC86A8CAFCE/Ubuntu2/CodeU/Dog1/official-mini-cheetah/checkpoints/official_mini_cheetah_flat_jump_v1_r3 --ckpt-prefix official_mini_cheetah_flat_jump_v1_r3 --logdir /run/media/pma213x/0C6A8CC86A8CAFCE/Ubuntu2/CodeU/Dog1/official-mini-cheetah/runs/official_mini_cheetah_flat_jump_v1_r3/P1_parallel --bridge-port 11452 --num-envs 4 --checkpoint-interval 20000 --randomization-mode fixed --seed 20261003 --resume /run/media/pma213x/0C6A8CC86A8CAFCE/Ubuntu2/CodeU/Dog1/official-mini-cheetah/checkpoints/official_mini_cheetah_flat_jump_v1_r3/official_mini_cheetah_flat_jump_v1_r3_final.zip
[2026-10-05T01:50:44+0800] P1 四 worker 实时健康确认通过
[2026-10-05T01:50:56+0800] P1 验收命令：/usr/bin/python3 -m rl.evaluate --phase P1 --gate --checkpoint /run/media/pma213x/0C6A8CC86A8CAFCE/Ubuntu2/CodeU/Dog1/official-mini-cheetah/checkpoints/official_mini_cheetah_flat_jump_v1_r3/official_mini_cheetah_flat_jump_v1_r3_final.zip --output /run/media/pma213x/0C6A8CC86A8CAFCE/Ubuntu2/CodeU/Dog1/official-mini-cheetah/logs/official_mini_cheetah_flat_jump_v1_r3/P1_gate_attempt_0.json
[2026-10-05T01:51:19+0800] P1 验收未通过，report.passed=false
[2026-10-05T01:51:19+0800] P1 验收命令：/usr/bin/python3 -m rl.evaluate --phase P1 --gate --checkpoint /run/media/pma213x/0C6A8CC86A8CAFCE/Ubuntu2/CodeU/Dog1/official-mini-cheetah/checkpoints/official_mini_cheetah_flat_jump_v1_r3/official_mini_cheetah_flat_jump_v1_r3_final.zip --output /run/media/pma213x/0C6A8CC86A8CAFCE/Ubuntu2/CodeU/Dog1/official-mini-cheetah/logs/official_mini_cheetah_flat_jump_v1_r3/P1_gate_attempt_1.json
[2026-10-05T01:51:42+0800] P1 验收未通过，report.passed=false
[2026-10-05T01:51:42+0800] P1 验收命令：/usr/bin/python3 -m rl.evaluate --phase P1 --gate --checkpoint /run/media/pma213x/0C6A8CC86A8CAFCE/Ubuntu2/CodeU/Dog1/official-mini-cheetah/checkpoints/official_mini_cheetah_flat_jump_v1_r3/official_mini_cheetah_flat_jump_v1_r3_final.zip --output /run/media/pma213x/0C6A8CC86A8CAFCE/Ubuntu2/CodeU/Dog1/official-mini-cheetah/logs/official_mini_cheetah_flat_jump_v1_r3/P1_gate_attempt_2.json
[2026-10-05T01:52:05+0800] P1 验收未通过，report.passed=false
[2026-10-05T01:52:05+0800] P1 连续 Gate 批次结果=[False, False, False]
[2026-10-05T01:52:05+0800] P1 启动：/usr/bin/python3 -m rl.train --phase P1 --total-steps 290000 --device cuda --ckptdir /run/media/pma213x/0C6A8CC86A8CAFCE/Ubuntu2/CodeU/Dog1/official-mini-cheetah/checkpoints/official_mini_cheetah_flat_jump_v1_r3 --ckpt-prefix official_mini_cheetah_flat_jump_v1_r3 --logdir /run/media/pma213x/0C6A8CC86A8CAFCE/Ubuntu2/CodeU/Dog1/official-mini-cheetah/runs/official_mini_cheetah_flat_jump_v1_r3/P1_parallel --bridge-port 11452 --num-envs 4 --checkpoint-interval 20000 --randomization-mode fixed --seed 20261003 --resume /run/media/pma213x/0C6A8CC86A8CAFCE/Ubuntu2/CodeU/Dog1/official-mini-cheetah/checkpoints/official_mini_cheetah_flat_jump_v1_r3/official_mini_cheetah_flat_jump_v1_r3_final.zip
[2026-10-05T01:52:11+0800] P1 四 worker 实时健康确认通过
[2026-10-05T01:52:24+0800] P1 验收命令：/usr/bin/python3 -m rl.evaluate --phase P1 --gate --checkpoint /run/media/pma213x/0C6A8CC86A8CAFCE/Ubuntu2/CodeU/Dog1/official-mini-cheetah/checkpoints/official_mini_cheetah_flat_jump_v1_r3/official_mini_cheetah_flat_jump_v1_r3_final.zip --output /run/media/pma213x/0C6A8CC86A8CAFCE/Ubuntu2/CodeU/Dog1/official-mini-cheetah/logs/official_mini_cheetah_flat_jump_v1_r3/P1_gate_attempt_0.json
[2026-10-05T01:52:48+0800] P1 验收未通过，report.passed=false
[2026-10-05T01:52:49+0800] P1 验收命令：/usr/bin/python3 -m rl.evaluate --phase P1 --gate --checkpoint /run/media/pma213x/0C6A8CC86A8CAFCE/Ubuntu2/CodeU/Dog1/official-mini-cheetah/checkpoints/official_mini_cheetah_flat_jump_v1_r3/official_mini_cheetah_flat_jump_v1_r3_final.zip --output /run/media/pma213x/0C6A8CC86A8CAFCE/Ubuntu2/CodeU/Dog1/official-mini-cheetah/logs/official_mini_cheetah_flat_jump_v1_r3/P1_gate_attempt_1.json
[2026-10-05T01:53:12+0800] P1 验收未通过，report.passed=false
[2026-10-05T01:53:12+0800] P1 验收命令：/usr/bin/python3 -m rl.evaluate --phase P1 --gate --checkpoint /run/media/pma213x/0C6A8CC86A8CAFCE/Ubuntu2/CodeU/Dog1/official-mini-cheetah/checkpoints/official_mini_cheetah_flat_jump_v1_r3/official_mini_cheetah_flat_jump_v1_r3_final.zip --output /run/media/pma213x/0C6A8CC86A8CAFCE/Ubuntu2/CodeU/Dog1/official-mini-cheetah/logs/official_mini_cheetah_flat_jump_v1_r3/P1_gate_attempt_2.json
[2026-10-05T01:53:36+0800] P1 验收未通过，report.passed=false
[2026-10-05T01:53:36+0800] P1 连续 Gate 批次结果=[False, False, False]
[2026-10-05T01:53:36+0800] P1 启动：/usr/bin/python3 -m rl.train --phase P1 --total-steps 300000 --device cuda --ckptdir /run/media/pma213x/0C6A8CC86A8CAFCE/Ubuntu2/CodeU/Dog1/official-mini-cheetah/checkpoints/official_mini_cheetah_flat_jump_v1_r3 --ckpt-prefix official_mini_cheetah_flat_jump_v1_r3 --logdir /run/media/pma213x/0C6A8CC86A8CAFCE/Ubuntu2/CodeU/Dog1/official-mini-cheetah/runs/official_mini_cheetah_flat_jump_v1_r3/P1_parallel --bridge-port 11452 --num-envs 4 --checkpoint-interval 20000 --randomization-mode fixed --seed 20261003 --resume /run/media/pma213x/0C6A8CC86A8CAFCE/Ubuntu2/CodeU/Dog1/official-mini-cheetah/checkpoints/official_mini_cheetah_flat_jump_v1_r3/official_mini_cheetah_flat_jump_v1_r3_final.zip
[2026-10-05T01:53:43+0800] P1 四 worker 实时健康确认通过
[2026-10-05T01:53:56+0800] P1 验收命令：/usr/bin/python3 -m rl.evaluate --phase P1 --gate --checkpoint /run/media/pma213x/0C6A8CC86A8CAFCE/Ubuntu2/CodeU/Dog1/official-mini-cheetah/checkpoints/official_mini_cheetah_flat_jump_v1_r3/official_mini_cheetah_flat_jump_v1_r3_final.zip --output /run/media/pma213x/0C6A8CC86A8CAFCE/Ubuntu2/CodeU/Dog1/official-mini-cheetah/logs/official_mini_cheetah_flat_jump_v1_r3/P1_gate_attempt_0.json
[2026-10-05T01:54:19+0800] P1 验收未通过，report.passed=false
[2026-10-05T01:54:19+0800] P1 验收命令：/usr/bin/python3 -m rl.evaluate --phase P1 --gate --checkpoint /run/media/pma213x/0C6A8CC86A8CAFCE/Ubuntu2/CodeU/Dog1/official-mini-cheetah/checkpoints/official_mini_cheetah_flat_jump_v1_r3/official_mini_cheetah_flat_jump_v1_r3_final.zip --output /run/media/pma213x/0C6A8CC86A8CAFCE/Ubuntu2/CodeU/Dog1/official-mini-cheetah/logs/official_mini_cheetah_flat_jump_v1_r3/P1_gate_attempt_1.json
[2026-10-05T01:54:42+0800] P1 验收未通过，report.passed=false
[2026-10-05T01:54:42+0800] P1 验收命令：/usr/bin/python3 -m rl.evaluate --phase P1 --gate --checkpoint /run/media/pma213x/0C6A8CC86A8CAFCE/Ubuntu2/CodeU/Dog1/official-mini-cheetah/checkpoints/official_mini_cheetah_flat_jump_v1_r3/official_mini_cheetah_flat_jump_v1_r3_final.zip --output /run/media/pma213x/0C6A8CC86A8CAFCE/Ubuntu2/CodeU/Dog1/official-mini-cheetah/logs/official_mini_cheetah_flat_jump_v1_r3/P1_gate_attempt_2.json
[2026-10-05T01:55:05+0800] P1 验收未通过，report.passed=false
[2026-10-05T01:55:05+0800] P1 连续 Gate 批次结果=[False, False, False]
[2026-10-05T01:55:05+0800] P1 启动：/usr/bin/python3 -m rl.train --phase P1 --total-steps 310000 --device cuda --ckptdir /run/media/pma213x/0C6A8CC86A8CAFCE/Ubuntu2/CodeU/Dog1/official-mini-cheetah/checkpoints/official_mini_cheetah_flat_jump_v1_r3 --ckpt-prefix official_mini_cheetah_flat_jump_v1_r3 --logdir /run/media/pma213x/0C6A8CC86A8CAFCE/Ubuntu2/CodeU/Dog1/official-mini-cheetah/runs/official_mini_cheetah_flat_jump_v1_r3/P1_parallel --bridge-port 11452 --num-envs 4 --checkpoint-interval 20000 --randomization-mode fixed --seed 20261003 --resume /run/media/pma213x/0C6A8CC86A8CAFCE/Ubuntu2/CodeU/Dog1/official-mini-cheetah/checkpoints/official_mini_cheetah_flat_jump_v1_r3/official_mini_cheetah_flat_jump_v1_r3_final.zip
[2026-10-05T01:55:12+0800] P1 四 worker 实时健康确认通过
[2026-10-05T01:55:25+0800] P1 验收命令：/usr/bin/python3 -m rl.evaluate --phase P1 --gate --checkpoint /run/media/pma213x/0C6A8CC86A8CAFCE/Ubuntu2/CodeU/Dog1/official-mini-cheetah/checkpoints/official_mini_cheetah_flat_jump_v1_r3/official_mini_cheetah_flat_jump_v1_r3_final.zip --output /run/media/pma213x/0C6A8CC86A8CAFCE/Ubuntu2/CodeU/Dog1/official-mini-cheetah/logs/official_mini_cheetah_flat_jump_v1_r3/P1_gate_attempt_0.json
[2026-10-05T01:55:50+0800] P1 验收未通过，report.passed=false
[2026-10-05T01:55:50+0800] P1 验收命令：/usr/bin/python3 -m rl.evaluate --phase P1 --gate --checkpoint /run/media/pma213x/0C6A8CC86A8CAFCE/Ubuntu2/CodeU/Dog1/official-mini-cheetah/checkpoints/official_mini_cheetah_flat_jump_v1_r3/official_mini_cheetah_flat_jump_v1_r3_final.zip --output /run/media/pma213x/0C6A8CC86A8CAFCE/Ubuntu2/CodeU/Dog1/official-mini-cheetah/logs/official_mini_cheetah_flat_jump_v1_r3/P1_gate_attempt_1.json
[2026-10-05T01:56:13+0800] P1 验收未通过，report.passed=false
[2026-10-05T01:56:13+0800] P1 验收命令：/usr/bin/python3 -m rl.evaluate --phase P1 --gate --checkpoint /run/media/pma213x/0C6A8CC86A8CAFCE/Ubuntu2/CodeU/Dog1/official-mini-cheetah/checkpoints/official_mini_cheetah_flat_jump_v1_r3/official_mini_cheetah_flat_jump_v1_r3_final.zip --output /run/media/pma213x/0C6A8CC86A8CAFCE/Ubuntu2/CodeU/Dog1/official-mini-cheetah/logs/official_mini_cheetah_flat_jump_v1_r3/P1_gate_attempt_2.json
[2026-10-05T01:56:37+0800] P1 验收未通过，report.passed=false
[2026-10-05T01:56:37+0800] P1 连续 Gate 批次结果=[False, False, False]
[2026-10-05T01:56:37+0800] P1 启动：/usr/bin/python3 -m rl.train --phase P1 --total-steps 320000 --device cuda --ckptdir /run/media/pma213x/0C6A8CC86A8CAFCE/Ubuntu2/CodeU/Dog1/official-mini-cheetah/checkpoints/official_mini_cheetah_flat_jump_v1_r3 --ckpt-prefix official_mini_cheetah_flat_jump_v1_r3 --logdir /run/media/pma213x/0C6A8CC86A8CAFCE/Ubuntu2/CodeU/Dog1/official-mini-cheetah/runs/official_mini_cheetah_flat_jump_v1_r3/P1_parallel --bridge-port 11452 --num-envs 4 --checkpoint-interval 20000 --randomization-mode fixed --seed 20261003 --resume /run/media/pma213x/0C6A8CC86A8CAFCE/Ubuntu2/CodeU/Dog1/official-mini-cheetah/checkpoints/official_mini_cheetah_flat_jump_v1_r3/official_mini_cheetah_flat_jump_v1_r3_final.zip
[2026-10-05T01:56:43+0800] P1 四 worker 实时健康确认通过
[2026-10-05T01:56:56+0800] P1 验收命令：/usr/bin/python3 -m rl.evaluate --phase P1 --gate --checkpoint /run/media/pma213x/0C6A8CC86A8CAFCE/Ubuntu2/CodeU/Dog1/official-mini-cheetah/checkpoints/official_mini_cheetah_flat_jump_v1_r3/official_mini_cheetah_flat_jump_v1_r3_final.zip --output /run/media/pma213x/0C6A8CC86A8CAFCE/Ubuntu2/CodeU/Dog1/official-mini-cheetah/logs/official_mini_cheetah_flat_jump_v1_r3/P1_gate_attempt_0.json
[2026-10-05T01:57:21+0800] P1 验收未通过，report.passed=false
[2026-10-05T01:57:21+0800] P1 验收命令：/usr/bin/python3 -m rl.evaluate --phase P1 --gate --checkpoint /run/media/pma213x/0C6A8CC86A8CAFCE/Ubuntu2/CodeU/Dog1/official-mini-cheetah/checkpoints/official_mini_cheetah_flat_jump_v1_r3/official_mini_cheetah_flat_jump_v1_r3_final.zip --output /run/media/pma213x/0C6A8CC86A8CAFCE/Ubuntu2/CodeU/Dog1/official-mini-cheetah/logs/official_mini_cheetah_flat_jump_v1_r3/P1_gate_attempt_1.json
[2026-10-05T01:57:44+0800] P1 验收未通过，report.passed=false
[2026-10-05T01:57:44+0800] P1 验收命令：/usr/bin/python3 -m rl.evaluate --phase P1 --gate --checkpoint /run/media/pma213x/0C6A8CC86A8CAFCE/Ubuntu2/CodeU/Dog1/official-mini-cheetah/checkpoints/official_mini_cheetah_flat_jump_v1_r3/official_mini_cheetah_flat_jump_v1_r3_final.zip --output /run/media/pma213x/0C6A8CC86A8CAFCE/Ubuntu2/CodeU/Dog1/official-mini-cheetah/logs/official_mini_cheetah_flat_jump_v1_r3/P1_gate_attempt_2.json
[2026-10-05T01:58:07+0800] P1 验收未通过，report.passed=false
[2026-10-05T01:58:07+0800] P1 连续 Gate 批次结果=[False, False, False]
[2026-10-05T01:58:07+0800] P1 启动：/usr/bin/python3 -m rl.train --phase P1 --total-steps 330000 --device cuda --ckptdir /run/media/pma213x/0C6A8CC86A8CAFCE/Ubuntu2/CodeU/Dog1/official-mini-cheetah/checkpoints/official_mini_cheetah_flat_jump_v1_r3 --ckpt-prefix official_mini_cheetah_flat_jump_v1_r3 --logdir /run/media/pma213x/0C6A8CC86A8CAFCE/Ubuntu2/CodeU/Dog1/official-mini-cheetah/runs/official_mini_cheetah_flat_jump_v1_r3/P1_parallel --bridge-port 11452 --num-envs 4 --checkpoint-interval 20000 --randomization-mode fixed --seed 20261003 --resume /run/media/pma213x/0C6A8CC86A8CAFCE/Ubuntu2/CodeU/Dog1/official-mini-cheetah/checkpoints/official_mini_cheetah_flat_jump_v1_r3/official_mini_cheetah_flat_jump_v1_r3_final.zip
[2026-10-05T01:58:14+0800] P1 四 worker 实时健康确认通过
[2026-10-05T01:58:27+0800] P1 验收命令：/usr/bin/python3 -m rl.evaluate --phase P1 --gate --checkpoint /run/media/pma213x/0C6A8CC86A8CAFCE/Ubuntu2/CodeU/Dog1/official-mini-cheetah/checkpoints/official_mini_cheetah_flat_jump_v1_r3/official_mini_cheetah_flat_jump_v1_r3_final.zip --output /run/media/pma213x/0C6A8CC86A8CAFCE/Ubuntu2/CodeU/Dog1/official-mini-cheetah/logs/official_mini_cheetah_flat_jump_v1_r3/P1_gate_attempt_0.json
[2026-10-05T01:58:51+0800] P1 验收未通过，report.passed=false
[2026-10-05T01:58:51+0800] P1 验收命令：/usr/bin/python3 -m rl.evaluate --phase P1 --gate --checkpoint /run/media/pma213x/0C6A8CC86A8CAFCE/Ubuntu2/CodeU/Dog1/official-mini-cheetah/checkpoints/official_mini_cheetah_flat_jump_v1_r3/official_mini_cheetah_flat_jump_v1_r3_final.zip --output /run/media/pma213x/0C6A8CC86A8CAFCE/Ubuntu2/CodeU/Dog1/official-mini-cheetah/logs/official_mini_cheetah_flat_jump_v1_r3/P1_gate_attempt_1.json
[2026-10-05T01:59:15+0800] P1 验收未通过，report.passed=false
[2026-10-05T01:59:15+0800] P1 验收命令：/usr/bin/python3 -m rl.evaluate --phase P1 --gate --checkpoint /run/media/pma213x/0C6A8CC86A8CAFCE/Ubuntu2/CodeU/Dog1/official-mini-cheetah/checkpoints/official_mini_cheetah_flat_jump_v1_r3/official_mini_cheetah_flat_jump_v1_r3_final.zip --output /run/media/pma213x/0C6A8CC86A8CAFCE/Ubuntu2/CodeU/Dog1/official-mini-cheetah/logs/official_mini_cheetah_flat_jump_v1_r3/P1_gate_attempt_2.json
[2026-10-05T01:59:38+0800] P1 验收未通过，report.passed=false
[2026-10-05T01:59:38+0800] P1 连续 Gate 批次结果=[False, False, False]
[2026-10-05T01:59:38+0800] P1 启动：/usr/bin/python3 -m rl.train --phase P1 --total-steps 340000 --device cuda --ckptdir /run/media/pma213x/0C6A8CC86A8CAFCE/Ubuntu2/CodeU/Dog1/official-mini-cheetah/checkpoints/official_mini_cheetah_flat_jump_v1_r3 --ckpt-prefix official_mini_cheetah_flat_jump_v1_r3 --logdir /run/media/pma213x/0C6A8CC86A8CAFCE/Ubuntu2/CodeU/Dog1/official-mini-cheetah/runs/official_mini_cheetah_flat_jump_v1_r3/P1_parallel --bridge-port 11452 --num-envs 4 --checkpoint-interval 20000 --randomization-mode fixed --seed 20261003 --resume /run/media/pma213x/0C6A8CC86A8CAFCE/Ubuntu2/CodeU/Dog1/official-mini-cheetah/checkpoints/official_mini_cheetah_flat_jump_v1_r3/official_mini_cheetah_flat_jump_v1_r3_final.zip
[2026-10-05T01:59:45+0800] P1 四 worker 实时健康确认通过
[2026-10-05T01:59:58+0800] P1 验收命令：/usr/bin/python3 -m rl.evaluate --phase P1 --gate --checkpoint /run/media/pma213x/0C6A8CC86A8CAFCE/Ubuntu2/CodeU/Dog1/official-mini-cheetah/checkpoints/official_mini_cheetah_flat_jump_v1_r3/official_mini_cheetah_flat_jump_v1_r3_final.zip --output /run/media/pma213x/0C6A8CC86A8CAFCE/Ubuntu2/CodeU/Dog1/official-mini-cheetah/logs/official_mini_cheetah_flat_jump_v1_r3/P1_gate_attempt_0.json
[2026-10-05T02:00:21+0800] P1 验收未通过，report.passed=false
[2026-10-05T02:00:21+0800] P1 验收命令：/usr/bin/python3 -m rl.evaluate --phase P1 --gate --checkpoint /run/media/pma213x/0C6A8CC86A8CAFCE/Ubuntu2/CodeU/Dog1/official-mini-cheetah/checkpoints/official_mini_cheetah_flat_jump_v1_r3/official_mini_cheetah_flat_jump_v1_r3_final.zip --output /run/media/pma213x/0C6A8CC86A8CAFCE/Ubuntu2/CodeU/Dog1/official-mini-cheetah/logs/official_mini_cheetah_flat_jump_v1_r3/P1_gate_attempt_1.json
[2026-10-05T02:00:45+0800] P1 验收未通过，report.passed=false
[2026-10-05T02:00:45+0800] P1 验收命令：/usr/bin/python3 -m rl.evaluate --phase P1 --gate --checkpoint /run/media/pma213x/0C6A8CC86A8CAFCE/Ubuntu2/CodeU/Dog1/official-mini-cheetah/checkpoints/official_mini_cheetah_flat_jump_v1_r3/official_mini_cheetah_flat_jump_v1_r3_final.zip --output /run/media/pma213x/0C6A8CC86A8CAFCE/Ubuntu2/CodeU/Dog1/official-mini-cheetah/logs/official_mini_cheetah_flat_jump_v1_r3/P1_gate_attempt_2.json
[2026-10-05T02:01:09+0800] P1 验收未通过，report.passed=false
[2026-10-05T02:01:09+0800] P1 连续 Gate 批次结果=[False, False, False]
[2026-10-05T02:01:09+0800] P1 启动：/usr/bin/python3 -m rl.train --phase P1 --total-steps 350000 --device cuda --ckptdir /run/media/pma213x/0C6A8CC86A8CAFCE/Ubuntu2/CodeU/Dog1/official-mini-cheetah/checkpoints/official_mini_cheetah_flat_jump_v1_r3 --ckpt-prefix official_mini_cheetah_flat_jump_v1_r3 --logdir /run/media/pma213x/0C6A8CC86A8CAFCE/Ubuntu2/CodeU/Dog1/official-mini-cheetah/runs/official_mini_cheetah_flat_jump_v1_r3/P1_parallel --bridge-port 11452 --num-envs 4 --checkpoint-interval 20000 --randomization-mode fixed --seed 20261003 --resume /run/media/pma213x/0C6A8CC86A8CAFCE/Ubuntu2/CodeU/Dog1/official-mini-cheetah/checkpoints/official_mini_cheetah_flat_jump_v1_r3/official_mini_cheetah_flat_jump_v1_r3_final.zip
[2026-10-05T02:01:15+0800] P1 四 worker 实时健康确认通过
[2026-10-05T02:01:28+0800] P1 验收命令：/usr/bin/python3 -m rl.evaluate --phase P1 --gate --checkpoint /run/media/pma213x/0C6A8CC86A8CAFCE/Ubuntu2/CodeU/Dog1/official-mini-cheetah/checkpoints/official_mini_cheetah_flat_jump_v1_r3/official_mini_cheetah_flat_jump_v1_r3_final.zip --output /run/media/pma213x/0C6A8CC86A8CAFCE/Ubuntu2/CodeU/Dog1/official-mini-cheetah/logs/official_mini_cheetah_flat_jump_v1_r3/P1_gate_attempt_0.json
[2026-10-05T02:01:50+0800] P1 验收未通过，report.passed=false
[2026-10-05T02:01:50+0800] P1 验收命令：/usr/bin/python3 -m rl.evaluate --phase P1 --gate --checkpoint /run/media/pma213x/0C6A8CC86A8CAFCE/Ubuntu2/CodeU/Dog1/official-mini-cheetah/checkpoints/official_mini_cheetah_flat_jump_v1_r3/official_mini_cheetah_flat_jump_v1_r3_final.zip --output /run/media/pma213x/0C6A8CC86A8CAFCE/Ubuntu2/CodeU/Dog1/official-mini-cheetah/logs/official_mini_cheetah_flat_jump_v1_r3/P1_gate_attempt_1.json
[2026-10-05T02:02:13+0800] P1 验收未通过，report.passed=false
[2026-10-05T02:02:13+0800] P1 验收命令：/usr/bin/python3 -m rl.evaluate --phase P1 --gate --checkpoint /run/media/pma213x/0C6A8CC86A8CAFCE/Ubuntu2/CodeU/Dog1/official-mini-cheetah/checkpoints/official_mini_cheetah_flat_jump_v1_r3/official_mini_cheetah_flat_jump_v1_r3_final.zip --output /run/media/pma213x/0C6A8CC86A8CAFCE/Ubuntu2/CodeU/Dog1/official-mini-cheetah/logs/official_mini_cheetah_flat_jump_v1_r3/P1_gate_attempt_2.json
[2026-10-05T02:02:37+0800] P1 验收未通过，report.passed=false
[2026-10-05T02:02:37+0800] P1 连续 Gate 批次结果=[False, False, False]
[2026-10-05T02:02:37+0800] P1 启动：/usr/bin/python3 -m rl.train --phase P1 --total-steps 360000 --device cuda --ckptdir /run/media/pma213x/0C6A8CC86A8CAFCE/Ubuntu2/CodeU/Dog1/official-mini-cheetah/checkpoints/official_mini_cheetah_flat_jump_v1_r3 --ckpt-prefix official_mini_cheetah_flat_jump_v1_r3 --logdir /run/media/pma213x/0C6A8CC86A8CAFCE/Ubuntu2/CodeU/Dog1/official-mini-cheetah/runs/official_mini_cheetah_flat_jump_v1_r3/P1_parallel --bridge-port 11452 --num-envs 4 --checkpoint-interval 20000 --randomization-mode fixed --seed 20261003 --resume /run/media/pma213x/0C6A8CC86A8CAFCE/Ubuntu2/CodeU/Dog1/official-mini-cheetah/checkpoints/official_mini_cheetah_flat_jump_v1_r3/official_mini_cheetah_flat_jump_v1_r3_final.zip
[2026-10-05T02:02:43+0800] P1 四 worker 实时健康确认通过
[2026-10-05T02:02:56+0800] P1 验收命令：/usr/bin/python3 -m rl.evaluate --phase P1 --gate --checkpoint /run/media/pma213x/0C6A8CC86A8CAFCE/Ubuntu2/CodeU/Dog1/official-mini-cheetah/checkpoints/official_mini_cheetah_flat_jump_v1_r3/official_mini_cheetah_flat_jump_v1_r3_final.zip --output /run/media/pma213x/0C6A8CC86A8CAFCE/Ubuntu2/CodeU/Dog1/official-mini-cheetah/logs/official_mini_cheetah_flat_jump_v1_r3/P1_gate_attempt_0.json
[2026-10-05T02:03:20+0800] P1 验收未通过，report.passed=false
[2026-10-05T02:03:20+0800] P1 验收命令：/usr/bin/python3 -m rl.evaluate --phase P1 --gate --checkpoint /run/media/pma213x/0C6A8CC86A8CAFCE/Ubuntu2/CodeU/Dog1/official-mini-cheetah/checkpoints/official_mini_cheetah_flat_jump_v1_r3/official_mini_cheetah_flat_jump_v1_r3_final.zip --output /run/media/pma213x/0C6A8CC86A8CAFCE/Ubuntu2/CodeU/Dog1/official-mini-cheetah/logs/official_mini_cheetah_flat_jump_v1_r3/P1_gate_attempt_1.json
[2026-10-05T02:03:43+0800] P1 验收未通过，report.passed=false
[2026-10-05T02:03:43+0800] P1 验收命令：/usr/bin/python3 -m rl.evaluate --phase P1 --gate --checkpoint /run/media/pma213x/0C6A8CC86A8CAFCE/Ubuntu2/CodeU/Dog1/official-mini-cheetah/checkpoints/official_mini_cheetah_flat_jump_v1_r3/official_mini_cheetah_flat_jump_v1_r3_final.zip --output /run/media/pma213x/0C6A8CC86A8CAFCE/Ubuntu2/CodeU/Dog1/official-mini-cheetah/logs/official_mini_cheetah_flat_jump_v1_r3/P1_gate_attempt_2.json
[2026-10-05T02:04:06+0800] P1 验收未通过，report.passed=false
[2026-10-05T02:04:06+0800] P1 连续 Gate 批次结果=[False, False, False]
[2026-10-05T02:04:06+0800] P1 启动：/usr/bin/python3 -m rl.train --phase P1 --total-steps 370000 --device cuda --ckptdir /run/media/pma213x/0C6A8CC86A8CAFCE/Ubuntu2/CodeU/Dog1/official-mini-cheetah/checkpoints/official_mini_cheetah_flat_jump_v1_r3 --ckpt-prefix official_mini_cheetah_flat_jump_v1_r3 --logdir /run/media/pma213x/0C6A8CC86A8CAFCE/Ubuntu2/CodeU/Dog1/official-mini-cheetah/runs/official_mini_cheetah_flat_jump_v1_r3/P1_parallel --bridge-port 11452 --num-envs 4 --checkpoint-interval 20000 --randomization-mode fixed --seed 20261003 --resume /run/media/pma213x/0C6A8CC86A8CAFCE/Ubuntu2/CodeU/Dog1/official-mini-cheetah/checkpoints/official_mini_cheetah_flat_jump_v1_r3/official_mini_cheetah_flat_jump_v1_r3_final.zip
[2026-10-05T02:04:10+0800] P1 四 worker 实时健康确认通过
[2026-10-05T02:04:24+0800] P1 验收命令：/usr/bin/python3 -m rl.evaluate --phase P1 --gate --checkpoint /run/media/pma213x/0C6A8CC86A8CAFCE/Ubuntu2/CodeU/Dog1/official-mini-cheetah/checkpoints/official_mini_cheetah_flat_jump_v1_r3/official_mini_cheetah_flat_jump_v1_r3_final.zip --output /run/media/pma213x/0C6A8CC86A8CAFCE/Ubuntu2/CodeU/Dog1/official-mini-cheetah/logs/official_mini_cheetah_flat_jump_v1_r3/P1_gate_attempt_0.json
[2026-10-05T02:04:47+0800] P1 验收未通过，report.passed=false
[2026-10-05T02:04:47+0800] P1 验收命令：/usr/bin/python3 -m rl.evaluate --phase P1 --gate --checkpoint /run/media/pma213x/0C6A8CC86A8CAFCE/Ubuntu2/CodeU/Dog1/official-mini-cheetah/checkpoints/official_mini_cheetah_flat_jump_v1_r3/official_mini_cheetah_flat_jump_v1_r3_final.zip --output /run/media/pma213x/0C6A8CC86A8CAFCE/Ubuntu2/CodeU/Dog1/official-mini-cheetah/logs/official_mini_cheetah_flat_jump_v1_r3/P1_gate_attempt_1.json
[2026-10-05T02:05:10+0800] P1 验收未通过，report.passed=false
[2026-10-05T02:05:10+0800] P1 验收命令：/usr/bin/python3 -m rl.evaluate --phase P1 --gate --checkpoint /run/media/pma213x/0C6A8CC86A8CAFCE/Ubuntu2/CodeU/Dog1/official-mini-cheetah/checkpoints/official_mini_cheetah_flat_jump_v1_r3/official_mini_cheetah_flat_jump_v1_r3_final.zip --output /run/media/pma213x/0C6A8CC86A8CAFCE/Ubuntu2/CodeU/Dog1/official-mini-cheetah/logs/official_mini_cheetah_flat_jump_v1_r3/P1_gate_attempt_2.json
[2026-10-05T02:05:33+0800] P1 验收未通过，report.passed=false
[2026-10-05T02:05:33+0800] P1 连续 Gate 批次结果=[False, False, False]
[2026-10-05T02:05:33+0800] P1 启动：/usr/bin/python3 -m rl.train --phase P1 --total-steps 380000 --device cuda --ckptdir /run/media/pma213x/0C6A8CC86A8CAFCE/Ubuntu2/CodeU/Dog1/official-mini-cheetah/checkpoints/official_mini_cheetah_flat_jump_v1_r3 --ckpt-prefix official_mini_cheetah_flat_jump_v1_r3 --logdir /run/media/pma213x/0C6A8CC86A8CAFCE/Ubuntu2/CodeU/Dog1/official-mini-cheetah/runs/official_mini_cheetah_flat_jump_v1_r3/P1_parallel --bridge-port 11452 --num-envs 4 --checkpoint-interval 20000 --randomization-mode fixed --seed 20261003 --resume /run/media/pma213x/0C6A8CC86A8CAFCE/Ubuntu2/CodeU/Dog1/official-mini-cheetah/checkpoints/official_mini_cheetah_flat_jump_v1_r3/official_mini_cheetah_flat_jump_v1_r3_final.zip
[2026-10-05T02:05:39+0800] P1 四 worker 实时健康确认通过
[2026-10-05T02:05:52+0800] P1 验收命令：/usr/bin/python3 -m rl.evaluate --phase P1 --gate --checkpoint /run/media/pma213x/0C6A8CC86A8CAFCE/Ubuntu2/CodeU/Dog1/official-mini-cheetah/checkpoints/official_mini_cheetah_flat_jump_v1_r3/official_mini_cheetah_flat_jump_v1_r3_final.zip --output /run/media/pma213x/0C6A8CC86A8CAFCE/Ubuntu2/CodeU/Dog1/official-mini-cheetah/logs/official_mini_cheetah_flat_jump_v1_r3/P1_gate_attempt_0.json
[2026-10-05T02:06:16+0800] P1 验收未通过，report.passed=false
[2026-10-05T02:06:16+0800] P1 验收命令：/usr/bin/python3 -m rl.evaluate --phase P1 --gate --checkpoint /run/media/pma213x/0C6A8CC86A8CAFCE/Ubuntu2/CodeU/Dog1/official-mini-cheetah/checkpoints/official_mini_cheetah_flat_jump_v1_r3/official_mini_cheetah_flat_jump_v1_r3_final.zip --output /run/media/pma213x/0C6A8CC86A8CAFCE/Ubuntu2/CodeU/Dog1/official-mini-cheetah/logs/official_mini_cheetah_flat_jump_v1_r3/P1_gate_attempt_1.json
[2026-10-05T02:06:39+0800] P1 验收未通过，report.passed=false
[2026-10-05T02:06:39+0800] P1 验收命令：/usr/bin/python3 -m rl.evaluate --phase P1 --gate --checkpoint /run/media/pma213x/0C6A8CC86A8CAFCE/Ubuntu2/CodeU/Dog1/official-mini-cheetah/checkpoints/official_mini_cheetah_flat_jump_v1_r3/official_mini_cheetah_flat_jump_v1_r3_final.zip --output /run/media/pma213x/0C6A8CC86A8CAFCE/Ubuntu2/CodeU/Dog1/official-mini-cheetah/logs/official_mini_cheetah_flat_jump_v1_r3/P1_gate_attempt_2.json
[2026-10-05T02:07:02+0800] P1 验收未通过，report.passed=false
[2026-10-05T02:07:02+0800] P1 连续 Gate 批次结果=[False, False, False]
[2026-10-05T02:07:02+0800] P1 启动：/usr/bin/python3 -m rl.train --phase P1 --total-steps 390000 --device cuda --ckptdir /run/media/pma213x/0C6A8CC86A8CAFCE/Ubuntu2/CodeU/Dog1/official-mini-cheetah/checkpoints/official_mini_cheetah_flat_jump_v1_r3 --ckpt-prefix official_mini_cheetah_flat_jump_v1_r3 --logdir /run/media/pma213x/0C6A8CC86A8CAFCE/Ubuntu2/CodeU/Dog1/official-mini-cheetah/runs/official_mini_cheetah_flat_jump_v1_r3/P1_parallel --bridge-port 11452 --num-envs 4 --checkpoint-interval 20000 --randomization-mode fixed --seed 20261003 --resume /run/media/pma213x/0C6A8CC86A8CAFCE/Ubuntu2/CodeU/Dog1/official-mini-cheetah/checkpoints/official_mini_cheetah_flat_jump_v1_r3/official_mini_cheetah_flat_jump_v1_r3_final.zip
[2026-10-05T02:07:09+0800] P1 四 worker 实时健康确认通过
[2026-10-05T02:07:21+0800] P1 验收命令：/usr/bin/python3 -m rl.evaluate --phase P1 --gate --checkpoint /run/media/pma213x/0C6A8CC86A8CAFCE/Ubuntu2/CodeU/Dog1/official-mini-cheetah/checkpoints/official_mini_cheetah_flat_jump_v1_r3/official_mini_cheetah_flat_jump_v1_r3_final.zip --output /run/media/pma213x/0C6A8CC86A8CAFCE/Ubuntu2/CodeU/Dog1/official-mini-cheetah/logs/official_mini_cheetah_flat_jump_v1_r3/P1_gate_attempt_0.json
[2026-10-05T02:07:46+0800] P1 验收未通过，report.passed=false
[2026-10-05T02:07:46+0800] P1 验收命令：/usr/bin/python3 -m rl.evaluate --phase P1 --gate --checkpoint /run/media/pma213x/0C6A8CC86A8CAFCE/Ubuntu2/CodeU/Dog1/official-mini-cheetah/checkpoints/official_mini_cheetah_flat_jump_v1_r3/official_mini_cheetah_flat_jump_v1_r3_final.zip --output /run/media/pma213x/0C6A8CC86A8CAFCE/Ubuntu2/CodeU/Dog1/official-mini-cheetah/logs/official_mini_cheetah_flat_jump_v1_r3/P1_gate_attempt_1.json
[2026-10-05T02:08:09+0800] P1 验收未通过，report.passed=false
[2026-10-05T02:08:09+0800] P1 验收命令：/usr/bin/python3 -m rl.evaluate --phase P1 --gate --checkpoint /run/media/pma213x/0C6A8CC86A8CAFCE/Ubuntu2/CodeU/Dog1/official-mini-cheetah/checkpoints/official_mini_cheetah_flat_jump_v1_r3/official_mini_cheetah_flat_jump_v1_r3_final.zip --output /run/media/pma213x/0C6A8CC86A8CAFCE/Ubuntu2/CodeU/Dog1/official-mini-cheetah/logs/official_mini_cheetah_flat_jump_v1_r3/P1_gate_attempt_2.json
[2026-10-05T02:08:33+0800] P1 验收未通过，report.passed=false
[2026-10-05T02:08:33+0800] P1 连续 Gate 批次结果=[False, False, False]
[2026-10-05T02:08:33+0800] P1 启动：/usr/bin/python3 -m rl.train --phase P1 --total-steps 400000 --device cuda --ckptdir /run/media/pma213x/0C6A8CC86A8CAFCE/Ubuntu2/CodeU/Dog1/official-mini-cheetah/checkpoints/official_mini_cheetah_flat_jump_v1_r3 --ckpt-prefix official_mini_cheetah_flat_jump_v1_r3 --logdir /run/media/pma213x/0C6A8CC86A8CAFCE/Ubuntu2/CodeU/Dog1/official-mini-cheetah/runs/official_mini_cheetah_flat_jump_v1_r3/P1_parallel --bridge-port 11452 --num-envs 4 --checkpoint-interval 20000 --randomization-mode fixed --seed 20261003 --resume /run/media/pma213x/0C6A8CC86A8CAFCE/Ubuntu2/CodeU/Dog1/official-mini-cheetah/checkpoints/official_mini_cheetah_flat_jump_v1_r3/official_mini_cheetah_flat_jump_v1_r3_final.zip
[2026-10-05T02:08:40+0800] P1 四 worker 实时健康确认通过
[2026-10-05T02:08:53+0800] P1 验收命令：/usr/bin/python3 -m rl.evaluate --phase P1 --gate --checkpoint /run/media/pma213x/0C6A8CC86A8CAFCE/Ubuntu2/CodeU/Dog1/official-mini-cheetah/checkpoints/official_mini_cheetah_flat_jump_v1_r3/official_mini_cheetah_flat_jump_v1_r3_final.zip --output /run/media/pma213x/0C6A8CC86A8CAFCE/Ubuntu2/CodeU/Dog1/official-mini-cheetah/logs/official_mini_cheetah_flat_jump_v1_r3/P1_gate_attempt_0.json
[2026-10-05T02:09:17+0800] P1 验收未通过，report.passed=false
[2026-10-05T02:09:17+0800] P1 验收命令：/usr/bin/python3 -m rl.evaluate --phase P1 --gate --checkpoint /run/media/pma213x/0C6A8CC86A8CAFCE/Ubuntu2/CodeU/Dog1/official-mini-cheetah/checkpoints/official_mini_cheetah_flat_jump_v1_r3/official_mini_cheetah_flat_jump_v1_r3_final.zip --output /run/media/pma213x/0C6A8CC86A8CAFCE/Ubuntu2/CodeU/Dog1/official-mini-cheetah/logs/official_mini_cheetah_flat_jump_v1_r3/P1_gate_attempt_1.json
[2026-10-05T02:09:41+0800] P1 验收未通过，report.passed=false
[2026-10-05T02:09:41+0800] P1 验收命令：/usr/bin/python3 -m rl.evaluate --phase P1 --gate --checkpoint /run/media/pma213x/0C6A8CC86A8CAFCE/Ubuntu2/CodeU/Dog1/official-mini-cheetah/checkpoints/official_mini_cheetah_flat_jump_v1_r3/official_mini_cheetah_flat_jump_v1_r3_final.zip --output /run/media/pma213x/0C6A8CC86A8CAFCE/Ubuntu2/CodeU/Dog1/official-mini-cheetah/logs/official_mini_cheetah_flat_jump_v1_r3/P1_gate_attempt_2.json
[2026-10-05T02:10:04+0800] P1 验收未通过，report.passed=false
[2026-10-05T02:10:04+0800] P1 连续 Gate 批次结果=[False, False, False]
[2026-10-05T02:10:04+0800] 失败即停：P1 Gate 在预算 400000 处失败，按计划停止且不自动延长
[2026-10-05T12:42:07+0800] P1 连续 Gate 批次结果=[True, False, True]
[2026-10-05T12:47:25+0800] P1 连续 Gate 批次结果=[True, False, True]
[2026-10-05T12:49:04+0800] P1 连续 Gate 批次结果=[True, False, True]
[2026-10-05T12:50:01+0800] P1 连续 Gate 批次结果=[True, False, True]
[2026-10-05T12:58:07+0800] R3 新训练断点 steps=0 restart_p0_from_zero=True
[2026-10-05T12:58:07+0800] P0 启动：/usr/bin/python3 -m rl.train --phase P0 --total-steps 10000 --device cuda --ckptdir /run/media/pma213x/0C6A8CC86A8CAFCE/Ubuntu2/CodeU/Dog1/official-mini-cheetah/checkpoints/official_mini_cheetah_flat_jump_v1_r3 --ckpt-prefix official_mini_cheetah_flat_jump_v1_r3 --logdir /run/media/pma213x/0C6A8CC86A8CAFCE/Ubuntu2/CodeU/Dog1/official-mini-cheetah/runs/official_mini_cheetah_flat_jump_v1_r3/P0_parallel --bridge-port 11452 --num-envs 4 --checkpoint-interval 20000 --randomization-mode fixed --seed 20261003 --phase-step-offset 0
[2026-10-05T12:58:14+0800] P0 四 worker 实时健康确认通过
[2026-10-05T12:58:33+0800] P0 验收命令：/usr/bin/python3 -m rl.evaluate --phase P0 --gate --checkpoint /run/media/pma213x/0C6A8CC86A8CAFCE/Ubuntu2/CodeU/Dog1/official-mini-cheetah/checkpoints/official_mini_cheetah_flat_jump_v1_r3/official_mini_cheetah_flat_jump_v1_r3_final.zip --output /run/media/pma213x/0C6A8CC86A8CAFCE/Ubuntu2/CodeU/Dog1/official-mini-cheetah/logs/official_mini_cheetah_flat_jump_v1_r3/P0_gate_attempt_0.json
[2026-10-05T12:58:43+0800] P0 验收通过
[2026-10-05T12:58:43+0800] P0 验收命令：/usr/bin/python3 -m rl.evaluate --phase P0 --gate --checkpoint /run/media/pma213x/0C6A8CC86A8CAFCE/Ubuntu2/CodeU/Dog1/official-mini-cheetah/checkpoints/official_mini_cheetah_flat_jump_v1_r3/official_mini_cheetah_flat_jump_v1_r3_final.zip --output /run/media/pma213x/0C6A8CC86A8CAFCE/Ubuntu2/CodeU/Dog1/official-mini-cheetah/logs/official_mini_cheetah_flat_jump_v1_r3/P0_gate_attempt_1.json
[2026-10-05T12:58:51+0800] P0 验收通过
[2026-10-05T12:58:51+0800] P0 验收命令：/usr/bin/python3 -m rl.evaluate --phase P0 --gate --checkpoint /run/media/pma213x/0C6A8CC86A8CAFCE/Ubuntu2/CodeU/Dog1/official-mini-cheetah/checkpoints/official_mini_cheetah_flat_jump_v1_r3/official_mini_cheetah_flat_jump_v1_r3_final.zip --output /run/media/pma213x/0C6A8CC86A8CAFCE/Ubuntu2/CodeU/Dog1/official-mini-cheetah/logs/official_mini_cheetah_flat_jump_v1_r3/P0_gate_attempt_2.json
[2026-10-05T12:59:01+0800] P0 验收通过
[2026-10-05T12:59:01+0800] P0 gate 后健康确认通过
[2026-10-05T12:59:01+0800] P1 启动：/usr/bin/python3 -m rl.train --phase P1 --total-steps 20000 --device cuda --ckptdir /run/media/pma213x/0C6A8CC86A8CAFCE/Ubuntu2/CodeU/Dog1/official-mini-cheetah/checkpoints/official_mini_cheetah_flat_jump_v1_r3 --ckpt-prefix official_mini_cheetah_flat_jump_v1_r3 --logdir /run/media/pma213x/0C6A8CC86A8CAFCE/Ubuntu2/CodeU/Dog1/official-mini-cheetah/runs/official_mini_cheetah_flat_jump_v1_r3/P1_parallel --bridge-port 11452 --num-envs 4 --checkpoint-interval 20000 --randomization-mode fixed --seed 20261003 --phase-step-offset 0 --resume /run/media/pma213x/0C6A8CC86A8CAFCE/Ubuntu2/CodeU/Dog1/official-mini-cheetah/checkpoints/official_mini_cheetah_flat_jump_v1_r3/official_mini_cheetah_flat_jump_v1_r3_final.zip
[2026-10-05T12:59:07+0800] P1 四 worker 实时健康确认通过
[2026-10-05T12:59:27+0800] P1 启动：/usr/bin/python3 -m rl.train --phase P1 --total-steps 30000 --device cuda --ckptdir /run/media/pma213x/0C6A8CC86A8CAFCE/Ubuntu2/CodeU/Dog1/official-mini-cheetah/checkpoints/official_mini_cheetah_flat_jump_v1_r3 --ckpt-prefix official_mini_cheetah_flat_jump_v1_r3 --logdir /run/media/pma213x/0C6A8CC86A8CAFCE/Ubuntu2/CodeU/Dog1/official-mini-cheetah/runs/official_mini_cheetah_flat_jump_v1_r3/P1_parallel --bridge-port 11452 --num-envs 4 --checkpoint-interval 20000 --randomization-mode fixed --seed 20261003 --phase-step-offset 10000 --resume /run/media/pma213x/0C6A8CC86A8CAFCE/Ubuntu2/CodeU/Dog1/official-mini-cheetah/checkpoints/official_mini_cheetah_flat_jump_v1_r3/official_mini_cheetah_flat_jump_v1_r3_final.zip
[2026-10-05T12:59:33+0800] P1 四 worker 实时健康确认通过
[2026-10-05T12:59:53+0800] P1 启动：/usr/bin/python3 -m rl.train --phase P1 --total-steps 40000 --device cuda --ckptdir /run/media/pma213x/0C6A8CC86A8CAFCE/Ubuntu2/CodeU/Dog1/official-mini-cheetah/checkpoints/official_mini_cheetah_flat_jump_v1_r3 --ckpt-prefix official_mini_cheetah_flat_jump_v1_r3 --logdir /run/media/pma213x/0C6A8CC86A8CAFCE/Ubuntu2/CodeU/Dog1/official-mini-cheetah/runs/official_mini_cheetah_flat_jump_v1_r3/P1_parallel --bridge-port 11452 --num-envs 4 --checkpoint-interval 20000 --randomization-mode fixed --seed 20261003 --phase-step-offset 20000 --resume /run/media/pma213x/0C6A8CC86A8CAFCE/Ubuntu2/CodeU/Dog1/official-mini-cheetah/checkpoints/official_mini_cheetah_flat_jump_v1_r3/official_mini_cheetah_flat_jump_v1_r3_final.zip
[2026-10-05T12:59:59+0800] P1 四 worker 实时健康确认通过
[2026-10-05T13:00:19+0800] P1 启动：/usr/bin/python3 -m rl.train --phase P1 --total-steps 50000 --device cuda --ckptdir /run/media/pma213x/0C6A8CC86A8CAFCE/Ubuntu2/CodeU/Dog1/official-mini-cheetah/checkpoints/official_mini_cheetah_flat_jump_v1_r3 --ckpt-prefix official_mini_cheetah_flat_jump_v1_r3 --logdir /run/media/pma213x/0C6A8CC86A8CAFCE/Ubuntu2/CodeU/Dog1/official-mini-cheetah/runs/official_mini_cheetah_flat_jump_v1_r3/P1_parallel --bridge-port 11452 --num-envs 4 --checkpoint-interval 20000 --randomization-mode fixed --seed 20261003 --phase-step-offset 30000 --resume /run/media/pma213x/0C6A8CC86A8CAFCE/Ubuntu2/CodeU/Dog1/official-mini-cheetah/checkpoints/official_mini_cheetah_flat_jump_v1_r3/official_mini_cheetah_flat_jump_v1_r3_final.zip
[2026-10-05T13:00:26+0800] P1 四 worker 实时健康确认通过
[2026-10-05T13:00:44+0800] P1 启动：/usr/bin/python3 -m rl.train --phase P1 --total-steps 60000 --device cuda --ckptdir /run/media/pma213x/0C6A8CC86A8CAFCE/Ubuntu2/CodeU/Dog1/official-mini-cheetah/checkpoints/official_mini_cheetah_flat_jump_v1_r3 --ckpt-prefix official_mini_cheetah_flat_jump_v1_r3 --logdir /run/media/pma213x/0C6A8CC86A8CAFCE/Ubuntu2/CodeU/Dog1/official-mini-cheetah/runs/official_mini_cheetah_flat_jump_v1_r3/P1_parallel --bridge-port 11452 --num-envs 4 --checkpoint-interval 20000 --randomization-mode fixed --seed 20261003 --phase-step-offset 40000 --resume /run/media/pma213x/0C6A8CC86A8CAFCE/Ubuntu2/CodeU/Dog1/official-mini-cheetah/checkpoints/official_mini_cheetah_flat_jump_v1_r3/official_mini_cheetah_flat_jump_v1_r3_final.zip
[2026-10-05T13:00:50+0800] P1 四 worker 实时健康确认通过
[2026-10-05T13:01:09+0800] P1 启动：/usr/bin/python3 -m rl.train --phase P1 --total-steps 70000 --device cuda --ckptdir /run/media/pma213x/0C6A8CC86A8CAFCE/Ubuntu2/CodeU/Dog1/official-mini-cheetah/checkpoints/official_mini_cheetah_flat_jump_v1_r3 --ckpt-prefix official_mini_cheetah_flat_jump_v1_r3 --logdir /run/media/pma213x/0C6A8CC86A8CAFCE/Ubuntu2/CodeU/Dog1/official-mini-cheetah/runs/official_mini_cheetah_flat_jump_v1_r3/P1_parallel --bridge-port 11452 --num-envs 4 --checkpoint-interval 20000 --randomization-mode fixed --seed 20261003 --phase-step-offset 50000 --resume /run/media/pma213x/0C6A8CC86A8CAFCE/Ubuntu2/CodeU/Dog1/official-mini-cheetah/checkpoints/official_mini_cheetah_flat_jump_v1_r3/official_mini_cheetah_flat_jump_v1_r3_final.zip
[2026-10-05T13:01:16+0800] P1 四 worker 实时健康确认通过
[2026-10-05T13:01:36+0800] P1 启动：/usr/bin/python3 -m rl.train --phase P1 --total-steps 80000 --device cuda --ckptdir /run/media/pma213x/0C6A8CC86A8CAFCE/Ubuntu2/CodeU/Dog1/official-mini-cheetah/checkpoints/official_mini_cheetah_flat_jump_v1_r3 --ckpt-prefix official_mini_cheetah_flat_jump_v1_r3 --logdir /run/media/pma213x/0C6A8CC86A8CAFCE/Ubuntu2/CodeU/Dog1/official-mini-cheetah/runs/official_mini_cheetah_flat_jump_v1_r3/P1_parallel --bridge-port 11452 --num-envs 4 --checkpoint-interval 20000 --randomization-mode fixed --seed 20261003 --phase-step-offset 60000 --resume /run/media/pma213x/0C6A8CC86A8CAFCE/Ubuntu2/CodeU/Dog1/official-mini-cheetah/checkpoints/official_mini_cheetah_flat_jump_v1_r3/official_mini_cheetah_flat_jump_v1_r3_final.zip
[2026-10-05T13:01:42+0800] P1 四 worker 实时健康确认通过
[2026-10-05T13:02:03+0800] P1 启动：/usr/bin/python3 -m rl.train --phase P1 --total-steps 90000 --device cuda --ckptdir /run/media/pma213x/0C6A8CC86A8CAFCE/Ubuntu2/CodeU/Dog1/official-mini-cheetah/checkpoints/official_mini_cheetah_flat_jump_v1_r3 --ckpt-prefix official_mini_cheetah_flat_jump_v1_r3 --logdir /run/media/pma213x/0C6A8CC86A8CAFCE/Ubuntu2/CodeU/Dog1/official-mini-cheetah/runs/official_mini_cheetah_flat_jump_v1_r3/P1_parallel --bridge-port 11452 --num-envs 4 --checkpoint-interval 20000 --randomization-mode fixed --seed 20261003 --phase-step-offset 70000 --resume /run/media/pma213x/0C6A8CC86A8CAFCE/Ubuntu2/CodeU/Dog1/official-mini-cheetah/checkpoints/official_mini_cheetah_flat_jump_v1_r3/official_mini_cheetah_flat_jump_v1_r3_final.zip
[2026-10-05T13:02:09+0800] P1 四 worker 实时健康确认通过
[2026-10-05T13:02:28+0800] P1 启动：/usr/bin/python3 -m rl.train --phase P1 --total-steps 100000 --device cuda --ckptdir /run/media/pma213x/0C6A8CC86A8CAFCE/Ubuntu2/CodeU/Dog1/official-mini-cheetah/checkpoints/official_mini_cheetah_flat_jump_v1_r3 --ckpt-prefix official_mini_cheetah_flat_jump_v1_r3 --logdir /run/media/pma213x/0C6A8CC86A8CAFCE/Ubuntu2/CodeU/Dog1/official-mini-cheetah/runs/official_mini_cheetah_flat_jump_v1_r3/P1_parallel --bridge-port 11452 --num-envs 4 --checkpoint-interval 20000 --randomization-mode fixed --seed 20261003 --phase-step-offset 80000 --resume /run/media/pma213x/0C6A8CC86A8CAFCE/Ubuntu2/CodeU/Dog1/official-mini-cheetah/checkpoints/official_mini_cheetah_flat_jump_v1_r3/official_mini_cheetah_flat_jump_v1_r3_final.zip
[2026-10-05T13:02:34+0800] P1 四 worker 实时健康确认通过
[2026-10-05T13:02:52+0800] P1 启动：/usr/bin/python3 -m rl.train --phase P1 --total-steps 110000 --device cuda --ckptdir /run/media/pma213x/0C6A8CC86A8CAFCE/Ubuntu2/CodeU/Dog1/official-mini-cheetah/checkpoints/official_mini_cheetah_flat_jump_v1_r3 --ckpt-prefix official_mini_cheetah_flat_jump_v1_r3 --logdir /run/media/pma213x/0C6A8CC86A8CAFCE/Ubuntu2/CodeU/Dog1/official-mini-cheetah/runs/official_mini_cheetah_flat_jump_v1_r3/P1_parallel --bridge-port 11452 --num-envs 4 --checkpoint-interval 20000 --randomization-mode fixed --seed 20261003 --phase-step-offset 90000 --resume /run/media/pma213x/0C6A8CC86A8CAFCE/Ubuntu2/CodeU/Dog1/official-mini-cheetah/checkpoints/official_mini_cheetah_flat_jump_v1_r3/official_mini_cheetah_flat_jump_v1_r3_final.zip
[2026-10-05T13:02:59+0800] P1 四 worker 实时健康确认通过
[2026-10-05T13:03:17+0800] P1 验收命令：/usr/bin/python3 -m rl.evaluate --phase P1 --gate --checkpoint /run/media/pma213x/0C6A8CC86A8CAFCE/Ubuntu2/CodeU/Dog1/official-mini-cheetah/checkpoints/official_mini_cheetah_flat_jump_v1_r3/official_mini_cheetah_flat_jump_v1_r3_final.zip --output /run/media/pma213x/0C6A8CC86A8CAFCE/Ubuntu2/CodeU/Dog1/official-mini-cheetah/logs/official_mini_cheetah_flat_jump_v1_r3/P1_gate_attempt_0.json
[2026-10-05T13:03:48+0800] P1 验收未通过，report.passed=false
[2026-10-05T13:03:48+0800] P1 验收命令：/usr/bin/python3 -m rl.evaluate --phase P1 --gate --checkpoint /run/media/pma213x/0C6A8CC86A8CAFCE/Ubuntu2/CodeU/Dog1/official-mini-cheetah/checkpoints/official_mini_cheetah_flat_jump_v1_r3/official_mini_cheetah_flat_jump_v1_r3_final.zip --output /run/media/pma213x/0C6A8CC86A8CAFCE/Ubuntu2/CodeU/Dog1/official-mini-cheetah/logs/official_mini_cheetah_flat_jump_v1_r3/P1_gate_attempt_1.json
[2026-10-05T13:04:18+0800] P1 验收未通过，report.passed=false
[2026-10-05T13:04:18+0800] P1 验收命令：/usr/bin/python3 -m rl.evaluate --phase P1 --gate --checkpoint /run/media/pma213x/0C6A8CC86A8CAFCE/Ubuntu2/CodeU/Dog1/official-mini-cheetah/checkpoints/official_mini_cheetah_flat_jump_v1_r3/official_mini_cheetah_flat_jump_v1_r3_final.zip --output /run/media/pma213x/0C6A8CC86A8CAFCE/Ubuntu2/CodeU/Dog1/official-mini-cheetah/logs/official_mini_cheetah_flat_jump_v1_r3/P1_gate_attempt_2.json
[2026-10-05T13:04:53+0800] P1 验收未通过，report.passed=false
[2026-10-05T13:04:53+0800] P1 连续 Gate 批次结果=[False, False, False]
[2026-10-05T13:04:53+0800] P1 启动：/usr/bin/python3 -m rl.train --phase P1 --total-steps 120000 --device cuda --ckptdir /run/media/pma213x/0C6A8CC86A8CAFCE/Ubuntu2/CodeU/Dog1/official-mini-cheetah/checkpoints/official_mini_cheetah_flat_jump_v1_r3 --ckpt-prefix official_mini_cheetah_flat_jump_v1_r3 --logdir /run/media/pma213x/0C6A8CC86A8CAFCE/Ubuntu2/CodeU/Dog1/official-mini-cheetah/runs/official_mini_cheetah_flat_jump_v1_r3/P1_parallel --bridge-port 11452 --num-envs 4 --checkpoint-interval 20000 --randomization-mode fixed --seed 20261003 --phase-step-offset 100000 --resume /run/media/pma213x/0C6A8CC86A8CAFCE/Ubuntu2/CodeU/Dog1/official-mini-cheetah/checkpoints/official_mini_cheetah_flat_jump_v1_r3/official_mini_cheetah_flat_jump_v1_r3_final.zip
[2026-10-05T13:05:00+0800] P1 四 worker 实时健康确认通过
[2026-10-05T13:05:20+0800] P1 验收命令：/usr/bin/python3 -m rl.evaluate --phase P1 --gate --checkpoint /run/media/pma213x/0C6A8CC86A8CAFCE/Ubuntu2/CodeU/Dog1/official-mini-cheetah/checkpoints/official_mini_cheetah_flat_jump_v1_r3/official_mini_cheetah_flat_jump_v1_r3_final.zip --output /run/media/pma213x/0C6A8CC86A8CAFCE/Ubuntu2/CodeU/Dog1/official-mini-cheetah/logs/official_mini_cheetah_flat_jump_v1_r3/P1_gate_attempt_0.json
[2026-10-05T13:05:52+0800] P1 验收未通过，report.passed=false
[2026-10-05T13:05:52+0800] P1 验收命令：/usr/bin/python3 -m rl.evaluate --phase P1 --gate --checkpoint /run/media/pma213x/0C6A8CC86A8CAFCE/Ubuntu2/CodeU/Dog1/official-mini-cheetah/checkpoints/official_mini_cheetah_flat_jump_v1_r3/official_mini_cheetah_flat_jump_v1_r3_final.zip --output /run/media/pma213x/0C6A8CC86A8CAFCE/Ubuntu2/CodeU/Dog1/official-mini-cheetah/logs/official_mini_cheetah_flat_jump_v1_r3/P1_gate_attempt_1.json
[2026-10-05T13:06:22+0800] P1 验收未通过，report.passed=false
[2026-10-05T13:06:22+0800] P1 验收命令：/usr/bin/python3 -m rl.evaluate --phase P1 --gate --checkpoint /run/media/pma213x/0C6A8CC86A8CAFCE/Ubuntu2/CodeU/Dog1/official-mini-cheetah/checkpoints/official_mini_cheetah_flat_jump_v1_r3/official_mini_cheetah_flat_jump_v1_r3_final.zip --output /run/media/pma213x/0C6A8CC86A8CAFCE/Ubuntu2/CodeU/Dog1/official-mini-cheetah/logs/official_mini_cheetah_flat_jump_v1_r3/P1_gate_attempt_2.json
[2026-10-05T13:06:52+0800] P1 验收未通过，report.passed=false
[2026-10-05T13:06:52+0800] P1 连续 Gate 批次结果=[False, False, False]
[2026-10-05T13:06:52+0800] P1 启动：/usr/bin/python3 -m rl.train --phase P1 --total-steps 130000 --device cuda --ckptdir /run/media/pma213x/0C6A8CC86A8CAFCE/Ubuntu2/CodeU/Dog1/official-mini-cheetah/checkpoints/official_mini_cheetah_flat_jump_v1_r3 --ckpt-prefix official_mini_cheetah_flat_jump_v1_r3 --logdir /run/media/pma213x/0C6A8CC86A8CAFCE/Ubuntu2/CodeU/Dog1/official-mini-cheetah/runs/official_mini_cheetah_flat_jump_v1_r3/P1_parallel --bridge-port 11452 --num-envs 4 --checkpoint-interval 20000 --randomization-mode fixed --seed 20261003 --phase-step-offset 110000 --resume /run/media/pma213x/0C6A8CC86A8CAFCE/Ubuntu2/CodeU/Dog1/official-mini-cheetah/checkpoints/official_mini_cheetah_flat_jump_v1_r3/official_mini_cheetah_flat_jump_v1_r3_final.zip
[2026-10-05T13:17:15+0800] P1 连续 Gate 批次结果=[True, False, True]
[2026-10-05T13:23:53+0800] R3 新训练断点 steps=0 restart_p0_from_zero=True
[2026-10-05T13:23:53+0800] P0 启动：/usr/bin/python3 -m rl.train --phase P0 --total-steps 10000 --device cuda --ckptdir /run/media/pma213x/0C6A8CC86A8CAFCE/Ubuntu2/CodeU/Dog1/official-mini-cheetah/checkpoints/official_mini_cheetah_flat_jump_v1_r3 --ckpt-prefix official_mini_cheetah_flat_jump_v1_r3 --logdir /run/media/pma213x/0C6A8CC86A8CAFCE/Ubuntu2/CodeU/Dog1/official-mini-cheetah/runs/official_mini_cheetah_flat_jump_v1_r3/P0_parallel --bridge-port 11452 --num-envs 4 --checkpoint-interval 20000 --randomization-mode fixed --seed 20261003 --phase-step-offset 0
[2026-10-05T13:23:59+0800] P0 四 worker 实时健康确认通过
[2026-10-05T13:24:18+0800] P0 验收命令：/usr/bin/python3 -m rl.evaluate --phase P0 --gate --checkpoint /run/media/pma213x/0C6A8CC86A8CAFCE/Ubuntu2/CodeU/Dog1/official-mini-cheetah/checkpoints/official_mini_cheetah_flat_jump_v1_r3/official_mini_cheetah_flat_jump_v1_r3_final.zip --output /run/media/pma213x/0C6A8CC86A8CAFCE/Ubuntu2/CodeU/Dog1/official-mini-cheetah/logs/official_mini_cheetah_flat_jump_v1_r3/P0_gate_attempt_0.json
[2026-10-05T13:24:28+0800] P0 验收通过
[2026-10-05T13:24:28+0800] P0 验收命令：/usr/bin/python3 -m rl.evaluate --phase P0 --gate --checkpoint /run/media/pma213x/0C6A8CC86A8CAFCE/Ubuntu2/CodeU/Dog1/official-mini-cheetah/checkpoints/official_mini_cheetah_flat_jump_v1_r3/official_mini_cheetah_flat_jump_v1_r3_final.zip --output /run/media/pma213x/0C6A8CC86A8CAFCE/Ubuntu2/CodeU/Dog1/official-mini-cheetah/logs/official_mini_cheetah_flat_jump_v1_r3/P0_gate_attempt_1.json
[2026-10-05T13:24:36+0800] P0 验收通过
[2026-10-05T13:24:36+0800] P0 验收命令：/usr/bin/python3 -m rl.evaluate --phase P0 --gate --checkpoint /run/media/pma213x/0C6A8CC86A8CAFCE/Ubuntu2/CodeU/Dog1/official-mini-cheetah/checkpoints/official_mini_cheetah_flat_jump_v1_r3/official_mini_cheetah_flat_jump_v1_r3_final.zip --output /run/media/pma213x/0C6A8CC86A8CAFCE/Ubuntu2/CodeU/Dog1/official-mini-cheetah/logs/official_mini_cheetah_flat_jump_v1_r3/P0_gate_attempt_2.json
[2026-10-05T13:24:46+0800] P0 验收通过
[2026-10-05T13:24:46+0800] P0 gate 后健康确认通过
[2026-10-05T13:24:46+0800] P1 启动：/usr/bin/python3 -m rl.train --phase P1 --total-steps 20000 --device cuda --ckptdir /run/media/pma213x/0C6A8CC86A8CAFCE/Ubuntu2/CodeU/Dog1/official-mini-cheetah/checkpoints/official_mini_cheetah_flat_jump_v1_r3 --ckpt-prefix official_mini_cheetah_flat_jump_v1_r3 --logdir /run/media/pma213x/0C6A8CC86A8CAFCE/Ubuntu2/CodeU/Dog1/official-mini-cheetah/runs/official_mini_cheetah_flat_jump_v1_r3/P1_parallel --bridge-port 11452 --num-envs 4 --checkpoint-interval 20000 --randomization-mode fixed --seed 20261003 --phase-step-offset 0 --resume /run/media/pma213x/0C6A8CC86A8CAFCE/Ubuntu2/CodeU/Dog1/official-mini-cheetah/checkpoints/official_mini_cheetah_flat_jump_v1_r3/official_mini_cheetah_flat_jump_v1_r3_final.zip
[2026-10-05T13:24:52+0800] P1 四 worker 实时健康确认通过
[2026-10-05T13:25:11+0800] P1 启动：/usr/bin/python3 -m rl.train --phase P1 --total-steps 30000 --device cuda --ckptdir /run/media/pma213x/0C6A8CC86A8CAFCE/Ubuntu2/CodeU/Dog1/official-mini-cheetah/checkpoints/official_mini_cheetah_flat_jump_v1_r3 --ckpt-prefix official_mini_cheetah_flat_jump_v1_r3 --logdir /run/media/pma213x/0C6A8CC86A8CAFCE/Ubuntu2/CodeU/Dog1/official-mini-cheetah/runs/official_mini_cheetah_flat_jump_v1_r3/P1_parallel --bridge-port 11452 --num-envs 4 --checkpoint-interval 20000 --randomization-mode fixed --seed 20261003 --phase-step-offset 10000 --resume /run/media/pma213x/0C6A8CC86A8CAFCE/Ubuntu2/CodeU/Dog1/official-mini-cheetah/checkpoints/official_mini_cheetah_flat_jump_v1_r3/official_mini_cheetah_flat_jump_v1_r3_final.zip
[2026-10-05T13:25:18+0800] P1 四 worker 实时健康确认通过
[2026-10-05T13:25:38+0800] P1 启动：/usr/bin/python3 -m rl.train --phase P1 --total-steps 40000 --device cuda --ckptdir /run/media/pma213x/0C6A8CC86A8CAFCE/Ubuntu2/CodeU/Dog1/official-mini-cheetah/checkpoints/official_mini_cheetah_flat_jump_v1_r3 --ckpt-prefix official_mini_cheetah_flat_jump_v1_r3 --logdir /run/media/pma213x/0C6A8CC86A8CAFCE/Ubuntu2/CodeU/Dog1/official-mini-cheetah/runs/official_mini_cheetah_flat_jump_v1_r3/P1_parallel --bridge-port 11452 --num-envs 4 --checkpoint-interval 20000 --randomization-mode fixed --seed 20261003 --phase-step-offset 20000 --resume /run/media/pma213x/0C6A8CC86A8CAFCE/Ubuntu2/CodeU/Dog1/official-mini-cheetah/checkpoints/official_mini_cheetah_flat_jump_v1_r3/official_mini_cheetah_flat_jump_v1_r3_final.zip
[2026-10-05T13:25:44+0800] P1 四 worker 实时健康确认通过
[2026-10-05T13:26:09+0800] P1 启动：/usr/bin/python3 -m rl.train --phase P1 --total-steps 50000 --device cuda --ckptdir /run/media/pma213x/0C6A8CC86A8CAFCE/Ubuntu2/CodeU/Dog1/official-mini-cheetah/checkpoints/official_mini_cheetah_flat_jump_v1_r3 --ckpt-prefix official_mini_cheetah_flat_jump_v1_r3 --logdir /run/media/pma213x/0C6A8CC86A8CAFCE/Ubuntu2/CodeU/Dog1/official-mini-cheetah/runs/official_mini_cheetah_flat_jump_v1_r3/P1_parallel --bridge-port 11452 --num-envs 4 --checkpoint-interval 20000 --randomization-mode fixed --seed 20261003 --phase-step-offset 30000 --resume /run/media/pma213x/0C6A8CC86A8CAFCE/Ubuntu2/CodeU/Dog1/official-mini-cheetah/checkpoints/official_mini_cheetah_flat_jump_v1_r3/official_mini_cheetah_flat_jump_v1_r3_final.zip
[2026-10-05T13:26:15+0800] P1 四 worker 实时健康确认通过
[2026-10-05T13:26:34+0800] P1 启动：/usr/bin/python3 -m rl.train --phase P1 --total-steps 60000 --device cuda --ckptdir /run/media/pma213x/0C6A8CC86A8CAFCE/Ubuntu2/CodeU/Dog1/official-mini-cheetah/checkpoints/official_mini_cheetah_flat_jump_v1_r3 --ckpt-prefix official_mini_cheetah_flat_jump_v1_r3 --logdir /run/media/pma213x/0C6A8CC86A8CAFCE/Ubuntu2/CodeU/Dog1/official-mini-cheetah/runs/official_mini_cheetah_flat_jump_v1_r3/P1_parallel --bridge-port 11452 --num-envs 4 --checkpoint-interval 20000 --randomization-mode fixed --seed 20261003 --phase-step-offset 40000 --resume /run/media/pma213x/0C6A8CC86A8CAFCE/Ubuntu2/CodeU/Dog1/official-mini-cheetah/checkpoints/official_mini_cheetah_flat_jump_v1_r3/official_mini_cheetah_flat_jump_v1_r3_final.zip
[2026-10-05T13:26:40+0800] P1 四 worker 实时健康确认通过
[2026-10-05T13:27:00+0800] P1 启动：/usr/bin/python3 -m rl.train --phase P1 --total-steps 70000 --device cuda --ckptdir /run/media/pma213x/0C6A8CC86A8CAFCE/Ubuntu2/CodeU/Dog1/official-mini-cheetah/checkpoints/official_mini_cheetah_flat_jump_v1_r3 --ckpt-prefix official_mini_cheetah_flat_jump_v1_r3 --logdir /run/media/pma213x/0C6A8CC86A8CAFCE/Ubuntu2/CodeU/Dog1/official-mini-cheetah/runs/official_mini_cheetah_flat_jump_v1_r3/P1_parallel --bridge-port 11452 --num-envs 4 --checkpoint-interval 20000 --randomization-mode fixed --seed 20261003 --phase-step-offset 50000 --resume /run/media/pma213x/0C6A8CC86A8CAFCE/Ubuntu2/CodeU/Dog1/official-mini-cheetah/checkpoints/official_mini_cheetah_flat_jump_v1_r3/official_mini_cheetah_flat_jump_v1_r3_final.zip
[2026-10-05T13:27:06+0800] P1 四 worker 实时健康确认通过
[2026-10-05T13:27:25+0800] P1 启动：/usr/bin/python3 -m rl.train --phase P1 --total-steps 80000 --device cuda --ckptdir /run/media/pma213x/0C6A8CC86A8CAFCE/Ubuntu2/CodeU/Dog1/official-mini-cheetah/checkpoints/official_mini_cheetah_flat_jump_v1_r3 --ckpt-prefix official_mini_cheetah_flat_jump_v1_r3 --logdir /run/media/pma213x/0C6A8CC86A8CAFCE/Ubuntu2/CodeU/Dog1/official-mini-cheetah/runs/official_mini_cheetah_flat_jump_v1_r3/P1_parallel --bridge-port 11452 --num-envs 4 --checkpoint-interval 20000 --randomization-mode fixed --seed 20261003 --phase-step-offset 60000 --resume /run/media/pma213x/0C6A8CC86A8CAFCE/Ubuntu2/CodeU/Dog1/official-mini-cheetah/checkpoints/official_mini_cheetah_flat_jump_v1_r3/official_mini_cheetah_flat_jump_v1_r3_final.zip
[2026-10-05T13:27:32+0800] P1 四 worker 实时健康确认通过
[2026-10-05T13:27:50+0800] P1 启动：/usr/bin/python3 -m rl.train --phase P1 --total-steps 90000 --device cuda --ckptdir /run/media/pma213x/0C6A8CC86A8CAFCE/Ubuntu2/CodeU/Dog1/official-mini-cheetah/checkpoints/official_mini_cheetah_flat_jump_v1_r3 --ckpt-prefix official_mini_cheetah_flat_jump_v1_r3 --logdir /run/media/pma213x/0C6A8CC86A8CAFCE/Ubuntu2/CodeU/Dog1/official-mini-cheetah/runs/official_mini_cheetah_flat_jump_v1_r3/P1_parallel --bridge-port 11452 --num-envs 4 --checkpoint-interval 20000 --randomization-mode fixed --seed 20261003 --phase-step-offset 70000 --resume /run/media/pma213x/0C6A8CC86A8CAFCE/Ubuntu2/CodeU/Dog1/official-mini-cheetah/checkpoints/official_mini_cheetah_flat_jump_v1_r3/official_mini_cheetah_flat_jump_v1_r3_final.zip
[2026-10-05T13:27:56+0800] P1 四 worker 实时健康确认通过
[2026-10-05T13:28:15+0800] P1 启动：/usr/bin/python3 -m rl.train --phase P1 --total-steps 100000 --device cuda --ckptdir /run/media/pma213x/0C6A8CC86A8CAFCE/Ubuntu2/CodeU/Dog1/official-mini-cheetah/checkpoints/official_mini_cheetah_flat_jump_v1_r3 --ckpt-prefix official_mini_cheetah_flat_jump_v1_r3 --logdir /run/media/pma213x/0C6A8CC86A8CAFCE/Ubuntu2/CodeU/Dog1/official-mini-cheetah/runs/official_mini_cheetah_flat_jump_v1_r3/P1_parallel --bridge-port 11452 --num-envs 4 --checkpoint-interval 20000 --randomization-mode fixed --seed 20261003 --phase-step-offset 80000 --resume /run/media/pma213x/0C6A8CC86A8CAFCE/Ubuntu2/CodeU/Dog1/official-mini-cheetah/checkpoints/official_mini_cheetah_flat_jump_v1_r3/official_mini_cheetah_flat_jump_v1_r3_final.zip
[2026-10-05T13:28:21+0800] P1 四 worker 实时健康确认通过
[2026-10-05T13:28:40+0800] P1 启动：/usr/bin/python3 -m rl.train --phase P1 --total-steps 110000 --device cuda --ckptdir /run/media/pma213x/0C6A8CC86A8CAFCE/Ubuntu2/CodeU/Dog1/official-mini-cheetah/checkpoints/official_mini_cheetah_flat_jump_v1_r3 --ckpt-prefix official_mini_cheetah_flat_jump_v1_r3 --logdir /run/media/pma213x/0C6A8CC86A8CAFCE/Ubuntu2/CodeU/Dog1/official-mini-cheetah/runs/official_mini_cheetah_flat_jump_v1_r3/P1_parallel --bridge-port 11452 --num-envs 4 --checkpoint-interval 20000 --randomization-mode fixed --seed 20261003 --phase-step-offset 90000 --resume /run/media/pma213x/0C6A8CC86A8CAFCE/Ubuntu2/CodeU/Dog1/official-mini-cheetah/checkpoints/official_mini_cheetah_flat_jump_v1_r3/official_mini_cheetah_flat_jump_v1_r3_final.zip
[2026-10-05T13:28:46+0800] P1 四 worker 实时健康确认通过
[2026-10-05T13:29:06+0800] P1 验收命令：/usr/bin/python3 -m rl.evaluate --phase P1 --gate --checkpoint /run/media/pma213x/0C6A8CC86A8CAFCE/Ubuntu2/CodeU/Dog1/official-mini-cheetah/checkpoints/official_mini_cheetah_flat_jump_v1_r3/official_mini_cheetah_flat_jump_v1_r3_final.zip --output /run/media/pma213x/0C6A8CC86A8CAFCE/Ubuntu2/CodeU/Dog1/official-mini-cheetah/logs/official_mini_cheetah_flat_jump_v1_r3/P1_gate_attempt_0.json
[2026-10-05T13:29:36+0800] P1 验收未通过，report.passed=false
[2026-10-05T13:29:36+0800] P1 验收命令：/usr/bin/python3 -m rl.evaluate --phase P1 --gate --checkpoint /run/media/pma213x/0C6A8CC86A8CAFCE/Ubuntu2/CodeU/Dog1/official-mini-cheetah/checkpoints/official_mini_cheetah_flat_jump_v1_r3/official_mini_cheetah_flat_jump_v1_r3_final.zip --output /run/media/pma213x/0C6A8CC86A8CAFCE/Ubuntu2/CodeU/Dog1/official-mini-cheetah/logs/official_mini_cheetah_flat_jump_v1_r3/P1_gate_attempt_1.json
[2026-10-05T13:30:06+0800] P1 验收未通过，report.passed=false
[2026-10-05T13:30:06+0800] P1 验收命令：/usr/bin/python3 -m rl.evaluate --phase P1 --gate --checkpoint /run/media/pma213x/0C6A8CC86A8CAFCE/Ubuntu2/CodeU/Dog1/official-mini-cheetah/checkpoints/official_mini_cheetah_flat_jump_v1_r3/official_mini_cheetah_flat_jump_v1_r3_final.zip --output /run/media/pma213x/0C6A8CC86A8CAFCE/Ubuntu2/CodeU/Dog1/official-mini-cheetah/logs/official_mini_cheetah_flat_jump_v1_r3/P1_gate_attempt_2.json
[2026-10-05T13:30:37+0800] P1 验收未通过，report.passed=false
[2026-10-05T13:30:37+0800] P1 连续 Gate 批次结果=[False, False, False]
[2026-10-05T13:30:37+0800] P1 启动：/usr/bin/python3 -m rl.train --phase P1 --total-steps 120000 --device cuda --ckptdir /run/media/pma213x/0C6A8CC86A8CAFCE/Ubuntu2/CodeU/Dog1/official-mini-cheetah/checkpoints/official_mini_cheetah_flat_jump_v1_r3 --ckpt-prefix official_mini_cheetah_flat_jump_v1_r3 --logdir /run/media/pma213x/0C6A8CC86A8CAFCE/Ubuntu2/CodeU/Dog1/official-mini-cheetah/runs/official_mini_cheetah_flat_jump_v1_r3/P1_parallel --bridge-port 11452 --num-envs 4 --checkpoint-interval 20000 --randomization-mode fixed --seed 20261003 --phase-step-offset 100000 --resume /run/media/pma213x/0C6A8CC86A8CAFCE/Ubuntu2/CodeU/Dog1/official-mini-cheetah/checkpoints/official_mini_cheetah_flat_jump_v1_r3/official_mini_cheetah_flat_jump_v1_r3_final.zip
[2026-10-05T13:30:43+0800] P1 四 worker 实时健康确认通过
[2026-10-05T13:31:03+0800] P1 验收命令：/usr/bin/python3 -m rl.evaluate --phase P1 --gate --checkpoint /run/media/pma213x/0C6A8CC86A8CAFCE/Ubuntu2/CodeU/Dog1/official-mini-cheetah/checkpoints/official_mini_cheetah_flat_jump_v1_r3/official_mini_cheetah_flat_jump_v1_r3_final.zip --output /run/media/pma213x/0C6A8CC86A8CAFCE/Ubuntu2/CodeU/Dog1/official-mini-cheetah/logs/official_mini_cheetah_flat_jump_v1_r3/P1_gate_attempt_0.json
[2026-10-05T13:31:34+0800] P1 验收未通过，report.passed=false
[2026-10-05T13:31:34+0800] P1 验收命令：/usr/bin/python3 -m rl.evaluate --phase P1 --gate --checkpoint /run/media/pma213x/0C6A8CC86A8CAFCE/Ubuntu2/CodeU/Dog1/official-mini-cheetah/checkpoints/official_mini_cheetah_flat_jump_v1_r3/official_mini_cheetah_flat_jump_v1_r3_final.zip --output /run/media/pma213x/0C6A8CC86A8CAFCE/Ubuntu2/CodeU/Dog1/official-mini-cheetah/logs/official_mini_cheetah_flat_jump_v1_r3/P1_gate_attempt_1.json
[2026-10-05T13:32:04+0800] P1 验收未通过，report.passed=false
[2026-10-05T13:32:04+0800] P1 验收命令：/usr/bin/python3 -m rl.evaluate --phase P1 --gate --checkpoint /run/media/pma213x/0C6A8CC86A8CAFCE/Ubuntu2/CodeU/Dog1/official-mini-cheetah/checkpoints/official_mini_cheetah_flat_jump_v1_r3/official_mini_cheetah_flat_jump_v1_r3_final.zip --output /run/media/pma213x/0C6A8CC86A8CAFCE/Ubuntu2/CodeU/Dog1/official-mini-cheetah/logs/official_mini_cheetah_flat_jump_v1_r3/P1_gate_attempt_2.json
[2026-10-05T13:32:29+0800] P1 验收未通过，report.passed=false
[2026-10-05T13:32:29+0800] P1 连续 Gate 批次结果=[False, False, False]
[2026-10-05T13:32:29+0800] P1 启动：/usr/bin/python3 -m rl.train --phase P1 --total-steps 130000 --device cuda --ckptdir /run/media/pma213x/0C6A8CC86A8CAFCE/Ubuntu2/CodeU/Dog1/official-mini-cheetah/checkpoints/official_mini_cheetah_flat_jump_v1_r3 --ckpt-prefix official_mini_cheetah_flat_jump_v1_r3 --logdir /run/media/pma213x/0C6A8CC86A8CAFCE/Ubuntu2/CodeU/Dog1/official-mini-cheetah/runs/official_mini_cheetah_flat_jump_v1_r3/P1_parallel --bridge-port 11452 --num-envs 4 --checkpoint-interval 20000 --randomization-mode fixed --seed 20261003 --phase-step-offset 110000 --resume /run/media/pma213x/0C6A8CC86A8CAFCE/Ubuntu2/CodeU/Dog1/official-mini-cheetah/checkpoints/official_mini_cheetah_flat_jump_v1_r3/official_mini_cheetah_flat_jump_v1_r3_final.zip
[2026-10-05T13:32:36+0800] P1 四 worker 实时健康确认通过
[2026-10-05T13:32:55+0800] P1 验收命令：/usr/bin/python3 -m rl.evaluate --phase P1 --gate --checkpoint /run/media/pma213x/0C6A8CC86A8CAFCE/Ubuntu2/CodeU/Dog1/official-mini-cheetah/checkpoints/official_mini_cheetah_flat_jump_v1_r3/official_mini_cheetah_flat_jump_v1_r3_final.zip --output /run/media/pma213x/0C6A8CC86A8CAFCE/Ubuntu2/CodeU/Dog1/official-mini-cheetah/logs/official_mini_cheetah_flat_jump_v1_r3/P1_gate_attempt_0.json
[2026-10-05T13:33:20+0800] P1 验收未通过，report.passed=false
[2026-10-05T13:33:20+0800] P1 验收命令：/usr/bin/python3 -m rl.evaluate --phase P1 --gate --checkpoint /run/media/pma213x/0C6A8CC86A8CAFCE/Ubuntu2/CodeU/Dog1/official-mini-cheetah/checkpoints/official_mini_cheetah_flat_jump_v1_r3/official_mini_cheetah_flat_jump_v1_r3_final.zip --output /run/media/pma213x/0C6A8CC86A8CAFCE/Ubuntu2/CodeU/Dog1/official-mini-cheetah/logs/official_mini_cheetah_flat_jump_v1_r3/P1_gate_attempt_1.json
[2026-10-05T13:33:45+0800] P1 验收未通过，report.passed=false
[2026-10-05T13:33:45+0800] P1 验收命令：/usr/bin/python3 -m rl.evaluate --phase P1 --gate --checkpoint /run/media/pma213x/0C6A8CC86A8CAFCE/Ubuntu2/CodeU/Dog1/official-mini-cheetah/checkpoints/official_mini_cheetah_flat_jump_v1_r3/official_mini_cheetah_flat_jump_v1_r3_final.zip --output /run/media/pma213x/0C6A8CC86A8CAFCE/Ubuntu2/CodeU/Dog1/official-mini-cheetah/logs/official_mini_cheetah_flat_jump_v1_r3/P1_gate_attempt_2.json
[2026-10-05T13:34:09+0800] P1 验收未通过，report.passed=false
[2026-10-05T13:34:09+0800] P1 连续 Gate 批次结果=[False, False, False]
[2026-10-05T13:34:09+0800] P1 启动：/usr/bin/python3 -m rl.train --phase P1 --total-steps 140000 --device cuda --ckptdir /run/media/pma213x/0C6A8CC86A8CAFCE/Ubuntu2/CodeU/Dog1/official-mini-cheetah/checkpoints/official_mini_cheetah_flat_jump_v1_r3 --ckpt-prefix official_mini_cheetah_flat_jump_v1_r3 --logdir /run/media/pma213x/0C6A8CC86A8CAFCE/Ubuntu2/CodeU/Dog1/official-mini-cheetah/runs/official_mini_cheetah_flat_jump_v1_r3/P1_parallel --bridge-port 11452 --num-envs 4 --checkpoint-interval 20000 --randomization-mode fixed --seed 20261003 --phase-step-offset 120000 --resume /run/media/pma213x/0C6A8CC86A8CAFCE/Ubuntu2/CodeU/Dog1/official-mini-cheetah/checkpoints/official_mini_cheetah_flat_jump_v1_r3/official_mini_cheetah_flat_jump_v1_r3_final.zip
[2026-10-05T13:34:15+0800] P1 四 worker 实时健康确认通过
[2026-10-05T13:34:28+0800] P1 验收命令：/usr/bin/python3 -m rl.evaluate --phase P1 --gate --checkpoint /run/media/pma213x/0C6A8CC86A8CAFCE/Ubuntu2/CodeU/Dog1/official-mini-cheetah/checkpoints/official_mini_cheetah_flat_jump_v1_r3/official_mini_cheetah_flat_jump_v1_r3_final.zip --output /run/media/pma213x/0C6A8CC86A8CAFCE/Ubuntu2/CodeU/Dog1/official-mini-cheetah/logs/official_mini_cheetah_flat_jump_v1_r3/P1_gate_attempt_0.json
[2026-10-05T13:34:52+0800] P1 验收未通过，report.passed=false
[2026-10-05T13:34:52+0800] P1 验收命令：/usr/bin/python3 -m rl.evaluate --phase P1 --gate --checkpoint /run/media/pma213x/0C6A8CC86A8CAFCE/Ubuntu2/CodeU/Dog1/official-mini-cheetah/checkpoints/official_mini_cheetah_flat_jump_v1_r3/official_mini_cheetah_flat_jump_v1_r3_final.zip --output /run/media/pma213x/0C6A8CC86A8CAFCE/Ubuntu2/CodeU/Dog1/official-mini-cheetah/logs/official_mini_cheetah_flat_jump_v1_r3/P1_gate_attempt_1.json
[2026-10-05T13:35:16+0800] P1 验收未通过，report.passed=false
[2026-10-05T13:35:16+0800] P1 验收命令：/usr/bin/python3 -m rl.evaluate --phase P1 --gate --checkpoint /run/media/pma213x/0C6A8CC86A8CAFCE/Ubuntu2/CodeU/Dog1/official-mini-cheetah/checkpoints/official_mini_cheetah_flat_jump_v1_r3/official_mini_cheetah_flat_jump_v1_r3_final.zip --output /run/media/pma213x/0C6A8CC86A8CAFCE/Ubuntu2/CodeU/Dog1/official-mini-cheetah/logs/official_mini_cheetah_flat_jump_v1_r3/P1_gate_attempt_2.json
[2026-10-05T13:35:39+0800] P1 验收未通过，report.passed=false
[2026-10-05T13:35:39+0800] P1 连续 Gate 批次结果=[False, False, False]
[2026-10-05T13:35:39+0800] P1 启动：/usr/bin/python3 -m rl.train --phase P1 --total-steps 150000 --device cuda --ckptdir /run/media/pma213x/0C6A8CC86A8CAFCE/Ubuntu2/CodeU/Dog1/official-mini-cheetah/checkpoints/official_mini_cheetah_flat_jump_v1_r3 --ckpt-prefix official_mini_cheetah_flat_jump_v1_r3 --logdir /run/media/pma213x/0C6A8CC86A8CAFCE/Ubuntu2/CodeU/Dog1/official-mini-cheetah/runs/official_mini_cheetah_flat_jump_v1_r3/P1_parallel --bridge-port 11452 --num-envs 4 --checkpoint-interval 20000 --randomization-mode fixed --seed 20261003 --phase-step-offset 130000 --resume /run/media/pma213x/0C6A8CC86A8CAFCE/Ubuntu2/CodeU/Dog1/official-mini-cheetah/checkpoints/official_mini_cheetah_flat_jump_v1_r3/official_mini_cheetah_flat_jump_v1_r3_final.zip
[2026-10-05T13:35:46+0800] P1 四 worker 实时健康确认通过
[2026-10-05T13:36:00+0800] P1 验收命令：/usr/bin/python3 -m rl.evaluate --phase P1 --gate --checkpoint /run/media/pma213x/0C6A8CC86A8CAFCE/Ubuntu2/CodeU/Dog1/official-mini-cheetah/checkpoints/official_mini_cheetah_flat_jump_v1_r3/official_mini_cheetah_flat_jump_v1_r3_final.zip --output /run/media/pma213x/0C6A8CC86A8CAFCE/Ubuntu2/CodeU/Dog1/official-mini-cheetah/logs/official_mini_cheetah_flat_jump_v1_r3/P1_gate_attempt_0.json
[2026-10-05T13:36:23+0800] P1 验收未通过，report.passed=false
[2026-10-05T13:36:23+0800] P1 验收命令：/usr/bin/python3 -m rl.evaluate --phase P1 --gate --checkpoint /run/media/pma213x/0C6A8CC86A8CAFCE/Ubuntu2/CodeU/Dog1/official-mini-cheetah/checkpoints/official_mini_cheetah_flat_jump_v1_r3/official_mini_cheetah_flat_jump_v1_r3_final.zip --output /run/media/pma213x/0C6A8CC86A8CAFCE/Ubuntu2/CodeU/Dog1/official-mini-cheetah/logs/official_mini_cheetah_flat_jump_v1_r3/P1_gate_attempt_1.json
[2026-10-05T13:36:47+0800] P1 验收未通过，report.passed=false
[2026-10-05T13:36:47+0800] P1 验收命令：/usr/bin/python3 -m rl.evaluate --phase P1 --gate --checkpoint /run/media/pma213x/0C6A8CC86A8CAFCE/Ubuntu2/CodeU/Dog1/official-mini-cheetah/checkpoints/official_mini_cheetah_flat_jump_v1_r3/official_mini_cheetah_flat_jump_v1_r3_final.zip --output /run/media/pma213x/0C6A8CC86A8CAFCE/Ubuntu2/CodeU/Dog1/official-mini-cheetah/logs/official_mini_cheetah_flat_jump_v1_r3/P1_gate_attempt_2.json
[2026-10-05T13:37:11+0800] P1 验收未通过，report.passed=false
[2026-10-05T13:37:11+0800] P1 连续 Gate 批次结果=[False, False, False]
[2026-10-05T13:37:11+0800] P1 启动：/usr/bin/python3 -m rl.train --phase P1 --total-steps 160000 --device cuda --ckptdir /run/media/pma213x/0C6A8CC86A8CAFCE/Ubuntu2/CodeU/Dog1/official-mini-cheetah/checkpoints/official_mini_cheetah_flat_jump_v1_r3 --ckpt-prefix official_mini_cheetah_flat_jump_v1_r3 --logdir /run/media/pma213x/0C6A8CC86A8CAFCE/Ubuntu2/CodeU/Dog1/official-mini-cheetah/runs/official_mini_cheetah_flat_jump_v1_r3/P1_parallel --bridge-port 11452 --num-envs 4 --checkpoint-interval 20000 --randomization-mode fixed --seed 20261003 --phase-step-offset 140000 --resume /run/media/pma213x/0C6A8CC86A8CAFCE/Ubuntu2/CodeU/Dog1/official-mini-cheetah/checkpoints/official_mini_cheetah_flat_jump_v1_r3/official_mini_cheetah_flat_jump_v1_r3_final.zip
[2026-10-05T13:37:17+0800] P1 四 worker 实时健康确认通过
[2026-10-05T13:37:31+0800] P1 验收命令：/usr/bin/python3 -m rl.evaluate --phase P1 --gate --checkpoint /run/media/pma213x/0C6A8CC86A8CAFCE/Ubuntu2/CodeU/Dog1/official-mini-cheetah/checkpoints/official_mini_cheetah_flat_jump_v1_r3/official_mini_cheetah_flat_jump_v1_r3_final.zip --output /run/media/pma213x/0C6A8CC86A8CAFCE/Ubuntu2/CodeU/Dog1/official-mini-cheetah/logs/official_mini_cheetah_flat_jump_v1_r3/P1_gate_attempt_0.json
[2026-10-05T13:37:55+0800] P1 验收未通过，report.passed=false
[2026-10-05T13:37:55+0800] P1 验收命令：/usr/bin/python3 -m rl.evaluate --phase P1 --gate --checkpoint /run/media/pma213x/0C6A8CC86A8CAFCE/Ubuntu2/CodeU/Dog1/official-mini-cheetah/checkpoints/official_mini_cheetah_flat_jump_v1_r3/official_mini_cheetah_flat_jump_v1_r3_final.zip --output /run/media/pma213x/0C6A8CC86A8CAFCE/Ubuntu2/CodeU/Dog1/official-mini-cheetah/logs/official_mini_cheetah_flat_jump_v1_r3/P1_gate_attempt_1.json
[2026-10-05T13:38:20+0800] P1 验收未通过，report.passed=false
[2026-10-05T13:38:20+0800] P1 验收命令：/usr/bin/python3 -m rl.evaluate --phase P1 --gate --checkpoint /run/media/pma213x/0C6A8CC86A8CAFCE/Ubuntu2/CodeU/Dog1/official-mini-cheetah/checkpoints/official_mini_cheetah_flat_jump_v1_r3/official_mini_cheetah_flat_jump_v1_r3_final.zip --output /run/media/pma213x/0C6A8CC86A8CAFCE/Ubuntu2/CodeU/Dog1/official-mini-cheetah/logs/official_mini_cheetah_flat_jump_v1_r3/P1_gate_attempt_2.json
[2026-10-05T13:38:44+0800] P1 验收未通过，report.passed=false
[2026-10-05T13:38:44+0800] P1 连续 Gate 批次结果=[False, False, False]
[2026-10-05T13:38:44+0800] P1 启动：/usr/bin/python3 -m rl.train --phase P1 --total-steps 170000 --device cuda --ckptdir /run/media/pma213x/0C6A8CC86A8CAFCE/Ubuntu2/CodeU/Dog1/official-mini-cheetah/checkpoints/official_mini_cheetah_flat_jump_v1_r3 --ckpt-prefix official_mini_cheetah_flat_jump_v1_r3 --logdir /run/media/pma213x/0C6A8CC86A8CAFCE/Ubuntu2/CodeU/Dog1/official-mini-cheetah/runs/official_mini_cheetah_flat_jump_v1_r3/P1_parallel --bridge-port 11452 --num-envs 4 --checkpoint-interval 20000 --randomization-mode fixed --seed 20261003 --phase-step-offset 150000 --resume /run/media/pma213x/0C6A8CC86A8CAFCE/Ubuntu2/CodeU/Dog1/official-mini-cheetah/checkpoints/official_mini_cheetah_flat_jump_v1_r3/official_mini_cheetah_flat_jump_v1_r3_final.zip
[2026-10-05T13:38:50+0800] P1 四 worker 实时健康确认通过
[2026-10-05T13:39:03+0800] P1 验收命令：/usr/bin/python3 -m rl.evaluate --phase P1 --gate --checkpoint /run/media/pma213x/0C6A8CC86A8CAFCE/Ubuntu2/CodeU/Dog1/official-mini-cheetah/checkpoints/official_mini_cheetah_flat_jump_v1_r3/official_mini_cheetah_flat_jump_v1_r3_final.zip --output /run/media/pma213x/0C6A8CC86A8CAFCE/Ubuntu2/CodeU/Dog1/official-mini-cheetah/logs/official_mini_cheetah_flat_jump_v1_r3/P1_gate_attempt_0.json
[2026-10-05T13:39:27+0800] P1 验收未通过，report.passed=false
[2026-10-05T13:39:27+0800] P1 验收命令：/usr/bin/python3 -m rl.evaluate --phase P1 --gate --checkpoint /run/media/pma213x/0C6A8CC86A8CAFCE/Ubuntu2/CodeU/Dog1/official-mini-cheetah/checkpoints/official_mini_cheetah_flat_jump_v1_r3/official_mini_cheetah_flat_jump_v1_r3_final.zip --output /run/media/pma213x/0C6A8CC86A8CAFCE/Ubuntu2/CodeU/Dog1/official-mini-cheetah/logs/official_mini_cheetah_flat_jump_v1_r3/P1_gate_attempt_1.json
[2026-10-05T13:39:50+0800] P1 验收未通过，report.passed=false
[2026-10-05T13:39:50+0800] P1 验收命令：/usr/bin/python3 -m rl.evaluate --phase P1 --gate --checkpoint /run/media/pma213x/0C6A8CC86A8CAFCE/Ubuntu2/CodeU/Dog1/official-mini-cheetah/checkpoints/official_mini_cheetah_flat_jump_v1_r3/official_mini_cheetah_flat_jump_v1_r3_final.zip --output /run/media/pma213x/0C6A8CC86A8CAFCE/Ubuntu2/CodeU/Dog1/official-mini-cheetah/logs/official_mini_cheetah_flat_jump_v1_r3/P1_gate_attempt_2.json
[2026-10-05T13:40:14+0800] P1 验收未通过，report.passed=false
[2026-10-05T13:40:14+0800] P1 连续 Gate 批次结果=[False, False, False]
[2026-10-05T13:40:14+0800] P1 启动：/usr/bin/python3 -m rl.train --phase P1 --total-steps 180000 --device cuda --ckptdir /run/media/pma213x/0C6A8CC86A8CAFCE/Ubuntu2/CodeU/Dog1/official-mini-cheetah/checkpoints/official_mini_cheetah_flat_jump_v1_r3 --ckpt-prefix official_mini_cheetah_flat_jump_v1_r3 --logdir /run/media/pma213x/0C6A8CC86A8CAFCE/Ubuntu2/CodeU/Dog1/official-mini-cheetah/runs/official_mini_cheetah_flat_jump_v1_r3/P1_parallel --bridge-port 11452 --num-envs 4 --checkpoint-interval 20000 --randomization-mode fixed --seed 20261003 --phase-step-offset 160000 --resume /run/media/pma213x/0C6A8CC86A8CAFCE/Ubuntu2/CodeU/Dog1/official-mini-cheetah/checkpoints/official_mini_cheetah_flat_jump_v1_r3/official_mini_cheetah_flat_jump_v1_r3_final.zip
[2026-10-05T13:40:20+0800] P1 四 worker 实时健康确认通过
[2026-10-05T13:40:33+0800] P1 验收命令：/usr/bin/python3 -m rl.evaluate --phase P1 --gate --checkpoint /run/media/pma213x/0C6A8CC86A8CAFCE/Ubuntu2/CodeU/Dog1/official-mini-cheetah/checkpoints/official_mini_cheetah_flat_jump_v1_r3/official_mini_cheetah_flat_jump_v1_r3_final.zip --output /run/media/pma213x/0C6A8CC86A8CAFCE/Ubuntu2/CodeU/Dog1/official-mini-cheetah/logs/official_mini_cheetah_flat_jump_v1_r3/P1_gate_attempt_0.json
[2026-10-05T13:40:56+0800] P1 验收未通过，report.passed=false
[2026-10-05T13:40:56+0800] P1 验收命令：/usr/bin/python3 -m rl.evaluate --phase P1 --gate --checkpoint /run/media/pma213x/0C6A8CC86A8CAFCE/Ubuntu2/CodeU/Dog1/official-mini-cheetah/checkpoints/official_mini_cheetah_flat_jump_v1_r3/official_mini_cheetah_flat_jump_v1_r3_final.zip --output /run/media/pma213x/0C6A8CC86A8CAFCE/Ubuntu2/CodeU/Dog1/official-mini-cheetah/logs/official_mini_cheetah_flat_jump_v1_r3/P1_gate_attempt_1.json
[2026-10-05T13:41:19+0800] P1 验收未通过，report.passed=false
[2026-10-05T13:41:19+0800] P1 验收命令：/usr/bin/python3 -m rl.evaluate --phase P1 --gate --checkpoint /run/media/pma213x/0C6A8CC86A8CAFCE/Ubuntu2/CodeU/Dog1/official-mini-cheetah/checkpoints/official_mini_cheetah_flat_jump_v1_r3/official_mini_cheetah_flat_jump_v1_r3_final.zip --output /run/media/pma213x/0C6A8CC86A8CAFCE/Ubuntu2/CodeU/Dog1/official-mini-cheetah/logs/official_mini_cheetah_flat_jump_v1_r3/P1_gate_attempt_2.json
[2026-10-05T13:41:42+0800] P1 验收未通过，report.passed=false
[2026-10-05T13:41:42+0800] P1 连续 Gate 批次结果=[False, False, False]
[2026-10-05T13:41:42+0800] P1 启动：/usr/bin/python3 -m rl.train --phase P1 --total-steps 190000 --device cuda --ckptdir /run/media/pma213x/0C6A8CC86A8CAFCE/Ubuntu2/CodeU/Dog1/official-mini-cheetah/checkpoints/official_mini_cheetah_flat_jump_v1_r3 --ckpt-prefix official_mini_cheetah_flat_jump_v1_r3 --logdir /run/media/pma213x/0C6A8CC86A8CAFCE/Ubuntu2/CodeU/Dog1/official-mini-cheetah/runs/official_mini_cheetah_flat_jump_v1_r3/P1_parallel --bridge-port 11452 --num-envs 4 --checkpoint-interval 20000 --randomization-mode fixed --seed 20261003 --phase-step-offset 170000 --resume /run/media/pma213x/0C6A8CC86A8CAFCE/Ubuntu2/CodeU/Dog1/official-mini-cheetah/checkpoints/official_mini_cheetah_flat_jump_v1_r3/official_mini_cheetah_flat_jump_v1_r3_final.zip
[2026-10-05T13:41:48+0800] P1 四 worker 实时健康确认通过
[2026-10-05T13:42:01+0800] P1 验收命令：/usr/bin/python3 -m rl.evaluate --phase P1 --gate --checkpoint /run/media/pma213x/0C6A8CC86A8CAFCE/Ubuntu2/CodeU/Dog1/official-mini-cheetah/checkpoints/official_mini_cheetah_flat_jump_v1_r3/official_mini_cheetah_flat_jump_v1_r3_final.zip --output /run/media/pma213x/0C6A8CC86A8CAFCE/Ubuntu2/CodeU/Dog1/official-mini-cheetah/logs/official_mini_cheetah_flat_jump_v1_r3/P1_gate_attempt_0.json
[2026-10-05T13:42:25+0800] P1 验收未通过，report.passed=false
[2026-10-05T13:42:25+0800] P1 验收命令：/usr/bin/python3 -m rl.evaluate --phase P1 --gate --checkpoint /run/media/pma213x/0C6A8CC86A8CAFCE/Ubuntu2/CodeU/Dog1/official-mini-cheetah/checkpoints/official_mini_cheetah_flat_jump_v1_r3/official_mini_cheetah_flat_jump_v1_r3_final.zip --output /run/media/pma213x/0C6A8CC86A8CAFCE/Ubuntu2/CodeU/Dog1/official-mini-cheetah/logs/official_mini_cheetah_flat_jump_v1_r3/P1_gate_attempt_1.json
[2026-10-05T13:42:48+0800] P1 验收未通过，report.passed=false
[2026-10-05T13:42:48+0800] P1 验收命令：/usr/bin/python3 -m rl.evaluate --phase P1 --gate --checkpoint /run/media/pma213x/0C6A8CC86A8CAFCE/Ubuntu2/CodeU/Dog1/official-mini-cheetah/checkpoints/official_mini_cheetah_flat_jump_v1_r3/official_mini_cheetah_flat_jump_v1_r3_final.zip --output /run/media/pma213x/0C6A8CC86A8CAFCE/Ubuntu2/CodeU/Dog1/official-mini-cheetah/logs/official_mini_cheetah_flat_jump_v1_r3/P1_gate_attempt_2.json
[2026-10-05T13:43:11+0800] P1 验收未通过，report.passed=false
[2026-10-05T13:43:11+0800] P1 连续 Gate 批次结果=[False, False, False]
[2026-10-05T13:43:11+0800] P1 启动：/usr/bin/python3 -m rl.train --phase P1 --total-steps 200000 --device cuda --ckptdir /run/media/pma213x/0C6A8CC86A8CAFCE/Ubuntu2/CodeU/Dog1/official-mini-cheetah/checkpoints/official_mini_cheetah_flat_jump_v1_r3 --ckpt-prefix official_mini_cheetah_flat_jump_v1_r3 --logdir /run/media/pma213x/0C6A8CC86A8CAFCE/Ubuntu2/CodeU/Dog1/official-mini-cheetah/runs/official_mini_cheetah_flat_jump_v1_r3/P1_parallel --bridge-port 11452 --num-envs 4 --checkpoint-interval 20000 --randomization-mode fixed --seed 20261003 --phase-step-offset 180000 --resume /run/media/pma213x/0C6A8CC86A8CAFCE/Ubuntu2/CodeU/Dog1/official-mini-cheetah/checkpoints/official_mini_cheetah_flat_jump_v1_r3/official_mini_cheetah_flat_jump_v1_r3_final.zip
[2026-10-05T13:43:15+0800] P1 四 worker 实时健康确认通过
[2026-10-05T13:43:29+0800] P1 验收命令：/usr/bin/python3 -m rl.evaluate --phase P1 --gate --checkpoint /run/media/pma213x/0C6A8CC86A8CAFCE/Ubuntu2/CodeU/Dog1/official-mini-cheetah/checkpoints/official_mini_cheetah_flat_jump_v1_r3/official_mini_cheetah_flat_jump_v1_r3_final.zip --output /run/media/pma213x/0C6A8CC86A8CAFCE/Ubuntu2/CodeU/Dog1/official-mini-cheetah/logs/official_mini_cheetah_flat_jump_v1_r3/P1_gate_attempt_0.json
[2026-10-05T13:43:52+0800] P1 验收未通过，report.passed=false
[2026-10-05T13:43:52+0800] P1 验收命令：/usr/bin/python3 -m rl.evaluate --phase P1 --gate --checkpoint /run/media/pma213x/0C6A8CC86A8CAFCE/Ubuntu2/CodeU/Dog1/official-mini-cheetah/checkpoints/official_mini_cheetah_flat_jump_v1_r3/official_mini_cheetah_flat_jump_v1_r3_final.zip --output /run/media/pma213x/0C6A8CC86A8CAFCE/Ubuntu2/CodeU/Dog1/official-mini-cheetah/logs/official_mini_cheetah_flat_jump_v1_r3/P1_gate_attempt_1.json
[2026-10-05T13:44:15+0800] P1 验收未通过，report.passed=false
[2026-10-05T13:44:15+0800] P1 验收命令：/usr/bin/python3 -m rl.evaluate --phase P1 --gate --checkpoint /run/media/pma213x/0C6A8CC86A8CAFCE/Ubuntu2/CodeU/Dog1/official-mini-cheetah/checkpoints/official_mini_cheetah_flat_jump_v1_r3/official_mini_cheetah_flat_jump_v1_r3_final.zip --output /run/media/pma213x/0C6A8CC86A8CAFCE/Ubuntu2/CodeU/Dog1/official-mini-cheetah/logs/official_mini_cheetah_flat_jump_v1_r3/P1_gate_attempt_2.json
[2026-10-05T13:44:39+0800] P1 验收未通过，report.passed=false
[2026-10-05T13:44:39+0800] P1 连续 Gate 批次结果=[False, False, False]
[2026-10-05T13:44:39+0800] P1 启动：/usr/bin/python3 -m rl.train --phase P1 --total-steps 210000 --device cuda --ckptdir /run/media/pma213x/0C6A8CC86A8CAFCE/Ubuntu2/CodeU/Dog1/official-mini-cheetah/checkpoints/official_mini_cheetah_flat_jump_v1_r3 --ckpt-prefix official_mini_cheetah_flat_jump_v1_r3 --logdir /run/media/pma213x/0C6A8CC86A8CAFCE/Ubuntu2/CodeU/Dog1/official-mini-cheetah/runs/official_mini_cheetah_flat_jump_v1_r3/P1_parallel --bridge-port 11452 --num-envs 4 --checkpoint-interval 20000 --randomization-mode fixed --seed 20261003 --phase-step-offset 190000 --resume /run/media/pma213x/0C6A8CC86A8CAFCE/Ubuntu2/CodeU/Dog1/official-mini-cheetah/checkpoints/official_mini_cheetah_flat_jump_v1_r3/official_mini_cheetah_flat_jump_v1_r3_final.zip
[2026-10-05T13:44:45+0800] P1 四 worker 实时健康确认通过
[2026-10-05T13:44:58+0800] P1 验收命令：/usr/bin/python3 -m rl.evaluate --phase P1 --gate --checkpoint /run/media/pma213x/0C6A8CC86A8CAFCE/Ubuntu2/CodeU/Dog1/official-mini-cheetah/checkpoints/official_mini_cheetah_flat_jump_v1_r3/official_mini_cheetah_flat_jump_v1_r3_final.zip --output /run/media/pma213x/0C6A8CC86A8CAFCE/Ubuntu2/CodeU/Dog1/official-mini-cheetah/logs/official_mini_cheetah_flat_jump_v1_r3/P1_gate_attempt_0.json
[2026-10-05T13:45:22+0800] P1 验收未通过，report.passed=false
[2026-10-05T13:45:22+0800] P1 验收命令：/usr/bin/python3 -m rl.evaluate --phase P1 --gate --checkpoint /run/media/pma213x/0C6A8CC86A8CAFCE/Ubuntu2/CodeU/Dog1/official-mini-cheetah/checkpoints/official_mini_cheetah_flat_jump_v1_r3/official_mini_cheetah_flat_jump_v1_r3_final.zip --output /run/media/pma213x/0C6A8CC86A8CAFCE/Ubuntu2/CodeU/Dog1/official-mini-cheetah/logs/official_mini_cheetah_flat_jump_v1_r3/P1_gate_attempt_1.json
[2026-10-05T13:45:47+0800] P1 验收未通过，report.passed=false
[2026-10-05T13:45:47+0800] P1 验收命令：/usr/bin/python3 -m rl.evaluate --phase P1 --gate --checkpoint /run/media/pma213x/0C6A8CC86A8CAFCE/Ubuntu2/CodeU/Dog1/official-mini-cheetah/checkpoints/official_mini_cheetah_flat_jump_v1_r3/official_mini_cheetah_flat_jump_v1_r3_final.zip --output /run/media/pma213x/0C6A8CC86A8CAFCE/Ubuntu2/CodeU/Dog1/official-mini-cheetah/logs/official_mini_cheetah_flat_jump_v1_r3/P1_gate_attempt_2.json
[2026-10-05T13:46:11+0800] P1 验收未通过，report.passed=false
[2026-10-05T13:46:11+0800] P1 连续 Gate 批次结果=[False, False, False]
[2026-10-05T13:46:11+0800] P1 启动：/usr/bin/python3 -m rl.train --phase P1 --total-steps 220000 --device cuda --ckptdir /run/media/pma213x/0C6A8CC86A8CAFCE/Ubuntu2/CodeU/Dog1/official-mini-cheetah/checkpoints/official_mini_cheetah_flat_jump_v1_r3 --ckpt-prefix official_mini_cheetah_flat_jump_v1_r3 --logdir /run/media/pma213x/0C6A8CC86A8CAFCE/Ubuntu2/CodeU/Dog1/official-mini-cheetah/runs/official_mini_cheetah_flat_jump_v1_r3/P1_parallel --bridge-port 11452 --num-envs 4 --checkpoint-interval 20000 --randomization-mode fixed --seed 20261003 --phase-step-offset 200000 --resume /run/media/pma213x/0C6A8CC86A8CAFCE/Ubuntu2/CodeU/Dog1/official-mini-cheetah/checkpoints/official_mini_cheetah_flat_jump_v1_r3/official_mini_cheetah_flat_jump_v1_r3_final.zip
[2026-10-05T13:46:17+0800] P1 四 worker 实时健康确认通过
[2026-10-05T13:46:31+0800] P1 验收命令：/usr/bin/python3 -m rl.evaluate --phase P1 --gate --checkpoint /run/media/pma213x/0C6A8CC86A8CAFCE/Ubuntu2/CodeU/Dog1/official-mini-cheetah/checkpoints/official_mini_cheetah_flat_jump_v1_r3/official_mini_cheetah_flat_jump_v1_r3_final.zip --output /run/media/pma213x/0C6A8CC86A8CAFCE/Ubuntu2/CodeU/Dog1/official-mini-cheetah/logs/official_mini_cheetah_flat_jump_v1_r3/P1_gate_attempt_0.json
[2026-10-05T13:46:54+0800] P1 验收未通过，report.passed=false
[2026-10-05T13:46:54+0800] P1 验收命令：/usr/bin/python3 -m rl.evaluate --phase P1 --gate --checkpoint /run/media/pma213x/0C6A8CC86A8CAFCE/Ubuntu2/CodeU/Dog1/official-mini-cheetah/checkpoints/official_mini_cheetah_flat_jump_v1_r3/official_mini_cheetah_flat_jump_v1_r3_final.zip --output /run/media/pma213x/0C6A8CC86A8CAFCE/Ubuntu2/CodeU/Dog1/official-mini-cheetah/logs/official_mini_cheetah_flat_jump_v1_r3/P1_gate_attempt_1.json
[2026-10-05T13:47:18+0800] P1 验收未通过，report.passed=false
[2026-10-05T13:47:18+0800] P1 验收命令：/usr/bin/python3 -m rl.evaluate --phase P1 --gate --checkpoint /run/media/pma213x/0C6A8CC86A8CAFCE/Ubuntu2/CodeU/Dog1/official-mini-cheetah/checkpoints/official_mini_cheetah_flat_jump_v1_r3/official_mini_cheetah_flat_jump_v1_r3_final.zip --output /run/media/pma213x/0C6A8CC86A8CAFCE/Ubuntu2/CodeU/Dog1/official-mini-cheetah/logs/official_mini_cheetah_flat_jump_v1_r3/P1_gate_attempt_2.json
[2026-10-05T13:47:42+0800] P1 验收未通过，report.passed=false
[2026-10-05T13:47:42+0800] P1 连续 Gate 批次结果=[False, False, False]
[2026-10-05T13:47:42+0800] P1 启动：/usr/bin/python3 -m rl.train --phase P1 --total-steps 230000 --device cuda --ckptdir /run/media/pma213x/0C6A8CC86A8CAFCE/Ubuntu2/CodeU/Dog1/official-mini-cheetah/checkpoints/official_mini_cheetah_flat_jump_v1_r3 --ckpt-prefix official_mini_cheetah_flat_jump_v1_r3 --logdir /run/media/pma213x/0C6A8CC86A8CAFCE/Ubuntu2/CodeU/Dog1/official-mini-cheetah/runs/official_mini_cheetah_flat_jump_v1_r3/P1_parallel --bridge-port 11452 --num-envs 4 --checkpoint-interval 20000 --randomization-mode fixed --seed 20261003 --phase-step-offset 210000 --resume /run/media/pma213x/0C6A8CC86A8CAFCE/Ubuntu2/CodeU/Dog1/official-mini-cheetah/checkpoints/official_mini_cheetah_flat_jump_v1_r3/official_mini_cheetah_flat_jump_v1_r3_final.zip
[2026-10-05T13:47:48+0800] P1 四 worker 实时健康确认通过
[2026-10-05T13:48:03+0800] P1 验收命令：/usr/bin/python3 -m rl.evaluate --phase P1 --gate --checkpoint /run/media/pma213x/0C6A8CC86A8CAFCE/Ubuntu2/CodeU/Dog1/official-mini-cheetah/checkpoints/official_mini_cheetah_flat_jump_v1_r3/official_mini_cheetah_flat_jump_v1_r3_final.zip --output /run/media/pma213x/0C6A8CC86A8CAFCE/Ubuntu2/CodeU/Dog1/official-mini-cheetah/logs/official_mini_cheetah_flat_jump_v1_r3/P1_gate_attempt_0.json
[2026-10-05T13:48:27+0800] P1 验收未通过，report.passed=false
[2026-10-05T13:48:27+0800] P1 验收命令：/usr/bin/python3 -m rl.evaluate --phase P1 --gate --checkpoint /run/media/pma213x/0C6A8CC86A8CAFCE/Ubuntu2/CodeU/Dog1/official-mini-cheetah/checkpoints/official_mini_cheetah_flat_jump_v1_r3/official_mini_cheetah_flat_jump_v1_r3_final.zip --output /run/media/pma213x/0C6A8CC86A8CAFCE/Ubuntu2/CodeU/Dog1/official-mini-cheetah/logs/official_mini_cheetah_flat_jump_v1_r3/P1_gate_attempt_1.json
[2026-10-05T13:48:51+0800] P1 验收未通过，report.passed=false
[2026-10-05T13:48:51+0800] P1 验收命令：/usr/bin/python3 -m rl.evaluate --phase P1 --gate --checkpoint /run/media/pma213x/0C6A8CC86A8CAFCE/Ubuntu2/CodeU/Dog1/official-mini-cheetah/checkpoints/official_mini_cheetah_flat_jump_v1_r3/official_mini_cheetah_flat_jump_v1_r3_final.zip --output /run/media/pma213x/0C6A8CC86A8CAFCE/Ubuntu2/CodeU/Dog1/official-mini-cheetah/logs/official_mini_cheetah_flat_jump_v1_r3/P1_gate_attempt_2.json
[2026-10-05T13:49:14+0800] P1 验收未通过，report.passed=false
[2026-10-05T13:49:14+0800] P1 连续 Gate 批次结果=[False, False, False]
[2026-10-05T13:49:14+0800] P1 启动：/usr/bin/python3 -m rl.train --phase P1 --total-steps 240000 --device cuda --ckptdir /run/media/pma213x/0C6A8CC86A8CAFCE/Ubuntu2/CodeU/Dog1/official-mini-cheetah/checkpoints/official_mini_cheetah_flat_jump_v1_r3 --ckpt-prefix official_mini_cheetah_flat_jump_v1_r3 --logdir /run/media/pma213x/0C6A8CC86A8CAFCE/Ubuntu2/CodeU/Dog1/official-mini-cheetah/runs/official_mini_cheetah_flat_jump_v1_r3/P1_parallel --bridge-port 11452 --num-envs 4 --checkpoint-interval 20000 --randomization-mode fixed --seed 20261003 --phase-step-offset 220000 --resume /run/media/pma213x/0C6A8CC86A8CAFCE/Ubuntu2/CodeU/Dog1/official-mini-cheetah/checkpoints/official_mini_cheetah_flat_jump_v1_r3/official_mini_cheetah_flat_jump_v1_r3_final.zip
[2026-10-05T13:49:21+0800] P1 四 worker 实时健康确认通过
[2026-10-05T13:49:34+0800] P1 验收命令：/usr/bin/python3 -m rl.evaluate --phase P1 --gate --checkpoint /run/media/pma213x/0C6A8CC86A8CAFCE/Ubuntu2/CodeU/Dog1/official-mini-cheetah/checkpoints/official_mini_cheetah_flat_jump_v1_r3/official_mini_cheetah_flat_jump_v1_r3_final.zip --output /run/media/pma213x/0C6A8CC86A8CAFCE/Ubuntu2/CodeU/Dog1/official-mini-cheetah/logs/official_mini_cheetah_flat_jump_v1_r3/P1_gate_attempt_0.json
[2026-10-05T13:49:58+0800] P1 验收未通过，report.passed=false
[2026-10-05T13:49:58+0800] P1 验收命令：/usr/bin/python3 -m rl.evaluate --phase P1 --gate --checkpoint /run/media/pma213x/0C6A8CC86A8CAFCE/Ubuntu2/CodeU/Dog1/official-mini-cheetah/checkpoints/official_mini_cheetah_flat_jump_v1_r3/official_mini_cheetah_flat_jump_v1_r3_final.zip --output /run/media/pma213x/0C6A8CC86A8CAFCE/Ubuntu2/CodeU/Dog1/official-mini-cheetah/logs/official_mini_cheetah_flat_jump_v1_r3/P1_gate_attempt_1.json
[2026-10-05T13:50:23+0800] P1 验收未通过，report.passed=false
[2026-10-05T13:50:23+0800] P1 验收命令：/usr/bin/python3 -m rl.evaluate --phase P1 --gate --checkpoint /run/media/pma213x/0C6A8CC86A8CAFCE/Ubuntu2/CodeU/Dog1/official-mini-cheetah/checkpoints/official_mini_cheetah_flat_jump_v1_r3/official_mini_cheetah_flat_jump_v1_r3_final.zip --output /run/media/pma213x/0C6A8CC86A8CAFCE/Ubuntu2/CodeU/Dog1/official-mini-cheetah/logs/official_mini_cheetah_flat_jump_v1_r3/P1_gate_attempt_2.json
[2026-10-05T13:50:46+0800] P1 验收未通过，report.passed=false
[2026-10-05T13:50:46+0800] P1 连续 Gate 批次结果=[False, False, False]
[2026-10-05T13:50:46+0800] P1 启动：/usr/bin/python3 -m rl.train --phase P1 --total-steps 250000 --device cuda --ckptdir /run/media/pma213x/0C6A8CC86A8CAFCE/Ubuntu2/CodeU/Dog1/official-mini-cheetah/checkpoints/official_mini_cheetah_flat_jump_v1_r3 --ckpt-prefix official_mini_cheetah_flat_jump_v1_r3 --logdir /run/media/pma213x/0C6A8CC86A8CAFCE/Ubuntu2/CodeU/Dog1/official-mini-cheetah/runs/official_mini_cheetah_flat_jump_v1_r3/P1_parallel --bridge-port 11452 --num-envs 4 --checkpoint-interval 20000 --randomization-mode fixed --seed 20261003 --phase-step-offset 230000 --resume /run/media/pma213x/0C6A8CC86A8CAFCE/Ubuntu2/CodeU/Dog1/official-mini-cheetah/checkpoints/official_mini_cheetah_flat_jump_v1_r3/official_mini_cheetah_flat_jump_v1_r3_final.zip
[2026-10-05T13:50:53+0800] P1 四 worker 实时健康确认通过
[2026-10-05T13:51:07+0800] P1 验收命令：/usr/bin/python3 -m rl.evaluate --phase P1 --gate --checkpoint /run/media/pma213x/0C6A8CC86A8CAFCE/Ubuntu2/CodeU/Dog1/official-mini-cheetah/checkpoints/official_mini_cheetah_flat_jump_v1_r3/official_mini_cheetah_flat_jump_v1_r3_final.zip --output /run/media/pma213x/0C6A8CC86A8CAFCE/Ubuntu2/CodeU/Dog1/official-mini-cheetah/logs/official_mini_cheetah_flat_jump_v1_r3/P1_gate_attempt_0.json
[2026-10-05T13:51:31+0800] P1 验收未通过，report.passed=false
[2026-10-05T13:51:31+0800] P1 验收命令：/usr/bin/python3 -m rl.evaluate --phase P1 --gate --checkpoint /run/media/pma213x/0C6A8CC86A8CAFCE/Ubuntu2/CodeU/Dog1/official-mini-cheetah/checkpoints/official_mini_cheetah_flat_jump_v1_r3/official_mini_cheetah_flat_jump_v1_r3_final.zip --output /run/media/pma213x/0C6A8CC86A8CAFCE/Ubuntu2/CodeU/Dog1/official-mini-cheetah/logs/official_mini_cheetah_flat_jump_v1_r3/P1_gate_attempt_1.json
[2026-10-05T13:51:55+0800] P1 验收未通过，report.passed=false
[2026-10-05T13:51:55+0800] P1 验收命令：/usr/bin/python3 -m rl.evaluate --phase P1 --gate --checkpoint /run/media/pma213x/0C6A8CC86A8CAFCE/Ubuntu2/CodeU/Dog1/official-mini-cheetah/checkpoints/official_mini_cheetah_flat_jump_v1_r3/official_mini_cheetah_flat_jump_v1_r3_final.zip --output /run/media/pma213x/0C6A8CC86A8CAFCE/Ubuntu2/CodeU/Dog1/official-mini-cheetah/logs/official_mini_cheetah_flat_jump_v1_r3/P1_gate_attempt_2.json
[2026-10-05T13:52:20+0800] P1 验收未通过，report.passed=false
[2026-10-05T13:52:20+0800] P1 连续 Gate 批次结果=[False, False, False]
[2026-10-05T13:52:20+0800] P1 启动：/usr/bin/python3 -m rl.train --phase P1 --total-steps 260000 --device cuda --ckptdir /run/media/pma213x/0C6A8CC86A8CAFCE/Ubuntu2/CodeU/Dog1/official-mini-cheetah/checkpoints/official_mini_cheetah_flat_jump_v1_r3 --ckpt-prefix official_mini_cheetah_flat_jump_v1_r3 --logdir /run/media/pma213x/0C6A8CC86A8CAFCE/Ubuntu2/CodeU/Dog1/official-mini-cheetah/runs/official_mini_cheetah_flat_jump_v1_r3/P1_parallel --bridge-port 11452 --num-envs 4 --checkpoint-interval 20000 --randomization-mode fixed --seed 20261003 --phase-step-offset 240000 --resume /run/media/pma213x/0C6A8CC86A8CAFCE/Ubuntu2/CodeU/Dog1/official-mini-cheetah/checkpoints/official_mini_cheetah_flat_jump_v1_r3/official_mini_cheetah_flat_jump_v1_r3_final.zip
[2026-10-05T13:52:26+0800] P1 四 worker 实时健康确认通过
[2026-10-05T13:52:41+0800] P1 验收命令：/usr/bin/python3 -m rl.evaluate --phase P1 --gate --checkpoint /run/media/pma213x/0C6A8CC86A8CAFCE/Ubuntu2/CodeU/Dog1/official-mini-cheetah/checkpoints/official_mini_cheetah_flat_jump_v1_r3/official_mini_cheetah_flat_jump_v1_r3_final.zip --output /run/media/pma213x/0C6A8CC86A8CAFCE/Ubuntu2/CodeU/Dog1/official-mini-cheetah/logs/official_mini_cheetah_flat_jump_v1_r3/P1_gate_attempt_0.json
[2026-10-05T13:53:06+0800] P1 验收未通过，report.passed=false
[2026-10-05T13:53:06+0800] P1 验收命令：/usr/bin/python3 -m rl.evaluate --phase P1 --gate --checkpoint /run/media/pma213x/0C6A8CC86A8CAFCE/Ubuntu2/CodeU/Dog1/official-mini-cheetah/checkpoints/official_mini_cheetah_flat_jump_v1_r3/official_mini_cheetah_flat_jump_v1_r3_final.zip --output /run/media/pma213x/0C6A8CC86A8CAFCE/Ubuntu2/CodeU/Dog1/official-mini-cheetah/logs/official_mini_cheetah_flat_jump_v1_r3/P1_gate_attempt_1.json
[2026-10-05T13:53:29+0800] P1 验收未通过，report.passed=false
[2026-10-05T13:53:29+0800] P1 验收命令：/usr/bin/python3 -m rl.evaluate --phase P1 --gate --checkpoint /run/media/pma213x/0C6A8CC86A8CAFCE/Ubuntu2/CodeU/Dog1/official-mini-cheetah/checkpoints/official_mini_cheetah_flat_jump_v1_r3/official_mini_cheetah_flat_jump_v1_r3_final.zip --output /run/media/pma213x/0C6A8CC86A8CAFCE/Ubuntu2/CodeU/Dog1/official-mini-cheetah/logs/official_mini_cheetah_flat_jump_v1_r3/P1_gate_attempt_2.json
[2026-10-05T13:53:53+0800] P1 验收未通过，report.passed=false
[2026-10-05T13:53:53+0800] P1 连续 Gate 批次结果=[False, False, False]
[2026-10-05T13:53:53+0800] P1 启动：/usr/bin/python3 -m rl.train --phase P1 --total-steps 270000 --device cuda --ckptdir /run/media/pma213x/0C6A8CC86A8CAFCE/Ubuntu2/CodeU/Dog1/official-mini-cheetah/checkpoints/official_mini_cheetah_flat_jump_v1_r3 --ckpt-prefix official_mini_cheetah_flat_jump_v1_r3 --logdir /run/media/pma213x/0C6A8CC86A8CAFCE/Ubuntu2/CodeU/Dog1/official-mini-cheetah/runs/official_mini_cheetah_flat_jump_v1_r3/P1_parallel --bridge-port 11452 --num-envs 4 --checkpoint-interval 20000 --randomization-mode fixed --seed 20261003 --phase-step-offset 250000 --resume /run/media/pma213x/0C6A8CC86A8CAFCE/Ubuntu2/CodeU/Dog1/official-mini-cheetah/checkpoints/official_mini_cheetah_flat_jump_v1_r3/official_mini_cheetah_flat_jump_v1_r3_final.zip
[2026-10-05T13:54:00+0800] P1 四 worker 实时健康确认通过
[2026-10-05T13:54:13+0800] P1 验收命令：/usr/bin/python3 -m rl.evaluate --phase P1 --gate --checkpoint /run/media/pma213x/0C6A8CC86A8CAFCE/Ubuntu2/CodeU/Dog1/official-mini-cheetah/checkpoints/official_mini_cheetah_flat_jump_v1_r3/official_mini_cheetah_flat_jump_v1_r3_final.zip --output /run/media/pma213x/0C6A8CC86A8CAFCE/Ubuntu2/CodeU/Dog1/official-mini-cheetah/logs/official_mini_cheetah_flat_jump_v1_r3/P1_gate_attempt_0.json
[2026-10-05T13:54:38+0800] P1 验收未通过，report.passed=false
[2026-10-05T13:54:38+0800] P1 验收命令：/usr/bin/python3 -m rl.evaluate --phase P1 --gate --checkpoint /run/media/pma213x/0C6A8CC86A8CAFCE/Ubuntu2/CodeU/Dog1/official-mini-cheetah/checkpoints/official_mini_cheetah_flat_jump_v1_r3/official_mini_cheetah_flat_jump_v1_r3_final.zip --output /run/media/pma213x/0C6A8CC86A8CAFCE/Ubuntu2/CodeU/Dog1/official-mini-cheetah/logs/official_mini_cheetah_flat_jump_v1_r3/P1_gate_attempt_1.json
[2026-10-05T13:55:01+0800] P1 验收未通过，report.passed=false
[2026-10-05T13:55:01+0800] P1 验收命令：/usr/bin/python3 -m rl.evaluate --phase P1 --gate --checkpoint /run/media/pma213x/0C6A8CC86A8CAFCE/Ubuntu2/CodeU/Dog1/official-mini-cheetah/checkpoints/official_mini_cheetah_flat_jump_v1_r3/official_mini_cheetah_flat_jump_v1_r3_final.zip --output /run/media/pma213x/0C6A8CC86A8CAFCE/Ubuntu2/CodeU/Dog1/official-mini-cheetah/logs/official_mini_cheetah_flat_jump_v1_r3/P1_gate_attempt_2.json
[2026-10-05T13:55:24+0800] P1 验收未通过，report.passed=false
[2026-10-05T13:55:24+0800] P1 连续 Gate 批次结果=[False, False, False]
[2026-10-05T13:55:24+0800] P1 启动：/usr/bin/python3 -m rl.train --phase P1 --total-steps 280000 --device cuda --ckptdir /run/media/pma213x/0C6A8CC86A8CAFCE/Ubuntu2/CodeU/Dog1/official-mini-cheetah/checkpoints/official_mini_cheetah_flat_jump_v1_r3 --ckpt-prefix official_mini_cheetah_flat_jump_v1_r3 --logdir /run/media/pma213x/0C6A8CC86A8CAFCE/Ubuntu2/CodeU/Dog1/official-mini-cheetah/runs/official_mini_cheetah_flat_jump_v1_r3/P1_parallel --bridge-port 11452 --num-envs 4 --checkpoint-interval 20000 --randomization-mode fixed --seed 20261003 --phase-step-offset 260000 --resume /run/media/pma213x/0C6A8CC86A8CAFCE/Ubuntu2/CodeU/Dog1/official-mini-cheetah/checkpoints/official_mini_cheetah_flat_jump_v1_r3/official_mini_cheetah_flat_jump_v1_r3_final.zip
[2026-10-05T13:55:30+0800] P1 四 worker 实时健康确认通过
[2026-10-05T13:55:44+0800] P1 验收命令：/usr/bin/python3 -m rl.evaluate --phase P1 --gate --checkpoint /run/media/pma213x/0C6A8CC86A8CAFCE/Ubuntu2/CodeU/Dog1/official-mini-cheetah/checkpoints/official_mini_cheetah_flat_jump_v1_r3/official_mini_cheetah_flat_jump_v1_r3_final.zip --output /run/media/pma213x/0C6A8CC86A8CAFCE/Ubuntu2/CodeU/Dog1/official-mini-cheetah/logs/official_mini_cheetah_flat_jump_v1_r3/P1_gate_attempt_0.json
[2026-10-05T13:56:08+0800] P1 验收未通过，report.passed=false
[2026-10-05T13:56:08+0800] P1 验收命令：/usr/bin/python3 -m rl.evaluate --phase P1 --gate --checkpoint /run/media/pma213x/0C6A8CC86A8CAFCE/Ubuntu2/CodeU/Dog1/official-mini-cheetah/checkpoints/official_mini_cheetah_flat_jump_v1_r3/official_mini_cheetah_flat_jump_v1_r3_final.zip --output /run/media/pma213x/0C6A8CC86A8CAFCE/Ubuntu2/CodeU/Dog1/official-mini-cheetah/logs/official_mini_cheetah_flat_jump_v1_r3/P1_gate_attempt_1.json
[2026-10-05T13:56:32+0800] P1 验收未通过，report.passed=false
[2026-10-05T13:56:32+0800] P1 验收命令：/usr/bin/python3 -m rl.evaluate --phase P1 --gate --checkpoint /run/media/pma213x/0C6A8CC86A8CAFCE/Ubuntu2/CodeU/Dog1/official-mini-cheetah/checkpoints/official_mini_cheetah_flat_jump_v1_r3/official_mini_cheetah_flat_jump_v1_r3_final.zip --output /run/media/pma213x/0C6A8CC86A8CAFCE/Ubuntu2/CodeU/Dog1/official-mini-cheetah/logs/official_mini_cheetah_flat_jump_v1_r3/P1_gate_attempt_2.json
[2026-10-05T13:56:55+0800] P1 验收未通过，report.passed=false
[2026-10-05T13:56:55+0800] P1 连续 Gate 批次结果=[False, False, False]
[2026-10-05T13:56:55+0800] P1 启动：/usr/bin/python3 -m rl.train --phase P1 --total-steps 290000 --device cuda --ckptdir /run/media/pma213x/0C6A8CC86A8CAFCE/Ubuntu2/CodeU/Dog1/official-mini-cheetah/checkpoints/official_mini_cheetah_flat_jump_v1_r3 --ckpt-prefix official_mini_cheetah_flat_jump_v1_r3 --logdir /run/media/pma213x/0C6A8CC86A8CAFCE/Ubuntu2/CodeU/Dog1/official-mini-cheetah/runs/official_mini_cheetah_flat_jump_v1_r3/P1_parallel --bridge-port 11452 --num-envs 4 --checkpoint-interval 20000 --randomization-mode fixed --seed 20261003 --phase-step-offset 270000 --resume /run/media/pma213x/0C6A8CC86A8CAFCE/Ubuntu2/CodeU/Dog1/official-mini-cheetah/checkpoints/official_mini_cheetah_flat_jump_v1_r3/official_mini_cheetah_flat_jump_v1_r3_final.zip
[2026-10-05T13:57:01+0800] P1 四 worker 实时健康确认通过
[2026-10-05T13:57:14+0800] P1 验收命令：/usr/bin/python3 -m rl.evaluate --phase P1 --gate --checkpoint /run/media/pma213x/0C6A8CC86A8CAFCE/Ubuntu2/CodeU/Dog1/official-mini-cheetah/checkpoints/official_mini_cheetah_flat_jump_v1_r3/official_mini_cheetah_flat_jump_v1_r3_final.zip --output /run/media/pma213x/0C6A8CC86A8CAFCE/Ubuntu2/CodeU/Dog1/official-mini-cheetah/logs/official_mini_cheetah_flat_jump_v1_r3/P1_gate_attempt_0.json
[2026-10-05T13:57:38+0800] P1 验收未通过，report.passed=false
[2026-10-05T13:57:38+0800] P1 验收命令：/usr/bin/python3 -m rl.evaluate --phase P1 --gate --checkpoint /run/media/pma213x/0C6A8CC86A8CAFCE/Ubuntu2/CodeU/Dog1/official-mini-cheetah/checkpoints/official_mini_cheetah_flat_jump_v1_r3/official_mini_cheetah_flat_jump_v1_r3_final.zip --output /run/media/pma213x/0C6A8CC86A8CAFCE/Ubuntu2/CodeU/Dog1/official-mini-cheetah/logs/official_mini_cheetah_flat_jump_v1_r3/P1_gate_attempt_1.json
[2026-10-05T13:58:02+0800] P1 验收未通过，report.passed=false
[2026-10-05T13:58:02+0800] P1 验收命令：/usr/bin/python3 -m rl.evaluate --phase P1 --gate --checkpoint /run/media/pma213x/0C6A8CC86A8CAFCE/Ubuntu2/CodeU/Dog1/official-mini-cheetah/checkpoints/official_mini_cheetah_flat_jump_v1_r3/official_mini_cheetah_flat_jump_v1_r3_final.zip --output /run/media/pma213x/0C6A8CC86A8CAFCE/Ubuntu2/CodeU/Dog1/official-mini-cheetah/logs/official_mini_cheetah_flat_jump_v1_r3/P1_gate_attempt_2.json
[2026-10-05T13:58:25+0800] P1 验收未通过，report.passed=false
[2026-10-05T13:58:25+0800] P1 连续 Gate 批次结果=[False, False, False]
[2026-10-05T13:58:25+0800] P1 启动：/usr/bin/python3 -m rl.train --phase P1 --total-steps 300000 --device cuda --ckptdir /run/media/pma213x/0C6A8CC86A8CAFCE/Ubuntu2/CodeU/Dog1/official-mini-cheetah/checkpoints/official_mini_cheetah_flat_jump_v1_r3 --ckpt-prefix official_mini_cheetah_flat_jump_v1_r3 --logdir /run/media/pma213x/0C6A8CC86A8CAFCE/Ubuntu2/CodeU/Dog1/official-mini-cheetah/runs/official_mini_cheetah_flat_jump_v1_r3/P1_parallel --bridge-port 11452 --num-envs 4 --checkpoint-interval 20000 --randomization-mode fixed --seed 20261003 --phase-step-offset 280000 --resume /run/media/pma213x/0C6A8CC86A8CAFCE/Ubuntu2/CodeU/Dog1/official-mini-cheetah/checkpoints/official_mini_cheetah_flat_jump_v1_r3/official_mini_cheetah_flat_jump_v1_r3_final.zip
[2026-10-05T13:58:32+0800] P1 四 worker 实时健康确认通过
[2026-10-05T13:58:45+0800] P1 验收命令：/usr/bin/python3 -m rl.evaluate --phase P1 --gate --checkpoint /run/media/pma213x/0C6A8CC86A8CAFCE/Ubuntu2/CodeU/Dog1/official-mini-cheetah/checkpoints/official_mini_cheetah_flat_jump_v1_r3/official_mini_cheetah_flat_jump_v1_r3_final.zip --output /run/media/pma213x/0C6A8CC86A8CAFCE/Ubuntu2/CodeU/Dog1/official-mini-cheetah/logs/official_mini_cheetah_flat_jump_v1_r3/P1_gate_attempt_0.json
[2026-10-05T13:59:09+0800] P1 验收未通过，report.passed=false
[2026-10-05T13:59:09+0800] P1 验收命令：/usr/bin/python3 -m rl.evaluate --phase P1 --gate --checkpoint /run/media/pma213x/0C6A8CC86A8CAFCE/Ubuntu2/CodeU/Dog1/official-mini-cheetah/checkpoints/official_mini_cheetah_flat_jump_v1_r3/official_mini_cheetah_flat_jump_v1_r3_final.zip --output /run/media/pma213x/0C6A8CC86A8CAFCE/Ubuntu2/CodeU/Dog1/official-mini-cheetah/logs/official_mini_cheetah_flat_jump_v1_r3/P1_gate_attempt_1.json
[2026-10-05T13:59:33+0800] P1 验收未通过，report.passed=false
[2026-10-05T13:59:34+0800] P1 验收命令：/usr/bin/python3 -m rl.evaluate --phase P1 --gate --checkpoint /run/media/pma213x/0C6A8CC86A8CAFCE/Ubuntu2/CodeU/Dog1/official-mini-cheetah/checkpoints/official_mini_cheetah_flat_jump_v1_r3/official_mini_cheetah_flat_jump_v1_r3_final.zip --output /run/media/pma213x/0C6A8CC86A8CAFCE/Ubuntu2/CodeU/Dog1/official-mini-cheetah/logs/official_mini_cheetah_flat_jump_v1_r3/P1_gate_attempt_2.json
[2026-10-05T13:59:58+0800] P1 验收未通过，report.passed=false
[2026-10-05T13:59:58+0800] P1 连续 Gate 批次结果=[False, False, False]
[2026-10-05T13:59:58+0800] P1 启动：/usr/bin/python3 -m rl.train --phase P1 --total-steps 310000 --device cuda --ckptdir /run/media/pma213x/0C6A8CC86A8CAFCE/Ubuntu2/CodeU/Dog1/official-mini-cheetah/checkpoints/official_mini_cheetah_flat_jump_v1_r3 --ckpt-prefix official_mini_cheetah_flat_jump_v1_r3 --logdir /run/media/pma213x/0C6A8CC86A8CAFCE/Ubuntu2/CodeU/Dog1/official-mini-cheetah/runs/official_mini_cheetah_flat_jump_v1_r3/P1_parallel --bridge-port 11452 --num-envs 4 --checkpoint-interval 20000 --randomization-mode fixed --seed 20261003 --phase-step-offset 290000 --resume /run/media/pma213x/0C6A8CC86A8CAFCE/Ubuntu2/CodeU/Dog1/official-mini-cheetah/checkpoints/official_mini_cheetah_flat_jump_v1_r3/official_mini_cheetah_flat_jump_v1_r3_final.zip
[2026-10-05T14:00:04+0800] P1 四 worker 实时健康确认通过
[2026-10-05T14:00:20+0800] P1 验收命令：/usr/bin/python3 -m rl.evaluate --phase P1 --gate --checkpoint /run/media/pma213x/0C6A8CC86A8CAFCE/Ubuntu2/CodeU/Dog1/official-mini-cheetah/checkpoints/official_mini_cheetah_flat_jump_v1_r3/official_mini_cheetah_flat_jump_v1_r3_final.zip --output /run/media/pma213x/0C6A8CC86A8CAFCE/Ubuntu2/CodeU/Dog1/official-mini-cheetah/logs/official_mini_cheetah_flat_jump_v1_r3/P1_gate_attempt_0.json
[2026-10-05T14:00:44+0800] P1 验收未通过，report.passed=false
[2026-10-05T14:00:44+0800] P1 验收命令：/usr/bin/python3 -m rl.evaluate --phase P1 --gate --checkpoint /run/media/pma213x/0C6A8CC86A8CAFCE/Ubuntu2/CodeU/Dog1/official-mini-cheetah/checkpoints/official_mini_cheetah_flat_jump_v1_r3/official_mini_cheetah_flat_jump_v1_r3_final.zip --output /run/media/pma213x/0C6A8CC86A8CAFCE/Ubuntu2/CodeU/Dog1/official-mini-cheetah/logs/official_mini_cheetah_flat_jump_v1_r3/P1_gate_attempt_1.json
[2026-10-05T14:01:09+0800] P1 验收未通过，report.passed=false
[2026-10-05T14:01:09+0800] P1 验收命令：/usr/bin/python3 -m rl.evaluate --phase P1 --gate --checkpoint /run/media/pma213x/0C6A8CC86A8CAFCE/Ubuntu2/CodeU/Dog1/official-mini-cheetah/checkpoints/official_mini_cheetah_flat_jump_v1_r3/official_mini_cheetah_flat_jump_v1_r3_final.zip --output /run/media/pma213x/0C6A8CC86A8CAFCE/Ubuntu2/CodeU/Dog1/official-mini-cheetah/logs/official_mini_cheetah_flat_jump_v1_r3/P1_gate_attempt_2.json
[2026-10-05T14:01:33+0800] P1 验收未通过，report.passed=false
[2026-10-05T14:01:33+0800] P1 连续 Gate 批次结果=[False, False, False]
[2026-10-05T14:01:33+0800] P1 启动：/usr/bin/python3 -m rl.train --phase P1 --total-steps 320000 --device cuda --ckptdir /run/media/pma213x/0C6A8CC86A8CAFCE/Ubuntu2/CodeU/Dog1/official-mini-cheetah/checkpoints/official_mini_cheetah_flat_jump_v1_r3 --ckpt-prefix official_mini_cheetah_flat_jump_v1_r3 --logdir /run/media/pma213x/0C6A8CC86A8CAFCE/Ubuntu2/CodeU/Dog1/official-mini-cheetah/runs/official_mini_cheetah_flat_jump_v1_r3/P1_parallel --bridge-port 11452 --num-envs 4 --checkpoint-interval 20000 --randomization-mode fixed --seed 20261003 --phase-step-offset 300000 --resume /run/media/pma213x/0C6A8CC86A8CAFCE/Ubuntu2/CodeU/Dog1/official-mini-cheetah/checkpoints/official_mini_cheetah_flat_jump_v1_r3/official_mini_cheetah_flat_jump_v1_r3_final.zip
[2026-10-05T14:01:39+0800] P1 四 worker 实时健康确认通过
[2026-10-05T14:01:52+0800] P1 验收命令：/usr/bin/python3 -m rl.evaluate --phase P1 --gate --checkpoint /run/media/pma213x/0C6A8CC86A8CAFCE/Ubuntu2/CodeU/Dog1/official-mini-cheetah/checkpoints/official_mini_cheetah_flat_jump_v1_r3/official_mini_cheetah_flat_jump_v1_r3_final.zip --output /run/media/pma213x/0C6A8CC86A8CAFCE/Ubuntu2/CodeU/Dog1/official-mini-cheetah/logs/official_mini_cheetah_flat_jump_v1_r3/P1_gate_attempt_0.json
[2026-10-05T14:02:16+0800] P1 验收未通过，report.passed=false
[2026-10-05T14:02:16+0800] P1 验收命令：/usr/bin/python3 -m rl.evaluate --phase P1 --gate --checkpoint /run/media/pma213x/0C6A8CC86A8CAFCE/Ubuntu2/CodeU/Dog1/official-mini-cheetah/checkpoints/official_mini_cheetah_flat_jump_v1_r3/official_mini_cheetah_flat_jump_v1_r3_final.zip --output /run/media/pma213x/0C6A8CC86A8CAFCE/Ubuntu2/CodeU/Dog1/official-mini-cheetah/logs/official_mini_cheetah_flat_jump_v1_r3/P1_gate_attempt_1.json
[2026-10-05T14:02:40+0800] P1 验收未通过，report.passed=false
[2026-10-05T14:02:40+0800] P1 验收命令：/usr/bin/python3 -m rl.evaluate --phase P1 --gate --checkpoint /run/media/pma213x/0C6A8CC86A8CAFCE/Ubuntu2/CodeU/Dog1/official-mini-cheetah/checkpoints/official_mini_cheetah_flat_jump_v1_r3/official_mini_cheetah_flat_jump_v1_r3_final.zip --output /run/media/pma213x/0C6A8CC86A8CAFCE/Ubuntu2/CodeU/Dog1/official-mini-cheetah/logs/official_mini_cheetah_flat_jump_v1_r3/P1_gate_attempt_2.json
[2026-10-05T14:03:05+0800] P1 验收未通过，report.passed=false
[2026-10-05T14:03:05+0800] P1 连续 Gate 批次结果=[False, False, False]
[2026-10-05T14:03:05+0800] P1 启动：/usr/bin/python3 -m rl.train --phase P1 --total-steps 330000 --device cuda --ckptdir /run/media/pma213x/0C6A8CC86A8CAFCE/Ubuntu2/CodeU/Dog1/official-mini-cheetah/checkpoints/official_mini_cheetah_flat_jump_v1_r3 --ckpt-prefix official_mini_cheetah_flat_jump_v1_r3 --logdir /run/media/pma213x/0C6A8CC86A8CAFCE/Ubuntu2/CodeU/Dog1/official-mini-cheetah/runs/official_mini_cheetah_flat_jump_v1_r3/P1_parallel --bridge-port 11452 --num-envs 4 --checkpoint-interval 20000 --randomization-mode fixed --seed 20261003 --phase-step-offset 310000 --resume /run/media/pma213x/0C6A8CC86A8CAFCE/Ubuntu2/CodeU/Dog1/official-mini-cheetah/checkpoints/official_mini_cheetah_flat_jump_v1_r3/official_mini_cheetah_flat_jump_v1_r3_final.zip
[2026-10-05T14:03:11+0800] P1 四 worker 实时健康确认通过
[2026-10-05T14:03:24+0800] P1 验收命令：/usr/bin/python3 -m rl.evaluate --phase P1 --gate --checkpoint /run/media/pma213x/0C6A8CC86A8CAFCE/Ubuntu2/CodeU/Dog1/official-mini-cheetah/checkpoints/official_mini_cheetah_flat_jump_v1_r3/official_mini_cheetah_flat_jump_v1_r3_final.zip --output /run/media/pma213x/0C6A8CC86A8CAFCE/Ubuntu2/CodeU/Dog1/official-mini-cheetah/logs/official_mini_cheetah_flat_jump_v1_r3/P1_gate_attempt_0.json
[2026-10-05T14:03:48+0800] P1 验收未通过，report.passed=false
[2026-10-05T14:03:48+0800] P1 验收命令：/usr/bin/python3 -m rl.evaluate --phase P1 --gate --checkpoint /run/media/pma213x/0C6A8CC86A8CAFCE/Ubuntu2/CodeU/Dog1/official-mini-cheetah/checkpoints/official_mini_cheetah_flat_jump_v1_r3/official_mini_cheetah_flat_jump_v1_r3_final.zip --output /run/media/pma213x/0C6A8CC86A8CAFCE/Ubuntu2/CodeU/Dog1/official-mini-cheetah/logs/official_mini_cheetah_flat_jump_v1_r3/P1_gate_attempt_1.json
[2026-10-05T14:04:12+0800] P1 验收未通过，report.passed=false
[2026-10-05T14:04:12+0800] P1 验收命令：/usr/bin/python3 -m rl.evaluate --phase P1 --gate --checkpoint /run/media/pma213x/0C6A8CC86A8CAFCE/Ubuntu2/CodeU/Dog1/official-mini-cheetah/checkpoints/official_mini_cheetah_flat_jump_v1_r3/official_mini_cheetah_flat_jump_v1_r3_final.zip --output /run/media/pma213x/0C6A8CC86A8CAFCE/Ubuntu2/CodeU/Dog1/official-mini-cheetah/logs/official_mini_cheetah_flat_jump_v1_r3/P1_gate_attempt_2.json
[2026-10-05T14:04:36+0800] P1 验收未通过，report.passed=false
[2026-10-05T14:04:36+0800] P1 连续 Gate 批次结果=[False, False, False]
[2026-10-05T14:04:36+0800] P1 启动：/usr/bin/python3 -m rl.train --phase P1 --total-steps 340000 --device cuda --ckptdir /run/media/pma213x/0C6A8CC86A8CAFCE/Ubuntu2/CodeU/Dog1/official-mini-cheetah/checkpoints/official_mini_cheetah_flat_jump_v1_r3 --ckpt-prefix official_mini_cheetah_flat_jump_v1_r3 --logdir /run/media/pma213x/0C6A8CC86A8CAFCE/Ubuntu2/CodeU/Dog1/official-mini-cheetah/runs/official_mini_cheetah_flat_jump_v1_r3/P1_parallel --bridge-port 11452 --num-envs 4 --checkpoint-interval 20000 --randomization-mode fixed --seed 20261003 --phase-step-offset 320000 --resume /run/media/pma213x/0C6A8CC86A8CAFCE/Ubuntu2/CodeU/Dog1/official-mini-cheetah/checkpoints/official_mini_cheetah_flat_jump_v1_r3/official_mini_cheetah_flat_jump_v1_r3_final.zip
[2026-10-05T14:04:42+0800] P1 四 worker 实时健康确认通过
[2026-10-05T14:04:56+0800] P1 验收命令：/usr/bin/python3 -m rl.evaluate --phase P1 --gate --checkpoint /run/media/pma213x/0C6A8CC86A8CAFCE/Ubuntu2/CodeU/Dog1/official-mini-cheetah/checkpoints/official_mini_cheetah_flat_jump_v1_r3/official_mini_cheetah_flat_jump_v1_r3_final.zip --output /run/media/pma213x/0C6A8CC86A8CAFCE/Ubuntu2/CodeU/Dog1/official-mini-cheetah/logs/official_mini_cheetah_flat_jump_v1_r3/P1_gate_attempt_0.json
[2026-10-05T14:05:21+0800] P1 验收未通过，report.passed=false
[2026-10-05T14:05:21+0800] P1 验收命令：/usr/bin/python3 -m rl.evaluate --phase P1 --gate --checkpoint /run/media/pma213x/0C6A8CC86A8CAFCE/Ubuntu2/CodeU/Dog1/official-mini-cheetah/checkpoints/official_mini_cheetah_flat_jump_v1_r3/official_mini_cheetah_flat_jump_v1_r3_final.zip --output /run/media/pma213x/0C6A8CC86A8CAFCE/Ubuntu2/CodeU/Dog1/official-mini-cheetah/logs/official_mini_cheetah_flat_jump_v1_r3/P1_gate_attempt_1.json
[2026-10-05T14:05:45+0800] P1 验收未通过，report.passed=false
[2026-10-05T14:05:45+0800] P1 验收命令：/usr/bin/python3 -m rl.evaluate --phase P1 --gate --checkpoint /run/media/pma213x/0C6A8CC86A8CAFCE/Ubuntu2/CodeU/Dog1/official-mini-cheetah/checkpoints/official_mini_cheetah_flat_jump_v1_r3/official_mini_cheetah_flat_jump_v1_r3_final.zip --output /run/media/pma213x/0C6A8CC86A8CAFCE/Ubuntu2/CodeU/Dog1/official-mini-cheetah/logs/official_mini_cheetah_flat_jump_v1_r3/P1_gate_attempt_2.json
[2026-10-05T14:06:08+0800] P1 验收未通过，report.passed=false
[2026-10-05T14:06:08+0800] P1 连续 Gate 批次结果=[False, False, False]
[2026-10-05T14:06:08+0800] P1 启动：/usr/bin/python3 -m rl.train --phase P1 --total-steps 350000 --device cuda --ckptdir /run/media/pma213x/0C6A8CC86A8CAFCE/Ubuntu2/CodeU/Dog1/official-mini-cheetah/checkpoints/official_mini_cheetah_flat_jump_v1_r3 --ckpt-prefix official_mini_cheetah_flat_jump_v1_r3 --logdir /run/media/pma213x/0C6A8CC86A8CAFCE/Ubuntu2/CodeU/Dog1/official-mini-cheetah/runs/official_mini_cheetah_flat_jump_v1_r3/P1_parallel --bridge-port 11452 --num-envs 4 --checkpoint-interval 20000 --randomization-mode fixed --seed 20261003 --phase-step-offset 330000 --resume /run/media/pma213x/0C6A8CC86A8CAFCE/Ubuntu2/CodeU/Dog1/official-mini-cheetah/checkpoints/official_mini_cheetah_flat_jump_v1_r3/official_mini_cheetah_flat_jump_v1_r3_final.zip
[2026-10-05T14:06:15+0800] P1 四 worker 实时健康确认通过
[2026-10-05T14:06:28+0800] P1 验收命令：/usr/bin/python3 -m rl.evaluate --phase P1 --gate --checkpoint /run/media/pma213x/0C6A8CC86A8CAFCE/Ubuntu2/CodeU/Dog1/official-mini-cheetah/checkpoints/official_mini_cheetah_flat_jump_v1_r3/official_mini_cheetah_flat_jump_v1_r3_final.zip --output /run/media/pma213x/0C6A8CC86A8CAFCE/Ubuntu2/CodeU/Dog1/official-mini-cheetah/logs/official_mini_cheetah_flat_jump_v1_r3/P1_gate_attempt_0.json
[2026-10-05T14:06:52+0800] P1 验收未通过，report.passed=false
[2026-10-05T14:06:52+0800] P1 验收命令：/usr/bin/python3 -m rl.evaluate --phase P1 --gate --checkpoint /run/media/pma213x/0C6A8CC86A8CAFCE/Ubuntu2/CodeU/Dog1/official-mini-cheetah/checkpoints/official_mini_cheetah_flat_jump_v1_r3/official_mini_cheetah_flat_jump_v1_r3_final.zip --output /run/media/pma213x/0C6A8CC86A8CAFCE/Ubuntu2/CodeU/Dog1/official-mini-cheetah/logs/official_mini_cheetah_flat_jump_v1_r3/P1_gate_attempt_1.json
[2026-10-05T14:07:16+0800] P1 验收未通过，report.passed=false
[2026-10-05T14:07:16+0800] P1 验收命令：/usr/bin/python3 -m rl.evaluate --phase P1 --gate --checkpoint /run/media/pma213x/0C6A8CC86A8CAFCE/Ubuntu2/CodeU/Dog1/official-mini-cheetah/checkpoints/official_mini_cheetah_flat_jump_v1_r3/official_mini_cheetah_flat_jump_v1_r3_final.zip --output /run/media/pma213x/0C6A8CC86A8CAFCE/Ubuntu2/CodeU/Dog1/official-mini-cheetah/logs/official_mini_cheetah_flat_jump_v1_r3/P1_gate_attempt_2.json
[2026-10-05T14:07:39+0800] P1 验收未通过，report.passed=false
[2026-10-05T14:07:39+0800] P1 连续 Gate 批次结果=[False, False, False]
[2026-10-05T14:07:39+0800] P1 启动：/usr/bin/python3 -m rl.train --phase P1 --total-steps 360000 --device cuda --ckptdir /run/media/pma213x/0C6A8CC86A8CAFCE/Ubuntu2/CodeU/Dog1/official-mini-cheetah/checkpoints/official_mini_cheetah_flat_jump_v1_r3 --ckpt-prefix official_mini_cheetah_flat_jump_v1_r3 --logdir /run/media/pma213x/0C6A8CC86A8CAFCE/Ubuntu2/CodeU/Dog1/official-mini-cheetah/runs/official_mini_cheetah_flat_jump_v1_r3/P1_parallel --bridge-port 11452 --num-envs 4 --checkpoint-interval 20000 --randomization-mode fixed --seed 20261003 --phase-step-offset 340000 --resume /run/media/pma213x/0C6A8CC86A8CAFCE/Ubuntu2/CodeU/Dog1/official-mini-cheetah/checkpoints/official_mini_cheetah_flat_jump_v1_r3/official_mini_cheetah_flat_jump_v1_r3_final.zip
[2026-10-05T14:07:45+0800] P1 四 worker 实时健康确认通过
[2026-10-05T14:07:59+0800] P1 验收命令：/usr/bin/python3 -m rl.evaluate --phase P1 --gate --checkpoint /run/media/pma213x/0C6A8CC86A8CAFCE/Ubuntu2/CodeU/Dog1/official-mini-cheetah/checkpoints/official_mini_cheetah_flat_jump_v1_r3/official_mini_cheetah_flat_jump_v1_r3_final.zip --output /run/media/pma213x/0C6A8CC86A8CAFCE/Ubuntu2/CodeU/Dog1/official-mini-cheetah/logs/official_mini_cheetah_flat_jump_v1_r3/P1_gate_attempt_0.json
[2026-10-05T14:08:23+0800] P1 验收未通过，report.passed=false
[2026-10-05T14:08:23+0800] P1 验收命令：/usr/bin/python3 -m rl.evaluate --phase P1 --gate --checkpoint /run/media/pma213x/0C6A8CC86A8CAFCE/Ubuntu2/CodeU/Dog1/official-mini-cheetah/checkpoints/official_mini_cheetah_flat_jump_v1_r3/official_mini_cheetah_flat_jump_v1_r3_final.zip --output /run/media/pma213x/0C6A8CC86A8CAFCE/Ubuntu2/CodeU/Dog1/official-mini-cheetah/logs/official_mini_cheetah_flat_jump_v1_r3/P1_gate_attempt_1.json
[2026-10-05T14:08:46+0800] P1 验收未通过，report.passed=false
[2026-10-05T14:08:46+0800] P1 验收命令：/usr/bin/python3 -m rl.evaluate --phase P1 --gate --checkpoint /run/media/pma213x/0C6A8CC86A8CAFCE/Ubuntu2/CodeU/Dog1/official-mini-cheetah/checkpoints/official_mini_cheetah_flat_jump_v1_r3/official_mini_cheetah_flat_jump_v1_r3_final.zip --output /run/media/pma213x/0C6A8CC86A8CAFCE/Ubuntu2/CodeU/Dog1/official-mini-cheetah/logs/official_mini_cheetah_flat_jump_v1_r3/P1_gate_attempt_2.json
[2026-10-05T14:09:14+0800] P1 验收未通过，report.passed=false
[2026-10-05T14:09:14+0800] P1 连续 Gate 批次结果=[False, False, False]
[2026-10-05T14:09:14+0800] P1 启动：/usr/bin/python3 -m rl.train --phase P1 --total-steps 370000 --device cuda --ckptdir /run/media/pma213x/0C6A8CC86A8CAFCE/Ubuntu2/CodeU/Dog1/official-mini-cheetah/checkpoints/official_mini_cheetah_flat_jump_v1_r3 --ckpt-prefix official_mini_cheetah_flat_jump_v1_r3 --logdir /run/media/pma213x/0C6A8CC86A8CAFCE/Ubuntu2/CodeU/Dog1/official-mini-cheetah/runs/official_mini_cheetah_flat_jump_v1_r3/P1_parallel --bridge-port 11452 --num-envs 4 --checkpoint-interval 20000 --randomization-mode fixed --seed 20261003 --phase-step-offset 350000 --resume /run/media/pma213x/0C6A8CC86A8CAFCE/Ubuntu2/CodeU/Dog1/official-mini-cheetah/checkpoints/official_mini_cheetah_flat_jump_v1_r3/official_mini_cheetah_flat_jump_v1_r3_final.zip
[2026-10-05T14:09:20+0800] P1 四 worker 实时健康确认通过
[2026-10-05T14:09:34+0800] P1 验收命令：/usr/bin/python3 -m rl.evaluate --phase P1 --gate --checkpoint /run/media/pma213x/0C6A8CC86A8CAFCE/Ubuntu2/CodeU/Dog1/official-mini-cheetah/checkpoints/official_mini_cheetah_flat_jump_v1_r3/official_mini_cheetah_flat_jump_v1_r3_final.zip --output /run/media/pma213x/0C6A8CC86A8CAFCE/Ubuntu2/CodeU/Dog1/official-mini-cheetah/logs/official_mini_cheetah_flat_jump_v1_r3/P1_gate_attempt_0.json
[2026-10-05T14:09:57+0800] P1 验收未通过，report.passed=false
[2026-10-05T14:09:57+0800] P1 验收命令：/usr/bin/python3 -m rl.evaluate --phase P1 --gate --checkpoint /run/media/pma213x/0C6A8CC86A8CAFCE/Ubuntu2/CodeU/Dog1/official-mini-cheetah/checkpoints/official_mini_cheetah_flat_jump_v1_r3/official_mini_cheetah_flat_jump_v1_r3_final.zip --output /run/media/pma213x/0C6A8CC86A8CAFCE/Ubuntu2/CodeU/Dog1/official-mini-cheetah/logs/official_mini_cheetah_flat_jump_v1_r3/P1_gate_attempt_1.json
[2026-10-05T14:10:20+0800] P1 验收未通过，report.passed=false
[2026-10-05T14:10:20+0800] P1 验收命令：/usr/bin/python3 -m rl.evaluate --phase P1 --gate --checkpoint /run/media/pma213x/0C6A8CC86A8CAFCE/Ubuntu2/CodeU/Dog1/official-mini-cheetah/checkpoints/official_mini_cheetah_flat_jump_v1_r3/official_mini_cheetah_flat_jump_v1_r3_final.zip --output /run/media/pma213x/0C6A8CC86A8CAFCE/Ubuntu2/CodeU/Dog1/official-mini-cheetah/logs/official_mini_cheetah_flat_jump_v1_r3/P1_gate_attempt_2.json
[2026-10-05T14:10:45+0800] P1 验收未通过，report.passed=false
[2026-10-05T14:10:45+0800] P1 连续 Gate 批次结果=[False, False, False]
[2026-10-05T14:10:45+0800] P1 启动：/usr/bin/python3 -m rl.train --phase P1 --total-steps 380000 --device cuda --ckptdir /run/media/pma213x/0C6A8CC86A8CAFCE/Ubuntu2/CodeU/Dog1/official-mini-cheetah/checkpoints/official_mini_cheetah_flat_jump_v1_r3 --ckpt-prefix official_mini_cheetah_flat_jump_v1_r3 --logdir /run/media/pma213x/0C6A8CC86A8CAFCE/Ubuntu2/CodeU/Dog1/official-mini-cheetah/runs/official_mini_cheetah_flat_jump_v1_r3/P1_parallel --bridge-port 11452 --num-envs 4 --checkpoint-interval 20000 --randomization-mode fixed --seed 20261003 --phase-step-offset 360000 --resume /run/media/pma213x/0C6A8CC86A8CAFCE/Ubuntu2/CodeU/Dog1/official-mini-cheetah/checkpoints/official_mini_cheetah_flat_jump_v1_r3/official_mini_cheetah_flat_jump_v1_r3_final.zip
[2026-10-05T14:10:51+0800] P1 四 worker 实时健康确认通过
[2026-10-05T14:11:05+0800] P1 验收命令：/usr/bin/python3 -m rl.evaluate --phase P1 --gate --checkpoint /run/media/pma213x/0C6A8CC86A8CAFCE/Ubuntu2/CodeU/Dog1/official-mini-cheetah/checkpoints/official_mini_cheetah_flat_jump_v1_r3/official_mini_cheetah_flat_jump_v1_r3_final.zip --output /run/media/pma213x/0C6A8CC86A8CAFCE/Ubuntu2/CodeU/Dog1/official-mini-cheetah/logs/official_mini_cheetah_flat_jump_v1_r3/P1_gate_attempt_0.json
[2026-10-05T14:11:28+0800] P1 验收未通过，report.passed=false
[2026-10-05T14:11:28+0800] P1 验收命令：/usr/bin/python3 -m rl.evaluate --phase P1 --gate --checkpoint /run/media/pma213x/0C6A8CC86A8CAFCE/Ubuntu2/CodeU/Dog1/official-mini-cheetah/checkpoints/official_mini_cheetah_flat_jump_v1_r3/official_mini_cheetah_flat_jump_v1_r3_final.zip --output /run/media/pma213x/0C6A8CC86A8CAFCE/Ubuntu2/CodeU/Dog1/official-mini-cheetah/logs/official_mini_cheetah_flat_jump_v1_r3/P1_gate_attempt_1.json
[2026-10-05T14:11:56+0800] P1 验收未通过，report.passed=false
[2026-10-05T14:11:56+0800] P1 验收命令：/usr/bin/python3 -m rl.evaluate --phase P1 --gate --checkpoint /run/media/pma213x/0C6A8CC86A8CAFCE/Ubuntu2/CodeU/Dog1/official-mini-cheetah/checkpoints/official_mini_cheetah_flat_jump_v1_r3/official_mini_cheetah_flat_jump_v1_r3_final.zip --output /run/media/pma213x/0C6A8CC86A8CAFCE/Ubuntu2/CodeU/Dog1/official-mini-cheetah/logs/official_mini_cheetah_flat_jump_v1_r3/P1_gate_attempt_2.json
[2026-10-05T14:12:20+0800] P1 验收未通过，report.passed=false
[2026-10-05T14:12:20+0800] P1 连续 Gate 批次结果=[False, False, False]
[2026-10-05T14:12:20+0800] P1 启动：/usr/bin/python3 -m rl.train --phase P1 --total-steps 390000 --device cuda --ckptdir /run/media/pma213x/0C6A8CC86A8CAFCE/Ubuntu2/CodeU/Dog1/official-mini-cheetah/checkpoints/official_mini_cheetah_flat_jump_v1_r3 --ckpt-prefix official_mini_cheetah_flat_jump_v1_r3 --logdir /run/media/pma213x/0C6A8CC86A8CAFCE/Ubuntu2/CodeU/Dog1/official-mini-cheetah/runs/official_mini_cheetah_flat_jump_v1_r3/P1_parallel --bridge-port 11452 --num-envs 4 --checkpoint-interval 20000 --randomization-mode fixed --seed 20261003 --phase-step-offset 370000 --resume /run/media/pma213x/0C6A8CC86A8CAFCE/Ubuntu2/CodeU/Dog1/official-mini-cheetah/checkpoints/official_mini_cheetah_flat_jump_v1_r3/official_mini_cheetah_flat_jump_v1_r3_final.zip
[2026-10-05T14:12:27+0800] P1 四 worker 实时健康确认通过
[2026-10-05T14:12:40+0800] P1 验收命令：/usr/bin/python3 -m rl.evaluate --phase P1 --gate --checkpoint /run/media/pma213x/0C6A8CC86A8CAFCE/Ubuntu2/CodeU/Dog1/official-mini-cheetah/checkpoints/official_mini_cheetah_flat_jump_v1_r3/official_mini_cheetah_flat_jump_v1_r3_final.zip --output /run/media/pma213x/0C6A8CC86A8CAFCE/Ubuntu2/CodeU/Dog1/official-mini-cheetah/logs/official_mini_cheetah_flat_jump_v1_r3/P1_gate_attempt_0.json
[2026-10-05T14:13:04+0800] P1 验收未通过，report.passed=false
[2026-10-05T14:13:04+0800] P1 验收命令：/usr/bin/python3 -m rl.evaluate --phase P1 --gate --checkpoint /run/media/pma213x/0C6A8CC86A8CAFCE/Ubuntu2/CodeU/Dog1/official-mini-cheetah/checkpoints/official_mini_cheetah_flat_jump_v1_r3/official_mini_cheetah_flat_jump_v1_r3_final.zip --output /run/media/pma213x/0C6A8CC86A8CAFCE/Ubuntu2/CodeU/Dog1/official-mini-cheetah/logs/official_mini_cheetah_flat_jump_v1_r3/P1_gate_attempt_1.json
[2026-10-05T14:13:27+0800] P1 验收未通过，report.passed=false
[2026-10-05T14:13:27+0800] P1 验收命令：/usr/bin/python3 -m rl.evaluate --phase P1 --gate --checkpoint /run/media/pma213x/0C6A8CC86A8CAFCE/Ubuntu2/CodeU/Dog1/official-mini-cheetah/checkpoints/official_mini_cheetah_flat_jump_v1_r3/official_mini_cheetah_flat_jump_v1_r3_final.zip --output /run/media/pma213x/0C6A8CC86A8CAFCE/Ubuntu2/CodeU/Dog1/official-mini-cheetah/logs/official_mini_cheetah_flat_jump_v1_r3/P1_gate_attempt_2.json
[2026-10-05T14:13:51+0800] P1 验收未通过，report.passed=false
[2026-10-05T14:13:51+0800] P1 连续 Gate 批次结果=[False, False, False]
[2026-10-05T14:13:51+0800] P1 启动：/usr/bin/python3 -m rl.train --phase P1 --total-steps 400000 --device cuda --ckptdir /run/media/pma213x/0C6A8CC86A8CAFCE/Ubuntu2/CodeU/Dog1/official-mini-cheetah/checkpoints/official_mini_cheetah_flat_jump_v1_r3 --ckpt-prefix official_mini_cheetah_flat_jump_v1_r3 --logdir /run/media/pma213x/0C6A8CC86A8CAFCE/Ubuntu2/CodeU/Dog1/official-mini-cheetah/runs/official_mini_cheetah_flat_jump_v1_r3/P1_parallel --bridge-port 11452 --num-envs 4 --checkpoint-interval 20000 --randomization-mode fixed --seed 20261003 --phase-step-offset 380000 --resume /run/media/pma213x/0C6A8CC86A8CAFCE/Ubuntu2/CodeU/Dog1/official-mini-cheetah/checkpoints/official_mini_cheetah_flat_jump_v1_r3/official_mini_cheetah_flat_jump_v1_r3_final.zip
[2026-10-05T14:13:57+0800] P1 四 worker 实时健康确认通过
[2026-10-05T14:14:10+0800] P1 验收命令：/usr/bin/python3 -m rl.evaluate --phase P1 --gate --checkpoint /run/media/pma213x/0C6A8CC86A8CAFCE/Ubuntu2/CodeU/Dog1/official-mini-cheetah/checkpoints/official_mini_cheetah_flat_jump_v1_r3/official_mini_cheetah_flat_jump_v1_r3_final.zip --output /run/media/pma213x/0C6A8CC86A8CAFCE/Ubuntu2/CodeU/Dog1/official-mini-cheetah/logs/official_mini_cheetah_flat_jump_v1_r3/P1_gate_attempt_0.json
[2026-10-05T14:14:33+0800] P1 验收未通过，report.passed=false
[2026-10-05T14:14:33+0800] P1 验收命令：/usr/bin/python3 -m rl.evaluate --phase P1 --gate --checkpoint /run/media/pma213x/0C6A8CC86A8CAFCE/Ubuntu2/CodeU/Dog1/official-mini-cheetah/checkpoints/official_mini_cheetah_flat_jump_v1_r3/official_mini_cheetah_flat_jump_v1_r3_final.zip --output /run/media/pma213x/0C6A8CC86A8CAFCE/Ubuntu2/CodeU/Dog1/official-mini-cheetah/logs/official_mini_cheetah_flat_jump_v1_r3/P1_gate_attempt_1.json
[2026-10-05T14:14:57+0800] P1 验收未通过，report.passed=false
[2026-10-05T14:14:57+0800] P1 验收命令：/usr/bin/python3 -m rl.evaluate --phase P1 --gate --checkpoint /run/media/pma213x/0C6A8CC86A8CAFCE/Ubuntu2/CodeU/Dog1/official-mini-cheetah/checkpoints/official_mini_cheetah_flat_jump_v1_r3/official_mini_cheetah_flat_jump_v1_r3_final.zip --output /run/media/pma213x/0C6A8CC86A8CAFCE/Ubuntu2/CodeU/Dog1/official-mini-cheetah/logs/official_mini_cheetah_flat_jump_v1_r3/P1_gate_attempt_2.json
[2026-10-05T14:15:22+0800] P1 验收未通过，report.passed=false
[2026-10-05T14:15:22+0800] P1 连续 Gate 批次结果=[False, False, False]
[2026-10-05T14:15:22+0800] 失败即停：P1 Gate 在预算 400000 处失败，按计划停止且不自动延长
[2026-10-05T14:41:53+0800] P1 连续 Gate 批次结果=[True, False, True]
[2026-10-05T14:49:42+0800] P1 连续 Gate 批次结果=[True, False, True]
[2026-10-05T14:52:36+0800] P1 连续 Gate 批次结果=[True, False, True]
[2026-10-05T14:55:02+0800] R3 新训练断点 steps=0 restart_p0_from_zero=True
[2026-10-05T14:55:02+0800] P0 启动：/usr/bin/python3 -m rl.train --phase P0 --total-steps 10000 --device cuda --ckptdir /run/media/pma213x/0C6A8CC86A8CAFCE/Ubuntu2/CodeU/Dog1/official-mini-cheetah/checkpoints/official_mini_cheetah_flat_jump_v1_r3 --ckpt-prefix official_mini_cheetah_flat_jump_v1_r3 --logdir /run/media/pma213x/0C6A8CC86A8CAFCE/Ubuntu2/CodeU/Dog1/official-mini-cheetah/runs/official_mini_cheetah_flat_jump_v1_r3/P0_parallel --bridge-port 11452 --num-envs 4 --checkpoint-interval 20000 --randomization-mode fixed --seed 20261003 --phase-step-offset 0
[2026-10-05T14:55:09+0800] P0 四 worker 实时健康确认通过
[2026-10-05T14:55:50+0800] P0 验收命令：/usr/bin/python3 -m rl.evaluate --phase P0 --gate --checkpoint /run/media/pma213x/0C6A8CC86A8CAFCE/Ubuntu2/CodeU/Dog1/official-mini-cheetah/checkpoints/official_mini_cheetah_flat_jump_v1_r3/official_mini_cheetah_flat_jump_v1_r3_final.zip --output /run/media/pma213x/0C6A8CC86A8CAFCE/Ubuntu2/CodeU/Dog1/official-mini-cheetah/logs/official_mini_cheetah_flat_jump_v1_r3/P0_gate_attempt_0.json
[2026-10-05T14:56:00+0800] P0 验收通过
[2026-10-05T14:56:00+0800] P0 验收命令：/usr/bin/python3 -m rl.evaluate --phase P0 --gate --checkpoint /run/media/pma213x/0C6A8CC86A8CAFCE/Ubuntu2/CodeU/Dog1/official-mini-cheetah/checkpoints/official_mini_cheetah_flat_jump_v1_r3/official_mini_cheetah_flat_jump_v1_r3_final.zip --output /run/media/pma213x/0C6A8CC86A8CAFCE/Ubuntu2/CodeU/Dog1/official-mini-cheetah/logs/official_mini_cheetah_flat_jump_v1_r3/P0_gate_attempt_1.json
[2026-10-05T14:56:09+0800] P0 验收通过
[2026-10-05T14:56:10+0800] P0 验收命令：/usr/bin/python3 -m rl.evaluate --phase P0 --gate --checkpoint /run/media/pma213x/0C6A8CC86A8CAFCE/Ubuntu2/CodeU/Dog1/official-mini-cheetah/checkpoints/official_mini_cheetah_flat_jump_v1_r3/official_mini_cheetah_flat_jump_v1_r3_final.zip --output /run/media/pma213x/0C6A8CC86A8CAFCE/Ubuntu2/CodeU/Dog1/official-mini-cheetah/logs/official_mini_cheetah_flat_jump_v1_r3/P0_gate_attempt_2.json
[2026-10-05T14:56:19+0800] P0 验收通过
[2026-10-05T14:56:19+0800] P0 gate 后健康确认通过
[2026-10-05T14:56:19+0800] P1 启动：/usr/bin/python3 -m rl.train --phase P1 --total-steps 20000 --device cuda --ckptdir /run/media/pma213x/0C6A8CC86A8CAFCE/Ubuntu2/CodeU/Dog1/official-mini-cheetah/checkpoints/official_mini_cheetah_flat_jump_v1_r3 --ckpt-prefix official_mini_cheetah_flat_jump_v1_r3 --logdir /run/media/pma213x/0C6A8CC86A8CAFCE/Ubuntu2/CodeU/Dog1/official-mini-cheetah/runs/official_mini_cheetah_flat_jump_v1_r3/P1_parallel --bridge-port 11452 --num-envs 4 --checkpoint-interval 20000 --randomization-mode fixed --seed 20261003 --phase-step-offset 0 --resume /run/media/pma213x/0C6A8CC86A8CAFCE/Ubuntu2/CodeU/Dog1/official-mini-cheetah/checkpoints/official_mini_cheetah_flat_jump_v1_r3/official_mini_cheetah_flat_jump_v1_r3_final.zip
[2026-10-05T14:56:25+0800] P1 四 worker 实时健康确认通过
[2026-10-05T14:56:48+0800] P1 启动：/usr/bin/python3 -m rl.train --phase P1 --total-steps 30000 --device cuda --ckptdir /run/media/pma213x/0C6A8CC86A8CAFCE/Ubuntu2/CodeU/Dog1/official-mini-cheetah/checkpoints/official_mini_cheetah_flat_jump_v1_r3 --ckpt-prefix official_mini_cheetah_flat_jump_v1_r3 --logdir /run/media/pma213x/0C6A8CC86A8CAFCE/Ubuntu2/CodeU/Dog1/official-mini-cheetah/runs/official_mini_cheetah_flat_jump_v1_r3/P1_parallel --bridge-port 11452 --num-envs 4 --checkpoint-interval 20000 --randomization-mode fixed --seed 20261003 --phase-step-offset 10000 --resume /run/media/pma213x/0C6A8CC86A8CAFCE/Ubuntu2/CodeU/Dog1/official-mini-cheetah/checkpoints/official_mini_cheetah_flat_jump_v1_r3/official_mini_cheetah_flat_jump_v1_r3_final.zip
[2026-10-05T14:56:54+0800] P1 四 worker 实时健康确认通过
[2026-10-05T14:57:18+0800] P1 启动：/usr/bin/python3 -m rl.train --phase P1 --total-steps 40000 --device cuda --ckptdir /run/media/pma213x/0C6A8CC86A8CAFCE/Ubuntu2/CodeU/Dog1/official-mini-cheetah/checkpoints/official_mini_cheetah_flat_jump_v1_r3 --ckpt-prefix official_mini_cheetah_flat_jump_v1_r3 --logdir /run/media/pma213x/0C6A8CC86A8CAFCE/Ubuntu2/CodeU/Dog1/official-mini-cheetah/runs/official_mini_cheetah_flat_jump_v1_r3/P1_parallel --bridge-port 11452 --num-envs 4 --checkpoint-interval 20000 --randomization-mode fixed --seed 20261003 --phase-step-offset 20000 --resume /run/media/pma213x/0C6A8CC86A8CAFCE/Ubuntu2/CodeU/Dog1/official-mini-cheetah/checkpoints/official_mini_cheetah_flat_jump_v1_r3/official_mini_cheetah_flat_jump_v1_r3_final.zip
[2026-10-05T14:57:24+0800] P1 四 worker 实时健康确认通过
[2026-10-05T14:57:43+0800] P1 启动：/usr/bin/python3 -m rl.train --phase P1 --total-steps 50000 --device cuda --ckptdir /run/media/pma213x/0C6A8CC86A8CAFCE/Ubuntu2/CodeU/Dog1/official-mini-cheetah/checkpoints/official_mini_cheetah_flat_jump_v1_r3 --ckpt-prefix official_mini_cheetah_flat_jump_v1_r3 --logdir /run/media/pma213x/0C6A8CC86A8CAFCE/Ubuntu2/CodeU/Dog1/official-mini-cheetah/runs/official_mini_cheetah_flat_jump_v1_r3/P1_parallel --bridge-port 11452 --num-envs 4 --checkpoint-interval 20000 --randomization-mode fixed --seed 20261003 --phase-step-offset 30000 --resume /run/media/pma213x/0C6A8CC86A8CAFCE/Ubuntu2/CodeU/Dog1/official-mini-cheetah/checkpoints/official_mini_cheetah_flat_jump_v1_r3/official_mini_cheetah_flat_jump_v1_r3_final.zip
[2026-10-05T14:57:50+0800] P1 四 worker 实时健康确认通过
[2026-10-05T14:58:11+0800] P1 启动：/usr/bin/python3 -m rl.train --phase P1 --total-steps 60000 --device cuda --ckptdir /run/media/pma213x/0C6A8CC86A8CAFCE/Ubuntu2/CodeU/Dog1/official-mini-cheetah/checkpoints/official_mini_cheetah_flat_jump_v1_r3 --ckpt-prefix official_mini_cheetah_flat_jump_v1_r3 --logdir /run/media/pma213x/0C6A8CC86A8CAFCE/Ubuntu2/CodeU/Dog1/official-mini-cheetah/runs/official_mini_cheetah_flat_jump_v1_r3/P1_parallel --bridge-port 11452 --num-envs 4 --checkpoint-interval 20000 --randomization-mode fixed --seed 20261003 --phase-step-offset 40000 --resume /run/media/pma213x/0C6A8CC86A8CAFCE/Ubuntu2/CodeU/Dog1/official-mini-cheetah/checkpoints/official_mini_cheetah_flat_jump_v1_r3/official_mini_cheetah_flat_jump_v1_r3_final.zip
[2026-10-05T14:58:17+0800] P1 四 worker 实时健康确认通过
[2026-10-05T14:58:39+0800] P1 启动：/usr/bin/python3 -m rl.train --phase P1 --total-steps 70000 --device cuda --ckptdir /run/media/pma213x/0C6A8CC86A8CAFCE/Ubuntu2/CodeU/Dog1/official-mini-cheetah/checkpoints/official_mini_cheetah_flat_jump_v1_r3 --ckpt-prefix official_mini_cheetah_flat_jump_v1_r3 --logdir /run/media/pma213x/0C6A8CC86A8CAFCE/Ubuntu2/CodeU/Dog1/official-mini-cheetah/runs/official_mini_cheetah_flat_jump_v1_r3/P1_parallel --bridge-port 11452 --num-envs 4 --checkpoint-interval 20000 --randomization-mode fixed --seed 20261003 --phase-step-offset 50000 --resume /run/media/pma213x/0C6A8CC86A8CAFCE/Ubuntu2/CodeU/Dog1/official-mini-cheetah/checkpoints/official_mini_cheetah_flat_jump_v1_r3/official_mini_cheetah_flat_jump_v1_r3_final.zip
[2026-10-05T14:58:45+0800] P1 四 worker 实时健康确认通过
[2026-10-05T14:59:08+0800] P1 启动：/usr/bin/python3 -m rl.train --phase P1 --total-steps 80000 --device cuda --ckptdir /run/media/pma213x/0C6A8CC86A8CAFCE/Ubuntu2/CodeU/Dog1/official-mini-cheetah/checkpoints/official_mini_cheetah_flat_jump_v1_r3 --ckpt-prefix official_mini_cheetah_flat_jump_v1_r3 --logdir /run/media/pma213x/0C6A8CC86A8CAFCE/Ubuntu2/CodeU/Dog1/official-mini-cheetah/runs/official_mini_cheetah_flat_jump_v1_r3/P1_parallel --bridge-port 11452 --num-envs 4 --checkpoint-interval 20000 --randomization-mode fixed --seed 20261003 --phase-step-offset 60000 --resume /run/media/pma213x/0C6A8CC86A8CAFCE/Ubuntu2/CodeU/Dog1/official-mini-cheetah/checkpoints/official_mini_cheetah_flat_jump_v1_r3/official_mini_cheetah_flat_jump_v1_r3_final.zip
[2026-10-05T14:59:14+0800] P1 四 worker 实时健康确认通过
[2026-10-05T14:59:35+0800] P1 启动：/usr/bin/python3 -m rl.train --phase P1 --total-steps 90000 --device cuda --ckptdir /run/media/pma213x/0C6A8CC86A8CAFCE/Ubuntu2/CodeU/Dog1/official-mini-cheetah/checkpoints/official_mini_cheetah_flat_jump_v1_r3 --ckpt-prefix official_mini_cheetah_flat_jump_v1_r3 --logdir /run/media/pma213x/0C6A8CC86A8CAFCE/Ubuntu2/CodeU/Dog1/official-mini-cheetah/runs/official_mini_cheetah_flat_jump_v1_r3/P1_parallel --bridge-port 11452 --num-envs 4 --checkpoint-interval 20000 --randomization-mode fixed --seed 20261003 --phase-step-offset 70000 --resume /run/media/pma213x/0C6A8CC86A8CAFCE/Ubuntu2/CodeU/Dog1/official-mini-cheetah/checkpoints/official_mini_cheetah_flat_jump_v1_r3/official_mini_cheetah_flat_jump_v1_r3_final.zip
[2026-10-05T14:59:41+0800] P1 四 worker 实时健康确认通过
[2026-10-05T14:59:59+0800] P1 启动：/usr/bin/python3 -m rl.train --phase P1 --total-steps 100000 --device cuda --ckptdir /run/media/pma213x/0C6A8CC86A8CAFCE/Ubuntu2/CodeU/Dog1/official-mini-cheetah/checkpoints/official_mini_cheetah_flat_jump_v1_r3 --ckpt-prefix official_mini_cheetah_flat_jump_v1_r3 --logdir /run/media/pma213x/0C6A8CC86A8CAFCE/Ubuntu2/CodeU/Dog1/official-mini-cheetah/runs/official_mini_cheetah_flat_jump_v1_r3/P1_parallel --bridge-port 11452 --num-envs 4 --checkpoint-interval 20000 --randomization-mode fixed --seed 20261003 --phase-step-offset 80000 --resume /run/media/pma213x/0C6A8CC86A8CAFCE/Ubuntu2/CodeU/Dog1/official-mini-cheetah/checkpoints/official_mini_cheetah_flat_jump_v1_r3/official_mini_cheetah_flat_jump_v1_r3_final.zip
[2026-10-05T15:00:06+0800] P1 四 worker 实时健康确认通过
[2026-10-05T15:00:27+0800] P1 启动：/usr/bin/python3 -m rl.train --phase P1 --total-steps 110000 --device cuda --ckptdir /run/media/pma213x/0C6A8CC86A8CAFCE/Ubuntu2/CodeU/Dog1/official-mini-cheetah/checkpoints/official_mini_cheetah_flat_jump_v1_r3 --ckpt-prefix official_mini_cheetah_flat_jump_v1_r3 --logdir /run/media/pma213x/0C6A8CC86A8CAFCE/Ubuntu2/CodeU/Dog1/official-mini-cheetah/runs/official_mini_cheetah_flat_jump_v1_r3/P1_parallel --bridge-port 11452 --num-envs 4 --checkpoint-interval 20000 --randomization-mode fixed --seed 20261003 --phase-step-offset 90000 --resume /run/media/pma213x/0C6A8CC86A8CAFCE/Ubuntu2/CodeU/Dog1/official-mini-cheetah/checkpoints/official_mini_cheetah_flat_jump_v1_r3/official_mini_cheetah_flat_jump_v1_r3_final.zip
[2026-10-05T15:00:33+0800] P1 四 worker 实时健康确认通过
[2026-10-05T15:00:52+0800] P1 验收命令：/usr/bin/python3 -m rl.evaluate --phase P1 --gate --checkpoint /run/media/pma213x/0C6A8CC86A8CAFCE/Ubuntu2/CodeU/Dog1/official-mini-cheetah/checkpoints/official_mini_cheetah_flat_jump_v1_r3/official_mini_cheetah_flat_jump_v1_r3_final.zip --output /run/media/pma213x/0C6A8CC86A8CAFCE/Ubuntu2/CodeU/Dog1/official-mini-cheetah/logs/official_mini_cheetah_flat_jump_v1_r3/P1_gate_attempt_0.json
[2026-10-05T15:01:16+0800] P1 验收未通过，report.passed=false
[2026-10-05T15:01:16+0800] P1 验收命令：/usr/bin/python3 -m rl.evaluate --phase P1 --gate --checkpoint /run/media/pma213x/0C6A8CC86A8CAFCE/Ubuntu2/CodeU/Dog1/official-mini-cheetah/checkpoints/official_mini_cheetah_flat_jump_v1_r3/official_mini_cheetah_flat_jump_v1_r3_final.zip --output /run/media/pma213x/0C6A8CC86A8CAFCE/Ubuntu2/CodeU/Dog1/official-mini-cheetah/logs/official_mini_cheetah_flat_jump_v1_r3/P1_gate_attempt_1.json
[2026-10-05T15:01:43+0800] P1 验收未通过，report.passed=false
[2026-10-05T15:01:43+0800] P1 验收命令：/usr/bin/python3 -m rl.evaluate --phase P1 --gate --checkpoint /run/media/pma213x/0C6A8CC86A8CAFCE/Ubuntu2/CodeU/Dog1/official-mini-cheetah/checkpoints/official_mini_cheetah_flat_jump_v1_r3/official_mini_cheetah_flat_jump_v1_r3_final.zip --output /run/media/pma213x/0C6A8CC86A8CAFCE/Ubuntu2/CodeU/Dog1/official-mini-cheetah/logs/official_mini_cheetah_flat_jump_v1_r3/P1_gate_attempt_2.json
[2026-10-05T15:02:11+0800] P1 验收未通过，report.passed=false
[2026-10-05T15:02:11+0800] P1 连续 Gate 批次结果=[False, False, False]
[2026-10-05T15:02:11+0800] P1 启动：/usr/bin/python3 -m rl.train --phase P1 --total-steps 120000 --device cuda --ckptdir /run/media/pma213x/0C6A8CC86A8CAFCE/Ubuntu2/CodeU/Dog1/official-mini-cheetah/checkpoints/official_mini_cheetah_flat_jump_v1_r3 --ckpt-prefix official_mini_cheetah_flat_jump_v1_r3 --logdir /run/media/pma213x/0C6A8CC86A8CAFCE/Ubuntu2/CodeU/Dog1/official-mini-cheetah/runs/official_mini_cheetah_flat_jump_v1_r3/P1_parallel --bridge-port 11452 --num-envs 4 --checkpoint-interval 20000 --randomization-mode fixed --seed 20261003 --phase-step-offset 100000 --resume /run/media/pma213x/0C6A8CC86A8CAFCE/Ubuntu2/CodeU/Dog1/official-mini-cheetah/checkpoints/official_mini_cheetah_flat_jump_v1_r3/official_mini_cheetah_flat_jump_v1_r3_final.zip
[2026-10-05T15:02:18+0800] P1 四 worker 实时健康确认通过
[2026-10-05T15:02:38+0800] P1 验收命令：/usr/bin/python3 -m rl.evaluate --phase P1 --gate --checkpoint /run/media/pma213x/0C6A8CC86A8CAFCE/Ubuntu2/CodeU/Dog1/official-mini-cheetah/checkpoints/official_mini_cheetah_flat_jump_v1_r3/official_mini_cheetah_flat_jump_v1_r3_final.zip --output /run/media/pma213x/0C6A8CC86A8CAFCE/Ubuntu2/CodeU/Dog1/official-mini-cheetah/logs/official_mini_cheetah_flat_jump_v1_r3/P1_gate_attempt_0.json
[2026-10-05T15:03:00+0800] P1 验收未通过，report.passed=false
[2026-10-05T15:03:00+0800] P1 验收命令：/usr/bin/python3 -m rl.evaluate --phase P1 --gate --checkpoint /run/media/pma213x/0C6A8CC86A8CAFCE/Ubuntu2/CodeU/Dog1/official-mini-cheetah/checkpoints/official_mini_cheetah_flat_jump_v1_r3/official_mini_cheetah_flat_jump_v1_r3_final.zip --output /run/media/pma213x/0C6A8CC86A8CAFCE/Ubuntu2/CodeU/Dog1/official-mini-cheetah/logs/official_mini_cheetah_flat_jump_v1_r3/P1_gate_attempt_1.json
[2026-10-05T15:03:21+0800] P1 验收未通过，report.passed=false
[2026-10-05T15:03:21+0800] P1 验收命令：/usr/bin/python3 -m rl.evaluate --phase P1 --gate --checkpoint /run/media/pma213x/0C6A8CC86A8CAFCE/Ubuntu2/CodeU/Dog1/official-mini-cheetah/checkpoints/official_mini_cheetah_flat_jump_v1_r3/official_mini_cheetah_flat_jump_v1_r3_final.zip --output /run/media/pma213x/0C6A8CC86A8CAFCE/Ubuntu2/CodeU/Dog1/official-mini-cheetah/logs/official_mini_cheetah_flat_jump_v1_r3/P1_gate_attempt_2.json
[2026-10-05T15:03:41+0800] P1 验收未通过，report.passed=false
[2026-10-05T15:03:41+0800] P1 连续 Gate 批次结果=[False, False, False]
[2026-10-05T15:03:41+0800] P1 启动：/usr/bin/python3 -m rl.train --phase P1 --total-steps 130000 --device cuda --ckptdir /run/media/pma213x/0C6A8CC86A8CAFCE/Ubuntu2/CodeU/Dog1/official-mini-cheetah/checkpoints/official_mini_cheetah_flat_jump_v1_r3 --ckpt-prefix official_mini_cheetah_flat_jump_v1_r3 --logdir /run/media/pma213x/0C6A8CC86A8CAFCE/Ubuntu2/CodeU/Dog1/official-mini-cheetah/runs/official_mini_cheetah_flat_jump_v1_r3/P1_parallel --bridge-port 11452 --num-envs 4 --checkpoint-interval 20000 --randomization-mode fixed --seed 20261003 --phase-step-offset 110000 --resume /run/media/pma213x/0C6A8CC86A8CAFCE/Ubuntu2/CodeU/Dog1/official-mini-cheetah/checkpoints/official_mini_cheetah_flat_jump_v1_r3/official_mini_cheetah_flat_jump_v1_r3_final.zip
[2026-10-05T15:03:47+0800] P1 四 worker 实时健康确认通过
[2026-10-05T15:04:15+0800] P1 验收命令：/usr/bin/python3 -m rl.evaluate --phase P1 --gate --checkpoint /run/media/pma213x/0C6A8CC86A8CAFCE/Ubuntu2/CodeU/Dog1/official-mini-cheetah/checkpoints/official_mini_cheetah_flat_jump_v1_r3/official_mini_cheetah_flat_jump_v1_r3_final.zip --output /run/media/pma213x/0C6A8CC86A8CAFCE/Ubuntu2/CodeU/Dog1/official-mini-cheetah/logs/official_mini_cheetah_flat_jump_v1_r3/P1_gate_attempt_0.json
[2026-10-05T15:04:33+0800] P1 验收未通过，report.passed=false
[2026-10-05T15:04:33+0800] P1 验收命令：/usr/bin/python3 -m rl.evaluate --phase P1 --gate --checkpoint /run/media/pma213x/0C6A8CC86A8CAFCE/Ubuntu2/CodeU/Dog1/official-mini-cheetah/checkpoints/official_mini_cheetah_flat_jump_v1_r3/official_mini_cheetah_flat_jump_v1_r3_final.zip --output /run/media/pma213x/0C6A8CC86A8CAFCE/Ubuntu2/CodeU/Dog1/official-mini-cheetah/logs/official_mini_cheetah_flat_jump_v1_r3/P1_gate_attempt_1.json
[2026-10-05T15:04:53+0800] P1 验收未通过，report.passed=false
[2026-10-05T15:04:53+0800] P1 验收命令：/usr/bin/python3 -m rl.evaluate --phase P1 --gate --checkpoint /run/media/pma213x/0C6A8CC86A8CAFCE/Ubuntu2/CodeU/Dog1/official-mini-cheetah/checkpoints/official_mini_cheetah_flat_jump_v1_r3/official_mini_cheetah_flat_jump_v1_r3_final.zip --output /run/media/pma213x/0C6A8CC86A8CAFCE/Ubuntu2/CodeU/Dog1/official-mini-cheetah/logs/official_mini_cheetah_flat_jump_v1_r3/P1_gate_attempt_2.json
[2026-10-05T15:05:15+0800] P1 验收未通过，report.passed=false
[2026-10-05T15:05:15+0800] P1 连续 Gate 批次结果=[False, False, False]
[2026-10-05T15:05:15+0800] P1 启动：/usr/bin/python3 -m rl.train --phase P1 --total-steps 140000 --device cuda --ckptdir /run/media/pma213x/0C6A8CC86A8CAFCE/Ubuntu2/CodeU/Dog1/official-mini-cheetah/checkpoints/official_mini_cheetah_flat_jump_v1_r3 --ckpt-prefix official_mini_cheetah_flat_jump_v1_r3 --logdir /run/media/pma213x/0C6A8CC86A8CAFCE/Ubuntu2/CodeU/Dog1/official-mini-cheetah/runs/official_mini_cheetah_flat_jump_v1_r3/P1_parallel --bridge-port 11452 --num-envs 4 --checkpoint-interval 20000 --randomization-mode fixed --seed 20261003 --phase-step-offset 120000 --resume /run/media/pma213x/0C6A8CC86A8CAFCE/Ubuntu2/CodeU/Dog1/official-mini-cheetah/checkpoints/official_mini_cheetah_flat_jump_v1_r3/official_mini_cheetah_flat_jump_v1_r3_final.zip
[2026-10-05T15:05:22+0800] P1 四 worker 实时健康确认通过
[2026-10-05T15:05:55+0800] P1 验收命令：/usr/bin/python3 -m rl.evaluate --phase P1 --gate --checkpoint /run/media/pma213x/0C6A8CC86A8CAFCE/Ubuntu2/CodeU/Dog1/official-mini-cheetah/checkpoints/official_mini_cheetah_flat_jump_v1_r3/official_mini_cheetah_flat_jump_v1_r3_final.zip --output /run/media/pma213x/0C6A8CC86A8CAFCE/Ubuntu2/CodeU/Dog1/official-mini-cheetah/logs/official_mini_cheetah_flat_jump_v1_r3/P1_gate_attempt_0.json
[2026-10-05T15:06:10+0800] P1 验收未通过，report.passed=false
[2026-10-05T15:06:10+0800] P1 验收命令：/usr/bin/python3 -m rl.evaluate --phase P1 --gate --checkpoint /run/media/pma213x/0C6A8CC86A8CAFCE/Ubuntu2/CodeU/Dog1/official-mini-cheetah/checkpoints/official_mini_cheetah_flat_jump_v1_r3/official_mini_cheetah_flat_jump_v1_r3_final.zip --output /run/media/pma213x/0C6A8CC86A8CAFCE/Ubuntu2/CodeU/Dog1/official-mini-cheetah/logs/official_mini_cheetah_flat_jump_v1_r3/P1_gate_attempt_1.json
[2026-10-05T15:06:25+0800] P1 验收未通过，report.passed=false
[2026-10-05T15:06:25+0800] P1 验收命令：/usr/bin/python3 -m rl.evaluate --phase P1 --gate --checkpoint /run/media/pma213x/0C6A8CC86A8CAFCE/Ubuntu2/CodeU/Dog1/official-mini-cheetah/checkpoints/official_mini_cheetah_flat_jump_v1_r3/official_mini_cheetah_flat_jump_v1_r3_final.zip --output /run/media/pma213x/0C6A8CC86A8CAFCE/Ubuntu2/CodeU/Dog1/official-mini-cheetah/logs/official_mini_cheetah_flat_jump_v1_r3/P1_gate_attempt_2.json
[2026-10-05T15:06:40+0800] P1 验收未通过，report.passed=false
[2026-10-05T15:06:40+0800] P1 连续 Gate 批次结果=[False, False, False]
[2026-10-05T15:06:40+0800] P1 启动：/usr/bin/python3 -m rl.train --phase P1 --total-steps 150000 --device cuda --ckptdir /run/media/pma213x/0C6A8CC86A8CAFCE/Ubuntu2/CodeU/Dog1/official-mini-cheetah/checkpoints/official_mini_cheetah_flat_jump_v1_r3 --ckpt-prefix official_mini_cheetah_flat_jump_v1_r3 --logdir /run/media/pma213x/0C6A8CC86A8CAFCE/Ubuntu2/CodeU/Dog1/official-mini-cheetah/runs/official_mini_cheetah_flat_jump_v1_r3/P1_parallel --bridge-port 11452 --num-envs 4 --checkpoint-interval 20000 --randomization-mode fixed --seed 20261003 --phase-step-offset 130000 --resume /run/media/pma213x/0C6A8CC86A8CAFCE/Ubuntu2/CodeU/Dog1/official-mini-cheetah/checkpoints/official_mini_cheetah_flat_jump_v1_r3/official_mini_cheetah_flat_jump_v1_r3_final.zip
[2026-10-05T15:06:46+0800] P1 四 worker 实时健康确认通过
[2026-10-05T15:07:35+0800] P1 验收命令：/usr/bin/python3 -m rl.evaluate --phase P1 --gate --checkpoint /run/media/pma213x/0C6A8CC86A8CAFCE/Ubuntu2/CodeU/Dog1/official-mini-cheetah/checkpoints/official_mini_cheetah_flat_jump_v1_r3/official_mini_cheetah_flat_jump_v1_r3_final.zip --output /run/media/pma213x/0C6A8CC86A8CAFCE/Ubuntu2/CodeU/Dog1/official-mini-cheetah/logs/official_mini_cheetah_flat_jump_v1_r3/P1_gate_attempt_0.json
[2026-10-05T15:07:47+0800] P1 验收未通过，report.passed=false
[2026-10-05T15:07:47+0800] P1 验收命令：/usr/bin/python3 -m rl.evaluate --phase P1 --gate --checkpoint /run/media/pma213x/0C6A8CC86A8CAFCE/Ubuntu2/CodeU/Dog1/official-mini-cheetah/checkpoints/official_mini_cheetah_flat_jump_v1_r3/official_mini_cheetah_flat_jump_v1_r3_final.zip --output /run/media/pma213x/0C6A8CC86A8CAFCE/Ubuntu2/CodeU/Dog1/official-mini-cheetah/logs/official_mini_cheetah_flat_jump_v1_r3/P1_gate_attempt_1.json
[2026-10-05T15:07:58+0800] P1 验收未通过，report.passed=false
[2026-10-05T15:07:58+0800] P1 验收命令：/usr/bin/python3 -m rl.evaluate --phase P1 --gate --checkpoint /run/media/pma213x/0C6A8CC86A8CAFCE/Ubuntu2/CodeU/Dog1/official-mini-cheetah/checkpoints/official_mini_cheetah_flat_jump_v1_r3/official_mini_cheetah_flat_jump_v1_r3_final.zip --output /run/media/pma213x/0C6A8CC86A8CAFCE/Ubuntu2/CodeU/Dog1/official-mini-cheetah/logs/official_mini_cheetah_flat_jump_v1_r3/P1_gate_attempt_2.json
[2026-10-05T15:08:10+0800] P1 验收未通过，report.passed=false
[2026-10-05T15:08:10+0800] P1 连续 Gate 批次结果=[False, False, False]
[2026-10-05T15:08:10+0800] P1 启动：/usr/bin/python3 -m rl.train --phase P1 --total-steps 160000 --device cuda --ckptdir /run/media/pma213x/0C6A8CC86A8CAFCE/Ubuntu2/CodeU/Dog1/official-mini-cheetah/checkpoints/official_mini_cheetah_flat_jump_v1_r3 --ckpt-prefix official_mini_cheetah_flat_jump_v1_r3 --logdir /run/media/pma213x/0C6A8CC86A8CAFCE/Ubuntu2/CodeU/Dog1/official-mini-cheetah/runs/official_mini_cheetah_flat_jump_v1_r3/P1_parallel --bridge-port 11452 --num-envs 4 --checkpoint-interval 20000 --randomization-mode fixed --seed 20261003 --phase-step-offset 140000 --resume /run/media/pma213x/0C6A8CC86A8CAFCE/Ubuntu2/CodeU/Dog1/official-mini-cheetah/checkpoints/official_mini_cheetah_flat_jump_v1_r3/official_mini_cheetah_flat_jump_v1_r3_final.zip
[2026-10-05T15:08:16+0800] P1 四 worker 实时健康确认通过
[2026-10-05T15:09:14+0800] P1 验收命令：/usr/bin/python3 -m rl.evaluate --phase P1 --gate --checkpoint /run/media/pma213x/0C6A8CC86A8CAFCE/Ubuntu2/CodeU/Dog1/official-mini-cheetah/checkpoints/official_mini_cheetah_flat_jump_v1_r3/official_mini_cheetah_flat_jump_v1_r3_final.zip --output /run/media/pma213x/0C6A8CC86A8CAFCE/Ubuntu2/CodeU/Dog1/official-mini-cheetah/logs/official_mini_cheetah_flat_jump_v1_r3/P1_gate_attempt_0.json
[2026-10-05T15:09:23+0800] P1 验收未通过，report.passed=false
[2026-10-05T15:09:23+0800] P1 验收命令：/usr/bin/python3 -m rl.evaluate --phase P1 --gate --checkpoint /run/media/pma213x/0C6A8CC86A8CAFCE/Ubuntu2/CodeU/Dog1/official-mini-cheetah/checkpoints/official_mini_cheetah_flat_jump_v1_r3/official_mini_cheetah_flat_jump_v1_r3_final.zip --output /run/media/pma213x/0C6A8CC86A8CAFCE/Ubuntu2/CodeU/Dog1/official-mini-cheetah/logs/official_mini_cheetah_flat_jump_v1_r3/P1_gate_attempt_1.json
[2026-10-05T15:09:32+0800] P1 验收未通过，report.passed=false
[2026-10-05T15:09:32+0800] P1 验收命令：/usr/bin/python3 -m rl.evaluate --phase P1 --gate --checkpoint /run/media/pma213x/0C6A8CC86A8CAFCE/Ubuntu2/CodeU/Dog1/official-mini-cheetah/checkpoints/official_mini_cheetah_flat_jump_v1_r3/official_mini_cheetah_flat_jump_v1_r3_final.zip --output /run/media/pma213x/0C6A8CC86A8CAFCE/Ubuntu2/CodeU/Dog1/official-mini-cheetah/logs/official_mini_cheetah_flat_jump_v1_r3/P1_gate_attempt_2.json
[2026-10-05T15:09:41+0800] P1 验收未通过，report.passed=false
[2026-10-05T15:09:41+0800] P1 连续 Gate 批次结果=[False, False, False]
[2026-10-05T15:09:41+0800] P1 启动：/usr/bin/python3 -m rl.train --phase P1 --total-steps 170000 --device cuda --ckptdir /run/media/pma213x/0C6A8CC86A8CAFCE/Ubuntu2/CodeU/Dog1/official-mini-cheetah/checkpoints/official_mini_cheetah_flat_jump_v1_r3 --ckpt-prefix official_mini_cheetah_flat_jump_v1_r3 --logdir /run/media/pma213x/0C6A8CC86A8CAFCE/Ubuntu2/CodeU/Dog1/official-mini-cheetah/runs/official_mini_cheetah_flat_jump_v1_r3/P1_parallel --bridge-port 11452 --num-envs 4 --checkpoint-interval 20000 --randomization-mode fixed --seed 20261003 --phase-step-offset 150000 --resume /run/media/pma213x/0C6A8CC86A8CAFCE/Ubuntu2/CodeU/Dog1/official-mini-cheetah/checkpoints/official_mini_cheetah_flat_jump_v1_r3/official_mini_cheetah_flat_jump_v1_r3_final.zip
[2026-10-05T15:09:48+0800] P1 四 worker 实时健康确认通过
[2026-10-05T15:10:58+0800] P1 验收命令：/usr/bin/python3 -m rl.evaluate --phase P1 --gate --checkpoint /run/media/pma213x/0C6A8CC86A8CAFCE/Ubuntu2/CodeU/Dog1/official-mini-cheetah/checkpoints/official_mini_cheetah_flat_jump_v1_r3/official_mini_cheetah_flat_jump_v1_r3_final.zip --output /run/media/pma213x/0C6A8CC86A8CAFCE/Ubuntu2/CodeU/Dog1/official-mini-cheetah/logs/official_mini_cheetah_flat_jump_v1_r3/P1_gate_attempt_0.json
[2026-10-05T15:11:06+0800] P1 验收未通过，report.passed=false
[2026-10-05T15:11:06+0800] P1 验收命令：/usr/bin/python3 -m rl.evaluate --phase P1 --gate --checkpoint /run/media/pma213x/0C6A8CC86A8CAFCE/Ubuntu2/CodeU/Dog1/official-mini-cheetah/checkpoints/official_mini_cheetah_flat_jump_v1_r3/official_mini_cheetah_flat_jump_v1_r3_final.zip --output /run/media/pma213x/0C6A8CC86A8CAFCE/Ubuntu2/CodeU/Dog1/official-mini-cheetah/logs/official_mini_cheetah_flat_jump_v1_r3/P1_gate_attempt_1.json
[2026-10-05T15:11:15+0800] P1 验收未通过，report.passed=false
[2026-10-05T15:11:15+0800] P1 验收命令：/usr/bin/python3 -m rl.evaluate --phase P1 --gate --checkpoint /run/media/pma213x/0C6A8CC86A8CAFCE/Ubuntu2/CodeU/Dog1/official-mini-cheetah/checkpoints/official_mini_cheetah_flat_jump_v1_r3/official_mini_cheetah_flat_jump_v1_r3_final.zip --output /run/media/pma213x/0C6A8CC86A8CAFCE/Ubuntu2/CodeU/Dog1/official-mini-cheetah/logs/official_mini_cheetah_flat_jump_v1_r3/P1_gate_attempt_2.json
[2026-10-05T15:11:23+0800] P1 验收未通过，report.passed=false
[2026-10-05T15:11:23+0800] P1 连续 Gate 批次结果=[False, False, False]
[2026-10-05T15:11:23+0800] P1 启动：/usr/bin/python3 -m rl.train --phase P1 --total-steps 180000 --device cuda --ckptdir /run/media/pma213x/0C6A8CC86A8CAFCE/Ubuntu2/CodeU/Dog1/official-mini-cheetah/checkpoints/official_mini_cheetah_flat_jump_v1_r3 --ckpt-prefix official_mini_cheetah_flat_jump_v1_r3 --logdir /run/media/pma213x/0C6A8CC86A8CAFCE/Ubuntu2/CodeU/Dog1/official-mini-cheetah/runs/official_mini_cheetah_flat_jump_v1_r3/P1_parallel --bridge-port 11452 --num-envs 4 --checkpoint-interval 20000 --randomization-mode fixed --seed 20261003 --phase-step-offset 160000 --resume /run/media/pma213x/0C6A8CC86A8CAFCE/Ubuntu2/CodeU/Dog1/official-mini-cheetah/checkpoints/official_mini_cheetah_flat_jump_v1_r3/official_mini_cheetah_flat_jump_v1_r3_final.zip
[2026-10-05T15:11:29+0800] P1 四 worker 实时健康确认通过
[2026-10-05T15:12:54+0800] P1 验收命令：/usr/bin/python3 -m rl.evaluate --phase P1 --gate --checkpoint /run/media/pma213x/0C6A8CC86A8CAFCE/Ubuntu2/CodeU/Dog1/official-mini-cheetah/checkpoints/official_mini_cheetah_flat_jump_v1_r3/official_mini_cheetah_flat_jump_v1_r3_final.zip --output /run/media/pma213x/0C6A8CC86A8CAFCE/Ubuntu2/CodeU/Dog1/official-mini-cheetah/logs/official_mini_cheetah_flat_jump_v1_r3/P1_gate_attempt_0.json
[2026-10-05T15:13:02+0800] P1 验收未通过，report.passed=false
[2026-10-05T15:13:02+0800] P1 验收命令：/usr/bin/python3 -m rl.evaluate --phase P1 --gate --checkpoint /run/media/pma213x/0C6A8CC86A8CAFCE/Ubuntu2/CodeU/Dog1/official-mini-cheetah/checkpoints/official_mini_cheetah_flat_jump_v1_r3/official_mini_cheetah_flat_jump_v1_r3_final.zip --output /run/media/pma213x/0C6A8CC86A8CAFCE/Ubuntu2/CodeU/Dog1/official-mini-cheetah/logs/official_mini_cheetah_flat_jump_v1_r3/P1_gate_attempt_1.json
[2026-10-05T15:13:10+0800] P1 验收未通过，report.passed=false
[2026-10-05T15:13:10+0800] P1 验收命令：/usr/bin/python3 -m rl.evaluate --phase P1 --gate --checkpoint /run/media/pma213x/0C6A8CC86A8CAFCE/Ubuntu2/CodeU/Dog1/official-mini-cheetah/checkpoints/official_mini_cheetah_flat_jump_v1_r3/official_mini_cheetah_flat_jump_v1_r3_final.zip --output /run/media/pma213x/0C6A8CC86A8CAFCE/Ubuntu2/CodeU/Dog1/official-mini-cheetah/logs/official_mini_cheetah_flat_jump_v1_r3/P1_gate_attempt_2.json
[2026-10-05T15:13:18+0800] P1 验收未通过，report.passed=false
[2026-10-05T15:13:18+0800] P1 连续 Gate 批次结果=[False, False, False]
[2026-10-05T15:13:18+0800] P1 启动：/usr/bin/python3 -m rl.train --phase P1 --total-steps 190000 --device cuda --ckptdir /run/media/pma213x/0C6A8CC86A8CAFCE/Ubuntu2/CodeU/Dog1/official-mini-cheetah/checkpoints/official_mini_cheetah_flat_jump_v1_r3 --ckpt-prefix official_mini_cheetah_flat_jump_v1_r3 --logdir /run/media/pma213x/0C6A8CC86A8CAFCE/Ubuntu2/CodeU/Dog1/official-mini-cheetah/runs/official_mini_cheetah_flat_jump_v1_r3/P1_parallel --bridge-port 11452 --num-envs 4 --checkpoint-interval 20000 --randomization-mode fixed --seed 20261003 --phase-step-offset 170000 --resume /run/media/pma213x/0C6A8CC86A8CAFCE/Ubuntu2/CodeU/Dog1/official-mini-cheetah/checkpoints/official_mini_cheetah_flat_jump_v1_r3/official_mini_cheetah_flat_jump_v1_r3_final.zip
[2026-10-05T15:13:25+0800] P1 四 worker 实时健康确认通过
[2026-10-05T15:15:01+0800] P1 验收命令：/usr/bin/python3 -m rl.evaluate --phase P1 --gate --checkpoint /run/media/pma213x/0C6A8CC86A8CAFCE/Ubuntu2/CodeU/Dog1/official-mini-cheetah/checkpoints/official_mini_cheetah_flat_jump_v1_r3/official_mini_cheetah_flat_jump_v1_r3_final.zip --output /run/media/pma213x/0C6A8CC86A8CAFCE/Ubuntu2/CodeU/Dog1/official-mini-cheetah/logs/official_mini_cheetah_flat_jump_v1_r3/P1_gate_attempt_0.json
[2026-10-05T15:15:09+0800] P1 验收未通过，report.passed=false
[2026-10-05T15:15:09+0800] P1 验收命令：/usr/bin/python3 -m rl.evaluate --phase P1 --gate --checkpoint /run/media/pma213x/0C6A8CC86A8CAFCE/Ubuntu2/CodeU/Dog1/official-mini-cheetah/checkpoints/official_mini_cheetah_flat_jump_v1_r3/official_mini_cheetah_flat_jump_v1_r3_final.zip --output /run/media/pma213x/0C6A8CC86A8CAFCE/Ubuntu2/CodeU/Dog1/official-mini-cheetah/logs/official_mini_cheetah_flat_jump_v1_r3/P1_gate_attempt_1.json
[2026-10-05T15:15:17+0800] P1 验收未通过，report.passed=false
[2026-10-05T15:15:17+0800] P1 验收命令：/usr/bin/python3 -m rl.evaluate --phase P1 --gate --checkpoint /run/media/pma213x/0C6A8CC86A8CAFCE/Ubuntu2/CodeU/Dog1/official-mini-cheetah/checkpoints/official_mini_cheetah_flat_jump_v1_r3/official_mini_cheetah_flat_jump_v1_r3_final.zip --output /run/media/pma213x/0C6A8CC86A8CAFCE/Ubuntu2/CodeU/Dog1/official-mini-cheetah/logs/official_mini_cheetah_flat_jump_v1_r3/P1_gate_attempt_2.json
[2026-10-05T15:15:25+0800] P1 验收未通过，report.passed=false
[2026-10-05T15:15:25+0800] P1 连续 Gate 批次结果=[False, False, False]
[2026-10-05T15:15:25+0800] P1 启动：/usr/bin/python3 -m rl.train --phase P1 --total-steps 200000 --device cuda --ckptdir /run/media/pma213x/0C6A8CC86A8CAFCE/Ubuntu2/CodeU/Dog1/official-mini-cheetah/checkpoints/official_mini_cheetah_flat_jump_v1_r3 --ckpt-prefix official_mini_cheetah_flat_jump_v1_r3 --logdir /run/media/pma213x/0C6A8CC86A8CAFCE/Ubuntu2/CodeU/Dog1/official-mini-cheetah/runs/official_mini_cheetah_flat_jump_v1_r3/P1_parallel --bridge-port 11452 --num-envs 4 --checkpoint-interval 20000 --randomization-mode fixed --seed 20261003 --phase-step-offset 180000 --resume /run/media/pma213x/0C6A8CC86A8CAFCE/Ubuntu2/CodeU/Dog1/official-mini-cheetah/checkpoints/official_mini_cheetah_flat_jump_v1_r3/official_mini_cheetah_flat_jump_v1_r3_final.zip
[2026-10-05T15:15:32+0800] P1 四 worker 实时健康确认通过
[2026-10-05T15:17:18+0800] P1 验收命令：/usr/bin/python3 -m rl.evaluate --phase P1 --gate --checkpoint /run/media/pma213x/0C6A8CC86A8CAFCE/Ubuntu2/CodeU/Dog1/official-mini-cheetah/checkpoints/official_mini_cheetah_flat_jump_v1_r3/official_mini_cheetah_flat_jump_v1_r3_final.zip --output /run/media/pma213x/0C6A8CC86A8CAFCE/Ubuntu2/CodeU/Dog1/official-mini-cheetah/logs/official_mini_cheetah_flat_jump_v1_r3/P1_gate_attempt_0.json
[2026-10-05T15:17:26+0800] P1 验收未通过，report.passed=false
[2026-10-05T15:17:26+0800] P1 验收命令：/usr/bin/python3 -m rl.evaluate --phase P1 --gate --checkpoint /run/media/pma213x/0C6A8CC86A8CAFCE/Ubuntu2/CodeU/Dog1/official-mini-cheetah/checkpoints/official_mini_cheetah_flat_jump_v1_r3/official_mini_cheetah_flat_jump_v1_r3_final.zip --output /run/media/pma213x/0C6A8CC86A8CAFCE/Ubuntu2/CodeU/Dog1/official-mini-cheetah/logs/official_mini_cheetah_flat_jump_v1_r3/P1_gate_attempt_1.json
[2026-10-05T15:17:34+0800] P1 验收未通过，report.passed=false
[2026-10-05T15:17:34+0800] P1 验收命令：/usr/bin/python3 -m rl.evaluate --phase P1 --gate --checkpoint /run/media/pma213x/0C6A8CC86A8CAFCE/Ubuntu2/CodeU/Dog1/official-mini-cheetah/checkpoints/official_mini_cheetah_flat_jump_v1_r3/official_mini_cheetah_flat_jump_v1_r3_final.zip --output /run/media/pma213x/0C6A8CC86A8CAFCE/Ubuntu2/CodeU/Dog1/official-mini-cheetah/logs/official_mini_cheetah_flat_jump_v1_r3/P1_gate_attempt_2.json
[2026-10-05T15:17:42+0800] P1 验收未通过，report.passed=false
[2026-10-05T15:17:42+0800] P1 连续 Gate 批次结果=[False, False, False]
[2026-10-05T15:17:42+0800] P1 启动：/usr/bin/python3 -m rl.train --phase P1 --total-steps 210000 --device cuda --ckptdir /run/media/pma213x/0C6A8CC86A8CAFCE/Ubuntu2/CodeU/Dog1/official-mini-cheetah/checkpoints/official_mini_cheetah_flat_jump_v1_r3 --ckpt-prefix official_mini_cheetah_flat_jump_v1_r3 --logdir /run/media/pma213x/0C6A8CC86A8CAFCE/Ubuntu2/CodeU/Dog1/official-mini-cheetah/runs/official_mini_cheetah_flat_jump_v1_r3/P1_parallel --bridge-port 11452 --num-envs 4 --checkpoint-interval 20000 --randomization-mode fixed --seed 20261003 --phase-step-offset 190000 --resume /run/media/pma213x/0C6A8CC86A8CAFCE/Ubuntu2/CodeU/Dog1/official-mini-cheetah/checkpoints/official_mini_cheetah_flat_jump_v1_r3/official_mini_cheetah_flat_jump_v1_r3_final.zip
[2026-10-05T15:17:49+0800] P1 四 worker 实时健康确认通过
[2026-10-05T15:19:43+0800] P1 验收命令：/usr/bin/python3 -m rl.evaluate --phase P1 --gate --checkpoint /run/media/pma213x/0C6A8CC86A8CAFCE/Ubuntu2/CodeU/Dog1/official-mini-cheetah/checkpoints/official_mini_cheetah_flat_jump_v1_r3/official_mini_cheetah_flat_jump_v1_r3_final.zip --output /run/media/pma213x/0C6A8CC86A8CAFCE/Ubuntu2/CodeU/Dog1/official-mini-cheetah/logs/official_mini_cheetah_flat_jump_v1_r3/P1_gate_attempt_0.json
[2026-10-05T15:19:50+0800] P1 验收未通过，report.passed=false
[2026-10-05T15:19:50+0800] P1 验收命令：/usr/bin/python3 -m rl.evaluate --phase P1 --gate --checkpoint /run/media/pma213x/0C6A8CC86A8CAFCE/Ubuntu2/CodeU/Dog1/official-mini-cheetah/checkpoints/official_mini_cheetah_flat_jump_v1_r3/official_mini_cheetah_flat_jump_v1_r3_final.zip --output /run/media/pma213x/0C6A8CC86A8CAFCE/Ubuntu2/CodeU/Dog1/official-mini-cheetah/logs/official_mini_cheetah_flat_jump_v1_r3/P1_gate_attempt_1.json
[2026-10-05T15:19:58+0800] P1 验收未通过，report.passed=false
[2026-10-05T15:19:58+0800] P1 验收命令：/usr/bin/python3 -m rl.evaluate --phase P1 --gate --checkpoint /run/media/pma213x/0C6A8CC86A8CAFCE/Ubuntu2/CodeU/Dog1/official-mini-cheetah/checkpoints/official_mini_cheetah_flat_jump_v1_r3/official_mini_cheetah_flat_jump_v1_r3_final.zip --output /run/media/pma213x/0C6A8CC86A8CAFCE/Ubuntu2/CodeU/Dog1/official-mini-cheetah/logs/official_mini_cheetah_flat_jump_v1_r3/P1_gate_attempt_2.json
[2026-10-05T15:20:06+0800] P1 验收未通过，report.passed=false
[2026-10-05T15:20:06+0800] P1 连续 Gate 批次结果=[False, False, False]
[2026-10-05T15:20:06+0800] P1 启动：/usr/bin/python3 -m rl.train --phase P1 --total-steps 220000 --device cuda --ckptdir /run/media/pma213x/0C6A8CC86A8CAFCE/Ubuntu2/CodeU/Dog1/official-mini-cheetah/checkpoints/official_mini_cheetah_flat_jump_v1_r3 --ckpt-prefix official_mini_cheetah_flat_jump_v1_r3 --logdir /run/media/pma213x/0C6A8CC86A8CAFCE/Ubuntu2/CodeU/Dog1/official-mini-cheetah/runs/official_mini_cheetah_flat_jump_v1_r3/P1_parallel --bridge-port 11452 --num-envs 4 --checkpoint-interval 20000 --randomization-mode fixed --seed 20261003 --phase-step-offset 200000 --resume /run/media/pma213x/0C6A8CC86A8CAFCE/Ubuntu2/CodeU/Dog1/official-mini-cheetah/checkpoints/official_mini_cheetah_flat_jump_v1_r3/official_mini_cheetah_flat_jump_v1_r3_final.zip
[2026-10-05T15:20:13+0800] P1 四 worker 实时健康确认通过
[2026-10-05T15:22:29+0800] P1 验收命令：/usr/bin/python3 -m rl.evaluate --phase P1 --gate --checkpoint /run/media/pma213x/0C6A8CC86A8CAFCE/Ubuntu2/CodeU/Dog1/official-mini-cheetah/checkpoints/official_mini_cheetah_flat_jump_v1_r3/official_mini_cheetah_flat_jump_v1_r3_final.zip --output /run/media/pma213x/0C6A8CC86A8CAFCE/Ubuntu2/CodeU/Dog1/official-mini-cheetah/logs/official_mini_cheetah_flat_jump_v1_r3/P1_gate_attempt_0.json
[2026-10-05T15:22:37+0800] P1 验收未通过，report.passed=false
[2026-10-05T15:22:37+0800] P1 验收命令：/usr/bin/python3 -m rl.evaluate --phase P1 --gate --checkpoint /run/media/pma213x/0C6A8CC86A8CAFCE/Ubuntu2/CodeU/Dog1/official-mini-cheetah/checkpoints/official_mini_cheetah_flat_jump_v1_r3/official_mini_cheetah_flat_jump_v1_r3_final.zip --output /run/media/pma213x/0C6A8CC86A8CAFCE/Ubuntu2/CodeU/Dog1/official-mini-cheetah/logs/official_mini_cheetah_flat_jump_v1_r3/P1_gate_attempt_1.json
[2026-10-05T15:22:45+0800] P1 验收未通过，report.passed=false
[2026-10-05T15:22:45+0800] P1 验收命令：/usr/bin/python3 -m rl.evaluate --phase P1 --gate --checkpoint /run/media/pma213x/0C6A8CC86A8CAFCE/Ubuntu2/CodeU/Dog1/official-mini-cheetah/checkpoints/official_mini_cheetah_flat_jump_v1_r3/official_mini_cheetah_flat_jump_v1_r3_final.zip --output /run/media/pma213x/0C6A8CC86A8CAFCE/Ubuntu2/CodeU/Dog1/official-mini-cheetah/logs/official_mini_cheetah_flat_jump_v1_r3/P1_gate_attempt_2.json
[2026-10-05T15:22:53+0800] P1 验收未通过，report.passed=false
[2026-10-05T15:22:53+0800] P1 连续 Gate 批次结果=[False, False, False]
[2026-10-05T15:22:53+0800] P1 启动：/usr/bin/python3 -m rl.train --phase P1 --total-steps 230000 --device cuda --ckptdir /run/media/pma213x/0C6A8CC86A8CAFCE/Ubuntu2/CodeU/Dog1/official-mini-cheetah/checkpoints/official_mini_cheetah_flat_jump_v1_r3 --ckpt-prefix official_mini_cheetah_flat_jump_v1_r3 --logdir /run/media/pma213x/0C6A8CC86A8CAFCE/Ubuntu2/CodeU/Dog1/official-mini-cheetah/runs/official_mini_cheetah_flat_jump_v1_r3/P1_parallel --bridge-port 11452 --num-envs 4 --checkpoint-interval 20000 --randomization-mode fixed --seed 20261003 --phase-step-offset 210000 --resume /run/media/pma213x/0C6A8CC86A8CAFCE/Ubuntu2/CodeU/Dog1/official-mini-cheetah/checkpoints/official_mini_cheetah_flat_jump_v1_r3/official_mini_cheetah_flat_jump_v1_r3_final.zip
[2026-10-05T15:22:59+0800] P1 四 worker 实时健康确认通过
[2026-10-05T15:25:21+0800] P1 验收命令：/usr/bin/python3 -m rl.evaluate --phase P1 --gate --checkpoint /run/media/pma213x/0C6A8CC86A8CAFCE/Ubuntu2/CodeU/Dog1/official-mini-cheetah/checkpoints/official_mini_cheetah_flat_jump_v1_r3/official_mini_cheetah_flat_jump_v1_r3_final.zip --output /run/media/pma213x/0C6A8CC86A8CAFCE/Ubuntu2/CodeU/Dog1/official-mini-cheetah/logs/official_mini_cheetah_flat_jump_v1_r3/P1_gate_attempt_0.json
[2026-10-05T15:25:29+0800] P1 验收未通过，report.passed=false
[2026-10-05T15:25:29+0800] P1 验收命令：/usr/bin/python3 -m rl.evaluate --phase P1 --gate --checkpoint /run/media/pma213x/0C6A8CC86A8CAFCE/Ubuntu2/CodeU/Dog1/official-mini-cheetah/checkpoints/official_mini_cheetah_flat_jump_v1_r3/official_mini_cheetah_flat_jump_v1_r3_final.zip --output /run/media/pma213x/0C6A8CC86A8CAFCE/Ubuntu2/CodeU/Dog1/official-mini-cheetah/logs/official_mini_cheetah_flat_jump_v1_r3/P1_gate_attempt_1.json
[2026-10-05T15:25:37+0800] P1 验收未通过，report.passed=false
[2026-10-05T15:25:37+0800] P1 验收命令：/usr/bin/python3 -m rl.evaluate --phase P1 --gate --checkpoint /run/media/pma213x/0C6A8CC86A8CAFCE/Ubuntu2/CodeU/Dog1/official-mini-cheetah/checkpoints/official_mini_cheetah_flat_jump_v1_r3/official_mini_cheetah_flat_jump_v1_r3_final.zip --output /run/media/pma213x/0C6A8CC86A8CAFCE/Ubuntu2/CodeU/Dog1/official-mini-cheetah/logs/official_mini_cheetah_flat_jump_v1_r3/P1_gate_attempt_2.json
[2026-10-05T15:25:45+0800] P1 验收未通过，report.passed=false
[2026-10-05T15:25:45+0800] P1 连续 Gate 批次结果=[False, False, False]
[2026-10-05T15:25:45+0800] P1 启动：/usr/bin/python3 -m rl.train --phase P1 --total-steps 240000 --device cuda --ckptdir /run/media/pma213x/0C6A8CC86A8CAFCE/Ubuntu2/CodeU/Dog1/official-mini-cheetah/checkpoints/official_mini_cheetah_flat_jump_v1_r3 --ckpt-prefix official_mini_cheetah_flat_jump_v1_r3 --logdir /run/media/pma213x/0C6A8CC86A8CAFCE/Ubuntu2/CodeU/Dog1/official-mini-cheetah/runs/official_mini_cheetah_flat_jump_v1_r3/P1_parallel --bridge-port 11452 --num-envs 4 --checkpoint-interval 20000 --randomization-mode fixed --seed 20261003 --phase-step-offset 220000 --resume /run/media/pma213x/0C6A8CC86A8CAFCE/Ubuntu2/CodeU/Dog1/official-mini-cheetah/checkpoints/official_mini_cheetah_flat_jump_v1_r3/official_mini_cheetah_flat_jump_v1_r3_final.zip
[2026-10-05T15:25:51+0800] P1 四 worker 实时健康确认通过
[2026-10-05T15:28:04+0800] P1 验收命令：/usr/bin/python3 -m rl.evaluate --phase P1 --gate --checkpoint /run/media/pma213x/0C6A8CC86A8CAFCE/Ubuntu2/CodeU/Dog1/official-mini-cheetah/checkpoints/official_mini_cheetah_flat_jump_v1_r3/official_mini_cheetah_flat_jump_v1_r3_final.zip --output /run/media/pma213x/0C6A8CC86A8CAFCE/Ubuntu2/CodeU/Dog1/official-mini-cheetah/logs/official_mini_cheetah_flat_jump_v1_r3/P1_gate_attempt_0.json
[2026-10-05T15:28:12+0800] P1 验收未通过，report.passed=false
[2026-10-05T15:28:12+0800] P1 验收命令：/usr/bin/python3 -m rl.evaluate --phase P1 --gate --checkpoint /run/media/pma213x/0C6A8CC86A8CAFCE/Ubuntu2/CodeU/Dog1/official-mini-cheetah/checkpoints/official_mini_cheetah_flat_jump_v1_r3/official_mini_cheetah_flat_jump_v1_r3_final.zip --output /run/media/pma213x/0C6A8CC86A8CAFCE/Ubuntu2/CodeU/Dog1/official-mini-cheetah/logs/official_mini_cheetah_flat_jump_v1_r3/P1_gate_attempt_1.json
[2026-10-05T15:28:20+0800] P1 验收未通过，report.passed=false
[2026-10-05T15:28:20+0800] P1 验收命令：/usr/bin/python3 -m rl.evaluate --phase P1 --gate --checkpoint /run/media/pma213x/0C6A8CC86A8CAFCE/Ubuntu2/CodeU/Dog1/official-mini-cheetah/checkpoints/official_mini_cheetah_flat_jump_v1_r3/official_mini_cheetah_flat_jump_v1_r3_final.zip --output /run/media/pma213x/0C6A8CC86A8CAFCE/Ubuntu2/CodeU/Dog1/official-mini-cheetah/logs/official_mini_cheetah_flat_jump_v1_r3/P1_gate_attempt_2.json
[2026-10-05T15:28:27+0800] P1 验收未通过，report.passed=false
[2026-10-05T15:28:27+0800] P1 连续 Gate 批次结果=[False, False, False]
[2026-10-05T15:28:27+0800] P1 启动：/usr/bin/python3 -m rl.train --phase P1 --total-steps 250000 --device cuda --ckptdir /run/media/pma213x/0C6A8CC86A8CAFCE/Ubuntu2/CodeU/Dog1/official-mini-cheetah/checkpoints/official_mini_cheetah_flat_jump_v1_r3 --ckpt-prefix official_mini_cheetah_flat_jump_v1_r3 --logdir /run/media/pma213x/0C6A8CC86A8CAFCE/Ubuntu2/CodeU/Dog1/official-mini-cheetah/runs/official_mini_cheetah_flat_jump_v1_r3/P1_parallel --bridge-port 11452 --num-envs 4 --checkpoint-interval 20000 --randomization-mode fixed --seed 20261003 --phase-step-offset 230000 --resume /run/media/pma213x/0C6A8CC86A8CAFCE/Ubuntu2/CodeU/Dog1/official-mini-cheetah/checkpoints/official_mini_cheetah_flat_jump_v1_r3/official_mini_cheetah_flat_jump_v1_r3_final.zip
[2026-10-05T15:28:34+0800] P1 四 worker 实时健康确认通过
[2026-10-05T15:30:55+0800] P1 验收命令：/usr/bin/python3 -m rl.evaluate --phase P1 --gate --checkpoint /run/media/pma213x/0C6A8CC86A8CAFCE/Ubuntu2/CodeU/Dog1/official-mini-cheetah/checkpoints/official_mini_cheetah_flat_jump_v1_r3/official_mini_cheetah_flat_jump_v1_r3_final.zip --output /run/media/pma213x/0C6A8CC86A8CAFCE/Ubuntu2/CodeU/Dog1/official-mini-cheetah/logs/official_mini_cheetah_flat_jump_v1_r3/P1_gate_attempt_0.json
[2026-10-05T15:31:03+0800] P1 验收未通过，report.passed=false
[2026-10-05T15:31:03+0800] P1 验收命令：/usr/bin/python3 -m rl.evaluate --phase P1 --gate --checkpoint /run/media/pma213x/0C6A8CC86A8CAFCE/Ubuntu2/CodeU/Dog1/official-mini-cheetah/checkpoints/official_mini_cheetah_flat_jump_v1_r3/official_mini_cheetah_flat_jump_v1_r3_final.zip --output /run/media/pma213x/0C6A8CC86A8CAFCE/Ubuntu2/CodeU/Dog1/official-mini-cheetah/logs/official_mini_cheetah_flat_jump_v1_r3/P1_gate_attempt_1.json
[2026-10-05T15:31:11+0800] P1 验收未通过，report.passed=false
[2026-10-05T15:31:11+0800] P1 验收命令：/usr/bin/python3 -m rl.evaluate --phase P1 --gate --checkpoint /run/media/pma213x/0C6A8CC86A8CAFCE/Ubuntu2/CodeU/Dog1/official-mini-cheetah/checkpoints/official_mini_cheetah_flat_jump_v1_r3/official_mini_cheetah_flat_jump_v1_r3_final.zip --output /run/media/pma213x/0C6A8CC86A8CAFCE/Ubuntu2/CodeU/Dog1/official-mini-cheetah/logs/official_mini_cheetah_flat_jump_v1_r3/P1_gate_attempt_2.json
[2026-10-05T15:31:19+0800] P1 验收未通过，report.passed=false
[2026-10-05T15:31:19+0800] P1 连续 Gate 批次结果=[False, False, False]
[2026-10-05T15:31:19+0800] P1 启动：/usr/bin/python3 -m rl.train --phase P1 --total-steps 260000 --device cuda --ckptdir /run/media/pma213x/0C6A8CC86A8CAFCE/Ubuntu2/CodeU/Dog1/official-mini-cheetah/checkpoints/official_mini_cheetah_flat_jump_v1_r3 --ckpt-prefix official_mini_cheetah_flat_jump_v1_r3 --logdir /run/media/pma213x/0C6A8CC86A8CAFCE/Ubuntu2/CodeU/Dog1/official-mini-cheetah/runs/official_mini_cheetah_flat_jump_v1_r3/P1_parallel --bridge-port 11452 --num-envs 4 --checkpoint-interval 20000 --randomization-mode fixed --seed 20261003 --phase-step-offset 240000 --resume /run/media/pma213x/0C6A8CC86A8CAFCE/Ubuntu2/CodeU/Dog1/official-mini-cheetah/checkpoints/official_mini_cheetah_flat_jump_v1_r3/official_mini_cheetah_flat_jump_v1_r3_final.zip
[2026-10-05T15:31:25+0800] P1 四 worker 实时健康确认通过
[2026-10-05T15:33:51+0800] P1 验收命令：/usr/bin/python3 -m rl.evaluate --phase P1 --gate --checkpoint /run/media/pma213x/0C6A8CC86A8CAFCE/Ubuntu2/CodeU/Dog1/official-mini-cheetah/checkpoints/official_mini_cheetah_flat_jump_v1_r3/official_mini_cheetah_flat_jump_v1_r3_final.zip --output /run/media/pma213x/0C6A8CC86A8CAFCE/Ubuntu2/CodeU/Dog1/official-mini-cheetah/logs/official_mini_cheetah_flat_jump_v1_r3/P1_gate_attempt_0.json
[2026-10-05T15:33:59+0800] P1 验收未通过，report.passed=false
[2026-10-05T15:33:59+0800] P1 验收命令：/usr/bin/python3 -m rl.evaluate --phase P1 --gate --checkpoint /run/media/pma213x/0C6A8CC86A8CAFCE/Ubuntu2/CodeU/Dog1/official-mini-cheetah/checkpoints/official_mini_cheetah_flat_jump_v1_r3/official_mini_cheetah_flat_jump_v1_r3_final.zip --output /run/media/pma213x/0C6A8CC86A8CAFCE/Ubuntu2/CodeU/Dog1/official-mini-cheetah/logs/official_mini_cheetah_flat_jump_v1_r3/P1_gate_attempt_1.json
[2026-10-05T15:34:06+0800] P1 验收未通过，report.passed=false
[2026-10-05T15:34:06+0800] P1 验收命令：/usr/bin/python3 -m rl.evaluate --phase P1 --gate --checkpoint /run/media/pma213x/0C6A8CC86A8CAFCE/Ubuntu2/CodeU/Dog1/official-mini-cheetah/checkpoints/official_mini_cheetah_flat_jump_v1_r3/official_mini_cheetah_flat_jump_v1_r3_final.zip --output /run/media/pma213x/0C6A8CC86A8CAFCE/Ubuntu2/CodeU/Dog1/official-mini-cheetah/logs/official_mini_cheetah_flat_jump_v1_r3/P1_gate_attempt_2.json
[2026-10-05T15:34:14+0800] P1 验收未通过，report.passed=false
[2026-10-05T15:34:14+0800] P1 连续 Gate 批次结果=[False, False, False]
[2026-10-05T15:34:14+0800] P1 启动：/usr/bin/python3 -m rl.train --phase P1 --total-steps 270000 --device cuda --ckptdir /run/media/pma213x/0C6A8CC86A8CAFCE/Ubuntu2/CodeU/Dog1/official-mini-cheetah/checkpoints/official_mini_cheetah_flat_jump_v1_r3 --ckpt-prefix official_mini_cheetah_flat_jump_v1_r3 --logdir /run/media/pma213x/0C6A8CC86A8CAFCE/Ubuntu2/CodeU/Dog1/official-mini-cheetah/runs/official_mini_cheetah_flat_jump_v1_r3/P1_parallel --bridge-port 11452 --num-envs 4 --checkpoint-interval 20000 --randomization-mode fixed --seed 20261003 --phase-step-offset 250000 --resume /run/media/pma213x/0C6A8CC86A8CAFCE/Ubuntu2/CodeU/Dog1/official-mini-cheetah/checkpoints/official_mini_cheetah_flat_jump_v1_r3/official_mini_cheetah_flat_jump_v1_r3_final.zip
[2026-10-05T15:34:20+0800] P1 四 worker 实时健康确认通过
[2026-10-05T15:36:51+0800] P1 验收命令：/usr/bin/python3 -m rl.evaluate --phase P1 --gate --checkpoint /run/media/pma213x/0C6A8CC86A8CAFCE/Ubuntu2/CodeU/Dog1/official-mini-cheetah/checkpoints/official_mini_cheetah_flat_jump_v1_r3/official_mini_cheetah_flat_jump_v1_r3_final.zip --output /run/media/pma213x/0C6A8CC86A8CAFCE/Ubuntu2/CodeU/Dog1/official-mini-cheetah/logs/official_mini_cheetah_flat_jump_v1_r3/P1_gate_attempt_0.json
[2026-10-05T15:36:58+0800] P1 验收未通过，report.passed=false
[2026-10-05T15:36:58+0800] P1 验收命令：/usr/bin/python3 -m rl.evaluate --phase P1 --gate --checkpoint /run/media/pma213x/0C6A8CC86A8CAFCE/Ubuntu2/CodeU/Dog1/official-mini-cheetah/checkpoints/official_mini_cheetah_flat_jump_v1_r3/official_mini_cheetah_flat_jump_v1_r3_final.zip --output /run/media/pma213x/0C6A8CC86A8CAFCE/Ubuntu2/CodeU/Dog1/official-mini-cheetah/logs/official_mini_cheetah_flat_jump_v1_r3/P1_gate_attempt_1.json
[2026-10-05T15:37:06+0800] P1 验收未通过，report.passed=false
[2026-10-05T15:37:06+0800] P1 验收命令：/usr/bin/python3 -m rl.evaluate --phase P1 --gate --checkpoint /run/media/pma213x/0C6A8CC86A8CAFCE/Ubuntu2/CodeU/Dog1/official-mini-cheetah/checkpoints/official_mini_cheetah_flat_jump_v1_r3/official_mini_cheetah_flat_jump_v1_r3_final.zip --output /run/media/pma213x/0C6A8CC86A8CAFCE/Ubuntu2/CodeU/Dog1/official-mini-cheetah/logs/official_mini_cheetah_flat_jump_v1_r3/P1_gate_attempt_2.json
[2026-10-05T15:37:14+0800] P1 验收未通过，report.passed=false
[2026-10-05T15:37:14+0800] P1 连续 Gate 批次结果=[False, False, False]
[2026-10-05T15:37:14+0800] P1 启动：/usr/bin/python3 -m rl.train --phase P1 --total-steps 280000 --device cuda --ckptdir /run/media/pma213x/0C6A8CC86A8CAFCE/Ubuntu2/CodeU/Dog1/official-mini-cheetah/checkpoints/official_mini_cheetah_flat_jump_v1_r3 --ckpt-prefix official_mini_cheetah_flat_jump_v1_r3 --logdir /run/media/pma213x/0C6A8CC86A8CAFCE/Ubuntu2/CodeU/Dog1/official-mini-cheetah/runs/official_mini_cheetah_flat_jump_v1_r3/P1_parallel --bridge-port 11452 --num-envs 4 --checkpoint-interval 20000 --randomization-mode fixed --seed 20261003 --phase-step-offset 260000 --resume /run/media/pma213x/0C6A8CC86A8CAFCE/Ubuntu2/CodeU/Dog1/official-mini-cheetah/checkpoints/official_mini_cheetah_flat_jump_v1_r3/official_mini_cheetah_flat_jump_v1_r3_final.zip
[2026-10-05T15:37:20+0800] P1 四 worker 实时健康确认通过
[2026-10-05T15:39:56+0800] P1 验收命令：/usr/bin/python3 -m rl.evaluate --phase P1 --gate --checkpoint /run/media/pma213x/0C6A8CC86A8CAFCE/Ubuntu2/CodeU/Dog1/official-mini-cheetah/checkpoints/official_mini_cheetah_flat_jump_v1_r3/official_mini_cheetah_flat_jump_v1_r3_final.zip --output /run/media/pma213x/0C6A8CC86A8CAFCE/Ubuntu2/CodeU/Dog1/official-mini-cheetah/logs/official_mini_cheetah_flat_jump_v1_r3/P1_gate_attempt_0.json
[2026-10-05T15:40:04+0800] P1 验收未通过，report.passed=false
[2026-10-05T15:40:04+0800] P1 验收命令：/usr/bin/python3 -m rl.evaluate --phase P1 --gate --checkpoint /run/media/pma213x/0C6A8CC86A8CAFCE/Ubuntu2/CodeU/Dog1/official-mini-cheetah/checkpoints/official_mini_cheetah_flat_jump_v1_r3/official_mini_cheetah_flat_jump_v1_r3_final.zip --output /run/media/pma213x/0C6A8CC86A8CAFCE/Ubuntu2/CodeU/Dog1/official-mini-cheetah/logs/official_mini_cheetah_flat_jump_v1_r3/P1_gate_attempt_1.json
[2026-10-05T15:40:12+0800] P1 验收未通过，report.passed=false
[2026-10-05T15:40:12+0800] P1 验收命令：/usr/bin/python3 -m rl.evaluate --phase P1 --gate --checkpoint /run/media/pma213x/0C6A8CC86A8CAFCE/Ubuntu2/CodeU/Dog1/official-mini-cheetah/checkpoints/official_mini_cheetah_flat_jump_v1_r3/official_mini_cheetah_flat_jump_v1_r3_final.zip --output /run/media/pma213x/0C6A8CC86A8CAFCE/Ubuntu2/CodeU/Dog1/official-mini-cheetah/logs/official_mini_cheetah_flat_jump_v1_r3/P1_gate_attempt_2.json
[2026-10-05T15:40:22+0800] P1 验收未通过，report.passed=false
[2026-10-05T15:40:22+0800] P1 连续 Gate 批次结果=[False, False, False]
[2026-10-05T15:40:22+0800] P1 启动：/usr/bin/python3 -m rl.train --phase P1 --total-steps 290000 --device cuda --ckptdir /run/media/pma213x/0C6A8CC86A8CAFCE/Ubuntu2/CodeU/Dog1/official-mini-cheetah/checkpoints/official_mini_cheetah_flat_jump_v1_r3 --ckpt-prefix official_mini_cheetah_flat_jump_v1_r3 --logdir /run/media/pma213x/0C6A8CC86A8CAFCE/Ubuntu2/CodeU/Dog1/official-mini-cheetah/runs/official_mini_cheetah_flat_jump_v1_r3/P1_parallel --bridge-port 11452 --num-envs 4 --checkpoint-interval 20000 --randomization-mode fixed --seed 20261003 --phase-step-offset 270000 --resume /run/media/pma213x/0C6A8CC86A8CAFCE/Ubuntu2/CodeU/Dog1/official-mini-cheetah/checkpoints/official_mini_cheetah_flat_jump_v1_r3/official_mini_cheetah_flat_jump_v1_r3_final.zip
[2026-10-05T15:40:28+0800] P1 四 worker 实时健康确认通过
[2026-10-05T15:43:27+0800] P1 验收命令：/usr/bin/python3 -m rl.evaluate --phase P1 --gate --checkpoint /run/media/pma213x/0C6A8CC86A8CAFCE/Ubuntu2/CodeU/Dog1/official-mini-cheetah/checkpoints/official_mini_cheetah_flat_jump_v1_r3/official_mini_cheetah_flat_jump_v1_r3_final.zip --output /run/media/pma213x/0C6A8CC86A8CAFCE/Ubuntu2/CodeU/Dog1/official-mini-cheetah/logs/official_mini_cheetah_flat_jump_v1_r3/P1_gate_attempt_0.json
[2026-10-05T15:43:35+0800] P1 验收未通过，report.passed=false
[2026-10-05T15:43:35+0800] P1 验收命令：/usr/bin/python3 -m rl.evaluate --phase P1 --gate --checkpoint /run/media/pma213x/0C6A8CC86A8CAFCE/Ubuntu2/CodeU/Dog1/official-mini-cheetah/checkpoints/official_mini_cheetah_flat_jump_v1_r3/official_mini_cheetah_flat_jump_v1_r3_final.zip --output /run/media/pma213x/0C6A8CC86A8CAFCE/Ubuntu2/CodeU/Dog1/official-mini-cheetah/logs/official_mini_cheetah_flat_jump_v1_r3/P1_gate_attempt_1.json
[2026-10-05T15:43:43+0800] P1 验收未通过，report.passed=false
[2026-10-05T15:43:43+0800] P1 验收命令：/usr/bin/python3 -m rl.evaluate --phase P1 --gate --checkpoint /run/media/pma213x/0C6A8CC86A8CAFCE/Ubuntu2/CodeU/Dog1/official-mini-cheetah/checkpoints/official_mini_cheetah_flat_jump_v1_r3/official_mini_cheetah_flat_jump_v1_r3_final.zip --output /run/media/pma213x/0C6A8CC86A8CAFCE/Ubuntu2/CodeU/Dog1/official-mini-cheetah/logs/official_mini_cheetah_flat_jump_v1_r3/P1_gate_attempt_2.json
[2026-10-05T15:43:51+0800] P1 验收未通过，report.passed=false
[2026-10-05T15:43:51+0800] P1 连续 Gate 批次结果=[False, False, False]
[2026-10-05T15:43:51+0800] P1 启动：/usr/bin/python3 -m rl.train --phase P1 --total-steps 300000 --device cuda --ckptdir /run/media/pma213x/0C6A8CC86A8CAFCE/Ubuntu2/CodeU/Dog1/official-mini-cheetah/checkpoints/official_mini_cheetah_flat_jump_v1_r3 --ckpt-prefix official_mini_cheetah_flat_jump_v1_r3 --logdir /run/media/pma213x/0C6A8CC86A8CAFCE/Ubuntu2/CodeU/Dog1/official-mini-cheetah/runs/official_mini_cheetah_flat_jump_v1_r3/P1_parallel --bridge-port 11452 --num-envs 4 --checkpoint-interval 20000 --randomization-mode fixed --seed 20261003 --phase-step-offset 280000 --resume /run/media/pma213x/0C6A8CC86A8CAFCE/Ubuntu2/CodeU/Dog1/official-mini-cheetah/checkpoints/official_mini_cheetah_flat_jump_v1_r3/official_mini_cheetah_flat_jump_v1_r3_final.zip
[2026-10-05T15:43:57+0800] P1 四 worker 实时健康确认通过
[2026-10-05T15:46:50+0800] P1 验收命令：/usr/bin/python3 -m rl.evaluate --phase P1 --gate --checkpoint /run/media/pma213x/0C6A8CC86A8CAFCE/Ubuntu2/CodeU/Dog1/official-mini-cheetah/checkpoints/official_mini_cheetah_flat_jump_v1_r3/official_mini_cheetah_flat_jump_v1_r3_final.zip --output /run/media/pma213x/0C6A8CC86A8CAFCE/Ubuntu2/CodeU/Dog1/official-mini-cheetah/logs/official_mini_cheetah_flat_jump_v1_r3/P1_gate_attempt_0.json
[2026-10-05T15:46:58+0800] P1 验收未通过，report.passed=false
[2026-10-05T15:46:58+0800] P1 验收命令：/usr/bin/python3 -m rl.evaluate --phase P1 --gate --checkpoint /run/media/pma213x/0C6A8CC86A8CAFCE/Ubuntu2/CodeU/Dog1/official-mini-cheetah/checkpoints/official_mini_cheetah_flat_jump_v1_r3/official_mini_cheetah_flat_jump_v1_r3_final.zip --output /run/media/pma213x/0C6A8CC86A8CAFCE/Ubuntu2/CodeU/Dog1/official-mini-cheetah/logs/official_mini_cheetah_flat_jump_v1_r3/P1_gate_attempt_1.json
[2026-10-05T15:47:05+0800] P1 验收未通过，report.passed=false
[2026-10-05T15:47:05+0800] P1 验收命令：/usr/bin/python3 -m rl.evaluate --phase P1 --gate --checkpoint /run/media/pma213x/0C6A8CC86A8CAFCE/Ubuntu2/CodeU/Dog1/official-mini-cheetah/checkpoints/official_mini_cheetah_flat_jump_v1_r3/official_mini_cheetah_flat_jump_v1_r3_final.zip --output /run/media/pma213x/0C6A8CC86A8CAFCE/Ubuntu2/CodeU/Dog1/official-mini-cheetah/logs/official_mini_cheetah_flat_jump_v1_r3/P1_gate_attempt_2.json
[2026-10-05T15:47:13+0800] P1 验收未通过，report.passed=false
[2026-10-05T15:47:13+0800] P1 连续 Gate 批次结果=[False, False, False]
[2026-10-05T15:47:13+0800] P1 启动：/usr/bin/python3 -m rl.train --phase P1 --total-steps 310000 --device cuda --ckptdir /run/media/pma213x/0C6A8CC86A8CAFCE/Ubuntu2/CodeU/Dog1/official-mini-cheetah/checkpoints/official_mini_cheetah_flat_jump_v1_r3 --ckpt-prefix official_mini_cheetah_flat_jump_v1_r3 --logdir /run/media/pma213x/0C6A8CC86A8CAFCE/Ubuntu2/CodeU/Dog1/official-mini-cheetah/runs/official_mini_cheetah_flat_jump_v1_r3/P1_parallel --bridge-port 11452 --num-envs 4 --checkpoint-interval 20000 --randomization-mode fixed --seed 20261003 --phase-step-offset 290000 --resume /run/media/pma213x/0C6A8CC86A8CAFCE/Ubuntu2/CodeU/Dog1/official-mini-cheetah/checkpoints/official_mini_cheetah_flat_jump_v1_r3/official_mini_cheetah_flat_jump_v1_r3_final.zip
[2026-10-05T15:47:19+0800] P1 四 worker 实时健康确认通过
[2026-10-05T15:50:14+0800] P1 验收命令：/usr/bin/python3 -m rl.evaluate --phase P1 --gate --checkpoint /run/media/pma213x/0C6A8CC86A8CAFCE/Ubuntu2/CodeU/Dog1/official-mini-cheetah/checkpoints/official_mini_cheetah_flat_jump_v1_r3/official_mini_cheetah_flat_jump_v1_r3_final.zip --output /run/media/pma213x/0C6A8CC86A8CAFCE/Ubuntu2/CodeU/Dog1/official-mini-cheetah/logs/official_mini_cheetah_flat_jump_v1_r3/P1_gate_attempt_0.json
[2026-10-05T15:50:21+0800] P1 验收未通过，report.passed=false
[2026-10-05T15:50:21+0800] P1 验收命令：/usr/bin/python3 -m rl.evaluate --phase P1 --gate --checkpoint /run/media/pma213x/0C6A8CC86A8CAFCE/Ubuntu2/CodeU/Dog1/official-mini-cheetah/checkpoints/official_mini_cheetah_flat_jump_v1_r3/official_mini_cheetah_flat_jump_v1_r3_final.zip --output /run/media/pma213x/0C6A8CC86A8CAFCE/Ubuntu2/CodeU/Dog1/official-mini-cheetah/logs/official_mini_cheetah_flat_jump_v1_r3/P1_gate_attempt_1.json
[2026-10-05T15:50:29+0800] P1 验收未通过，report.passed=false
[2026-10-05T15:50:29+0800] P1 验收命令：/usr/bin/python3 -m rl.evaluate --phase P1 --gate --checkpoint /run/media/pma213x/0C6A8CC86A8CAFCE/Ubuntu2/CodeU/Dog1/official-mini-cheetah/checkpoints/official_mini_cheetah_flat_jump_v1_r3/official_mini_cheetah_flat_jump_v1_r3_final.zip --output /run/media/pma213x/0C6A8CC86A8CAFCE/Ubuntu2/CodeU/Dog1/official-mini-cheetah/logs/official_mini_cheetah_flat_jump_v1_r3/P1_gate_attempt_2.json
[2026-10-05T15:50:37+0800] P1 验收未通过，report.passed=false
[2026-10-05T15:50:37+0800] P1 连续 Gate 批次结果=[False, False, False]
[2026-10-05T15:50:37+0800] P1 启动：/usr/bin/python3 -m rl.train --phase P1 --total-steps 320000 --device cuda --ckptdir /run/media/pma213x/0C6A8CC86A8CAFCE/Ubuntu2/CodeU/Dog1/official-mini-cheetah/checkpoints/official_mini_cheetah_flat_jump_v1_r3 --ckpt-prefix official_mini_cheetah_flat_jump_v1_r3 --logdir /run/media/pma213x/0C6A8CC86A8CAFCE/Ubuntu2/CodeU/Dog1/official-mini-cheetah/runs/official_mini_cheetah_flat_jump_v1_r3/P1_parallel --bridge-port 11452 --num-envs 4 --checkpoint-interval 20000 --randomization-mode fixed --seed 20261003 --phase-step-offset 300000 --resume /run/media/pma213x/0C6A8CC86A8CAFCE/Ubuntu2/CodeU/Dog1/official-mini-cheetah/checkpoints/official_mini_cheetah_flat_jump_v1_r3/official_mini_cheetah_flat_jump_v1_r3_final.zip
[2026-10-05T15:50:43+0800] P1 四 worker 实时健康确认通过
[2026-10-05T15:53:44+0800] P1 验收命令：/usr/bin/python3 -m rl.evaluate --phase P1 --gate --checkpoint /run/media/pma213x/0C6A8CC86A8CAFCE/Ubuntu2/CodeU/Dog1/official-mini-cheetah/checkpoints/official_mini_cheetah_flat_jump_v1_r3/official_mini_cheetah_flat_jump_v1_r3_final.zip --output /run/media/pma213x/0C6A8CC86A8CAFCE/Ubuntu2/CodeU/Dog1/official-mini-cheetah/logs/official_mini_cheetah_flat_jump_v1_r3/P1_gate_attempt_0.json
[2026-10-05T15:53:52+0800] P1 验收未通过，report.passed=false
[2026-10-05T15:53:52+0800] P1 验收命令：/usr/bin/python3 -m rl.evaluate --phase P1 --gate --checkpoint /run/media/pma213x/0C6A8CC86A8CAFCE/Ubuntu2/CodeU/Dog1/official-mini-cheetah/checkpoints/official_mini_cheetah_flat_jump_v1_r3/official_mini_cheetah_flat_jump_v1_r3_final.zip --output /run/media/pma213x/0C6A8CC86A8CAFCE/Ubuntu2/CodeU/Dog1/official-mini-cheetah/logs/official_mini_cheetah_flat_jump_v1_r3/P1_gate_attempt_1.json
[2026-10-05T15:54:00+0800] P1 验收未通过，report.passed=false
[2026-10-05T15:54:00+0800] P1 验收命令：/usr/bin/python3 -m rl.evaluate --phase P1 --gate --checkpoint /run/media/pma213x/0C6A8CC86A8CAFCE/Ubuntu2/CodeU/Dog1/official-mini-cheetah/checkpoints/official_mini_cheetah_flat_jump_v1_r3/official_mini_cheetah_flat_jump_v1_r3_final.zip --output /run/media/pma213x/0C6A8CC86A8CAFCE/Ubuntu2/CodeU/Dog1/official-mini-cheetah/logs/official_mini_cheetah_flat_jump_v1_r3/P1_gate_attempt_2.json
[2026-10-05T15:54:08+0800] P1 验收未通过，report.passed=false
[2026-10-05T15:54:08+0800] P1 连续 Gate 批次结果=[False, False, False]
[2026-10-05T15:54:08+0800] P1 启动：/usr/bin/python3 -m rl.train --phase P1 --total-steps 330000 --device cuda --ckptdir /run/media/pma213x/0C6A8CC86A8CAFCE/Ubuntu2/CodeU/Dog1/official-mini-cheetah/checkpoints/official_mini_cheetah_flat_jump_v1_r3 --ckpt-prefix official_mini_cheetah_flat_jump_v1_r3 --logdir /run/media/pma213x/0C6A8CC86A8CAFCE/Ubuntu2/CodeU/Dog1/official-mini-cheetah/runs/official_mini_cheetah_flat_jump_v1_r3/P1_parallel --bridge-port 11452 --num-envs 4 --checkpoint-interval 20000 --randomization-mode fixed --seed 20261003 --phase-step-offset 310000 --resume /run/media/pma213x/0C6A8CC86A8CAFCE/Ubuntu2/CodeU/Dog1/official-mini-cheetah/checkpoints/official_mini_cheetah_flat_jump_v1_r3/official_mini_cheetah_flat_jump_v1_r3_final.zip
[2026-10-05T15:54:14+0800] P1 四 worker 实时健康确认通过
[2026-10-05T15:57:25+0800] P1 验收命令：/usr/bin/python3 -m rl.evaluate --phase P1 --gate --checkpoint /run/media/pma213x/0C6A8CC86A8CAFCE/Ubuntu2/CodeU/Dog1/official-mini-cheetah/checkpoints/official_mini_cheetah_flat_jump_v1_r3/official_mini_cheetah_flat_jump_v1_r3_final.zip --output /run/media/pma213x/0C6A8CC86A8CAFCE/Ubuntu2/CodeU/Dog1/official-mini-cheetah/logs/official_mini_cheetah_flat_jump_v1_r3/P1_gate_attempt_0.json
[2026-10-05T15:57:33+0800] P1 验收未通过，report.passed=false
[2026-10-05T15:57:33+0800] P1 验收命令：/usr/bin/python3 -m rl.evaluate --phase P1 --gate --checkpoint /run/media/pma213x/0C6A8CC86A8CAFCE/Ubuntu2/CodeU/Dog1/official-mini-cheetah/checkpoints/official_mini_cheetah_flat_jump_v1_r3/official_mini_cheetah_flat_jump_v1_r3_final.zip --output /run/media/pma213x/0C6A8CC86A8CAFCE/Ubuntu2/CodeU/Dog1/official-mini-cheetah/logs/official_mini_cheetah_flat_jump_v1_r3/P1_gate_attempt_1.json
[2026-10-05T15:57:40+0800] P1 验收未通过，report.passed=false
[2026-10-05T15:57:40+0800] P1 验收命令：/usr/bin/python3 -m rl.evaluate --phase P1 --gate --checkpoint /run/media/pma213x/0C6A8CC86A8CAFCE/Ubuntu2/CodeU/Dog1/official-mini-cheetah/checkpoints/official_mini_cheetah_flat_jump_v1_r3/official_mini_cheetah_flat_jump_v1_r3_final.zip --output /run/media/pma213x/0C6A8CC86A8CAFCE/Ubuntu2/CodeU/Dog1/official-mini-cheetah/logs/official_mini_cheetah_flat_jump_v1_r3/P1_gate_attempt_2.json
[2026-10-05T15:57:48+0800] P1 验收未通过，report.passed=false
[2026-10-05T15:57:48+0800] P1 连续 Gate 批次结果=[False, False, False]
[2026-10-05T15:57:48+0800] P1 启动：/usr/bin/python3 -m rl.train --phase P1 --total-steps 340000 --device cuda --ckptdir /run/media/pma213x/0C6A8CC86A8CAFCE/Ubuntu2/CodeU/Dog1/official-mini-cheetah/checkpoints/official_mini_cheetah_flat_jump_v1_r3 --ckpt-prefix official_mini_cheetah_flat_jump_v1_r3 --logdir /run/media/pma213x/0C6A8CC86A8CAFCE/Ubuntu2/CodeU/Dog1/official-mini-cheetah/runs/official_mini_cheetah_flat_jump_v1_r3/P1_parallel --bridge-port 11452 --num-envs 4 --checkpoint-interval 20000 --randomization-mode fixed --seed 20261003 --phase-step-offset 320000 --resume /run/media/pma213x/0C6A8CC86A8CAFCE/Ubuntu2/CodeU/Dog1/official-mini-cheetah/checkpoints/official_mini_cheetah_flat_jump_v1_r3/official_mini_cheetah_flat_jump_v1_r3_final.zip
[2026-10-05T15:57:54+0800] P1 四 worker 实时健康确认通过
[2026-10-05T16:01:07+0800] P1 验收命令：/usr/bin/python3 -m rl.evaluate --phase P1 --gate --checkpoint /run/media/pma213x/0C6A8CC86A8CAFCE/Ubuntu2/CodeU/Dog1/official-mini-cheetah/checkpoints/official_mini_cheetah_flat_jump_v1_r3/official_mini_cheetah_flat_jump_v1_r3_final.zip --output /run/media/pma213x/0C6A8CC86A8CAFCE/Ubuntu2/CodeU/Dog1/official-mini-cheetah/logs/official_mini_cheetah_flat_jump_v1_r3/P1_gate_attempt_0.json
[2026-10-05T16:01:14+0800] P1 验收未通过，report.passed=false
[2026-10-05T16:01:14+0800] P1 验收命令：/usr/bin/python3 -m rl.evaluate --phase P1 --gate --checkpoint /run/media/pma213x/0C6A8CC86A8CAFCE/Ubuntu2/CodeU/Dog1/official-mini-cheetah/checkpoints/official_mini_cheetah_flat_jump_v1_r3/official_mini_cheetah_flat_jump_v1_r3_final.zip --output /run/media/pma213x/0C6A8CC86A8CAFCE/Ubuntu2/CodeU/Dog1/official-mini-cheetah/logs/official_mini_cheetah_flat_jump_v1_r3/P1_gate_attempt_1.json
[2026-10-05T16:01:22+0800] P1 验收未通过，report.passed=false
[2026-10-05T16:01:22+0800] P1 验收命令：/usr/bin/python3 -m rl.evaluate --phase P1 --gate --checkpoint /run/media/pma213x/0C6A8CC86A8CAFCE/Ubuntu2/CodeU/Dog1/official-mini-cheetah/checkpoints/official_mini_cheetah_flat_jump_v1_r3/official_mini_cheetah_flat_jump_v1_r3_final.zip --output /run/media/pma213x/0C6A8CC86A8CAFCE/Ubuntu2/CodeU/Dog1/official-mini-cheetah/logs/official_mini_cheetah_flat_jump_v1_r3/P1_gate_attempt_2.json
[2026-10-05T16:01:32+0800] P1 验收未通过，report.passed=false
[2026-10-05T16:01:32+0800] P1 连续 Gate 批次结果=[False, False, False]
[2026-10-05T16:01:32+0800] P1 启动：/usr/bin/python3 -m rl.train --phase P1 --total-steps 350000 --device cuda --ckptdir /run/media/pma213x/0C6A8CC86A8CAFCE/Ubuntu2/CodeU/Dog1/official-mini-cheetah/checkpoints/official_mini_cheetah_flat_jump_v1_r3 --ckpt-prefix official_mini_cheetah_flat_jump_v1_r3 --logdir /run/media/pma213x/0C6A8CC86A8CAFCE/Ubuntu2/CodeU/Dog1/official-mini-cheetah/runs/official_mini_cheetah_flat_jump_v1_r3/P1_parallel --bridge-port 11452 --num-envs 4 --checkpoint-interval 20000 --randomization-mode fixed --seed 20261003 --phase-step-offset 330000 --resume /run/media/pma213x/0C6A8CC86A8CAFCE/Ubuntu2/CodeU/Dog1/official-mini-cheetah/checkpoints/official_mini_cheetah_flat_jump_v1_r3/official_mini_cheetah_flat_jump_v1_r3_final.zip
[2026-10-05T16:01:39+0800] P1 四 worker 实时健康确认通过
[2026-10-05T16:05:05+0800] P1 验收命令：/usr/bin/python3 -m rl.evaluate --phase P1 --gate --checkpoint /run/media/pma213x/0C6A8CC86A8CAFCE/Ubuntu2/CodeU/Dog1/official-mini-cheetah/checkpoints/official_mini_cheetah_flat_jump_v1_r3/official_mini_cheetah_flat_jump_v1_r3_final.zip --output /run/media/pma213x/0C6A8CC86A8CAFCE/Ubuntu2/CodeU/Dog1/official-mini-cheetah/logs/official_mini_cheetah_flat_jump_v1_r3/P1_gate_attempt_0.json
[2026-10-05T16:05:14+0800] P1 验收未通过，report.passed=false
[2026-10-05T16:05:14+0800] P1 验收命令：/usr/bin/python3 -m rl.evaluate --phase P1 --gate --checkpoint /run/media/pma213x/0C6A8CC86A8CAFCE/Ubuntu2/CodeU/Dog1/official-mini-cheetah/checkpoints/official_mini_cheetah_flat_jump_v1_r3/official_mini_cheetah_flat_jump_v1_r3_final.zip --output /run/media/pma213x/0C6A8CC86A8CAFCE/Ubuntu2/CodeU/Dog1/official-mini-cheetah/logs/official_mini_cheetah_flat_jump_v1_r3/P1_gate_attempt_1.json
[2026-10-05T16:05:22+0800] P1 验收未通过，report.passed=false
[2026-10-05T16:05:22+0800] P1 验收命令：/usr/bin/python3 -m rl.evaluate --phase P1 --gate --checkpoint /run/media/pma213x/0C6A8CC86A8CAFCE/Ubuntu2/CodeU/Dog1/official-mini-cheetah/checkpoints/official_mini_cheetah_flat_jump_v1_r3/official_mini_cheetah_flat_jump_v1_r3_final.zip --output /run/media/pma213x/0C6A8CC86A8CAFCE/Ubuntu2/CodeU/Dog1/official-mini-cheetah/logs/official_mini_cheetah_flat_jump_v1_r3/P1_gate_attempt_2.json
[2026-10-05T16:05:32+0800] P1 验收未通过，report.passed=false
[2026-10-05T16:05:32+0800] P1 连续 Gate 批次结果=[False, False, False]
[2026-10-05T16:05:32+0800] P1 启动：/usr/bin/python3 -m rl.train --phase P1 --total-steps 360000 --device cuda --ckptdir /run/media/pma213x/0C6A8CC86A8CAFCE/Ubuntu2/CodeU/Dog1/official-mini-cheetah/checkpoints/official_mini_cheetah_flat_jump_v1_r3 --ckpt-prefix official_mini_cheetah_flat_jump_v1_r3 --logdir /run/media/pma213x/0C6A8CC86A8CAFCE/Ubuntu2/CodeU/Dog1/official-mini-cheetah/runs/official_mini_cheetah_flat_jump_v1_r3/P1_parallel --bridge-port 11452 --num-envs 4 --checkpoint-interval 20000 --randomization-mode fixed --seed 20261003 --phase-step-offset 340000 --resume /run/media/pma213x/0C6A8CC86A8CAFCE/Ubuntu2/CodeU/Dog1/official-mini-cheetah/checkpoints/official_mini_cheetah_flat_jump_v1_r3/official_mini_cheetah_flat_jump_v1_r3_final.zip
[2026-10-05T16:05:38+0800] P1 四 worker 实时健康确认通过
[2026-10-05T16:09:19+0800] P1 验收命令：/usr/bin/python3 -m rl.evaluate --phase P1 --gate --checkpoint /run/media/pma213x/0C6A8CC86A8CAFCE/Ubuntu2/CodeU/Dog1/official-mini-cheetah/checkpoints/official_mini_cheetah_flat_jump_v1_r3/official_mini_cheetah_flat_jump_v1_r3_final.zip --output /run/media/pma213x/0C6A8CC86A8CAFCE/Ubuntu2/CodeU/Dog1/official-mini-cheetah/logs/official_mini_cheetah_flat_jump_v1_r3/P1_gate_attempt_0.json
[2026-10-05T16:09:27+0800] P1 验收未通过，report.passed=false
[2026-10-05T16:09:27+0800] P1 验收命令：/usr/bin/python3 -m rl.evaluate --phase P1 --gate --checkpoint /run/media/pma213x/0C6A8CC86A8CAFCE/Ubuntu2/CodeU/Dog1/official-mini-cheetah/checkpoints/official_mini_cheetah_flat_jump_v1_r3/official_mini_cheetah_flat_jump_v1_r3_final.zip --output /run/media/pma213x/0C6A8CC86A8CAFCE/Ubuntu2/CodeU/Dog1/official-mini-cheetah/logs/official_mini_cheetah_flat_jump_v1_r3/P1_gate_attempt_1.json
[2026-10-05T16:09:35+0800] P1 验收未通过，report.passed=false
[2026-10-05T16:09:35+0800] P1 验收命令：/usr/bin/python3 -m rl.evaluate --phase P1 --gate --checkpoint /run/media/pma213x/0C6A8CC86A8CAFCE/Ubuntu2/CodeU/Dog1/official-mini-cheetah/checkpoints/official_mini_cheetah_flat_jump_v1_r3/official_mini_cheetah_flat_jump_v1_r3_final.zip --output /run/media/pma213x/0C6A8CC86A8CAFCE/Ubuntu2/CodeU/Dog1/official-mini-cheetah/logs/official_mini_cheetah_flat_jump_v1_r3/P1_gate_attempt_2.json
[2026-10-05T16:09:42+0800] P1 验收未通过，report.passed=false
[2026-10-05T16:09:42+0800] P1 连续 Gate 批次结果=[False, False, False]
[2026-10-05T16:09:42+0800] P1 启动：/usr/bin/python3 -m rl.train --phase P1 --total-steps 370000 --device cuda --ckptdir /run/media/pma213x/0C6A8CC86A8CAFCE/Ubuntu2/CodeU/Dog1/official-mini-cheetah/checkpoints/official_mini_cheetah_flat_jump_v1_r3 --ckpt-prefix official_mini_cheetah_flat_jump_v1_r3 --logdir /run/media/pma213x/0C6A8CC86A8CAFCE/Ubuntu2/CodeU/Dog1/official-mini-cheetah/runs/official_mini_cheetah_flat_jump_v1_r3/P1_parallel --bridge-port 11452 --num-envs 4 --checkpoint-interval 20000 --randomization-mode fixed --seed 20261003 --phase-step-offset 350000 --resume /run/media/pma213x/0C6A8CC86A8CAFCE/Ubuntu2/CodeU/Dog1/official-mini-cheetah/checkpoints/official_mini_cheetah_flat_jump_v1_r3/official_mini_cheetah_flat_jump_v1_r3_final.zip
[2026-10-05T16:09:49+0800] P1 四 worker 实时健康确认通过
[2026-10-05T16:13:20+0800] P1 验收命令：/usr/bin/python3 -m rl.evaluate --phase P1 --gate --checkpoint /run/media/pma213x/0C6A8CC86A8CAFCE/Ubuntu2/CodeU/Dog1/official-mini-cheetah/checkpoints/official_mini_cheetah_flat_jump_v1_r3/official_mini_cheetah_flat_jump_v1_r3_final.zip --output /run/media/pma213x/0C6A8CC86A8CAFCE/Ubuntu2/CodeU/Dog1/official-mini-cheetah/logs/official_mini_cheetah_flat_jump_v1_r3/P1_gate_attempt_0.json
[2026-10-05T16:13:28+0800] P1 验收未通过，report.passed=false
[2026-10-05T16:13:28+0800] P1 验收命令：/usr/bin/python3 -m rl.evaluate --phase P1 --gate --checkpoint /run/media/pma213x/0C6A8CC86A8CAFCE/Ubuntu2/CodeU/Dog1/official-mini-cheetah/checkpoints/official_mini_cheetah_flat_jump_v1_r3/official_mini_cheetah_flat_jump_v1_r3_final.zip --output /run/media/pma213x/0C6A8CC86A8CAFCE/Ubuntu2/CodeU/Dog1/official-mini-cheetah/logs/official_mini_cheetah_flat_jump_v1_r3/P1_gate_attempt_1.json
[2026-10-05T16:13:37+0800] P1 验收未通过，report.passed=false
[2026-10-05T16:13:37+0800] P1 验收命令：/usr/bin/python3 -m rl.evaluate --phase P1 --gate --checkpoint /run/media/pma213x/0C6A8CC86A8CAFCE/Ubuntu2/CodeU/Dog1/official-mini-cheetah/checkpoints/official_mini_cheetah_flat_jump_v1_r3/official_mini_cheetah_flat_jump_v1_r3_final.zip --output /run/media/pma213x/0C6A8CC86A8CAFCE/Ubuntu2/CodeU/Dog1/official-mini-cheetah/logs/official_mini_cheetah_flat_jump_v1_r3/P1_gate_attempt_2.json
[2026-10-05T16:13:45+0800] P1 验收未通过，report.passed=false
[2026-10-05T16:13:45+0800] P1 连续 Gate 批次结果=[False, False, False]
[2026-10-05T16:13:45+0800] P1 启动：/usr/bin/python3 -m rl.train --phase P1 --total-steps 380000 --device cuda --ckptdir /run/media/pma213x/0C6A8CC86A8CAFCE/Ubuntu2/CodeU/Dog1/official-mini-cheetah/checkpoints/official_mini_cheetah_flat_jump_v1_r3 --ckpt-prefix official_mini_cheetah_flat_jump_v1_r3 --logdir /run/media/pma213x/0C6A8CC86A8CAFCE/Ubuntu2/CodeU/Dog1/official-mini-cheetah/runs/official_mini_cheetah_flat_jump_v1_r3/P1_parallel --bridge-port 11452 --num-envs 4 --checkpoint-interval 20000 --randomization-mode fixed --seed 20261003 --phase-step-offset 360000 --resume /run/media/pma213x/0C6A8CC86A8CAFCE/Ubuntu2/CodeU/Dog1/official-mini-cheetah/checkpoints/official_mini_cheetah_flat_jump_v1_r3/official_mini_cheetah_flat_jump_v1_r3_final.zip
[2026-10-05T16:13:51+0800] P1 四 worker 实时健康确认通过
[2026-10-05T16:17:36+0800] P1 验收命令：/usr/bin/python3 -m rl.evaluate --phase P1 --gate --checkpoint /run/media/pma213x/0C6A8CC86A8CAFCE/Ubuntu2/CodeU/Dog1/official-mini-cheetah/checkpoints/official_mini_cheetah_flat_jump_v1_r3/official_mini_cheetah_flat_jump_v1_r3_final.zip --output /run/media/pma213x/0C6A8CC86A8CAFCE/Ubuntu2/CodeU/Dog1/official-mini-cheetah/logs/official_mini_cheetah_flat_jump_v1_r3/P1_gate_attempt_0.json
[2026-10-05T16:17:44+0800] P1 验收未通过，report.passed=false
[2026-10-05T16:17:44+0800] P1 验收命令：/usr/bin/python3 -m rl.evaluate --phase P1 --gate --checkpoint /run/media/pma213x/0C6A8CC86A8CAFCE/Ubuntu2/CodeU/Dog1/official-mini-cheetah/checkpoints/official_mini_cheetah_flat_jump_v1_r3/official_mini_cheetah_flat_jump_v1_r3_final.zip --output /run/media/pma213x/0C6A8CC86A8CAFCE/Ubuntu2/CodeU/Dog1/official-mini-cheetah/logs/official_mini_cheetah_flat_jump_v1_r3/P1_gate_attempt_1.json
[2026-10-05T16:17:52+0800] P1 验收未通过，report.passed=false
[2026-10-05T16:17:52+0800] P1 验收命令：/usr/bin/python3 -m rl.evaluate --phase P1 --gate --checkpoint /run/media/pma213x/0C6A8CC86A8CAFCE/Ubuntu2/CodeU/Dog1/official-mini-cheetah/checkpoints/official_mini_cheetah_flat_jump_v1_r3/official_mini_cheetah_flat_jump_v1_r3_final.zip --output /run/media/pma213x/0C6A8CC86A8CAFCE/Ubuntu2/CodeU/Dog1/official-mini-cheetah/logs/official_mini_cheetah_flat_jump_v1_r3/P1_gate_attempt_2.json
[2026-10-05T16:17:59+0800] P1 验收未通过，report.passed=false
[2026-10-05T16:17:59+0800] P1 连续 Gate 批次结果=[False, False, False]
[2026-10-05T16:17:59+0800] P1 启动：/usr/bin/python3 -m rl.train --phase P1 --total-steps 390000 --device cuda --ckptdir /run/media/pma213x/0C6A8CC86A8CAFCE/Ubuntu2/CodeU/Dog1/official-mini-cheetah/checkpoints/official_mini_cheetah_flat_jump_v1_r3 --ckpt-prefix official_mini_cheetah_flat_jump_v1_r3 --logdir /run/media/pma213x/0C6A8CC86A8CAFCE/Ubuntu2/CodeU/Dog1/official-mini-cheetah/runs/official_mini_cheetah_flat_jump_v1_r3/P1_parallel --bridge-port 11452 --num-envs 4 --checkpoint-interval 20000 --randomization-mode fixed --seed 20261003 --phase-step-offset 370000 --resume /run/media/pma213x/0C6A8CC86A8CAFCE/Ubuntu2/CodeU/Dog1/official-mini-cheetah/checkpoints/official_mini_cheetah_flat_jump_v1_r3/official_mini_cheetah_flat_jump_v1_r3_final.zip
[2026-10-05T16:18:06+0800] P1 四 worker 实时健康确认通过
[2026-10-05T16:21:53+0800] P1 验收命令：/usr/bin/python3 -m rl.evaluate --phase P1 --gate --checkpoint /run/media/pma213x/0C6A8CC86A8CAFCE/Ubuntu2/CodeU/Dog1/official-mini-cheetah/checkpoints/official_mini_cheetah_flat_jump_v1_r3/official_mini_cheetah_flat_jump_v1_r3_final.zip --output /run/media/pma213x/0C6A8CC86A8CAFCE/Ubuntu2/CodeU/Dog1/official-mini-cheetah/logs/official_mini_cheetah_flat_jump_v1_r3/P1_gate_attempt_0.json
[2026-10-05T16:22:01+0800] P1 验收未通过，report.passed=false
[2026-10-05T16:22:01+0800] P1 验收命令：/usr/bin/python3 -m rl.evaluate --phase P1 --gate --checkpoint /run/media/pma213x/0C6A8CC86A8CAFCE/Ubuntu2/CodeU/Dog1/official-mini-cheetah/checkpoints/official_mini_cheetah_flat_jump_v1_r3/official_mini_cheetah_flat_jump_v1_r3_final.zip --output /run/media/pma213x/0C6A8CC86A8CAFCE/Ubuntu2/CodeU/Dog1/official-mini-cheetah/logs/official_mini_cheetah_flat_jump_v1_r3/P1_gate_attempt_1.json
[2026-10-05T16:22:08+0800] P1 验收未通过，report.passed=false
[2026-10-05T16:22:08+0800] P1 验收命令：/usr/bin/python3 -m rl.evaluate --phase P1 --gate --checkpoint /run/media/pma213x/0C6A8CC86A8CAFCE/Ubuntu2/CodeU/Dog1/official-mini-cheetah/checkpoints/official_mini_cheetah_flat_jump_v1_r3/official_mini_cheetah_flat_jump_v1_r3_final.zip --output /run/media/pma213x/0C6A8CC86A8CAFCE/Ubuntu2/CodeU/Dog1/official-mini-cheetah/logs/official_mini_cheetah_flat_jump_v1_r3/P1_gate_attempt_2.json
[2026-10-05T16:22:16+0800] P1 验收未通过，report.passed=false
[2026-10-05T16:22:16+0800] P1 连续 Gate 批次结果=[False, False, False]
[2026-10-05T16:22:16+0800] P1 启动：/usr/bin/python3 -m rl.train --phase P1 --total-steps 400000 --device cuda --ckptdir /run/media/pma213x/0C6A8CC86A8CAFCE/Ubuntu2/CodeU/Dog1/official-mini-cheetah/checkpoints/official_mini_cheetah_flat_jump_v1_r3 --ckpt-prefix official_mini_cheetah_flat_jump_v1_r3 --logdir /run/media/pma213x/0C6A8CC86A8CAFCE/Ubuntu2/CodeU/Dog1/official-mini-cheetah/runs/official_mini_cheetah_flat_jump_v1_r3/P1_parallel --bridge-port 11452 --num-envs 4 --checkpoint-interval 20000 --randomization-mode fixed --seed 20261003 --phase-step-offset 380000 --resume /run/media/pma213x/0C6A8CC86A8CAFCE/Ubuntu2/CodeU/Dog1/official-mini-cheetah/checkpoints/official_mini_cheetah_flat_jump_v1_r3/official_mini_cheetah_flat_jump_v1_r3_final.zip
[2026-10-05T16:22:22+0800] P1 四 worker 实时健康确认通过
[2026-10-05T16:26:07+0800] P1 验收命令：/usr/bin/python3 -m rl.evaluate --phase P1 --gate --checkpoint /run/media/pma213x/0C6A8CC86A8CAFCE/Ubuntu2/CodeU/Dog1/official-mini-cheetah/checkpoints/official_mini_cheetah_flat_jump_v1_r3/official_mini_cheetah_flat_jump_v1_r3_final.zip --output /run/media/pma213x/0C6A8CC86A8CAFCE/Ubuntu2/CodeU/Dog1/official-mini-cheetah/logs/official_mini_cheetah_flat_jump_v1_r3/P1_gate_attempt_0.json
[2026-10-05T16:26:15+0800] P1 验收未通过，report.passed=false
[2026-10-05T16:26:15+0800] P1 验收命令：/usr/bin/python3 -m rl.evaluate --phase P1 --gate --checkpoint /run/media/pma213x/0C6A8CC86A8CAFCE/Ubuntu2/CodeU/Dog1/official-mini-cheetah/checkpoints/official_mini_cheetah_flat_jump_v1_r3/official_mini_cheetah_flat_jump_v1_r3_final.zip --output /run/media/pma213x/0C6A8CC86A8CAFCE/Ubuntu2/CodeU/Dog1/official-mini-cheetah/logs/official_mini_cheetah_flat_jump_v1_r3/P1_gate_attempt_1.json
[2026-10-05T16:26:22+0800] P1 验收未通过，report.passed=false
[2026-10-05T16:26:22+0800] P1 验收命令：/usr/bin/python3 -m rl.evaluate --phase P1 --gate --checkpoint /run/media/pma213x/0C6A8CC86A8CAFCE/Ubuntu2/CodeU/Dog1/official-mini-cheetah/checkpoints/official_mini_cheetah_flat_jump_v1_r3/official_mini_cheetah_flat_jump_v1_r3_final.zip --output /run/media/pma213x/0C6A8CC86A8CAFCE/Ubuntu2/CodeU/Dog1/official-mini-cheetah/logs/official_mini_cheetah_flat_jump_v1_r3/P1_gate_attempt_2.json
[2026-10-05T16:26:30+0800] P1 验收未通过，report.passed=false
[2026-10-05T16:26:30+0800] P1 连续 Gate 批次结果=[False, False, False]
[2026-10-05T16:26:30+0800] 失败即停：P1 Gate 在预算 400000 处失败，按计划停止且不自动延长
[2026-10-05T16:45:25+0800] P1 连续 Gate 批次结果=[True, False, True]
[2026-10-05T16:48:04+0800] R3 新训练断点 steps=0 restart_p0_from_zero=True
[2026-10-05T16:48:04+0800] P0 启动：/usr/bin/python3 -m rl.train --phase P0 --total-steps 10000 --device cuda --ckptdir /run/media/pma213x/0C6A8CC86A8CAFCE/Ubuntu2/CodeU/Dog1/official-mini-cheetah/checkpoints/official_mini_cheetah_flat_jump_v1_r3 --ckpt-prefix official_mini_cheetah_flat_jump_v1_r3 --logdir /run/media/pma213x/0C6A8CC86A8CAFCE/Ubuntu2/CodeU/Dog1/official-mini-cheetah/runs/official_mini_cheetah_flat_jump_v1_r3/P0_parallel --bridge-port 11452 --num-envs 4 --checkpoint-interval 20000 --randomization-mode fixed --seed 20261003 --phase-step-offset 0
[2026-10-05T16:48:11+0800] P0 四 worker 实时健康确认通过
[2026-10-05T16:48:30+0800] P0 验收命令：/usr/bin/python3 -m rl.evaluate --phase P0 --gate --checkpoint /run/media/pma213x/0C6A8CC86A8CAFCE/Ubuntu2/CodeU/Dog1/official-mini-cheetah/checkpoints/official_mini_cheetah_flat_jump_v1_r3/official_mini_cheetah_flat_jump_v1_r3_final.zip --output /run/media/pma213x/0C6A8CC86A8CAFCE/Ubuntu2/CodeU/Dog1/official-mini-cheetah/logs/official_mini_cheetah_flat_jump_v1_r3/P0_gate_attempt_0.json
[2026-10-05T16:48:40+0800] P0 验收通过
[2026-10-05T16:48:40+0800] P0 验收命令：/usr/bin/python3 -m rl.evaluate --phase P0 --gate --checkpoint /run/media/pma213x/0C6A8CC86A8CAFCE/Ubuntu2/CodeU/Dog1/official-mini-cheetah/checkpoints/official_mini_cheetah_flat_jump_v1_r3/official_mini_cheetah_flat_jump_v1_r3_final.zip --output /run/media/pma213x/0C6A8CC86A8CAFCE/Ubuntu2/CodeU/Dog1/official-mini-cheetah/logs/official_mini_cheetah_flat_jump_v1_r3/P0_gate_attempt_1.json
[2026-10-05T16:48:49+0800] P0 验收通过
[2026-10-05T16:48:49+0800] P0 验收命令：/usr/bin/python3 -m rl.evaluate --phase P0 --gate --checkpoint /run/media/pma213x/0C6A8CC86A8CAFCE/Ubuntu2/CodeU/Dog1/official-mini-cheetah/checkpoints/official_mini_cheetah_flat_jump_v1_r3/official_mini_cheetah_flat_jump_v1_r3_final.zip --output /run/media/pma213x/0C6A8CC86A8CAFCE/Ubuntu2/CodeU/Dog1/official-mini-cheetah/logs/official_mini_cheetah_flat_jump_v1_r3/P0_gate_attempt_2.json
[2026-10-05T16:48:58+0800] P0 验收通过
[2026-10-05T16:48:58+0800] P0 gate 后健康确认通过
[2026-10-05T16:48:58+0800] P1 启动：/usr/bin/python3 -m rl.train --phase P1 --total-steps 20000 --device cuda --ckptdir /run/media/pma213x/0C6A8CC86A8CAFCE/Ubuntu2/CodeU/Dog1/official-mini-cheetah/checkpoints/official_mini_cheetah_flat_jump_v1_r3 --ckpt-prefix official_mini_cheetah_flat_jump_v1_r3 --logdir /run/media/pma213x/0C6A8CC86A8CAFCE/Ubuntu2/CodeU/Dog1/official-mini-cheetah/runs/official_mini_cheetah_flat_jump_v1_r3/P1_parallel --bridge-port 11452 --num-envs 4 --checkpoint-interval 20000 --randomization-mode fixed --seed 20261003 --phase-step-offset 0 --resume /run/media/pma213x/0C6A8CC86A8CAFCE/Ubuntu2/CodeU/Dog1/official-mini-cheetah/checkpoints/official_mini_cheetah_flat_jump_v1_r3/official_mini_cheetah_flat_jump_v1_r3_final.zip
[2026-10-05T16:49:05+0800] P1 四 worker 实时健康确认通过
[2026-10-05T16:49:28+0800] P1 启动：/usr/bin/python3 -m rl.train --phase P1 --total-steps 30000 --device cuda --ckptdir /run/media/pma213x/0C6A8CC86A8CAFCE/Ubuntu2/CodeU/Dog1/official-mini-cheetah/checkpoints/official_mini_cheetah_flat_jump_v1_r3 --ckpt-prefix official_mini_cheetah_flat_jump_v1_r3 --logdir /run/media/pma213x/0C6A8CC86A8CAFCE/Ubuntu2/CodeU/Dog1/official-mini-cheetah/runs/official_mini_cheetah_flat_jump_v1_r3/P1_parallel --bridge-port 11452 --num-envs 4 --checkpoint-interval 20000 --randomization-mode fixed --seed 20261003 --phase-step-offset 10000 --resume /run/media/pma213x/0C6A8CC86A8CAFCE/Ubuntu2/CodeU/Dog1/official-mini-cheetah/checkpoints/official_mini_cheetah_flat_jump_v1_r3/official_mini_cheetah_flat_jump_v1_r3_final.zip
[2026-10-05T16:49:34+0800] P1 四 worker 实时健康确认通过
[2026-10-05T16:49:56+0800] P1 启动：/usr/bin/python3 -m rl.train --phase P1 --total-steps 40000 --device cuda --ckptdir /run/media/pma213x/0C6A8CC86A8CAFCE/Ubuntu2/CodeU/Dog1/official-mini-cheetah/checkpoints/official_mini_cheetah_flat_jump_v1_r3 --ckpt-prefix official_mini_cheetah_flat_jump_v1_r3 --logdir /run/media/pma213x/0C6A8CC86A8CAFCE/Ubuntu2/CodeU/Dog1/official-mini-cheetah/runs/official_mini_cheetah_flat_jump_v1_r3/P1_parallel --bridge-port 11452 --num-envs 4 --checkpoint-interval 20000 --randomization-mode fixed --seed 20261003 --phase-step-offset 20000 --resume /run/media/pma213x/0C6A8CC86A8CAFCE/Ubuntu2/CodeU/Dog1/official-mini-cheetah/checkpoints/official_mini_cheetah_flat_jump_v1_r3/official_mini_cheetah_flat_jump_v1_r3_final.zip
[2026-10-05T16:50:03+0800] P1 四 worker 实时健康确认通过
[2026-10-05T16:50:28+0800] P1 启动：/usr/bin/python3 -m rl.train --phase P1 --total-steps 50000 --device cuda --ckptdir /run/media/pma213x/0C6A8CC86A8CAFCE/Ubuntu2/CodeU/Dog1/official-mini-cheetah/checkpoints/official_mini_cheetah_flat_jump_v1_r3 --ckpt-prefix official_mini_cheetah_flat_jump_v1_r3 --logdir /run/media/pma213x/0C6A8CC86A8CAFCE/Ubuntu2/CodeU/Dog1/official-mini-cheetah/runs/official_mini_cheetah_flat_jump_v1_r3/P1_parallel --bridge-port 11452 --num-envs 4 --checkpoint-interval 20000 --randomization-mode fixed --seed 20261003 --phase-step-offset 30000 --resume /run/media/pma213x/0C6A8CC86A8CAFCE/Ubuntu2/CodeU/Dog1/official-mini-cheetah/checkpoints/official_mini_cheetah_flat_jump_v1_r3/official_mini_cheetah_flat_jump_v1_r3_final.zip
[2026-10-05T16:50:34+0800] P1 四 worker 实时健康确认通过
[2026-10-05T16:50:59+0800] P1 启动：/usr/bin/python3 -m rl.train --phase P1 --total-steps 60000 --device cuda --ckptdir /run/media/pma213x/0C6A8CC86A8CAFCE/Ubuntu2/CodeU/Dog1/official-mini-cheetah/checkpoints/official_mini_cheetah_flat_jump_v1_r3 --ckpt-prefix official_mini_cheetah_flat_jump_v1_r3 --logdir /run/media/pma213x/0C6A8CC86A8CAFCE/Ubuntu2/CodeU/Dog1/official-mini-cheetah/runs/official_mini_cheetah_flat_jump_v1_r3/P1_parallel --bridge-port 11452 --num-envs 4 --checkpoint-interval 20000 --randomization-mode fixed --seed 20261003 --phase-step-offset 40000 --resume /run/media/pma213x/0C6A8CC86A8CAFCE/Ubuntu2/CodeU/Dog1/official-mini-cheetah/checkpoints/official_mini_cheetah_flat_jump_v1_r3/official_mini_cheetah_flat_jump_v1_r3_final.zip
[2026-10-05T16:51:06+0800] P1 四 worker 实时健康确认通过
[2026-10-05T16:51:30+0800] P1 启动：/usr/bin/python3 -m rl.train --phase P1 --total-steps 70000 --device cuda --ckptdir /run/media/pma213x/0C6A8CC86A8CAFCE/Ubuntu2/CodeU/Dog1/official-mini-cheetah/checkpoints/official_mini_cheetah_flat_jump_v1_r3 --ckpt-prefix official_mini_cheetah_flat_jump_v1_r3 --logdir /run/media/pma213x/0C6A8CC86A8CAFCE/Ubuntu2/CodeU/Dog1/official-mini-cheetah/runs/official_mini_cheetah_flat_jump_v1_r3/P1_parallel --bridge-port 11452 --num-envs 4 --checkpoint-interval 20000 --randomization-mode fixed --seed 20261003 --phase-step-offset 50000 --resume /run/media/pma213x/0C6A8CC86A8CAFCE/Ubuntu2/CodeU/Dog1/official-mini-cheetah/checkpoints/official_mini_cheetah_flat_jump_v1_r3/official_mini_cheetah_flat_jump_v1_r3_final.zip
[2026-10-05T16:51:37+0800] P1 四 worker 实时健康确认通过
[2026-10-05T16:52:01+0800] P1 启动：/usr/bin/python3 -m rl.train --phase P1 --total-steps 80000 --device cuda --ckptdir /run/media/pma213x/0C6A8CC86A8CAFCE/Ubuntu2/CodeU/Dog1/official-mini-cheetah/checkpoints/official_mini_cheetah_flat_jump_v1_r3 --ckpt-prefix official_mini_cheetah_flat_jump_v1_r3 --logdir /run/media/pma213x/0C6A8CC86A8CAFCE/Ubuntu2/CodeU/Dog1/official-mini-cheetah/runs/official_mini_cheetah_flat_jump_v1_r3/P1_parallel --bridge-port 11452 --num-envs 4 --checkpoint-interval 20000 --randomization-mode fixed --seed 20261003 --phase-step-offset 60000 --resume /run/media/pma213x/0C6A8CC86A8CAFCE/Ubuntu2/CodeU/Dog1/official-mini-cheetah/checkpoints/official_mini_cheetah_flat_jump_v1_r3/official_mini_cheetah_flat_jump_v1_r3_final.zip
[2026-10-05T16:52:08+0800] P1 四 worker 实时健康确认通过
[2026-10-05T16:52:32+0800] P1 启动：/usr/bin/python3 -m rl.train --phase P1 --total-steps 90000 --device cuda --ckptdir /run/media/pma213x/0C6A8CC86A8CAFCE/Ubuntu2/CodeU/Dog1/official-mini-cheetah/checkpoints/official_mini_cheetah_flat_jump_v1_r3 --ckpt-prefix official_mini_cheetah_flat_jump_v1_r3 --logdir /run/media/pma213x/0C6A8CC86A8CAFCE/Ubuntu2/CodeU/Dog1/official-mini-cheetah/runs/official_mini_cheetah_flat_jump_v1_r3/P1_parallel --bridge-port 11452 --num-envs 4 --checkpoint-interval 20000 --randomization-mode fixed --seed 20261003 --phase-step-offset 70000 --resume /run/media/pma213x/0C6A8CC86A8CAFCE/Ubuntu2/CodeU/Dog1/official-mini-cheetah/checkpoints/official_mini_cheetah_flat_jump_v1_r3/official_mini_cheetah_flat_jump_v1_r3_final.zip
[2026-10-05T16:52:38+0800] P1 四 worker 实时健康确认通过
[2026-10-05T16:53:01+0800] P1 启动：/usr/bin/python3 -m rl.train --phase P1 --total-steps 100000 --device cuda --ckptdir /run/media/pma213x/0C6A8CC86A8CAFCE/Ubuntu2/CodeU/Dog1/official-mini-cheetah/checkpoints/official_mini_cheetah_flat_jump_v1_r3 --ckpt-prefix official_mini_cheetah_flat_jump_v1_r3 --logdir /run/media/pma213x/0C6A8CC86A8CAFCE/Ubuntu2/CodeU/Dog1/official-mini-cheetah/runs/official_mini_cheetah_flat_jump_v1_r3/P1_parallel --bridge-port 11452 --num-envs 4 --checkpoint-interval 20000 --randomization-mode fixed --seed 20261003 --phase-step-offset 80000 --resume /run/media/pma213x/0C6A8CC86A8CAFCE/Ubuntu2/CodeU/Dog1/official-mini-cheetah/checkpoints/official_mini_cheetah_flat_jump_v1_r3/official_mini_cheetah_flat_jump_v1_r3_final.zip
[2026-10-05T16:53:07+0800] P1 四 worker 实时健康确认通过
[2026-10-05T16:53:30+0800] P1 启动：/usr/bin/python3 -m rl.train --phase P1 --total-steps 110000 --device cuda --ckptdir /run/media/pma213x/0C6A8CC86A8CAFCE/Ubuntu2/CodeU/Dog1/official-mini-cheetah/checkpoints/official_mini_cheetah_flat_jump_v1_r3 --ckpt-prefix official_mini_cheetah_flat_jump_v1_r3 --logdir /run/media/pma213x/0C6A8CC86A8CAFCE/Ubuntu2/CodeU/Dog1/official-mini-cheetah/runs/official_mini_cheetah_flat_jump_v1_r3/P1_parallel --bridge-port 11452 --num-envs 4 --checkpoint-interval 20000 --randomization-mode fixed --seed 20261003 --phase-step-offset 90000 --resume /run/media/pma213x/0C6A8CC86A8CAFCE/Ubuntu2/CodeU/Dog1/official-mini-cheetah/checkpoints/official_mini_cheetah_flat_jump_v1_r3/official_mini_cheetah_flat_jump_v1_r3_final.zip
[2026-10-05T16:53:37+0800] P1 四 worker 实时健康确认通过
[2026-10-05T16:54:00+0800] P1 启动：/usr/bin/python3 -m rl.train --phase P1 --total-steps 120000 --device cuda --ckptdir /run/media/pma213x/0C6A8CC86A8CAFCE/Ubuntu2/CodeU/Dog1/official-mini-cheetah/checkpoints/official_mini_cheetah_flat_jump_v1_r3 --ckpt-prefix official_mini_cheetah_flat_jump_v1_r3 --logdir /run/media/pma213x/0C6A8CC86A8CAFCE/Ubuntu2/CodeU/Dog1/official-mini-cheetah/runs/official_mini_cheetah_flat_jump_v1_r3/P1_parallel --bridge-port 11452 --num-envs 4 --checkpoint-interval 20000 --randomization-mode fixed --seed 20261003 --phase-step-offset 100000 --resume /run/media/pma213x/0C6A8CC86A8CAFCE/Ubuntu2/CodeU/Dog1/official-mini-cheetah/checkpoints/official_mini_cheetah_flat_jump_v1_r3/official_mini_cheetah_flat_jump_v1_r3_final.zip
[2026-10-05T16:54:06+0800] P1 四 worker 实时健康确认通过
[2026-10-05T16:54:29+0800] P1 启动：/usr/bin/python3 -m rl.train --phase P1 --total-steps 130000 --device cuda --ckptdir /run/media/pma213x/0C6A8CC86A8CAFCE/Ubuntu2/CodeU/Dog1/official-mini-cheetah/checkpoints/official_mini_cheetah_flat_jump_v1_r3 --ckpt-prefix official_mini_cheetah_flat_jump_v1_r3 --logdir /run/media/pma213x/0C6A8CC86A8CAFCE/Ubuntu2/CodeU/Dog1/official-mini-cheetah/runs/official_mini_cheetah_flat_jump_v1_r3/P1_parallel --bridge-port 11452 --num-envs 4 --checkpoint-interval 20000 --randomization-mode fixed --seed 20261003 --phase-step-offset 110000 --resume /run/media/pma213x/0C6A8CC86A8CAFCE/Ubuntu2/CodeU/Dog1/official-mini-cheetah/checkpoints/official_mini_cheetah_flat_jump_v1_r3/official_mini_cheetah_flat_jump_v1_r3_final.zip
[2026-10-05T16:54:35+0800] P1 四 worker 实时健康确认通过
[2026-10-05T16:54:53+0800] P1 启动：/usr/bin/python3 -m rl.train --phase P1 --total-steps 140000 --device cuda --ckptdir /run/media/pma213x/0C6A8CC86A8CAFCE/Ubuntu2/CodeU/Dog1/official-mini-cheetah/checkpoints/official_mini_cheetah_flat_jump_v1_r3 --ckpt-prefix official_mini_cheetah_flat_jump_v1_r3 --logdir /run/media/pma213x/0C6A8CC86A8CAFCE/Ubuntu2/CodeU/Dog1/official-mini-cheetah/runs/official_mini_cheetah_flat_jump_v1_r3/P1_parallel --bridge-port 11452 --num-envs 4 --checkpoint-interval 20000 --randomization-mode fixed --seed 20261003 --phase-step-offset 120000 --resume /run/media/pma213x/0C6A8CC86A8CAFCE/Ubuntu2/CodeU/Dog1/official-mini-cheetah/checkpoints/official_mini_cheetah_flat_jump_v1_r3/official_mini_cheetah_flat_jump_v1_r3_final.zip
[2026-10-05T16:54:59+0800] P1 四 worker 实时健康确认通过
[2026-10-05T16:55:18+0800] P1 启动：/usr/bin/python3 -m rl.train --phase P1 --total-steps 150000 --device cuda --ckptdir /run/media/pma213x/0C6A8CC86A8CAFCE/Ubuntu2/CodeU/Dog1/official-mini-cheetah/checkpoints/official_mini_cheetah_flat_jump_v1_r3 --ckpt-prefix official_mini_cheetah_flat_jump_v1_r3 --logdir /run/media/pma213x/0C6A8CC86A8CAFCE/Ubuntu2/CodeU/Dog1/official-mini-cheetah/runs/official_mini_cheetah_flat_jump_v1_r3/P1_parallel --bridge-port 11452 --num-envs 4 --checkpoint-interval 20000 --randomization-mode fixed --seed 20261003 --phase-step-offset 130000 --resume /run/media/pma213x/0C6A8CC86A8CAFCE/Ubuntu2/CodeU/Dog1/official-mini-cheetah/checkpoints/official_mini_cheetah_flat_jump_v1_r3/official_mini_cheetah_flat_jump_v1_r3_final.zip
[2026-10-05T16:55:24+0800] P1 四 worker 实时健康确认通过
[2026-10-05T16:55:41+0800] P1 启动：/usr/bin/python3 -m rl.train --phase P1 --total-steps 160000 --device cuda --ckptdir /run/media/pma213x/0C6A8CC86A8CAFCE/Ubuntu2/CodeU/Dog1/official-mini-cheetah/checkpoints/official_mini_cheetah_flat_jump_v1_r3 --ckpt-prefix official_mini_cheetah_flat_jump_v1_r3 --logdir /run/media/pma213x/0C6A8CC86A8CAFCE/Ubuntu2/CodeU/Dog1/official-mini-cheetah/runs/official_mini_cheetah_flat_jump_v1_r3/P1_parallel --bridge-port 11452 --num-envs 4 --checkpoint-interval 20000 --randomization-mode fixed --seed 20261003 --phase-step-offset 140000 --resume /run/media/pma213x/0C6A8CC86A8CAFCE/Ubuntu2/CodeU/Dog1/official-mini-cheetah/checkpoints/official_mini_cheetah_flat_jump_v1_r3/official_mini_cheetah_flat_jump_v1_r3_final.zip
[2026-10-05T16:55:48+0800] P1 四 worker 实时健康确认通过
[2026-10-05T16:56:05+0800] P1 启动：/usr/bin/python3 -m rl.train --phase P1 --total-steps 170000 --device cuda --ckptdir /run/media/pma213x/0C6A8CC86A8CAFCE/Ubuntu2/CodeU/Dog1/official-mini-cheetah/checkpoints/official_mini_cheetah_flat_jump_v1_r3 --ckpt-prefix official_mini_cheetah_flat_jump_v1_r3 --logdir /run/media/pma213x/0C6A8CC86A8CAFCE/Ubuntu2/CodeU/Dog1/official-mini-cheetah/runs/official_mini_cheetah_flat_jump_v1_r3/P1_parallel --bridge-port 11452 --num-envs 4 --checkpoint-interval 20000 --randomization-mode fixed --seed 20261003 --phase-step-offset 150000 --resume /run/media/pma213x/0C6A8CC86A8CAFCE/Ubuntu2/CodeU/Dog1/official-mini-cheetah/checkpoints/official_mini_cheetah_flat_jump_v1_r3/official_mini_cheetah_flat_jump_v1_r3_final.zip
[2026-10-05T16:56:11+0800] P1 四 worker 实时健康确认通过
[2026-10-05T16:56:28+0800] P1 启动：/usr/bin/python3 -m rl.train --phase P1 --total-steps 180000 --device cuda --ckptdir /run/media/pma213x/0C6A8CC86A8CAFCE/Ubuntu2/CodeU/Dog1/official-mini-cheetah/checkpoints/official_mini_cheetah_flat_jump_v1_r3 --ckpt-prefix official_mini_cheetah_flat_jump_v1_r3 --logdir /run/media/pma213x/0C6A8CC86A8CAFCE/Ubuntu2/CodeU/Dog1/official-mini-cheetah/runs/official_mini_cheetah_flat_jump_v1_r3/P1_parallel --bridge-port 11452 --num-envs 4 --checkpoint-interval 20000 --randomization-mode fixed --seed 20261003 --phase-step-offset 160000 --resume /run/media/pma213x/0C6A8CC86A8CAFCE/Ubuntu2/CodeU/Dog1/official-mini-cheetah/checkpoints/official_mini_cheetah_flat_jump_v1_r3/official_mini_cheetah_flat_jump_v1_r3_final.zip
[2026-10-05T16:56:34+0800] P1 四 worker 实时健康确认通过
[2026-10-05T16:56:51+0800] P1 启动：/usr/bin/python3 -m rl.train --phase P1 --total-steps 190000 --device cuda --ckptdir /run/media/pma213x/0C6A8CC86A8CAFCE/Ubuntu2/CodeU/Dog1/official-mini-cheetah/checkpoints/official_mini_cheetah_flat_jump_v1_r3 --ckpt-prefix official_mini_cheetah_flat_jump_v1_r3 --logdir /run/media/pma213x/0C6A8CC86A8CAFCE/Ubuntu2/CodeU/Dog1/official-mini-cheetah/runs/official_mini_cheetah_flat_jump_v1_r3/P1_parallel --bridge-port 11452 --num-envs 4 --checkpoint-interval 20000 --randomization-mode fixed --seed 20261003 --phase-step-offset 170000 --resume /run/media/pma213x/0C6A8CC86A8CAFCE/Ubuntu2/CodeU/Dog1/official-mini-cheetah/checkpoints/official_mini_cheetah_flat_jump_v1_r3/official_mini_cheetah_flat_jump_v1_r3_final.zip
[2026-10-05T16:56:58+0800] P1 四 worker 实时健康确认通过
[2026-10-05T16:57:17+0800] P1 启动：/usr/bin/python3 -m rl.train --phase P1 --total-steps 200000 --device cuda --ckptdir /run/media/pma213x/0C6A8CC86A8CAFCE/Ubuntu2/CodeU/Dog1/official-mini-cheetah/checkpoints/official_mini_cheetah_flat_jump_v1_r3 --ckpt-prefix official_mini_cheetah_flat_jump_v1_r3 --logdir /run/media/pma213x/0C6A8CC86A8CAFCE/Ubuntu2/CodeU/Dog1/official-mini-cheetah/runs/official_mini_cheetah_flat_jump_v1_r3/P1_parallel --bridge-port 11452 --num-envs 4 --checkpoint-interval 20000 --randomization-mode fixed --seed 20261003 --phase-step-offset 180000 --resume /run/media/pma213x/0C6A8CC86A8CAFCE/Ubuntu2/CodeU/Dog1/official-mini-cheetah/checkpoints/official_mini_cheetah_flat_jump_v1_r3/official_mini_cheetah_flat_jump_v1_r3_final.zip
[2026-10-05T16:57:24+0800] P1 四 worker 实时健康确认通过
[2026-10-05T16:57:44+0800] P1 启动：/usr/bin/python3 -m rl.train --phase P1 --total-steps 210000 --device cuda --ckptdir /run/media/pma213x/0C6A8CC86A8CAFCE/Ubuntu2/CodeU/Dog1/official-mini-cheetah/checkpoints/official_mini_cheetah_flat_jump_v1_r3 --ckpt-prefix official_mini_cheetah_flat_jump_v1_r3 --logdir /run/media/pma213x/0C6A8CC86A8CAFCE/Ubuntu2/CodeU/Dog1/official-mini-cheetah/runs/official_mini_cheetah_flat_jump_v1_r3/P1_parallel --bridge-port 11452 --num-envs 4 --checkpoint-interval 20000 --randomization-mode fixed --seed 20261003 --phase-step-offset 190000 --resume /run/media/pma213x/0C6A8CC86A8CAFCE/Ubuntu2/CodeU/Dog1/official-mini-cheetah/checkpoints/official_mini_cheetah_flat_jump_v1_r3/official_mini_cheetah_flat_jump_v1_r3_final.zip
[2026-10-05T16:57:51+0800] P1 四 worker 实时健康确认通过
[2026-10-05T16:58:13+0800] P1 启动：/usr/bin/python3 -m rl.train --phase P1 --total-steps 220000 --device cuda --ckptdir /run/media/pma213x/0C6A8CC86A8CAFCE/Ubuntu2/CodeU/Dog1/official-mini-cheetah/checkpoints/official_mini_cheetah_flat_jump_v1_r3 --ckpt-prefix official_mini_cheetah_flat_jump_v1_r3 --logdir /run/media/pma213x/0C6A8CC86A8CAFCE/Ubuntu2/CodeU/Dog1/official-mini-cheetah/runs/official_mini_cheetah_flat_jump_v1_r3/P1_parallel --bridge-port 11452 --num-envs 4 --checkpoint-interval 20000 --randomization-mode fixed --seed 20261003 --phase-step-offset 200000 --resume /run/media/pma213x/0C6A8CC86A8CAFCE/Ubuntu2/CodeU/Dog1/official-mini-cheetah/checkpoints/official_mini_cheetah_flat_jump_v1_r3/official_mini_cheetah_flat_jump_v1_r3_final.zip
[2026-10-05T16:58:19+0800] P1 四 worker 实时健康确认通过
[2026-10-05T16:58:41+0800] P1 启动：/usr/bin/python3 -m rl.train --phase P1 --total-steps 230000 --device cuda --ckptdir /run/media/pma213x/0C6A8CC86A8CAFCE/Ubuntu2/CodeU/Dog1/official-mini-cheetah/checkpoints/official_mini_cheetah_flat_jump_v1_r3 --ckpt-prefix official_mini_cheetah_flat_jump_v1_r3 --logdir /run/media/pma213x/0C6A8CC86A8CAFCE/Ubuntu2/CodeU/Dog1/official-mini-cheetah/runs/official_mini_cheetah_flat_jump_v1_r3/P1_parallel --bridge-port 11452 --num-envs 4 --checkpoint-interval 20000 --randomization-mode fixed --seed 20261003 --phase-step-offset 210000 --resume /run/media/pma213x/0C6A8CC86A8CAFCE/Ubuntu2/CodeU/Dog1/official-mini-cheetah/checkpoints/official_mini_cheetah_flat_jump_v1_r3/official_mini_cheetah_flat_jump_v1_r3_final.zip
[2026-10-05T16:58:47+0800] P1 四 worker 实时健康确认通过
[2026-10-05T16:59:08+0800] P1 启动：/usr/bin/python3 -m rl.train --phase P1 --total-steps 240000 --device cuda --ckptdir /run/media/pma213x/0C6A8CC86A8CAFCE/Ubuntu2/CodeU/Dog1/official-mini-cheetah/checkpoints/official_mini_cheetah_flat_jump_v1_r3 --ckpt-prefix official_mini_cheetah_flat_jump_v1_r3 --logdir /run/media/pma213x/0C6A8CC86A8CAFCE/Ubuntu2/CodeU/Dog1/official-mini-cheetah/runs/official_mini_cheetah_flat_jump_v1_r3/P1_parallel --bridge-port 11452 --num-envs 4 --checkpoint-interval 20000 --randomization-mode fixed --seed 20261003 --phase-step-offset 220000 --resume /run/media/pma213x/0C6A8CC86A8CAFCE/Ubuntu2/CodeU/Dog1/official-mini-cheetah/checkpoints/official_mini_cheetah_flat_jump_v1_r3/official_mini_cheetah_flat_jump_v1_r3_final.zip
[2026-10-05T16:59:15+0800] P1 四 worker 实时健康确认通过
[2026-10-05T16:59:35+0800] P1 启动：/usr/bin/python3 -m rl.train --phase P1 --total-steps 250000 --device cuda --ckptdir /run/media/pma213x/0C6A8CC86A8CAFCE/Ubuntu2/CodeU/Dog1/official-mini-cheetah/checkpoints/official_mini_cheetah_flat_jump_v1_r3 --ckpt-prefix official_mini_cheetah_flat_jump_v1_r3 --logdir /run/media/pma213x/0C6A8CC86A8CAFCE/Ubuntu2/CodeU/Dog1/official-mini-cheetah/runs/official_mini_cheetah_flat_jump_v1_r3/P1_parallel --bridge-port 11452 --num-envs 4 --checkpoint-interval 20000 --randomization-mode fixed --seed 20261003 --phase-step-offset 230000 --resume /run/media/pma213x/0C6A8CC86A8CAFCE/Ubuntu2/CodeU/Dog1/official-mini-cheetah/checkpoints/official_mini_cheetah_flat_jump_v1_r3/official_mini_cheetah_flat_jump_v1_r3_final.zip
[2026-10-05T16:59:42+0800] P1 四 worker 实时健康确认通过
[2026-10-05T17:00:04+0800] P1 启动：/usr/bin/python3 -m rl.train --phase P1 --total-steps 260000 --device cuda --ckptdir /run/media/pma213x/0C6A8CC86A8CAFCE/Ubuntu2/CodeU/Dog1/official-mini-cheetah/checkpoints/official_mini_cheetah_flat_jump_v1_r3 --ckpt-prefix official_mini_cheetah_flat_jump_v1_r3 --logdir /run/media/pma213x/0C6A8CC86A8CAFCE/Ubuntu2/CodeU/Dog1/official-mini-cheetah/runs/official_mini_cheetah_flat_jump_v1_r3/P1_parallel --bridge-port 11452 --num-envs 4 --checkpoint-interval 20000 --randomization-mode fixed --seed 20261003 --phase-step-offset 240000 --resume /run/media/pma213x/0C6A8CC86A8CAFCE/Ubuntu2/CodeU/Dog1/official-mini-cheetah/checkpoints/official_mini_cheetah_flat_jump_v1_r3/official_mini_cheetah_flat_jump_v1_r3_final.zip
[2026-10-05T17:00:10+0800] P1 四 worker 实时健康确认通过
[2026-10-05T17:00:35+0800] P1 启动：/usr/bin/python3 -m rl.train --phase P1 --total-steps 270000 --device cuda --ckptdir /run/media/pma213x/0C6A8CC86A8CAFCE/Ubuntu2/CodeU/Dog1/official-mini-cheetah/checkpoints/official_mini_cheetah_flat_jump_v1_r3 --ckpt-prefix official_mini_cheetah_flat_jump_v1_r3 --logdir /run/media/pma213x/0C6A8CC86A8CAFCE/Ubuntu2/CodeU/Dog1/official-mini-cheetah/runs/official_mini_cheetah_flat_jump_v1_r3/P1_parallel --bridge-port 11452 --num-envs 4 --checkpoint-interval 20000 --randomization-mode fixed --seed 20261003 --phase-step-offset 250000 --resume /run/media/pma213x/0C6A8CC86A8CAFCE/Ubuntu2/CodeU/Dog1/official-mini-cheetah/checkpoints/official_mini_cheetah_flat_jump_v1_r3/official_mini_cheetah_flat_jump_v1_r3_final.zip
[2026-10-05T17:00:41+0800] P1 四 worker 实时健康确认通过
[2026-10-05T17:01:05+0800] P1 启动：/usr/bin/python3 -m rl.train --phase P1 --total-steps 280000 --device cuda --ckptdir /run/media/pma213x/0C6A8CC86A8CAFCE/Ubuntu2/CodeU/Dog1/official-mini-cheetah/checkpoints/official_mini_cheetah_flat_jump_v1_r3 --ckpt-prefix official_mini_cheetah_flat_jump_v1_r3 --logdir /run/media/pma213x/0C6A8CC86A8CAFCE/Ubuntu2/CodeU/Dog1/official-mini-cheetah/runs/official_mini_cheetah_flat_jump_v1_r3/P1_parallel --bridge-port 11452 --num-envs 4 --checkpoint-interval 20000 --randomization-mode fixed --seed 20261003 --phase-step-offset 260000 --resume /run/media/pma213x/0C6A8CC86A8CAFCE/Ubuntu2/CodeU/Dog1/official-mini-cheetah/checkpoints/official_mini_cheetah_flat_jump_v1_r3/official_mini_cheetah_flat_jump_v1_r3_final.zip
[2026-10-05T17:01:12+0800] P1 四 worker 实时健康确认通过
[2026-10-05T17:01:36+0800] P1 启动：/usr/bin/python3 -m rl.train --phase P1 --total-steps 290000 --device cuda --ckptdir /run/media/pma213x/0C6A8CC86A8CAFCE/Ubuntu2/CodeU/Dog1/official-mini-cheetah/checkpoints/official_mini_cheetah_flat_jump_v1_r3 --ckpt-prefix official_mini_cheetah_flat_jump_v1_r3 --logdir /run/media/pma213x/0C6A8CC86A8CAFCE/Ubuntu2/CodeU/Dog1/official-mini-cheetah/runs/official_mini_cheetah_flat_jump_v1_r3/P1_parallel --bridge-port 11452 --num-envs 4 --checkpoint-interval 20000 --randomization-mode fixed --seed 20261003 --phase-step-offset 270000 --resume /run/media/pma213x/0C6A8CC86A8CAFCE/Ubuntu2/CodeU/Dog1/official-mini-cheetah/checkpoints/official_mini_cheetah_flat_jump_v1_r3/official_mini_cheetah_flat_jump_v1_r3_final.zip
[2026-10-05T17:01:43+0800] P1 四 worker 实时健康确认通过
[2026-10-05T17:02:07+0800] P1 启动：/usr/bin/python3 -m rl.train --phase P1 --total-steps 300000 --device cuda --ckptdir /run/media/pma213x/0C6A8CC86A8CAFCE/Ubuntu2/CodeU/Dog1/official-mini-cheetah/checkpoints/official_mini_cheetah_flat_jump_v1_r3 --ckpt-prefix official_mini_cheetah_flat_jump_v1_r3 --logdir /run/media/pma213x/0C6A8CC86A8CAFCE/Ubuntu2/CodeU/Dog1/official-mini-cheetah/runs/official_mini_cheetah_flat_jump_v1_r3/P1_parallel --bridge-port 11452 --num-envs 4 --checkpoint-interval 20000 --randomization-mode fixed --seed 20261003 --phase-step-offset 280000 --resume /run/media/pma213x/0C6A8CC86A8CAFCE/Ubuntu2/CodeU/Dog1/official-mini-cheetah/checkpoints/official_mini_cheetah_flat_jump_v1_r3/official_mini_cheetah_flat_jump_v1_r3_final.zip
[2026-10-05T17:02:13+0800] P1 四 worker 实时健康确认通过
[2026-10-05T17:02:36+0800] P1 启动：/usr/bin/python3 -m rl.train --phase P1 --total-steps 310000 --device cuda --ckptdir /run/media/pma213x/0C6A8CC86A8CAFCE/Ubuntu2/CodeU/Dog1/official-mini-cheetah/checkpoints/official_mini_cheetah_flat_jump_v1_r3 --ckpt-prefix official_mini_cheetah_flat_jump_v1_r3 --logdir /run/media/pma213x/0C6A8CC86A8CAFCE/Ubuntu2/CodeU/Dog1/official-mini-cheetah/runs/official_mini_cheetah_flat_jump_v1_r3/P1_parallel --bridge-port 11452 --num-envs 4 --checkpoint-interval 20000 --randomization-mode fixed --seed 20261003 --phase-step-offset 290000 --resume /run/media/pma213x/0C6A8CC86A8CAFCE/Ubuntu2/CodeU/Dog1/official-mini-cheetah/checkpoints/official_mini_cheetah_flat_jump_v1_r3/official_mini_cheetah_flat_jump_v1_r3_final.zip
[2026-10-05T17:02:42+0800] P1 四 worker 实时健康确认通过
[2026-10-05T17:03:02+0800] P1 验收命令：/usr/bin/python3 -m rl.evaluate --phase P1 --gate --checkpoint /run/media/pma213x/0C6A8CC86A8CAFCE/Ubuntu2/CodeU/Dog1/official-mini-cheetah/checkpoints/official_mini_cheetah_flat_jump_v1_r3/official_mini_cheetah_flat_jump_v1_r3_final.zip --output /run/media/pma213x/0C6A8CC86A8CAFCE/Ubuntu2/CodeU/Dog1/official-mini-cheetah/logs/official_mini_cheetah_flat_jump_v1_r3/P1_gate_attempt_0.json
[2026-10-05T17:03:27+0800] P1 验收未通过，report.passed=false
[2026-10-05T17:03:27+0800] P1 验收命令：/usr/bin/python3 -m rl.evaluate --phase P1 --gate --checkpoint /run/media/pma213x/0C6A8CC86A8CAFCE/Ubuntu2/CodeU/Dog1/official-mini-cheetah/checkpoints/official_mini_cheetah_flat_jump_v1_r3/official_mini_cheetah_flat_jump_v1_r3_final.zip --output /run/media/pma213x/0C6A8CC86A8CAFCE/Ubuntu2/CodeU/Dog1/official-mini-cheetah/logs/official_mini_cheetah_flat_jump_v1_r3/P1_gate_attempt_1.json
[2026-10-05T17:03:55+0800] P1 验收未通过，report.passed=false
[2026-10-05T17:03:55+0800] P1 验收命令：/usr/bin/python3 -m rl.evaluate --phase P1 --gate --checkpoint /run/media/pma213x/0C6A8CC86A8CAFCE/Ubuntu2/CodeU/Dog1/official-mini-cheetah/checkpoints/official_mini_cheetah_flat_jump_v1_r3/official_mini_cheetah_flat_jump_v1_r3_final.zip --output /run/media/pma213x/0C6A8CC86A8CAFCE/Ubuntu2/CodeU/Dog1/official-mini-cheetah/logs/official_mini_cheetah_flat_jump_v1_r3/P1_gate_attempt_2.json
[2026-10-05T17:04:22+0800] P1 验收未通过，report.passed=false
[2026-10-05T17:04:22+0800] P1 连续 Gate 批次结果=[False, False, False]
[2026-10-05T17:04:22+0800] P1 启动：/usr/bin/python3 -m rl.train --phase P1 --total-steps 320000 --device cuda --ckptdir /run/media/pma213x/0C6A8CC86A8CAFCE/Ubuntu2/CodeU/Dog1/official-mini-cheetah/checkpoints/official_mini_cheetah_flat_jump_v1_r3 --ckpt-prefix official_mini_cheetah_flat_jump_v1_r3 --logdir /run/media/pma213x/0C6A8CC86A8CAFCE/Ubuntu2/CodeU/Dog1/official-mini-cheetah/runs/official_mini_cheetah_flat_jump_v1_r3/P1_parallel --bridge-port 11452 --num-envs 4 --checkpoint-interval 20000 --randomization-mode fixed --seed 20261003 --phase-step-offset 300000 --resume /run/media/pma213x/0C6A8CC86A8CAFCE/Ubuntu2/CodeU/Dog1/official-mini-cheetah/checkpoints/official_mini_cheetah_flat_jump_v1_r3/official_mini_cheetah_flat_jump_v1_r3_final.zip
[2026-10-05T17:04:28+0800] P1 四 worker 实时健康确认通过
[2026-10-05T17:04:47+0800] P1 验收命令：/usr/bin/python3 -m rl.evaluate --phase P1 --gate --checkpoint /run/media/pma213x/0C6A8CC86A8CAFCE/Ubuntu2/CodeU/Dog1/official-mini-cheetah/checkpoints/official_mini_cheetah_flat_jump_v1_r3/official_mini_cheetah_flat_jump_v1_r3_final.zip --output /run/media/pma213x/0C6A8CC86A8CAFCE/Ubuntu2/CodeU/Dog1/official-mini-cheetah/logs/official_mini_cheetah_flat_jump_v1_r3/P1_gate_attempt_0.json
[2026-10-05T17:05:15+0800] P1 验收未通过，report.passed=false
[2026-10-05T17:05:15+0800] P1 验收命令：/usr/bin/python3 -m rl.evaluate --phase P1 --gate --checkpoint /run/media/pma213x/0C6A8CC86A8CAFCE/Ubuntu2/CodeU/Dog1/official-mini-cheetah/checkpoints/official_mini_cheetah_flat_jump_v1_r3/official_mini_cheetah_flat_jump_v1_r3_final.zip --output /run/media/pma213x/0C6A8CC86A8CAFCE/Ubuntu2/CodeU/Dog1/official-mini-cheetah/logs/official_mini_cheetah_flat_jump_v1_r3/P1_gate_attempt_1.json
[2026-10-05T17:05:43+0800] P1 验收未通过，report.passed=false
[2026-10-05T17:05:43+0800] P1 验收命令：/usr/bin/python3 -m rl.evaluate --phase P1 --gate --checkpoint /run/media/pma213x/0C6A8CC86A8CAFCE/Ubuntu2/CodeU/Dog1/official-mini-cheetah/checkpoints/official_mini_cheetah_flat_jump_v1_r3/official_mini_cheetah_flat_jump_v1_r3_final.zip --output /run/media/pma213x/0C6A8CC86A8CAFCE/Ubuntu2/CodeU/Dog1/official-mini-cheetah/logs/official_mini_cheetah_flat_jump_v1_r3/P1_gate_attempt_2.json
[2026-10-05T17:06:18+0800] P1 验收未通过，report.passed=false
[2026-10-05T17:06:18+0800] P1 连续 Gate 批次结果=[False, False, False]
[2026-10-05T17:06:18+0800] P1 启动：/usr/bin/python3 -m rl.train --phase P1 --total-steps 330000 --device cuda --ckptdir /run/media/pma213x/0C6A8CC86A8CAFCE/Ubuntu2/CodeU/Dog1/official-mini-cheetah/checkpoints/official_mini_cheetah_flat_jump_v1_r3 --ckpt-prefix official_mini_cheetah_flat_jump_v1_r3 --logdir /run/media/pma213x/0C6A8CC86A8CAFCE/Ubuntu2/CodeU/Dog1/official-mini-cheetah/runs/official_mini_cheetah_flat_jump_v1_r3/P1_parallel --bridge-port 11452 --num-envs 4 --checkpoint-interval 20000 --randomization-mode fixed --seed 20261003 --phase-step-offset 310000 --resume /run/media/pma213x/0C6A8CC86A8CAFCE/Ubuntu2/CodeU/Dog1/official-mini-cheetah/checkpoints/official_mini_cheetah_flat_jump_v1_r3/official_mini_cheetah_flat_jump_v1_r3_final.zip
[2026-10-05T17:06:24+0800] P1 四 worker 实时健康确认通过
[2026-10-05T17:06:46+0800] P1 验收命令：/usr/bin/python3 -m rl.evaluate --phase P1 --gate --checkpoint /run/media/pma213x/0C6A8CC86A8CAFCE/Ubuntu2/CodeU/Dog1/official-mini-cheetah/checkpoints/official_mini_cheetah_flat_jump_v1_r3/official_mini_cheetah_flat_jump_v1_r3_final.zip --output /run/media/pma213x/0C6A8CC86A8CAFCE/Ubuntu2/CodeU/Dog1/official-mini-cheetah/logs/official_mini_cheetah_flat_jump_v1_r3/P1_gate_attempt_0.json
[2026-10-05T17:07:14+0800] P1 验收未通过，report.passed=false
[2026-10-05T17:07:14+0800] P1 验收命令：/usr/bin/python3 -m rl.evaluate --phase P1 --gate --checkpoint /run/media/pma213x/0C6A8CC86A8CAFCE/Ubuntu2/CodeU/Dog1/official-mini-cheetah/checkpoints/official_mini_cheetah_flat_jump_v1_r3/official_mini_cheetah_flat_jump_v1_r3_final.zip --output /run/media/pma213x/0C6A8CC86A8CAFCE/Ubuntu2/CodeU/Dog1/official-mini-cheetah/logs/official_mini_cheetah_flat_jump_v1_r3/P1_gate_attempt_1.json
[2026-10-05T17:07:45+0800] P1 验收未通过，report.passed=false
[2026-10-05T17:07:45+0800] P1 验收命令：/usr/bin/python3 -m rl.evaluate --phase P1 --gate --checkpoint /run/media/pma213x/0C6A8CC86A8CAFCE/Ubuntu2/CodeU/Dog1/official-mini-cheetah/checkpoints/official_mini_cheetah_flat_jump_v1_r3/official_mini_cheetah_flat_jump_v1_r3_final.zip --output /run/media/pma213x/0C6A8CC86A8CAFCE/Ubuntu2/CodeU/Dog1/official-mini-cheetah/logs/official_mini_cheetah_flat_jump_v1_r3/P1_gate_attempt_2.json
[2026-10-05T17:08:15+0800] P1 验收未通过，report.passed=false
[2026-10-05T17:08:15+0800] P1 连续 Gate 批次结果=[False, False, False]
[2026-10-05T17:08:15+0800] P1 启动：/usr/bin/python3 -m rl.train --phase P1 --total-steps 340000 --device cuda --ckptdir /run/media/pma213x/0C6A8CC86A8CAFCE/Ubuntu2/CodeU/Dog1/official-mini-cheetah/checkpoints/official_mini_cheetah_flat_jump_v1_r3 --ckpt-prefix official_mini_cheetah_flat_jump_v1_r3 --logdir /run/media/pma213x/0C6A8CC86A8CAFCE/Ubuntu2/CodeU/Dog1/official-mini-cheetah/runs/official_mini_cheetah_flat_jump_v1_r3/P1_parallel --bridge-port 11452 --num-envs 4 --checkpoint-interval 20000 --randomization-mode fixed --seed 20261003 --phase-step-offset 320000 --resume /run/media/pma213x/0C6A8CC86A8CAFCE/Ubuntu2/CodeU/Dog1/official-mini-cheetah/checkpoints/official_mini_cheetah_flat_jump_v1_r3/official_mini_cheetah_flat_jump_v1_r3_final.zip
[2026-10-05T17:08:21+0800] P1 四 worker 实时健康确认通过
[2026-10-05T17:08:44+0800] P1 验收命令：/usr/bin/python3 -m rl.evaluate --phase P1 --gate --checkpoint /run/media/pma213x/0C6A8CC86A8CAFCE/Ubuntu2/CodeU/Dog1/official-mini-cheetah/checkpoints/official_mini_cheetah_flat_jump_v1_r3/official_mini_cheetah_flat_jump_v1_r3_final.zip --output /run/media/pma213x/0C6A8CC86A8CAFCE/Ubuntu2/CodeU/Dog1/official-mini-cheetah/logs/official_mini_cheetah_flat_jump_v1_r3/P1_gate_attempt_0.json
[2026-10-05T17:09:22+0800] P1 验收未通过，report.passed=false
[2026-10-05T17:09:22+0800] P1 验收命令：/usr/bin/python3 -m rl.evaluate --phase P1 --gate --checkpoint /run/media/pma213x/0C6A8CC86A8CAFCE/Ubuntu2/CodeU/Dog1/official-mini-cheetah/checkpoints/official_mini_cheetah_flat_jump_v1_r3/official_mini_cheetah_flat_jump_v1_r3_final.zip --output /run/media/pma213x/0C6A8CC86A8CAFCE/Ubuntu2/CodeU/Dog1/official-mini-cheetah/logs/official_mini_cheetah_flat_jump_v1_r3/P1_gate_attempt_1.json
[2026-10-05T17:09:53+0800] P1 验收未通过，report.passed=false
[2026-10-05T17:09:53+0800] P1 验收命令：/usr/bin/python3 -m rl.evaluate --phase P1 --gate --checkpoint /run/media/pma213x/0C6A8CC86A8CAFCE/Ubuntu2/CodeU/Dog1/official-mini-cheetah/checkpoints/official_mini_cheetah_flat_jump_v1_r3/official_mini_cheetah_flat_jump_v1_r3_final.zip --output /run/media/pma213x/0C6A8CC86A8CAFCE/Ubuntu2/CodeU/Dog1/official-mini-cheetah/logs/official_mini_cheetah_flat_jump_v1_r3/P1_gate_attempt_2.json
[2026-10-05T17:33:24+0800] P1 连续 Gate 批次结果=[True, False, True]
[2026-10-05T17:39:47+0800] P1 连续 Gate 批次结果=[True, False, True]
[2026-10-05T18:37:28+0800] P1 连续 Gate 批次结果=[True, False, True]
[2026-10-05T18:49:00+0800] P1 连续 Gate 批次结果=[True, False, True]
[2026-10-05T18:57:03+0800] P1 连续 Gate 批次结果=[True, False, True]
[2026-10-05T19:01:34+0800] P1 连续 Gate 批次结果=[True, False, True]
[2026-10-05T19:07:59+0800] R3 新训练断点 steps=0 restart_p0_from_zero=True
[2026-10-05T19:07:59+0800] P0 启动：/usr/bin/python3 -m rl.train --phase P0 --total-steps 10000 --device cuda --ckptdir /run/media/pma213x/0C6A8CC86A8CAFCE/Ubuntu2/CodeU/Dog1/official-mini-cheetah/checkpoints/official_mini_cheetah_flat_jump_v1_r3 --ckpt-prefix official_mini_cheetah_flat_jump_v1_r3 --logdir /run/media/pma213x/0C6A8CC86A8CAFCE/Ubuntu2/CodeU/Dog1/official-mini-cheetah/runs/official_mini_cheetah_flat_jump_v1_r3/P0_parallel --bridge-port 11452 --num-envs 4 --checkpoint-interval 20000 --randomization-mode fixed --seed 20261003 --phase-step-offset 0
[2026-10-05T19:08:05+0800] P0 四 worker 实时健康确认通过
[2026-10-05T19:08:25+0800] P0 验收命令：/usr/bin/python3 -m rl.evaluate --phase P0 --gate --checkpoint /run/media/pma213x/0C6A8CC86A8CAFCE/Ubuntu2/CodeU/Dog1/official-mini-cheetah/checkpoints/official_mini_cheetah_flat_jump_v1_r3/official_mini_cheetah_flat_jump_v1_r3_final.zip --output /run/media/pma213x/0C6A8CC86A8CAFCE/Ubuntu2/CodeU/Dog1/official-mini-cheetah/logs/official_mini_cheetah_flat_jump_v1_r3/P0_gate_attempt_0.json
[2026-10-05T19:08:35+0800] P0 验收通过
[2026-10-05T19:08:35+0800] P0 验收命令：/usr/bin/python3 -m rl.evaluate --phase P0 --gate --checkpoint /run/media/pma213x/0C6A8CC86A8CAFCE/Ubuntu2/CodeU/Dog1/official-mini-cheetah/checkpoints/official_mini_cheetah_flat_jump_v1_r3/official_mini_cheetah_flat_jump_v1_r3_final.zip --output /run/media/pma213x/0C6A8CC86A8CAFCE/Ubuntu2/CodeU/Dog1/official-mini-cheetah/logs/official_mini_cheetah_flat_jump_v1_r3/P0_gate_attempt_1.json
[2026-10-05T19:08:44+0800] P0 验收通过
[2026-10-05T19:08:44+0800] P0 验收命令：/usr/bin/python3 -m rl.evaluate --phase P0 --gate --checkpoint /run/media/pma213x/0C6A8CC86A8CAFCE/Ubuntu2/CodeU/Dog1/official-mini-cheetah/checkpoints/official_mini_cheetah_flat_jump_v1_r3/official_mini_cheetah_flat_jump_v1_r3_final.zip --output /run/media/pma213x/0C6A8CC86A8CAFCE/Ubuntu2/CodeU/Dog1/official-mini-cheetah/logs/official_mini_cheetah_flat_jump_v1_r3/P0_gate_attempt_2.json
[2026-10-05T19:08:54+0800] P0 验收通过
[2026-10-05T19:08:55+0800] P0 gate 后健康确认通过
[2026-10-05T19:08:55+0800] P1 启动：/usr/bin/python3 -m rl.train --phase P1 --total-steps 20000 --device cuda --ckptdir /run/media/pma213x/0C6A8CC86A8CAFCE/Ubuntu2/CodeU/Dog1/official-mini-cheetah/checkpoints/official_mini_cheetah_flat_jump_v1_r3 --ckpt-prefix official_mini_cheetah_flat_jump_v1_r3 --logdir /run/media/pma213x/0C6A8CC86A8CAFCE/Ubuntu2/CodeU/Dog1/official-mini-cheetah/runs/official_mini_cheetah_flat_jump_v1_r3/P1_parallel --bridge-port 11452 --num-envs 4 --checkpoint-interval 20000 --randomization-mode fixed --seed 20261003 --phase-step-offset 0 --resume /run/media/pma213x/0C6A8CC86A8CAFCE/Ubuntu2/CodeU/Dog1/official-mini-cheetah/checkpoints/official_mini_cheetah_flat_jump_v1_r3/official_mini_cheetah_flat_jump_v1_r3_final.zip
[2026-10-05T19:09:01+0800] P1 四 worker 实时健康确认通过
[2026-10-05T19:09:24+0800] P1 启动：/usr/bin/python3 -m rl.train --phase P1 --total-steps 30000 --device cuda --ckptdir /run/media/pma213x/0C6A8CC86A8CAFCE/Ubuntu2/CodeU/Dog1/official-mini-cheetah/checkpoints/official_mini_cheetah_flat_jump_v1_r3 --ckpt-prefix official_mini_cheetah_flat_jump_v1_r3 --logdir /run/media/pma213x/0C6A8CC86A8CAFCE/Ubuntu2/CodeU/Dog1/official-mini-cheetah/runs/official_mini_cheetah_flat_jump_v1_r3/P1_parallel --bridge-port 11452 --num-envs 4 --checkpoint-interval 20000 --randomization-mode fixed --seed 20261003 --phase-step-offset 10000 --resume /run/media/pma213x/0C6A8CC86A8CAFCE/Ubuntu2/CodeU/Dog1/official-mini-cheetah/checkpoints/official_mini_cheetah_flat_jump_v1_r3/official_mini_cheetah_flat_jump_v1_r3_final.zip
[2026-10-05T19:09:30+0800] P1 四 worker 实时健康确认通过
[2026-10-05T19:09:54+0800] P1 启动：/usr/bin/python3 -m rl.train --phase P1 --total-steps 40000 --device cuda --ckptdir /run/media/pma213x/0C6A8CC86A8CAFCE/Ubuntu2/CodeU/Dog1/official-mini-cheetah/checkpoints/official_mini_cheetah_flat_jump_v1_r3 --ckpt-prefix official_mini_cheetah_flat_jump_v1_r3 --logdir /run/media/pma213x/0C6A8CC86A8CAFCE/Ubuntu2/CodeU/Dog1/official-mini-cheetah/runs/official_mini_cheetah_flat_jump_v1_r3/P1_parallel --bridge-port 11452 --num-envs 4 --checkpoint-interval 20000 --randomization-mode fixed --seed 20261003 --phase-step-offset 20000 --resume /run/media/pma213x/0C6A8CC86A8CAFCE/Ubuntu2/CodeU/Dog1/official-mini-cheetah/checkpoints/official_mini_cheetah_flat_jump_v1_r3/official_mini_cheetah_flat_jump_v1_r3_final.zip
[2026-10-05T19:10:01+0800] P1 四 worker 实时健康确认通过
[2026-10-05T19:10:23+0800] P1 启动：/usr/bin/python3 -m rl.train --phase P1 --total-steps 50000 --device cuda --ckptdir /run/media/pma213x/0C6A8CC86A8CAFCE/Ubuntu2/CodeU/Dog1/official-mini-cheetah/checkpoints/official_mini_cheetah_flat_jump_v1_r3 --ckpt-prefix official_mini_cheetah_flat_jump_v1_r3 --logdir /run/media/pma213x/0C6A8CC86A8CAFCE/Ubuntu2/CodeU/Dog1/official-mini-cheetah/runs/official_mini_cheetah_flat_jump_v1_r3/P1_parallel --bridge-port 11452 --num-envs 4 --checkpoint-interval 20000 --randomization-mode fixed --seed 20261003 --phase-step-offset 30000 --resume /run/media/pma213x/0C6A8CC86A8CAFCE/Ubuntu2/CodeU/Dog1/official-mini-cheetah/checkpoints/official_mini_cheetah_flat_jump_v1_r3/official_mini_cheetah_flat_jump_v1_r3_final.zip
[2026-10-05T19:10:30+0800] P1 四 worker 实时健康确认通过
[2026-10-05T19:10:52+0800] P1 启动：/usr/bin/python3 -m rl.train --phase P1 --total-steps 60000 --device cuda --ckptdir /run/media/pma213x/0C6A8CC86A8CAFCE/Ubuntu2/CodeU/Dog1/official-mini-cheetah/checkpoints/official_mini_cheetah_flat_jump_v1_r3 --ckpt-prefix official_mini_cheetah_flat_jump_v1_r3 --logdir /run/media/pma213x/0C6A8CC86A8CAFCE/Ubuntu2/CodeU/Dog1/official-mini-cheetah/runs/official_mini_cheetah_flat_jump_v1_r3/P1_parallel --bridge-port 11452 --num-envs 4 --checkpoint-interval 20000 --randomization-mode fixed --seed 20261003 --phase-step-offset 40000 --resume /run/media/pma213x/0C6A8CC86A8CAFCE/Ubuntu2/CodeU/Dog1/official-mini-cheetah/checkpoints/official_mini_cheetah_flat_jump_v1_r3/official_mini_cheetah_flat_jump_v1_r3_final.zip
[2026-10-05T19:10:58+0800] P1 四 worker 实时健康确认通过
[2026-10-05T19:11:20+0800] P1 启动：/usr/bin/python3 -m rl.train --phase P1 --total-steps 70000 --device cuda --ckptdir /run/media/pma213x/0C6A8CC86A8CAFCE/Ubuntu2/CodeU/Dog1/official-mini-cheetah/checkpoints/official_mini_cheetah_flat_jump_v1_r3 --ckpt-prefix official_mini_cheetah_flat_jump_v1_r3 --logdir /run/media/pma213x/0C6A8CC86A8CAFCE/Ubuntu2/CodeU/Dog1/official-mini-cheetah/runs/official_mini_cheetah_flat_jump_v1_r3/P1_parallel --bridge-port 11452 --num-envs 4 --checkpoint-interval 20000 --randomization-mode fixed --seed 20261003 --phase-step-offset 50000 --resume /run/media/pma213x/0C6A8CC86A8CAFCE/Ubuntu2/CodeU/Dog1/official-mini-cheetah/checkpoints/official_mini_cheetah_flat_jump_v1_r3/official_mini_cheetah_flat_jump_v1_r3_final.zip
[2026-10-05T19:11:27+0800] P1 四 worker 实时健康确认通过
[2026-10-05T19:11:49+0800] P1 启动：/usr/bin/python3 -m rl.train --phase P1 --total-steps 80000 --device cuda --ckptdir /run/media/pma213x/0C6A8CC86A8CAFCE/Ubuntu2/CodeU/Dog1/official-mini-cheetah/checkpoints/official_mini_cheetah_flat_jump_v1_r3 --ckpt-prefix official_mini_cheetah_flat_jump_v1_r3 --logdir /run/media/pma213x/0C6A8CC86A8CAFCE/Ubuntu2/CodeU/Dog1/official-mini-cheetah/runs/official_mini_cheetah_flat_jump_v1_r3/P1_parallel --bridge-port 11452 --num-envs 4 --checkpoint-interval 20000 --randomization-mode fixed --seed 20261003 --phase-step-offset 60000 --resume /run/media/pma213x/0C6A8CC86A8CAFCE/Ubuntu2/CodeU/Dog1/official-mini-cheetah/checkpoints/official_mini_cheetah_flat_jump_v1_r3/official_mini_cheetah_flat_jump_v1_r3_final.zip
[2026-10-05T19:11:56+0800] P1 四 worker 实时健康确认通过
[2026-10-05T19:12:18+0800] P1 启动：/usr/bin/python3 -m rl.train --phase P1 --total-steps 90000 --device cuda --ckptdir /run/media/pma213x/0C6A8CC86A8CAFCE/Ubuntu2/CodeU/Dog1/official-mini-cheetah/checkpoints/official_mini_cheetah_flat_jump_v1_r3 --ckpt-prefix official_mini_cheetah_flat_jump_v1_r3 --logdir /run/media/pma213x/0C6A8CC86A8CAFCE/Ubuntu2/CodeU/Dog1/official-mini-cheetah/runs/official_mini_cheetah_flat_jump_v1_r3/P1_parallel --bridge-port 11452 --num-envs 4 --checkpoint-interval 20000 --randomization-mode fixed --seed 20261003 --phase-step-offset 70000 --resume /run/media/pma213x/0C6A8CC86A8CAFCE/Ubuntu2/CodeU/Dog1/official-mini-cheetah/checkpoints/official_mini_cheetah_flat_jump_v1_r3/official_mini_cheetah_flat_jump_v1_r3_final.zip
[2026-10-05T19:12:25+0800] P1 四 worker 实时健康确认通过
[2026-10-05T19:12:47+0800] P1 启动：/usr/bin/python3 -m rl.train --phase P1 --total-steps 100000 --device cuda --ckptdir /run/media/pma213x/0C6A8CC86A8CAFCE/Ubuntu2/CodeU/Dog1/official-mini-cheetah/checkpoints/official_mini_cheetah_flat_jump_v1_r3 --ckpt-prefix official_mini_cheetah_flat_jump_v1_r3 --logdir /run/media/pma213x/0C6A8CC86A8CAFCE/Ubuntu2/CodeU/Dog1/official-mini-cheetah/runs/official_mini_cheetah_flat_jump_v1_r3/P1_parallel --bridge-port 11452 --num-envs 4 --checkpoint-interval 20000 --randomization-mode fixed --seed 20261003 --phase-step-offset 80000 --resume /run/media/pma213x/0C6A8CC86A8CAFCE/Ubuntu2/CodeU/Dog1/official-mini-cheetah/checkpoints/official_mini_cheetah_flat_jump_v1_r3/official_mini_cheetah_flat_jump_v1_r3_final.zip
[2026-10-05T19:12:54+0800] P1 四 worker 实时健康确认通过
[2026-10-05T19:13:17+0800] P1 启动：/usr/bin/python3 -m rl.train --phase P1 --total-steps 110000 --device cuda --ckptdir /run/media/pma213x/0C6A8CC86A8CAFCE/Ubuntu2/CodeU/Dog1/official-mini-cheetah/checkpoints/official_mini_cheetah_flat_jump_v1_r3 --ckpt-prefix official_mini_cheetah_flat_jump_v1_r3 --logdir /run/media/pma213x/0C6A8CC86A8CAFCE/Ubuntu2/CodeU/Dog1/official-mini-cheetah/runs/official_mini_cheetah_flat_jump_v1_r3/P1_parallel --bridge-port 11452 --num-envs 4 --checkpoint-interval 20000 --randomization-mode fixed --seed 20261003 --phase-step-offset 90000 --resume /run/media/pma213x/0C6A8CC86A8CAFCE/Ubuntu2/CodeU/Dog1/official-mini-cheetah/checkpoints/official_mini_cheetah_flat_jump_v1_r3/official_mini_cheetah_flat_jump_v1_r3_final.zip
[2026-10-05T19:13:23+0800] P1 四 worker 实时健康确认通过
[2026-10-05T19:13:47+0800] P1 启动：/usr/bin/python3 -m rl.train --phase P1 --total-steps 120000 --device cuda --ckptdir /run/media/pma213x/0C6A8CC86A8CAFCE/Ubuntu2/CodeU/Dog1/official-mini-cheetah/checkpoints/official_mini_cheetah_flat_jump_v1_r3 --ckpt-prefix official_mini_cheetah_flat_jump_v1_r3 --logdir /run/media/pma213x/0C6A8CC86A8CAFCE/Ubuntu2/CodeU/Dog1/official-mini-cheetah/runs/official_mini_cheetah_flat_jump_v1_r3/P1_parallel --bridge-port 11452 --num-envs 4 --checkpoint-interval 20000 --randomization-mode fixed --seed 20261003 --phase-step-offset 100000 --resume /run/media/pma213x/0C6A8CC86A8CAFCE/Ubuntu2/CodeU/Dog1/official-mini-cheetah/checkpoints/official_mini_cheetah_flat_jump_v1_r3/official_mini_cheetah_flat_jump_v1_r3_final.zip
[2026-10-05T19:13:54+0800] P1 四 worker 实时健康确认通过
[2026-10-05T19:14:17+0800] P1 启动：/usr/bin/python3 -m rl.train --phase P1 --total-steps 130000 --device cuda --ckptdir /run/media/pma213x/0C6A8CC86A8CAFCE/Ubuntu2/CodeU/Dog1/official-mini-cheetah/checkpoints/official_mini_cheetah_flat_jump_v1_r3 --ckpt-prefix official_mini_cheetah_flat_jump_v1_r3 --logdir /run/media/pma213x/0C6A8CC86A8CAFCE/Ubuntu2/CodeU/Dog1/official-mini-cheetah/runs/official_mini_cheetah_flat_jump_v1_r3/P1_parallel --bridge-port 11452 --num-envs 4 --checkpoint-interval 20000 --randomization-mode fixed --seed 20261003 --phase-step-offset 110000 --resume /run/media/pma213x/0C6A8CC86A8CAFCE/Ubuntu2/CodeU/Dog1/official-mini-cheetah/checkpoints/official_mini_cheetah_flat_jump_v1_r3/official_mini_cheetah_flat_jump_v1_r3_final.zip
[2026-10-05T19:14:23+0800] P1 四 worker 实时健康确认通过
[2026-10-05T19:14:47+0800] P1 启动：/usr/bin/python3 -m rl.train --phase P1 --total-steps 140000 --device cuda --ckptdir /run/media/pma213x/0C6A8CC86A8CAFCE/Ubuntu2/CodeU/Dog1/official-mini-cheetah/checkpoints/official_mini_cheetah_flat_jump_v1_r3 --ckpt-prefix official_mini_cheetah_flat_jump_v1_r3 --logdir /run/media/pma213x/0C6A8CC86A8CAFCE/Ubuntu2/CodeU/Dog1/official-mini-cheetah/runs/official_mini_cheetah_flat_jump_v1_r3/P1_parallel --bridge-port 11452 --num-envs 4 --checkpoint-interval 20000 --randomization-mode fixed --seed 20261003 --phase-step-offset 120000 --resume /run/media/pma213x/0C6A8CC86A8CAFCE/Ubuntu2/CodeU/Dog1/official-mini-cheetah/checkpoints/official_mini_cheetah_flat_jump_v1_r3/official_mini_cheetah_flat_jump_v1_r3_final.zip
[2026-10-05T19:14:53+0800] P1 四 worker 实时健康确认通过
[2026-10-05T19:15:17+0800] P1 启动：/usr/bin/python3 -m rl.train --phase P1 --total-steps 150000 --device cuda --ckptdir /run/media/pma213x/0C6A8CC86A8CAFCE/Ubuntu2/CodeU/Dog1/official-mini-cheetah/checkpoints/official_mini_cheetah_flat_jump_v1_r3 --ckpt-prefix official_mini_cheetah_flat_jump_v1_r3 --logdir /run/media/pma213x/0C6A8CC86A8CAFCE/Ubuntu2/CodeU/Dog1/official-mini-cheetah/runs/official_mini_cheetah_flat_jump_v1_r3/P1_parallel --bridge-port 11452 --num-envs 4 --checkpoint-interval 20000 --randomization-mode fixed --seed 20261003 --phase-step-offset 130000 --resume /run/media/pma213x/0C6A8CC86A8CAFCE/Ubuntu2/CodeU/Dog1/official-mini-cheetah/checkpoints/official_mini_cheetah_flat_jump_v1_r3/official_mini_cheetah_flat_jump_v1_r3_final.zip
[2026-10-05T19:15:23+0800] P1 四 worker 实时健康确认通过
[2026-10-05T19:15:46+0800] P1 启动：/usr/bin/python3 -m rl.train --phase P1 --total-steps 160000 --device cuda --ckptdir /run/media/pma213x/0C6A8CC86A8CAFCE/Ubuntu2/CodeU/Dog1/official-mini-cheetah/checkpoints/official_mini_cheetah_flat_jump_v1_r3 --ckpt-prefix official_mini_cheetah_flat_jump_v1_r3 --logdir /run/media/pma213x/0C6A8CC86A8CAFCE/Ubuntu2/CodeU/Dog1/official-mini-cheetah/runs/official_mini_cheetah_flat_jump_v1_r3/P1_parallel --bridge-port 11452 --num-envs 4 --checkpoint-interval 20000 --randomization-mode fixed --seed 20261003 --phase-step-offset 140000 --resume /run/media/pma213x/0C6A8CC86A8CAFCE/Ubuntu2/CodeU/Dog1/official-mini-cheetah/checkpoints/official_mini_cheetah_flat_jump_v1_r3/official_mini_cheetah_flat_jump_v1_r3_final.zip
[2026-10-05T19:15:53+0800] P1 四 worker 实时健康确认通过
[2026-10-05T19:16:17+0800] P1 启动：/usr/bin/python3 -m rl.train --phase P1 --total-steps 170000 --device cuda --ckptdir /run/media/pma213x/0C6A8CC86A8CAFCE/Ubuntu2/CodeU/Dog1/official-mini-cheetah/checkpoints/official_mini_cheetah_flat_jump_v1_r3 --ckpt-prefix official_mini_cheetah_flat_jump_v1_r3 --logdir /run/media/pma213x/0C6A8CC86A8CAFCE/Ubuntu2/CodeU/Dog1/official-mini-cheetah/runs/official_mini_cheetah_flat_jump_v1_r3/P1_parallel --bridge-port 11452 --num-envs 4 --checkpoint-interval 20000 --randomization-mode fixed --seed 20261003 --phase-step-offset 150000 --resume /run/media/pma213x/0C6A8CC86A8CAFCE/Ubuntu2/CodeU/Dog1/official-mini-cheetah/checkpoints/official_mini_cheetah_flat_jump_v1_r3/official_mini_cheetah_flat_jump_v1_r3_final.zip
[2026-10-05T19:16:24+0800] P1 四 worker 实时健康确认通过
[2026-10-05T19:16:50+0800] P1 启动：/usr/bin/python3 -m rl.train --phase P1 --total-steps 180000 --device cuda --ckptdir /run/media/pma213x/0C6A8CC86A8CAFCE/Ubuntu2/CodeU/Dog1/official-mini-cheetah/checkpoints/official_mini_cheetah_flat_jump_v1_r3 --ckpt-prefix official_mini_cheetah_flat_jump_v1_r3 --logdir /run/media/pma213x/0C6A8CC86A8CAFCE/Ubuntu2/CodeU/Dog1/official-mini-cheetah/runs/official_mini_cheetah_flat_jump_v1_r3/P1_parallel --bridge-port 11452 --num-envs 4 --checkpoint-interval 20000 --randomization-mode fixed --seed 20261003 --phase-step-offset 160000 --resume /run/media/pma213x/0C6A8CC86A8CAFCE/Ubuntu2/CodeU/Dog1/official-mini-cheetah/checkpoints/official_mini_cheetah_flat_jump_v1_r3/official_mini_cheetah_flat_jump_v1_r3_final.zip
[2026-10-05T19:16:57+0800] P1 四 worker 实时健康确认通过
[2026-10-05T19:17:20+0800] P1 启动：/usr/bin/python3 -m rl.train --phase P1 --total-steps 190000 --device cuda --ckptdir /run/media/pma213x/0C6A8CC86A8CAFCE/Ubuntu2/CodeU/Dog1/official-mini-cheetah/checkpoints/official_mini_cheetah_flat_jump_v1_r3 --ckpt-prefix official_mini_cheetah_flat_jump_v1_r3 --logdir /run/media/pma213x/0C6A8CC86A8CAFCE/Ubuntu2/CodeU/Dog1/official-mini-cheetah/runs/official_mini_cheetah_flat_jump_v1_r3/P1_parallel --bridge-port 11452 --num-envs 4 --checkpoint-interval 20000 --randomization-mode fixed --seed 20261003 --phase-step-offset 170000 --resume /run/media/pma213x/0C6A8CC86A8CAFCE/Ubuntu2/CodeU/Dog1/official-mini-cheetah/checkpoints/official_mini_cheetah_flat_jump_v1_r3/official_mini_cheetah_flat_jump_v1_r3_final.zip
[2026-10-05T19:17:26+0800] P1 四 worker 实时健康确认通过
[2026-10-05T19:17:45+0800] P1 启动：/usr/bin/python3 -m rl.train --phase P1 --total-steps 200000 --device cuda --ckptdir /run/media/pma213x/0C6A8CC86A8CAFCE/Ubuntu2/CodeU/Dog1/official-mini-cheetah/checkpoints/official_mini_cheetah_flat_jump_v1_r3 --ckpt-prefix official_mini_cheetah_flat_jump_v1_r3 --logdir /run/media/pma213x/0C6A8CC86A8CAFCE/Ubuntu2/CodeU/Dog1/official-mini-cheetah/runs/official_mini_cheetah_flat_jump_v1_r3/P1_parallel --bridge-port 11452 --num-envs 4 --checkpoint-interval 20000 --randomization-mode fixed --seed 20261003 --phase-step-offset 180000 --resume /run/media/pma213x/0C6A8CC86A8CAFCE/Ubuntu2/CodeU/Dog1/official-mini-cheetah/checkpoints/official_mini_cheetah_flat_jump_v1_r3/official_mini_cheetah_flat_jump_v1_r3_final.zip
[2026-10-05T19:17:51+0800] P1 四 worker 实时健康确认通过
[2026-10-05T19:18:19+0800] P1 启动：/usr/bin/python3 -m rl.train --phase P1 --total-steps 210000 --device cuda --ckptdir /run/media/pma213x/0C6A8CC86A8CAFCE/Ubuntu2/CodeU/Dog1/official-mini-cheetah/checkpoints/official_mini_cheetah_flat_jump_v1_r3 --ckpt-prefix official_mini_cheetah_flat_jump_v1_r3 --logdir /run/media/pma213x/0C6A8CC86A8CAFCE/Ubuntu2/CodeU/Dog1/official-mini-cheetah/runs/official_mini_cheetah_flat_jump_v1_r3/P1_parallel --bridge-port 11452 --num-envs 4 --checkpoint-interval 20000 --randomization-mode fixed --seed 20261003 --phase-step-offset 190000 --resume /run/media/pma213x/0C6A8CC86A8CAFCE/Ubuntu2/CodeU/Dog1/official-mini-cheetah/checkpoints/official_mini_cheetah_flat_jump_v1_r3/official_mini_cheetah_flat_jump_v1_r3_final.zip
[2026-10-05T19:18:25+0800] P1 四 worker 实时健康确认通过
[2026-10-05T19:18:43+0800] P1 启动：/usr/bin/python3 -m rl.train --phase P1 --total-steps 220000 --device cuda --ckptdir /run/media/pma213x/0C6A8CC86A8CAFCE/Ubuntu2/CodeU/Dog1/official-mini-cheetah/checkpoints/official_mini_cheetah_flat_jump_v1_r3 --ckpt-prefix official_mini_cheetah_flat_jump_v1_r3 --logdir /run/media/pma213x/0C6A8CC86A8CAFCE/Ubuntu2/CodeU/Dog1/official-mini-cheetah/runs/official_mini_cheetah_flat_jump_v1_r3/P1_parallel --bridge-port 11452 --num-envs 4 --checkpoint-interval 20000 --randomization-mode fixed --seed 20261003 --phase-step-offset 200000 --resume /run/media/pma213x/0C6A8CC86A8CAFCE/Ubuntu2/CodeU/Dog1/official-mini-cheetah/checkpoints/official_mini_cheetah_flat_jump_v1_r3/official_mini_cheetah_flat_jump_v1_r3_final.zip
[2026-10-05T19:18:49+0800] P1 四 worker 实时健康确认通过
[2026-10-05T19:19:13+0800] P1 启动：/usr/bin/python3 -m rl.train --phase P1 --total-steps 230000 --device cuda --ckptdir /run/media/pma213x/0C6A8CC86A8CAFCE/Ubuntu2/CodeU/Dog1/official-mini-cheetah/checkpoints/official_mini_cheetah_flat_jump_v1_r3 --ckpt-prefix official_mini_cheetah_flat_jump_v1_r3 --logdir /run/media/pma213x/0C6A8CC86A8CAFCE/Ubuntu2/CodeU/Dog1/official-mini-cheetah/runs/official_mini_cheetah_flat_jump_v1_r3/P1_parallel --bridge-port 11452 --num-envs 4 --checkpoint-interval 20000 --randomization-mode fixed --seed 20261003 --phase-step-offset 210000 --resume /run/media/pma213x/0C6A8CC86A8CAFCE/Ubuntu2/CodeU/Dog1/official-mini-cheetah/checkpoints/official_mini_cheetah_flat_jump_v1_r3/official_mini_cheetah_flat_jump_v1_r3_final.zip
[2026-10-05T19:19:19+0800] P1 四 worker 实时健康确认通过
[2026-10-05T19:19:42+0800] P1 启动：/usr/bin/python3 -m rl.train --phase P1 --total-steps 240000 --device cuda --ckptdir /run/media/pma213x/0C6A8CC86A8CAFCE/Ubuntu2/CodeU/Dog1/official-mini-cheetah/checkpoints/official_mini_cheetah_flat_jump_v1_r3 --ckpt-prefix official_mini_cheetah_flat_jump_v1_r3 --logdir /run/media/pma213x/0C6A8CC86A8CAFCE/Ubuntu2/CodeU/Dog1/official-mini-cheetah/runs/official_mini_cheetah_flat_jump_v1_r3/P1_parallel --bridge-port 11452 --num-envs 4 --checkpoint-interval 20000 --randomization-mode fixed --seed 20261003 --phase-step-offset 220000 --resume /run/media/pma213x/0C6A8CC86A8CAFCE/Ubuntu2/CodeU/Dog1/official-mini-cheetah/checkpoints/official_mini_cheetah_flat_jump_v1_r3/official_mini_cheetah_flat_jump_v1_r3_final.zip
[2026-10-05T19:19:48+0800] P1 四 worker 实时健康确认通过
[2026-10-05T19:20:07+0800] P1 启动：/usr/bin/python3 -m rl.train --phase P1 --total-steps 250000 --device cuda --ckptdir /run/media/pma213x/0C6A8CC86A8CAFCE/Ubuntu2/CodeU/Dog1/official-mini-cheetah/checkpoints/official_mini_cheetah_flat_jump_v1_r3 --ckpt-prefix official_mini_cheetah_flat_jump_v1_r3 --logdir /run/media/pma213x/0C6A8CC86A8CAFCE/Ubuntu2/CodeU/Dog1/official-mini-cheetah/runs/official_mini_cheetah_flat_jump_v1_r3/P1_parallel --bridge-port 11452 --num-envs 4 --checkpoint-interval 20000 --randomization-mode fixed --seed 20261003 --phase-step-offset 230000 --resume /run/media/pma213x/0C6A8CC86A8CAFCE/Ubuntu2/CodeU/Dog1/official-mini-cheetah/checkpoints/official_mini_cheetah_flat_jump_v1_r3/official_mini_cheetah_flat_jump_v1_r3_final.zip
[2026-10-05T19:20:13+0800] P1 四 worker 实时健康确认通过
[2026-10-05T19:20:30+0800] P1 启动：/usr/bin/python3 -m rl.train --phase P1 --total-steps 260000 --device cuda --ckptdir /run/media/pma213x/0C6A8CC86A8CAFCE/Ubuntu2/CodeU/Dog1/official-mini-cheetah/checkpoints/official_mini_cheetah_flat_jump_v1_r3 --ckpt-prefix official_mini_cheetah_flat_jump_v1_r3 --logdir /run/media/pma213x/0C6A8CC86A8CAFCE/Ubuntu2/CodeU/Dog1/official-mini-cheetah/runs/official_mini_cheetah_flat_jump_v1_r3/P1_parallel --bridge-port 11452 --num-envs 4 --checkpoint-interval 20000 --randomization-mode fixed --seed 20261003 --phase-step-offset 240000 --resume /run/media/pma213x/0C6A8CC86A8CAFCE/Ubuntu2/CodeU/Dog1/official-mini-cheetah/checkpoints/official_mini_cheetah_flat_jump_v1_r3/official_mini_cheetah_flat_jump_v1_r3_final.zip
[2026-10-05T19:20:36+0800] P1 四 worker 实时健康确认通过
[2026-10-05T19:21:04+0800] P1 启动：/usr/bin/python3 -m rl.train --phase P1 --total-steps 270000 --device cuda --ckptdir /run/media/pma213x/0C6A8CC86A8CAFCE/Ubuntu2/CodeU/Dog1/official-mini-cheetah/checkpoints/official_mini_cheetah_flat_jump_v1_r3 --ckpt-prefix official_mini_cheetah_flat_jump_v1_r3 --logdir /run/media/pma213x/0C6A8CC86A8CAFCE/Ubuntu2/CodeU/Dog1/official-mini-cheetah/runs/official_mini_cheetah_flat_jump_v1_r3/P1_parallel --bridge-port 11452 --num-envs 4 --checkpoint-interval 20000 --randomization-mode fixed --seed 20261003 --phase-step-offset 250000 --resume /run/media/pma213x/0C6A8CC86A8CAFCE/Ubuntu2/CodeU/Dog1/official-mini-cheetah/checkpoints/official_mini_cheetah_flat_jump_v1_r3/official_mini_cheetah_flat_jump_v1_r3_final.zip
[2026-10-05T19:21:10+0800] P1 四 worker 实时健康确认通过
[2026-10-05T19:21:34+0800] P1 启动：/usr/bin/python3 -m rl.train --phase P1 --total-steps 280000 --device cuda --ckptdir /run/media/pma213x/0C6A8CC86A8CAFCE/Ubuntu2/CodeU/Dog1/official-mini-cheetah/checkpoints/official_mini_cheetah_flat_jump_v1_r3 --ckpt-prefix official_mini_cheetah_flat_jump_v1_r3 --logdir /run/media/pma213x/0C6A8CC86A8CAFCE/Ubuntu2/CodeU/Dog1/official-mini-cheetah/runs/official_mini_cheetah_flat_jump_v1_r3/P1_parallel --bridge-port 11452 --num-envs 4 --checkpoint-interval 20000 --randomization-mode fixed --seed 20261003 --phase-step-offset 260000 --resume /run/media/pma213x/0C6A8CC86A8CAFCE/Ubuntu2/CodeU/Dog1/official-mini-cheetah/checkpoints/official_mini_cheetah_flat_jump_v1_r3/official_mini_cheetah_flat_jump_v1_r3_final.zip
[2026-10-05T19:21:41+0800] P1 四 worker 实时健康确认通过
[2026-10-05T19:21:58+0800] P1 启动：/usr/bin/python3 -m rl.train --phase P1 --total-steps 290000 --device cuda --ckptdir /run/media/pma213x/0C6A8CC86A8CAFCE/Ubuntu2/CodeU/Dog1/official-mini-cheetah/checkpoints/official_mini_cheetah_flat_jump_v1_r3 --ckpt-prefix official_mini_cheetah_flat_jump_v1_r3 --logdir /run/media/pma213x/0C6A8CC86A8CAFCE/Ubuntu2/CodeU/Dog1/official-mini-cheetah/runs/official_mini_cheetah_flat_jump_v1_r3/P1_parallel --bridge-port 11452 --num-envs 4 --checkpoint-interval 20000 --randomization-mode fixed --seed 20261003 --phase-step-offset 270000 --resume /run/media/pma213x/0C6A8CC86A8CAFCE/Ubuntu2/CodeU/Dog1/official-mini-cheetah/checkpoints/official_mini_cheetah_flat_jump_v1_r3/official_mini_cheetah_flat_jump_v1_r3_final.zip
[2026-10-05T19:22:04+0800] P1 四 worker 实时健康确认通过
[2026-10-05T19:22:22+0800] P1 启动：/usr/bin/python3 -m rl.train --phase P1 --total-steps 300000 --device cuda --ckptdir /run/media/pma213x/0C6A8CC86A8CAFCE/Ubuntu2/CodeU/Dog1/official-mini-cheetah/checkpoints/official_mini_cheetah_flat_jump_v1_r3 --ckpt-prefix official_mini_cheetah_flat_jump_v1_r3 --logdir /run/media/pma213x/0C6A8CC86A8CAFCE/Ubuntu2/CodeU/Dog1/official-mini-cheetah/runs/official_mini_cheetah_flat_jump_v1_r3/P1_parallel --bridge-port 11452 --num-envs 4 --checkpoint-interval 20000 --randomization-mode fixed --seed 20261003 --phase-step-offset 280000 --resume /run/media/pma213x/0C6A8CC86A8CAFCE/Ubuntu2/CodeU/Dog1/official-mini-cheetah/checkpoints/official_mini_cheetah_flat_jump_v1_r3/official_mini_cheetah_flat_jump_v1_r3_final.zip
[2026-10-05T19:22:28+0800] P1 四 worker 实时健康确认通过
[2026-10-05T19:22:46+0800] P1 启动：/usr/bin/python3 -m rl.train --phase P1 --total-steps 310000 --device cuda --ckptdir /run/media/pma213x/0C6A8CC86A8CAFCE/Ubuntu2/CodeU/Dog1/official-mini-cheetah/checkpoints/official_mini_cheetah_flat_jump_v1_r3 --ckpt-prefix official_mini_cheetah_flat_jump_v1_r3 --logdir /run/media/pma213x/0C6A8CC86A8CAFCE/Ubuntu2/CodeU/Dog1/official-mini-cheetah/runs/official_mini_cheetah_flat_jump_v1_r3/P1_parallel --bridge-port 11452 --num-envs 4 --checkpoint-interval 20000 --randomization-mode fixed --seed 20261003 --phase-step-offset 290000 --resume /run/media/pma213x/0C6A8CC86A8CAFCE/Ubuntu2/CodeU/Dog1/official-mini-cheetah/checkpoints/official_mini_cheetah_flat_jump_v1_r3/official_mini_cheetah_flat_jump_v1_r3_final.zip
[2026-10-05T19:22:52+0800] P1 四 worker 实时健康确认通过
[2026-10-05T19:23:10+0800] P1 验收命令：/usr/bin/python3 -m rl.evaluate --phase P1 --gate --checkpoint /run/media/pma213x/0C6A8CC86A8CAFCE/Ubuntu2/CodeU/Dog1/official-mini-cheetah/checkpoints/official_mini_cheetah_flat_jump_v1_r3/official_mini_cheetah_flat_jump_v1_r3_final.zip --output /run/media/pma213x/0C6A8CC86A8CAFCE/Ubuntu2/CodeU/Dog1/official-mini-cheetah/logs/official_mini_cheetah_flat_jump_v1_r3/P1_gate_attempt_0.json
[2026-10-05T19:23:35+0800] P1 验收未通过，report.passed=false
[2026-10-05T19:23:35+0800] P1 验收命令：/usr/bin/python3 -m rl.evaluate --phase P1 --gate --checkpoint /run/media/pma213x/0C6A8CC86A8CAFCE/Ubuntu2/CodeU/Dog1/official-mini-cheetah/checkpoints/official_mini_cheetah_flat_jump_v1_r3/official_mini_cheetah_flat_jump_v1_r3_final.zip --output /run/media/pma213x/0C6A8CC86A8CAFCE/Ubuntu2/CodeU/Dog1/official-mini-cheetah/logs/official_mini_cheetah_flat_jump_v1_r3/P1_gate_attempt_1.json
[2026-10-05T19:24:02+0800] P1 验收未通过，report.passed=false
[2026-10-05T19:24:02+0800] P1 验收命令：/usr/bin/python3 -m rl.evaluate --phase P1 --gate --checkpoint /run/media/pma213x/0C6A8CC86A8CAFCE/Ubuntu2/CodeU/Dog1/official-mini-cheetah/checkpoints/official_mini_cheetah_flat_jump_v1_r3/official_mini_cheetah_flat_jump_v1_r3_final.zip --output /run/media/pma213x/0C6A8CC86A8CAFCE/Ubuntu2/CodeU/Dog1/official-mini-cheetah/logs/official_mini_cheetah_flat_jump_v1_r3/P1_gate_attempt_2.json
[2026-10-05T19:24:36+0800] P1 验收未通过，report.passed=false
[2026-10-05T19:24:36+0800] P1 连续 Gate 批次结果=[False, False, False]
[2026-10-05T19:24:36+0800] P1 启动：/usr/bin/python3 -m rl.train --phase P1 --total-steps 320000 --device cuda --ckptdir /run/media/pma213x/0C6A8CC86A8CAFCE/Ubuntu2/CodeU/Dog1/official-mini-cheetah/checkpoints/official_mini_cheetah_flat_jump_v1_r3 --ckpt-prefix official_mini_cheetah_flat_jump_v1_r3 --logdir /run/media/pma213x/0C6A8CC86A8CAFCE/Ubuntu2/CodeU/Dog1/official-mini-cheetah/runs/official_mini_cheetah_flat_jump_v1_r3/P1_parallel --bridge-port 11452 --num-envs 4 --checkpoint-interval 20000 --randomization-mode fixed --seed 20261003 --phase-step-offset 300000 --resume /run/media/pma213x/0C6A8CC86A8CAFCE/Ubuntu2/CodeU/Dog1/official-mini-cheetah/checkpoints/official_mini_cheetah_flat_jump_v1_r3/official_mini_cheetah_flat_jump_v1_r3_final.zip
[2026-10-05T19:24:42+0800] P1 四 worker 实时健康确认通过
[2026-10-05T19:25:02+0800] P1 验收命令：/usr/bin/python3 -m rl.evaluate --phase P1 --gate --checkpoint /run/media/pma213x/0C6A8CC86A8CAFCE/Ubuntu2/CodeU/Dog1/official-mini-cheetah/checkpoints/official_mini_cheetah_flat_jump_v1_r3/official_mini_cheetah_flat_jump_v1_r3_final.zip --output /run/media/pma213x/0C6A8CC86A8CAFCE/Ubuntu2/CodeU/Dog1/official-mini-cheetah/logs/official_mini_cheetah_flat_jump_v1_r3/P1_gate_attempt_0.json
[2026-10-05T19:25:27+0800] P1 验收未通过，report.passed=false
[2026-10-05T19:25:28+0800] P1 验收命令：/usr/bin/python3 -m rl.evaluate --phase P1 --gate --checkpoint /run/media/pma213x/0C6A8CC86A8CAFCE/Ubuntu2/CodeU/Dog1/official-mini-cheetah/checkpoints/official_mini_cheetah_flat_jump_v1_r3/official_mini_cheetah_flat_jump_v1_r3_final.zip --output /run/media/pma213x/0C6A8CC86A8CAFCE/Ubuntu2/CodeU/Dog1/official-mini-cheetah/logs/official_mini_cheetah_flat_jump_v1_r3/P1_gate_attempt_1.json
[2026-10-05T19:25:53+0800] P1 验收未通过，report.passed=false
[2026-10-05T19:25:53+0800] P1 验收命令：/usr/bin/python3 -m rl.evaluate --phase P1 --gate --checkpoint /run/media/pma213x/0C6A8CC86A8CAFCE/Ubuntu2/CodeU/Dog1/official-mini-cheetah/checkpoints/official_mini_cheetah_flat_jump_v1_r3/official_mini_cheetah_flat_jump_v1_r3_final.zip --output /run/media/pma213x/0C6A8CC86A8CAFCE/Ubuntu2/CodeU/Dog1/official-mini-cheetah/logs/official_mini_cheetah_flat_jump_v1_r3/P1_gate_attempt_2.json
[2026-10-05T19:26:18+0800] P1 验收未通过，report.passed=false
[2026-10-05T19:26:18+0800] P1 连续 Gate 批次结果=[False, False, False]
[2026-10-05T19:26:18+0800] P1 启动：/usr/bin/python3 -m rl.train --phase P1 --total-steps 330000 --device cuda --ckptdir /run/media/pma213x/0C6A8CC86A8CAFCE/Ubuntu2/CodeU/Dog1/official-mini-cheetah/checkpoints/official_mini_cheetah_flat_jump_v1_r3 --ckpt-prefix official_mini_cheetah_flat_jump_v1_r3 --logdir /run/media/pma213x/0C6A8CC86A8CAFCE/Ubuntu2/CodeU/Dog1/official-mini-cheetah/runs/official_mini_cheetah_flat_jump_v1_r3/P1_parallel --bridge-port 11452 --num-envs 4 --checkpoint-interval 20000 --randomization-mode fixed --seed 20261003 --phase-step-offset 310000 --resume /run/media/pma213x/0C6A8CC86A8CAFCE/Ubuntu2/CodeU/Dog1/official-mini-cheetah/checkpoints/official_mini_cheetah_flat_jump_v1_r3/official_mini_cheetah_flat_jump_v1_r3_final.zip
[2026-10-05T19:26:25+0800] P1 四 worker 实时健康确认通过
[2026-10-05T19:26:45+0800] P1 验收命令：/usr/bin/python3 -m rl.evaluate --phase P1 --gate --checkpoint /run/media/pma213x/0C6A8CC86A8CAFCE/Ubuntu2/CodeU/Dog1/official-mini-cheetah/checkpoints/official_mini_cheetah_flat_jump_v1_r3/official_mini_cheetah_flat_jump_v1_r3_final.zip --output /run/media/pma213x/0C6A8CC86A8CAFCE/Ubuntu2/CodeU/Dog1/official-mini-cheetah/logs/official_mini_cheetah_flat_jump_v1_r3/P1_gate_attempt_0.json
[2026-10-05T19:27:18+0800] P1 验收未通过，report.passed=false
[2026-10-05T19:27:18+0800] P1 验收命令：/usr/bin/python3 -m rl.evaluate --phase P1 --gate --checkpoint /run/media/pma213x/0C6A8CC86A8CAFCE/Ubuntu2/CodeU/Dog1/official-mini-cheetah/checkpoints/official_mini_cheetah_flat_jump_v1_r3/official_mini_cheetah_flat_jump_v1_r3_final.zip --output /run/media/pma213x/0C6A8CC86A8CAFCE/Ubuntu2/CodeU/Dog1/official-mini-cheetah/logs/official_mini_cheetah_flat_jump_v1_r3/P1_gate_attempt_1.json
[2026-10-05T19:27:44+0800] P1 验收未通过，report.passed=false
[2026-10-05T19:27:44+0800] P1 验收命令：/usr/bin/python3 -m rl.evaluate --phase P1 --gate --checkpoint /run/media/pma213x/0C6A8CC86A8CAFCE/Ubuntu2/CodeU/Dog1/official-mini-cheetah/checkpoints/official_mini_cheetah_flat_jump_v1_r3/official_mini_cheetah_flat_jump_v1_r3_final.zip --output /run/media/pma213x/0C6A8CC86A8CAFCE/Ubuntu2/CodeU/Dog1/official-mini-cheetah/logs/official_mini_cheetah_flat_jump_v1_r3/P1_gate_attempt_2.json
[2026-10-05T19:28:09+0800] P1 验收未通过，report.passed=false
[2026-10-05T19:28:09+0800] P1 连续 Gate 批次结果=[False, False, False]
[2026-10-05T19:28:09+0800] P1 启动：/usr/bin/python3 -m rl.train --phase P1 --total-steps 340000 --device cuda --ckptdir /run/media/pma213x/0C6A8CC86A8CAFCE/Ubuntu2/CodeU/Dog1/official-mini-cheetah/checkpoints/official_mini_cheetah_flat_jump_v1_r3 --ckpt-prefix official_mini_cheetah_flat_jump_v1_r3 --logdir /run/media/pma213x/0C6A8CC86A8CAFCE/Ubuntu2/CodeU/Dog1/official-mini-cheetah/runs/official_mini_cheetah_flat_jump_v1_r3/P1_parallel --bridge-port 11452 --num-envs 4 --checkpoint-interval 20000 --randomization-mode fixed --seed 20261003 --phase-step-offset 320000 --resume /run/media/pma213x/0C6A8CC86A8CAFCE/Ubuntu2/CodeU/Dog1/official-mini-cheetah/checkpoints/official_mini_cheetah_flat_jump_v1_r3/official_mini_cheetah_flat_jump_v1_r3_final.zip
[2026-10-05T19:28:15+0800] P1 四 worker 实时健康确认通过
[2026-10-05T19:28:32+0800] P1 验收命令：/usr/bin/python3 -m rl.evaluate --phase P1 --gate --checkpoint /run/media/pma213x/0C6A8CC86A8CAFCE/Ubuntu2/CodeU/Dog1/official-mini-cheetah/checkpoints/official_mini_cheetah_flat_jump_v1_r3/official_mini_cheetah_flat_jump_v1_r3_final.zip --output /run/media/pma213x/0C6A8CC86A8CAFCE/Ubuntu2/CodeU/Dog1/official-mini-cheetah/logs/official_mini_cheetah_flat_jump_v1_r3/P1_gate_attempt_0.json
[2026-10-05T19:28:58+0800] P1 验收未通过，report.passed=false
[2026-10-05T19:28:58+0800] P1 验收命令：/usr/bin/python3 -m rl.evaluate --phase P1 --gate --checkpoint /run/media/pma213x/0C6A8CC86A8CAFCE/Ubuntu2/CodeU/Dog1/official-mini-cheetah/checkpoints/official_mini_cheetah_flat_jump_v1_r3/official_mini_cheetah_flat_jump_v1_r3_final.zip --output /run/media/pma213x/0C6A8CC86A8CAFCE/Ubuntu2/CodeU/Dog1/official-mini-cheetah/logs/official_mini_cheetah_flat_jump_v1_r3/P1_gate_attempt_1.json
[2026-10-05T19:29:24+0800] P1 验收未通过，report.passed=false
[2026-10-05T19:29:24+0800] P1 验收命令：/usr/bin/python3 -m rl.evaluate --phase P1 --gate --checkpoint /run/media/pma213x/0C6A8CC86A8CAFCE/Ubuntu2/CodeU/Dog1/official-mini-cheetah/checkpoints/official_mini_cheetah_flat_jump_v1_r3/official_mini_cheetah_flat_jump_v1_r3_final.zip --output /run/media/pma213x/0C6A8CC86A8CAFCE/Ubuntu2/CodeU/Dog1/official-mini-cheetah/logs/official_mini_cheetah_flat_jump_v1_r3/P1_gate_attempt_2.json
[2026-10-05T19:29:49+0800] P1 验收未通过，report.passed=false
[2026-10-05T19:29:49+0800] P1 连续 Gate 批次结果=[False, False, False]
[2026-10-05T19:29:49+0800] P1 启动：/usr/bin/python3 -m rl.train --phase P1 --total-steps 350000 --device cuda --ckptdir /run/media/pma213x/0C6A8CC86A8CAFCE/Ubuntu2/CodeU/Dog1/official-mini-cheetah/checkpoints/official_mini_cheetah_flat_jump_v1_r3 --ckpt-prefix official_mini_cheetah_flat_jump_v1_r3 --logdir /run/media/pma213x/0C6A8CC86A8CAFCE/Ubuntu2/CodeU/Dog1/official-mini-cheetah/runs/official_mini_cheetah_flat_jump_v1_r3/P1_parallel --bridge-port 11452 --num-envs 4 --checkpoint-interval 20000 --randomization-mode fixed --seed 20261003 --phase-step-offset 330000 --resume /run/media/pma213x/0C6A8CC86A8CAFCE/Ubuntu2/CodeU/Dog1/official-mini-cheetah/checkpoints/official_mini_cheetah_flat_jump_v1_r3/official_mini_cheetah_flat_jump_v1_r3_final.zip
[2026-10-05T19:29:55+0800] P1 四 worker 实时健康确认通过
[2026-10-05T19:30:13+0800] P1 验收命令：/usr/bin/python3 -m rl.evaluate --phase P1 --gate --checkpoint /run/media/pma213x/0C6A8CC86A8CAFCE/Ubuntu2/CodeU/Dog1/official-mini-cheetah/checkpoints/official_mini_cheetah_flat_jump_v1_r3/official_mini_cheetah_flat_jump_v1_r3_final.zip --output /run/media/pma213x/0C6A8CC86A8CAFCE/Ubuntu2/CodeU/Dog1/official-mini-cheetah/logs/official_mini_cheetah_flat_jump_v1_r3/P1_gate_attempt_0.json
[2026-10-05T19:30:40+0800] P1 验收未通过，report.passed=false
[2026-10-05T19:30:40+0800] P1 验收命令：/usr/bin/python3 -m rl.evaluate --phase P1 --gate --checkpoint /run/media/pma213x/0C6A8CC86A8CAFCE/Ubuntu2/CodeU/Dog1/official-mini-cheetah/checkpoints/official_mini_cheetah_flat_jump_v1_r3/official_mini_cheetah_flat_jump_v1_r3_final.zip --output /run/media/pma213x/0C6A8CC86A8CAFCE/Ubuntu2/CodeU/Dog1/official-mini-cheetah/logs/official_mini_cheetah_flat_jump_v1_r3/P1_gate_attempt_1.json
[2026-10-05T19:31:05+0800] P1 验收未通过，report.passed=false
[2026-10-05T19:31:05+0800] P1 验收命令：/usr/bin/python3 -m rl.evaluate --phase P1 --gate --checkpoint /run/media/pma213x/0C6A8CC86A8CAFCE/Ubuntu2/CodeU/Dog1/official-mini-cheetah/checkpoints/official_mini_cheetah_flat_jump_v1_r3/official_mini_cheetah_flat_jump_v1_r3_final.zip --output /run/media/pma213x/0C6A8CC86A8CAFCE/Ubuntu2/CodeU/Dog1/official-mini-cheetah/logs/official_mini_cheetah_flat_jump_v1_r3/P1_gate_attempt_2.json
[2026-10-05T19:31:30+0800] P1 验收未通过，report.passed=false
[2026-10-05T19:31:30+0800] P1 连续 Gate 批次结果=[False, False, False]
[2026-10-05T19:31:30+0800] P1 启动：/usr/bin/python3 -m rl.train --phase P1 --total-steps 360000 --device cuda --ckptdir /run/media/pma213x/0C6A8CC86A8CAFCE/Ubuntu2/CodeU/Dog1/official-mini-cheetah/checkpoints/official_mini_cheetah_flat_jump_v1_r3 --ckpt-prefix official_mini_cheetah_flat_jump_v1_r3 --logdir /run/media/pma213x/0C6A8CC86A8CAFCE/Ubuntu2/CodeU/Dog1/official-mini-cheetah/runs/official_mini_cheetah_flat_jump_v1_r3/P1_parallel --bridge-port 11452 --num-envs 4 --checkpoint-interval 20000 --randomization-mode fixed --seed 20261003 --phase-step-offset 340000 --resume /run/media/pma213x/0C6A8CC86A8CAFCE/Ubuntu2/CodeU/Dog1/official-mini-cheetah/checkpoints/official_mini_cheetah_flat_jump_v1_r3/official_mini_cheetah_flat_jump_v1_r3_final.zip
[2026-10-05T19:31:36+0800] P1 四 worker 实时健康确认通过
[2026-10-05T19:31:53+0800] P1 验收命令：/usr/bin/python3 -m rl.evaluate --phase P1 --gate --checkpoint /run/media/pma213x/0C6A8CC86A8CAFCE/Ubuntu2/CodeU/Dog1/official-mini-cheetah/checkpoints/official_mini_cheetah_flat_jump_v1_r3/official_mini_cheetah_flat_jump_v1_r3_final.zip --output /run/media/pma213x/0C6A8CC86A8CAFCE/Ubuntu2/CodeU/Dog1/official-mini-cheetah/logs/official_mini_cheetah_flat_jump_v1_r3/P1_gate_attempt_0.json
[2026-10-05T19:32:19+0800] P1 验收未通过，report.passed=false
[2026-10-05T19:32:19+0800] P1 验收命令：/usr/bin/python3 -m rl.evaluate --phase P1 --gate --checkpoint /run/media/pma213x/0C6A8CC86A8CAFCE/Ubuntu2/CodeU/Dog1/official-mini-cheetah/checkpoints/official_mini_cheetah_flat_jump_v1_r3/official_mini_cheetah_flat_jump_v1_r3_final.zip --output /run/media/pma213x/0C6A8CC86A8CAFCE/Ubuntu2/CodeU/Dog1/official-mini-cheetah/logs/official_mini_cheetah_flat_jump_v1_r3/P1_gate_attempt_1.json
[2026-10-05T19:32:44+0800] P1 验收未通过，report.passed=false
[2026-10-05T19:32:44+0800] P1 验收命令：/usr/bin/python3 -m rl.evaluate --phase P1 --gate --checkpoint /run/media/pma213x/0C6A8CC86A8CAFCE/Ubuntu2/CodeU/Dog1/official-mini-cheetah/checkpoints/official_mini_cheetah_flat_jump_v1_r3/official_mini_cheetah_flat_jump_v1_r3_final.zip --output /run/media/pma213x/0C6A8CC86A8CAFCE/Ubuntu2/CodeU/Dog1/official-mini-cheetah/logs/official_mini_cheetah_flat_jump_v1_r3/P1_gate_attempt_2.json
[2026-10-05T19:33:09+0800] P1 验收未通过，report.passed=false
[2026-10-05T19:33:09+0800] P1 连续 Gate 批次结果=[False, False, False]
[2026-10-05T19:33:09+0800] P1 启动：/usr/bin/python3 -m rl.train --phase P1 --total-steps 370000 --device cuda --ckptdir /run/media/pma213x/0C6A8CC86A8CAFCE/Ubuntu2/CodeU/Dog1/official-mini-cheetah/checkpoints/official_mini_cheetah_flat_jump_v1_r3 --ckpt-prefix official_mini_cheetah_flat_jump_v1_r3 --logdir /run/media/pma213x/0C6A8CC86A8CAFCE/Ubuntu2/CodeU/Dog1/official-mini-cheetah/runs/official_mini_cheetah_flat_jump_v1_r3/P1_parallel --bridge-port 11452 --num-envs 4 --checkpoint-interval 20000 --randomization-mode fixed --seed 20261003 --phase-step-offset 350000 --resume /run/media/pma213x/0C6A8CC86A8CAFCE/Ubuntu2/CodeU/Dog1/official-mini-cheetah/checkpoints/official_mini_cheetah_flat_jump_v1_r3/official_mini_cheetah_flat_jump_v1_r3_final.zip
[2026-10-05T19:33:16+0800] P1 四 worker 实时健康确认通过
[2026-10-05T19:33:32+0800] P1 验收命令：/usr/bin/python3 -m rl.evaluate --phase P1 --gate --checkpoint /run/media/pma213x/0C6A8CC86A8CAFCE/Ubuntu2/CodeU/Dog1/official-mini-cheetah/checkpoints/official_mini_cheetah_flat_jump_v1_r3/official_mini_cheetah_flat_jump_v1_r3_final.zip --output /run/media/pma213x/0C6A8CC86A8CAFCE/Ubuntu2/CodeU/Dog1/official-mini-cheetah/logs/official_mini_cheetah_flat_jump_v1_r3/P1_gate_attempt_0.json
[2026-10-05T19:33:57+0800] P1 验收未通过，report.passed=false
[2026-10-05T19:33:57+0800] P1 验收命令：/usr/bin/python3 -m rl.evaluate --phase P1 --gate --checkpoint /run/media/pma213x/0C6A8CC86A8CAFCE/Ubuntu2/CodeU/Dog1/official-mini-cheetah/checkpoints/official_mini_cheetah_flat_jump_v1_r3/official_mini_cheetah_flat_jump_v1_r3_final.zip --output /run/media/pma213x/0C6A8CC86A8CAFCE/Ubuntu2/CodeU/Dog1/official-mini-cheetah/logs/official_mini_cheetah_flat_jump_v1_r3/P1_gate_attempt_1.json
[2026-10-05T19:34:23+0800] P1 验收未通过，report.passed=false
[2026-10-05T19:34:23+0800] P1 验收命令：/usr/bin/python3 -m rl.evaluate --phase P1 --gate --checkpoint /run/media/pma213x/0C6A8CC86A8CAFCE/Ubuntu2/CodeU/Dog1/official-mini-cheetah/checkpoints/official_mini_cheetah_flat_jump_v1_r3/official_mini_cheetah_flat_jump_v1_r3_final.zip --output /run/media/pma213x/0C6A8CC86A8CAFCE/Ubuntu2/CodeU/Dog1/official-mini-cheetah/logs/official_mini_cheetah_flat_jump_v1_r3/P1_gate_attempt_2.json
[2026-10-05T19:34:49+0800] P1 验收未通过，report.passed=false
[2026-10-05T19:34:49+0800] P1 连续 Gate 批次结果=[False, False, False]
[2026-10-05T19:34:49+0800] P1 启动：/usr/bin/python3 -m rl.train --phase P1 --total-steps 380000 --device cuda --ckptdir /run/media/pma213x/0C6A8CC86A8CAFCE/Ubuntu2/CodeU/Dog1/official-mini-cheetah/checkpoints/official_mini_cheetah_flat_jump_v1_r3 --ckpt-prefix official_mini_cheetah_flat_jump_v1_r3 --logdir /run/media/pma213x/0C6A8CC86A8CAFCE/Ubuntu2/CodeU/Dog1/official-mini-cheetah/runs/official_mini_cheetah_flat_jump_v1_r3/P1_parallel --bridge-port 11452 --num-envs 4 --checkpoint-interval 20000 --randomization-mode fixed --seed 20261003 --phase-step-offset 360000 --resume /run/media/pma213x/0C6A8CC86A8CAFCE/Ubuntu2/CodeU/Dog1/official-mini-cheetah/checkpoints/official_mini_cheetah_flat_jump_v1_r3/official_mini_cheetah_flat_jump_v1_r3_final.zip
[2026-10-05T19:34:55+0800] P1 四 worker 实时健康确认通过
[2026-10-05T19:35:12+0800] P1 验收命令：/usr/bin/python3 -m rl.evaluate --phase P1 --gate --checkpoint /run/media/pma213x/0C6A8CC86A8CAFCE/Ubuntu2/CodeU/Dog1/official-mini-cheetah/checkpoints/official_mini_cheetah_flat_jump_v1_r3/official_mini_cheetah_flat_jump_v1_r3_final.zip --output /run/media/pma213x/0C6A8CC86A8CAFCE/Ubuntu2/CodeU/Dog1/official-mini-cheetah/logs/official_mini_cheetah_flat_jump_v1_r3/P1_gate_attempt_0.json
[2026-10-05T19:35:38+0800] P1 验收未通过，report.passed=false
[2026-10-05T19:35:38+0800] P1 验收命令：/usr/bin/python3 -m rl.evaluate --phase P1 --gate --checkpoint /run/media/pma213x/0C6A8CC86A8CAFCE/Ubuntu2/CodeU/Dog1/official-mini-cheetah/checkpoints/official_mini_cheetah_flat_jump_v1_r3/official_mini_cheetah_flat_jump_v1_r3_final.zip --output /run/media/pma213x/0C6A8CC86A8CAFCE/Ubuntu2/CodeU/Dog1/official-mini-cheetah/logs/official_mini_cheetah_flat_jump_v1_r3/P1_gate_attempt_1.json
[2026-10-05T19:36:03+0800] P1 验收未通过，report.passed=false
[2026-10-05T19:36:03+0800] P1 验收命令：/usr/bin/python3 -m rl.evaluate --phase P1 --gate --checkpoint /run/media/pma213x/0C6A8CC86A8CAFCE/Ubuntu2/CodeU/Dog1/official-mini-cheetah/checkpoints/official_mini_cheetah_flat_jump_v1_r3/official_mini_cheetah_flat_jump_v1_r3_final.zip --output /run/media/pma213x/0C6A8CC86A8CAFCE/Ubuntu2/CodeU/Dog1/official-mini-cheetah/logs/official_mini_cheetah_flat_jump_v1_r3/P1_gate_attempt_2.json
[2026-10-05T19:36:28+0800] P1 验收未通过，report.passed=false
[2026-10-05T19:36:28+0800] P1 连续 Gate 批次结果=[False, False, False]
[2026-10-05T19:36:28+0800] P1 启动：/usr/bin/python3 -m rl.train --phase P1 --total-steps 390000 --device cuda --ckptdir /run/media/pma213x/0C6A8CC86A8CAFCE/Ubuntu2/CodeU/Dog1/official-mini-cheetah/checkpoints/official_mini_cheetah_flat_jump_v1_r3 --ckpt-prefix official_mini_cheetah_flat_jump_v1_r3 --logdir /run/media/pma213x/0C6A8CC86A8CAFCE/Ubuntu2/CodeU/Dog1/official-mini-cheetah/runs/official_mini_cheetah_flat_jump_v1_r3/P1_parallel --bridge-port 11452 --num-envs 4 --checkpoint-interval 20000 --randomization-mode fixed --seed 20261003 --phase-step-offset 370000 --resume /run/media/pma213x/0C6A8CC86A8CAFCE/Ubuntu2/CodeU/Dog1/official-mini-cheetah/checkpoints/official_mini_cheetah_flat_jump_v1_r3/official_mini_cheetah_flat_jump_v1_r3_final.zip
[2026-10-05T19:36:35+0800] P1 四 worker 实时健康确认通过
[2026-10-05T19:36:51+0800] P1 验收命令：/usr/bin/python3 -m rl.evaluate --phase P1 --gate --checkpoint /run/media/pma213x/0C6A8CC86A8CAFCE/Ubuntu2/CodeU/Dog1/official-mini-cheetah/checkpoints/official_mini_cheetah_flat_jump_v1_r3/official_mini_cheetah_flat_jump_v1_r3_final.zip --output /run/media/pma213x/0C6A8CC86A8CAFCE/Ubuntu2/CodeU/Dog1/official-mini-cheetah/logs/official_mini_cheetah_flat_jump_v1_r3/P1_gate_attempt_0.json
[2026-10-05T19:37:17+0800] P1 验收未通过，report.passed=false
[2026-10-05T19:37:17+0800] P1 验收命令：/usr/bin/python3 -m rl.evaluate --phase P1 --gate --checkpoint /run/media/pma213x/0C6A8CC86A8CAFCE/Ubuntu2/CodeU/Dog1/official-mini-cheetah/checkpoints/official_mini_cheetah_flat_jump_v1_r3/official_mini_cheetah_flat_jump_v1_r3_final.zip --output /run/media/pma213x/0C6A8CC86A8CAFCE/Ubuntu2/CodeU/Dog1/official-mini-cheetah/logs/official_mini_cheetah_flat_jump_v1_r3/P1_gate_attempt_1.json
[2026-10-05T19:37:43+0800] P1 验收未通过，report.passed=false
[2026-10-05T19:37:43+0800] P1 验收命令：/usr/bin/python3 -m rl.evaluate --phase P1 --gate --checkpoint /run/media/pma213x/0C6A8CC86A8CAFCE/Ubuntu2/CodeU/Dog1/official-mini-cheetah/checkpoints/official_mini_cheetah_flat_jump_v1_r3/official_mini_cheetah_flat_jump_v1_r3_final.zip --output /run/media/pma213x/0C6A8CC86A8CAFCE/Ubuntu2/CodeU/Dog1/official-mini-cheetah/logs/official_mini_cheetah_flat_jump_v1_r3/P1_gate_attempt_2.json
[2026-10-05T19:38:09+0800] P1 验收未通过，report.passed=false
[2026-10-05T19:38:09+0800] P1 连续 Gate 批次结果=[False, False, False]
[2026-10-05T19:38:09+0800] P1 启动：/usr/bin/python3 -m rl.train --phase P1 --total-steps 400000 --device cuda --ckptdir /run/media/pma213x/0C6A8CC86A8CAFCE/Ubuntu2/CodeU/Dog1/official-mini-cheetah/checkpoints/official_mini_cheetah_flat_jump_v1_r3 --ckpt-prefix official_mini_cheetah_flat_jump_v1_r3 --logdir /run/media/pma213x/0C6A8CC86A8CAFCE/Ubuntu2/CodeU/Dog1/official-mini-cheetah/runs/official_mini_cheetah_flat_jump_v1_r3/P1_parallel --bridge-port 11452 --num-envs 4 --checkpoint-interval 20000 --randomization-mode fixed --seed 20261003 --phase-step-offset 380000 --resume /run/media/pma213x/0C6A8CC86A8CAFCE/Ubuntu2/CodeU/Dog1/official-mini-cheetah/checkpoints/official_mini_cheetah_flat_jump_v1_r3/official_mini_cheetah_flat_jump_v1_r3_final.zip
[2026-10-05T19:38:15+0800] P1 四 worker 实时健康确认通过
[2026-10-05T19:38:32+0800] P1 验收命令：/usr/bin/python3 -m rl.evaluate --phase P1 --gate --checkpoint /run/media/pma213x/0C6A8CC86A8CAFCE/Ubuntu2/CodeU/Dog1/official-mini-cheetah/checkpoints/official_mini_cheetah_flat_jump_v1_r3/official_mini_cheetah_flat_jump_v1_r3_final.zip --output /run/media/pma213x/0C6A8CC86A8CAFCE/Ubuntu2/CodeU/Dog1/official-mini-cheetah/logs/official_mini_cheetah_flat_jump_v1_r3/P1_gate_attempt_0.json
[2026-10-05T19:38:57+0800] P1 验收未通过，report.passed=false
[2026-10-05T19:38:57+0800] P1 验收命令：/usr/bin/python3 -m rl.evaluate --phase P1 --gate --checkpoint /run/media/pma213x/0C6A8CC86A8CAFCE/Ubuntu2/CodeU/Dog1/official-mini-cheetah/checkpoints/official_mini_cheetah_flat_jump_v1_r3/official_mini_cheetah_flat_jump_v1_r3_final.zip --output /run/media/pma213x/0C6A8CC86A8CAFCE/Ubuntu2/CodeU/Dog1/official-mini-cheetah/logs/official_mini_cheetah_flat_jump_v1_r3/P1_gate_attempt_1.json
[2026-10-05T19:39:23+0800] P1 验收未通过，report.passed=false
[2026-10-05T19:39:23+0800] P1 验收命令：/usr/bin/python3 -m rl.evaluate --phase P1 --gate --checkpoint /run/media/pma213x/0C6A8CC86A8CAFCE/Ubuntu2/CodeU/Dog1/official-mini-cheetah/checkpoints/official_mini_cheetah_flat_jump_v1_r3/official_mini_cheetah_flat_jump_v1_r3_final.zip --output /run/media/pma213x/0C6A8CC86A8CAFCE/Ubuntu2/CodeU/Dog1/official-mini-cheetah/logs/official_mini_cheetah_flat_jump_v1_r3/P1_gate_attempt_2.json
[2026-10-05T19:39:48+0800] P1 验收未通过，report.passed=false
[2026-10-05T19:39:48+0800] P1 连续 Gate 批次结果=[False, False, False]
[2026-10-05T19:39:48+0800] 失败即停：P1 Gate 在预算 400000 处失败，按计划停止且不自动延长
[2026-10-05T22:44:37+0800] P1 连续 Gate 批次结果=[True, False, True]
