[3gH    H    H    H    H    H    H    H    H    H    H    H    H    H    H    H    H    H    H    H   [INFO] Using python from: /home/pma213x/.venvs/minicheetah-isaaclab/bin/python
Gym has been unmaintained since 2022 and does not support NumPy 2.0 amongst other critical functionality.
Please upgrade to Gymnasium, the maintained drop-in replacement of Gym, or contact the authors of your software and request that they upgrade.
See the migration guide at https://gymnasium.farama.org/introduction/migration_guide/ for additional information.
[Warning] [simulation_app.simulation_app] Modules: ['omni.kit_app'] were loaded before SimulationApp was started and might not be loaded correctly.
[Warning] [simulation_app.simulation_app] Please check to make sure no extra omniverse or pxr modules are imported before the call to SimulationApp(...)
Loading user config located at: '/home/pma213x/.venvs/minicheetah-isaaclab/lib/python3.10/site-packages/omni/data/Kit/Isaac-Sim/4.5/user.config.json'
[Info] [carb] Logging to file: /home/pma213x/.venvs/minicheetah-isaaclab/lib/python3.10/site-packages/omni/logs/Kit/Isaac-Sim/4.5/kit_20261007_225234.log
2026-10-07 14:52:34 [0ms] [Warning] [omni.kit.app.plugin] No crash reporter present, dumps uploading isn't available.
2026-10-07 14:52:34 [93ms] [Warning] [omni.usd_config.extension] Enable omni.materialx.libs extension to use MaterialX
2026-10-07 14:52:35 [348ms] [Warning] [omni.datastore] OmniHub is inaccessible
2026-10-07 14:52:35 [450ms] [Warning] [omni.isaac.dynamic_control] omni.isaac.dynamic_control is deprecated as of Isaac Sim 4.5. No action is needed from end-users.
2026-10-07 14:52:37 [2,709ms] [Warning] [gpu.foundation.plugin] Skipping unsupported non-NVIDIA GPU: Intel(R) UHD Graphics (ADL-S GT0.5)
2026-10-07 14:52:37 [2,709ms] [Warning] [gpu.foundation.plugin] Skipping unsupported non-NVIDIA GPU: Intel(R) UHD Graphics (ADL-S GT0.5)

|---------------------------------------------------------------------------------------------|
| Driver Version: 580.178.04    | Graphics API: Vulkan
|=============================================================================================|
| GPU | Name                             | Active | LDA | GPU Memory | Vendor-ID | LUID       |
|     |                                  |        |     |            | Device-ID | UUID       |
|     |                                  |        |     |            | Bus-ID    |            |
|---------------------------------------------------------------------------------------------|
| 0   | NVIDIA GeForce RTX 4060 Laptop.. | Yes: 0 |     | 8188    MB | 10de      | 0          |
|     |                                  |        |     |            | 28e0      | 4d090564.. |
|     |                                  |        |     |            | 1         |            |
|---------------------------------------------------------------------------------------------|
| 1   | Intel(R) UHD Graphics (ADL-S G.. |        |     | 11374   MB | 8086      | 0          |
|     |                                  |        |     |            | 468b      | 86808b46.. |
|     |                                  |        |     |            | 0         |            |
|=============================================================================================|
| OS: 26.04.1 LTS (Resolute Raccoon) ubuntu, Version: 26.04.1, Kernel: 7.0.0-34-generic
| XServer Vendor: The X.Org Foundation, XServer Version: 12401010 (1.24.1.10)
| Processor: 13th Gen Intel(R) Core(TM) i5-13500HX
| Bare Metal Cores: 14 | Bare Metal Logical Cores: 28
| Available Cores:  20 
|---------------------------------------------------------------------------------------------|
| Total Memory (MB): 15166 | Free Memory: 7085
| Total Page/Swap (MB): 20479 | Free Page/Swap: 14341
|---------------------------------------------------------------------------------------------|
2026-10-07 14:52:37 [2,951ms] [Warning] [gpu.foundation.plugin] IOMMU is enabled.
2026-10-07 14:52:37 [2,951ms] [Warning] [gpu.foundation.plugin] Detected IOMMU is enabled. Running CUDA peer-to-peer bandwidth and latency validation.
Unidirectional P2P=Enabled Bandwidth (P2P Writes) Matrix (GB/s)
   D\D     0 
     0 226.25 
P2P=Enabled Latency (P2P Writes) Matrix (us)
   GPU     0 
     0   1.47 

   CPU     0 
     0   2.06 
2026-10-07 14:52:37 [3,154ms] [Warning] [isaaclab.envs.manager_based_env] Seed not set for the environment. The environment creation may not be deterministic.
2026-10-07 14:52:38 [3,263ms] [Warning] [isaaclab.terrains.terrain_importer] Visual material specified for ground plane but no diffuse color found. Using defau[INFO][AppLauncher]: Loading experience file: /home/pma213x/IsaacLab/apps/isaaclab.python.headless.kit
[INFO]: Parsing configuration from: training.envs.velocity_flat_env_cfg:YoboGoVelocityFlatEnvCfg
[INFO]: Base environment:
	Environment device    : cuda:0
	Environment seed      : None
	Physics step-size     : 0.0004
	Rendering step-size   : 0.002
	Environment step-size : 0.002
[INFO]: Time taken for scene creation : 7.181120 seconds
[INFO]: Scene manager:  <class InteractiveScene>
	Number of environments: 1
	Environment spacing   : 2.5
	Source prim name      : /World/envs/env_0
	Global prim paths     : ['/World/ground']
	Replicate physics     : True
[INFO]: Starting the simulation. This may take a few seconds. Please wait...
[INFO]: Time taken for simulation start : 0.488707 seconds
[INFO] Command Manager:  <CommandManager> contains 1 active terms.
+------------------------------------------------+
|              Active Command Terms              |
+-------+---------------+------------------------+
| Index | Name          |          Type          |
+-------+---------------+------------------------+
|   0   | base_velocity | UniformVelocityCommand |
+-------+---------------+------------------------+

[INFO] Recorder Manager:  <RecorderManager> contains 0 active terms.
+---------------------+
| Active Recorder Terms |
+-----------+---------+
|   Index   | Name    |
+-----------+---------+
+-----------+---------+

[INFO] Action Manager:  <ActionManager> contains 1 active terms.
+------------------------------------+
|  Active Action Terms (shape: 12)   |
+--------+-------------+-------------+
| Index  | Name        |   Dimension |
+--------+-------------+-------------+
|   0    | joint_pos   |          12 |
+--------+-------------+-------------+

[INFO] Observation Manager: <ObservationManager> contains 1 groups.
+---------------------------------------------------------+
| Active Observation Terms in Group: 'policy' (shape: (48,)) |
+-----------+---------------------------------+-----------+
|   Index   | Name                            |   Shape   |
+-----------+---------------------------------+-----------+
|     0     | base_lin_vel                    |    (3,)   |
|     1     | base_ang_vel                    |    (3,)   |
|     2     | projected_gravity               |    (3,)   |
|     3     | velocity_commands               |    (3,)   |
|     4     | joint_pos                       |   (12,)   |
|     5     | joint_vel                       |   (12,)   |
|     6     | actions                         |   (12,)   |
+-----------+---------------------------------+-----------+

[INFO] Event Manager:  <EventManager> contains 3 active terms.
+--------------------------------------+
| Active Event Terms in Mode: 'startup' |
+----------+---------------------------+
|  Index   | Name                      |
+----------+---------------------------+
|    0     | physics_material          |
+----------+---------------------------+
+---------------------------------------+
|  Active Event Terms in Mode: 'reset'  |
+--------+------------------------------+
| Index  | Name                         |
+--------+------------------------------+
|   0    | base_external_force_torque   |
|   1    | reset_base                   |
|   2    | reset_robot_joints           |
+--------+------------------------------+
+----------------------------------------------+
|    Active Event Terms in Mode: 'interval'    |
+-------+------------+-------------------------+
| Index | Name       | Interval time range (s) |
+-------+------------+-------------------------+
|   0   | push_robot |       (10.0, 15.0)      |
+-------+------------+-------------------------+

[INFO] Termination Manager:  <TerminationManager> contains 2 active terms.
+---------------------------------+
|     Active Termination Terms    |
+-------+--------------+----------+
| Index | Name         | Time Out |
+-------+--------------+----------+
|   0   | time_out     |   True   |
|   1   | base_contact |  False   |
+-------+--------------+----------+

[INFO] Reward Manager:  <RewardManager> contains 11 active terms.
+-----------------------------------------+
|           Active Reward Terms           |
+-------+----------------------+----------+
| Index | Name                 |   Weight |
+-------+----------------------+----------+
|   0   | track_lin_vel_xy_exp |      1.0 |
|   1   | track_ang_vel_z_exp  |      0.5 |
|   2   | lin_vel_z_l2         |     -2.0 |
|   3   | ang_vel_xy_l2        |    -0.05 |
|   4   | dof_torques_l2       | -2.5e-05 |
|   5   | dof_acc_l2           | -2.5e-07 |
|   6   | action_rate_l2       |    -0.01 |
|   7   | feet_air_time        |      0.5 |
|   8   | undesired_contacts   |     -1.0 |
|   9   | flat_orientation_l2  |     -5.0 |
|   10  | dof_pos_limits       |      0.0 |
+-------+----------------------+----------+

[INFO] Curriculum Manager:  <CurriculumManager> contains 0 active terms.
+----------------------+
| Active Curriculum Terms |
+-----------+----------+
|   Index   | Name     |
+-----------+----------+
+-----------+----------+

[INFO]: Completed setting up the environment...
Setting seed: 0
Setting seed: 0
Setting seed: 0
{
  "task": "YoboGo-Velocity-Flat-v0",
  "mode": "all",
  "seed": 0,
  "usd_path": "/run/media/pma213x/0C6A8CC86A8CAFCE/Ubuntu2/CodeU/Dog1/mini-cheetah-isaaclab/model/yobogo_mini_cheetah_v1/yobogo_mini_cheetah.usd",
  "joint_names": [
    "leg0_abad_joint",
    "leg0_hip_joint",
    "leg0_knee_joint",
    "leg1_abad_joint",
    "leg1_hip_joint",
    "leg1_knee_joint",
    "leg2_abad_joint",
    "leg2_hip_joint",
    "leg2_knee_joint",
    "leg3_abad_joint",
    "leg3_hip_joint",
    "leg3_knee_joint"
  ],
  "target_joint_pos": {
    "leg0_abad_joint": -0.6,
    "leg0_hip_joint": -1.0,
    "leg0_knee_joint": 2.7,
    "leg1_abad_joint": 0.6,
    "leg1_hip_joint": -1.0,
    "leg1_knee_joint": 2.7,
    "leg2_abad_joint": -0.6,
    "leg2_hip_joint": -1.0,
    "leg2_knee_joint": 2.7,
    "leg3_abad_joint": 0.6,
    "leg3_hip_joint": -1.0,
    "leg3_knee_joint": 2.7
  },
  "sim_initial_joint_pos": {
    "leg0_abad_joint": 0.0,
    "leg0_hip_joint": -0.785398163,
    "leg0_knee_joint": 1.865468294,
    "leg1_abad_joint": 0.0,
    "leg1_hip_joint": -0.785398163,
    "leg1_knee_joint": 1.865468294,
    "leg2_abad_joint": 0.0,
    "leg2_hip_joint": -0.785398163,
    "leg2_knee_joint": 1.865468294,
    "leg3_abad_joint": 0.0,
    "leg3_hip_joint": -0.785398163,
    "leg3_knee_joint": 1.865468294
  },
  "control_period_s": 0.002,
  "status": "pass",
  "checks": [
    {
      "name": "控制周期等于 0.002 s",
      "status": "pass"
    },
    {
      "name": "只引用项目 USD",
      "status": "pass"
    },
    {
      "name": "动作/关节固定 12 路顺序",
      "status": "pass"
    },
    {
      "name": "reset observation.policy 全部为有限值",
      "status": "pass"
    },
    {
      "name": "reset 后关节姿态等于 SIM_INITIAL_JOINT_POS",
      "status": "pass"
    },
    {
      "name": "reset 后 12 关节状态齐全",
      "status": "pass"
    },
    {
      "name": "reset root 出生高度等于 0.26 m",
      "status": "pass"
    },
    {
      "name": "foot_collision_min ≈ -0.26 m",
      "status": "pass"
    },
    {
      "name": "base_collision_min = -0.04 m",
      "status": "pass"
    },
    {
      "name": "reset 根高与碰撞几何",
      "status": "pass",
      "root_z": 0.25999999046325684,
      "foot_collision_min": -0.260000079870224,
      "base_collision_min": -0.040000006556510925
    },
    {
      "name": "step 0 observation.policy 全部为有限值",
      "status": "pass"
    },
    {
      "name": "step 0 reward 全部为有限值",
      "status": "pass"
    },
    {
      "name": "step 0 terminated 全部为有限值",
      "status": "pass"
    },
    {
      "name": "step 0 truncated 全部为有限值",
      "status": "pass"
    },
    {
      "name": "step 1 observation.policy 全部为有限值",
      "status": "pass"
    },
    {
      "name": "step 1 reward 全部为有限值",
      "status": "pass"
    },
    {
      "name": "step 1 terminated 全部为有限值",
      "status": "pass"
    },
    {
      "name": "step 1 truncated 全部为有限值",
      "status": "pass"
    },
    {
      "name": "step 2 observation.policy 全部为有限值",
      "status": "pass"
    },
    {
      "name": "step 2 reward 全部为有限值",
      "status": "pass"
    },
    {
      "name": "step 2 terminated 全部为有限值",
      "status": "pass"
    },
    {
      "name": "step 2 truncated 全部为有限值",
      "status": "pass"
    },
    {
      "name": "step 3 observation.policy 全部为有限值",
      "status": "pass"
    },
    {
      "name": "step 3 reward 全部为有限值",
      "status": "pass"
    },
    {
      "name": "step 3 terminated 全部为有限值",
      "status": "pass"
    },
    {
      "name": "step 3 truncated 全部为有限值",
      "status": "pass"
    },
    {
      "name": "step 4 observation.policy 全部为有限值",
      "status": "pass"
    },
    {
      "name": "step 4 reward 全部为有限值",
      "status": "pass"
    },
    {
      "name": "step 4 terminated 全部为有限值",
      "status": "pass"
    },
    {
      "name": "step 4 truncated 全部为有限值",
      "status": "pass"
    },
    {
      "name": "step 5 observation.policy 全部为有限值",
      "status": "pass"
    },
    {
      "name": "step 5 reward 全部为有限值",
      "status": "pass"
    },
    {
      "name": "step 5 terminated 全部为有限值",
      "status": "pass"
    },
    {
      "name": "step 5 truncated 全部为有限值",
      "status": "pass"
    },
    {
      "name": "step 6 observation.policy 全部为有限值",
      "status": "pass"
    },
    {
      "name": "step 6 reward 全部为有限值",
      "status": "pass"
    },
    {
      "name": "step 6 terminated 全部为有限值",
      "status": "pass"
    },
    {
      "name": "step 6 truncated 全部为有限值",
      "status": "pass"
    },
    {
      "name": "step 7 observation.policy 全部为有限值",
      "status": "pass"
    },
    {
      "name": "step 7 reward 全部为有限值",
      "status": "pass"
    },
    {
      "name": "step 7 terminated 全部为有限值",
      "status": "pass"
    },
    {
      "name": "step 7 truncated 全部为有限值",
      "status": "pass"
    },
    {
      "name": "step 8 observation.policy 全部为有限值",
      "status": "pass"
    },
    {
      "name": "step 8 reward 全部为有限值",
      "status": "pass"
    },
    {
      "name": "step 8 terminated 全部为有限值",
      "status": "pass"
    },
    {
      "name": "step 8 truncated 全部为有限值",
      "status": "pass"
    },
    {
      "name": "step 9 observation.policy 全部为有限值",
      "status": "pass"
    },
    {
      "name": "step 9 reward 全部为有限值",
      "status": "pass"
    },
    {
      "name": "step 9 terminated 全部为有限值",
      "status": "pass"
    },
    {
      "name": "step 9 truncated 全部为有限值",
      "status": "pass"
    },
    {
      "name": "连续 step 10 次",
      "status": "pass"
    },
    {
      "name": "stand observation.policy 全部为有限值",
      "status": "pass"
    },
    {
      "name": "stand reward 全部为有限值",
      "status": "pass"
    },
    {
      "name": "stand observation.policy 全部为有限值",
      "status": "pass"
    },
    {
      "name": "stand reward 全部为有限值",
      "status": "pass"
    },
    {
      "name": "stand observation.policy 全部为有限值",
      "status": "pass"
    },
    {
      "name": "stand reward 全部为有限值",
      "status": "pass"
    },
    {
      "name": "stand observation.policy 全部为有限值",
      "status": "pass"
    },
    {
      "name": "stand reward 全部为有限值",
      "status": "pass"
    },
    {
      "name": "stand observation.policy 全部为有限值",
      "status": "pass"
    },
    {
      "name": "stand reward 全部为有限值",
      "status": "pass"
    },
    {
      "name": "stand observation.policy 全部为有限值",
      "status": "pass"
    },
    {
      "name": "stand reward 全部为有限值",
      "status": "pass"
    },
    {
      "name": "stand observation.policy 全部为有限值",
      "status": "pass"
    },
    {
      "name": "stand reward 全部为有限值",
      "status": "pass"
    },
    {
      "name": "stand observation.policy 全部为有限值",
      "status": "pass"
    },
    {
      "name": "stand reward 全部为有限值",
      "status": "pass"
    },
    {
      "name": "stand observation.policy 全部为有限值",
      "status": "pass"
    },
    {
      "name": "stand reward 全部为有限值",
      "status": "pass"
    },
    {
      "name": "stand observation.policy 全部为有限值",
      "status": "pass"
    },
    {
      "name": "stand reward 全部为有限值",
      "status": "pass"
    },
    {
      "name": "stand observation.policy 全部为有限值",
      "status": "pass"
    },
    {
      "name": "stand reward 全部为有限值",
      "status": "pass"
    },
    {
      "name": "stand observation.policy 全部为有限值",
      "status": "pass"
    },
    {
      "name": "stand reward 全部为有限值",
      "status": "pass"
    },
    {
      "name": "stand observation.policy 全部为有限值",
      "status": "pass"
    },
    {
      "name": "stand reward 全部为有限值",
      "status": "pass"
    },
    {
      "name": "stand observation.policy 全部为有限值",
      "status": "pass"
    },
    {
      "name": "stand reward 全部为有限值",
      "status": "pass"
    },
    {
      "name": "stand observation.policy 全部为有限值",
      "status": "pass"
    },
    {
      "name": "stand reward 全部为有限值",
      "status": "pass"
    },
    {
      "name": "stand observation.policy 全部为有限值",
      "status": "pass"
    },
    {
      "name": "stand reward 全部为有限值",
      "status": "pass"
    },
    {
      "name": "stand observation.policy 全部为有限值",
      "status": "pass"
    },
    {
      "name": "stand reward 全部为有限值",
      "status": "pass"
    },
    {
      "name": "stand observation.policy 全部为有限值",
      "status": "pass"
    },
    {
      "name": "stand reward 全部为有限值",
      "status": "pass"
    },
    {
      "name": "stand observation.policy 全部为有限值",
      "status": "pass"
    },
    {
      "name": "stand reward 全部为有限值",
      "status": "pass"
    },
    {
      "name": "stand observation.policy 全部为有限值",
      "status": "pass"
    },
    {
      "name": "stand reward 全部为有限值",
      "status": "pass"
    },
    {
      "name": "stand observation.policy 全部为有限值",
      "status": "pass"
    },
    {
      "name": "stand reward 全部为有限值",
      "status": "pass"
    },
    {
      "name": "stand observation.policy 全部为有限值",
      "status": "pass"
    },
    {
      "name": "stand reward 全部为有限值",
      "status": "pass"
    },
    {
      "name": "stand observation.policy 全部为有限值",
      "status": "pass"
    },
    {
      "name": "stand reward 全部为有限值",
      "status": "pass"
    },
    {
      "name": "stand observation.policy 全部为有限值",
      "status": "pass"
    },
    {
      "name": "stand reward 全部为有限值",
      "status": "pass"
    },
    {
      "name": "stand observation.policy 全部为有限值",
      "status": "pass"
    },
    {
      "name": "stand reward 全部为有限值",
      "status": "pass"
    },
    {
      "name": "stand observation.policy 全部为有限值",
      "status": "pass"
    },
    {
      "name": "stand reward 全部为有限值",
      "status": "pass"
    },
    {
      "name": "stand observation.policy 全部为有限值",
      "status": "pass"
    },
    {
      "name": "stand reward 全部为有限值",
      "status": "pass"
    },
    {
      "name": "stand observation.policy 全部为有限值",
      "status": "pass"
    },
    {
      "name": "stand reward 全部为有限值",
      "status": "pass"
    },
    {
      "name": "stand observation.policy 全部为有限值",
      "status": "pass"
    },
    {
      "name": "stand reward 全部为有限值",
      "status": "pass"
    },
    {
      "name": "stand observation.policy 全部为有限值",
      "status": "pass"
    },
    {
      "name": "stand reward 全部为有限值",
      "status": "pass"
    },
    {
      "name": "stand observation.policy 全部为有限值",
      "status": "pass"
    },
    {
      "name": "stand reward 全部为有限值",
      "status": "pass"
    },
    {
      "name": "stand observation.policy 全部为有限值",
      "status": "pass"
    },
    {
      "name": "stand reward 全部为有限值",
      "status": "pass"
    },
    {
      "name": "stand observation.policy 全部为有限值",
      "status": "pass"
    },
    {
      "name": "stand reward 全部为有限值",
      "status": "pass"
    },
    {
      "name": "stand observation.policy 全部为有限值",
      "status": "pass"
    },
    {
      "name": "stand reward 全部为有限值",
      "status": "pass"
    },
    {
      "name": "stand observation.policy 全部为有限值",
      "status": "pass"
    },
    {
      "name": "stand reward 全部为有限值",
      "status": "pass"
    },
    {
      "name": "stand observation.policy 全部为有限值",
      "status": "pass"
    },
    {
      "name": "stand reward 全部为有限值",
      "status": "pass"
    },
    {
      "name": "stand observation.policy 全部为有限值",
      "status": "pass"
    },
    {
      "name": "stand reward 全部为有限值",
      "status": "pass"
    },
    {
      "name": "stand observation.policy 全部为有限值",
      "status": "pass"
    },
    {
      "name": "stand reward 全部为有限值",
      "status": "pass"
    },
    {
      "name": "stand observation.policy 全部为有限值",
      "status": "pass"
    },
    {
      "name": "stand reward 全部为有限值",
      "status": "pass"
    },
    {
      "name": "stand observation.policy 全部为有限值",
      "status": "pass"
    },
    {
      "name": "stand reward 全部为有限值",
      "status": "pass"
    },
    {
      "name": "stand observation.policy 全部为有限值",
      "status": "pass"
    },
    {
      "name": "stand reward 全部为有限值",
      "status": "pass"
    },
    {
      "name": "stand observation.policy 全部为有限值",
      "status": "pass"
    },
    {
      "name": "stand reward 全部为有限值",
      "status": "pass"
    },
    {
      "name": "stand observation.policy 全部为有限值",
      "status": "pass"
    },
    {
      "name": "stand reward 全部为有限值",
      "status": "pass"
    },
    {
      "name": "stand observation.policy 全部为有限值",
      "status": "pass"
    },
    {
      "name": "stand reward 全部为有限值",
      "status": "pass"
    },
    {
      "name": "stand observation.policy 全部为有限值",
      "status": "pass"
    },
    {
      "name": "stand reward 全部为有限值",
      "status": "pass"
    },
    {
      "name": "stand observation.policy 全部为有限值",
      "status": "pass"
    },
    {
      "name": "stand reward 全部为有限值",
      "status": "pass"
    },
    {
      "name": "stand observation.policy 全部为有限值",
      "status": "pass"
    },
    {
      "name": "stand reward 全部为有限值",
      "status": "pass"
    },
    {
      "name": "stand observation.policy 全部为有限值",
      "status": "pass"
    },
    {
      "name": "stand reward 全部为有限值",
      "status": "pass"
    },
    {
      "name": "stand observation.policy 全部为有限值",
      "status": "pass"
    },
    {
      "name": "stand reward 全部为有限值",
      "status": "pass"
    },
    {
      "name": "stand observation.policy 全部为有限值",
      "status": "pass"
    },
    {
      "name": "stand reward 全部为有限值",
      "status": "pass"
    },
    {
      "name": "stand observation.policy 全部为有限值",
      "status": "pass"
    },
    {
      "name": "stand reward 全部为有限值",
      "status": "pass"
    },
    {
      "name": "stand observation.policy 全部为有限值",
      "status": "pass"
    },
    {
      "name": "stand reward 全部为有限值",
      "status": "pass"
    },
    {
      "name": "stand observation.policy 全部为有限值",
      "status": "pass"
    },
    {
      "name": "stand reward 全部为有限值",
      "status": "pass"
    },
    {
      "name": "stand observation.policy 全部为有限值",
      "status": "pass"
    },
    {
      "name": "stand reward 全部为有限值",
      "status": "pass"
    },
    {
      "name": "stand observation.policy 全部为有限值",
      "status": "pass"
    },
    {
      "name": "stand reward 全部为有限值",
      "status": "pass"
    },
    {
      "name": "stand observation.policy 全部为有限值",
      "status": "pass"
    },
    {
      "name": "stand reward 全部为有限值",
      "status": "pass"
    },
    {
      "name": "stand observation.policy 全部为有限值",
      "status": "pass"
    },
    {
      "name": "stand reward 全部为有限值",
      "status": "pass"
    },
    {
      "name": "stand observation.policy 全部为有限值",
      "status": "pass"
    },
    {
      "name": "stand reward 全部为有限值",
      "status": "pass"
    },
    {
      "name": "stand observation.policy 全部为有限值",
      "status": "pass"
    },
    {
      "name": "stand reward 全部为有限值",
      "status": "pass"
    },
    {
      "name": "stand observation.policy 全部为有限值",
      "status": "pass"
    },
    {
      "name": "stand reward 全部为有限值",
      "status": "pass"
    },
    {
      "name": "stand observation.policy 全部为有限值",
      "status": "pass"
    },
    {
      "name": "stand reward 全部为有限值",
      "status": "pass"
    },
    {
      "name": "stand observation.policy 全部为有限值",
      "status": "pass"
    },
    {
      "name": "stand reward 全部为有限值",
      "status": "pass"
    },
    {
      "name": "stand observation.policy 全部为有限值",
      "status": "pass"
    },
    {
      "name": "stand reward 全部为有限值",
      "status": "pass"
    },
    {
      "name": "stand observation.policy 全部为有限值",
      "status": "pass"
    },
    {
      "name": "stand reward 全部为有限值",
      "status": "pass"
    },
    {
      "name": "stand observation.policy 全部为有限值",
      "status": "pass"
    },
    {
      "name": "stand reward 全部为有限值",
      "status": "pass"
    },
    {
      "name": "stand observation.policy 全部为有限值",
      "status": "pass"
    },
    {
      "name": "stand reward 全部为有限值",
      "status": "pass"
    },
    {
      "name": "stand observation.policy 全部为有限值",
      "status": "pass"
    },
    {
      "name": "stand reward 全部为有限值",
      "status": "pass"
    },
    {
      "name": "stand observation.policy 全部为有限值",
      "status": "pass"
    },
    {
      "name": "stand reward 全部为有限值",
      "status": "pass"
    },
    {
      "name": "stand observation.policy 全部为有限值",
      "status": "pass"
    },
    {
      "name": "stand reward 全部为有限值",
      "status": "pass"
    },
    {
      "name": "stand observation.policy 全部为有限值",
      "status": "pass"
    },
    {
      "name": "stand reward 全部为有限值",
      "status": "pass"
    },
    {
      "name": "stand observation.policy 全部为有限值",
      "status": "pass"
    },
    {
      "name": "stand reward 全部为有限值",
      "status": "pass"
    },
    {
      "name": "stand observation.policy 全部为有限值",
      "status": "pass"
    },
    {
      "name": "stand reward 全部为有限值",
      "status": "pass"
    },
    {
      "name": "stand observation.policy 全部为有限值",
      "status": "pass"
    },
    {
      "name": "stand reward 全部为有限值",
      "status": "pass"
    },
    {
      "name": "stand observation.policy 全部为有限值",
      "status": "pass"
    },
    {
      "name": "stand reward 全部为有限值",
      "status": "pass"
    },
    {
      "name": "stand observation.policy 全部为有限值",
      "status": "pass"
    },
    {
      "name": "stand reward 全部为有限值",
      "status": "pass"
    },
    {
      "name": "stand observation.policy 全部为有限值",
      "status": "pass"
    },
    {
      "name": "stand reward 全部为有限值",
      "status": "pass"
    },
    {
      "name": "stand observation.policy 全部为有限值",
      "status": "pass"
    },
    {
      "name": "stand reward 全部为有限值",
      "status": "pass"
    },
    {
      "name": "stand observation.policy 全部为有限值",
      "status": "pass"
    },
    {
      "name": "stand reward 全部为有限值",
      "status": "pass"
    },
    {
      "name": "stand observation.policy 全部为有限值",
      "status": "pass"
    },
    {
      "name": "stand reward 全部为有限值",
      "status": "pass"
    },
    {
      "name": "stand observation.policy 全部为有限值",
      "status": "pass"
    },
    {
      "name": "stand reward 全部为有限值",
      "status": "pass"
    },
    {
      "name": "stand observation.policy 全部为有限值",
      "status": "pass"
    },
    {
      "name": "stand reward 全部为有限值",
      "status": "pass"
    },
    {
      "name": "stand observation.policy 全部为有限值",
      "status": "pass"
    },
    {
      "name": "stand reward 全部为有限值",
      "status": "pass"
    },
    {
      "name": "stand observation.policy 全部为有限值",
      "status": "pass"
    },
    {
      "name": "stand reward 全部为有限值",
      "status": "pass"
    },
    {
      "name": "stand observation.policy 全部为有限值",
      "status": "pass"
    },
    {
      "name": "stand reward 全部为有限值",
      "status": "pass"
    },
    {
      "name": "stand observation.policy 全部为有限值",
      "status": "pass"
    },
    {
      "name": "stand reward 全部为有限值",
      "status": "pass"
    },
    {
      "name": "stand observation.policy 全部为有限值",
      "status": "pass"
    },
    {
      "name": "stand reward 全部为有限值",
      "status": "pass"
    },
    {
      "name": "stand observation.policy 全部为有限值",
      "status": "pass"
    },
    {
      "name": "stand reward 全部为有限值",
      "status": "pass"
    },
    {
      "name": "stand observation.policy 全部为有限值",
      "status": "pass"
    },
    {
      "name": "stand reward 全部为有限值",
      "status": "pass"
    },
    {
      "name": "stand observation.policy 全部为有限值",
      "status": "pass"
    },
    {
      "name": "stand reward 全部为有限值",
      "status": "pass"
    },
    {
      "name": "stand observation.policy 全部为有限值",
      "status": "pass"
    },
    {
      "name": "stand reward 全部为有限值",
      "status": "pass"
    },
    {
      "name": "stand observation.policy 全部为有限值",
      "status": "pass"
    },
    {
      "name": "stand reward 全部为有限值",
      "status": "pass"
    },
    {
      "name": "stand observation.policy 全部为有限值",
      "status": "pass"
    },
    {
      "name": "stand reward 全部为有限值",
      "status": "pass"
    },
    {
      "name": "stand observation.policy 全部为有限值",
      "status": "pass"
    },
    {
      "name": "stand reward 全部为有限值",
      "status": "pass"
    },
    {
      "name": "stand observation.policy 全部为有限值",
      "status": "pass"
    },
    {
      "name": "stand reward 全部为有限值",
      "status": "pass"
    },
    {
      "name": "stand observation.policy 全部为有限值",
      "status": "pass"
    },
    {
      "name": "stand reward 全部为有限值",
      "status": "pass"
    },
    {
      "name": "stand observation.policy 全部为有限值",
      "status": "pass"
    },
    {
      "name": "stand reward 全部为有限值",
      "status": "pass"
    },
    {
      "name": "stand observation.policy 全部为有限值",
      "status": "pass"
    },
    {
      "name": "stand reward 全部为有限值",
      "status": "pass"
    },
    {
      "name": "stand observation.policy 全部为有限值",
      "status": "pass"
    },
    {
      "name": "stand reward 全部为有限值",
      "status": "pass"
    },
    {
      "name": "stand observation.policy 全部为有限值",
      "status": "pass"
    },
    {
      "name": "stand reward 全部为有限值",
      "status": "pass"
    },
    {
      "name": "stand observation.policy 全部为有限值",
      "status": "pass"
    },
    {
      "name": "stand reward 全部为有限值",
      "status": "pass"
    },
    {
      "name": "stand observation.policy 全部为有限值",
      "status": "pass"
    },
    {
      "name": "stand reward 全部为有限值",
      "status": "pass"
    },
    {
      "name": "stand observation.policy 全部为有限值",
      "status": "pass"
    },
    {
      "name": "stand reward 全部为有限值",
      "status": "pass"
    },
    {
      "name": "stand observation.policy 全部为有限值",
      "status": "pass"
    },
    {
      "name": "stand reward 全部为有限值",
      "status": "pass"
    },
    {
      "name": "stand observation.policy 全部为有限值",
      "status": "pass"
    },
    {
      "name": "stand reward 全部为有限值",
      "status": "pass"
    },
    {
      "name": "stand observation.policy 全部为有限值",
      "status": "pass"
    },
    {
      "name": "stand reward 全部为有限值",
      "status": "pass"
    },
    {
      "name": "stand observation.policy 全部为有限值",
      "status": "pass"
    },
    {
      "name": "stand reward 全部为有限值",
      "status": "pass"
    },
    {
      "name": "stand observation.policy 全部为有限值",
      "status": "pass"
    },
    {
      "name": "stand reward 全部为有限值",
      "status": "pass"
    },
    {
      "name": "stand observation.policy 全部为有限值",
      "status": "pass"
    },
    {
      "name": "stand reward 全部为有限值",
      "status": "pass"
    },
    {
      "name": "stand observation.policy 全部为有限值",
      "status": "pass"
    },
    {
      "name": "stand reward 全部为有限值",
      "status": "pass"
    },
    {
      "name": "stand observation.policy 全部为有限值",
      "status": "pass"
    },
    {
      "name": "stand reward 全部为有限值",
      "status": "pass"
    },
    {
      "name": "stand observation.policy 全部为有限值",
      "status": "pass"
    },
    {
      "name": "stand reward 全部为有限值",
      "status": "pass"
    },
    {
      "name": "stand observation.policy 全部为有限值",
      "status": "pass"
    },
    {
      "name": "stand reward 全部为有限值",
      "status": "pass"
    },
    {
      "name": "stand observation.policy 全部为有限值",
      "status": "pass"
    },
    {
      "name": "stand reward 全部为有限值",
      "status": "pass"
    },
    {
      "name": "stand observation.policy 全部为有限值",
      "status": "pass"
    },
    {
      "name": "stand reward 全部为有限值",
      "status": "pass"
    },
    {
      "name": "stand observation.policy 全部为有限值",
      "status": "pass"
    },
    {
      "name": "stand reward 全部为有限值",
      "status": "pass"
    },
    {
      "name": "stand observation.policy 全部为有限值",
      "status": "pass"
    },
    {
      "name": "stand reward 全部为有限值",
      "status": "pass"
    },
    {
      "name": "stand observation.policy 全部为有限值",
      "status": "pass"
    },
    {
      "name": "stand reward 全部为有限值",
      "status": "pass"
    },
    {
      "name": "stand observation.policy 全部为有限值",
      "status": "pass"
    },
    {
      "name": "stand reward 全部为有限值",
      "status": "pass"
    },
    {
      "name": "stand observation.policy 全部为有限值",
      "status": "pass"
    },
    {
      "name": "stand reward 全部为有限值",
      "status": "pass"
    },
    {
      "name": "stand observation.policy 全部为有限值",
      "status": "pass"
    },
    {
      "name": "stand reward 全部为有限值",
      "status": "pass"
    },
    {
      "name": "stand observation.policy 全部为有限值",
      "status": "pass"
    },
    {
      "name": "stand reward 全部为有限值",
      "status": "pass"
    },
    {
      "name": "stand observation.policy 全部为有限值",
      "status": "pass"
    },
    {
      "name": "stand reward 全部为有限值",
      "status": "pass"
    },
    {
      "name": "stand observation.policy 全部为有限值",
      "status": "pass"
    },
    {
      "name": "stand reward 全部为有限值",
      "status": "pass"
    },
    {
      "name": "stand observation.policy 全部为有限值",
      "status": "pass"
    },
    {
      "name": "stand reward 全部为有限值",
      "status": "pass"
    },
    {
      "name": "stand observation.policy 全部为有限值",
      "status": "pass"
    },
    {
      "name": "stand reward 全部为有限值",
      "status": "pass"
    },
    {
      "name": "stand observation.policy 全部为有限值",
      "status": "pass"
    },
    {
      "name": "stand reward 全部为有限值",
      "status": "pass"
    },
    {
      "name": "stand observation.policy 全部为有限值",
      "status": "pass"
    },
    {
      "name": "stand reward 全部为有限值",
      "status": "pass"
    },
    {
      "name": "stand observation.policy 全部为有限值",
      "status": "pass"
    },
    {
      "name": "stand reward 全部为有限值",
      "status": "pass"
    },
    {
      "name": "stand observation.policy 全部为有限值",
      "status": "pass"
    },
    {
      "name": "stand reward 全部为有限值",
      "status": "pass"
    },
    {
      "name": "stand observation.policy 全部为有限值",
      "status": "pass"
    },
    {
      "name": "stand reward 全部为有限值",
      "status": "pass"
    },
    {
      "name": "stand observation.policy 全部为有限值",
      "status": "pass"
    },
    {
      "name": "stand reward 全部为有限值",
      "status": "pass"
    },
    {
      "name": "stand observation.policy 全部为有限值",
      "status": "pass"
    },
    {
      "name": "stand reward 全部为有限值",
      "status": "pass"
    },
    {
      "name": "stand observation.policy 全部为有限值",
      "status": "pass"
    },
    {
      "name": "stand reward 全部为有限值",
      "status": "pass"
    },
    {
      "name": "stand observation.policy 全部为有限值",
      "status": "pass"
    },
    {
      "name": "stand reward 全部为有限值",
      "status": "pass"
    },
    {
      "name": "stand observation.policy 全部为有限值",
      "status": "pass"
    },
    {
      "name": "stand reward 全部为有限值",
      "status": "pass"
    },
    {
      "name": "stand observation.policy 全部为有限值",
      "status": "pass"
    },
    {
      "name": "stand reward 全部为有限值",
      "status": "pass"
    },
    {
      "name": "stand observation.policy 全部为有限值",
      "status": "pass"
    },
    {
      "name": "stand reward 全部为有限值",
      "status": "pass"
    },
    {
      "name": "stand observation.policy 全部为有限值",
      "status": "pass"
    },
    {
      "name": "stand reward 全部为有限值",
      "status": "pass"
    },
    {
      "name": "stand observation.policy 全部为有限值",
      "status": "pass"
    },
    {
      "name": "stand reward 全部为有限值",
      "status": "pass"
    },
    {
      "name": "stand observation.policy 全部为有限值",
      "status": "pass"
    },
    {
      "name": "stand reward 全部为有限值",
      "status": "pass"
    },
    {
      "name": "stand observation.policy 全部为有限值",
      "status": "pass"
    },
    {
      "name": "stand reward 全部为有限值",
      "status": "pass"
    },
    {
      "name": "stand observation.policy 全部为有限值",
      "status": "pass"
    },
    {
      "name": "stand reward 全部为有限值",
      "status": "pass"
    },
    {
      "name": "stand observation.policy 全部为有限值",
      "status": "pass"
    },
    {
      "name": "stand reward 全部为有限值",
      "status": "pass"
    },
    {
      "name": "stand observation.policy 全部为有限值",
      "status": "pass"
    },
    {
      "name": "stand reward 全部为有限值",
      "status": "pass"
    },
    {
      "name": "stand observation.policy 全部为有限值",
      "status": "pass"
    },
    {
      "name": "stand reward 全部为有限值",
      "status": "pass"
    },
    {
      "name": "stand observation.policy 全部为有限值",
      "status": "pass"
    },
    {
      "name": "stand reward 全部为有限值",
      "status": "pass"
    },
    {
      "name": "stand observation.policy 全部为有限值",
      "status": "pass"
    },
    {
      "name": "stand reward 全部为有限值",
      "status": "pass"
    },
    {
      "name": "stand observation.policy 全部为有限值",
      "status": "pass"
    },
    {
      "name": "stand reward 全部为有限值",
      "status": "pass"
    },
    {
      "name": "stand observation.policy 全部为有限值",
      "status": "pass"
    },
    {
      "name": "stand reward 全部为有限值",
      "status": "pass"
    },
    {
      "name": "stand observation.policy 全部为有限值",
      "status": "pass"
    },
    {
      "name": "stand reward 全部为有限值",
      "status": "pass"
    },
    {
      "name": "stand observation.policy 全部为有限值",
      "status": "pass"
    },
    {
      "name": "stand reward 全部为有限值",
      "status": "pass"
    },
    {
      "name": "stand observation.policy 全部为有限值",
      "status": "pass"
    },
    {
      "name": "stand reward 全部为有限值",
      "status": "pass"
    },
    {
      "name": "stand observation.policy 全部为有限值",
      "status": "pass"
    },
    {
      "name": "stand reward 全部为有限值",
      "status": "pass"
    },
    {
      "name": "stand observation.policy 全部为有限值",
      "status": "pass"
    },
    {
      "name": "stand reward 全部为有限值",
      "status": "pass"
    },
    {
      "name": "stand observation.policy 全部为有限值",
      "status": "pass"
    },
    {
      "name": "stand reward 全部为有限值",
      "status": "pass"
    },
    {
      "name": "stand observation.policy 全部为有限值",
      "status": "pass"
    },
    {
      "name": "stand reward 全部为有限值",
      "status": "pass"
    },
    {
      "name": "stand observation.policy 全部为有限值",
      "status": "pass"
    },
    {
      "name": "stand reward 全部为有限值",
      "status": "pass"
    },
    {
      "name": "stand observation.policy 全部为有限值",
      "status": "pass"
    },
    {
      "name": "stand reward 全部为有限值",
      "status": "pass"
    },
    {
      "name": "stand observation.policy 全部为有限值",
      "status": "pass"
    },
    {
      "name": "stand reward 全部为有限值",
      "status": "pass"
    },
    {
      "name": "stand observation.policy 全部为有限值",
      "status": "pass"
    },
    {
      "name": "stand reward 全部为有限值",
      "status": "pass"
    },
    {
      "name": "stand observation.policy 全部为有限值",
      "status": "pass"
    },
    {
      "name": "stand reward 全部为有限值",
      "status": "pass"
    },
    {
      "name": "stand observation.policy 全部为有限值",
      "status": "pass"
    },
    {
      "name": "stand reward 全部为有限值",
      "status": "pass"
    },
    {
      "name": "stand observation.policy 全部为有限值",
      "status": "pass"
    },
    {
      "name": "stand reward 全部为有限值",
      "status": "pass"
    },
    {
      "name": "stand observation.policy 全部为有限值",
      "status": "pass"
    },
    {
      "name": "stand reward 全部为有限值",
      "status": "pass"
    },
    {
      "name": "stand observation.policy 全部为有限值",
      "status": "pass"
    },
    {
      "name": "stand reward 全部为有限值",
      "status": "pass"
    },
    {
      "name": "stand observation.policy 全部为有限值",
      "status": "pass"
    },
    {
      "name": "stand reward 全部为有限值",
      "status": "pass"
    },
    {
      "name": "stand observation.policy 全部为有限值",
      "status": "pass"
    },
    {
      "name": "stand reward 全部为有限值",
      "status": "pass"
    },
    {
      "name": "stand observation.policy 全部为有限值",
      "status": "pass"
    },
    {
      "name": "stand reward 全部为有限值",
      "status": "pass"
    },
    {
      "name": "stand observation.policy 全部为有限值",
      "status": "pass"
    },
    {
      "name": "stand reward 全部为有限值",
      "status": "pass"
    },
    {
      "name": "stand observation.policy 全部为有限值",
      "status": "pass"
    },
    {
      "name": "stand reward 全部为有限值",
      "status": "pass"
    },
    {
      "name": "stand observation.policy 全部为有限值",
      "status": "pass"
    },
    {
      "name": "stand reward 全部为有限值",
      "status": "pass"
    },
    {
      "name": "stand observation.policy 全部为有限值",
      "status": "pass"
    },
    {
      "name": "stand reward 全部为有限值",
      "status": "pass"
    },
    {
      "name": "stand observation.policy 全部为有限值",
      "status": "pass"
    },
    {
      "name": "stand reward 全部为有限值",
      "status": "pass"
    },
    {
      "name": "stand observation.policy 全部为有限值",
      "status": "pass"
    },
    {
      "name": "stand reward 全部为有限值",
      "status": "pass"
    },
    {
      "name": "stand observation.policy 全部为有限值",
      "status": "pass"
    },
    {
      "name": "stand reward 全部为有限值",
      "status": "pass"
    },
    {
      "name": "stand observation.policy 全部为有限值",
      "status": "pass"
    },
    {
      "name": "stand reward 全部为有限值",
      "status": "pass"
    },
    {
      "name": "stand observation.policy 全部为有限值",
      "status": "pass"
    },
    {
      "name": "stand reward 全部为有限值",
      "status": "pass"
    },
    {
      "name": "stand observation.policy 全部为有限值",
      "status": "pass"
    },
    {
      "name": "stand reward 全部为有限值",
      "status": "pass"
    },
    {
      "name": "stand observation.policy 全部为有限值",
      "status": "pass"
    },
    {
      "name": "stand reward 全部为有限值",
      "status": "pass"
    },
    {
      "name": "stand observation.policy 全部为有限值",
      "status": "pass"
    },
    {
      "name": "stand reward 全部为有限值",
      "status": "pass"
    },
    {
      "name": "stand observation.policy 全部为有限值",
      "status": "pass"
    },
    {
      "name": "stand reward 全部为有限值",
      "status": "pass"
    },
    {
      "name": "stand observation.policy 全部为有限值",
      "status": "pass"
    },
    {
      "name": "stand reward 全部为有限值",
      "status": "pass"
    },
    {
      "name": "stand observation.policy 全部为有限值",
      "status": "pass"
    },
    {
      "name": "stand reward 全部为有限值",
      "status": "pass"
    },
    {
      "name": "stand observation.policy 全部为有限值",
      "status": "pass"
    },
    {
      "name": "stand reward 全部为有限值",
      "status": "pass"
    },
    {
      "name": "stand observation.policy 全部为有限值",
      "status": "pass"
    },
    {
      "name": "stand reward 全部为有限值",
      "status": "pass"
    },
    {
      "name": "stand observation.policy 全部为有限值",
      "status": "pass"
    },
    {
      "name": "stand reward 全部为有限值",
      "status": "pass"
    },
    {
      "name": "stand observation.policy 全部为有限值",
      "status": "pass"
    },
    {
      "name": "stand reward 全部为有限值",
      "status": "pass"
    },
    {
      "name": "stand observation.policy 全部为有限值",
      "status": "pass"
    },
    {
      "name": "stand reward 全部为有限值",
      "status": "pass"
    },
    {
      "name": "stand observation.policy 全部为有限值",
      "status": "pass"
    },
    {
      "name": "stand reward 全部为有限值",
      "status": "pass"
    },
    {
      "name": "stand observation.policy 全部为有限值",
      "status": "pass"
    },
    {
      "name": "stand reward 全部为有限值",
      "status": "pass"
    },
    {
      "name": "stand observation.policy 全部为有限值",
      "status": "pass"
    },
    {
      "name": "stand reward 全部为有限值",
      "status": "pass"
    },
    {
      "name": "stand observation.policy 全部为有限值",
      "status": "pass"
    },
    {
      "name": "stand reward 全部为有限值",
      "status": "pass"
    },
    {
      "name": "stand observation.policy 全部为有限值",
      "status": "pass"
    },
    {
      "name": "stand reward 全部为有限值",
      "status": "pass"
    },
    {
      "name": "stand observation.policy 全部为有限值",
      "status": "pass"
    },
    {
      "name": "stand reward 全部为有限值",
      "status": "pass"
    },
    {
      "name": "stand observation.policy 全部为有限值",
      "status": "pass"
    },
    {
      "name": "stand reward 全部为有限值",
      "status": "pass"
    },
    {
      "name": "stand observation.policy 全部为有限值",
      "status": "pass"
    },
    {
      "name": "stand reward 全部为有限值",
      "status": "pass"
    },
    {
      "name": "stand observation.policy 全部为有限值",
      "status": "pass"
    },
    {
      "name": "stand reward 全部为有限值",
      "status": "pass"
    },
    {
      "name": "stand observation.policy 全部为有限值",
      "status": "pass"
    },
    {
      "name": "stand reward 全部为有限值",
      "status": "pass"
    },
    {
      "name": "stand observation.policy 全部为有限值",
      "status": "pass"
    },
    {
      "name": "stand reward 全部为有限值",
      "status": "pass"
    },
    {
      "name": "stand observation.policy 全部为有限值",
      "status": "pass"
    },
    {
      "name": "stand reward 全部为有限值",
      "status": "pass"
    },
    {
      "name": "stand observation.policy 全部为有限值",
      "status": "pass"
    },
    {
      "name": "stand reward 全部为有限值",
      "status": "pass"
    },
    {
      "name": "stand observation.policy 全部为有限值",
      "status": "pass"
    },
    {
      "name": "stand reward 全部为有限值",
      "status": "pass"
    },
    {
      "name": "stand observation.policy 全部为有限值",
      "status": "pass"
    },
    {
      "name": "stand reward 全部为有限值",
      "status": "pass"
    },
    {
      "name": "stand observation.policy 全部为有限值",
      "status": "pass"
    },
    {
      "name": "stand reward 全部为有限值",
      "status": "pass"
    },
    {
      "name": "stand observation.policy 全部为有限值",
      "status": "pass"
    },
    {
      "name": "stand reward 全部为有限值",
      "status": "pass"
    },
    {
      "name": "stand observation.policy 全部为有限值",
      "status": "pass"
    },
    {
      "name": "stand reward 全部为有限值",
      "status": "pass"
    },
    {
      "name": "stand observation.policy 全部为有限值",
      "status": "pass"
    },
    {
      "name": "stand reward 全部为有限值",
      "status": "pass"
    },
    {
      "name": "stand observation.policy 全部为有限值",
      "status": "pass"
    },
    {
      "name": "stand reward 全部为有限值",
      "status": "pass"
    },
    {
      "name": "stand observation.policy 全部为有限值",
      "status": "pass"
    },
    {
      "name": "stand reward 全部为有限值",
      "status": "pass"
    },
    {
      "name": "stand observation.policy 全部为有限值",
      "status": "pass"
    },
    {
      "name": "stand reward 全部为有限值",
      "status": "pass"
    },
    {
      "name": "stand observation.policy 全部为有限值",
      "status": "pass"
    },
    {
      "name": "stand reward 全部为有限值",
      "status": "pass"
    },
    {
      "name": "stand observation.policy 全部为有限值",
      "status": "pass"
    },
    {
      "name": "stand reward 全部为有限值",
      "status": "pass"
    },
    {
      "name": "stand observation.policy 全部为有限值",
      "status": "pass"
    },
    {
      "name": "stand reward 全部为有限值",
      "status": "pass"
    },
    {
      "name": "stand observation.policy 全部为有限值",
      "status": "pass"
    },
    {
      "name": "stand reward 全部为有限值",
      "status": "pass"
    },
    {
      "name": "stand observation.policy 全部为有限值",
      "status": "pass"
    },
    {
      "name": "stand reward 全部为有限值",
      "status": "pass"
    },
    {
      "name": "stand observation.policy 全部为有限值",
      "status": "pass"
    },
    {
      "name": "stand reward 全部为有限值",
      "status": "pass"
    },
    {
      "name": "stand observation.policy 全部为有限值",
      "status": "pass"
    },
    {
      "name": "stand reward 全部为有限值",
      "status": "pass"
    },
    {
      "name": "stand observation.policy 全部为有限值",
      "status": "pass"
    },
    {
      "name": "stand reward 全部为有限值",
      "status": "pass"
    },
    {
      "name": "stand observation.policy 全部为有限值",
      "status": "pass"
    },
    {
      "name": "stand reward 全部为有限值",
      "status": "pass"
    },
    {
      "name": "stand observation.policy 全部为有限值",
      "status": "pass"
    },
    {
      "name": "stand reward 全部为有限值",
      "status": "pass"
    },
    {
      "name": "stand observation.policy 全部为有限值",
      "status": "pass"
    },
    {
      "name": "stand reward 全部为有限值",
      "status": "pass"
    },
    {
      "name": "stand observation.policy 全部为有限值",
      "status": "pass"
    },
    {
      "name": "stand reward 全部为有限值",
      "status": "pass"
    },
    {
      "name": "stand observation.policy 全部为有限值",
      "status": "pass"
    },
    {
      "name": "stand reward 全部为有限值",
      "status": "pass"
    },
    {
      "name": "stand observation.policy 全部为有限值",
      "status": "pass"
    },
    {
      "name": "stand reward 全部为有限值",
      "status": "pass"
    },
    {
      "name": "stand observation.policy 全部为有限值",
      "status": "pass"
    },
    {
      "name": "stand reward 全部为有限值",
      "status": "pass"
    },
    {
      "name": "stand observation.policy 全部为有限值",
      "status": "pass"
    },
    {
      "name": "stand reward 全部为有限值",
      "status": "pass"
    },
    {
      "name": "stand observation.policy 全部为有限值",
      "status": "pass"
    },
    {
      "name": "stand reward 全部为有限值",
      "status": "pass"
    },
    {
      "name": "stand observation.policy 全部为有限值",
      "status": "pass"
    },
    {
      "name": "stand reward 全部为有限值",
      "status": "pass"
    },
    {
      "name": "stand observation.policy 全部为有限值",
      "status": "pass"
    },
    {
      "name": "stand reward 全部为有限值",
      "status": "pass"
    },
    {
      "name": "stand observation.policy 全部为有限值",
      "status": "pass"
    },
    {
      "name": "stand reward 全部为有限值",
      "status": "pass"
    },
    {
      "name": "stand observation.policy 全部为有限值",
      "status": "pass"
    },
    {
      "name": "stand reward 全部为有限值",
      "status": "pass"
    },
    {
      "name": "stand observation.policy 全部为有限值",
      "status": "pass"
    },
    {
      "name": "stand reward 全部为有限值",
      "status": "pass"
    },
    {
      "name": "stand observation.policy 全部为有限值",
      "status": "pass"
    },
    {
      "name": "stand reward 全部为有限值",
      "status": "pass"
    },
    {
      "name": "stand observation.policy 全部为有限值",
      "status": "pass"
    },
    {
      "name": "stand reward 全部为有限值",
      "status": "pass"
    },
    {
      "name": "stand observation.policy 全部为有限值",
      "status": "pass"
    },
    {
      "name": "stand reward 全部为有限值",
      "status": "pass"
    },
    {
      "name": "stand observation.policy 全部为有限值",
      "status": "pass"
    },
    {
      "name": "stand reward 全部为有限值",
      "status": "pass"
    },
    {
      "name": "stand observation.policy 全部为有限值",
      "status": "pass"
    },
    {
      "name": "stand reward 全部为有限值",
      "status": "pass"
    },
    {
      "name": "stand observation.policy 全部为有限值",
      "status": "pass"
    },
    {
      "name": "stand reward 全部为有限值",
      "status": "pass"
    },
    {
      "name": "stand observation.policy 全部为有限值",
      "status": "pass"
    },
    {
      "name": "stand reward 全部为有限值",
      "status": "pass"
    },
    {
      "name": "stand observation.policy 全部为有限值",
      "status": "pass"
    },
    {
      "name": "stand reward 全部为有限值",
      "status": "pass"
    },
    {
      "name": "stand observation.policy 全部为有限值",
      "status": "pass"
    },
    {
      "name": "stand reward 全部为有限值",
      "status": "pass"
    },
    {
      "name": "stand observation.policy 全部为有限值",
      "status": "pass"
    },
    {
      "name": "stand reward 全部为有限值",
      "status": "pass"
    },
    {
      "name": "stand observation.policy 全部为有限值",
      "status": "pass"
    },
    {
      "name": "stand reward 全部为有限值",
      "status": "pass"
    },
    {
      "name": "stand observation.policy 全部为有限值",
      "status": "pass"
    },
    {
      "name": "stand reward 全部为有限值",
      "status": "pass"
    },
    {
      "name": "stand observation.policy 全部为有限值",
      "status": "pass"
    },
    {
      "name": "stand reward 全部为有限值",
      "status": "pass"
    },
    {
      "name": "stand observation.policy 全部为有限值",
      "status": "pass"
    },
    {
      "name": "stand reward 全部为有限值",
      "status": "pass"
    },
    {
      "name": "stand observation.policy 全部为有限值",
      "status": "pass"
    },
    {
      "name": "stand reward 全部为有限值",
      "status": "pass"
    },
    {
      "name": "stand observation.policy 全部为有限值",
      "status": "pass"
    },
    {
      "name": "stand reward 全部为有限值",
      "status": "pass"
    },
    {
      "name": "stand observation.policy 全部为有限值",
      "status": "pass"
    },
    {
      "name": "stand reward 全部为有限值",
      "status": "pass"
    },
    {
      "name": "stand observation.policy 全部为有限值",
      "status": "pass"
    },
    {
      "name": "stand reward 全部为有限值",
      "status": "pass"
    },
    {
      "name": "stand observation.policy 全部为有限值",
      "status": "pass"
    },
    {
      "name": "stand reward 全部为有限值",
      "status": "pass"
    },
    {
      "name": "stand observation.policy 全部为有限值",
      "status": "pass"
    },
    {
      "name": "stand reward 全部为有限值",
      "status": "pass"
    },
    {
      "name": "stand observation.policy 全部为有限值",
      "status": "pass"
    },
    {
      "name": "stand reward 全部为有限值",
      "status": "pass"
    },
    {
      "name": "stand observation.policy 全部为有限值",
      "status": "pass"
    },
    {
      "name": "stand reward 全部为有限值",
      "status": "pass"
    },
    {
      "name": "stand observation.policy 全部为有限值",
      "status": "pass"
    },
    {
      "name": "stand reward 全部为有限值",
      "status": "pass"
    },
    {
      "name": "stand observation.policy 全部为有限值",
      "status": "pass"
    },
    {
      "name": "stand reward 全部为有限值",
      "status": "pass"
    },
    {
      "name": "stand observation.policy 全部为有限值",
      "status": "pass"
    },
    {
      "name": "stand reward 全部为有限值",
      "status": "pass"
    },
    {
      "name": "stand observation.policy 全部为有限值",
      "status": "pass"
    },
    {
      "name": "stand reward 全部为有限值",
      "status": "pass"
    },
    {
      "name": "stand observation.policy 全部为有限值",
      "status": "pass"
    },
    {
      "name": "stand reward 全部为有限值",
      "status": "pass"
    },
    {
      "name": "stand observation.policy 全部为有限值",
      "status": "pass"
    },
    {
      "name": "stand reward 全部为有限值",
      "status": "pass"
    },
    {
      "name": "stand observation.policy 全部为有限值",
      "status": "pass"
    },
    {
      "name": "stand reward 全部为有限值",
      "status": "pass"
    },
    {
      "name": "stand observation.policy 全部为有限值",
      "status": "pass"
    },
    {
      "name": "stand reward 全部为有限值",
      "status": "pass"
    },
    {
      "name": "stand observation.policy 全部为有限值",
      "status": "pass"
    },
    {
      "name": "stand reward 全部为有限值",
      "status": "pass"
    },
    {
      "name": "stand observation.policy 全部为有限值",
      "status": "pass"
    },
    {
      "name": "stand reward 全部为有限值",
      "status": "pass"
    },
    {
      "name": "stand observation.policy 全部为有限值",
      "status": "pass"
    },
    {
      "name": "stand reward 全部为有限值",
      "status": "pass"
    },
    {
      "name": "stand observation.policy 全部为有限值",
      "status": "pass"
    },
    {
      "name": "stand reward 全部为有限值",
      "status": "pass"
    },
    {
      "name": "stand observation.policy 全部为有限值",
      "status": "pass"
    },
    {
      "name": "stand reward 全部为有限值",
      "status": "pass"
    },
    {
      "name": "stand observation.policy 全部为有限值",
      "status": "pass"
    },
    {
      "name": "stand reward 全部为有限值",
      "status": "pass"
    },
    {
      "name": "stand observation.policy 全部为有限值",
      "status": "pass"
    },
    {
      "name": "stand reward 全部为有限值",
      "status": "pass"
    },
    {
      "name": "stand observation.policy 全部为有限值",
      "status": "pass"
    },
    {
      "name": "stand reward 全部为有限值",
      "status": "pass"
    },
    {
      "name": "stand observation.policy 全部为有限值",
      "status": "pass"
    },
    {
      "name": "stand reward 全部为有限值",
      "status": "pass"
    },
    {
      "name": "stand observation.policy 全部为有限值",
      "status": "pass"
    },
    {
      "name": "stand reward 全部为有限值",
      "status": "pass"
    },
    {
      "name": "stand observation.policy 全部为有限值",
      "status": "pass"
    },
    {
      "name": "stand reward 全部为有限值",
      "status": "pass"
    },
    {
      "name": "stand observation.policy 全部为有限值",
      "status": "pass"
    },
    {
      "name": "stand reward 全部为有限值",
      "status": "pass"
    },
    {
      "name": "stand observation.policy 全部为有限值",
      "status": "pass"
    },
    {
      "name": "stand reward 全部为有限值",
      "status": "pass"
    },
    {
      "name": "stand observation.policy 全部为有限值",
      "status": "pass"
    },
    {
      "name": "stand reward 全部为有限值",
      "status": "pass"
    },
    {
      "name": "stand observation.policy 全部为有限值",
      "status": "pass"
    },
    {
      "name": "stand reward 全部为有限值",
      "status": "pass"
    },
    {
      "name": "stand observation.policy 全部为有限值",
      "status": "pass"
    },
    {
      "name": "stand reward 全部为有限值",
      "status": "pass"
    },
    {
      "name": "stand observation.policy 全部为有限值",
      "status": "pass"
    },
    {
      "name": "stand reward 全部为有限值",
      "status": "pass"
    },
    {
      "name": "stand observation.policy 全部为有限值",
      "status": "pass"
    },
    {
      "name": "stand reward 全部为有限值",
      "status": "pass"
    },
    {
      "name": "stand observation.policy 全部为有限值",
      "status": "pass"
    },
    {
      "name": "stand reward 全部为有限值",
      "status": "pass"
    },
    {
      "name": "stand observation.policy 全部为有限值",
      "status": "pass"
    },
    {
      "name": "stand reward 全部为有限值",
      "status": "pass"
    },
    {
      "name": "stand observation.policy 全部为有限值",
      "status": "pass"
    },
    {
      "name": "stand reward 全部为有限值",
      "status": "pass"
    },
    {
      "name": "stand observation.policy 全部为有限值",
      "status": "pass"
    },
    {
      "name": "stand reward 全部为有限值",
      "status": "pass"
    },
    {
      "name": "stand observation.policy 全部为有限值",
      "status": "pass"
    },
    {
      "name": "stand reward 全部为有限值",
      "status": "pass"
    },
    {
      "name": "stand observation.policy 全部为有限值",
      "status": "pass"
    },
    {
      "name": "stand reward 全部为有限值",
      "status": "pass"
    },
    {
      "name": "stand observation.policy 全部为有限值",
      "status": "pass"
    },
    {
      "name": "stand reward 全部为有限值",
      "status": "pass"
    },
    {
      "name": "stand observation.policy 全部为有限值",
      "status": "pass"
    },
    {
      "name": "stand reward 全部为有限值",
      "status": "pass"
    },
    {
      "name": "stand observation.policy 全部为有限值",
      "status": "pass"
    },
    {
      "name": "stand reward 全部为有限值",
      "status": "pass"
    },
    {
      "name": "stand observation.policy 全部为有限值",
      "status": "pass"
    },
    {
      "name": "stand reward 全部为有限值",
      "status": "pass"
    },
    {
      "name": "stand observation.policy 全部为有限值",
      "status": "pass"
    },
    {
      "name": "stand reward 全部为有限值",
      "status": "pass"
    },
    {
      "name": "stand observation.policy 全部为有限值",
      "status": "pass"
    },
    {
      "name": "stand reward 全部为有限值",
      "status": "pass"
    },
    {
      "name": "stand observation.policy 全部为有限值",
      "status": "pass"
    },
    {
      "name": "stand reward 全部为有限值",
      "status": "pass"
    },
    {
      "name": "stand observation.policy 全部为有限值",
      "status": "pass"
    },
    {
      "name": "stand reward 全部为有限值",
      "status": "pass"
    },
    {
      "name": "stand observation.policy 全部为有限值",
      "status": "pass"
    },
    {
      "name": "stand reward 全部为有限值",
      "status": "pass"
    },
    {
      "name": "stand observation.policy 全部为有限值",
      "status": "pass"
    },
    {
      "name": "stand reward 全部为有限值",
      "status": "pass"
    },
    {
      "name": "stand observation.policy 全部为有限值",
      "status": "pass"
    },
    {
      "name": "stand reward 全部为有限值",
      "status": "pass"
    },
    {
      "name": "stand observation.policy 全部为有限值",
      "status": "pass"
    },
    {
      "name": "stand reward 全部为有限值",
      "status": "pass"
    },
    {
      "name": "stand observation.policy 全部为有限值",
      "status": "pass"
    },
    {
      "name": "stand reward 全部为有限值",
      "status": "pass"
    },
    {
      "name": "stand observation.policy 全部为有限值",
      "status": "pass"
    },
    {
      "name": "stand reward 全部为有限值",
      "status": "pass"
    },
    {
      "name": "stand observation.policy 全部为有限值",
      "status": "pass"
    },
    {
      "name": "stand reward 全部为有限值",
      "status": "pass"
    },
    {
      "name": "stand observation.policy 全部为有限值",
      "status": "pass"
    },
    {
      "name": "stand reward 全部为有限值",
      "status": "pass"
    },
    {
      "name": "stand observation.policy 全部为有限值",
      "status": "pass"
    },
    {
      "name": "stand reward 全部为有限值",
      "status": "pass"
    },
    {
      "name": "stand observation.policy 全部为有限值",
      "status": "pass"
    },
    {
      "name": "stand reward 全部为有限值",
      "status": "pass"
    },
    {
      "name": "stand observation.policy 全部为有限值",
      "status": "pass"
    },
    {
      "name": "stand reward 全部为有限值",
      "status": "pass"
    },
    {
      "name": "stand observation.policy 全部为有限值",
      "status": "pass"
    },
    {
      "name": "stand reward 全部为有限值",
      "status": "pass"
    },
    {
      "name": "stand observation.policy 全部为有限值",
      "status": "pass"
    },
    {
      "name": "stand reward 全部为有限值",
      "status": "pass"
    },
    {
      "name": "stand observation.policy 全部为有限值",
      "status": "pass"
    },
    {
      "name": "stand reward 全部为有限值",
      "status": "pass"
    },
    {
      "name": "stand observation.policy 全部为有限值",
      "status": "pass"
    },
    {
      "name": "stand reward 全部为有限值",
      "status": "pass"
    },
    {
      "name": "stand observation.policy 全部为有限值",
      "status": "pass"
    },
    {
      "name": "stand reward 全部为有限值",
      "status": "pass"
    },
    {
      "name": "stand observation.policy 全部为有限值",
      "status": "pass"
    },
    {
      "name": "stand reward 全部为有限值",
      "status": "pass"
    },
    {
      "name": "stand observation.policy 全部为有限值",
      "status": "pass"
    },
    {
      "name": "stand reward 全部为有限值",
      "status": "pass"
    },
    {
      "name": "stand observation.policy 全部为有限值",
      "status": "pass"
    },
    {
      "name": "stand reward 全部为有限值",
      "status": "pass"
    },
    {
      "name": "stand observation.policy 全部为有限值",
      "status": "pass"
    },
    {
      "name": "stand reward 全部为有限值",
      "status": "pass"
    },
    {
      "name": "stand observation.policy 全部为有限值",
      "status": "pass"
    },
    {
      "name": "stand reward 全部为有限值",
      "status": "pass"
    },
    {
      "name": "stand observation.policy 全部为有限值",
      "status": "pass"
    },
    {
      "name": "stand reward 全部为有限值",
      "status": "pass"
    },
    {
      "name": "stand observation.policy 全部为有限值",
      "status": "pass"
    },
    {
      "name": "stand reward 全部为有限值",
      "status": "pass"
    },
    {
      "name": "stand observation.policy 全部为有限值",
      "status": "pass"
    },
    {
      "name": "stand reward 全部为有限值",
      "status": "pass"
    },
    {
      "name": "stand observation.policy 全部为有限值",
      "status": "pass"
    },
    {
      "name": "stand reward 全部为有限值",
      "status": "pass"
    },
    {
      "name": "stand observation.policy 全部为有限值",
      "status": "pass"
    },
    {
      "name": "stand reward 全部为有限值",
      "status": "pass"
    },
    {
      "name": "stand observation.policy 全部为有限值",
      "status": "pass"
    },
    {
      "name": "stand reward 全部为有限值",
      "status": "pass"
    },
    {
      "name": "stand observation.policy 全部为有限值",
      "status": "pass"
    },
    {
      "name": "stand reward 全部为有限值",
      "status": "pass"
    },
    {
      "name": "stand observation.policy 全部为有限值",
      "status": "pass"
    },
    {
      "name": "stand reward 全部为有限值",
      "status": "pass"
    },
    {
      "name": "stand observation.policy 全部为有限值",
      "status": "pass"
    },
    {
      "name": "stand reward 全部为有限值",
      "status": "pass"
    },
    {
      "name": "stand observation.policy 全部为有限值",
      "status": "pass"
    },
    {
      "name": "stand reward 全部为有限值",
      "status": "pass"
    },
    {
      "name": "stand observation.policy 全部为有限值",
      "status": "pass"
    },
    {
      "name": "stand reward 全部为有限值",
      "status": "pass"
    },
    {
      "name": "stand observation.policy 全部为有限值",
      "status": "pass"
    },
    {
      "name": "stand reward 全部为有限值",
      "status": "pass"
    },
    {
      "name": "stand observation.policy 全部为有限值",
      "status": "pass"
    },
    {
      "name": "stand reward 全部为有限值",
      "status": "pass"
    },
    {
      "name": "stand observation.policy 全部为有限值",
      "status": "pass"
    },
    {
      "name": "stand reward 全部为有限值",
      "status": "pass"
    },
    {
      "name": "stand observation.policy 全部为有限值",
      "status": "pass"
    },
    {
      "name": "stand reward 全部为有限值",
      "status": "pass"
    },
    {
      "name": "stand observation.policy 全部为有限值",
      "status": "pass"
    },
    {
      "name": "stand reward 全部为有限值",
      "status": "pass"
    },
    {
      "name": "stand observation.policy 全部为有限值",
      "status": "pass"
    },
    {
      "name": "stand reward 全部为有限值",
      "status": "pass"
    },
    {
      "name": "stand observation.policy 全部为有限值",
      "status": "pass"
    },
    {
      "name": "stand reward 全部为有限值",
      "status": "pass"
    },
    {
      "name": "stand observation.policy 全部为有限值",
      "status": "pass"
    },
    {
      "name": "stand reward 全部为有限值",
      "status": "pass"
    },
    {
      "name": "stand observation.policy 全部为有限值",
      "status": "pass"
    },
    {
      "name": "stand reward 全部为有限值",
      "status": "pass"
    },
    {
      "name": "stand observation.policy 全部为有限值",
      "status": "pass"
    },
    {
      "name": "stand reward 全部为有限值",
      "status": "pass"
    },
    {
      "name": "stand observation.policy 全部为有限值",
      "status": "pass"
    },
    {
      "name": "stand reward 全部为有限值",
      "status": "pass"
    },
    {
      "name": "stand observation.policy 全部为有限值",
      "status": "pass"
    },
    {
      "name": "stand reward 全部为有限值",
      "status": "pass"
    },
    {
      "name": "stand observation.policy 全部为有限值",
      "status": "pass"
    },
    {
      "name": "stand reward 全部为有限值",
      "status": "pass"
    },
    {
      "name": "stand observation.policy 全部为有限值",
      "status": "pass"
    },
    {
      "name": "stand reward 全部为有限值",
      "status": "pass"
    },
    {
      "name": "stand observation.policy 全部为有限值",
      "status": "pass"
    },
    {
      "name": "stand reward 全部为有限值",
      "status": "pass"
    },
    {
      "name": "stand observation.policy 全部为有限值",
      "status": "pass"
    },
    {
      "name": "stand reward 全部为有限值",
      "status": "pass"
    },
    {
      "name": "stand observation.policy 全部为有限值",
      "status": "pass"
    },
    {
      "name": "stand reward 全部为有限值",
      "status": "pass"
    },
    {
      "name": "stand observation.policy 全部为有限值",
      "status": "pass"
    },
    {
      "name": "stand reward 全部为有限值",
      "status": "pass"
    },
    {
      "name": "stand observation.policy 全部为有限值",
      "status": "pass"
    },
    {
      "name": "stand reward 全部为有限值",
      "status": "pass"
    },
    {
      "name": "stand observation.policy 全部为有限值",
      "status": "pass"
    },
    {
      "name": "stand reward 全部为有限值",
      "status": "pass"
    },
    {
      "name": "stand observation.policy 全部为有限值",
      "status": "pass"
    },
    {
      "name": "stand reward 全部为有限值",
      "status": "pass"
    },
    {
      "name": "stand observation.policy 全部为有限值",
      "status": "pass"
    },
    {
      "name": "stand reward 全部为有限值",
      "status": "pass"
    },
    {
      "name": "stand observation.policy 全部为有限值",
      "status": "pass"
    },
    {
      "name": "stand reward 全部为有限值",
      "status": "pass"
    },
    {
      "name": "stand observation.policy 全部为有限值",
      "status": "pass"
    },
    {
      "name": "stand reward 全部为有限值",
      "status": "pass"
    },
    {
      "name": "stand observation.policy 全部为有限值",
      "status": "pass"
    },
    {
      "name": "stand reward 全部为有限值",
      "status": "pass"
    },
    {
      "name": "stand observation.policy 全部为有限值",
      "status": "pass"
    },
    {
      "name": "stand reward 全部为有限值",
      "status": "pass"
    },
    {
      "name": "stand observation.policy 全部为有限值",
      "status": "pass"
    },
    {
      "name": "stand reward 全部为有限值",
      "status": "pass"
    },
    {
      "name": "stand observation.policy 全部为有限值",
      "status": "pass"
    },
    {
      "name": "stand reward 全部为有限值",
      "status": "pass"
    },
    {
      "name": "stand observation.policy 全部为有限值",
      "status": "pass"
    },
    {
      "name": "stand reward 全部为有限值",
      "status": "pass"
    },
    {
      "name": "stand observation.policy 全部为有限值",
      "status": "pass"
    },
    {
      "name": "stand reward 全部为有限值",
      "status": "pass"
    },
    {
      "name": "stand observation.policy 全部为有限值",
      "status": "pass"
    },
    {
      "name": "stand reward 全部为有限值",
      "status": "pass"
    },
    {
      "name": "stand observation.policy 全部为有限值",
      "status": "pass"
    },
    {
      "name": "stand reward 全部为有限值",
      "status": "pass"
    },
    {
      "name": "stand observation.policy 全部为有限值",
      "status": "pass"
    },
    {
      "name": "stand reward 全部为有限值",
      "status": "pass"
    },
    {
      "name": "stand observation.policy 全部为有限值",
      "status": "pass"
    },
    {
      "name": "stand reward 全部为有限值",
      "status": "pass"
    },
    {
      "name": "stand observation.policy 全部为有限值",
      "status": "pass"
    },
    {
      "name": "stand reward 全部为有限值",
      "status": "pass"
    },
    {
      "name": "stand observation.policy 全部为有限值",
      "status": "pass"
    },
    {
      "name": "stand reward 全部为有限值",
      "status": "pass"
    },
    {
      "name": "stand observation.policy 全部为有限值",
      "status": "pass"
    },
    {
      "name": "stand reward 全部为有限值",
      "status": "pass"
    },
    {
      "name": "stand observation.policy 全部为有限值",
      "status": "pass"
    },
    {
      "name": "stand reward 全部为有限值",
      "status": "pass"
    },
    {
      "name": "stand observation.policy 全部为有限值",
      "status": "pass"
    },
    {
      "name": "stand reward 全部为有限值",
      "status": "pass"
    },
    {
      "name": "stand observation.policy 全部为有限值",
      "status": "pass"
    },
    {
      "name": "stand reward 全部为有限值",
      "status": "pass"
    },
    {
      "name": "stand observation.policy 全部为有限值",
      "status": "pass"
    },
    {
      "name": "stand reward 全部为有限值",
      "status": "pass"
    },
    {
      "name": "stand observation.policy 全部为有限值",
      "status": "pass"
    },
    {
      "name": "stand reward 全部为有限值",
      "status": "pass"
    },
    {
      "name": "stand observation.policy 全部为有限值",
      "status": "pass"
    },
    {
      "name": "stand reward 全部为有限值",
      "status": "pass"
    },
    {
      "name": "stand observation.policy 全部为有限值",
      "status": "pass"
    },
    {
      "name": "stand reward 全部为有限值",
      "status": "pass"
    },
    {
      "name": "stand observation.policy 全部为有限值",
      "status": "pass"
    },
    {
      "name": "stand reward 全部为有限值",
      "status": "pass"
    },
    {
      "name": "stand observation.policy 全部为有限值",
      "status": "pass"
    },
    {
      "name": "stand reward 全部为有限值",
      "status": "pass"
    },
    {
      "name": "stand observation.policy 全部为有限值",
      "status": "pass"
    },
    {
      "name": "stand reward 全部为有限值",
      "status": "pass"
    },
    {
      "name": "stand observation.policy 全部为有限值",
      "status": "pass"
    },
    {
      "name": "stand reward 全部为有限值",
      "status": "pass"
    },
    {
      "name": "stand observation.policy 全部为有限值",
      "status": "pass"
    },
    {
      "name": "stand reward 全部为有限值",
      "status": "pass"
    },
    {
      "name": "stand observation.policy 全部为有限值",
      "status": "pass"
    },
    {
      "name": "stand reward 全部为有限值",
      "status": "pass"
    },
    {
      "name": "stand observation.policy 全部为有限值",
      "status": "pass"
    },
    {
      "name": "stand reward 全部为有限值",
      "status": "pass"
    },
    {
      "name": "stand observation.policy 全部为有限值",
      "status": "pass"
    },
    {
      "name": "stand reward 全部为有限值",
      "status": "pass"
    },
    {
      "name": "stand observation.policy 全部为有限值",
      "status": "pass"
    },
    {
      "name": "stand reward 全部为有限值",
      "status": "pass"
    },
    {
      "name": "stand observation.policy 全部为有限值",
      "status": "pass"
    },
    {
      "name": "stand reward 全部为有限值",
      "status": "pass"
    },
    {
      "name": "stand observation.policy 全部为有限值",
      "status": "pass"
    },
    {
      "name": "stand reward 全部为有限值",
      "status": "pass"
    },
    {
      "name": "stand observation.policy 全部为有限值",
      "status": "pass"
    },
    {
      "name": "stand reward 全部为有限值",
      "status": "pass"
    },
    {
      "name": "stand observation.policy 全部为有限值",
      "status": "pass"
    },
    {
      "name": "stand reward 全部为有限值",
      "status": "pass"
    },
    {
      "name": "stand observation.policy 全部为有限值",
      "status": "pass"
    },
    {
      "name": "stand reward 全部为有限值",
      "status": "pass"
    },
    {
      "name": "stand observation.policy 全部为有限值",
      "status": "pass"
    },
    {
      "name": "stand reward 全部为有限值",
      "status": "pass"
    },
    {
      "name": "stand observation.policy 全部为有限值",
      "status": "pass"
    },
    {
      "name": "stand reward 全部为有限值",
      "status": "pass"
    },
    {
      "name": "stand observation.policy 全部为有限值",
      "status": "pass"
    },
    {
      "name": "stand reward 全部为有限值",
      "status": "pass"
    },
    {
      "name": "stand observation.policy 全部为有限值",
      "status": "pass"
    },
    {
      "name": "stand reward 全部为有限值",
      "status": "pass"
    },
    {
      "name": "stand observation.policy 全部为有限值",
      "status": "pass"
    },
    {
      "name": "stand reward 全部为有限值",
      "status": "pass"
    },
    {
      "name": "stand observation.policy 全部为有限值",
      "status": "pass"
    },
    {
      "name": "stand reward 全部为有限值",
      "status": "pass"
    },
    {
      "name": "stand observation.policy 全部为有限值",
      "status": "pass"
    },
    {
      "name": "stand reward 全部为有限值",
      "status": "pass"
    },
    {
      "name": "stand observation.policy 全部为有限值",
      "status": "pass"
    },
    {
      "name": "stand reward 全部为有限值",
      "status": "pass"
    },
    {
      "name": "stand observation.policy 全部为有限值",
      "status": "pass"
    },
    {
      "name": "stand reward 全部为有限值",
      "status": "pass"
    },
    {
      "name": "stand observation.policy 全部为有限值",
      "status": "pass"
    },
    {
      "name": "stand reward 全部为有限值",
      "status": "pass"
    },
    {
      "name": "stand observation.policy 全部为有限值",
      "status": "pass"
    },
    {
      "name": "stand reward 全部为有限值",
      "status": "pass"
    },
    {
      "name": "stand observation.policy 全部为有限值",
      "status": "pass"
    },
    {
      "name": "stand reward 全部为有限值",
      "status": "pass"
    },
    {
      "name": "stand observation.policy 全部为有限值",
      "status": "pass"
    },
    {
      "name": "stand reward 全部为有限值",
      "status": "pass"
    },
    {
      "name": "stand observation.policy 全部为有限值",
      "status": "pass"
    },
    {
      "name": "stand reward 全部为有限值",
      "status": "pass"
    },
    {
      "name": "stand observation.policy 全部为有限值",
      "status": "pass"
    },
    {
      "name": "stand reward 全部为有限值",
      "status": "pass"
    },
    {
      "name": "stand observation.policy 全部为有限值",
      "status": "pass"
    },
    {
      "name": "stand reward 全部为有限值",
      "status": "pass"
    },
    {
      "name": "stand observation.policy 全部为有限值",
      "status": "pass"
    },
    {
      "name": "stand reward 全部为有限值",
      "status": "pass"
    },
    {
      "name": "stand observation.policy 全部为有限值",
      "status": "pass"
    },
    {
      "name": "stand reward 全部为有限值",
      "status": "pass"
    },
    {
      "name": "stand observation.policy 全部为有限值",
      "status": "pass"
    },
    {
      "name": "stand reward 全部为有限值",
      "status": "pass"
    },
    {
      "name": "stand observation.policy 全部为有限值",
      "status": "pass"
    },
    {
      "name": "stand reward 全部为有限值",
      "status": "pass"
    },
    {
      "name": "stand observation.policy 全部为有限值",
      "status": "pass"
    },
    {
      "name": "stand reward 全部为有限值",
      "status": "pass"
    },
    {
      "name": "stand observation.policy 全部为有限值",
      "status": "pass"
    },
    {
      "name": "stand reward 全部为有限值",
      "status": "pass"
    },
    {
      "name": "stand observation.policy 全部为有限值",
      "status": "pass"
    },
    {
      "name": "stand reward 全部为有限值",
      "status": "pass"
    },
    {
      "name": "stand observation.policy 全部为有限值",
      "status": "pass"
    },
    {
      "name": "stand reward 全部为有限值",
      "status": "pass"
    },
    {
      "name": "stand observation.policy 全部为有限值",
      "status": "pass"
    },
    {
      "name": "stand reward 全部为有限值",
      "status": "pass"
    },
    {
      "name": "stand observation.policy 全部为有限值",
      "status": "pass"
    },
    {
      "name": "stand reward 全部为有限值",
      "status": "pass"
    },
    {
      "name": "stand observation.policy 全部为有限值",
      "status": "pass"
    },
    {
      "name": "stand reward 全部为有限值",
      "status": "pass"
    },
    {
      "name": "stand observation.policy 全部为有限值",
      "status": "pass"
    },
    {
      "name": "stand reward 全部为有限值",
      "status": "pass"
    },
    {
      "name": "stand observation.policy 全部为有限值",
      "status": "pass"
    },
    {
      "name": "stand reward 全部为有限值",
      "status": "pass"
    },
    {
      "name": "stand observation.policy 全部为有限值",
      "status": "pass"
    },
    {
      "name": "stand reward 全部为有限值",
      "status": "pass"
    },
    {
      "name": "stand observation.policy 全部为有限值",
      "status": "pass"
    },
    {
      "name": "stand reward 全部为有限值",
      "status": "pass"
    },
    {
      "name": "stand observation.policy 全部为有限值",
      "status": "pass"
    },
    {
      "name": "stand reward 全部为有限值",
      "status": "pass"
    },
    {
      "name": "stand observation.policy 全部为有限值",
      "status": "pass"
    },
    {
      "name": "stand reward 全部为有限值",
      "status": "pass"
    },
    {
      "name": "stand observation.policy 全部为有限值",
      "status": "pass"
    },
    {
      "name": "stand reward 全部为有限值",
      "status": "pass"
    },
    {
      "name": "stand observation.policy 全部为有限值",
      "status": "pass"
    },
    {
      "name": "stand reward 全部为有限值",
      "status": "pass"
    },
    {
      "name": "stand observation.policy 全部为有限值",
      "status": "pass"
    },
    {
      "name": "stand reward 全部为有限值",
      "status": "pass"
    },
    {
      "name": "stand observation.policy 全部为有限值",
      "status": "pass"
    },
    {
      "name": "stand reward 全部为有限值",
      "status": "pass"
    },
    {
      "name": "stand observation.policy 全部为有限值",
      "status": "pass"
    },
    {
      "name": "stand reward 全部为有限值",
      "status": "pass"
    },
    {
      "name": "stand observation.policy 全部为有限值",
      "status": "pass"
    },
    {
      "name": "stand reward 全部为有限值",
      "status": "pass"
    },
    {
      "name": "stand observation.policy 全部为有限值",
      "status": "pass"
    },
    {
      "name": "stand reward 全部为有限值",
      "status": "pass"
    },
    {
      "name": "stand observation.policy 全部为有限值",
      "status": "pass"
    },
    {
      "name": "stand reward 全部为有限值",
      "status": "pass"
    },
    {
      "name": "stand observation.policy 全部为有限值",
      "status": "pass"
    },
    {
      "name": "stand reward 全部为有限值",
      "status": "pass"
    },
    {
      "name": "stand observation.policy 全部为有限值",
      "status": "pass"
    },
    {
      "name": "stand reward 全部为有限值",
      "status": "pass"
    },
    {
      "name": "stand observation.policy 全部为有限值",
      "status": "pass"
    },
    {
      "name": "stand reward 全部为有限值",
      "status": "pass"
    },
    {
      "name": "stand observation.policy 全部为有限值",
      "status": "pass"
    },
    {
      "name": "stand reward 全部为有限值",
      "status": "pass"
    },
    {
      "name": "stand observation.policy 全部为有限值",
      "status": "pass"
    },
    {
      "name": "stand reward 全部为有限值",
      "status": "pass"
    },
    {
      "name": "stand observation.policy 全部为有限值",
      "status": "pass"
    },
    {
      "name": "stand reward 全部为有限值",
      "status": "pass"
    },
    {
      "name": "stand observation.policy 全部为有限值",
      "status": "pass"
    },
    {
      "name": "stand reward 全部为有限值",
      "status": "pass"
    },
    {
      "name": "stand observation.policy 全部为有限值",
      "status": "pass"
    },
    {
      "name": "stand reward 全部为有限值",
      "status": "pass"
    },
    {
      "name": "stand observation.policy 全部为有限值",
      "status": "pass"
    },
    {
      "name": "stand reward 全部为有限值",
      "status": "pass"
    },
    {
      "name": "stand observation.policy 全部为有限值",
      "status": "pass"
    },
    {
      "name": "stand reward 全部为有限值",
      "status": "pass"
    },
    {
      "name": "stand observation.policy 全部为有限值",
      "status": "pass"
    },
    {
      "name": "stand reward 全部为有限值",
      "status": "pass"
    },
    {
      "name": "stand observation.policy 全部为有限值",
      "status": "pass"
    },
    {
      "name": "stand reward 全部为有限值",
      "status": "pass"
    },
    {
      "name": "stand observation.policy 全部为有限值",
      "status": "pass"
    },
    {
      "name": "stand reward 全部为有限值",
      "status": "pass"
    },
    {
      "name": "stand observation.policy 全部为有限值",
      "status": "pass"
    },
    {
      "name": "stand reward 全部为有限值",
      "status": "pass"
    },
    {
      "name": "stand observation.policy 全部为有限值",
      "status": "pass"
    },
    {
      "name": "stand reward 全部为有限值",
      "status": "pass"
    },
    {
      "name": "stand observation.policy 全部为有限值",
      "status": "pass"
    },
    {
      "name": "stand reward 全部为有限值",
      "status": "pass"
    },
    {
      "name": "stand observation.policy 全部为有限值",
      "status": "pass"
    },
    {
      "name": "stand reward 全部为有限值",
      "status": "pass"
    },
    {
      "name": "stand observation.policy 全部为有限值",
      "status": "pass"
    },
    {
      "name": "stand reward 全部为有限值",
      "status": "pass"
    },
    {
      "name": "stand observation.policy 全部为有限值",
      "status": "pass"
    },
    {
      "name": "stand reward 全部为有限值",
      "status": "pass"
    },
    {
      "name": "stand observation.policy 全部为有限值",
      "status": "pass"
    },
    {
      "name": "stand reward 全部为有限值",
      "status": "pass"
    },
    {
      "name": "stand observation.policy 全部为有限值",
      "status": "pass"
    },
    {
      "name": "stand reward 全部为有限值",
      "status": "pass"
    },
    {
      "name": "stand observation.policy 全部为有限值",
      "status": "pass"
    },
    {
      "name": "stand reward 全部为有限值",
      "status": "pass"
    },
    {
      "name": "stand observation.policy 全部为有限值",
      "status": "pass"
    },
    {
      "name": "stand reward 全部为有限值",
      "status": "pass"
    },
    {
      "name": "stand observation.policy 全部为有限值",
      "status": "pass"
    },
    {
      "name": "stand reward 全部为有限值",
      "status": "pass"
    },
    {
      "name": "stand observation.policy 全部为有限值",
      "status": "pass"
    },
    {
      "name": "stand reward 全部为有限值",
      "status": "pass"
    },
    {
      "name": "stand observation.policy 全部为有限值",
      "status": "pass"
    },
    {
      "name": "stand reward 全部为有限值",
      "status": "pass"
    },
    {
      "name": "stand observation.policy 全部为有限值",
      "status": "pass"
    },
    {
      "name": "stand reward 全部为有限值",
      "status": "pass"
    },
    {
      "name": "stand observation.policy 全部为有限值",
      "status": "pass"
    },
    {
      "name": "stand reward 全部为有限值",
      "status": "pass"
    },
    {
      "name": "stand observation.policy 全部为有限值",
      "status": "pass"
    },
    {
      "name": "stand reward 全部为有限值",
      "status": "pass"
    },
    {
      "name": "stand observation.policy 全部为有限值",
      "status": "pass"
    },
    {
      "name": "stand reward 全部为有限值",
      "status": "pass"
    },
    {
      "name": "stand observation.policy 全部为有限值",
      "status": "pass"
    },
    {
      "name": "stand reward 全部为有限值",
      "status": "pass"
    },
    {
      "name": "stand observation.policy 全部为有限值",
      "status": "pass"
    },
    {
      "name": "stand reward 全部为有限值",
      "status": "pass"
    },
    {
      "name": "stand observation.policy 全部为有限值",
      "status": "pass"
    },
    {
      "name": "stand reward 全部为有限值",
      "status": "pass"
    },
    {
      "name": "stand observation.policy 全部为有限值",
      "status": "pass"
    },
    {
      "name": "stand reward 全部为有限值",
      "status": "pass"
    },
    {
      "name": "stand observation.policy 全部为有限值",
      "status": "pass"
    },
    {
      "name": "stand reward 全部为有限值",
      "status": "pass"
    },
    {
      "name": "stand observation.policy 全部为有限值",
      "status": "pass"
    },
    {
      "name": "stand reward 全部为有限值",
      "status": "pass"
    },
    {
      "name": "stand observation.policy 全部为有限值",
      "status": "pass"
    },
    {
      "name": "stand reward 全部为有限值",
      "status": "pass"
    },
    {
      "name": "stand observation.policy 全部为有限值",
      "status": "pass"
    },
    {
      "name": "stand reward 全部为有限值",
      "status": "pass"
    },
    {
      "name": "stand observation.policy 全部为有限值",
      "status": "pass"
    },
    {
      "name": "stand reward 全部为有限值",
      "status": "pass"
    },
    {
      "name": "stand observation.policy 全部为有限值",
      "status": "pass"
    },
    {
      "name": "stand reward 全部为有限值",
      "status": "pass"
    },
    {
      "name": "stand observation.policy 全部为有限值",
      "status": "pass"
    },
    {
      "name": "stand reward 全部为有限值",
      "status": "pass"
    },
    {
      "name": "stand observation.policy 全部为有限值",
      "status": "pass"
    },
    {
      "name": "stand reward 全部为有限值",
      "status": "pass"
    },
    {
      "name": "stand observation.policy 全部为有限值",
      "status": "pass"
    },
    {
      "name": "stand reward 全部为有限值",
      "status": "pass"
    },
    {
      "name": "stand observation.policy 全部为有限值",
      "status": "pass"
    },
    {
      "name": "stand reward 全部为有限值",
      "status": "pass"
    },
    {
      "name": "stand observation.policy 全部为有限值",
      "status": "pass"
    },
    {
      "name": "stand reward 全部为有限值",
      "status": "pass"
    },
    {
      "name": "stand observation.policy 全部为有限值",
      "status": "pass"
    },
    {
      "name": "stand reward 全部为有限值",
      "status": "pass"
    },
    {
      "name": "stand observation.policy 全部为有限值",
      "status": "pass"
    },
    {
      "name": "stand reward 全部为有限值",
      "status": "pass"
    },
    {
      "name": "stand observation.policy 全部为有限值",
      "status": "pass"
    },
    {
      "name": "stand reward 全部为有限值",
      "status": "pass"
    },
    {
      "name": "stand observation.policy 全部为有限值",
      "status": "pass"
    },
    {
      "name": "stand reward 全部为有限值",
      "status": "pass"
    },
    {
      "name": "stand observation.policy 全部为有限值",
      "status": "pass"
    },
    {
      "name": "stand reward 全部为有限值",
      "status": "pass"
    },
    {
      "name": "stand observation.policy 全部为有限值",
      "status": "pass"
    },
    {
      "name": "stand reward 全部为有限值",
      "status": "pass"
    },
    {
      "name": "stand observation.policy 全部为有限值",
      "status": "pass"
    },
    {
      "name": "stand reward 全部为有限值",
      "status": "pass"
    },
    {
      "name": "stand observation.policy 全部为有限值",
      "status": "pass"
    },
    {
      "name": "stand reward 全部为有限值",
      "status": "pass"
    },
    {
      "name": "stand observation.policy 全部为有限值",
      "status": "pass"
    },
    {
      "name": "stand reward 全部为有限值",
      "status": "pass"
    },
    {
      "name": "stand observation.policy 全部为有限值",
      "status": "pass"
    },
    {
      "name": "stand reward 全部为有限值",
      "status": "pass"
    },
    {
      "name": "stand observation.policy 全部为有限值",
      "status": "pass"
    },
    {
      "name": "stand reward 全部为有限值",
      "status": "pass"
    },
    {
      "name": "stand observation.policy 全部为有限值",
      "status": "pass"
    },
    {
      "name": "stand reward 全部为有限值",
      "status": "pass"
    },
    {
      "name": "stand observation.policy 全部为有限值",
      "status": "pass"
    },
    {
      "name": "stand reward 全部为有限值",
      "status": "pass"
    },
    {
      "name": "stand observation.policy 全部为有限值",
      "status": "pass"
    },
    {
      "name": "stand reward 全部为有限值",
      "status": "pass"
    },
    {
      "name": "stand observation.policy 全部为有限值",
      "status": "pass"
    },
    {
      "name": "stand reward 全部为有限值",
      "status": "pass"
    },
    {
      "name": "stand observation.policy 全部为有限值",
      "status": "pass"
    },
    {
      "name": "stand reward 全部为有限值",
      "status": "pass"
    },
    {
      "name": "stand observation.policy 全部为有限值",
      "status": "pass"
    },
    {
      "name": "stand reward 全部为有限值",
      "status": "pass"
    },
    {
      "name": "stand observation.policy 全部为有限值",
      "status": "pass"
    },
    {
      "name": "stand reward 全部为有限值",
      "status": "pass"
    },
    {
      "name": "stand observation.policy 全部为有限值",
      "status": "pass"
    },
    {
      "name": "stand reward 全部为有限值",
      "status": "pass"
    },
    {
      "name": "stand observation.policy 全部为有限值",
      "status": "pass"
    },
    {
      "name": "stand reward 全部为有限值",
      "status": "pass"
    },
    {
      "name": "stand observation.policy 全部为有限值",
      "status": "pass"
    },
    {
      "name": "stand reward 全部为有限值",
      "status": "pass"
    },
    {
      "name": "stand observation.policy 全部为有限值",
      "status": "pass"
    },
    {
      "name": "stand reward 全部为有限值",
      "status": "pass"
    },
    {
      "name": "stand observation.policy 全部为有限值",
      "status": "pass"
    },
    {
      "name": "stand reward 全部为有限值",
      "status": "pass"
    },
    {
      "name": "stand observation.policy 全部为有限值",
      "status": "pass"
    },
    {
      "name": "stand reward 全部为有限值",
      "status": "pass"
    },
    {
      "name": "stand observation.policy 全部为有限值",
      "status": "pass"
    },
    {
      "name": "stand reward 全部为有限值",
      "status": "pass"
    },
    {
      "name": "stand observation.policy 全部为有限值",
      "status": "pass"
    },
    {
      "name": "stand reward 全部为有限值",
      "status": "pass"
    },
    {
      "name": "stand observation.policy 全部为有限值",
      "status": "pass"
    },
    {
      "name": "stand reward 全部为有限值",
      "status": "pass"
    },
    {
      "name": "stand observation.policy 全部为有限值",
      "status": "pass"
    },
    {
      "name": "stand reward 全部为有限值",
      "status": "pass"
    },
    {
      "name": "stand observation.policy 全部为有限值",
      "status": "pass"
    },
    {
      "name": "stand reward 全部为有限值",
      "status": "pass"
    },
    {
      "name": "stand observation.policy 全部为有限值",
      "status": "pass"
    },
    {
      "name": "stand reward 全部为有限值",
      "status": "pass"
    },
    {
      "name": "站立动作目标等于 SIM_INITIAL_JOINT_POS",
      "status": "pass"
    },
    {
      "name": "站立机身高度高于足端碰撞容差",
      "status": "pass"
    },
    {
      "name": "站立四足有效接触比例 >= 0.95",
      "status": "pass"
    },
    {
      "name": "零动作站立 500 次",
      "status": "pass",
      "contact_ratio": 1.0
    },
    {
      "name": "random step 0 observation.policy 全部为有限值",
      "status": "pass"
    },
    {
      "name": "random step 0 reward 全部为有限值",
      "status": "pass"
    },
    {
      "name": "随机动作保持在 [-1, 1]",
      "status": "pass"
    },
    {
      "name": "random step 1 observation.policy 全部为有限值",
      "status": "pass"
    },
    {
      "name": "random step 1 reward 全部为有限值",
      "status": "pass"
    },
    {
      "name": "随机动作保持在 [-1, 1]",
      "status": "pass"
    },
    {
      "name": "random step 2 observation.policy 全部为有限值",
      "status": "pass"
    },
    {
      "name": "random step 2 reward 全部为有限值",
      "status": "pass"
    },
    {
      "name": "随机动作保持在 [-1, 1]",
      "status": "pass"
    },
    {
      "name": "random step 3 observation.policy 全部为有限值",
      "status": "pass"
    },
    {
      "name": "random step 3 reward 全部为有限值",
      "status": "pass"
    },
    {
      "name": "随机动作保持在 [-1, 1]",
      "status": "pass"
    },
    {
      "name": "random step 4 observation.policy 全部为有限值",
      "status": "pass"
    },
    {
      "name": "random step 4 reward 全部为有限值",
      "status": "pass"
    },
    {
      "name": "随机动作保持在 [-1, 1]",
      "status": "pass"
    },
    {
      "name": "random step 5 observation.policy 全部为有限值",
      "status": "pass"
    },
    {
      "name": "random step 5 reward 全部为有限值",
      "status": "pass"
    },
    {
      "name": "随机动作保持在 [-1, 1]",
      "status": "pass"
    },
    {
      "name": "random step 6 observation.policy 全部为有限值",
      "status": "pass"
    },
    {
      "name": "random step 6 reward 全部为有限值",
      "status": "pass"
    },
    {
      "name": "随机动作保持在 [-1, 1]",
      "status": "pass"
    },
    {
      "name": "random step 7 observation.policy 全部为有限值",
      "status": "pass"
    },
    {
      "name": "random step 7 reward 全部为有限值",
      "status": "pass"
    },
    {
      "name": "随机动作保持在 [-1, 1]",
      "status": "pass"
    },
    {
      "name": "random step 8 observation.policy 全部为有限值",
      "status": "pass"
    },
    {
      "name": "random step 8 reward 全部为有限值",
      "status": "pass"
    },
    {
      "name": "随机动作保持在 [-1, 1]",
      "status": "pass"
    },
    {
      "name": "random step 9 observation.policy 全部为有限值",
      "status": "pass"
    },
    {
      "name": "random step 9 reward 全部为有限值",
      "status": "pass"
    },
    {
      "name": "随机动作保持在 [-1, 1]",
      "status": "pass"
    },
    {
      "name": "random step 10 observation.policy 全部为有限值",
      "status": "pass"
    },
    {
      "name": "random step 10 reward 全部为有限值",
      "status": "pass"
    },
    {
      "name": "随机动作保持在 [-1, 1]",
      "status": "pass"
    },
    {
      "name": "random step 11 observation.policy 全部为有限值",
      "status": "pass"
    },
    {
      "name": "random step 11 reward 全部为有限值",
      "status": "pass"
    },
    {
      "name": "随机动作保持在 [-1, 1]",
      "status": "pass"
    },
    {
      "name": "random step 12 observation.policy 全部为有限值",
      "status": "pass"
    },
    {
      "name": "random step 12 reward 全部为有限值",
      "status": "pass"
    },
    {
      "name": "随机动作保持在 [-1, 1]",
      "status": "pass"
    },
    {
      "name": "random step 13 observation.policy 全部为有限值",
      "status": "pass"
    },
    {
      "name": "random step 13 reward 全部为有限值",
      "status": "pass"
    },
    {
      "name": "随机动作保持在 [-1, 1]",
      "status": "pass"
    },
    {
      "name": "random step 14 observation.policy 全部为有限值",
      "status": "pass"
    },
    {
      "name": "random step 14 reward 全部为有限值",
      "status": "pass"
    },
    {
      "name": "随机动作保持在 [-1, 1]",
      "status": "pass"
    },
    {
      "name": "random step 15 observation.policy 全部为有限值",
      "status": "pass"
    },
    {
      "name": "random step 15 reward 全部为有限值",
      "status": "pass"
    },
    {
      "name": "随机动作保持在 [-1, 1]",
      "status": "pass"
    },
    {
      "name": "random step 16 observation.policy 全部为有限值",
      "status": "pass"
    },
    {
      "name": "random step 16 reward 全部为有限值",
      "status": "pass"
    },
    {
      "name": "随机动作保持在 [-1, 1]",
      "status": "pass"
    },
    {
      "name": "random step 17 observation.policy 全部为有限值",
      "status": "pass"
    },
    {
      "name": "random step 17 reward 全部为有限值",
      "status": "pass"
    },
    {
      "name": "随机动作保持在 [-1, 1]",
      "status": "pass"
    },
    {
      "name": "random step 18 observation.policy 全部为有限值",
      "status": "pass"
    },
    {
      "name": "random step 18 reward 全部为有限值",
      "status": "pass"
    },
    {
      "name": "随机动作保持在 [-1, 1]",
      "status": "pass"
    },
    {
      "name": "random step 19 observation.policy 全部为有限值",
      "status": "pass"
    },
    {
      "name": "random step 19 reward 全部为有限值",
      "status": "pass"
    },
    {
      "name": "随机动作保持在 [-1, 1]",
      "status": "pass"
    },
    {
      "name": "random step 20 observation.policy 全部为有限值",
      "status": "pass"
    },
    {
      "name": "random step 20 reward 全部为有限值",
      "status": "pass"
    },
    {
      "name": "随机动作保持在 [-1, 1]",
      "status": "pass"
    },
    {
      "name": "random step 21 observation.policy 全部为有限值",
      "status": "pass"
    },
    {
      "name": "random step 21 reward 全部为有限值",
      "status": "pass"
    },
    {
      "name": "随机动作保持在 [-1, 1]",
      "status": "pass"
    },
    {
      "name": "random step 22 observation.policy 全部为有限值",
      "status": "pass"
    },
    {
      "name": "random step 22 reward 全部为有限值",
      "status": "pass"
    },
    {
      "name": "随机动作保持在 [-1, 1]",
      "status": "pass"
    },
    {
      "name": "random step 23 observation.policy 全部为有限值",
      "status": "pass"
    },
    {
      "name": "random step 23 reward 全部为有限值",
      "status": "pass"
    },
    {
      "name": "随机动作保持在 [-1, 1]",
      "status": "pass"
    },
    {
      "name": "random step 24 observation.policy 全部为有限值",
      "status": "pass"
    },
    {
      "name": "random step 24 reward 全部为有限值",
      "status": "pass"
    },
    {
      "name": "随机动作保持在 [-1, 1]",
      "status": "pass"
    },
    {
      "name": "random step 25 observation.policy 全部为有限值",
      "status": "pass"
    },
    {
      "name": "random step 25 reward 全部为有限值",
      "status": "pass"
    },
    {
      "name": "随机动作保持在 [-1, 1]",
      "status": "pass"
    },
    {
      "name": "random step 26 observation.policy 全部为有限值",
      "status": "pass"
    },
    {
      "name": "random step 26 reward 全部为有限值",
      "status": "pass"
    },
    {
      "name": "随机动作保持在 [-1, 1]",
      "status": "pass"
    },
    {
      "name": "random step 27 observation.policy 全部为有限值",
      "status": "pass"
    },
    {
      "name": "random step 27 reward 全部为有限值",
      "status": "pass"
    },
    {
      "name": "随机动作保持在 [-1, 1]",
      "status": "pass"
    },
    {
      "name": "random step 28 observation.policy 全部为有限值",
      "status": "pass"
    },
    {
      "name": "random step 28 reward 全部为有限值",
      "status": "pass"
    },
    {
      "name": "随机动作保持在 [-1, 1]",
      "status": "pass"
    },
    {
      "name": "random step 29 observation.policy 全部为有限值",
      "status": "pass"
    },
    {
      "name": "random step 29 reward 全部为有限值",
      "status": "pass"
    },
    {
      "name": "随机动作保持在 [-1, 1]",
      "status": "pass"
    },
    {
      "name": "random step 30 observation.policy 全部为有限值",
      "status": "pass"
    },
    {
      "name": "random step 30 reward 全部为有限值",
      "status": "pass"
    },
    {
      "name": "随机动作保持在 [-1, 1]",
      "status": "pass"
    },
    {
      "name": "random step 31 observation.policy 全部为有限值",
      "status": "pass"
    },
    {
      "name": "random step 31 reward 全部为有限值",
      "status": "pass"
    },
    {
      "name": "随机动作保持在 [-1, 1]",
      "status": "pass"
    },
    {
      "name": "random step 32 observation.policy 全部为有限值",
      "status": "pass"
    },
    {
      "name": "random step 32 reward 全部为有限值",
      "status": "pass"
    },
    {
      "name": "随机动作保持在 [-1, 1]",
      "status": "pass"
    },
    {
      "name": "random step 33 observation.policy 全部为有限值",
      "status": "pass"
    },
    {
      "name": "random step 33 reward 全部为有限值",
      "status": "pass"
    },
    {
      "name": "随机动作保持在 [-1, 1]",
      "status": "pass"
    },
    {
      "name": "random step 34 observation.policy 全部为有限值",
      "status": "pass"
    },
    {
      "name": "random step 34 reward 全部为有限值",
      "status": "pass"
    },
    {
      "name": "随机动作保持在 [-1, 1]",
      "status": "pass"
    },
    {
      "name": "random step 35 observation.policy 全部为有限值",
      "status": "pass"
    },
    {
      "name": "random step 35 reward 全部为有限值",
      "status": "pass"
    },
    {
      "name": "随机动作保持在 [-1, 1]",
      "status": "pass"
    },
    {
      "name": "random step 36 observation.policy 全部为有限值",
      "status": "pass"
    },
    {
      "name": "random step 36 reward 全部为有限值",
      "status": "pass"
    },
    {
      "name": "随机动作保持在 [-1, 1]",
      "status": "pass"
    },
    {
      "name": "random step 37 observation.policy 全部为有限值",
      "status": "pass"
    },
    {
      "name": "random step 37 reward 全部为有限值",
      "status": "pass"
    },
    {
      "name": "随机动作保持在 [-1, 1]",
      "status": "pass"
    },
    {
      "name": "random step 38 observation.policy 全部为有限值",
      "status": "pass"
    },
    {
      "name": "random step 38 reward 全部为有限值",
      "status": "pass"
    },
    {
      "name": "随机动作保持在 [-1, 1]",
      "status": "pass"
    },
    {
      "name": "random step 39 observation.policy 全部为有限值",
      "status": "pass"
    },
    {
      "name": "random step 39 reward 全部为有限值",
      "status": "pass"
    },
    {
      "name": "随机动作保持在 [-1, 1]",
      "status": "pass"
    },
    {
      "name": "random step 40 observation.policy 全部为有限值",
      "status": "pass"
    },
    {
      "name": "random step 40 reward 全部为有限值",
      "status": "pass"
    },
    {
      "name": "随机动作保持在 [-1, 1]",
      "status": "pass"
    },
    {
      "name": "random step 41 observation.policy 全部为有限值",
      "status": "pass"
    },
    {
      "name": "random step 41 reward 全部为有限值",
      "status": "pass"
    },
    {
      "name": "随机动作保持在 [-1, 1]",
      "status": "pass"
    },
    {
      "name": "random step 42 observation.policy 全部为有限值",
      "status": "pass"
    },
    {
      "name": "random step 42 reward 全部为有限值",
      "status": "pass"
    },
    {
      "name": "随机动作保持在 [-1, 1]",
      "status": "pass"
    },
    {
      "name": "random step 43 observation.policy 全部为有限值",
      "status": "pass"
    },
    {
      "name": "random step 43 reward 全部为有限值",
      "status": "pass"
    },
    {
      "name": "随机动作保持在 [-1, 1]",
      "status": "pass"
    },
    {
      "name": "random step 44 observation.policy 全部为有限值",
      "status": "pass"
    },
    {
      "name": "random step 44 reward 全部为有限值",
      "status": "pass"
    },
    {
      "name": "随机动作保持在 [-1, 1]",
      "status": "pass"
    },
    {
      "name": "random step 45 observation.policy 全部为有限值",
      "status": "pass"
    },
    {
      "name": "random step 45 reward 全部为有限值",
      "status": "pass"
    },
    {
      "name": "随机动作保持在 [-1, 1]",
      "status": "pass"
    },
    {
      "name": "random step 46 observation.policy 全部为有限值",
      "status": "pass"
    },
    {
      "name": "random step 46 reward 全部为有限值",
      "status": "pass"
    },
    {
      "name": "随机动作保持在 [-1, 1]",
      "status": "pass"
    },
    {
      "name": "random step 47 observation.policy 全部为有限值",
      "status": "pass"
    },
    {
      "name": "random step 47 reward 全部为有限值",
      "status": "pass"
    },
    {
      "name": "随机动作保持在 [-1, 1]",
      "status": "pass"
    },
    {
      "name": "random step 48 observation.policy 全部为有限值",
      "status": "pass"
    },
    {
      "name": "random step 48 reward 全部为有限值",
      "status": "pass"
    },
    {
      "name": "随机动作保持在 [-1, 1]",
      "status": "pass"
    },
    {
      "name": "random step 49 observation.policy 全部为有限值",
      "status": "pass"
    },
    {
      "name": "random step 49 reward 全部为有限值",
      "status": "pass"
    },
    {
      "name": "随机动作保持在 [-1, 1]",
      "status": "pass"
    },
    {
      "name": "random step 50 observation.policy 全部为有限值",
      "status": "pass"
    },
    {
      "name": "random step 50 reward 全部为有限值",
      "status": "pass"
    },
    {
      "name": "随机动作保持在 [-1, 1]",
      "status": "pass"
    },
    {
      "name": "random step 51 observation.policy 全部为有限值",
      "status": "pass"
    },
    {
      "name": "random step 51 reward 全部为有限值",
      "status": "pass"
    },
    {
      "name": "随机动作保持在 [-1, 1]",
      "status": "pass"
    },
    {
      "name": "random step 52 observation.policy 全部为有限值",
      "status": "pass"
    },
    {
      "name": "random step 52 reward 全部为有限值",
      "status": "pass"
    },
    {
      "name": "随机动作保持在 [-1, 1]",
      "status": "pass"
    },
    {
      "name": "random step 53 observation.policy 全部为有限值",
      "status": "pass"
    },
    {
      "name": "random step 53 reward 全部为有限值",
      "status": "pass"
    },
    {
      "name": "随机动作保持在 [-1, 1]",
      "status": "pass"
    },
    {
      "name": "random step 54 observation.policy 全部为有限值",
      "status": "pass"
    },
    {
      "name": "random step 54 reward 全部为有限值",
      "status": "pass"
    },
    {
      "name": "随机动作保持在 [-1, 1]",
      "status": "pass"
    },
    {
      "name": "random step 55 observation.policy 全部为有限值",
      "status": "pass"
    },
    {
      "name": "random step 55 reward 全部为有限值",
      "status": "pass"
    },
    {
      "name": "随机动作保持在 [-1, 1]",
      "status": "pass"
    },
    {
      "name": "random step 56 observation.policy 全部为有限值",
      "status": "pass"
    },
    {
      "name": "random step 56 reward 全部为有限值",
      "status": "pass"
    },
    {
      "name": "随机动作保持在 [-1, 1]",
      "status": "pass"
    },
    {
      "name": "random step 57 observation.policy 全部为有限值",
      "status": "pass"
    },
    {
      "name": "random step 57 reward 全部为有限值",
      "status": "pass"
    },
    {
      "name": "随机动作保持在 [-1, 1]",
      "status": "pass"
    },
    {
      "name": "random step 58 observation.policy 全部为有限值",
      "status": "pass"
    },
    {
      "name": "random step 58 reward 全部为有限值",
      "status": "pass"
    },
    {
      "name": "随机动作保持在 [-1, 1]",
      "status": "pass"
    },
    {
      "name": "random step 59 observation.policy 全部为有限值",
      "status": "pass"
    },
    {
      "name": "random step 59 reward 全部为有限值",
      "status": "pass"
    },
    {
      "name": "随机动作保持在 [-1, 1]",
      "status": "pass"
    },
    {
      "name": "random step 60 observation.policy 全部为有限值",
      "status": "pass"
    },
    {
      "name": "random step 60 reward 全部为有限值",
      "status": "pass"
    },
    {
      "name": "随机动作保持在 [-1, 1]",
      "status": "pass"
    },
    {
      "name": "random step 61 observation.policy 全部为有限值",
      "status": "pass"
    },
    {
      "name": "random step 61 reward 全部为有限值",
      "status": "pass"
    },
    {
      "name": "随机动作保持在 [-1, 1]",
      "status": "pass"
    },
    {
      "name": "random step 62 observation.policy 全部为有限值",
      "status": "pass"
    },
    {
      "name": "random step 62 reward 全部为有限值",
      "status": "pass"
    },
    {
      "name": "随机动作保持在 [-1, 1]",
      "status": "pass"
    },
    {
      "name": "random step 63 observation.policy 全部为有限值",
      "status": "pass"
    },
    {
      "name": "random step 63 reward 全部为有限值",
      "status": "pass"
    },
    {
      "name": "随机动作保持在 [-1, 1]",
      "status": "pass"
    },
    {
      "name": "random step 64 observation.policy 全部为有限值",
      "status": "pass"
    },
    {
      "name": "random step 64 reward 全部为有限值",
      "status": "pass"
    },
    {
      "name": "随机动作保持在 [-1, 1]",
      "status": "pass"
    },
    {
      "name": "random step 65 observation.policy 全部为有限值",
      "status": "pass"
    },
    {
      "name": "random step 65 reward 全部为有限值",
      "status": "pass"
    },
    {
      "name": "随机动作保持在 [-1, 1]",
      "status": "pass"
    },
    {
      "name": "random step 66 observation.policy 全部为有限值",
      "status": "pass"
    },
    {
      "name": "random step 66 reward 全部为有限值",
      "status": "pass"
    },
    {
      "name": "随机动作保持在 [-1, 1]",
      "status": "pass"
    },
    {
      "name": "random step 67 observation.policy 全部为有限值",
      "status": "pass"
    },
    {
      "name": "random step 67 reward 全部为有限值",
      "status": "pass"
    },
    {
      "name": "随机动作保持在 [-1, 1]",
      "status": "pass"
    },
    {
      "name": "random step 68 observation.policy 全部为有限值",
      "status": "pass"
    },
    {
      "name": "random step 68 reward 全部为有限值",
      "status": "pass"
    },
    {
      "name": "随机动作保持在 [-1, 1]",
      "status": "pass"
    },
    {
      "name": "random step 69 observation.policy 全部为有限值",
      "status": "pass"
    },
    {
      "name": "random step 69 reward 全部为有限值",
      "status": "pass"
    },
    {
      "name": "随机动作保持在 [-1, 1]",
      "status": "pass"
    },
    {
      "name": "random step 70 observation.policy 全部为有限值",
      "status": "pass"
    },
    {
      "name": "random step 70 reward 全部为有限值",
      "status": "pass"
    },
    {
      "name": "随机动作保持在 [-1, 1]",
      "status": "pass"
    },
    {
      "name": "random step 71 observation.policy 全部为有限值",
      "status": "pass"
    },
    {
      "name": "random step 71 reward 全部为有限值",
      "status": "pass"
    },
    {
      "name": "随机动作保持在 [-1, 1]",
      "status": "pass"
    },
    {
      "name": "random step 72 observation.policy 全部为有限值",
      "status": "pass"
    },
    {
      "name": "random step 72 reward 全部为有限值",
      "status": "pass"
    },
    {
      "name": "随机动作保持在 [-1, 1]",
      "status": "pass"
    },
    {
      "name": "random step 73 observation.policy 全部为有限值",
      "status": "pass"
    },
    {
      "name": "random step 73 reward 全部为有限值",
      "status": "pass"
    },
    {
      "name": "随机动作保持在 [-1, 1]",
      "status": "pass"
    },
    {
      "name": "random step 74 observation.policy 全部为有限值",
      "status": "pass"
    },
    {
      "name": "random step 74 reward 全部为有限值",
      "status": "pass"
    },
    {
      "name": "随机动作保持在 [-1, 1]",
      "status": "pass"
    },
    {
      "name": "random step 75 observation.policy 全部为有限值",
      "status": "pass"
    },
    {
      "name": "random step 75 reward 全部为有限值",
      "status": "pass"
    },
    {
      "name": "随机动作保持在 [-1, 1]",
      "status": "pass"
    },
    {
      "name": "random step 76 observation.policy 全部为有限值",
      "status": "pass"
    },
    {
      "name": "random step 76 reward 全部为有限值",
      "status": "pass"
    },
    {
      "name": "随机动作保持在 [-1, 1]",
      "status": "pass"
    },
    {
      "name": "random step 77 observation.policy 全部为有限值",
      "status": "pass"
    },
    {
      "name": "random step 77 reward 全部为有限值",
      "status": "pass"
    },
    {
      "name": "随机动作保持在 [-1, 1]",
      "status": "pass"
    },
    {
      "name": "random step 78 observation.policy 全部为有限值",
      "status": "pass"
    },
    {
      "name": "random step 78 reward 全部为有限值",
      "status": "pass"
    },
    {
      "name": "随机动作保持在 [-1, 1]",
      "status": "pass"
    },
    {
      "name": "random step 79 observation.policy 全部为有限值",
      "status": "pass"
    },
    {
      "name": "random step 79 reward 全部为有限值",
      "status": "pass"
    },
    {
      "name": "随机动作保持在 [-1, 1]",
      "status": "pass"
    },
    {
      "name": "random step 80 observation.policy 全部为有限值",
      "status": "pass"
    },
    {
      "name": "random step 80 reward 全部为有限值",
      "status": "pass"
    },
    {
      "name": "随机动作保持在 [-1, 1]",
      "status": "pass"
    },
    {
      "name": "random step 81 observation.policy 全部为有限值",
      "status": "pass"
    },
    {
      "name": "random step 81 reward 全部为有限值",
      "status": "pass"
    },
    {
      "name": "随机动作保持在 [-1, 1]",
      "status": "pass"
    },
    {
      "name": "random step 82 observation.policy 全部为有限值",
      "status": "pass"
    },
    {
      "name": "random step 82 reward 全部为有限值",
      "status": "pass"
    },
    {
      "name": "随机动作保持在 [-1, 1]",
      "status": "pass"
    },
    {
      "name": "random step 83 observation.policy 全部为有限值",
      "status": "pass"
    },
    {
      "name": "random step 83 reward 全部为有限值",
      "status": "pass"
    },
    {
      "name": "随机动作保持在 [-1, 1]",
      "status": "pass"
    },
    {
      "name": "random step 84 observation.policy 全部为有限值",
      "status": "pass"
    },
    {
      "name": "random step 84 reward 全部为有限值",
      "status": "pass"
    },
    {
      "name": "随机动作保持在 [-1, 1]",
      "status": "pass"
    },
    {
      "name": "random step 85 observation.policy 全部为有限值",
      "status": "pass"
    },
    {
      "name": "random step 85 reward 全部为有限值",
      "status": "pass"
    },
    {
      "name": "随机动作保持在 [-1, 1]",
      "status": "pass"
    },
    {
      "name": "random step 86 observation.policy 全部为有限值",
      "status": "pass"
    },
    {
      "name": "random step 86 reward 全部为有限值",
      "status": "pass"
    },
    {
      "name": "随机动作保持在 [-1, 1]",
      "status": "pass"
    },
    {
      "name": "random step 87 observation.policy 全部为有限值",
      "status": "pass"
    },
    {
      "name": "random step 87 reward 全部为有限值",
      "status": "pass"
    },
    {
      "name": "随机动作保持在 [-1, 1]",
      "status": "pass"
    },
    {
      "name": "random step 88 observation.policy 全部为有限值",
      "status": "pass"
    },
    {
      "name": "random step 88 reward 全部为有限值",
      "status": "pass"
    },
    {
      "name": "随机动作保持在 [-1, 1]",
      "status": "pass"
    },
    {
      "name": "random step 89 observation.policy 全部为有限值",
      "status": "pass"
    },
    {
      "name": "random step 89 reward 全部为有限值",
      "status": "pass"
    },
    {
      "name": "随机动作保持在 [-1, 1]",
      "status": "pass"
    },
    {
      "name": "random step 90 observation.policy 全部为有限值",
      "status": "pass"
    },
    {
      "name": "random step 90 reward 全部为有限值",
      "status": "pass"
    },
    {
      "name": "随机动作保持在 [-1, 1]",
      "status": "pass"
    },
    {
      "name": "random step 91 observation.policy 全部为有限值",
      "status": "pass"
    },
    {
      "name": "random step 91 reward 全部为有限值",
      "status": "pass"
    },
    {
      "name": "随机动作保持在 [-1, 1]",
      "status": "pass"
    },
    {
      "name": "random step 92 observation.policy 全部为有限值",
      "status": "pass"
    },
    {
      "name": "random step 92 reward 全部为有限值",
      "status": "pass"
    },
    {
      "name": "随机动作保持在 [-1, 1]",
      "status": "pass"
    },
    {
      "name": "random step 93 observation.policy 全部为有限值",
      "status": "pass"
    },
    {
      "name": "random step 93 reward 全部为有限值",
      "status": "pass"
    },
    {
      "name": "随机动作保持在 [-1, 1]",
      "status": "pass"
    },
    {
      "name": "random step 94 observation.policy 全部为有限值",
      "status": "pass"
    },
    {
      "name": "random step 94 reward 全部为有限值",
      "status": "pass"
    },
    {
      "name": "随机动作保持在 [-1, 1]",
      "status": "pass"
    },
    {
      "name": "random step 95 observation.policy 全部为有限值",
      "status": "pass"
    },
    {
      "name": "random step 95 reward 全部为有限值",
      "status": "pass"
    },
    {
      "name": "随机动作保持在 [-1, 1]",
      "status": "pass"
    },
    {
      "name": "random step 96 observation.policy 全部为有限值",
      "status": "pass"
    },
    {
      "name": "random step 96 reward 全部为有限值",
      "status": "pass"
    },
    {
      "name": "随机动作保持在 [-1, 1]",
      "status": "pass"
    },
    {
      "name": "random step 97 observation.policy 全部为有限值",
      "status": "pass"
    },
    {
      "name": "random step 97 reward 全部为有限值",
      "status": "pass"
    },
    {
      "name": "随机动作保持在 [-1, 1]",
      "status": "pass"
    },
    {
      "name": "random step 98 observation.policy 全部为有限值",
      "status": "pass"
    },
    {
      "name": "random step 98 reward 全部为有限值",
      "status": "pass"
    },
    {
      "name": "随机动作保持在 [-1, 1]",
      "status": "pass"
    },
    {
      "name": "random step 99 observation.policy 全部为有限值",
      "status": "pass"
    },
    {
      "name": "random step 99 reward 全部为有限值",
      "status": "pass"
    },
    {
      "name": "随机动作保持在 [-1, 1]",
      "status": "pass"
    },
    {
      "name": "random step 100 observation.policy 全部为有限值",
      "status": "pass"
    },
    {
      "name": "random step 100 reward 全部为有限值",
      "status": "pass"
    },
    {
      "name": "随机动作保持在 [-1, 1]",
      "status": "pass"
    },
    {
      "name": "random step 101 observation.policy 全部为有限值",
      "status": "pass"
    },
    {
      "name": "random step 101 reward 全部为有限值",
      "status": "pass"
    },
    {
      "name": "随机动作保持在 [-1, 1]",
      "status": "pass"
    },
    {
      "name": "random step 102 observation.policy 全部为有限值",
      "status": "pass"
    },
    {
      "name": "random step 102 reward 全部为有限值",
      "status": "pass"
    },
    {
      "name": "随机动作保持在 [-1, 1]",
      "status": "pass"
    },
    {
      "name": "random step 103 observation.policy 全部为有限值",
      "status": "pass"
    },
    {
      "name": "random step 103 reward 全部为有限值",
      "status": "pass"
    },
    {
      "name": "随机动作保持在 [-1, 1]",
      "status": "pass"
    },
    {
      "name": "random step 104 observation.policy 全部为有限值",
      "status": "pass"
    },
    {
      "name": "random step 104 reward 全部为有限值",
      "status": "pass"
    },
    {
      "name": "随机动作保持在 [-1, 1]",
      "status": "pass"
    },
    {
      "name": "random step 105 observation.policy 全部为有限值",
      "status": "pass"
    },
    {
      "name": "random step 105 reward 全部为有限值",
      "status": "pass"
    },
    {
      "name": "随机动作保持在 [-1, 1]",
      "status": "pass"
    },
    {
      "name": "random step 106 observation.policy 全部为有限值",
      "status": "pass"
    },
    {
      "name": "random step 106 reward 全部为有限值",
      "status": "pass"
    },
    {
      "name": "随机动作保持在 [-1, 1]",
      "status": "pass"
    },
    {
      "name": "random step 107 observation.policy 全部为有限值",
      "status": "pass"
    },
    {
      "name": "random step 107 reward 全部为有限值",
      "status": "pass"
    },
    {
      "name": "随机动作保持在 [-1, 1]",
      "status": "pass"
    },
    {
      "name": "random step 108 observation.policy 全部为有限值",
      "status": "pass"
    },
    {
      "name": "random step 108 reward 全部为有限值",
      "status": "pass"
    },
    {
      "name": "随机动作保持在 [-1, 1]",
      "status": "pass"
    },
    {
      "name": "random step 109 observation.policy 全部为有限值",
      "status": "pass"
    },
    {
      "name": "random step 109 reward 全部为有限值",
      "status": "pass"
    },
    {
      "name": "随机动作保持在 [-1, 1]",
      "status": "pass"
    },
    {
      "name": "random step 110 observation.policy 全部为有限值",
      "status": "pass"
    },
    {
      "name": "random step 110 reward 全部为有限值",
      "status": "pass"
    },
    {
      "name": "随机动作保持在 [-1, 1]",
      "status": "pass"
    },
    {
      "name": "random step 111 observation.policy 全部为有限值",
      "status": "pass"
    },
    {
      "name": "random step 111 reward 全部为有限值",
      "status": "pass"
    },
    {
      "name": "随机动作保持在 [-1, 1]",
      "status": "pass"
    },
    {
      "name": "random step 112 observation.policy 全部为有限值",
      "status": "pass"
    },
    {
      "name": "random step 112 reward 全部为有限值",
      "status": "pass"
    },
    {
      "name": "随机动作保持在 [-1, 1]",
      "status": "pass"
    },
    {
      "name": "random step 113 observation.policy 全部为有限值",
      "status": "pass"
    },
    {
      "name": "random step 113 reward 全部为有限值",
      "status": "pass"
    },
    {
      "name": "随机动作保持在 [-1, 1]",
      "status": "pass"
    },
    {
      "name": "random step 114 observation.policy 全部为有限值",
      "status": "pass"
    },
    {
      "name": "random step 114 reward 全部为有限值",
      "status": "pass"
    },
    {
      "name": "随机动作保持在 [-1, 1]",
      "status": "pass"
    },
    {
      "name": "random step 115 observation.policy 全部为有限值",
      "status": "pass"
    },
    {
      "name": "random step 115 reward 全部为有限值",
      "status": "pass"
    },
    {
      "name": "随机动作保持在 [-1, 1]",
      "status": "pass"
    },
    {
      "name": "random step 116 observation.policy 全部为有限值",
      "status": "pass"
    },
    {
      "name": "random step 116 reward 全部为有限值",
      "status": "pass"
    },
    {
      "name": "随机动作保持在 [-1, 1]",
      "status": "pass"
    },
    {
      "name": "random step 117 observation.policy 全部为有限值",
      "status": "pass"
    },
    {
      "name": "random step 117 reward 全部为有限值",
      "status": "pass"
    },
    {
      "name": "随机动作保持在 [-1, 1]",
      "status": "pass"
    },
    {
      "name": "random step 118 observation.policy 全部为有限值",
      "status": "pass"
    },
    {
      "name": "random step 118 reward 全部为有限值",
      "status": "pass"
    },
    {
      "name": "随机动作保持在 [-1, 1]",
      "status": "pass"
    },
    {
      "name": "random step 119 observation.policy 全部为有限值",
      "status": "pass"
    },
    {
      "name": "random step 119 reward 全部为有限值",
      "status": "pass"
    },
    {
      "name": "随机动作保持在 [-1, 1]",
      "status": "pass"
    },
    {
      "name": "random step 120 observation.policy 全部为有限值",
      "status": "pass"
    },
    {
      "name": "random step 120 reward 全部为有限值",
      "status": "pass"
    },
    {
      "name": "随机动作保持在 [-1, 1]",
      "status": "pass"
    },
    {
      "name": "random step 121 observation.policy 全部为有限值",
      "status": "pass"
    },
    {
      "name": "random step 121 reward 全部为有限值",
      "status": "pass"
    },
    {
      "name": "随机动作保持在 [-1, 1]",
      "status": "pass"
    },
    {
      "name": "random step 122 observation.policy 全部为有限值",
      "status": "pass"
    },
    {
      "name": "random step 122 reward 全部为有限值",
      "status": "pass"
    },
    {
      "name": "随机动作保持在 [-1, 1]",
      "status": "pass"
    },
    {
      "name": "random step 123 observation.policy 全部为有限值",
      "status": "pass"
    },
    {
      "name": "random step 123 reward 全部为有限值",
      "status": "pass"
    },
    {
      "name": "随机动作保持在 [-1, 1]",
      "status": "pass"
    },
    {
      "name": "random step 124 observation.policy 全部为有限值",
      "status": "pass"
    },
    {
      "name": "random step 124 reward 全部为有限值",
      "status": "pass"
    },
    {
      "name": "随机动作保持在 [-1, 1]",
      "status": "pass"
    },
    {
      "name": "random step 125 observation.policy 全部为有限值",
      "status": "pass"
    },
    {
      "name": "random step 125 reward 全部为有限值",
      "status": "pass"
    },
    {
      "name": "随机动作保持在 [-1, 1]",
      "status": "pass"
    },
    {
      "name": "random step 126 observation.policy 全部为有限值",
      "status": "pass"
    },
    {
      "name": "random step 126 reward 全部为有限值",
      "status": "pass"
    },
    {
      "name": "随机动作保持在 [-1, 1]",
      "status": "pass"
    },
    {
      "name": "random step 127 observation.policy 全部为有限值",
      "status": "pass"
    },
    {
      "name": "random step 127 reward 全部为有限值",
      "status": "pass"
    },
    {
      "name": "随机动作保持在 [-1, 1]",
      "status": "pass"
    },
    {
      "name": "random step 128 observation.policy 全部为有限值",
      "status": "pass"
    },
    {
      "name": "random step 128 reward 全部为有限值",
      "status": "pass"
    },
    {
      "name": "随机动作保持在 [-1, 1]",
      "status": "pass"
    },
    {
      "name": "random step 129 observation.policy 全部为有限值",
      "status": "pass"
    },
    {
      "name": "random step 129 reward 全部为有限值",
      "status": "pass"
    },
    {
      "name": "随机动作保持在 [-1, 1]",
      "status": "pass"
    },
    {
      "name": "random step 130 observation.policy 全部为有限值",
      "status": "pass"
    },
    {
      "name": "random step 130 reward 全部为有限值",
      "status": "pass"
    },
    {
      "name": "随机动作保持在 [-1, 1]",
      "status": "pass"
    },
    {
      "name": "random step 131 observation.policy 全部为有限值",
      "status": "pass"
    },
    {
      "name": "random step 131 reward 全部为有限值",
      "status": "pass"
    },
    {
      "name": "随机动作保持在 [-1, 1]",
      "status": "pass"
    },
    {
      "name": "random step 132 observation.policy 全部为有限值",
      "status": "pass"
    },
    {
      "name": "random step 132 reward 全部为有限值",
      "status": "pass"
    },
    {
      "name": "随机动作保持在 [-1, 1]",
      "status": "pass"
    },
    {
      "name": "random step 133 observation.policy 全部为有限值",
      "status": "pass"
    },
    {
      "name": "random step 133 reward 全部为有限值",
      "status": "pass"
    },
    {
      "name": "随机动作保持在 [-1, 1]",
      "status": "pass"
    },
    {
      "name": "random step 134 observation.policy 全部为有限值",
      "status": "pass"
    },
    {
      "name": "random step 134 reward 全部为有限值",
      "status": "pass"
    },
    {
      "name": "随机动作保持在 [-1, 1]",
      "status": "pass"
    },
    {
      "name": "random step 135 observation.policy 全部为有限值",
      "status": "pass"
    },
    {
      "name": "random step 135 reward 全部为有限值",
      "status": "pass"
    },
    {
      "name": "随机动作保持在 [-1, 1]",
      "status": "pass"
    },
    {
      "name": "random step 136 observation.policy 全部为有限值",
      "status": "pass"
    },
    {
      "name": "random step 136 reward 全部为有限值",
      "status": "pass"
    },
    {
      "name": "随机动作保持在 [-1, 1]",
      "status": "pass"
    },
    {
      "name": "random step 137 observation.policy 全部为有限值",
      "status": "pass"
    },
    {
      "name": "random step 137 reward 全部为有限值",
      "status": "pass"
    },
    {
      "name": "随机动作保持在 [-1, 1]",
      "status": "pass"
    },
    {
      "name": "random step 138 observation.policy 全部为有限值",
      "status": "pass"
    },
    {
      "name": "random step 138 reward 全部为有限值",
      "status": "pass"
    },
    {
      "name": "随机动作保持在 [-1, 1]",
      "status": "pass"
    },
    {
      "name": "random step 139 observation.policy 全部为有限值",
      "status": "pass"
    },
    {
      "name": "random step 139 reward 全部为有限值",
      "status": "pass"
    },
    {
      "name": "随机动作保持在 [-1, 1]",
      "status": "pass"
    },
    {
      "name": "random step 140 observation.policy 全部为有限值",
      "status": "pass"
    },
    {
      "name": "random step 140 reward 全部为有限值",
      "status": "pass"
    },
    {
      "name": "随机动作保持在 [-1, 1]",
      "status": "pass"
    },
    {
      "name": "random step 141 observation.policy 全部为有限值",
      "status": "pass"
    },
    {
      "name": "random step 141 reward 全部为有限值",
      "status": "pass"
    },
    {
      "name": "随机动作保持在 [-1, 1]",
      "status": "pass"
    },
    {
      "name": "random step 142 observation.policy 全部为有限值",
      "status": "pass"
    },
    {
      "name": "random step 142 reward 全部为有限值",
      "status": "pass"
    },
    {
      "name": "随机动作保持在 [-1, 1]",
      "status": "pass"
    },
    {
      "name": "random step 143 observation.policy 全部为有限值",
      "status": "pass"
    },
    {
      "name": "random step 143 reward 全部为有限值",
      "status": "pass"
    },
    {
      "name": "随机动作保持在 [-1, 1]",
      "status": "pass"
    },
    {
      "name": "random step 144 observation.policy 全部为有限值",
      "status": "pass"
    },
    {
      "name": "random step 144 reward 全部为有限值",
      "status": "pass"
    },
    {
      "name": "随机动作保持在 [-1, 1]",
      "status": "pass"
    },
    {
      "name": "random step 145 observation.policy 全部为有限值",
      "status": "pass"
    },
    {
      "name": "random step 145 reward 全部为有限值",
      "status": "pass"
    },
    {
      "name": "随机动作保持在 [-1, 1]",
      "status": "pass"
    },
    {
      "name": "random step 146 observation.policy 全部为有限值",
      "status": "pass"
    },
    {
      "name": "random step 146 reward 全部为有限值",
      "status": "pass"
    },
    {
      "name": "随机动作保持在 [-1, 1]",
      "status": "pass"
    },
    {
      "name": "random step 147 observation.policy 全部为有限值",
      "status": "pass"
    },
    {
      "name": "random step 147 reward 全部为有限值",
      "status": "pass"
    },
    {
      "name": "随机动作保持在 [-1, 1]",
      "status": "pass"
    },
    {
      "name": "random step 148 observation.policy 全部为有限值",
      "status": "pass"
    },
    {
      "name": "random step 148 reward 全部为有限值",
      "status": "pass"
    },
    {
      "name": "随机动作保持在 [-1, 1]",
      "status": "pass"
    },
    {
      "name": "random step 149 observation.policy 全部为有限值",
      "status": "pass"
    },
    {
      "name": "random step 149 reward 全部为有限值",
      "status": "pass"
    },
    {
      "name": "随机动作保持在 [-1, 1]",
      "status": "pass"
    },
    {
      "name": "random step 150 observation.policy 全部为有限值",
      "status": "pass"
    },
    {
      "name": "random step 150 reward 全部为有限值",
      "status": "pass"
    },
    {
      "name": "随机动作保持在 [-1, 1]",
      "status": "pass"
    },
    {
      "name": "random step 151 observation.policy 全部为有限值",
      "status": "pass"
    },
    {
      "name": "random step 151 reward 全部为有限值",
      "status": "pass"
    },
    {
      "name": "随机动作保持在 [-1, 1]",
      "status": "pass"
    },
    {
      "name": "random step 152 observation.policy 全部为有限值",
      "status": "pass"
    },
    {
      "name": "random step 152 reward 全部为有限值",
      "status": "pass"
    },
    {
      "name": "随机动作保持在 [-1, 1]",
      "status": "pass"
    },
    {
      "name": "random step 153 observation.policy 全部为有限值",
      "status": "pass"
    },
    {
      "name": "random step 153 reward 全部为有限值",
      "status": "pass"
    },
    {
      "name": "随机动作保持在 [-1, 1]",
      "status": "pass"
    },
    {
      "name": "random step 154 observation.policy 全部为有限值",
      "status": "pass"
    },
    {
      "name": "random step 154 reward 全部为有限值",
      "status": "pass"
    },
    {
      "name": "随机动作保持在 [-1, 1]",
      "status": "pass"
    },
    {
      "name": "random step 155 observation.policy 全部为有限值",
      "status": "pass"
    },
    {
      "name": "random step 155 reward 全部为有限值",
      "status": "pass"
    },
    {
      "name": "随机动作保持在 [-1, 1]",
      "status": "pass"
    },
    {
      "name": "random step 156 observation.policy 全部为有限值",
      "status": "pass"
    },
    {
      "name": "random step 156 reward 全部为有限值",
      "status": "pass"
    },
    {
      "name": "随机动作保持在 [-1, 1]",
      "status": "pass"
    },
    {
      "name": "random step 157 observation.policy 全部为有限值",
      "status": "pass"
    },
    {
      "name": "random step 157 reward 全部为有限值",
      "status": "pass"
    },
    {
      "name": "随机动作保持在 [-1, 1]",
      "status": "pass"
    },
    {
      "name": "random step 158 observation.policy 全部为有限值",
      "status": "pass"
    },
    {
      "name": "random step 158 reward 全部为有限值",
      "status": "pass"
    },
    {
      "name": "随机动作保持在 [-1, 1]",
      "status": "pass"
    },
    {
      "name": "random step 159 observation.policy 全部为有限值",
      "status": "pass"
    },
    {
      "name": "random step 159 reward 全部为有限值",
      "status": "pass"
    },
    {
      "name": "随机动作保持在 [-1, 1]",
      "status": "pass"
    },
    {
      "name": "random step 160 observation.policy 全部为有限值",
      "status": "pass"
    },
    {
      "name": "random step 160 reward 全部为有限值",
      "status": "pass"
    },
    {
      "name": "随机动作保持在 [-1, 1]",
      "status": "pass"
    },
    {
      "name": "random step 161 observation.policy 全部为有限值",
      "status": "pass"
    },
    {
      "name": "random step 161 reward 全部为有限值",
      "status": "pass"
    },
    {
      "name": "随机动作保持在 [-1, 1]",
      "status": "pass"
    },
    {
      "name": "random step 162 observation.policy 全部为有限值",
      "status": "pass"
    },
    {
      "name": "random step 162 reward 全部为有限值",
      "status": "pass"
    },
    {
      "name": "随机动作保持在 [-1, 1]",
      "status": "pass"
    },
    {
      "name": "random step 163 observation.policy 全部为有限值",
      "status": "pass"
    },
    {
      "name": "random step 163 reward 全部为有限值",
      "status": "pass"
    },
    {
      "name": "随机动作保持在 [-1, 1]",
      "status": "pass"
    },
    {
      "name": "random step 164 observation.policy 全部为有限值",
      "status": "pass"
    },
    {
      "name": "random step 164 reward 全部为有限值",
      "status": "pass"
    },
    {
      "name": "随机动作保持在 [-1, 1]",
      "status": "pass"
    },
    {
      "name": "random step 165 observation.policy 全部为有限值",
      "status": "pass"
    },
    {
      "name": "random step 165 reward 全部为有限值",
      "status": "pass"
    },
    {
      "name": "随机动作保持在 [-1, 1]",
      "status": "pass"
    },
    {
      "name": "random step 166 observation.policy 全部为有限值",
      "status": "pass"
    },
    {
      "name": "random step 166 reward 全部为有限值",
      "status": "pass"
    },
    {
      "name": "随机动作保持在 [-1, 1]",
      "status": "pass"
    },
    {
      "name": "random step 167 observation.policy 全部为有限值",
      "status": "pass"
    },
    {
      "name": "random step 167 reward 全部为有限值",
      "status": "pass"
    },
    {
      "name": "随机动作保持在 [-1, 1]",
      "status": "pass"
    },
    {
      "name": "random step 168 observation.policy 全部为有限值",
      "status": "pass"
    },
    {
      "name": "random step 168 reward 全部为有限值",
      "status": "pass"
    },
    {
      "name": "随机动作保持在 [-1, 1]",
      "status": "pass"
    },
    {
      "name": "random step 169 observation.policy 全部为有限值",
      "status": "pass"
    },
    {
      "name": "random step 169 reward 全部为有限值",
      "status": "pass"
    },
    {
      "name": "随机动作保持在 [-1, 1]",
      "status": "pass"
    },
    {
      "name": "random step 170 observation.policy 全部为有限值",
      "status": "pass"
    },
    {
      "name": "random step 170 reward 全部为有限值",
      "status": "pass"
    },
    {
      "name": "随机动作保持在 [-1, 1]",
      "status": "pass"
    },
    {
      "name": "random step 171 observation.policy 全部为有限值",
      "status": "pass"
    },
    {
      "name": "random step 171 reward 全部为有限值",
      "status": "pass"
    },
    {
      "name": "随机动作保持在 [-1, 1]",
      "status": "pass"
    },
    {
      "name": "random step 172 observation.policy 全部为有限值",
      "status": "pass"
    },
    {
      "name": "random step 172 reward 全部为有限值",
      "status": "pass"
    },
    {
      "name": "随机动作保持在 [-1, 1]",
      "status": "pass"
    },
    {
      "name": "random step 173 observation.policy 全部为有限值",
      "status": "pass"
    },
    {
      "name": "random step 173 reward 全部为有限值",
      "status": "pass"
    },
    {
      "name": "随机动作保持在 [-1, 1]",
      "status": "pass"
    },
    {
      "name": "random step 174 observation.policy 全部为有限值",
      "status": "pass"
    },
    {
      "name": "random step 174 reward 全部为有限值",
      "status": "pass"
    },
    {
      "name": "随机动作保持在 [-1, 1]",
      "status": "pass"
    },
    {
      "name": "random step 175 observation.policy 全部为有限值",
      "status": "pass"
    },
    {
      "name": "random step 175 reward 全部为有限值",
      "status": "pass"
    },
    {
      "name": "随机动作保持在 [-1, 1]",
      "status": "pass"
    },
    {
      "name": "random step 176 observation.policy 全部为有限值",
      "status": "pass"
    },
    {
      "name": "random step 176 reward 全部为有限值",
      "status": "pass"
    },
    {
      "name": "随机动作保持在 [-1, 1]",
      "status": "pass"
    },
    {
      "name": "random step 177 observation.policy 全部为有限值",
      "status": "pass"
    },
    {
      "name": "random step 177 reward 全部为有限值",
      "status": "pass"
    },
    {
      "name": "随机动作保持在 [-1, 1]",
      "status": "pass"
    },
    {
      "name": "random step 178 observation.policy 全部为有限值",
      "status": "pass"
    },
    {
      "name": "random step 178 reward 全部为有限值",
      "status": "pass"
    },
    {
      "name": "随机动作保持在 [-1, 1]",
      "status": "pass"
    },
    {
      "name": "random step 179 observation.policy 全部为有限值",
      "status": "pass"
    },
    {
      "name": "random step 179 reward 全部为有限值",
      "status": "pass"
    },
    {
      "name": "随机动作保持在 [-1, 1]",
      "status": "pass"
    },
    {
      "name": "random step 180 observation.policy 全部为有限值",
      "status": "pass"
    },
    {
      "name": "random step 180 reward 全部为有限值",
      "status": "pass"
    },
    {
      "name": "随机动作保持在 [-1, 1]",
      "status": "pass"
    },
    {
      "name": "random step 181 observation.policy 全部为有限值",
      "status": "pass"
    },
    {
      "name": "random step 181 reward 全部为有限值",
      "status": "pass"
    },
    {
      "name": "随机动作保持在 [-1, 1]",
      "status": "pass"
    },
    {
      "name": "random step 182 observation.policy 全部为有限值",
      "status": "pass"
    },
    {
      "name": "random step 182 reward 全部为有限值",
      "status": "pass"
    },
    {
      "name": "随机动作保持在 [-1, 1]",
      "status": "pass"
    },
    {
      "name": "random step 183 observation.policy 全部为有限值",
      "status": "pass"
    },
    {
      "name": "random step 183 reward 全部为有限值",
      "status": "pass"
    },
    {
      "name": "随机动作保持在 [-1, 1]",
      "status": "pass"
    },
    {
      "name": "random step 184 observation.policy 全部为有限值",
      "status": "pass"
    },
    {
      "name": "random step 184 reward 全部为有限值",
      "status": "pass"
    },
    {
      "name": "随机动作保持在 [-1, 1]",
      "status": "pass"
    },
    {
      "name": "random step 185 observation.policy 全部为有限值",
      "status": "pass"
    },
    {
      "name": "random step 185 reward 全部为有限值",
      "status": "pass"
    },
    {
      "name": "随机动作保持在 [-1, 1]",
      "status": "pass"
    },
    {
      "name": "random step 186 observation.policy 全部为有限值",
      "status": "pass"
    },
    {
      "name": "random step 186 reward 全部为有限值",
      "status": "pass"
    },
    {
      "name": "随机动作保持在 [-1, 1]",
      "status": "pass"
    },
    {
      "name": "random step 187 observation.policy 全部为有限值",
      "status": "pass"
    },
    {
      "name": "random step 187 reward 全部为有限值",
      "status": "pass"
    },
    {
      "name": "随机动作保持在 [-1, 1]",
      "status": "pass"
    },
    {
      "name": "random step 188 observation.policy 全部为有限值",
      "status": "pass"
    },
    {
      "name": "random step 188 reward 全部为有限值",
      "status": "pass"
    },
    {
      "name": "随机动作保持在 [-1, 1]",
      "status": "pass"
    },
    {
      "name": "random step 189 observation.policy 全部为有限值",
      "status": "pass"
    },
    {
      "name": "random step 189 reward 全部为有限值",
      "status": "pass"
    },
    {
      "name": "随机动作保持在 [-1, 1]",
      "status": "pass"
    },
    {
      "name": "random step 190 observation.policy 全部为有限值",
      "status": "pass"
    },
    {
      "name": "random step 190 reward 全部为有限值",
      "status": "pass"
    },
    {
      "name": "随机动作保持在 [-1, 1]",
      "status": "pass"
    },
    {
      "name": "random step 191 observation.policy 全部为有限值",
      "status": "pass"
    },
    {
      "name": "random step 191 reward 全部为有限值",
      "status": "pass"
    },
    {
      "name": "随机动作保持在 [-1, 1]",
      "status": "pass"
    },
    {
      "name": "random step 192 observation.policy 全部为有限值",
      "status": "pass"
    },
    {
      "name": "random step 192 reward 全部为有限值",
      "status": "pass"
    },
    {
      "name": "随机动作保持在 [-1, 1]",
      "status": "pass"
    },
    {
      "name": "random step 193 observation.policy 全部为有限值",
      "status": "pass"
    },
    {
      "name": "random step 193 reward 全部为有限值",
      "status": "pass"
    },
    {
      "name": "随机动作保持在 [-1, 1]",
      "status": "pass"
    },
    {
      "name": "random step 194 observation.policy 全部为有限值",
      "status": "pass"
    },
    {
      "name": "random step 194 reward 全部为有限值",
      "status": "pass"
    },
    {
      "name": "随机动作保持在 [-1, 1]",
      "status": "pass"
    },
    {
      "name": "random step 195 observation.policy 全部为有限值",
      "status": "pass"
    },
    {
      "name": "random step 195 reward 全部为有限值",
      "status": "pass"
    },
    {
      "name": "随机动作保持在 [-1, 1]",
      "status": "pass"
    },
    {
      "name": "random step 196 observation.policy 全部为有限值",
      "status": "pass"
    },
    {
      "name": "random step 196 reward 全部为有限值",
      "status": "pass"
    },
    {
      "name": "随机动作保持在 [-1, 1]",
      "status": "pass"
    },
    {
      "name": "random step 197 observation.policy 全部为有限值",
      "status": "pass"
    },
    {
      "name": "random step 197 reward 全部为有限值",
      "status": "pass"
    },
    {
      "name": "随机动作保持在 [-1, 1]",
      "status": "pass"
    },
    {
      "name": "random step 198 observation.policy 全部为有限值",
      "status": "pass"
    },
    {
      "name": "random step 198 reward 全部为有限值",
      "status": "pass"
    },
    {
      "name": "随机动作保持在 [-1, 1]",
      "status": "pass"
    },
    {
      "name": "random step 199 observation.policy 全部为有限值",
      "status": "pass"
    },
    {
      "name": "random step 199 reward 全部为有限值",
      "status": "pass"
    },
    {
      "name": "随机动作保持在 [-1, 1]",
      "status": "pass"
    },
    {
      "name": "随机动作期间机身未触地",
      "status": "pass"
    },
    {
      "name": "随机动作 200 次",
      "status": "pass",
      "base_height_min": 0.12915033102035522,
      "base_height_max": 0.25941550731658936
    }
  ]
}lt color: (0.0, 0.0, 0.0)
2026-10-07 14:52:47 [12,417ms] [Warning] [omni.usd] Warning: in GetNodeDiscoveryResults at line 136 of /builds/omniverse/usd-ci/USD/pxr/usd/usdShade/shaderDefUtils.cpp -- Unable to resolve info:sourceAsset </UsdPreviewSurface.info:mdl:sourceAsset> with value @UsdPreviewSurface.mdl@.

2026-10-07 14:52:47 [12,417ms] [Warning] [omni.usd] Warning: in GetNodeDiscoveryResults at line 136 of /builds/omniverse/usd-ci/USD/pxr/usd/usdShade/shaderDefUtils.cpp -- Unable to resolve info:sourceAsset </UsdUVTexture.info:mdl:sourceAsset> with value @UsdPreviewSurface.mdl@.

2026-10-07 14:52:47 [12,417ms] [Warning] [omni.usd] Warning: in GetNodeDiscoveryResults at line 136 of /builds/omniverse/usd-ci/USD/pxr/usd/usdShade/shaderDefUtils.cpp -- Unable to resolve info:sourceAsset </UsdPrimvarReader_float.info:mdl:sourceAsset> with value @UsdPreviewSurface.mdl@.

2026-10-07 14:52:47 [12,417ms] [Warning] [omni.usd] Warning: in GetNodeDiscoveryResults at line 136 of /builds/omniverse/usd-ci/USD/pxr/usd/usdShade/shaderDefUtils.cpp -- Unable to resolve info:sourceAsset </UsdPrimvarReader_float2.info:mdl:sourceAsset> with value @UsdPreviewSurface.mdl@.

2026-10-07 14:52:47 [12,417ms] [Warning] [omni.usd] Warning: in GetNodeDiscoveryResults at line 136 of /builds/omniverse/usd-ci/USD/pxr/usd/usdShade/shaderDefUtils.cpp -- Unable to resolve info:sourceAsset </UsdPrimvarReader_float3.info:mdl:sourceAsset> with value @UsdPreviewSurface.mdl@.

2026-10-07 14:52:47 [12,417ms] [Warning] [omni.usd] Warning: in GetNodeDiscoveryResults at line 136 of /builds/omniverse/usd-ci/USD/pxr/usd/usdShade/shaderDefUtils.cpp -- Unable to resolve info:sourceAsset </UsdPrimvarReader_float4.info:mdl:sourceAsset> with value @UsdPreviewSurface.mdl@.

2026-10-07 14:52:47 [12,417ms] [Warning] [omni.usd] Warning: in GetNodeDiscoveryResults at line 136 of /builds/omniverse/usd-ci/USD/pxr/usd/usdShade/shaderDefUtils.cpp -- Unable to resolve info:sourceAsset </UsdPrimvarReader_int.info:mdl:sourceAsset> with value @UsdPreviewSurface.mdl@.

2026-10-07 14:52:47 [12,418ms] [Warning] [omni.usd] Warning: in GetNodeDiscoveryResults at line 136 of /builds/omniverse/usd-ci/USD/pxr/usd/usdShade/shaderDefUtils.cpp -- Unable to resolve info:sourceAsset </UsdPrimvarReader_string.info:mdl:sourceAsset> with value @UsdPreviewSurface.mdl@.

2026-10-07 14:52:47 [12,418ms] [Warning] [omni.usd] Warning: in GetNodeDiscoveryResults at line 136 of /builds/omniverse/usd-ci/USD/pxr/usd/usdShade/shaderDefUtils.cpp -- Unable to resolve info:sourceAsset </UsdPrimvarReader_normal.info:mdl:sourceAsset> with value @UsdPreviewSurface.mdl@.

2026-10-07 14:52:47 [12,418ms] [Warning] [omni.usd] Warning: in GetNodeDiscoveryResults at line 136 of /builds/omniverse/usd-ci/USD/pxr/usd/usdShade/shaderDefUtils.cpp -- Unable to resolve info:sourceAsset </UsdPrimvarReader_point.info:mdl:sourceAsset> with value @UsdPreviewSurface.mdl@.

2026-10-07 14:52:47 [12,418ms] [Warning] [omni.usd] Warning: in GetNodeDiscoveryResults at line 136 of /builds/omniverse/usd-ci/USD/pxr/usd/usdShade/shaderDefUtils.cpp -- Unable to resolve info:sourceAsset </UsdPrimvarReader_vector.info:mdl:sourceAsset> with value @UsdPreviewSurface.mdl@.

2026-10-07 14:52:47 [12,418ms] [Warning] [omni.usd] Warning: in GetNodeDiscoveryResults at line 136 of /builds/omniverse/usd-ci/USD/pxr/usd/usdShade/shaderDefUtils.cpp -- Unable to resolve info:sourceAsset </UsdPrimvarReader_matrix.info:mdl:sourceAsset> with value @UsdPreviewSurface.mdl@.

2026-10-07 14:52:47 [12,418ms] [Warning] [omni.usd] Warning: in GetNodeDiscoveryResults at line 136 of /builds/omniverse/usd-ci/USD/pxr/usd/usdShade/shaderDefUtils.cpp -- Unable to resolve info:sourceAsset </UsdTransform2d.info:mdl:sourceAsset> with value @UsdPreviewSurface.mdl@.

