============================================================
【配置】PPO 训练四足机器狗行走
============================================================
  环境类型        : turn
  观测维度        : 45
  动作维度        : 12  (范围 [-1.0, 1.0])
  策略网络        : MlpPolicy  net_arch=[256, 256]
  n_steps        : 2048
  batch_size     : 256
  n_epochs       : 10
  gamma          : 0.99
  gae_lambda     : 0.95
  learning_rate  : 0.0003
  ent_coef       : 0.0
  clip_range     : 0.2
------------------------------------------------------------
  训练总步数      : 300000
  计算设备        : cuda
  阶段标签        : phase3_turn
  日志目录        : runs/ppo_walk[_tag]_<时间戳>
  checkpoint 目录 : checkpoints
  checkpoint 间隔 : 20000
  评估间隔        : 20000  (每 3 集)
  继续训练        : checkpoints/ppo_walk_final.zip
  随机种子        : （未设置）
============================================================
【训练】环境类型 = turn，观测维度 = 45
【训练】阶段 = phase3_turn，奖励权重 = {'alive_bonus': 1.0, 'forward_vel': 3.0, 'roll_penalty': -2.0, 'pitch_penalty': -2.0, 'action_sq': -0.05, 'fall_penalty': -10.0, 'heading_cos': 2.0, 'yaw_rate_penalty': -0.5, 'heading_bonus': 1.0, 'climb_reward': 0.0, 'on_step_reward': 0.0}
【训练】日志目录 = runs/ppo_walk_phase3_turn_20260926-083934
【训练】checkpoint 目录 = checkpoints
【自检】创建环境（turn）并执行 reset/step ...
【自检】通过：reset / step 接口正常
【自检】耗时 1.27s
【训练】训练环境已创建，观测维度=45，动作维度=12
【训练】每 20000 步保存 checkpoint → checkpoints/p3_turn_<step>.zip
【训练】每 20000 步评估一次（3 集平均）
【训练】从 checkpoints/ppo_walk_final.zip 继续训练 ...
/home/pma213x/.local/lib/python3.14/site-packages/stable_baselines3/common/on_policy_algorithm.py:150: UserWarning: You are trying to run PPO on the GPU, but it is primarily intended to run on the CPU when not using a CNN policy (you are using ActorCriticPolicy which should be a MlpPolicy). See https://github.com/DLR-RM/stable-baselines3/issues/1245 for more info. You can pass `device='cpu'` or `export CUDA_VISIBLE_DEVICES=` to force using the CPU.Note: The model will train, but the GPU utilization will be poor and the training might take longer than on CPU.
  warnings.warn(
【训练】旧模型 obs_dim=42，新环境 obs_dim=45
【训练】obs 维度不一致，执行首层扩展热启动 ...
Using cuda device
【训练】热启动完成：同形状拷贝 11 个参数张量，首层扩展 2 处（新增输入通道置零）
【训练】已加载模型，当前累计步数 = 0
【训练】开始训练：本次运行 300000 步（目标总步数 300000）
Logging to runs/ppo_walk_phase3_turn_20260926-083934/PPO_0
---------------------------------
| rollout/           |          |
|    ep_len_mean     | 1e+03    |
|    ep_rew_mean     | 1.78e+03 |
| time/              |          |
|    fps             | 49       |
|    iterations      | 1        |
|    time_elapsed    | 41       |
|    total_timesteps | 2048     |
---------------------------------
-----------------------------------------
| rollout/                |             |
|    ep_len_mean          | 1e+03       |
|    ep_rew_mean          | 754         |
| time/                   |             |
|    fps                  | 48          |
|    iterations           | 2           |
|    time_elapsed         | 83          |
|    total_timesteps      | 4096        |
| train/                  |             |
|    approx_kl            | 0.016236879 |
|    clip_fraction        | 0.261       |
|    clip_range           | 0.2         |
|    entropy_loss         | -15         |
|    explained_variance   | 0.235       |
|    learning_rate        | 0.0003      |
|    loss                 | 328         |
|    n_updates            | 10          |
|    policy_gradient_loss | -0.0585     |
|    std                  | 0.846       |
|    value_loss           | 803         |
-----------------------------------------
-----------------------------------------
| rollout/                |             |
|    ep_len_mean          | 1e+03       |
|    ep_rew_mean          | 471         |
| time/                   |             |
|    fps                  | 48          |
|    iterations           | 3           |
|    time_elapsed         | 125         |
|    total_timesteps      | 6144        |
| train/                  |             |
|    approx_kl            | 0.025737215 |
|    clip_fraction        | 0.251       |
|    clip_range           | 0.2         |
|    entropy_loss         | -15         |
|    explained_variance   | 0.747       |
|    learning_rate        | 0.0003      |
|    loss                 | 114         |
|    n_updates            | 20          |
|    policy_gradient_loss | -0.0497     |
|    std                  | 0.845       |
|    value_loss           | 485         |
-----------------------------------------
-----------------------------------------
| rollout/                |             |
|    ep_len_mean          | 1e+03       |
|    ep_rew_mean          | 779         |
| time/                   |             |
|    fps                  | 48          |
|    iterations           | 4           |
|    time_elapsed         | 167         |
|    total_timesteps      | 8192        |
| train/                  |             |
|    approx_kl            | 0.017585088 |
|    clip_fraction        | 0.231       |
|    clip_range           | 0.2         |
|    entropy_loss         | -15         |
|    explained_variance   | 0.496       |
|    learning_rate        | 0.0003      |
|    loss                 | 190         |
|    n_updates            | 30          |
|    policy_gradient_loss | -0.0446     |
|    std                  | 0.844       |
|    value_loss           | 677         |
-----------------------------------------
-----------------------------------------
| rollout/                |             |
|    ep_len_mean          | 1e+03       |
|    ep_rew_mean          | 716         |
| time/                   |             |
|    fps                  | 48          |
|    iterations           | 5           |
|    time_elapsed         | 209         |
|    total_timesteps      | 10240       |
| train/                  |             |
|    approx_kl            | 0.028854934 |
|    clip_fraction        | 0.329       |
|    clip_range           | 0.2         |
|    entropy_loss         | -15         |
|    explained_variance   | 0.248       |
|    learning_rate        | 0.0003      |
|    loss                 | 108         |
|    n_updates            | 40          |
|    policy_gradient_loss | -0.0601     |
|    std                  | 0.841       |
|    value_loss           | 261         |
-----------------------------------------
-----------------------------------------
| rollout/                |             |
|    ep_len_mean          | 1e+03       |
|    ep_rew_mean          | 873         |
| time/                   |             |
|    fps                  | 48          |
|    iterations           | 6           |
|    time_elapsed         | 251         |
|    total_timesteps      | 12288       |
| train/                  |             |
|    approx_kl            | 0.021491038 |
|    clip_fraction        | 0.263       |
|    clip_range           | 0.2         |
|    entropy_loss         | -14.9       |
|    explained_variance   | 0.638       |
|    learning_rate        | 0.0003      |
|    loss                 | 188         |
|    n_updates            | 50          |
|    policy_gradient_loss | -0.0583     |
|    std                  | 0.84        |
|    value_loss           | 542         |
-----------------------------------------
-----------------------------------------
| rollout/                |             |
|    ep_len_mean          | 1e+03       |
|    ep_rew_mean          | 916         |
| time/                   |             |
|    fps                  | 48          |
|    iterations           | 7           |
|    time_elapsed         | 293         |
|    total_timesteps      | 14336       |
| train/                  |             |
|    approx_kl            | 0.020352755 |
|    clip_fraction        | 0.27        |
|    clip_range           | 0.2         |
|    entropy_loss         | -14.9       |
|    explained_variance   | -1.27       |
|    learning_rate        | 0.0003      |
|    loss                 | 137         |
|    n_updates            | 60          |
|    policy_gradient_loss | -0.0589     |
|    std                  | 0.839       |
|    value_loss           | 680         |
-----------------------------------------
---------------------------------------
| rollout/                |           |
|    ep_len_mean          | 1e+03     |
|    ep_rew_mean          | 1.03e+03  |
| time/                   |           |
|    fps                  | 48        |
|    iterations           | 8         |
|    time_elapsed         | 336       |
|    total_timesteps      | 16384     |
| train/                  |           |
|    approx_kl            | 0.0258358 |
|    clip_fraction        | 0.3       |
|    clip_range           | 0.2       |
|    entropy_loss         | -14.9     |
|    explained_variance   | 0.609     |
|    learning_rate        | 0.0003    |
|    loss                 | 68.1      |
|    n_updates            | 70        |
|    policy_gradient_loss | -0.0654   |
|    std                  | 0.839     |
|    value_loss           | 288       |
---------------------------------------
----------------------------------------
| rollout/                |            |
|    ep_len_mean          | 1e+03      |
|    ep_rew_mean          | 1.06e+03   |
| time/                   |            |
|    fps                  | 48         |
|    iterations           | 9          |
|    time_elapsed         | 379        |
|    total_timesteps      | 18432      |
| train/                  |            |
|    approx_kl            | 0.02298983 |
|    clip_fraction        | 0.281      |
|    clip_range           | 0.2        |
|    entropy_loss         | -14.9      |
|    explained_variance   | 0.347      |
|    learning_rate        | 0.0003     |
|    loss                 | 114        |
|    n_updates            | 80         |
|    policy_gradient_loss | -0.0524    |
|    std                  | 0.836      |
|    value_loss           | 339        |
----------------------------------------
【评估】创建评估环境失败，跳过本次评估：[Errno 98] Address already in use
-----------------------------------------
| rollout/                |             |
|    ep_len_mean          | 1e+03       |
|    ep_rew_mean          | 1.25e+03    |
| time/                   |             |
|    fps                  | 47          |
|    iterations           | 10          |
|    time_elapsed         | 428         |
|    total_timesteps      | 20480       |
| train/                  |             |
|    approx_kl            | 0.013338681 |
|    clip_fraction        | 0.173       |
|    clip_range           | 0.2         |
|    entropy_loss         | -14.9       |
|    explained_variance   | 0.232       |
|    learning_rate        | 0.0003      |
|    loss                 | 220         |
|    n_updates            | 90          |
|    policy_gradient_loss | -0.0414     |
|    std                  | 0.835       |
|    value_loss           | 806         |
-----------------------------------------
-----------------------------------------
| rollout/                |             |
|    ep_len_mean          | 1e+03       |
|    ep_rew_mean          | 1.22e+03    |
| time/                   |             |
|    fps                  | 46          |
|    iterations           | 11          |
|    time_elapsed         | 482         |
|    total_timesteps      | 22528       |
| train/                  |             |
|    approx_kl            | 0.022099124 |
|    clip_fraction        | 0.249       |
|    clip_range           | 0.2         |
|    entropy_loss         | -14.8       |
|    explained_variance   | 0.738       |
|    learning_rate        | 0.0003      |
|    loss                 | 100         |
|    n_updates            | 100         |
|    policy_gradient_loss | -0.0565     |
|    std                  | 0.834       |
|    value_loss           | 350         |
-----------------------------------------
-----------------------------------------
| rollout/                |             |
|    ep_len_mean          | 1e+03       |
|    ep_rew_mean          | 1.23e+03    |
| time/                   |             |
|    fps                  | 45          |
|    iterations           | 12          |
|    time_elapsed         | 537         |
|    total_timesteps      | 24576       |
| train/                  |             |
|    approx_kl            | 0.026556611 |
|    clip_fraction        | 0.304       |
|    clip_range           | 0.2         |
|    entropy_loss         | -14.8       |
|    explained_variance   | 0.758       |
|    learning_rate        | 0.0003      |
|    loss                 | 184         |
|    n_updates            | 110         |
|    policy_gradient_loss | -0.0586     |
|    std                  | 0.831       |
|    value_loss           | 510         |
-----------------------------------------
-----------------------------------------
| rollout/                |             |
|    ep_len_mean          | 1e+03       |
|    ep_rew_mean          | 1.23e+03    |
| time/                   |             |
|    fps                  | 45          |
|    iterations           | 13          |
|    time_elapsed         | 591         |
|    total_timesteps      | 26624       |
| train/                  |             |
|    approx_kl            | 0.021997467 |
|    clip_fraction        | 0.286       |
|    clip_range           | 0.2         |
|    entropy_loss         | -14.8       |
|    explained_variance   | 0.591       |
|    learning_rate        | 0.0003      |
|    loss                 | 78.7        |
|    n_updates            | 120         |
|    policy_gradient_loss | -0.0587     |
|    std                  | 0.829       |
|    value_loss           | 252         |
-----------------------------------------
-----------------------------------------
| rollout/                |             |
|    ep_len_mean          | 1e+03       |
|    ep_rew_mean          | 1.19e+03    |
| time/                   |             |
|    fps                  | 44          |
|    iterations           | 14          |
|    time_elapsed         | 645         |
|    total_timesteps      | 28672       |
| train/                  |             |
|    approx_kl            | 0.023529738 |
|    clip_fraction        | 0.287       |
|    clip_range           | 0.2         |
|    entropy_loss         | -14.8       |
|    explained_variance   | 0.561       |
|    learning_rate        | 0.0003      |
|    loss                 | 42.8        |
|    n_updates            | 130         |
|    policy_gradient_loss | -0.0601     |
|    std                  | 0.828       |
|    value_loss           | 170         |
-----------------------------------------
-----------------------------------------
| rollout/                |             |
|    ep_len_mean          | 1e+03       |
|    ep_rew_mean          | 1.26e+03    |
| time/                   |             |
|    fps                  | 43          |
|    iterations           | 15          |
|    time_elapsed         | 700         |
|    total_timesteps      | 30720       |
| train/                  |             |
|    approx_kl            | 0.021330861 |
|    clip_fraction        | 0.264       |
|    clip_range           | 0.2         |
|    entropy_loss         | -14.7       |
|    explained_variance   | 0.743       |
|    learning_rate        | 0.0003      |
|    loss                 | 109         |
|    n_updates            | 140         |
|    policy_gradient_loss | -0.0588     |
|    std                  | 0.826       |
|    value_loss           | 458         |
-----------------------------------------
-----------------------------------------
| rollout/                |             |
|    ep_len_mean          | 1e+03       |
|    ep_rew_mean          | 1.25e+03    |
| time/                   |             |
|    fps                  | 42          |
|    iterations           | 16          |
|    time_elapsed         | 762         |
|    total_timesteps      | 32768       |
| train/                  |             |
|    approx_kl            | 0.023065593 |
|    clip_fraction        | 0.277       |
|    clip_range           | 0.2         |
|    entropy_loss         | -14.7       |
|    explained_variance   | 0.801       |
|    learning_rate        | 0.0003      |
|    loss                 | 64.2        |
|    n_updates            | 150         |
|    policy_gradient_loss | -0.0574     |
|    std                  | 0.825       |
|    value_loss           | 180         |
-----------------------------------------
-----------------------------------------
| rollout/                |             |
|    ep_len_mean          | 1e+03       |
|    ep_rew_mean          | 1.17e+03    |
| time/                   |             |
|    fps                  | 41          |
|    iterations           | 17          |
|    time_elapsed         | 832         |
|    total_timesteps      | 34816       |
| train/                  |             |
|    approx_kl            | 0.021053217 |
|    clip_fraction        | 0.247       |
|    clip_range           | 0.2         |
|    entropy_loss         | -14.7       |
|    explained_variance   | 0.688       |
|    learning_rate        | 0.0003      |
|    loss                 | 163         |
|    n_updates            | 160         |
|    policy_gradient_loss | -0.0491     |
|    std                  | 0.824       |
|    value_loss           | 500         |
-----------------------------------------
----------------------------------------
| rollout/                |            |
|    ep_len_mean          | 1e+03      |
|    ep_rew_mean          | 1.23e+03   |
| time/                   |            |
|    fps                  | 40         |
|    iterations           | 18         |
|    time_elapsed         | 900        |
|    total_timesteps      | 36864      |
| train/                  |            |
|    approx_kl            | 0.02183741 |
|    clip_fraction        | 0.246      |
|    clip_range           | 0.2        |
|    entropy_loss         | -14.7      |
|    explained_variance   | 0.87       |
|    learning_rate        | 0.0003     |
|    loss                 | 54.2       |
|    n_updates            | 170        |
|    policy_gradient_loss | -0.0496    |
|    std                  | 0.822      |
|    value_loss           | 217        |
----------------------------------------
-----------------------------------------
| rollout/                |             |
|    ep_len_mean          | 1e+03       |
|    ep_rew_mean          | 1.19e+03    |
| time/                   |             |
|    fps                  | 40          |
|    iterations           | 19          |
|    time_elapsed         | 968         |
|    total_timesteps      | 38912       |
| train/                  |             |
|    approx_kl            | 0.029117424 |
|    clip_fraction        | 0.295       |
|    clip_range           | 0.2         |
|    entropy_loss         | -14.7       |
|    explained_variance   | 0.866       |
|    learning_rate        | 0.0003      |
|    loss                 | 57.4        |
|    n_updates            | 180         |
|    policy_gradient_loss | -0.0623     |
|    std                  | 0.821       |
|    value_loss           | 211         |
-----------------------------------------
-----------------------------------------
| rollout/                |             |
|    ep_len_mean          | 1e+03       |
|    ep_rew_mean          | 1.18e+03    |
| time/                   |             |
|    fps                  | 39          |
|    iterations           | 20          |
|    time_elapsed         | 1036        |
|    total_timesteps      | 40960       |
| train/                  |             |
|    approx_kl            | 0.017104927 |
|    clip_fraction        | 0.235       |
|    clip_range           | 0.2         |
|    entropy_loss         | -14.6       |
|    explained_variance   | 0.855       |
|    learning_rate        | 0.0003      |
|    loss                 | 83.4        |
|    n_updates            | 190         |
|    policy_gradient_loss | -0.0488     |
|    std                  | 0.821       |
|    value_loss           | 262         |
-----------------------------------------
-----------------------------------------
| rollout/                |             |
|    ep_len_mean          | 1e+03       |
|    ep_rew_mean          | 1.18e+03    |
| time/                   |             |
|    fps                  | 38          |
|    iterations           | 21          |
|    time_elapsed         | 1105        |
|    total_timesteps      | 43008       |
| train/                  |             |
|    approx_kl            | 0.021501273 |
|    clip_fraction        | 0.252       |
|    clip_range           | 0.2         |
|    entropy_loss         | -14.6       |
|    explained_variance   | 0.842       |
|    learning_rate        | 0.0003      |
|    loss                 | 72.3        |
|    n_updates            | 200         |
|    policy_gradient_loss | -0.0555     |
|    std                  | 0.82        |
|    value_loss           | 184         |
-----------------------------------------
-----------------------------------------
| rollout/                |             |
|    ep_len_mean          | 1e+03       |
|    ep_rew_mean          | 1.14e+03    |
| time/                   |             |
|    fps                  | 38          |
|    iterations           | 22          |
|    time_elapsed         | 1174        |
|    total_timesteps      | 45056       |
| train/                  |             |
|    approx_kl            | 0.019197568 |
|    clip_fraction        | 0.25        |
|    clip_range           | 0.2         |
|    entropy_loss         | -14.6       |
|    explained_variance   | 0.898       |
|    learning_rate        | 0.0003      |
|    loss                 | 101         |
|    n_updates            | 210         |
|    policy_gradient_loss | -0.0561     |
|    std                  | 0.82        |
|    value_loss           | 290         |
-----------------------------------------
-----------------------------------------
| rollout/                |             |
|    ep_len_mean          | 1e+03       |
|    ep_rew_mean          | 1.19e+03    |
| time/                   |             |
|    fps                  | 37          |
|    iterations           | 23          |
|    time_elapsed         | 1242        |
|    total_timesteps      | 47104       |
| train/                  |             |
|    approx_kl            | 0.017636484 |
|    clip_fraction        | 0.236       |
|    clip_range           | 0.2         |
|    entropy_loss         | -14.6       |
|    explained_variance   | 0.915       |
|    learning_rate        | 0.0003      |
|    loss                 | 94.8        |
|    n_updates            | 220         |
|    policy_gradient_loss | -0.0566     |
|    std                  | 0.818       |
|    value_loss           | 362         |
-----------------------------------------
-----------------------------------------
| rollout/                |             |
|    ep_len_mean          | 1e+03       |
|    ep_rew_mean          | 1.18e+03    |
| time/                   |             |
|    fps                  | 37          |
|    iterations           | 24          |
|    time_elapsed         | 1310        |
|    total_timesteps      | 49152       |
| train/                  |             |
|    approx_kl            | 0.022393823 |
|    clip_fraction        | 0.308       |
|    clip_range           | 0.2         |
|    entropy_loss         | -14.6       |
|    explained_variance   | 0.904       |
|    learning_rate        | 0.0003      |
|    loss                 | 45.5        |
|    n_updates            | 230         |
|    policy_gradient_loss | -0.0627     |
|    std                  | 0.815       |
|    value_loss           | 153         |
-----------------------------------------
----------------------------------------
| rollout/                |            |
|    ep_len_mean          | 1e+03      |
|    ep_rew_mean          | 1.14e+03   |
| time/                   |            |
|    fps                  | 37         |
|    iterations           | 25         |
|    time_elapsed         | 1378       |
|    total_timesteps      | 51200      |
| train/                  |            |
|    approx_kl            | 0.03347473 |
|    clip_fraction        | 0.345      |
|    clip_range           | 0.2        |
|    entropy_loss         | -14.5      |
|    explained_variance   | 0.981      |
|    learning_rate        | 0.0003     |
|    loss                 | 18.1       |
|    n_updates            | 240        |
|    policy_gradient_loss | -0.0659    |
|    std                  | 0.814      |
|    value_loss           | 71         |
----------------------------------------
-----------------------------------------
| rollout/                |             |
|    ep_len_mean          | 1e+03       |
|    ep_rew_mean          | 1.09e+03    |
| time/                   |             |
|    fps                  | 36          |
|    iterations           | 26          |
|    time_elapsed         | 1446        |
|    total_timesteps      | 53248       |
| train/                  |             |
|    approx_kl            | 0.015925417 |
|    clip_fraction        | 0.29        |
|    clip_range           | 0.2         |
|    entropy_loss         | -14.5       |
|    explained_variance   | 0.825       |
|    learning_rate        | 0.0003      |
|    loss                 | 84          |
|    n_updates            | 250         |
|    policy_gradient_loss | -0.0348     |
|    std                  | 0.813       |
|    value_loss           | 238         |
-----------------------------------------
-----------------------------------------
| rollout/                |             |
|    ep_len_mean          | 1e+03       |
|    ep_rew_mean          | 1.06e+03    |
| time/                   |             |
|    fps                  | 36          |
|    iterations           | 27          |
|    time_elapsed         | 1515        |
|    total_timesteps      | 55296       |
| train/                  |             |
|    approx_kl            | 0.018453173 |
|    clip_fraction        | 0.228       |
|    clip_range           | 0.2         |
|    entropy_loss         | -14.5       |
|    explained_variance   | 0.516       |
|    learning_rate        | 0.0003      |
|    loss                 | 67.5        |
|    n_updates            | 260         |
|    policy_gradient_loss | -0.0471     |
|    std                  | 0.813       |
|    value_loss           | 199         |
-----------------------------------------
-----------------------------------------
| rollout/                |             |
|    ep_len_mean          | 1e+03       |
|    ep_rew_mean          | 1.03e+03    |
| time/                   |             |
|    fps                  | 36          |
|    iterations           | 28          |
|    time_elapsed         | 1584        |
|    total_timesteps      | 57344       |
| train/                  |             |
|    approx_kl            | 0.015554738 |
|    clip_fraction        | 0.231       |
|    clip_range           | 0.2         |
|    entropy_loss         | -14.5       |
|    explained_variance   | 0.945       |
|    learning_rate        | 0.0003      |
|    loss                 | 111         |
|    n_updates            | 270         |
|    policy_gradient_loss | -0.049      |
|    std                  | 0.812       |
|    value_loss           | 232         |
-----------------------------------------
-----------------------------------------
| rollout/                |             |
|    ep_len_mean          | 1e+03       |
|    ep_rew_mean          | 1.08e+03    |
| time/                   |             |
|    fps                  | 35          |
|    iterations           | 29          |
|    time_elapsed         | 1652        |
|    total_timesteps      | 59392       |
| train/                  |             |
|    approx_kl            | 0.023721365 |
|    clip_fraction        | 0.282       |
|    clip_range           | 0.2         |
|    entropy_loss         | -14.5       |
|    explained_variance   | 0.932       |
|    learning_rate        | 0.0003      |
|    loss                 | 84.8        |
|    n_updates            | 280         |
|    policy_gradient_loss | -0.0537     |
|    std                  | 0.81        |
|    value_loss           | 202         |
-----------------------------------------
-----------------------------------------
| rollout/                |             |
|    ep_len_mean          | 1e+03       |
|    ep_rew_mean          | 1.12e+03    |
| time/                   |             |
|    fps                  | 35          |
|    iterations           | 30          |
|    time_elapsed         | 1726        |
|    total_timesteps      | 61440       |
| train/                  |             |
|    approx_kl            | 0.022206936 |
|    clip_fraction        | 0.26        |
|    clip_range           | 0.2         |
|    entropy_loss         | -14.5       |
|    explained_variance   | 0.826       |
|    learning_rate        | 0.0003      |
|    loss                 | 54.2        |
|    n_updates            | 290         |
|    policy_gradient_loss | -0.0528     |
|    std                  | 0.809       |
|    value_loss           | 176         |
-----------------------------------------
-----------------------------------------
| rollout/                |             |
|    ep_len_mean          | 1e+03       |
|    ep_rew_mean          | 1.12e+03    |
| time/                   |             |
|    fps                  | 35          |
|    iterations           | 31          |
|    time_elapsed         | 1805        |
|    total_timesteps      | 63488       |
| train/                  |             |
|    approx_kl            | 0.017266424 |
|    clip_fraction        | 0.261       |
|    clip_range           | 0.2         |
|    entropy_loss         | -14.5       |
|    explained_variance   | 0.94        |
|    learning_rate        | 0.0003      |
|    loss                 | 108         |
|    n_updates            | 300         |
|    policy_gradient_loss | -0.0565     |
|    std                  | 0.81        |
|    value_loss           | 281         |
-----------------------------------------
-----------------------------------------
| rollout/                |             |
|    ep_len_mean          | 1e+03       |
|    ep_rew_mean          | 1.14e+03    |
| time/                   |             |
|    fps                  | 34          |
|    iterations           | 32          |
|    time_elapsed         | 1881        |
|    total_timesteps      | 65536       |
| train/                  |             |
|    approx_kl            | 0.019070923 |
|    clip_fraction        | 0.249       |
|    clip_range           | 0.2         |
|    entropy_loss         | -14.5       |
|    explained_variance   | 0.965       |
|    learning_rate        | 0.0003      |
|    loss                 | 78.6        |
|    n_updates            | 310         |
|    policy_gradient_loss | -0.0566     |
|    std                  | 0.809       |
|    value_loss           | 171         |
-----------------------------------------
-----------------------------------------
| rollout/                |             |
|    ep_len_mean          | 1e+03       |
|    ep_rew_mean          | 1.11e+03    |
| time/                   |             |
|    fps                  | 34          |
|    iterations           | 33          |
|    time_elapsed         | 1966        |
|    total_timesteps      | 67584       |
| train/                  |             |
|    approx_kl            | 0.021103175 |
|    clip_fraction        | 0.256       |
|    clip_range           | 0.2         |
|    entropy_loss         | -14.5       |
|    explained_variance   | 0.984       |
|    learning_rate        | 0.0003      |
|    loss                 | 46          |
|    n_updates            | 320         |
|    policy_gradient_loss | -0.0588     |
|    std                  | 0.808       |
|    value_loss           | 146         |
-----------------------------------------
-----------------------------------------
| rollout/                |             |
|    ep_len_mean          | 1e+03       |
|    ep_rew_mean          | 1.08e+03    |
| time/                   |             |
|    fps                  | 33          |
|    iterations           | 34          |
|    time_elapsed         | 2062        |
|    total_timesteps      | 69632       |
| train/                  |             |
|    approx_kl            | 0.016920006 |
|    clip_fraction        | 0.237       |
|    clip_range           | 0.2         |
|    entropy_loss         | -14.4       |
|    explained_variance   | 0.947       |
|    learning_rate        | 0.0003      |
|    loss                 | 74          |
|    n_updates            | 330         |
|    policy_gradient_loss | -0.0459     |
|    std                  | 0.808       |
|    value_loss           | 211         |
-----------------------------------------
-----------------------------------------
| rollout/                |             |
|    ep_len_mean          | 1e+03       |
|    ep_rew_mean          | 1.1e+03     |
| time/                   |             |
|    fps                  | 33          |
|    iterations           | 35          |
|    time_elapsed         | 2156        |
|    total_timesteps      | 71680       |
| train/                  |             |
|    approx_kl            | 0.019237803 |
|    clip_fraction        | 0.228       |
|    clip_range           | 0.2         |
|    entropy_loss         | -14.4       |
|    explained_variance   | 0.961       |
|    learning_rate        | 0.0003      |
|    loss                 | 128         |
|    n_updates            | 340         |
|    policy_gradient_loss | -0.0505     |
|    std                  | 0.806       |
|    value_loss           | 269         |
-----------------------------------------
-----------------------------------------
| rollout/                |             |
|    ep_len_mean          | 1e+03       |
|    ep_rew_mean          | 1.08e+03    |
| time/                   |             |
|    fps                  | 32          |
|    iterations           | 36          |
|    time_elapsed         | 2251        |
|    total_timesteps      | 73728       |
| train/                  |             |
|    approx_kl            | 0.017727692 |
|    clip_fraction        | 0.239       |
|    clip_range           | 0.2         |
|    entropy_loss         | -14.4       |
|    explained_variance   | 0.956       |
|    learning_rate        | 0.0003      |
|    loss                 | 129         |
|    n_updates            | 350         |
|    policy_gradient_loss | -0.0527     |
|    std                  | 0.804       |
|    value_loss           | 349         |
-----------------------------------------
-----------------------------------------
| rollout/                |             |
|    ep_len_mean          | 1e+03       |
|    ep_rew_mean          | 1.12e+03    |
| time/                   |             |
|    fps                  | 32          |
|    iterations           | 37          |
|    time_elapsed         | 2348        |
|    total_timesteps      | 75776       |
| train/                  |             |
|    approx_kl            | 0.015816266 |
|    clip_fraction        | 0.183       |
|    clip_range           | 0.2         |
|    entropy_loss         | -14.4       |
|    explained_variance   | 0.939       |
|    learning_rate        | 0.0003      |
|    loss                 | 157         |
|    n_updates            | 360         |
|    policy_gradient_loss | -0.0456     |
|    std                  | 0.804       |
|    value_loss           | 366         |
-----------------------------------------
-----------------------------------------
| rollout/                |             |
|    ep_len_mean          | 1e+03       |
|    ep_rew_mean          | 1.15e+03    |
| time/                   |             |
|    fps                  | 31          |
|    iterations           | 38          |
|    time_elapsed         | 2442        |
|    total_timesteps      | 77824       |
| train/                  |             |
|    approx_kl            | 0.046091765 |
|    clip_fraction        | 0.356       |
|    clip_range           | 0.2         |
|    entropy_loss         | -14.4       |
|    explained_variance   | 0.832       |
|    learning_rate        | 0.0003      |
|    loss                 | 47          |
|    n_updates            | 370         |
|    policy_gradient_loss | -0.0653     |
|    std                  | 0.801       |
|    value_loss           | 201         |
-----------------------------------------
----------------------------------------
| rollout/                |            |
|    ep_len_mean          | 1e+03      |
|    ep_rew_mean          | 1.16e+03   |
| time/                   |            |
|    fps                  | 31         |
|    iterations           | 39         |
|    time_elapsed         | 2536       |
|    total_timesteps      | 79872      |
| train/                  |            |
|    approx_kl            | 0.01706201 |
|    clip_fraction        | 0.325      |
|    clip_range           | 0.2        |
|    entropy_loss         | -14.3      |
|    explained_variance   | 0.976      |
|    learning_rate        | 0.0003     |
|    loss                 | 89.1       |
|    n_updates            | 380        |
|    policy_gradient_loss | -0.0374    |
|    std                  | 0.801      |
|    value_loss           | 233        |
----------------------------------------
-----------------------------------------
| rollout/                |             |
|    ep_len_mean          | 1e+03       |
|    ep_rew_mean          | 1.15e+03    |
| time/                   |             |
|    fps                  | 31          |
|    iterations           | 40          |
|    time_elapsed         | 2630        |
|    total_timesteps      | 81920       |
| train/                  |             |
|    approx_kl            | 0.018508453 |
|    clip_fraction        | 0.21        |
|    clip_range           | 0.2         |
|    entropy_loss         | -14.3       |
|    explained_variance   | 0.919       |
|    learning_rate        | 0.0003      |
|    loss                 | 104         |
|    n_updates            | 390         |
|    policy_gradient_loss | -0.0465     |
|    std                  | 0.8         |
|    value_loss           | 259         |
-----------------------------------------
-----------------------------------------
| rollout/                |             |
|    ep_len_mean          | 1e+03       |
|    ep_rew_mean          | 1.16e+03    |
| time/                   |             |
|    fps                  | 30          |
|    iterations           | 41          |
|    time_elapsed         | 2725        |
|    total_timesteps      | 83968       |
| train/                  |             |
|    approx_kl            | 0.016491273 |
|    clip_fraction        | 0.221       |
|    clip_range           | 0.2         |
|    entropy_loss         | -14.3       |
|    explained_variance   | 0.943       |
|    learning_rate        | 0.0003      |
|    loss                 | 132         |
|    n_updates            | 400         |
|    policy_gradient_loss | -0.0477     |
|    std                  | 0.799       |
|    value_loss           | 382         |
-----------------------------------------
-----------------------------------------
| rollout/                |             |
|    ep_len_mean          | 1e+03       |
|    ep_rew_mean          | 1.2e+03     |
| time/                   |             |
|    fps                  | 30          |
|    iterations           | 42          |
|    time_elapsed         | 2833        |
|    total_timesteps      | 86016       |
| train/                  |             |
|    approx_kl            | 0.018947482 |
|    clip_fraction        | 0.239       |
|    clip_range           | 0.2         |
|    entropy_loss         | -14.3       |
|    explained_variance   | 0.966       |
|    learning_rate        | 0.0003      |
|    loss                 | 106         |
|    n_updates            | 410         |
|    policy_gradient_loss | -0.0471     |
|    std                  | 0.798       |
|    value_loss           | 264         |
-----------------------------------------
-----------------------------------------
| rollout/                |             |
|    ep_len_mean          | 1e+03       |
|    ep_rew_mean          | 1.2e+03     |
| time/                   |             |
|    fps                  | 29          |
|    iterations           | 43          |
|    time_elapsed         | 2948        |
|    total_timesteps      | 88064       |
| train/                  |             |
|    approx_kl            | 0.019967109 |
|    clip_fraction        | 0.268       |
|    clip_range           | 0.2         |
|    entropy_loss         | -14.3       |
|    explained_variance   | 0.946       |
|    learning_rate        | 0.0003      |
|    loss                 | 73.5        |
|    n_updates            | 420         |
|    policy_gradient_loss | -0.0536     |
|    std                  | 0.798       |
|    value_loss           | 190         |
-----------------------------------------
-----------------------------------------
| rollout/                |             |
|    ep_len_mean          | 1e+03       |
|    ep_rew_mean          | 1.2e+03     |
| time/                   |             |
|    fps                  | 29          |
|    iterations           | 44          |
|    time_elapsed         | 3055        |
|    total_timesteps      | 90112       |
| train/                  |             |
|    approx_kl            | 0.021736192 |
|    clip_fraction        | 0.273       |
|    clip_range           | 0.2         |
|    entropy_loss         | -14.3       |
|    explained_variance   | 0.967       |
|    learning_rate        | 0.0003      |
|    loss                 | 53.1        |
|    n_updates            | 430         |
|    policy_gradient_loss | -0.0547     |
|    std                  | 0.795       |
|    value_loss           | 149         |
-----------------------------------------
-----------------------------------------
| rollout/                |             |
|    ep_len_mean          | 1e+03       |
|    ep_rew_mean          | 1.2e+03     |
| time/                   |             |
|    fps                  | 29          |
|    iterations           | 45          |
|    time_elapsed         | 3163        |
|    total_timesteps      | 92160       |
| train/                  |             |
|    approx_kl            | 0.018621959 |
|    clip_fraction        | 0.251       |
|    clip_range           | 0.2         |
|    entropy_loss         | -14.2       |
|    explained_variance   | 0.947       |
|    learning_rate        | 0.0003      |
|    loss                 | 41.2        |
|    n_updates            | 440         |
|    policy_gradient_loss | -0.0527     |
|    std                  | 0.793       |
|    value_loss           | 120         |
-----------------------------------------
-----------------------------------------
| rollout/                |             |
|    ep_len_mean          | 1e+03       |
|    ep_rew_mean          | 1.22e+03    |
| time/                   |             |
|    fps                  | 28          |
|    iterations           | 46          |
|    time_elapsed         | 3283        |
|    total_timesteps      | 94208       |
| train/                  |             |
|    approx_kl            | 0.018308524 |
|    clip_fraction        | 0.238       |
|    clip_range           | 0.2         |
|    entropy_loss         | -14.2       |
|    explained_variance   | 0.961       |
|    learning_rate        | 0.0003      |
|    loss                 | 75.1        |
|    n_updates            | 450         |
|    policy_gradient_loss | -0.0516     |
|    std                  | 0.793       |
|    value_loss           | 206         |
-----------------------------------------
-----------------------------------------
| rollout/                |             |
|    ep_len_mean          | 1e+03       |
|    ep_rew_mean          | 1.21e+03    |
| time/                   |             |
|    fps                  | 28          |
|    iterations           | 47          |
|    time_elapsed         | 3405        |
|    total_timesteps      | 96256       |
| train/                  |             |
|    approx_kl            | 0.019882526 |
|    clip_fraction        | 0.257       |
|    clip_range           | 0.2         |
|    entropy_loss         | -14.2       |
|    explained_variance   | 0.929       |
|    learning_rate        | 0.0003      |
|    loss                 | 60.1        |
|    n_updates            | 460         |
|    policy_gradient_loss | -0.0571     |
|    std                  | 0.792       |
|    value_loss           | 133         |
-----------------------------------------
-----------------------------------------
| rollout/                |             |
|    ep_len_mean          | 1e+03       |
|    ep_rew_mean          | 1.18e+03    |
| time/                   |             |
|    fps                  | 27          |
|    iterations           | 48          |
|    time_elapsed         | 3527        |
|    total_timesteps      | 98304       |
| train/                  |             |
|    approx_kl            | 0.021131491 |
|    clip_fraction        | 0.256       |
|    clip_range           | 0.2         |
|    entropy_loss         | -14.2       |
|    explained_variance   | 0.972       |
|    learning_rate        | 0.0003      |
|    loss                 | 66.6        |
|    n_updates            | 470         |
|    policy_gradient_loss | -0.0561     |
|    std                  | 0.791       |
|    value_loss           | 213         |
-----------------------------------------
-----------------------------------------
| rollout/                |             |
|    ep_len_mean          | 1e+03       |
|    ep_rew_mean          | 1.2e+03     |
| time/                   |             |
|    fps                  | 27          |
|    iterations           | 49          |
|    time_elapsed         | 3647        |
|    total_timesteps      | 100352      |
| train/                  |             |
|    approx_kl            | 0.019757519 |
|    clip_fraction        | 0.251       |
|    clip_range           | 0.2         |
|    entropy_loss         | -14.2       |
|    explained_variance   | 0.972       |
|    learning_rate        | 0.0003      |
|    loss                 | 93.3        |
|    n_updates            | 480         |
|    policy_gradient_loss | -0.0487     |
|    std                  | 0.788       |
|    value_loss           | 276         |
-----------------------------------------
-----------------------------------------
| rollout/                |             |
|    ep_len_mean          | 1e+03       |
|    ep_rew_mean          | 1.17e+03    |
| time/                   |             |
|    fps                  | 27          |
|    iterations           | 50          |
|    time_elapsed         | 3767        |
|    total_timesteps      | 102400      |
| train/                  |             |
|    approx_kl            | 0.022450447 |
|    clip_fraction        | 0.299       |
|    clip_range           | 0.2         |
|    entropy_loss         | -14.1       |
|    explained_variance   | 0.955       |
|    learning_rate        | 0.0003      |
|    loss                 | 84.4        |
|    n_updates            | 490         |
|    policy_gradient_loss | -0.0568     |
|    std                  | 0.787       |
|    value_loss           | 168         |
-----------------------------------------
----------------------------------------
| rollout/                |            |
|    ep_len_mean          | 998        |
|    ep_rew_mean          | 1.22e+03   |
| time/                   |            |
|    fps                  | 26         |
|    iterations           | 51         |
|    time_elapsed         | 3888       |
|    total_timesteps      | 104448     |
| train/                  |            |
|    approx_kl            | 0.04013084 |
|    clip_fraction        | 0.379      |
|    clip_range           | 0.2        |
|    entropy_loss         | -14.1      |
|    explained_variance   | 0.981      |
|    learning_rate        | 0.0003     |
|    loss                 | 50.9       |
|    n_updates            | 500        |
|    policy_gradient_loss | -0.067     |
|    std                  | 0.784      |
|    value_loss           | 141        |
----------------------------------------
-----------------------------------------
| rollout/                |             |
|    ep_len_mean          | 996         |
|    ep_rew_mean          | 1.26e+03    |
| time/                   |             |
|    fps                  | 26          |
|    iterations           | 52          |
|    time_elapsed         | 4006        |
|    total_timesteps      | 106496      |
| train/                  |             |
|    approx_kl            | 0.016500568 |
|    clip_fraction        | 0.263       |
|    clip_range           | 0.2         |
|    entropy_loss         | -14.1       |
|    explained_variance   | 0.959       |
|    learning_rate        | 0.0003      |
|    loss                 | 93.4        |
|    n_updates            | 510         |
|    policy_gradient_loss | -0.0379     |
|    std                  | 0.783       |
|    value_loss           | 254         |
-----------------------------------------
-----------------------------------------
| rollout/                |             |
|    ep_len_mean          | 996         |
|    ep_rew_mean          | 1.26e+03    |
| time/                   |             |
|    fps                  | 26          |
|    iterations           | 53          |
|    time_elapsed         | 4127        |
|    total_timesteps      | 108544      |
| train/                  |             |
|    approx_kl            | 0.023262724 |
|    clip_fraction        | 0.269       |
|    clip_range           | 0.2         |
|    entropy_loss         | -14.1       |
|    explained_variance   | 0.967       |
|    learning_rate        | 0.0003      |
|    loss                 | 124         |
|    n_updates            | 520         |
|    policy_gradient_loss | -0.0557     |
|    std                  | 0.783       |
|    value_loss           | 317         |
-----------------------------------------
----------------------------------------
| rollout/                |            |
|    ep_len_mean          | 996        |
|    ep_rew_mean          | 1.25e+03   |
| time/                   |            |
|    fps                  | 26         |
|    iterations           | 54         |
|    time_elapsed         | 4249       |
|    total_timesteps      | 110592     |
| train/                  |            |
|    approx_kl            | 0.03054185 |
|    clip_fraction        | 0.314      |
|    clip_range           | 0.2        |
|    entropy_loss         | -14        |
|    explained_variance   | 0.985      |
|    learning_rate        | 0.0003     |
|    loss                 | 32.5       |
|    n_updates            | 530        |
|    policy_gradient_loss | -0.0635    |
|    std                  | 0.781      |
|    value_loss           | 87.8       |
----------------------------------------
-----------------------------------------
| rollout/                |             |
|    ep_len_mean          | 996         |
|    ep_rew_mean          | 1.24e+03    |
| time/                   |             |
|    fps                  | 25          |
|    iterations           | 55          |
|    time_elapsed         | 4370        |
|    total_timesteps      | 112640      |
| train/                  |             |
|    approx_kl            | 0.018971452 |
|    clip_fraction        | 0.239       |
|    clip_range           | 0.2         |
|    entropy_loss         | -14         |
|    explained_variance   | 0.942       |
|    learning_rate        | 0.0003      |
|    loss                 | 97.1        |
|    n_updates            | 540         |
|    policy_gradient_loss | -0.0457     |
|    std                  | 0.778       |
|    value_loss           | 242         |
-----------------------------------------
----------------------------------------
| rollout/                |            |
|    ep_len_mean          | 996        |
|    ep_rew_mean          | 1.22e+03   |
| time/                   |            |
|    fps                  | 25         |
|    iterations           | 56         |
|    time_elapsed         | 4490       |
|    total_timesteps      | 114688     |
| train/                  |            |
|    approx_kl            | 0.01527597 |
|    clip_fraction        | 0.243      |
|    clip_range           | 0.2        |
|    entropy_loss         | -14        |
|    explained_variance   | 0.967      |
|    learning_rate        | 0.0003     |
|    loss                 | 100        |
|    n_updates            | 550        |
|    policy_gradient_loss | -0.0512    |
|    std                  | 0.778      |
|    value_loss           | 224        |
----------------------------------------
----------------------------------------
| rollout/                |            |
|    ep_len_mean          | 996        |
|    ep_rew_mean          | 1.2e+03    |
| time/                   |            |
|    fps                  | 25         |
|    iterations           | 57         |
|    time_elapsed         | 4611       |
|    total_timesteps      | 116736     |
| train/                  |            |
|    approx_kl            | 0.01695596 |
|    clip_fraction        | 0.189      |
|    clip_range           | 0.2        |
|    entropy_loss         | -14        |
|    explained_variance   | 0.942      |
|    learning_rate        | 0.0003     |
|    loss                 | 111        |
|    n_updates            | 560        |
|    policy_gradient_loss | -0.0429    |
|    std                  | 0.777      |
|    value_loss           | 315        |
----------------------------------------
-----------------------------------------
| rollout/                |             |
|    ep_len_mean          | 996         |
|    ep_rew_mean          | 1.2e+03     |
| time/                   |             |
|    fps                  | 25          |
|    iterations           | 58          |
|    time_elapsed         | 4731        |
|    total_timesteps      | 118784      |
| train/                  |             |
|    approx_kl            | 0.017750043 |
|    clip_fraction        | 0.258       |
|    clip_range           | 0.2         |
|    entropy_loss         | -14         |
|    explained_variance   | 0.973       |
|    learning_rate        | 0.0003      |
|    loss                 | 84.1        |
|    n_updates            | 570         |
|    policy_gradient_loss | -0.0507     |
|    std                  | 0.776       |
|    value_loss           | 248         |
-----------------------------------------
-----------------------------------------
| rollout/                |             |
|    ep_len_mean          | 996         |
|    ep_rew_mean          | 1.23e+03    |
| time/                   |             |
|    fps                  | 24          |
|    iterations           | 59          |
|    time_elapsed         | 4852        |
|    total_timesteps      | 120832      |
| train/                  |             |
|    approx_kl            | 0.020316787 |
|    clip_fraction        | 0.28        |
|    clip_range           | 0.2         |
|    entropy_loss         | -14         |
|    explained_variance   | 0.953       |
|    learning_rate        | 0.0003      |
|    loss                 | 97          |
|    n_updates            | 580         |
|    policy_gradient_loss | -0.0602     |
|    std                  | 0.776       |
|    value_loss           | 226         |
-----------------------------------------
-----------------------------------------
| rollout/                |             |
|    ep_len_mean          | 996         |
|    ep_rew_mean          | 1.26e+03    |
| time/                   |             |
|    fps                  | 24          |
|    iterations           | 60          |
|    time_elapsed         | 4972        |
|    total_timesteps      | 122880      |
| train/                  |             |
|    approx_kl            | 0.019328102 |
|    clip_fraction        | 0.264       |
|    clip_range           | 0.2         |
|    entropy_loss         | -14         |
|    explained_variance   | 0.965       |
|    learning_rate        | 0.0003      |
|    loss                 | 63.7        |
|    n_updates            | 590         |
|    policy_gradient_loss | -0.052      |
|    std                  | 0.775       |
|    value_loss           | 181         |
-----------------------------------------
-----------------------------------------
| rollout/                |             |
|    ep_len_mean          | 996         |
|    ep_rew_mean          | 1.24e+03    |
| time/                   |             |
|    fps                  | 24          |
|    iterations           | 61          |
|    time_elapsed         | 5092        |
|    total_timesteps      | 124928      |
| train/                  |             |
|    approx_kl            | 0.021338902 |
|    clip_fraction        | 0.258       |
|    clip_range           | 0.2         |
|    entropy_loss         | -13.9       |
|    explained_variance   | 0.938       |
|    learning_rate        | 0.0003      |
|    loss                 | 105         |
|    n_updates            | 600         |
|    policy_gradient_loss | -0.0561     |
|    std                  | 0.774       |
|    value_loss           | 228         |
-----------------------------------------
-----------------------------------------
| rollout/                |             |
|    ep_len_mean          | 996         |
|    ep_rew_mean          | 1.27e+03    |
| time/                   |             |
|    fps                  | 24          |
|    iterations           | 62          |
|    time_elapsed         | 5212        |
|    total_timesteps      | 126976      |
| train/                  |             |
|    approx_kl            | 0.023827385 |
|    clip_fraction        | 0.292       |
|    clip_range           | 0.2         |
|    entropy_loss         | -13.9       |
|    explained_variance   | 0.974       |
|    learning_rate        | 0.0003      |
|    loss                 | 88.5        |
|    n_updates            | 610         |
|    policy_gradient_loss | -0.0594     |
|    std                  | 0.772       |
|    value_loss           | 174         |
-----------------------------------------
----------------------------------------
| rollout/                |            |
|    ep_len_mean          | 996        |
|    ep_rew_mean          | 1.29e+03   |
| time/                   |            |
|    fps                  | 24         |
|    iterations           | 63         |
|    time_elapsed         | 5333       |
|    total_timesteps      | 129024     |
| train/                  |            |
|    approx_kl            | 0.01922939 |
|    clip_fraction        | 0.256      |
|    clip_range           | 0.2        |
|    entropy_loss         | -13.9      |
|    explained_variance   | 0.954      |
|    learning_rate        | 0.0003     |
|    loss                 | 152        |
|    n_updates            | 620        |
|    policy_gradient_loss | -0.0454    |
|    std                  | 0.771      |
|    value_loss           | 328        |
----------------------------------------
-----------------------------------------
| rollout/                |             |
|    ep_len_mean          | 996         |
|    ep_rew_mean          | 1.26e+03    |
| time/                   |             |
|    fps                  | 24          |
|    iterations           | 64          |
|    time_elapsed         | 5453        |
|    total_timesteps      | 131072      |
| train/                  |             |
|    approx_kl            | 0.019614536 |
|    clip_fraction        | 0.266       |
|    clip_range           | 0.2         |
|    entropy_loss         | -13.9       |
|    explained_variance   | 0.985       |
|    learning_rate        | 0.0003      |
|    loss                 | 46.8        |
|    n_updates            | 630         |
|    policy_gradient_loss | -0.0552     |
|    std                  | 0.769       |
|    value_loss           | 127         |
-----------------------------------------
----------------------------------------
| rollout/                |            |
|    ep_len_mean          | 996        |
|    ep_rew_mean          | 1.26e+03   |
| time/                   |            |
|    fps                  | 23         |
|    iterations           | 65         |
|    time_elapsed         | 5574       |
|    total_timesteps      | 133120     |
| train/                  |            |
|    approx_kl            | 0.02831671 |
|    clip_fraction        | 0.284      |
|    clip_range           | 0.2        |
|    entropy_loss         | -13.8      |
|    explained_variance   | 0.968      |
|    learning_rate        | 0.0003     |
|    loss                 | 60.5       |
|    n_updates            | 640        |
|    policy_gradient_loss | -0.0564    |
|    std                  | 0.767      |
|    value_loss           | 161        |
----------------------------------------
-----------------------------------------
| rollout/                |             |
|    ep_len_mean          | 996         |
|    ep_rew_mean          | 1.28e+03    |
| time/                   |             |
|    fps                  | 23          |
|    iterations           | 66          |
|    time_elapsed         | 5696        |
|    total_timesteps      | 135168      |
| train/                  |             |
|    approx_kl            | 0.018451855 |
|    clip_fraction        | 0.251       |
|    clip_range           | 0.2         |
|    entropy_loss         | -13.8       |
|    explained_variance   | 0.935       |
|    learning_rate        | 0.0003      |
|    loss                 | 93.2        |
|    n_updates            | 650         |
|    policy_gradient_loss | -0.0493     |
|    std                  | 0.766       |
|    value_loss           | 226         |
-----------------------------------------
----------------------------------------
| rollout/                |            |
|    ep_len_mean          | 996        |
|    ep_rew_mean          | 1.29e+03   |
| time/                   |            |
|    fps                  | 23         |
|    iterations           | 67         |
|    time_elapsed         | 5817       |
|    total_timesteps      | 137216     |
| train/                  |            |
|    approx_kl            | 0.01792771 |
|    clip_fraction        | 0.249      |
|    clip_range           | 0.2        |
|    entropy_loss         | -13.8      |
|    explained_variance   | 0.966      |
|    learning_rate        | 0.0003     |
|    loss                 | 72         |
|    n_updates            | 660        |
|    policy_gradient_loss | -0.0521    |
|    std                  | 0.763      |
|    value_loss           | 174        |
----------------------------------------
-----------------------------------------
| rollout/                |             |
|    ep_len_mean          | 996         |
|    ep_rew_mean          | 1.31e+03    |
| time/                   |             |
|    fps                  | 23          |
|    iterations           | 68          |
|    time_elapsed         | 5936        |
|    total_timesteps      | 139264      |
| train/                  |             |
|    approx_kl            | 0.024723895 |
|    clip_fraction        | 0.319       |
|    clip_range           | 0.2         |
|    entropy_loss         | -13.7       |
|    explained_variance   | 0.987       |
|    learning_rate        | 0.0003      |
|    loss                 | 43.7        |
|    n_updates            | 670         |
|    policy_gradient_loss | -0.0621     |
|    std                  | 0.762       |
|    value_loss           | 133         |
-----------------------------------------
-----------------------------------------
| rollout/                |             |
|    ep_len_mean          | 996         |
|    ep_rew_mean          | 1.32e+03    |
| time/                   |             |
|    fps                  | 23          |
|    iterations           | 69          |
|    time_elapsed         | 6058        |
|    total_timesteps      | 141312      |
| train/                  |             |
|    approx_kl            | 0.022638272 |
|    clip_fraction        | 0.274       |
|    clip_range           | 0.2         |
|    entropy_loss         | -13.7       |
|    explained_variance   | 0.974       |
|    learning_rate        | 0.0003      |
|    loss                 | 64.4        |
|    n_updates            | 680         |
|    policy_gradient_loss | -0.0563     |
|    std                  | 0.76        |
|    value_loss           | 182         |
-----------------------------------------
----------------------------------------
| rollout/                |            |
|    ep_len_mean          | 996        |
|    ep_rew_mean          | 1.35e+03   |
| time/                   |            |
|    fps                  | 23         |
|    iterations           | 70         |
|    time_elapsed         | 6178       |
|    total_timesteps      | 143360     |
| train/                  |            |
|    approx_kl            | 0.02086098 |
|    clip_fraction        | 0.27       |
|    clip_range           | 0.2        |
|    entropy_loss         | -13.7      |
|    explained_variance   | 0.978      |
|    learning_rate        | 0.0003     |
|    loss                 | 73.3       |
|    n_updates            | 690        |
|    policy_gradient_loss | -0.0515    |
|    std                  | 0.758      |
|    value_loss           | 184        |
----------------------------------------
----------------------------------------
| rollout/                |            |
|    ep_len_mean          | 996        |
|    ep_rew_mean          | 1.38e+03   |
| time/                   |            |
|    fps                  | 23         |
|    iterations           | 71         |
|    time_elapsed         | 6298       |
|    total_timesteps      | 145408     |
| train/                  |            |
|    approx_kl            | 0.02074985 |
|    clip_fraction        | 0.261      |
|    clip_range           | 0.2        |
|    entropy_loss         | -13.7      |
|    explained_variance   | 0.962      |
|    learning_rate        | 0.0003     |
|    loss                 | 77.9       |
|    n_updates            | 700        |
|    policy_gradient_loss | -0.0562    |
|    std                  | 0.758      |
|    value_loss           | 216        |
----------------------------------------
----------------------------------------
| rollout/                |            |
|    ep_len_mean          | 996        |
|    ep_rew_mean          | 1.37e+03   |
| time/                   |            |
|    fps                  | 22         |
|    iterations           | 72         |
|    time_elapsed         | 6418       |
|    total_timesteps      | 147456     |
| train/                  |            |
|    approx_kl            | 0.02236586 |
|    clip_fraction        | 0.302      |
|    clip_range           | 0.2        |
|    entropy_loss         | -13.7      |
|    explained_variance   | 0.957      |
|    learning_rate        | 0.0003     |
|    loss                 | 74.1       |
|    n_updates            | 710        |
|    policy_gradient_loss | -0.0614    |
|    std                  | 0.757      |
|    value_loss           | 192        |
----------------------------------------
-----------------------------------------
| rollout/                |             |
|    ep_len_mean          | 996         |
|    ep_rew_mean          | 1.33e+03    |
| time/                   |             |
|    fps                  | 22          |
|    iterations           | 73          |
|    time_elapsed         | 6539        |
|    total_timesteps      | 149504      |
| train/                  |             |
|    approx_kl            | 0.024603814 |
|    clip_fraction        | 0.308       |
|    clip_range           | 0.2         |
|    entropy_loss         | -13.6       |
|    explained_variance   | 0.983       |
|    learning_rate        | 0.0003      |
|    loss                 | 90.4        |
|    n_updates            | 720         |
|    policy_gradient_loss | -0.0558     |
|    std                  | 0.755       |
|    value_loss           | 246         |
-----------------------------------------
----------------------------------------
| rollout/                |            |
|    ep_len_mean          | 996        |
|    ep_rew_mean          | 1.36e+03   |
| time/                   |            |
|    fps                  | 22         |
|    iterations           | 74         |
|    time_elapsed         | 6660       |
|    total_timesteps      | 151552     |
| train/                  |            |
|    approx_kl            | 0.02504899 |
|    clip_fraction        | 0.296      |
|    clip_range           | 0.2        |
|    entropy_loss         | -13.6      |
|    explained_variance   | 0.974      |
|    learning_rate        | 0.0003     |
|    loss                 | 100        |
|    n_updates            | 730        |
|    policy_gradient_loss | -0.0571    |
|    std                  | 0.756      |
|    value_loss           | 235        |
----------------------------------------
-----------------------------------------
| rollout/                |             |
|    ep_len_mean          | 996         |
|    ep_rew_mean          | 1.41e+03    |
| time/                   |             |
|    fps                  | 22          |
|    iterations           | 75          |
|    time_elapsed         | 6779        |
|    total_timesteps      | 153600      |
| train/                  |             |
|    approx_kl            | 0.020677928 |
|    clip_fraction        | 0.271       |
|    clip_range           | 0.2         |
|    entropy_loss         | -13.6       |
|    explained_variance   | 0.98        |
|    learning_rate        | 0.0003      |
|    loss                 | 107         |
|    n_updates            | 740         |
|    policy_gradient_loss | -0.0513     |
|    std                  | 0.754       |
|    value_loss           | 219         |
-----------------------------------------
-----------------------------------------
| rollout/                |             |
|    ep_len_mean          | 996         |
|    ep_rew_mean          | 1.41e+03    |
| time/                   |             |
|    fps                  | 22          |
|    iterations           | 76          |
|    time_elapsed         | 6897        |
|    total_timesteps      | 155648      |
| train/                  |             |
|    approx_kl            | 0.015834209 |
|    clip_fraction        | 0.219       |
|    clip_range           | 0.2         |
|    entropy_loss         | -13.6       |
|    explained_variance   | 0.959       |
|    learning_rate        | 0.0003      |
|    loss                 | 145         |
|    n_updates            | 750         |
|    policy_gradient_loss | -0.0491     |
|    std                  | 0.752       |
|    value_loss           | 309         |
-----------------------------------------
-----------------------------------------
| rollout/                |             |
|    ep_len_mean          | 996         |
|    ep_rew_mean          | 1.41e+03    |
| time/                   |             |
|    fps                  | 22          |
|    iterations           | 77          |
|    time_elapsed         | 7017        |
|    total_timesteps      | 157696      |
| train/                  |             |
|    approx_kl            | 0.020134427 |
|    clip_fraction        | 0.248       |
|    clip_range           | 0.2         |
|    entropy_loss         | -13.6       |
|    explained_variance   | 0.884       |
|    learning_rate        | 0.0003      |
|    loss                 | 135         |
|    n_updates            | 760         |
|    policy_gradient_loss | -0.0554     |
|    std                  | 0.751       |
|    value_loss           | 263         |
-----------------------------------------
----------------------------------------
| rollout/                |            |
|    ep_len_mean          | 996        |
|    ep_rew_mean          | 1.39e+03   |
| time/                   |            |
|    fps                  | 22         |
|    iterations           | 78         |
|    time_elapsed         | 7138       |
|    total_timesteps      | 159744     |
| train/                  |            |
|    approx_kl            | 0.01648832 |
|    clip_fraction        | 0.223      |
|    clip_range           | 0.2        |
|    entropy_loss         | -13.6      |
|    explained_variance   | 0.975      |
|    learning_rate        | 0.0003     |
|    loss                 | 70.2       |
|    n_updates            | 770        |
|    policy_gradient_loss | -0.0425    |
|    std                  | 0.75       |
|    value_loss           | 227        |
----------------------------------------
-----------------------------------------
| rollout/                |             |
|    ep_len_mean          | 996         |
|    ep_rew_mean          | 1.38e+03    |
| time/                   |             |
|    fps                  | 22          |
|    iterations           | 79          |
|    time_elapsed         | 7258        |
|    total_timesteps      | 161792      |
| train/                  |             |
|    approx_kl            | 0.019598782 |
|    clip_fraction        | 0.232       |
|    clip_range           | 0.2         |
|    entropy_loss         | -13.6       |
|    explained_variance   | 0.955       |
|    learning_rate        | 0.0003      |
|    loss                 | 111         |
|    n_updates            | 780         |
|    policy_gradient_loss | -0.0485     |
|    std                  | 0.749       |
|    value_loss           | 370         |
-----------------------------------------
-----------------------------------------
| rollout/                |             |
|    ep_len_mean          | 996         |
|    ep_rew_mean          | 1.4e+03     |
| time/                   |             |
|    fps                  | 22          |
|    iterations           | 80          |
|    time_elapsed         | 7378        |
|    total_timesteps      | 163840      |
| train/                  |             |
|    approx_kl            | 0.019748583 |
|    clip_fraction        | 0.256       |
|    clip_range           | 0.2         |
|    entropy_loss         | -13.5       |
|    explained_variance   | 0.972       |
|    learning_rate        | 0.0003      |
|    loss                 | 94.4        |
|    n_updates            | 790         |
|    policy_gradient_loss | -0.0535     |
|    std                  | 0.747       |
|    value_loss           | 234         |
-----------------------------------------
-----------------------------------------
| rollout/                |             |
|    ep_len_mean          | 996         |
|    ep_rew_mean          | 1.4e+03     |
| time/                   |             |
|    fps                  | 22          |
|    iterations           | 81          |
|    time_elapsed         | 7497        |
|    total_timesteps      | 165888      |
| train/                  |             |
|    approx_kl            | 0.031315878 |
|    clip_fraction        | 0.307       |
|    clip_range           | 0.2         |
|    entropy_loss         | -13.5       |
|    explained_variance   | 0.982       |
|    learning_rate        | 0.0003      |
|    loss                 | 92.9        |
|    n_updates            | 800         |
|    policy_gradient_loss | -0.063      |
|    std                  | 0.745       |
|    value_loss           | 295         |
-----------------------------------------
------------------------------------------
| rollout/                |              |
|    ep_len_mean          | 996          |
|    ep_rew_mean          | 1.38e+03     |
| time/                   |              |
|    fps                  | 22           |
|    iterations           | 82           |
|    time_elapsed         | 7618         |
|    total_timesteps      | 167936       |
| train/                  |              |
|    approx_kl            | 0.0153741315 |
|    clip_fraction        | 0.21         |
|    clip_range           | 0.2          |
|    entropy_loss         | -13.5        |
|    explained_variance   | 0.833        |
|    learning_rate        | 0.0003       |
|    loss                 | 174          |
|    n_updates            | 810          |
|    policy_gradient_loss | -0.0401      |
|    std                  | 0.746        |
|    value_loss           | 412          |
------------------------------------------
----------------------------------------
| rollout/                |            |
|    ep_len_mean          | 996        |
|    ep_rew_mean          | 1.44e+03   |
| time/                   |            |
|    fps                  | 21         |
|    iterations           | 83         |
|    time_elapsed         | 7737       |
|    total_timesteps      | 169984     |
| train/                  |            |
|    approx_kl            | 0.05943524 |
|    clip_fraction        | 0.45       |
|    clip_range           | 0.2        |
|    entropy_loss         | -13.5      |
|    explained_variance   | 0.986      |
|    learning_rate        | 0.0003     |
|    loss                 | 144        |
|    n_updates            | 820        |
|    policy_gradient_loss | -0.0681    |
|    std                  | 0.744      |
|    value_loss           | 280        |
----------------------------------------
-----------------------------------------
| rollout/                |             |
|    ep_len_mean          | 996         |
|    ep_rew_mean          | 1.46e+03    |
| time/                   |             |
|    fps                  | 21          |
|    iterations           | 84          |
|    time_elapsed         | 7858        |
|    total_timesteps      | 172032      |
| train/                  |             |
|    approx_kl            | 0.035559375 |
|    clip_fraction        | 0.391       |
|    clip_range           | 0.2         |
|    entropy_loss         | -13.5       |
|    explained_variance   | 0.842       |
|    learning_rate        | 0.0003      |
|    loss                 | 47.4        |
|    n_updates            | 830         |
|    policy_gradient_loss | -0.0602     |
|    std                  | 0.743       |
|    value_loss           | 119         |
-----------------------------------------
-----------------------------------------
| rollout/                |             |
|    ep_len_mean          | 996         |
|    ep_rew_mean          | 1.46e+03    |
| time/                   |             |
|    fps                  | 21          |
|    iterations           | 85          |
|    time_elapsed         | 7978        |
|    total_timesteps      | 174080      |
| train/                  |             |
|    approx_kl            | 0.017053654 |
|    clip_fraction        | 0.226       |
|    clip_range           | 0.2         |
|    entropy_loss         | -13.4       |
|    explained_variance   | 0.913       |
|    learning_rate        | 0.0003      |
|    loss                 | 134         |
|    n_updates            | 840         |
|    policy_gradient_loss | -0.0464     |
|    std                  | 0.743       |
|    value_loss           | 365         |
-----------------------------------------
-----------------------------------------
| rollout/                |             |
|    ep_len_mean          | 996         |
|    ep_rew_mean          | 1.43e+03    |
| time/                   |             |
|    fps                  | 21          |
|    iterations           | 86          |
|    time_elapsed         | 8096        |
|    total_timesteps      | 176128      |
| train/                  |             |
|    approx_kl            | 0.021562595 |
|    clip_fraction        | 0.252       |
|    clip_range           | 0.2         |
|    entropy_loss         | -13.4       |
|    explained_variance   | 0.835       |
|    learning_rate        | 0.0003      |
|    loss                 | 78.6        |
|    n_updates            | 850         |
|    policy_gradient_loss | -0.0508     |
|    std                  | 0.741       |
|    value_loss           | 304         |
-----------------------------------------
-----------------------------------------
| rollout/                |             |
|    ep_len_mean          | 996         |
|    ep_rew_mean          | 1.42e+03    |
| time/                   |             |
|    fps                  | 21          |
|    iterations           | 87          |
|    time_elapsed         | 8216        |
|    total_timesteps      | 178176      |
| train/                  |             |
|    approx_kl            | 0.023168735 |
|    clip_fraction        | 0.237       |
|    clip_range           | 0.2         |
|    entropy_loss         | -13.4       |
|    explained_variance   | 0.974       |
|    learning_rate        | 0.0003      |
|    loss                 | 62.4        |
|    n_updates            | 860         |
|    policy_gradient_loss | -0.0547     |
|    std                  | 0.739       |
|    value_loss           | 195         |
-----------------------------------------
-----------------------------------------
| rollout/                |             |
|    ep_len_mean          | 996         |
|    ep_rew_mean          | 1.45e+03    |
| time/                   |             |
|    fps                  | 21          |
|    iterations           | 88          |
|    time_elapsed         | 8336        |
|    total_timesteps      | 180224      |
| train/                  |             |
|    approx_kl            | 0.022898775 |
|    clip_fraction        | 0.274       |
|    clip_range           | 0.2         |
|    entropy_loss         | -13.4       |
|    explained_variance   | 0.957       |
|    learning_rate        | 0.0003      |
|    loss                 | 49.6        |
|    n_updates            | 870         |
|    policy_gradient_loss | -0.0574     |
|    std                  | 0.736       |
|    value_loss           | 139         |
-----------------------------------------
-----------------------------------------
| rollout/                |             |
|    ep_len_mean          | 996         |
|    ep_rew_mean          | 1.48e+03    |
| time/                   |             |
|    fps                  | 21          |
|    iterations           | 89          |
|    time_elapsed         | 8457        |
|    total_timesteps      | 182272      |
| train/                  |             |
|    approx_kl            | 0.019463047 |
|    clip_fraction        | 0.274       |
|    clip_range           | 0.2         |
|    entropy_loss         | -13.3       |
|    explained_variance   | 0.924       |
|    learning_rate        | 0.0003      |
|    loss                 | 182         |
|    n_updates            | 880         |
|    policy_gradient_loss | -0.0428     |
|    std                  | 0.736       |
|    value_loss           | 523         |
-----------------------------------------
-----------------------------------------
| rollout/                |             |
|    ep_len_mean          | 996         |
|    ep_rew_mean          | 1.48e+03    |
| time/                   |             |
|    fps                  | 21          |
|    iterations           | 90          |
|    time_elapsed         | 8564        |
|    total_timesteps      | 184320      |
| train/                  |             |
|    approx_kl            | 0.026373046 |
|    clip_fraction        | 0.305       |
|    clip_range           | 0.2         |
|    entropy_loss         | -13.3       |
|    explained_variance   | 0.934       |
|    learning_rate        | 0.0003      |
|    loss                 | 61.6        |
|    n_updates            | 890         |
|    policy_gradient_loss | -0.0596     |
|    std                  | 0.737       |
|    value_loss           | 163         |
-----------------------------------------
-----------------------------------------
| rollout/                |             |
|    ep_len_mean          | 996         |
|    ep_rew_mean          | 1.44e+03    |
| time/                   |             |
|    fps                  | 21          |
|    iterations           | 91          |
|    time_elapsed         | 8686        |
|    total_timesteps      | 186368      |
| train/                  |             |
|    approx_kl            | 0.021764984 |
|    clip_fraction        | 0.255       |
|    clip_range           | 0.2         |
|    entropy_loss         | -13.3       |
|    explained_variance   | 0.949       |
|    learning_rate        | 0.0003      |
|    loss                 | 73.7        |
|    n_updates            | 900         |
|    policy_gradient_loss | -0.0551     |
|    std                  | 0.736       |
|    value_loss           | 216         |
-----------------------------------------
-----------------------------------------
| rollout/                |             |
|    ep_len_mean          | 996         |
|    ep_rew_mean          | 1.44e+03    |
| time/                   |             |
|    fps                  | 21          |
|    iterations           | 92          |
|    time_elapsed         | 8805        |
|    total_timesteps      | 188416      |
| train/                  |             |
|    approx_kl            | 0.027642226 |
|    clip_fraction        | 0.3         |
|    clip_range           | 0.2         |
|    entropy_loss         | -13.3       |
|    explained_variance   | 0.956       |
|    learning_rate        | 0.0003      |
|    loss                 | 70.8        |
|    n_updates            | 910         |
|    policy_gradient_loss | -0.058      |
|    std                  | 0.735       |
|    value_loss           | 185         |
-----------------------------------------
---------------------------------------
| rollout/                |           |
|    ep_len_mean          | 996       |
|    ep_rew_mean          | 1.45e+03  |
| time/                   |           |
|    fps                  | 21        |
|    iterations           | 93        |
|    time_elapsed         | 8926      |
|    total_timesteps      | 190464    |
| train/                  |           |
|    approx_kl            | 0.0189851 |
|    clip_fraction        | 0.242     |
|    clip_range           | 0.2       |
|    entropy_loss         | -13.3     |
|    explained_variance   | 0.974     |
|    learning_rate        | 0.0003    |
|    loss                 | 103       |
|    n_updates            | 920       |
|    policy_gradient_loss | -0.0528   |
|    std                  | 0.735     |
|    value_loss           | 289       |
---------------------------------------
-----------------------------------------
| rollout/                |             |
|    ep_len_mean          | 996         |
|    ep_rew_mean          | 1.46e+03    |
| time/                   |             |
|    fps                  | 21          |
|    iterations           | 94          |
|    time_elapsed         | 9046        |
|    total_timesteps      | 192512      |
| train/                  |             |
|    approx_kl            | 0.020157464 |
|    clip_fraction        | 0.245       |
|    clip_range           | 0.2         |
|    entropy_loss         | -13.3       |
|    explained_variance   | 0.966       |
|    learning_rate        | 0.0003      |
|    loss                 | 136         |
|    n_updates            | 930         |
|    policy_gradient_loss | -0.0559     |
|    std                  | 0.734       |
|    value_loss           | 382         |
-----------------------------------------
-----------------------------------------
| rollout/                |             |
|    ep_len_mean          | 996         |
|    ep_rew_mean          | 1.45e+03    |
| time/                   |             |
|    fps                  | 21          |
|    iterations           | 95          |
|    time_elapsed         | 9167        |
|    total_timesteps      | 194560      |
| train/                  |             |
|    approx_kl            | 0.020311333 |
|    clip_fraction        | 0.24        |
|    clip_range           | 0.2         |
|    entropy_loss         | -13.3       |
|    explained_variance   | 0.97        |
|    learning_rate        | 0.0003      |
|    loss                 | 66.9        |
|    n_updates            | 940         |
|    policy_gradient_loss | -0.0512     |
|    std                  | 0.733       |
|    value_loss           | 179         |
-----------------------------------------
-----------------------------------------
| rollout/                |             |
|    ep_len_mean          | 996         |
|    ep_rew_mean          | 1.48e+03    |
| time/                   |             |
|    fps                  | 21          |
|    iterations           | 96          |
|    time_elapsed         | 9287        |
|    total_timesteps      | 196608      |
| train/                  |             |
|    approx_kl            | 0.022728102 |
|    clip_fraction        | 0.263       |
|    clip_range           | 0.2         |
|    entropy_loss         | -13.3       |
|    explained_variance   | 0.983       |
|    learning_rate        | 0.0003      |
|    loss                 | 115         |
|    n_updates            | 950         |
|    policy_gradient_loss | -0.059      |
|    std                  | 0.733       |
|    value_loss           | 273         |
-----------------------------------------
-----------------------------------------
| rollout/                |             |
|    ep_len_mean          | 996         |
|    ep_rew_mean          | 1.49e+03    |
| time/                   |             |
|    fps                  | 21          |
|    iterations           | 97          |
|    time_elapsed         | 9408        |
|    total_timesteps      | 198656      |
| train/                  |             |
|    approx_kl            | 0.021957196 |
|    clip_fraction        | 0.259       |
|    clip_range           | 0.2         |
|    entropy_loss         | -13.3       |
|    explained_variance   | 0.967       |
|    learning_rate        | 0.0003      |
|    loss                 | 78.6        |
|    n_updates            | 960         |
|    policy_gradient_loss | -0.0558     |
|    std                  | 0.732       |
|    value_loss           | 246         |
-----------------------------------------
----------------------------------------
| rollout/                |            |
|    ep_len_mean          | 996        |
|    ep_rew_mean          | 1.48e+03   |
| time/                   |            |
|    fps                  | 21         |
|    iterations           | 98         |
|    time_elapsed         | 9529       |
|    total_timesteps      | 200704     |
| train/                  |            |
|    approx_kl            | 0.02570926 |
|    clip_fraction        | 0.28       |
|    clip_range           | 0.2        |
|    entropy_loss         | -13.3      |
|    explained_variance   | 0.977      |
|    learning_rate        | 0.0003     |
|    loss                 | 65.9       |
|    n_updates            | 970        |
|    policy_gradient_loss | -0.0578    |
|    std                  | 0.732      |
|    value_loss           | 191        |
----------------------------------------
-----------------------------------------
| rollout/                |             |
|    ep_len_mean          | 996         |
|    ep_rew_mean          | 1.45e+03    |
| time/                   |             |
|    fps                  | 21          |
|    iterations           | 99          |
|    time_elapsed         | 9649        |
|    total_timesteps      | 202752      |
| train/                  |             |
|    approx_kl            | 0.028964488 |
|    clip_fraction        | 0.311       |
|    clip_range           | 0.2         |
|    entropy_loss         | -13.2       |
|    explained_variance   | 0.979       |
|    learning_rate        | 0.0003      |
|    loss                 | 48.3        |
|    n_updates            | 980         |
|    policy_gradient_loss | -0.0556     |
|    std                  | 0.73        |
|    value_loss           | 146         |
-----------------------------------------
-----------------------------------------
| rollout/                |             |
|    ep_len_mean          | 1e+03       |
|    ep_rew_mean          | 1.47e+03    |
| time/                   |             |
|    fps                  | 20          |
|    iterations           | 100         |
|    time_elapsed         | 9783        |
|    total_timesteps      | 204800      |
| train/                  |             |
|    approx_kl            | 0.016866496 |
|    clip_fraction        | 0.217       |
|    clip_range           | 0.2         |
|    entropy_loss         | -13.2       |
|    explained_variance   | 0.942       |
|    learning_rate        | 0.0003      |
|    loss                 | 99.9        |
|    n_updates            | 990         |
|    policy_gradient_loss | -0.0496     |
|    std                  | 0.729       |
|    value_loss           | 260         |
-----------------------------------------
-----------------------------------------
| rollout/                |             |
|    ep_len_mean          | 1e+03       |
|    ep_rew_mean          | 1.45e+03    |
| time/                   |             |
|    fps                  | 20          |
|    iterations           | 101         |
|    time_elapsed         | 9929        |
|    total_timesteps      | 206848      |
| train/                  |             |
|    approx_kl            | 0.031320468 |
|    clip_fraction        | 0.324       |
|    clip_range           | 0.2         |
|    entropy_loss         | -13.2       |
|    explained_variance   | 0.988       |
|    learning_rate        | 0.0003      |
|    loss                 | 61.4        |
|    n_updates            | 1000        |
|    policy_gradient_loss | -0.0655     |
|    std                  | 0.726       |
|    value_loss           | 166         |
-----------------------------------------
-----------------------------------------
| rollout/                |             |
|    ep_len_mean          | 1e+03       |
|    ep_rew_mean          | 1.49e+03    |
| time/                   |             |
|    fps                  | 20          |
|    iterations           | 102         |
|    time_elapsed         | 10059       |
|    total_timesteps      | 208896      |
| train/                  |             |
|    approx_kl            | 0.026600964 |
|    clip_fraction        | 0.315       |
|    clip_range           | 0.2         |
|    entropy_loss         | -13.1       |
|    explained_variance   | 0.98        |
|    learning_rate        | 0.0003      |
|    loss                 | 78.3        |
|    n_updates            | 1010        |
|    policy_gradient_loss | -0.0592     |
|    std                  | 0.725       |
|    value_loss           | 206         |
-----------------------------------------
-----------------------------------------
| rollout/                |             |
|    ep_len_mean          | 1e+03       |
|    ep_rew_mean          | 1.52e+03    |
| time/                   |             |
|    fps                  | 20          |
|    iterations           | 103         |
|    time_elapsed         | 10206       |
|    total_timesteps      | 210944      |
| train/                  |             |
|    approx_kl            | 0.024272786 |
|    clip_fraction        | 0.286       |
|    clip_range           | 0.2         |
|    entropy_loss         | -13.1       |
|    explained_variance   | 0.963       |
|    learning_rate        | 0.0003      |
|    loss                 | 56.5        |
|    n_updates            | 1020        |
|    policy_gradient_loss | -0.0589     |
|    std                  | 0.725       |
|    value_loss           | 203         |
-----------------------------------------
-----------------------------------------
| rollout/                |             |
|    ep_len_mean          | 1e+03       |
|    ep_rew_mean          | 1.52e+03    |
| time/                   |             |
|    fps                  | 20          |
|    iterations           | 104         |
|    time_elapsed         | 10350       |
|    total_timesteps      | 212992      |
| train/                  |             |
|    approx_kl            | 0.020455714 |
|    clip_fraction        | 0.27        |
|    clip_range           | 0.2         |
|    entropy_loss         | -13.1       |
|    explained_variance   | 0.968       |
|    learning_rate        | 0.0003      |
|    loss                 | 75.1        |
|    n_updates            | 1030        |
|    policy_gradient_loss | -0.0528     |
|    std                  | 0.724       |
|    value_loss           | 201         |
-----------------------------------------
-----------------------------------------
| rollout/                |             |
|    ep_len_mean          | 1e+03       |
|    ep_rew_mean          | 1.56e+03    |
| time/                   |             |
|    fps                  | 20          |
|    iterations           | 105         |
|    time_elapsed         | 10479       |
|    total_timesteps      | 215040      |
| train/                  |             |
|    approx_kl            | 0.021759044 |
|    clip_fraction        | 0.272       |
|    clip_range           | 0.2         |
|    entropy_loss         | -13.1       |
|    explained_variance   | 0.939       |
|    learning_rate        | 0.0003      |
|    loss                 | 105         |
|    n_updates            | 1040        |
|    policy_gradient_loss | -0.0576     |
|    std                  | 0.723       |
|    value_loss           | 240         |
-----------------------------------------
----------------------------------------
| rollout/                |            |
|    ep_len_mean          | 1e+03      |
|    ep_rew_mean          | 1.55e+03   |
| time/                   |            |
|    fps                  | 20         |
|    iterations           | 106        |
|    time_elapsed         | 10605      |
|    total_timesteps      | 217088     |
| train/                  |            |
|    approx_kl            | 0.02851387 |
|    clip_fraction        | 0.352      |
|    clip_range           | 0.2        |
|    entropy_loss         | -13.1      |
|    explained_variance   | 0.987      |
|    learning_rate        | 0.0003     |
|    loss                 | 82.4       |
|    n_updates            | 1050       |
|    policy_gradient_loss | -0.0577    |
|    std                  | 0.721      |
|    value_loss           | 182        |
----------------------------------------
----------------------------------------
| rollout/                |            |
|    ep_len_mean          | 1e+03      |
|    ep_rew_mean          | 1.58e+03   |
| time/                   |            |
|    fps                  | 20         |
|    iterations           | 107        |
|    time_elapsed         | 10734      |
|    total_timesteps      | 219136     |
| train/                  |            |
|    approx_kl            | 0.02367394 |
|    clip_fraction        | 0.312      |
|    clip_range           | 0.2        |
|    entropy_loss         | -13.1      |
|    explained_variance   | 0.965      |
|    learning_rate        | 0.0003     |
|    loss                 | 64.7       |
|    n_updates            | 1060       |
|    policy_gradient_loss | -0.0447    |
|    std                  | 0.72       |
|    value_loss           | 546        |
----------------------------------------
-----------------------------------------
| rollout/                |             |
|    ep_len_mean          | 1e+03       |
|    ep_rew_mean          | 1.56e+03    |
| time/                   |             |
|    fps                  | 20          |
|    iterations           | 108         |
|    time_elapsed         | 10862       |
|    total_timesteps      | 221184      |
| train/                  |             |
|    approx_kl            | 0.023721196 |
|    clip_fraction        | 0.262       |
|    clip_range           | 0.2         |
|    entropy_loss         | -13.1       |
|    explained_variance   | 0.91        |
|    learning_rate        | 0.0003      |
|    loss                 | 83.1        |
|    n_updates            | 1070        |
|    policy_gradient_loss | -0.0553     |
|    std                  | 0.72        |
|    value_loss           | 209         |
-----------------------------------------
-----------------------------------------
| rollout/                |             |
|    ep_len_mean          | 997         |
|    ep_rew_mean          | 1.55e+03    |
| time/                   |             |
|    fps                  | 20          |
|    iterations           | 109         |
|    time_elapsed         | 10989       |
|    total_timesteps      | 223232      |
| train/                  |             |
|    approx_kl            | 0.043745052 |
|    clip_fraction        | 0.398       |
|    clip_range           | 0.2         |
|    entropy_loss         | -13         |
|    explained_variance   | 0.985       |
|    learning_rate        | 0.0003      |
|    loss                 | 48.8        |
|    n_updates            | 1080        |
|    policy_gradient_loss | -0.0767     |
|    std                  | 0.718       |
|    value_loss           | 131         |
-----------------------------------------
-----------------------------------------
| rollout/                |             |
|    ep_len_mean          | 997         |
|    ep_rew_mean          | 1.54e+03    |
| time/                   |             |
|    fps                  | 20          |
|    iterations           | 110         |
|    time_elapsed         | 11119       |
|    total_timesteps      | 225280      |
| train/                  |             |
|    approx_kl            | 0.018573668 |
|    clip_fraction        | 0.251       |
|    clip_range           | 0.2         |
|    entropy_loss         | -13         |
|    explained_variance   | 0.946       |
|    learning_rate        | 0.0003      |
|    loss                 | 107         |
|    n_updates            | 1090        |
|    policy_gradient_loss | -0.0448     |
|    std                  | 0.718       |
|    value_loss           | 317         |
-----------------------------------------
---------------------------------------
| rollout/                |           |
|    ep_len_mean          | 997       |
|    ep_rew_mean          | 1.51e+03  |
| time/                   |           |
|    fps                  | 20        |
|    iterations           | 111       |
|    time_elapsed         | 11252     |
|    total_timesteps      | 227328    |
| train/                  |           |
|    approx_kl            | 0.0293408 |
|    clip_fraction        | 0.312     |
|    clip_range           | 0.2       |
|    entropy_loss         | -13       |
|    explained_variance   | 0.935     |
|    learning_rate        | 0.0003    |
|    loss                 | 119       |
|    n_updates            | 1100      |
|    policy_gradient_loss | -0.0636   |
|    std                  | 0.716     |
|    value_loss           | 295       |
---------------------------------------
-----------------------------------------
| rollout/                |             |
|    ep_len_mean          | 997         |
|    ep_rew_mean          | 1.49e+03    |
| time/                   |             |
|    fps                  | 20          |
|    iterations           | 112         |
|    time_elapsed         | 11377       |
|    total_timesteps      | 229376      |
| train/                  |             |
|    approx_kl            | 0.024222206 |
|    clip_fraction        | 0.283       |
|    clip_range           | 0.2         |
|    entropy_loss         | -13         |
|    explained_variance   | 0.973       |
|    learning_rate        | 0.0003      |
|    loss                 | 61.2        |
|    n_updates            | 1110        |
|    policy_gradient_loss | -0.0597     |
|    std                  | 0.714       |
|    value_loss           | 193         |
-----------------------------------------
-----------------------------------------
| rollout/                |             |
|    ep_len_mean          | 997         |
|    ep_rew_mean          | 1.49e+03    |
| time/                   |             |
|    fps                  | 20          |
|    iterations           | 113         |
|    time_elapsed         | 11505       |
|    total_timesteps      | 231424      |
| train/                  |             |
|    approx_kl            | 0.024815466 |
|    clip_fraction        | 0.287       |
|    clip_range           | 0.2         |
|    entropy_loss         | -12.9       |
|    explained_variance   | 0.987       |
|    learning_rate        | 0.0003      |
|    loss                 | 80.9        |
|    n_updates            | 1120        |
|    policy_gradient_loss | -0.0539     |
|    std                  | 0.713       |
|    value_loss           | 195         |
-----------------------------------------
-----------------------------------------
| rollout/                |             |
|    ep_len_mean          | 997         |
|    ep_rew_mean          | 1.49e+03    |
| time/                   |             |
|    fps                  | 20          |
|    iterations           | 114         |
|    time_elapsed         | 11632       |
|    total_timesteps      | 233472      |
| train/                  |             |
|    approx_kl            | 0.019602384 |
|    clip_fraction        | 0.233       |
|    clip_range           | 0.2         |
|    entropy_loss         | -12.9       |
|    explained_variance   | 0.961       |
|    learning_rate        | 0.0003      |
|    loss                 | 112         |
|    n_updates            | 1130        |
|    policy_gradient_loss | -0.0512     |
|    std                  | 0.713       |
|    value_loss           | 336         |
-----------------------------------------
-----------------------------------------
| rollout/                |             |
|    ep_len_mean          | 997         |
|    ep_rew_mean          | 1.47e+03    |
| time/                   |             |
|    fps                  | 20          |
|    iterations           | 115         |
|    time_elapsed         | 11757       |
|    total_timesteps      | 235520      |
| train/                  |             |
|    approx_kl            | 0.026908146 |
|    clip_fraction        | 0.301       |
|    clip_range           | 0.2         |
|    entropy_loss         | -12.9       |
|    explained_variance   | 0.981       |
|    learning_rate        | 0.0003      |
|    loss                 | 51.8        |
|    n_updates            | 1140        |
|    policy_gradient_loss | -0.0592     |
|    std                  | 0.711       |
|    value_loss           | 154         |
-----------------------------------------
-----------------------------------------
| rollout/                |             |
|    ep_len_mean          | 997         |
|    ep_rew_mean          | 1.44e+03    |
| time/                   |             |
|    fps                  | 19          |
|    iterations           | 116         |
|    time_elapsed         | 11885       |
|    total_timesteps      | 237568      |
| train/                  |             |
|    approx_kl            | 0.022395276 |
|    clip_fraction        | 0.28        |
|    clip_range           | 0.2         |
|    entropy_loss         | -12.9       |
|    explained_variance   | 0.97        |
|    learning_rate        | 0.0003      |
|    loss                 | 105         |
|    n_updates            | 1150        |
|    policy_gradient_loss | -0.0572     |
|    std                  | 0.71        |
|    value_loss           | 243         |
-----------------------------------------
-----------------------------------------
| rollout/                |             |
|    ep_len_mean          | 997         |
|    ep_rew_mean          | 1.41e+03    |
| time/                   |             |
|    fps                  | 19          |
|    iterations           | 117         |
|    time_elapsed         | 12011       |
|    total_timesteps      | 239616      |
| train/                  |             |
|    approx_kl            | 0.023213357 |
|    clip_fraction        | 0.271       |
|    clip_range           | 0.2         |
|    entropy_loss         | -12.9       |
|    explained_variance   | 0.98        |
|    learning_rate        | 0.0003      |
|    loss                 | 77.5        |
|    n_updates            | 1160        |
|    policy_gradient_loss | -0.0561     |
|    std                  | 0.709       |
|    value_loss           | 204         |
-----------------------------------------
----------------------------------------
| rollout/                |            |
|    ep_len_mean          | 997        |
|    ep_rew_mean          | 1.41e+03   |
| time/                   |            |
|    fps                  | 19         |
|    iterations           | 118        |
|    time_elapsed         | 12141      |
|    total_timesteps      | 241664     |
| train/                  |            |
|    approx_kl            | 0.03173296 |
|    clip_fraction        | 0.351      |
|    clip_range           | 0.2        |
|    entropy_loss         | -12.9      |
|    explained_variance   | 0.971      |
|    learning_rate        | 0.0003     |
|    loss                 | 89.2       |
|    n_updates            | 1170       |
|    policy_gradient_loss | -0.0658    |
|    std                  | 0.708      |
|    value_loss           | 233        |
----------------------------------------
----------------------------------------
| rollout/                |            |
|    ep_len_mean          | 997        |
|    ep_rew_mean          | 1.4e+03    |
| time/                   |            |
|    fps                  | 19         |
|    iterations           | 119        |
|    time_elapsed         | 12269      |
|    total_timesteps      | 243712     |
| train/                  |            |
|    approx_kl            | 0.03010224 |
|    clip_fraction        | 0.304      |
|    clip_range           | 0.2        |
|    entropy_loss         | -12.8      |
|    explained_variance   | 0.966      |
|    learning_rate        | 0.0003     |
|    loss                 | 56.2       |
|    n_updates            | 1180       |
|    policy_gradient_loss | -0.0627    |
|    std                  | 0.707      |
|    value_loss           | 142        |
----------------------------------------
-----------------------------------------
| rollout/                |             |
|    ep_len_mean          | 997         |
|    ep_rew_mean          | 1.41e+03    |
| time/                   |             |
|    fps                  | 19          |
|    iterations           | 120         |
|    time_elapsed         | 12396       |
|    total_timesteps      | 245760      |
| train/                  |             |
|    approx_kl            | 0.023420876 |
|    clip_fraction        | 0.297       |
|    clip_range           | 0.2         |
|    entropy_loss         | -12.8       |
|    explained_variance   | 0.959       |
|    learning_rate        | 0.0003      |
|    loss                 | 90          |
|    n_updates            | 1190        |
|    policy_gradient_loss | -0.055      |
|    std                  | 0.707       |
|    value_loss           | 230         |
-----------------------------------------
-----------------------------------------
| rollout/                |             |
|    ep_len_mean          | 997         |
|    ep_rew_mean          | 1.44e+03    |
| time/                   |             |
|    fps                  | 19          |
|    iterations           | 121         |
|    time_elapsed         | 12528       |
|    total_timesteps      | 247808      |
| train/                  |             |
|    approx_kl            | 0.025476381 |
|    clip_fraction        | 0.296       |
|    clip_range           | 0.2         |
|    entropy_loss         | -12.8       |
|    explained_variance   | 0.86        |
|    learning_rate        | 0.0003      |
|    loss                 | 106         |
|    n_updates            | 1200        |
|    policy_gradient_loss | -0.0603     |
|    std                  | 0.707       |
|    value_loss           | 225         |
-----------------------------------------
-----------------------------------------
| rollout/                |             |
|    ep_len_mean          | 997         |
|    ep_rew_mean          | 1.45e+03    |
| time/                   |             |
|    fps                  | 19          |
|    iterations           | 122         |
|    time_elapsed         | 12656       |
|    total_timesteps      | 249856      |
| train/                  |             |
|    approx_kl            | 0.024682436 |
|    clip_fraction        | 0.284       |
|    clip_range           | 0.2         |
|    entropy_loss         | -12.8       |
|    explained_variance   | 0.982       |
|    learning_rate        | 0.0003      |
|    loss                 | 70.9        |
|    n_updates            | 1210        |
|    policy_gradient_loss | -0.0539     |
|    std                  | 0.706       |
|    value_loss           | 229         |
-----------------------------------------
-----------------------------------------
| rollout/                |             |
|    ep_len_mean          | 997         |
|    ep_rew_mean          | 1.45e+03    |
| time/                   |             |
|    fps                  | 19          |
|    iterations           | 123         |
|    time_elapsed         | 12783       |
|    total_timesteps      | 251904      |
| train/                  |             |
|    approx_kl            | 0.036054704 |
|    clip_fraction        | 0.363       |
|    clip_range           | 0.2         |
|    entropy_loss         | -12.8       |
|    explained_variance   | 0.989       |
|    learning_rate        | 0.0003      |
|    loss                 | 71.5        |
|    n_updates            | 1220        |
|    policy_gradient_loss | -0.0625     |
|    std                  | 0.706       |
|    value_loss           | 152         |
-----------------------------------------
--------------------------------------
| rollout/                |          |
|    ep_len_mean          | 997      |
|    ep_rew_mean          | 1.47e+03 |
| time/                   |          |
|    fps                  | 19       |
|    iterations           | 124      |
|    time_elapsed         | 12910    |
|    total_timesteps      | 253952   |
| train/                  |          |
|    approx_kl            | 0.024207 |
|    clip_fraction        | 0.29     |
|    clip_range           | 0.2      |
|    entropy_loss         | -12.8    |
|    explained_variance   | 0.978    |
|    learning_rate        | 0.0003   |
|    loss                 | 80.3     |
|    n_updates            | 1230     |
|    policy_gradient_loss | -0.0566  |
|    std                  | 0.706    |
|    value_loss           | 154      |
--------------------------------------
-----------------------------------------
| rollout/                |             |
|    ep_len_mean          | 997         |
|    ep_rew_mean          | 1.52e+03    |
| time/                   |             |
|    fps                  | 19          |
|    iterations           | 125         |
|    time_elapsed         | 13038       |
|    total_timesteps      | 256000      |
| train/                  |             |
|    approx_kl            | 0.019821577 |
|    clip_fraction        | 0.259       |
|    clip_range           | 0.2         |
|    entropy_loss         | -12.8       |
|    explained_variance   | 0.978       |
|    learning_rate        | 0.0003      |
|    loss                 | 152         |
|    n_updates            | 1240        |
|    policy_gradient_loss | -0.0541     |
|    std                  | 0.706       |
|    value_loss           | 323         |
-----------------------------------------
-----------------------------------------
| rollout/                |             |
|    ep_len_mean          | 998         |
|    ep_rew_mean          | 1.54e+03    |
| time/                   |             |
|    fps                  | 19          |
|    iterations           | 126         |
|    time_elapsed         | 13161       |
|    total_timesteps      | 258048      |
| train/                  |             |
|    approx_kl            | 0.023347951 |
|    clip_fraction        | 0.26        |
|    clip_range           | 0.2         |
|    entropy_loss         | -12.8       |
|    explained_variance   | 0.983       |
|    learning_rate        | 0.0003      |
|    loss                 | 118         |
|    n_updates            | 1250        |
|    policy_gradient_loss | -0.0588     |
|    std                  | 0.706       |
|    value_loss           | 256         |
-----------------------------------------
-----------------------------------------
| rollout/                |             |
|    ep_len_mean          | 998         |
|    ep_rew_mean          | 1.55e+03    |
| time/                   |             |
|    fps                  | 19          |
|    iterations           | 127         |
|    time_elapsed         | 13289       |
|    total_timesteps      | 260096      |
| train/                  |             |
|    approx_kl            | 0.023813725 |
|    clip_fraction        | 0.258       |
|    clip_range           | 0.2         |
|    entropy_loss         | -12.8       |
|    explained_variance   | 0.981       |
|    learning_rate        | 0.0003      |
|    loss                 | 81.8        |
|    n_updates            | 1260        |
|    policy_gradient_loss | -0.0537     |
|    std                  | 0.704       |
|    value_loss           | 234         |
-----------------------------------------
-----------------------------------------
| rollout/                |             |
|    ep_len_mean          | 998         |
|    ep_rew_mean          | 1.6e+03     |
| time/                   |             |
|    fps                  | 19          |
|    iterations           | 128         |
|    time_elapsed         | 13416       |
|    total_timesteps      | 262144      |
| train/                  |             |
|    approx_kl            | 0.031103851 |
|    clip_fraction        | 0.298       |
|    clip_range           | 0.2         |
|    entropy_loss         | -12.8       |
|    explained_variance   | 0.952       |
|    learning_rate        | 0.0003      |
|    loss                 | 65.9        |
|    n_updates            | 1270        |
|    policy_gradient_loss | -0.0615     |
|    std                  | 0.702       |
|    value_loss           | 160         |
-----------------------------------------
-----------------------------------------
| rollout/                |             |
|    ep_len_mean          | 998         |
|    ep_rew_mean          | 1.59e+03    |
| time/                   |             |
|    fps                  | 19          |
|    iterations           | 129         |
|    time_elapsed         | 13541       |
|    total_timesteps      | 264192      |
| train/                  |             |
|    approx_kl            | 0.035403203 |
|    clip_fraction        | 0.345       |
|    clip_range           | 0.2         |
|    entropy_loss         | -12.7       |
|    explained_variance   | 0.928       |
|    learning_rate        | 0.0003      |
|    loss                 | 59.3        |
|    n_updates            | 1280        |
|    policy_gradient_loss | -0.0617     |
|    std                  | 0.702       |
|    value_loss           | 146         |
-----------------------------------------
----------------------------------------
| rollout/                |            |
|    ep_len_mean          | 998        |
|    ep_rew_mean          | 1.6e+03    |
| time/                   |            |
|    fps                  | 19         |
|    iterations           | 130        |
|    time_elapsed         | 13668      |
|    total_timesteps      | 266240     |
| train/                  |            |
|    approx_kl            | 0.03165757 |
|    clip_fraction        | 0.312      |
|    clip_range           | 0.2        |
|    entropy_loss         | -12.7      |
|    explained_variance   | 0.989      |
|    learning_rate        | 0.0003     |
|    loss                 | 49.9       |
|    n_updates            | 1290       |
|    policy_gradient_loss | -0.0557    |
|    std                  | 0.702      |
|    value_loss           | 169        |
----------------------------------------
-----------------------------------------
| rollout/                |             |
|    ep_len_mean          | 998         |
|    ep_rew_mean          | 1.62e+03    |
| time/                   |             |
|    fps                  | 19          |
|    iterations           | 131         |
|    time_elapsed         | 13794       |
|    total_timesteps      | 268288      |
| train/                  |             |
|    approx_kl            | 0.019532356 |
|    clip_fraction        | 0.251       |
|    clip_range           | 0.2         |
|    entropy_loss         | -12.7       |
|    explained_variance   | 0.969       |
|    learning_rate        | 0.0003      |
|    loss                 | 102         |
|    n_updates            | 1300        |
|    policy_gradient_loss | -0.053      |
|    std                  | 0.701       |
|    value_loss           | 313         |
-----------------------------------------
----------------------------------------
| rollout/                |            |
|    ep_len_mean          | 998        |
|    ep_rew_mean          | 1.61e+03   |
| time/                   |            |
|    fps                  | 19         |
|    iterations           | 132        |
|    time_elapsed         | 13926      |
|    total_timesteps      | 270336     |
| train/                  |            |
|    approx_kl            | 0.02840944 |
|    clip_fraction        | 0.331      |
|    clip_range           | 0.2        |
|    entropy_loss         | -12.7      |
|    explained_variance   | 0.979      |
|    learning_rate        | 0.0003     |
|    loss                 | 101        |
|    n_updates            | 1310       |
|    policy_gradient_loss | -0.0656    |
|    std                  | 0.7        |
|    value_loss           | 281        |
----------------------------------------
----------------------------------------
| rollout/                |            |
|    ep_len_mean          | 998        |
|    ep_rew_mean          | 1.65e+03   |
| time/                   |            |
|    fps                  | 19         |
|    iterations           | 133        |
|    time_elapsed         | 14052      |
|    total_timesteps      | 272384     |
| train/                  |            |
|    approx_kl            | 0.03544992 |
|    clip_fraction        | 0.328      |
|    clip_range           | 0.2        |
|    entropy_loss         | -12.7      |
|    explained_variance   | 0.955      |
|    learning_rate        | 0.0003     |
|    loss                 | 31.5       |
|    n_updates            | 1320       |
|    policy_gradient_loss | -0.0571    |
|    std                  | 0.698      |
|    value_loss           | 110        |
----------------------------------------
-----------------------------------------
| rollout/                |             |
|    ep_len_mean          | 998         |
|    ep_rew_mean          | 1.67e+03    |
| time/                   |             |
|    fps                  | 19          |
|    iterations           | 134         |
|    time_elapsed         | 14179       |
|    total_timesteps      | 274432      |
| train/                  |             |
|    approx_kl            | 0.031893805 |
|    clip_fraction        | 0.362       |
|    clip_range           | 0.2         |
|    entropy_loss         | -12.7       |
|    explained_variance   | 0.955       |
|    learning_rate        | 0.0003      |
|    loss                 | 109         |
|    n_updates            | 1330        |
|    policy_gradient_loss | -0.0566     |
|    std                  | 0.697       |
|    value_loss           | 238         |
-----------------------------------------
-----------------------------------------
| rollout/                |             |
|    ep_len_mean          | 998         |
|    ep_rew_mean          | 1.66e+03    |
| time/                   |             |
|    fps                  | 19          |
|    iterations           | 135         |
|    time_elapsed         | 14307       |
|    total_timesteps      | 276480      |
| train/                  |             |
|    approx_kl            | 0.018551357 |
|    clip_fraction        | 0.255       |
|    clip_range           | 0.2         |
|    entropy_loss         | -12.7       |
|    explained_variance   | 0.968       |
|    learning_rate        | 0.0003      |
|    loss                 | 136         |
|    n_updates            | 1340        |
|    policy_gradient_loss | -0.0548     |
|    std                  | 0.696       |
|    value_loss           | 353         |
-----------------------------------------
----------------------------------------
| rollout/                |            |
|    ep_len_mean          | 998        |
|    ep_rew_mean          | 1.68e+03   |
| time/                   |            |
|    fps                  | 19         |
|    iterations           | 136        |
|    time_elapsed         | 14434      |
|    total_timesteps      | 278528     |
| train/                  |            |
|    approx_kl            | 0.02845309 |
|    clip_fraction        | 0.303      |
|    clip_range           | 0.2        |
|    entropy_loss         | -12.7      |
|    explained_variance   | 0.986      |
|    learning_rate        | 0.0003     |
|    loss                 | 98         |
|    n_updates            | 1350       |
|    policy_gradient_loss | -0.0637    |
|    std                  | 0.697      |
|    value_loss           | 282        |
----------------------------------------
-----------------------------------------
| rollout/                |             |
|    ep_len_mean          | 998         |
|    ep_rew_mean          | 1.67e+03    |
| time/                   |             |
|    fps                  | 19          |
|    iterations           | 137         |
|    time_elapsed         | 14563       |
|    total_timesteps      | 280576      |
| train/                  |             |
|    approx_kl            | 0.029699866 |
|    clip_fraction        | 0.338       |
|    clip_range           | 0.2         |
|    entropy_loss         | -12.7       |
|    explained_variance   | 0.979       |
|    learning_rate        | 0.0003      |
|    loss                 | 48.3        |
|    n_updates            | 1360        |
|    policy_gradient_loss | -0.0576     |
|    std                  | 0.697       |
|    value_loss           | 143         |
-----------------------------------------
----------------------------------------
| rollout/                |            |
|    ep_len_mean          | 998        |
|    ep_rew_mean          | 1.7e+03    |
| time/                   |            |
|    fps                  | 19         |
|    iterations           | 138        |
|    time_elapsed         | 14691      |
|    total_timesteps      | 282624     |
| train/                  |            |
|    approx_kl            | 0.01763444 |
|    clip_fraction        | 0.245      |
|    clip_range           | 0.2        |
|    entropy_loss         | -12.7      |
|    explained_variance   | 0.963      |
|    learning_rate        | 0.0003     |
|    loss                 | 147        |
|    n_updates            | 1370       |
|    policy_gradient_loss | -0.0496    |
|    std                  | 0.696      |
|    value_loss           | 363        |
----------------------------------------
-----------------------------------------
| rollout/                |             |
|    ep_len_mean          | 998         |
|    ep_rew_mean          | 1.68e+03    |
| time/                   |             |
|    fps                  | 19          |
|    iterations           | 139         |
|    time_elapsed         | 14817       |
|    total_timesteps      | 284672      |
| train/                  |             |
|    approx_kl            | 0.027873926 |
|    clip_fraction        | 0.319       |
|    clip_range           | 0.2         |
|    entropy_loss         | -12.6       |
|    explained_variance   | 0.899       |
|    learning_rate        | 0.0003      |
|    loss                 | 114         |
|    n_updates            | 1380        |
|    policy_gradient_loss | -0.0646     |
|    std                  | 0.696       |
|    value_loss           | 273         |
-----------------------------------------
----------------------------------------
| rollout/                |            |
|    ep_len_mean          | 998        |
|    ep_rew_mean          | 1.68e+03   |
| time/                   |            |
|    fps                  | 19         |
|    iterations           | 140        |
|    time_elapsed         | 14946      |
|    total_timesteps      | 286720     |
| train/                  |            |
|    approx_kl            | 0.02522809 |
|    clip_fraction        | 0.272      |
|    clip_range           | 0.2        |
|    entropy_loss         | -12.6      |
|    explained_variance   | 0.935      |
|    learning_rate        | 0.0003     |
|    loss                 | 69.7       |
|    n_updates            | 1390       |
|    policy_gradient_loss | -0.0531    |
|    std                  | 0.695      |
|    value_loss           | 221        |
----------------------------------------
----------------------------------------
| rollout/                |            |
|    ep_len_mean          | 998        |
|    ep_rew_mean          | 1.7e+03    |
| time/                   |            |
|    fps                  | 19         |
|    iterations           | 141        |
|    time_elapsed         | 15074      |
|    total_timesteps      | 288768     |
| train/                  |            |
|    approx_kl            | 0.03081271 |
|    clip_fraction        | 0.32       |
|    clip_range           | 0.2        |
|    entropy_loss         | -12.6      |
|    explained_variance   | 0.989      |
|    learning_rate        | 0.0003     |
|    loss                 | 46.3       |
|    n_updates            | 1400       |
|    policy_gradient_loss | -0.0661    |
|    std                  | 0.693      |
|    value_loss           | 150        |
----------------------------------------
-----------------------------------------
| rollout/                |             |
|    ep_len_mean          | 998         |
|    ep_rew_mean          | 1.73e+03    |
| time/                   |             |
|    fps                  | 19          |
|    iterations           | 142         |
|    time_elapsed         | 15203       |
|    total_timesteps      | 290816      |
| train/                  |             |
|    approx_kl            | 0.036256783 |
|    clip_fraction        | 0.349       |
|    clip_range           | 0.2         |
|    entropy_loss         | -12.6       |
|    explained_variance   | 0.934       |
|    learning_rate        | 0.0003      |
|    loss                 | 51.6        |
|    n_updates            | 1410        |
|    policy_gradient_loss | -0.0674     |
|    std                  | 0.693       |
|    value_loss           | 152         |
-----------------------------------------
-----------------------------------------
| rollout/                |             |
|    ep_len_mean          | 996         |
|    ep_rew_mean          | 1.78e+03    |
| time/                   |             |
|    fps                  | 19          |
|    iterations           | 143         |
|    time_elapsed         | 15343       |
|    total_timesteps      | 292864      |
| train/                  |             |
|    approx_kl            | 0.022412911 |
|    clip_fraction        | 0.274       |
|    clip_range           | 0.2         |
|    entropy_loss         | -12.6       |
|    explained_variance   | 0.967       |
|    learning_rate        | 0.0003      |
|    loss                 | 121         |
|    n_updates            | 1420        |
|    policy_gradient_loss | -0.0565     |
|    std                  | 0.693       |
|    value_loss           | 351         |
-----------------------------------------
-----------------------------------------
| rollout/                |             |
|    ep_len_mean          | 996         |
|    ep_rew_mean          | 1.78e+03    |
| time/                   |             |
|    fps                  | 19          |
|    iterations           | 144         |
|    time_elapsed         | 15468       |
|    total_timesteps      | 294912      |
| train/                  |             |
|    approx_kl            | 0.020526303 |
|    clip_fraction        | 0.252       |
|    clip_range           | 0.2         |
|    entropy_loss         | -12.6       |
|    explained_variance   | 0.862       |
|    learning_rate        | 0.0003      |
|    loss                 | 216         |
|    n_updates            | 1430        |
|    policy_gradient_loss | -0.038      |
|    std                  | 0.692       |
|    value_loss           | 690         |
-----------------------------------------
-----------------------------------------
| rollout/                |             |
|    ep_len_mean          | 996         |
|    ep_rew_mean          | 1.77e+03    |
| time/                   |             |
|    fps                  | 19          |
|    iterations           | 145         |
|    time_elapsed         | 15594       |
|    total_timesteps      | 296960      |
| train/                  |             |
|    approx_kl            | 0.030347113 |
|    clip_fraction        | 0.29        |
|    clip_range           | 0.2         |
|    entropy_loss         | -12.6       |
|    explained_variance   | 0.97        |
|    learning_rate        | 0.0003      |
|    loss                 | 70.4        |
|    n_updates            | 1440        |
|    policy_gradient_loss | -0.0629     |
|    std                  | 0.689       |
|    value_loss           | 206         |
-----------------------------------------
---------------------------------------
| rollout/                |           |
|    ep_len_mean          | 996       |
|    ep_rew_mean          | 1.8e+03   |
| time/                   |           |
|    fps                  | 19        |
|    iterations           | 146       |
|    time_elapsed         | 15728     |
|    total_timesteps      | 299008    |
| train/                  |           |
|    approx_kl            | 0.0444999 |
|    clip_fraction        | 0.386     |
|    clip_range           | 0.2       |
|    entropy_loss         | -12.5     |
|    explained_variance   | 0.981     |
|    learning_rate        | 0.0003    |
|    loss                 | 45.8      |
|    n_updates            | 1450      |
|    policy_gradient_loss | -0.0661   |
|    std                  | 0.689     |
|    value_loss           | 160       |
---------------------------------------
-----------------------------------------
| rollout/                |             |
|    ep_len_mean          | 996         |
|    ep_rew_mean          | 1.87e+03    |
| time/                   |             |
|    fps                  | 18          |
|    iterations           | 147         |
|    time_elapsed         | 15851       |
|    total_timesteps      | 301056      |
| train/                  |             |
|    approx_kl            | 0.052311525 |
|    clip_fraction        | 0.443       |
|    clip_range           | 0.2         |
|    entropy_loss         | -12.5       |
|    explained_variance   | 0.928       |
|    learning_rate        | 0.0003      |
|    loss                 | 56          |
|    n_updates            | 1460        |
|    policy_gradient_loss | -0.0744     |
|    std                  | 0.688       |
|    value_loss           | 142         |
-----------------------------------------
【训练】完成：本次 300000 步，耗时 264.2 分钟（约 18.9 steps/s）
【训练】累计总步数 = 301056
【训练】最终模型已保存：checkpoints/p3_turn_final.zip
