/home/pma213x/.local/lib/python3.14/site-packages/stable_baselines3/common/on_policy_algorithm.py:150: UserWarning: You are trying to run PPO on the GPU, but it is primarily intended to run on the CPU when not using a CNN policy (you are using ActorCriticPolicy which should be a MlpPolicy). See https://github.com/DLR-RM/stable-baselines3/issues/1245 for more info. You can pass `device='cpu'` or `export CUDA_VISIBLE_DEVICES=` to force using the CPU.Note: The model will train, but the GPU utilization will be poor and the training might take longer than on CPU.
  warnings.warn(
【训练】已加载新前缀 checkpoint：/run/media/pma213x/0C6A8CC86A8CAFCE/Ubuntu2/CodeU/Dog1/checkpoints/yobogo_loco_jump_v1/yobogo_loco_jump_v1_final.zip，累计步数=501760
【训练】阶段=phase3 累计步数=501760 目标=800000 本次=298240
Logging to /run/media/pma213x/0C6A8CC86A8CAFCE/Ubuntu2/CodeU/Dog1/runs/yobogo_loco_jump_v1/S3_jump/PPO_0
【评估】失败并关闭后续评估：[Errno 98] Address already in use
---------------------------------
| rollout/           |          |
|    ep_len_mean     | 10.9     |
|    ep_rew_mean     | -42.3    |
| time/              |          |
|    fps             | 23       |
|    iterations      | 1        |
|    time_elapsed    | 86       |
|    total_timesteps | 503808   |
---------------------------------
-----------------------------------------
| rollout/                |             |
|    ep_len_mean          | 11.3        |
|    ep_rew_mean          | -49         |
| time/                   |             |
|    fps                  | 18          |
|    iterations           | 2           |
|    time_elapsed         | 217         |
|    total_timesteps      | 505856      |
| train/                  |             |
|    approx_kl            | 0.065317154 |
|    clip_fraction        | 0.447       |
|    clip_range           | 0.2         |
|    entropy_loss         | -6.36       |
|    explained_variance   | 0.93        |
|    learning_rate        | 0.0003      |
|    loss                 | 3.78        |
|    n_updates            | 2460        |
|    policy_gradient_loss | -0.0288     |
|    std                  | 0.413       |
|    value_loss           | 9.67        |
-----------------------------------------
-----------------------------------------
| rollout/                |             |
|    ep_len_mean          | 11          |
|    ep_rew_mean          | -41.8       |
| time/                   |             |
|    fps                  | 19          |
|    iterations           | 3           |
|    time_elapsed         | 311         |
|    total_timesteps      | 507904      |
| train/                  |             |
|    approx_kl            | 0.026754541 |
|    clip_fraction        | 0.337       |
|    clip_range           | 0.2         |
|    entropy_loss         | -6.35       |
|    explained_variance   | 0.852       |
|    learning_rate        | 0.0003      |
|    loss                 | 8.88        |
|    n_updates            | 2470        |
|    policy_gradient_loss | -0.0265     |
|    std                  | 0.412       |
|    value_loss           | 40.6        |
-----------------------------------------
----------------------------------------
| rollout/                |            |
|    ep_len_mean          | 10.8       |
|    ep_rew_mean          | -41.5      |
| time/                   |            |
|    fps                  | 20         |
|    iterations           | 4          |
|    time_elapsed         | 399        |
|    total_timesteps      | 509952     |
| train/                  |            |
|    approx_kl            | 0.21763103 |
|    clip_fraction        | 0.68       |
|    clip_range           | 0.2        |
|    entropy_loss         | -6.35      |
|    explained_variance   | 0.866      |
|    learning_rate        | 0.0003     |
|    loss                 | 1.58       |
|    n_updates            | 2480       |
|    policy_gradient_loss | -0.0141    |
|    std                  | 0.413      |
|    value_loss           | 3.18       |
----------------------------------------
----------------------------------------
| rollout/                |            |
|    ep_len_mean          | 14.6       |
|    ep_rew_mean          | -103       |
| time/                   |            |
|    fps                  | 21         |
|    iterations           | 5          |
|    time_elapsed         | 487        |
|    total_timesteps      | 512000     |
| train/                  |            |
|    approx_kl            | 0.20914567 |
|    clip_fraction        | 0.704      |
|    clip_range           | 0.2        |
|    entropy_loss         | -6.32      |
|    explained_variance   | 0.923      |
|    learning_rate        | 0.0003     |
|    loss                 | 1.1        |
|    n_updates            | 2490       |
|    policy_gradient_loss | -0.0124    |
|    std                  | 0.411      |
|    value_loss           | 2.48       |
----------------------------------------
----------------------------------------
| rollout/                |            |
|    ep_len_mean          | 10.9       |
|    ep_rew_mean          | -42        |
| time/                   |            |
|    fps                  | 21         |
|    iterations           | 6          |
|    time_elapsed         | 575        |
|    total_timesteps      | 514048     |
| train/                  |            |
|    approx_kl            | 0.10069768 |
|    clip_fraction        | 0.651      |
|    clip_range           | 0.2        |
|    entropy_loss         | -6.29      |
|    explained_variance   | 0.76       |
|    learning_rate        | 0.0003     |
|    loss                 | 137        |
|    n_updates            | 2500       |
|    policy_gradient_loss | 0.0159     |
|    std                  | 0.411      |
|    value_loss           | 255        |
----------------------------------------
----------------------------------------
| rollout/                |            |
|    ep_len_mean          | 11.1       |
|    ep_rew_mean          | -42        |
| time/                   |            |
|    fps                  | 21         |
|    iterations           | 7          |
|    time_elapsed         | 666        |
|    total_timesteps      | 516096     |
| train/                  |            |
|    approx_kl            | 0.14887252 |
|    clip_fraction        | 0.628      |
|    clip_range           | 0.2        |
|    entropy_loss         | -6.27      |
|    explained_variance   | 0.89       |
|    learning_rate        | 0.0003     |
|    loss                 | 2.59       |
|    n_updates            | 2510       |
|    policy_gradient_loss | -0.0278    |
|    std                  | 0.41       |
|    value_loss           | 5.48       |
----------------------------------------
----------------------------------------
| rollout/                |            |
|    ep_len_mean          | 12.3       |
|    ep_rew_mean          | -77.1      |
| time/                   |            |
|    fps                  | 21         |
|    iterations           | 8          |
|    time_elapsed         | 753        |
|    total_timesteps      | 518144     |
| train/                  |            |
|    approx_kl            | 0.15910557 |
|    clip_fraction        | 0.645      |
|    clip_range           | 0.2        |
|    entropy_loss         | -6.25      |
|    explained_variance   | 0.899      |
|    learning_rate        | 0.0003     |
|    loss                 | 1.33       |
|    n_updates            | 2520       |
|    policy_gradient_loss | -0.0324    |
|    std                  | 0.409      |
|    value_loss           | 2.85       |
----------------------------------------
-----------------------------------------
| rollout/                |             |
|    ep_len_mean          | 10.9        |
|    ep_rew_mean          | -41.6       |
| time/                   |             |
|    fps                  | 21          |
|    iterations           | 9           |
|    time_elapsed         | 841         |
|    total_timesteps      | 520192      |
| train/                  |             |
|    approx_kl            | 0.035289146 |
|    clip_fraction        | 0.486       |
|    clip_range           | 0.2         |
|    entropy_loss         | -6.23       |
|    explained_variance   | 0.82        |
|    learning_rate        | 0.0003      |
|    loss                 | 24.7        |
|    n_updates            | 2530        |
|    policy_gradient_loss | -0.0174     |
|    std                  | 0.408       |
|    value_loss           | 96.3        |
-----------------------------------------
----------------------------------------
| rollout/                |            |
|    ep_len_mean          | 10.9       |
|    ep_rew_mean          | -42.3      |
| time/                   |            |
|    fps                  | 22         |
|    iterations           | 10         |
|    time_elapsed         | 930        |
|    total_timesteps      | 522240     |
| train/                  |            |
|    approx_kl            | 0.15330498 |
|    clip_fraction        | 0.599      |
|    clip_range           | 0.2        |
|    entropy_loss         | -6.2       |
|    explained_variance   | 0.771      |
|    learning_rate        | 0.0003     |
|    loss                 | 1.08       |
|    n_updates            | 2540       |
|    policy_gradient_loss | -0.0255    |
|    std                  | 0.407      |
|    value_loss           | 3.27       |
----------------------------------------
-----------------------------------------
| rollout/                |             |
|    ep_len_mean          | 13.7        |
|    ep_rew_mean          | -95.2       |
| time/                   |             |
|    fps                  | 22          |
|    iterations           | 11          |
|    time_elapsed         | 1022        |
|    total_timesteps      | 524288      |
| train/                  |             |
|    approx_kl            | 0.085658014 |
|    clip_fraction        | 0.558       |
|    clip_range           | 0.2         |
|    entropy_loss         | -6.16       |
|    explained_variance   | 0.825       |
|    learning_rate        | 0.0003      |
|    loss                 | 57          |
|    n_updates            | 2550        |
|    policy_gradient_loss | -0.00201    |
|    std                  | 0.406       |
|    value_loss           | 111         |
-----------------------------------------
-----------------------------------------
| rollout/                |             |
|    ep_len_mean          | 11.4        |
|    ep_rew_mean          | -60.7       |
| time/                   |             |
|    fps                  | 22          |
|    iterations           | 12          |
|    time_elapsed         | 1110        |
|    total_timesteps      | 526336      |
| train/                  |             |
|    approx_kl            | 0.009832494 |
|    clip_fraction        | 0.115       |
|    clip_range           | 0.2         |
|    entropy_loss         | -6.15       |
|    explained_variance   | 0.707       |
|    learning_rate        | 0.0003      |
|    loss                 | 139         |
|    n_updates            | 2560        |
|    policy_gradient_loss | -0.0296     |
|    std                  | 0.406       |
|    value_loss           | 471         |
-----------------------------------------
-----------------------------------------
| rollout/                |             |
|    ep_len_mean          | 10.6        |
|    ep_rew_mean          | -40.1       |
| time/                   |             |
|    fps                  | 22          |
|    iterations           | 13          |
|    time_elapsed         | 1203        |
|    total_timesteps      | 528384      |
| train/                  |             |
|    approx_kl            | 0.026688052 |
|    clip_fraction        | 0.241       |
|    clip_range           | 0.2         |
|    entropy_loss         | -6.15       |
|    explained_variance   | 0.92        |
|    learning_rate        | 0.0003      |
|    loss                 | 16.9        |
|    n_updates            | 2570        |
|    policy_gradient_loss | -0.043      |
|    std                  | 0.406       |
|    value_loss           | 51.8        |
-----------------------------------------
----------------------------------------
| rollout/                |            |
|    ep_len_mean          | 14.4       |
|    ep_rew_mean          | -95.6      |
| time/                   |            |
|    fps                  | 21         |
|    iterations           | 14         |
|    time_elapsed         | 1328       |
|    total_timesteps      | 530432     |
| train/                  |            |
|    approx_kl            | 0.19008555 |
|    clip_fraction        | 0.642      |
|    clip_range           | 0.2        |
|    entropy_loss         | -6.11      |
|    explained_variance   | 0.869      |
|    learning_rate        | 0.0003     |
|    loss                 | 0.747      |
|    n_updates            | 2580       |
|    policy_gradient_loss | -0.0211    |
|    std                  | 0.404      |
|    value_loss           | 2.32       |
----------------------------------------
----------------------------------------
| rollout/                |            |
|    ep_len_mean          | 10.7       |
|    ep_rew_mean          | -41.9      |
| time/                   |            |
|    fps                  | 20         |
|    iterations           | 15         |
|    time_elapsed         | 1464       |
|    total_timesteps      | 532480     |
| train/                  |            |
|    approx_kl            | 0.04016767 |
|    clip_fraction        | 0.579      |
|    clip_range           | 0.2        |
|    entropy_loss         | -6.09      |
|    explained_variance   | 0.773      |
|    learning_rate        | 0.0003     |
|    loss                 | 97.4       |
|    n_updates            | 2590       |
|    policy_gradient_loss | 0.00801    |
|    std                  | 0.404      |
|    value_loss           | 374        |
----------------------------------------
-----------------------------------------
| rollout/                |             |
|    ep_len_mean          | 11.7        |
|    ep_rew_mean          | -68.3       |
| time/                   |             |
|    fps                  | 20          |
|    iterations           | 16          |
|    time_elapsed         | 1604        |
|    total_timesteps      | 534528      |
| train/                  |             |
|    approx_kl            | 0.061628547 |
|    clip_fraction        | 0.344       |
|    clip_range           | 0.2         |
|    entropy_loss         | -6.08       |
|    explained_variance   | 0.791       |
|    learning_rate        | 0.0003      |
|    loss                 | 4           |
|    n_updates            | 2600        |
|    policy_gradient_loss | -0.034      |
|    std                  | 0.403       |
|    value_loss           | 11.3        |
-----------------------------------------
-----------------------------------------
| rollout/                |             |
|    ep_len_mean          | 10.3        |
|    ep_rew_mean          | -39.2       |
| time/                   |             |
|    fps                  | 19          |
|    iterations           | 17          |
|    time_elapsed         | 1744        |
|    total_timesteps      | 536576      |
| train/                  |             |
|    approx_kl            | 0.018070428 |
|    clip_fraction        | 0.28        |
|    clip_range           | 0.2         |
|    entropy_loss         | -6.06       |
|    explained_variance   | 0.865       |
|    learning_rate        | 0.0003      |
|    loss                 | 71.3        |
|    n_updates            | 2610        |
|    policy_gradient_loss | -0.0315     |
|    std                  | 0.403       |
|    value_loss           | 186         |
-----------------------------------------
【checkpoint】/run/media/pma213x/0C6A8CC86A8CAFCE/Ubuntu2/CodeU/Dog1/checkpoints/yobogo_loco_jump_v1/yobogo_loco_jump_v1_537411_time_1800s.zip
----------------------------------------
| rollout/                |            |
|    ep_len_mean          | 12.4       |
|    ep_rew_mean          | -64.4      |
| time/                   |            |
|    fps                  | 19         |
|    iterations           | 18         |
|    time_elapsed         | 1878       |
|    total_timesteps      | 538624     |
| train/                  |            |
|    approx_kl            | 0.15034668 |
|    clip_fraction        | 0.581      |
|    clip_range           | 0.2        |
|    entropy_loss         | -6.05      |
|    explained_variance   | 0.705      |
|    learning_rate        | 0.0003     |
|    loss                 | 1.42       |
|    n_updates            | 2620       |
|    policy_gradient_loss | -0.0246    |
|    std                  | 0.402      |
|    value_loss           | 4.89       |
----------------------------------------
-----------------------------------------
| rollout/                |             |
|    ep_len_mean          | 10.8        |
|    ep_rew_mean          | -41.3       |
| time/                   |             |
|    fps                  | 19          |
|    iterations           | 19          |
|    time_elapsed         | 1959        |
|    total_timesteps      | 540672      |
| train/                  |             |
|    approx_kl            | 0.068237215 |
|    clip_fraction        | 0.63        |
|    clip_range           | 0.2         |
|    entropy_loss         | -6.04       |
|    explained_variance   | 0.856       |
|    learning_rate        | 0.0003      |
|    loss                 | 43.4        |
|    n_updates            | 2630        |
|    policy_gradient_loss | -0.0107     |
|    std                  | 0.402       |
|    value_loss           | 116         |
-----------------------------------------
-----------------------------------------
| rollout/                |             |
|    ep_len_mean          | 19.3        |
|    ep_rew_mean          | -145        |
| time/                   |             |
|    fps                  | 20          |
|    iterations           | 20          |
|    time_elapsed         | 2041        |
|    total_timesteps      | 542720      |
| train/                  |             |
|    approx_kl            | 0.030759837 |
|    clip_fraction        | 0.277       |
|    clip_range           | 0.2         |
|    entropy_loss         | -6.03       |
|    explained_variance   | 0.916       |
|    learning_rate        | 0.0003      |
|    loss                 | 12.3        |
|    n_updates            | 2640        |
|    policy_gradient_loss | -0.0418     |
|    std                  | 0.402       |
|    value_loss           | 42.7        |
-----------------------------------------
-----------------------------------------
| rollout/                |             |
|    ep_len_mean          | 11.6        |
|    ep_rew_mean          | -64.2       |
| time/                   |             |
|    fps                  | 20          |
|    iterations           | 21          |
|    time_elapsed         | 2122        |
|    total_timesteps      | 544768      |
| train/                  |             |
|    approx_kl            | 0.014507672 |
|    clip_fraction        | 0.205       |
|    clip_range           | 0.2         |
|    entropy_loss         | -6.02       |
|    explained_variance   | 0.764       |
|    learning_rate        | 0.0003      |
|    loss                 | 271         |
|    n_updates            | 2650        |
|    policy_gradient_loss | -0.0307     |
|    std                  | 0.402       |
|    value_loss           | 746         |
-----------------------------------------
-----------------------------------------
| rollout/                |             |
|    ep_len_mean          | 10.5        |
|    ep_rew_mean          | -39.5       |
| time/                   |             |
|    fps                  | 20          |
|    iterations           | 22          |
|    time_elapsed         | 2211        |
|    total_timesteps      | 546816      |
| train/                  |             |
|    approx_kl            | 0.019789206 |
|    clip_fraction        | 0.207       |
|    clip_range           | 0.2         |
|    entropy_loss         | -6.02       |
|    explained_variance   | 0.825       |
|    learning_rate        | 0.0003      |
|    loss                 | 36.2        |
|    n_updates            | 2660        |
|    policy_gradient_loss | -0.0412     |
|    std                  | 0.401       |
|    value_loss           | 96          |
-----------------------------------------
----------------------------------------
| rollout/                |            |
|    ep_len_mean          | 10.5       |
|    ep_rew_mean          | -40        |
| time/                   |            |
|    fps                  | 20         |
|    iterations           | 23         |
|    time_elapsed         | 2294       |
|    total_timesteps      | 548864     |
| train/                  |            |
|    approx_kl            | 0.22358583 |
|    clip_fraction        | 0.546      |
|    clip_range           | 0.2        |
|    entropy_loss         | -5.99      |
|    explained_variance   | 0.567      |
|    learning_rate        | 0.0003     |
|    loss                 | 1.82       |
|    n_updates            | 2670       |
|    policy_gradient_loss | -0.0282    |
|    std                  | 0.4        |
|    value_loss           | 5.19       |
----------------------------------------
----------------------------------------
| rollout/                |            |
|    ep_len_mean          | 11         |
|    ep_rew_mean          | -53.2      |
| time/                   |            |
|    fps                  | 20         |
|    iterations           | 24         |
|    time_elapsed         | 2376       |
|    total_timesteps      | 550912     |
| train/                  |            |
|    approx_kl            | 0.24485633 |
|    clip_fraction        | 0.725      |
|    clip_range           | 0.2        |
|    entropy_loss         | -5.96      |
|    explained_variance   | 0.894      |
|    learning_rate        | 0.0003     |
|    loss                 | 0.982      |
|    n_updates            | 2680       |
|    policy_gradient_loss | -0.0219    |
|    std                  | 0.4        |
|    value_loss           | 2.72       |
----------------------------------------
----------------------------------------
| rollout/                |            |
|    ep_len_mean          | 11.4       |
|    ep_rew_mean          | -49.9      |
| time/                   |            |
|    fps                  | 20         |
|    iterations           | 25         |
|    time_elapsed         | 2459       |
|    total_timesteps      | 552960     |
| train/                  |            |
|    approx_kl            | 0.03625404 |
|    clip_fraction        | 0.44       |
|    clip_range           | 0.2        |
|    entropy_loss         | -5.95      |
|    explained_variance   | 0.846      |
|    learning_rate        | 0.0003     |
|    loss                 | 4.88       |
|    n_updates            | 2690       |
|    policy_gradient_loss | -0.0255    |
|    std                  | 0.399      |
|    value_loss           | 20         |
----------------------------------------
-----------------------------------------
| rollout/                |             |
|    ep_len_mean          | 10.7        |
|    ep_rew_mean          | -45.6       |
| time/                   |             |
|    fps                  | 20          |
|    iterations           | 26          |
|    time_elapsed         | 2545        |
|    total_timesteps      | 555008      |
| train/                  |             |
|    approx_kl            | 0.018028626 |
|    clip_fraction        | 0.247       |
|    clip_range           | 0.2         |
|    entropy_loss         | -5.94       |
|    explained_variance   | 0.853       |
|    learning_rate        | 0.0003      |
|    loss                 | 42.8        |
|    n_updates            | 2700        |
|    policy_gradient_loss | -0.0315     |
|    std                  | 0.399       |
|    value_loss           | 107         |
-----------------------------------------
-----------------------------------------
| rollout/                |             |
|    ep_len_mean          | 15.4        |
|    ep_rew_mean          | -74         |
| time/                   |             |
|    fps                  | 21          |
|    iterations           | 27          |
|    time_elapsed         | 2630        |
|    total_timesteps      | 557056      |
| train/                  |             |
|    approx_kl            | 0.012174993 |
|    clip_fraction        | 0.118       |
|    clip_range           | 0.2         |
|    entropy_loss         | -5.94       |
|    explained_variance   | 0.796       |
|    learning_rate        | 0.0003      |
|    loss                 | 113         |
|    n_updates            | 2710        |
|    policy_gradient_loss | -0.037      |
|    std                  | 0.399       |
|    value_loss           | 406         |
-----------------------------------------
-----------------------------------------
| rollout/                |             |
|    ep_len_mean          | 12          |
|    ep_rew_mean          | -54.5       |
| time/                   |             |
|    fps                  | 21          |
|    iterations           | 28          |
|    time_elapsed         | 2711        |
|    total_timesteps      | 559104      |
| train/                  |             |
|    approx_kl            | 0.013064368 |
|    clip_fraction        | 0.146       |
|    clip_range           | 0.2         |
|    entropy_loss         | -5.94       |
|    explained_variance   | 0.842       |
|    learning_rate        | 0.0003      |
|    loss                 | 149         |
|    n_updates            | 2720        |
|    policy_gradient_loss | -0.0367     |
|    std                  | 0.399       |
|    value_loss           | 634         |
-----------------------------------------
-----------------------------------------
| rollout/                |             |
|    ep_len_mean          | 10.6        |
|    ep_rew_mean          | -40.1       |
| time/                   |             |
|    fps                  | 21          |
|    iterations           | 29          |
|    time_elapsed         | 2809        |
|    total_timesteps      | 561152      |
| train/                  |             |
|    approx_kl            | 0.015879463 |
|    clip_fraction        | 0.166       |
|    clip_range           | 0.2         |
|    entropy_loss         | -5.93       |
|    explained_variance   | 0.733       |
|    learning_rate        | 0.0003      |
|    loss                 | 70.8        |
|    n_updates            | 2730        |
|    policy_gradient_loss | -0.0407     |
|    std                  | 0.399       |
|    value_loss           | 191         |
-----------------------------------------
-----------------------------------------
| rollout/                |             |
|    ep_len_mean          | 10.4        |
|    ep_rew_mean          | -43.5       |
| time/                   |             |
|    fps                  | 21          |
|    iterations           | 30          |
|    time_elapsed         | 2907        |
|    total_timesteps      | 563200      |
| train/                  |             |
|    approx_kl            | 0.039982405 |
|    clip_fraction        | 0.291       |
|    clip_range           | 0.2         |
|    entropy_loss         | -5.93       |
|    explained_variance   | 0.818       |
|    learning_rate        | 0.0003      |
|    loss                 | 2.31        |
|    n_updates            | 2740        |
|    policy_gradient_loss | -0.0282     |
|    std                  | 0.399       |
|    value_loss           | 32.1        |
-----------------------------------------
----------------------------------------
| rollout/                |            |
|    ep_len_mean          | 13         |
|    ep_rew_mean          | -53.8      |
| time/                   |            |
|    fps                  | 21         |
|    iterations           | 31         |
|    time_elapsed         | 3007       |
|    total_timesteps      | 565248     |
| train/                  |            |
|    approx_kl            | 0.01913333 |
|    clip_fraction        | 0.201      |
|    clip_range           | 0.2        |
|    entropy_loss         | -5.92      |
|    explained_variance   | 0.837      |
|    learning_rate        | 0.0003     |
|    loss                 | 69.1       |
|    n_updates            | 2750       |
|    policy_gradient_loss | -0.037     |
|    std                  | 0.398      |
|    value_loss           | 214        |
----------------------------------------
-----------------------------------------
| rollout/                |             |
|    ep_len_mean          | 11          |
|    ep_rew_mean          | -59.4       |
| time/                   |             |
|    fps                  | 21          |
|    iterations           | 32          |
|    time_elapsed         | 3113        |
|    total_timesteps      | 567296      |
| train/                  |             |
|    approx_kl            | 0.023153154 |
|    clip_fraction        | 0.231       |
|    clip_range           | 0.2         |
|    entropy_loss         | -5.91       |
|    explained_variance   | 0.857       |
|    learning_rate        | 0.0003      |
|    loss                 | 43.1        |
|    n_updates            | 2760        |
|    policy_gradient_loss | -0.0471     |
|    std                  | 0.398       |
|    value_loss           | 134         |
-----------------------------------------
-----------------------------------------
| rollout/                |             |
|    ep_len_mean          | 10          |
|    ep_rew_mean          | -38         |
| time/                   |             |
|    fps                  | 20          |
|    iterations           | 33          |
|    time_elapsed         | 3233        |
|    total_timesteps      | 569344      |
| train/                  |             |
|    approx_kl            | 0.015136624 |
|    clip_fraction        | 0.164       |
|    clip_range           | 0.2         |
|    entropy_loss         | -5.9        |
|    explained_variance   | 0.848       |
|    learning_rate        | 0.0003      |
|    loss                 | 67.6        |
|    n_updates            | 2770        |
|    policy_gradient_loss | -0.0458     |
|    std                  | 0.398       |
|    value_loss           | 228         |
-----------------------------------------
----------------------------------------
| rollout/                |            |
|    ep_len_mean          | 12.4       |
|    ep_rew_mean          | -70.8      |
| time/                   |            |
|    fps                  | 20         |
|    iterations           | 34         |
|    time_elapsed         | 3339       |
|    total_timesteps      | 571392     |
| train/                  |            |
|    approx_kl            | 0.11643929 |
|    clip_fraction        | 0.523      |
|    clip_range           | 0.2        |
|    entropy_loss         | -5.89      |
|    explained_variance   | 0.94       |
|    learning_rate        | 0.0003     |
|    loss                 | 5          |
|    n_updates            | 2780       |
|    policy_gradient_loss | -0.0407    |
|    std                  | 0.397      |
|    value_loss           | 11         |
----------------------------------------
-----------------------------------------
| rollout/                |             |
|    ep_len_mean          | 10.3        |
|    ep_rew_mean          | -38.7       |
| time/                   |             |
|    fps                  | 20          |
|    iterations           | 35          |
|    time_elapsed         | 3446        |
|    total_timesteps      | 573440      |
| train/                  |             |
|    approx_kl            | 0.016751345 |
|    clip_fraction        | 0.323       |
|    clip_range           | 0.2         |
|    entropy_loss         | -5.88       |
|    explained_variance   | 0.869       |
|    learning_rate        | 0.0003      |
|    loss                 | 48          |
|    n_updates            | 2790        |
|    policy_gradient_loss | -0.0316     |
|    std                  | 0.397       |
|    value_loss           | 132         |
-----------------------------------------
-----------------------------------------
| rollout/                |             |
|    ep_len_mean          | 10.2        |
|    ep_rew_mean          | -38.9       |
| time/                   |             |
|    fps                  | 20          |
|    iterations           | 36          |
|    time_elapsed         | 3547        |
|    total_timesteps      | 575488      |
| train/                  |             |
|    approx_kl            | 0.016837344 |
|    clip_fraction        | 0.174       |
|    clip_range           | 0.2         |
|    entropy_loss         | -5.87       |
|    explained_variance   | 0.892       |
|    learning_rate        | 0.0003      |
|    loss                 | 51          |
|    n_updates            | 2800        |
|    policy_gradient_loss | -0.0413     |
|    std                  | 0.397       |
|    value_loss           | 183         |
-----------------------------------------
【checkpoint】/run/media/pma213x/0C6A8CC86A8CAFCE/Ubuntu2/CodeU/Dog1/checkpoints/yobogo_loco_jump_v1/yobogo_loco_jump_v1_576390_time_3600s.zip
---------------------------------------
| rollout/                |           |
|    ep_len_mean          | 10.8      |
|    ep_rew_mean          | -48       |
| time/                   |           |
|    fps                  | 20        |
|    iterations           | 37        |
|    time_elapsed         | 3667      |
|    total_timesteps      | 577536    |
| train/                  |           |
|    approx_kl            | 0.3890428 |
|    clip_fraction        | 0.734     |
|    clip_range           | 0.2       |
|    entropy_loss         | -5.86     |
|    explained_variance   | 0.769     |
|    learning_rate        | 0.0003    |
|    loss                 | 1.82      |
|    n_updates            | 2810      |
|    policy_gradient_loss | -0.00575  |
|    std                  | 0.397     |
|    value_loss           | 3.33      |
---------------------------------------
----------------------------------------
| rollout/                |            |
|    ep_len_mean          | 10.3       |
|    ep_rew_mean          | -39.1      |
| time/                   |            |
|    fps                  | 20         |
|    iterations           | 38         |
|    time_elapsed         | 3786       |
|    total_timesteps      | 579584     |
| train/                  |            |
|    approx_kl            | 0.23461804 |
|    clip_fraction        | 0.772      |
|    clip_range           | 0.2        |
|    entropy_loss         | -5.87      |
|    explained_variance   | 0.853      |
|    learning_rate        | 0.0003     |
|    loss                 | 26.2       |
|    n_updates            | 2820       |
|    policy_gradient_loss | 0.0304     |
|    std                  | 0.397      |
|    value_loss           | 101        |
----------------------------------------
-----------------------------------------
| rollout/                |             |
|    ep_len_mean          | 11.1        |
|    ep_rew_mean          | -49.5       |
| time/                   |             |
|    fps                  | 20          |
|    iterations           | 39          |
|    time_elapsed         | 3891        |
|    total_timesteps      | 581632      |
| train/                  |             |
|    approx_kl            | 0.014936427 |
|    clip_fraction        | 0.172       |
|    clip_range           | 0.2         |
|    entropy_loss         | -5.87       |
|    explained_variance   | 0.771       |
|    learning_rate        | 0.0003      |
|    loss                 | 121         |
|    n_updates            | 2830        |
|    policy_gradient_loss | -0.027      |
|    std                  | 0.397       |
|    value_loss           | 255         |
-----------------------------------------
-----------------------------------------
| rollout/                |             |
|    ep_len_mean          | 13.9        |
|    ep_rew_mean          | -68.4       |
| time/                   |             |
|    fps                  | 20          |
|    iterations           | 40          |
|    time_elapsed         | 3993        |
|    total_timesteps      | 583680      |
| train/                  |             |
|    approx_kl            | 0.015996404 |
|    clip_fraction        | 0.177       |
|    clip_range           | 0.2         |
|    entropy_loss         | -5.87       |
|    explained_variance   | 0.862       |
|    learning_rate        | 0.0003      |
|    loss                 | 79.2        |
|    n_updates            | 2840        |
|    policy_gradient_loss | -0.0331     |
|    std                  | 0.397       |
|    value_loss           | 262         |
-----------------------------------------
-----------------------------------------
| rollout/                |             |
|    ep_len_mean          | 12.7        |
|    ep_rew_mean          | -90.6       |
| time/                   |             |
|    fps                  | 20          |
|    iterations           | 41          |
|    time_elapsed         | 4089        |
|    total_timesteps      | 585728      |
| train/                  |             |
|    approx_kl            | 0.020221913 |
|    clip_fraction        | 0.222       |
|    clip_range           | 0.2         |
|    entropy_loss         | -5.87       |
|    explained_variance   | 0.811       |
|    learning_rate        | 0.0003      |
|    loss                 | 44.9        |
|    n_updates            | 2850        |
|    policy_gradient_loss | -0.0476     |
|    std                  | 0.397       |
|    value_loss           | 150         |
-----------------------------------------
-----------------------------------------
| rollout/                |             |
|    ep_len_mean          | 11.9        |
|    ep_rew_mean          | -57.4       |
| time/                   |             |
|    fps                  | 20          |
|    iterations           | 42          |
|    time_elapsed         | 4201        |
|    total_timesteps      | 587776      |
| train/                  |             |
|    approx_kl            | 0.016301118 |
|    clip_fraction        | 0.17        |
|    clip_range           | 0.2         |
|    entropy_loss         | -5.87       |
|    explained_variance   | 0.798       |
|    learning_rate        | 0.0003      |
|    loss                 | 76.6        |
|    n_updates            | 2860        |
|    policy_gradient_loss | -0.0365     |
|    std                  | 0.397       |
|    value_loss           | 301         |
-----------------------------------------
-----------------------------------------
| rollout/                |             |
|    ep_len_mean          | 21.4        |
|    ep_rew_mean          | -126        |
| time/                   |             |
|    fps                  | 20          |
|    iterations           | 43          |
|    time_elapsed         | 4317        |
|    total_timesteps      | 589824      |
| train/                  |             |
|    approx_kl            | 0.016137555 |
|    clip_fraction        | 0.201       |
|    clip_range           | 0.2         |
|    entropy_loss         | -5.87       |
|    explained_variance   | 0.735       |
|    learning_rate        | 0.0003      |
|    loss                 | 28.5        |
|    n_updates            | 2870        |
|    policy_gradient_loss | -0.0411     |
|    std                  | 0.397       |
|    value_loss           | 120         |
-----------------------------------------
-----------------------------------------
| rollout/                |             |
|    ep_len_mean          | 12.8        |
|    ep_rew_mean          | -62.1       |
| time/                   |             |
|    fps                  | 20          |
|    iterations           | 44          |
|    time_elapsed         | 4413        |
|    total_timesteps      | 591872      |
| train/                  |             |
|    approx_kl            | 0.014105763 |
|    clip_fraction        | 0.149       |
|    clip_range           | 0.2         |
|    entropy_loss         | -5.87       |
|    explained_variance   | 0.583       |
|    learning_rate        | 0.0003      |
|    loss                 | 163         |
|    n_updates            | 2880        |
|    policy_gradient_loss | -0.0418     |
|    std                  | 0.397       |
|    value_loss           | 531         |
-----------------------------------------
-----------------------------------------
| rollout/                |             |
|    ep_len_mean          | 10.7        |
|    ep_rew_mean          | -53.3       |
| time/                   |             |
|    fps                  | 20          |
|    iterations           | 45          |
|    time_elapsed         | 4512        |
|    total_timesteps      | 593920      |
| train/                  |             |
|    approx_kl            | 0.016727095 |
|    clip_fraction        | 0.177       |
|    clip_range           | 0.2         |
|    entropy_loss         | -5.87       |
|    explained_variance   | 0.844       |
|    learning_rate        | 0.0003      |
|    loss                 | 147         |
|    n_updates            | 2890        |
|    policy_gradient_loss | -0.0464     |
|    std                  | 0.397       |
|    value_loss           | 350         |
-----------------------------------------
-----------------------------------------
| rollout/                |             |
|    ep_len_mean          | 10.1        |
|    ep_rew_mean          | -40.4       |
| time/                   |             |
|    fps                  | 20          |
|    iterations           | 46          |
|    time_elapsed         | 4647        |
|    total_timesteps      | 595968      |
| train/                  |             |
|    approx_kl            | 0.028288506 |
|    clip_fraction        | 0.245       |
|    clip_range           | 0.2         |
|    entropy_loss         | -5.87       |
|    explained_variance   | 0.762       |
|    learning_rate        | 0.0003      |
|    loss                 | 30.3        |
|    n_updates            | 2900        |
|    policy_gradient_loss | -0.0488     |
|    std                  | 0.397       |
|    value_loss           | 96.6        |
-----------------------------------------
-----------------------------------------
| rollout/                |             |
|    ep_len_mean          | 14.7        |
|    ep_rew_mean          | -72.6       |
| time/                   |             |
|    fps                  | 20          |
|    iterations           | 47          |
|    time_elapsed         | 4759        |
|    total_timesteps      | 598016      |
| train/                  |             |
|    approx_kl            | 0.031280033 |
|    clip_fraction        | 0.257       |
|    clip_range           | 0.2         |
|    entropy_loss         | -5.86       |
|    explained_variance   | 0.883       |
|    learning_rate        | 0.0003      |
|    loss                 | 24.6        |
|    n_updates            | 2910        |
|    policy_gradient_loss | -0.0486     |
|    std                  | 0.397       |
|    value_loss           | 60.9        |
-----------------------------------------
-----------------------------------------
| rollout/                |             |
|    ep_len_mean          | 12.1        |
|    ep_rew_mean          | -60.6       |
| time/                   |             |
|    fps                  | 20          |
|    iterations           | 48          |
|    time_elapsed         | 4871        |
|    total_timesteps      | 600064      |
| train/                  |             |
|    approx_kl            | 0.018216986 |
|    clip_fraction        | 0.195       |
|    clip_range           | 0.2         |
|    entropy_loss         | -5.85       |
|    explained_variance   | 0.799       |
|    learning_rate        | 0.0003      |
|    loss                 | 43.2        |
|    n_updates            | 2920        |
|    policy_gradient_loss | -0.0471     |
|    std                  | 0.397       |
|    value_loss           | 189         |
-----------------------------------------
-----------------------------------------
| rollout/                |             |
|    ep_len_mean          | 21.5        |
|    ep_rew_mean          | -129        |
| time/                   |             |
|    fps                  | 20          |
|    iterations           | 49          |
|    time_elapsed         | 4978        |
|    total_timesteps      | 602112      |
| train/                  |             |
|    approx_kl            | 0.017481169 |
|    clip_fraction        | 0.184       |
|    clip_range           | 0.2         |
|    entropy_loss         | -5.85       |
|    explained_variance   | 0.824       |
|    learning_rate        | 0.0003      |
|    loss                 | 68.2        |
|    n_updates            | 2930        |
|    policy_gradient_loss | -0.0318     |
|    std                  | 0.396       |
|    value_loss           | 172         |
-----------------------------------------
-----------------------------------------
| rollout/                |             |
|    ep_len_mean          | 11.4        |
|    ep_rew_mean          | -61.1       |
| time/                   |             |
|    fps                  | 20          |
|    iterations           | 50          |
|    time_elapsed         | 5083        |
|    total_timesteps      | 604160      |
| train/                  |             |
|    approx_kl            | 0.016478354 |
|    clip_fraction        | 0.203       |
|    clip_range           | 0.2         |
|    entropy_loss         | -5.85       |
|    explained_variance   | 0.635       |
|    learning_rate        | 0.0003      |
|    loss                 | 231         |
|    n_updates            | 2940        |
|    policy_gradient_loss | -0.0485     |
|    std                  | 0.396       |
|    value_loss           | 555         |
-----------------------------------------
-----------------------------------------
| rollout/                |             |
|    ep_len_mean          | 12.7        |
|    ep_rew_mean          | -66.9       |
| time/                   |             |
|    fps                  | 20          |
|    iterations           | 51          |
|    time_elapsed         | 5189        |
|    total_timesteps      | 606208      |
| train/                  |             |
|    approx_kl            | 0.035324074 |
|    clip_fraction        | 0.296       |
|    clip_range           | 0.2         |
|    entropy_loss         | -5.84       |
|    explained_variance   | 0.839       |
|    learning_rate        | 0.0003      |
|    loss                 | 23.8        |
|    n_updates            | 2950        |
|    policy_gradient_loss | -0.0543     |
|    std                  | 0.396       |
|    value_loss           | 106         |
-----------------------------------------
-----------------------------------------
| rollout/                |             |
|    ep_len_mean          | 13.2        |
|    ep_rew_mean          | -75.8       |
| time/                   |             |
|    fps                  | 20          |
|    iterations           | 52          |
|    time_elapsed         | 5277        |
|    total_timesteps      | 608256      |
| train/                  |             |
|    approx_kl            | 0.015184455 |
|    clip_fraction        | 0.192       |
|    clip_range           | 0.2         |
|    entropy_loss         | -5.84       |
|    explained_variance   | 0.842       |
|    learning_rate        | 0.0003      |
|    loss                 | 208         |
|    n_updates            | 2960        |
|    policy_gradient_loss | -0.0396     |
|    std                  | 0.396       |
|    value_loss           | 591         |
-----------------------------------------
【checkpoint】/run/media/pma213x/0C6A8CC86A8CAFCE/Ubuntu2/CodeU/Dog1/checkpoints/yobogo_loco_jump_v1/yobogo_loco_jump_v1_610188_time_5400s.zip
-----------------------------------------
| rollout/                |             |
|    ep_len_mean          | 15.9        |
|    ep_rew_mean          | -104        |
| time/                   |             |
|    fps                  | 20          |
|    iterations           | 53          |
|    time_elapsed         | 5407        |
|    total_timesteps      | 610304      |
| train/                  |             |
|    approx_kl            | 0.019519642 |
|    clip_fraction        | 0.196       |
|    clip_range           | 0.2         |
|    entropy_loss         | -5.83       |
|    explained_variance   | 0.835       |
|    learning_rate        | 0.0003      |
|    loss                 | 60.4        |
|    n_updates            | 2970        |
|    policy_gradient_loss | -0.0452     |
|    std                  | 0.396       |
|    value_loss           | 258         |
-----------------------------------------
-----------------------------------------
| rollout/                |             |
|    ep_len_mean          | 14.2        |
|    ep_rew_mean          | -91.4       |
| time/                   |             |
|    fps                  | 19          |
|    iterations           | 54          |
|    time_elapsed         | 5533        |
|    total_timesteps      | 612352      |
| train/                  |             |
|    approx_kl            | 0.013293592 |
|    clip_fraction        | 0.142       |
|    clip_range           | 0.2         |
|    entropy_loss         | -5.83       |
|    explained_variance   | 0.743       |
|    learning_rate        | 0.0003      |
|    loss                 | 163         |
|    n_updates            | 2980        |
|    policy_gradient_loss | -0.0391     |
|    std                  | 0.396       |
|    value_loss           | 508         |
-----------------------------------------
-----------------------------------------
| rollout/                |             |
|    ep_len_mean          | 13.9        |
|    ep_rew_mean          | -106        |
| time/                   |             |
|    fps                  | 19          |
|    iterations           | 55          |
|    time_elapsed         | 5649        |
|    total_timesteps      | 614400      |
| train/                  |             |
|    approx_kl            | 0.017638665 |
|    clip_fraction        | 0.204       |
|    clip_range           | 0.2         |
|    entropy_loss         | -5.83       |
|    explained_variance   | 0.82        |
|    learning_rate        | 0.0003      |
|    loss                 | 87.7        |
|    n_updates            | 2990        |
|    policy_gradient_loss | -0.045      |
|    std                  | 0.396       |
|    value_loss           | 290         |
-----------------------------------------
-----------------------------------------
| rollout/                |             |
|    ep_len_mean          | 9.96        |
|    ep_rew_mean          | -38.1       |
| time/                   |             |
|    fps                  | 19          |
|    iterations           | 56          |
|    time_elapsed         | 5757        |
|    total_timesteps      | 616448      |
| train/                  |             |
|    approx_kl            | 0.027710043 |
|    clip_fraction        | 0.281       |
|    clip_range           | 0.2         |
|    entropy_loss         | -5.83       |
|    explained_variance   | 0.824       |
|    learning_rate        | 0.0003      |
|    loss                 | 31.9        |
|    n_updates            | 3000        |
|    policy_gradient_loss | -0.0465     |
|    std                  | 0.396       |
|    value_loss           | 152         |
-----------------------------------------
----------------------------------------
| rollout/                |            |
|    ep_len_mean          | 18.3       |
|    ep_rew_mean          | -104       |
| time/                   |            |
|    fps                  | 19         |
|    iterations           | 57         |
|    time_elapsed         | 5865       |
|    total_timesteps      | 618496     |
| train/                  |            |
|    approx_kl            | 0.14452095 |
|    clip_fraction        | 0.463      |
|    clip_range           | 0.2        |
|    entropy_loss         | -5.81      |
|    explained_variance   | 0.88       |
|    learning_rate        | 0.0003     |
|    loss                 | 3.33       |
|    n_updates            | 3010       |
|    policy_gradient_loss | -0.0417    |
|    std                  | 0.395      |
|    value_loss           | 24.5       |
----------------------------------------
-----------------------------------------
| rollout/                |             |
|    ep_len_mean          | 20.6        |
|    ep_rew_mean          | -146        |
| time/                   |             |
|    fps                  | 19          |
|    iterations           | 58          |
|    time_elapsed         | 5974        |
|    total_timesteps      | 620544      |
| train/                  |             |
|    approx_kl            | 0.024542931 |
|    clip_fraction        | 0.433       |
|    clip_range           | 0.2         |
|    entropy_loss         | -5.81       |
|    explained_variance   | 0.694       |
|    learning_rate        | 0.0003      |
|    loss                 | 162         |
|    n_updates            | 3020        |
|    policy_gradient_loss | -0.0293     |
|    std                  | 0.395       |
|    value_loss           | 546         |
-----------------------------------------
-----------------------------------------
| rollout/                |             |
|    ep_len_mean          | 11.7        |
|    ep_rew_mean          | -69.7       |
| time/                   |             |
|    fps                  | 19          |
|    iterations           | 59          |
|    time_elapsed         | 6081        |
|    total_timesteps      | 622592      |
| train/                  |             |
|    approx_kl            | 0.015005793 |
|    clip_fraction        | 0.165       |
|    clip_range           | 0.2         |
|    entropy_loss         | -5.81       |
|    explained_variance   | 0.787       |
|    learning_rate        | 0.0003      |
|    loss                 | 171         |
|    n_updates            | 3030        |
|    policy_gradient_loss | -0.0466     |
|    std                  | 0.395       |
|    value_loss           | 666         |
-----------------------------------------
-----------------------------------------
| rollout/                |             |
|    ep_len_mean          | 10.9        |
|    ep_rew_mean          | -60         |
| time/                   |             |
|    fps                  | 19          |
|    iterations           | 60          |
|    time_elapsed         | 6189        |
|    total_timesteps      | 624640      |
| train/                  |             |
|    approx_kl            | 0.024567803 |
|    clip_fraction        | 0.231       |
|    clip_range           | 0.2         |
|    entropy_loss         | -5.8        |
|    explained_variance   | 0.811       |
|    learning_rate        | 0.0003      |
|    loss                 | 38.4        |
|    n_updates            | 3040        |
|    policy_gradient_loss | -0.0534     |
|    std                  | 0.395       |
|    value_loss           | 184         |
-----------------------------------------
-----------------------------------------
| rollout/                |             |
|    ep_len_mean          | 10          |
|    ep_rew_mean          | -40         |
| time/                   |             |
|    fps                  | 19          |
|    iterations           | 61          |
|    time_elapsed         | 6297        |
|    total_timesteps      | 626688      |
| train/                  |             |
|    approx_kl            | 0.057237316 |
|    clip_fraction        | 0.304       |
|    clip_range           | 0.2         |
|    entropy_loss         | -5.79       |
|    explained_variance   | 0.866       |
|    learning_rate        | 0.0003      |
|    loss                 | 21.8        |
|    n_updates            | 3050        |
|    policy_gradient_loss | -0.032      |
|    std                  | 0.395       |
|    value_loss           | 68.3        |
-----------------------------------------
-----------------------------------------
| rollout/                |             |
|    ep_len_mean          | 11.7        |
|    ep_rew_mean          | -77.3       |
| time/                   |             |
|    fps                  | 19          |
|    iterations           | 62          |
|    time_elapsed         | 6405        |
|    total_timesteps      | 628736      |
| train/                  |             |
|    approx_kl            | 0.032054417 |
|    clip_fraction        | 0.336       |
|    clip_range           | 0.2         |
|    entropy_loss         | -5.79       |
|    explained_variance   | 0.905       |
|    learning_rate        | 0.0003      |
|    loss                 | 49.1        |
|    n_updates            | 3060        |
|    policy_gradient_loss | -0.0473     |
|    std                  | 0.395       |
|    value_loss           | 101         |
-----------------------------------------
---------------------------------------
| rollout/                |           |
|    ep_len_mean          | 12.2      |
|    ep_rew_mean          | -59.1     |
| time/                   |           |
|    fps                  | 19        |
|    iterations           | 63        |
|    time_elapsed         | 6515      |
|    total_timesteps      | 630784    |
| train/                  |           |
|    approx_kl            | 0.1271682 |
|    clip_fraction        | 0.521     |
|    clip_range           | 0.2       |
|    entropy_loss         | -5.8      |
|    explained_variance   | 0.908     |
|    learning_rate        | 0.0003    |
|    loss                 | 19.8      |
|    n_updates            | 3070      |
|    policy_gradient_loss | -0.0288   |
|    std                  | 0.395     |
|    value_loss           | 40.8      |
---------------------------------------
-----------------------------------------
| rollout/                |             |
|    ep_len_mean          | 13          |
|    ep_rew_mean          | -61.2       |
| time/                   |             |
|    fps                  | 19          |
|    iterations           | 64          |
|    time_elapsed         | 6624        |
|    total_timesteps      | 632832      |
| train/                  |             |
|    approx_kl            | 0.023134867 |
|    clip_fraction        | 0.454       |
|    clip_range           | 0.2         |
|    entropy_loss         | -5.81       |
|    explained_variance   | 0.727       |
|    learning_rate        | 0.0003      |
|    loss                 | 101         |
|    n_updates            | 3080        |
|    policy_gradient_loss | -0.0233     |
|    std                  | 0.395       |
|    value_loss           | 413         |
-----------------------------------------
----------------------------------------
| rollout/                |            |
|    ep_len_mean          | 10.4       |
|    ep_rew_mean          | -44.9      |
| time/                   |            |
|    fps                  | 19         |
|    iterations           | 65         |
|    time_elapsed         | 6733       |
|    total_timesteps      | 634880     |
| train/                  |            |
|    approx_kl            | 0.01743531 |
|    clip_fraction        | 0.174      |
|    clip_range           | 0.2        |
|    entropy_loss         | -5.81      |
|    explained_variance   | 0.803      |
|    learning_rate        | 0.0003     |
|    loss                 | 218        |
|    n_updates            | 3090       |
|    policy_gradient_loss | -0.046     |
|    std                  | 0.395      |
|    value_loss           | 605        |
----------------------------------------
----------------------------------------
| rollout/                |            |
|    ep_len_mean          | 10.5       |
|    ep_rew_mean          | -45.5      |
| time/                   |            |
|    fps                  | 19         |
|    iterations           | 66         |
|    time_elapsed         | 6843       |
|    total_timesteps      | 636928     |
| train/                  |            |
|    approx_kl            | 0.08790465 |
|    clip_fraction        | 0.414      |
|    clip_range           | 0.2        |
|    entropy_loss         | -5.8       |
|    explained_variance   | 0.823      |
|    learning_rate        | 0.0003     |
|    loss                 | 17.4       |
|    n_updates            | 3100       |
|    policy_gradient_loss | -0.0366    |
|    std                  | 0.395      |
|    value_loss           | 48.8       |
----------------------------------------
-----------------------------------------
| rollout/                |             |
|    ep_len_mean          | 13.6        |
|    ep_rew_mean          | -74.1       |
| time/                   |             |
|    fps                  | 19          |
|    iterations           | 67          |
|    time_elapsed         | 6951        |
|    total_timesteps      | 638976      |
| train/                  |             |
|    approx_kl            | 0.039523605 |
|    clip_fraction        | 0.4         |
|    clip_range           | 0.2         |
|    entropy_loss         | -5.8        |
|    explained_variance   | 0.897       |
|    learning_rate        | 0.0003      |
|    loss                 | 19.2        |
|    n_updates            | 3110        |
|    policy_gradient_loss | -0.0369     |
|    std                  | 0.395       |
|    value_loss           | 86.8        |
-----------------------------------------
----------------------------------------
| rollout/                |            |
|    ep_len_mean          | 11.4       |
|    ep_rew_mean          | -59        |
| time/                   |            |
|    fps                  | 19         |
|    iterations           | 68         |
|    time_elapsed         | 7060       |
|    total_timesteps      | 641024     |
| train/                  |            |
|    approx_kl            | 0.02233417 |
|    clip_fraction        | 0.243      |
|    clip_range           | 0.2        |
|    entropy_loss         | -5.79      |
|    explained_variance   | 0.734      |
|    learning_rate        | 0.0003     |
|    loss                 | 68         |
|    n_updates            | 3120       |
|    policy_gradient_loss | -0.0539    |
|    std                  | 0.394      |
|    value_loss           | 339        |
----------------------------------------
-----------------------------------------
| rollout/                |             |
|    ep_len_mean          | 10.9        |
|    ep_rew_mean          | -47.7       |
| time/                   |             |
|    fps                  | 19          |
|    iterations           | 69          |
|    time_elapsed         | 7157        |
|    total_timesteps      | 643072      |
| train/                  |             |
|    approx_kl            | 0.029298678 |
|    clip_fraction        | 0.291       |
|    clip_range           | 0.2         |
|    entropy_loss         | -5.77       |
|    explained_variance   | 0.907       |
|    learning_rate        | 0.0003      |
|    loss                 | 21.3        |
|    n_updates            | 3130        |
|    policy_gradient_loss | -0.0506     |
|    std                  | 0.394       |
|    value_loss           | 120         |
-----------------------------------------
【checkpoint】/run/media/pma213x/0C6A8CC86A8CAFCE/Ubuntu2/CodeU/Dog1/checkpoints/yobogo_loco_jump_v1/yobogo_loco_jump_v1_644087_time_7200s.zip
-----------------------------------------
| rollout/                |             |
|    ep_len_mean          | 11.1        |
|    ep_rew_mean          | -59.5       |
| time/                   |             |
|    fps                  | 19          |
|    iterations           | 70          |
|    time_elapsed         | 7242        |
|    total_timesteps      | 645120      |
| train/                  |             |
|    approx_kl            | 0.021222005 |
|    clip_fraction        | 0.238       |
|    clip_range           | 0.2         |
|    entropy_loss         | -5.76       |
|    explained_variance   | 0.815       |
|    learning_rate        | 0.0003      |
|    loss                 | 80.8        |
|    n_updates            | 3140        |
|    policy_gradient_loss | -0.0499     |
|    std                  | 0.394       |
|    value_loss           | 350         |
-----------------------------------------
-----------------------------------------
| rollout/                |             |
|    ep_len_mean          | 11.1        |
|    ep_rew_mean          | -49.1       |
| time/                   |             |
|    fps                  | 19          |
|    iterations           | 71          |
|    time_elapsed         | 7328        |
|    total_timesteps      | 647168      |
| train/                  |             |
|    approx_kl            | 0.053835437 |
|    clip_fraction        | 0.382       |
|    clip_range           | 0.2         |
|    entropy_loss         | -5.76       |
|    explained_variance   | 0.869       |
|    learning_rate        | 0.0003      |
|    loss                 | 13.6        |
|    n_updates            | 3150        |
|    policy_gradient_loss | -0.0487     |
|    std                  | 0.394       |
|    value_loss           | 86.9        |
-----------------------------------------
-----------------------------------------
| rollout/                |             |
|    ep_len_mean          | 12.7        |
|    ep_rew_mean          | -71.3       |
| time/                   |             |
|    fps                  | 19          |
|    iterations           | 72          |
|    time_elapsed         | 7418        |
|    total_timesteps      | 649216      |
| train/                  |             |
|    approx_kl            | 0.056863688 |
|    clip_fraction        | 0.4         |
|    clip_range           | 0.2         |
|    entropy_loss         | -5.76       |
|    explained_variance   | 0.916       |
|    learning_rate        | 0.0003      |
|    loss                 | 11.4        |
|    n_updates            | 3160        |
|    policy_gradient_loss | -0.0436     |
|    std                  | 0.393       |
|    value_loss           | 64.5        |
-----------------------------------------
-----------------------------------------
| rollout/                |             |
|    ep_len_mean          | 10.5        |
|    ep_rew_mean          | -51.5       |
| time/                   |             |
|    fps                  | 19          |
|    iterations           | 73          |
|    time_elapsed         | 7505        |
|    total_timesteps      | 651264      |
| train/                  |             |
|    approx_kl            | 0.041885808 |
|    clip_fraction        | 0.341       |
|    clip_range           | 0.2         |
|    entropy_loss         | -5.75       |
|    explained_variance   | 0.863       |
|    learning_rate        | 0.0003      |
|    loss                 | 33.7        |
|    n_updates            | 3170        |
|    policy_gradient_loss | -0.0502     |
|    std                  | 0.393       |
|    value_loss           | 117         |
-----------------------------------------
-----------------------------------------
| rollout/                |             |
|    ep_len_mean          | 10.8        |
|    ep_rew_mean          | -46.4       |
| time/                   |             |
|    fps                  | 19          |
|    iterations           | 74          |
|    time_elapsed         | 7590        |
|    total_timesteps      | 653312      |
| train/                  |             |
|    approx_kl            | 0.024917912 |
|    clip_fraction        | 0.303       |
|    clip_range           | 0.2         |
|    entropy_loss         | -5.75       |
|    explained_variance   | 0.866       |
|    learning_rate        | 0.0003      |
|    loss                 | 143         |
|    n_updates            | 3180        |
|    policy_gradient_loss | -0.034      |
|    std                  | 0.393       |
|    value_loss           | 247         |
-----------------------------------------
-----------------------------------------
| rollout/                |             |
|    ep_len_mean          | 9.75        |
|    ep_rew_mean          | -37.4       |
| time/                   |             |
|    fps                  | 20          |
|    iterations           | 75          |
|    time_elapsed         | 7675        |
|    total_timesteps      | 655360      |
| train/                  |             |
|    approx_kl            | 0.033407338 |
|    clip_fraction        | 0.313       |
|    clip_range           | 0.2         |
|    entropy_loss         | -5.74       |
|    explained_variance   | 0.932       |
|    learning_rate        | 0.0003      |
|    loss                 | 59.3        |
|    n_updates            | 3190        |
|    policy_gradient_loss | -0.0481     |
|    std                  | 0.393       |
|    value_loss           | 172         |
-----------------------------------------
----------------------------------------
| rollout/                |            |
|    ep_len_mean          | 9.66       |
|    ep_rew_mean          | -36.7      |
| time/                   |            |
|    fps                  | 20         |
|    iterations           | 76         |
|    time_elapsed         | 7761       |
|    total_timesteps      | 657408     |
| train/                  |            |
|    approx_kl            | 0.06448842 |
|    clip_fraction        | 0.368      |
|    clip_range           | 0.2        |
|    entropy_loss         | -5.72      |
|    explained_variance   | 0.81       |
|    learning_rate        | 0.0003     |
|    loss                 | 15.5       |
|    n_updates            | 3200       |
|    policy_gradient_loss | -0.0447    |
|    std                  | 0.392      |
|    value_loss           | 80.5       |
----------------------------------------
----------------------------------------
| rollout/                |            |
|    ep_len_mean          | 13.4       |
|    ep_rew_mean          | -62.9      |
| time/                   |            |
|    fps                  | 20         |
|    iterations           | 77         |
|    time_elapsed         | 7846       |
|    total_timesteps      | 659456     |
| train/                  |            |
|    approx_kl            | 0.53619385 |
|    clip_fraction        | 0.723      |
|    clip_range           | 0.2        |
|    entropy_loss         | -5.72      |
|    explained_variance   | 0.934      |
|    learning_rate        | 0.0003     |
|    loss                 | 2.27       |
|    n_updates            | 3210       |
|    policy_gradient_loss | -0.0103    |
|    std                  | 0.393      |
|    value_loss           | 11.2       |
----------------------------------------
-----------------------------------------
| rollout/                |             |
|    ep_len_mean          | 12.8        |
|    ep_rew_mean          | -60.7       |
| time/                   |             |
|    fps                  | 20          |
|    iterations           | 78          |
|    time_elapsed         | 7931        |
|    total_timesteps      | 661504      |
| train/                  |             |
|    approx_kl            | 0.034259096 |
|    clip_fraction        | 0.501       |
|    clip_range           | 0.2         |
|    entropy_loss         | -5.75       |
|    explained_variance   | 0.796       |
|    learning_rate        | 0.0003      |
|    loss                 | 120         |
|    n_updates            | 3220        |
|    policy_gradient_loss | -0.0355     |
|    std                  | 0.393       |
|    value_loss           | 307         |
-----------------------------------------
-----------------------------------------
| rollout/                |             |
|    ep_len_mean          | 14          |
|    ep_rew_mean          | -71.1       |
| time/                   |             |
|    fps                  | 20          |
|    iterations           | 79          |
|    time_elapsed         | 8015        |
|    total_timesteps      | 663552      |
| train/                  |             |
|    approx_kl            | 0.018460104 |
|    clip_fraction        | 0.224       |
|    clip_range           | 0.2         |
|    entropy_loss         | -5.74       |
|    explained_variance   | 0.838       |
|    learning_rate        | 0.0003      |
|    loss                 | 167         |
|    n_updates            | 3230        |
|    policy_gradient_loss | -0.0471     |
|    std                  | 0.393       |
|    value_loss           | 436         |
-----------------------------------------
----------------------------------------
| rollout/                |            |
|    ep_len_mean          | 13.7       |
|    ep_rew_mean          | -75.9      |
| time/                   |            |
|    fps                  | 20         |
|    iterations           | 80         |
|    time_elapsed         | 8099       |
|    total_timesteps      | 665600     |
| train/                  |            |
|    approx_kl            | 0.02263751 |
|    clip_fraction        | 0.249      |
|    clip_range           | 0.2        |
|    entropy_loss         | -5.74      |
|    explained_variance   | 0.768      |
|    learning_rate        | 0.0003     |
|    loss                 | 102        |
|    n_updates            | 3240       |
|    policy_gradient_loss | -0.0564    |
|    std                  | 0.393      |
|    value_loss           | 475        |
----------------------------------------
-----------------------------------------
| rollout/                |             |
|    ep_len_mean          | 13          |
|    ep_rew_mean          | -58.5       |
| time/                   |             |
|    fps                  | 20          |
|    iterations           | 81          |
|    time_elapsed         | 8184        |
|    total_timesteps      | 667648      |
| train/                  |             |
|    approx_kl            | 0.026317656 |
|    clip_fraction        | 0.29        |
|    clip_range           | 0.2         |
|    entropy_loss         | -5.74       |
|    explained_variance   | 0.803       |
|    learning_rate        | 0.0003      |
|    loss                 | 108         |
|    n_updates            | 3250        |
|    policy_gradient_loss | -0.0538     |
|    std                  | 0.393       |
|    value_loss           | 330         |
-----------------------------------------
-----------------------------------------
| rollout/                |             |
|    ep_len_mean          | 19.7        |
|    ep_rew_mean          | -116        |
| time/                   |             |
|    fps                  | 20          |
|    iterations           | 82          |
|    time_elapsed         | 8267        |
|    total_timesteps      | 669696      |
| train/                  |             |
|    approx_kl            | 0.032838635 |
|    clip_fraction        | 0.311       |
|    clip_range           | 0.2         |
|    entropy_loss         | -5.73       |
|    explained_variance   | 0.847       |
|    learning_rate        | 0.0003      |
|    loss                 | 57.5        |
|    n_updates            | 3260        |
|    policy_gradient_loss | -0.0566     |
|    std                  | 0.392       |
|    value_loss           | 162         |
-----------------------------------------
-----------------------------------------
| rollout/                |             |
|    ep_len_mean          | 12.2        |
|    ep_rew_mean          | -58.8       |
| time/                   |             |
|    fps                  | 20          |
|    iterations           | 83          |
|    time_elapsed         | 8351        |
|    total_timesteps      | 671744      |
| train/                  |             |
|    approx_kl            | 0.020458426 |
|    clip_fraction        | 0.247       |
|    clip_range           | 0.2         |
|    entropy_loss         | -5.73       |
|    explained_variance   | 0.734       |
|    learning_rate        | 0.0003      |
|    loss                 | 172         |
|    n_updates            | 3270        |
|    policy_gradient_loss | -0.0522     |
|    std                  | 0.392       |
|    value_loss           | 557         |
-----------------------------------------
-----------------------------------------
| rollout/                |             |
|    ep_len_mean          | 12          |
|    ep_rew_mean          | -58.3       |
| time/                   |             |
|    fps                  | 20          |
|    iterations           | 84          |
|    time_elapsed         | 8438        |
|    total_timesteps      | 673792      |
| train/                  |             |
|    approx_kl            | 0.028948784 |
|    clip_fraction        | 0.269       |
|    clip_range           | 0.2         |
|    entropy_loss         | -5.72       |
|    explained_variance   | 0.865       |
|    learning_rate        | 0.0003      |
|    loss                 | 53.9        |
|    n_updates            | 3280        |
|    policy_gradient_loss | -0.0502     |
|    std                  | 0.392       |
|    value_loss           | 248         |
-----------------------------------------
-----------------------------------------
| rollout/                |             |
|    ep_len_mean          | 15.4        |
|    ep_rew_mean          | -93.1       |
| time/                   |             |
|    fps                  | 20          |
|    iterations           | 85          |
|    time_elapsed         | 8523        |
|    total_timesteps      | 675840      |
| train/                  |             |
|    approx_kl            | 0.029850677 |
|    clip_fraction        | 0.318       |
|    clip_range           | 0.2         |
|    entropy_loss         | -5.72       |
|    explained_variance   | 0.881       |
|    learning_rate        | 0.0003      |
|    loss                 | 76.2        |
|    n_updates            | 3290        |
|    policy_gradient_loss | -0.0435     |
|    std                  | 0.392       |
|    value_loss           | 232         |
-----------------------------------------
-----------------------------------------
| rollout/                |             |
|    ep_len_mean          | 9.94        |
|    ep_rew_mean          | -38.1       |
| time/                   |             |
|    fps                  | 20          |
|    iterations           | 86          |
|    time_elapsed         | 8609        |
|    total_timesteps      | 677888      |
| train/                  |             |
|    approx_kl            | 0.024042882 |
|    clip_fraction        | 0.286       |
|    clip_range           | 0.2         |
|    entropy_loss         | -5.7        |
|    explained_variance   | 0.677       |
|    learning_rate        | 0.0003      |
|    loss                 | 150         |
|    n_updates            | 3300        |
|    policy_gradient_loss | -0.0497     |
|    std                  | 0.391       |
|    value_loss           | 497         |
-----------------------------------------
-----------------------------------------
| rollout/                |             |
|    ep_len_mean          | 15.3        |
|    ep_rew_mean          | -87.8       |
| time/                   |             |
|    fps                  | 20          |
|    iterations           | 87          |
|    time_elapsed         | 8694        |
|    total_timesteps      | 679936      |
| train/                  |             |
|    approx_kl            | 0.098122396 |
|    clip_fraction        | 0.446       |
|    clip_range           | 0.2         |
|    entropy_loss         | -5.67       |
|    explained_variance   | 0.759       |
|    learning_rate        | 0.0003      |
|    loss                 | 14.3        |
|    n_updates            | 3310        |
|    policy_gradient_loss | -0.0531     |
|    std                  | 0.39        |
|    value_loss           | 63.2        |
-----------------------------------------
-----------------------------------------
| rollout/                |             |
|    ep_len_mean          | 12.9        |
|    ep_rew_mean          | -72.5       |
| time/                   |             |
|    fps                  | 20          |
|    iterations           | 88          |
|    time_elapsed         | 8780        |
|    total_timesteps      | 681984      |
| train/                  |             |
|    approx_kl            | 0.025272802 |
|    clip_fraction        | 0.346       |
|    clip_range           | 0.2         |
|    entropy_loss         | -5.65       |
|    explained_variance   | 0.8         |
|    learning_rate        | 0.0003      |
|    loss                 | 72.2        |
|    n_updates            | 3320        |
|    policy_gradient_loss | -0.0456     |
|    std                  | 0.39        |
|    value_loss           | 329         |
-----------------------------------------
----------------------------------------
| rollout/                |            |
|    ep_len_mean          | 12.1       |
|    ep_rew_mean          | -56.8      |
| time/                   |            |
|    fps                  | 20         |
|    iterations           | 89         |
|    time_elapsed         | 8868       |
|    total_timesteps      | 684032     |
| train/                  |            |
|    approx_kl            | 0.02844078 |
|    clip_fraction        | 0.27       |
|    clip_range           | 0.2        |
|    entropy_loss         | -5.65      |
|    explained_variance   | 0.805      |
|    learning_rate        | 0.0003     |
|    loss                 | 98.8       |
|    n_updates            | 3330       |
|    policy_gradient_loss | -0.0462    |
|    std                  | 0.39       |
|    value_loss           | 352        |
----------------------------------------
----------------------------------------
| rollout/                |            |
|    ep_len_mean          | 11.3       |
|    ep_rew_mean          | -50.1      |
| time/                   |            |
|    fps                  | 20         |
|    iterations           | 90         |
|    time_elapsed         | 8954       |
|    total_timesteps      | 686080     |
| train/                  |            |
|    approx_kl            | 0.02964863 |
|    clip_fraction        | 0.331      |
|    clip_range           | 0.2        |
|    entropy_loss         | -5.65      |
|    explained_variance   | 0.781      |
|    learning_rate        | 0.0003     |
|    loss                 | 73.5       |
|    n_updates            | 3340       |
|    policy_gradient_loss | -0.0542    |
|    std                  | 0.39       |
|    value_loss           | 267        |
----------------------------------------
【checkpoint】/run/media/pma213x/0C6A8CC86A8CAFCE/Ubuntu2/CodeU/Dog1/checkpoints/yobogo_loco_jump_v1/yobogo_loco_jump_v1_687148_time_9000s.zip
----------------------------------------
| rollout/                |            |
|    ep_len_mean          | 13.8       |
|    ep_rew_mean          | -76.1      |
| time/                   |            |
|    fps                  | 20         |
|    iterations           | 91         |
|    time_elapsed         | 9040       |
|    total_timesteps      | 688128     |
| train/                  |            |
|    approx_kl            | 0.07420945 |
|    clip_fraction        | 0.454      |
|    clip_range           | 0.2        |
|    entropy_loss         | -5.65      |
|    explained_variance   | 0.882      |
|    learning_rate        | 0.0003     |
|    loss                 | 23.7       |
|    n_updates            | 3350       |
|    policy_gradient_loss | -0.0553    |
|    std                  | 0.39       |
|    value_loss           | 85.6       |
----------------------------------------
-----------------------------------------
| rollout/                |             |
|    ep_len_mean          | 11.8        |
|    ep_rew_mean          | -57.6       |
| time/                   |             |
|    fps                  | 20          |
|    iterations           | 92          |
|    time_elapsed         | 9131        |
|    total_timesteps      | 690176      |
| train/                  |             |
|    approx_kl            | 0.026840284 |
|    clip_fraction        | 0.337       |
|    clip_range           | 0.2         |
|    entropy_loss         | -5.64       |
|    explained_variance   | 0.791       |
|    learning_rate        | 0.0003      |
|    loss                 | 171         |
|    n_updates            | 3360        |
|    policy_gradient_loss | -0.0418     |
|    std                  | 0.389       |
|    value_loss           | 457         |
-----------------------------------------
-----------------------------------------
| rollout/                |             |
|    ep_len_mean          | 13.1        |
|    ep_rew_mean          | -73.9       |
| time/                   |             |
|    fps                  | 20          |
|    iterations           | 93          |
|    time_elapsed         | 9227        |
|    total_timesteps      | 692224      |
| train/                  |             |
|    approx_kl            | 0.030139467 |
|    clip_fraction        | 0.314       |
|    clip_range           | 0.2         |
|    entropy_loss         | -5.63       |
|    explained_variance   | 0.806       |
|    learning_rate        | 0.0003      |
|    loss                 | 96.4        |
|    n_updates            | 3370        |
|    policy_gradient_loss | -0.0548     |
|    std                  | 0.389       |
|    value_loss           | 361         |
-----------------------------------------
---------------------------------------
| rollout/                |           |
|    ep_len_mean          | 9.68      |
|    ep_rew_mean          | -39       |
| time/                   |           |
|    fps                  | 20        |
|    iterations           | 94        |
|    time_elapsed         | 9312      |
|    total_timesteps      | 694272    |
| train/                  |           |
|    approx_kl            | 0.0236292 |
|    clip_fraction        | 0.269     |
|    clip_range           | 0.2       |
|    entropy_loss         | -5.61     |
|    explained_variance   | 0.78      |
|    learning_rate        | 0.0003    |
|    loss                 | 166       |
|    n_updates            | 3380      |
|    policy_gradient_loss | -0.0523   |
|    std                  | 0.388     |
|    value_loss           | 490       |
---------------------------------------
-----------------------------------------
| rollout/                |             |
|    ep_len_mean          | 12.7        |
|    ep_rew_mean          | -59.8       |
| time/                   |             |
|    fps                  | 20          |
|    iterations           | 95          |
|    time_elapsed         | 9399        |
|    total_timesteps      | 696320      |
| train/                  |             |
|    approx_kl            | 0.031716086 |
|    clip_fraction        | 0.346       |
|    clip_range           | 0.2         |
|    entropy_loss         | -5.6        |
|    explained_variance   | 0.841       |
|    learning_rate        | 0.0003      |
|    loss                 | 65.3        |
|    n_updates            | 3390        |
|    policy_gradient_loss | -0.0532     |
|    std                  | 0.388       |
|    value_loss           | 239         |
-----------------------------------------
----------------------------------------
| rollout/                |            |
|    ep_len_mean          | 11         |
|    ep_rew_mean          | -53.1      |
| time/                   |            |
|    fps                  | 20         |
|    iterations           | 96         |
|    time_elapsed         | 9487       |
|    total_timesteps      | 698368     |
| train/                  |            |
|    approx_kl            | 0.05607428 |
|    clip_fraction        | 0.436      |
|    clip_range           | 0.2        |
|    entropy_loss         | -5.59      |
|    explained_variance   | 0.818      |
|    learning_rate        | 0.0003     |
|    loss                 | 75.6       |
|    n_updates            | 3400       |
|    policy_gradient_loss | -0.0564    |
|    std                  | 0.388      |
|    value_loss           | 214        |
----------------------------------------
----------------------------------------
| rollout/                |            |
|    ep_len_mean          | 10.6       |
|    ep_rew_mean          | -50.1      |
| time/                   |            |
|    fps                  | 20         |
|    iterations           | 97         |
|    time_elapsed         | 9573       |
|    total_timesteps      | 700416     |
| train/                  |            |
|    approx_kl            | 0.15800557 |
|    clip_fraction        | 0.591      |
|    clip_range           | 0.2        |
|    entropy_loss         | -5.57      |
|    explained_variance   | 0.892      |
|    learning_rate        | 0.0003     |
|    loss                 | 13.4       |
|    n_updates            | 3410       |
|    policy_gradient_loss | -0.0408    |
|    std                  | 0.387      |
|    value_loss           | 40.2       |
----------------------------------------
-----------------------------------------
| rollout/                |             |
|    ep_len_mean          | 10.1        |
|    ep_rew_mean          | -42.1       |
| time/                   |             |
|    fps                  | 20          |
|    iterations           | 98          |
|    time_elapsed         | 9660        |
|    total_timesteps      | 702464      |
| train/                  |             |
|    approx_kl            | 0.048114218 |
|    clip_fraction        | 0.44        |
|    clip_range           | 0.2         |
|    entropy_loss         | -5.55       |
|    explained_variance   | 0.882       |
|    learning_rate        | 0.0003      |
|    loss                 | 78.6        |
|    n_updates            | 3420        |
|    policy_gradient_loss | -0.0489     |
|    std                  | 0.387       |
|    value_loss           | 191         |
-----------------------------------------
---------------------------------------
| rollout/                |           |
|    ep_len_mean          | 12.5      |
|    ep_rew_mean          | -68       |
| time/                   |           |
|    fps                  | 20        |
|    iterations           | 99        |
|    time_elapsed         | 9747      |
|    total_timesteps      | 704512    |
| train/                  |           |
|    approx_kl            | 0.0494964 |
|    clip_fraction        | 0.432     |
|    clip_range           | 0.2       |
|    entropy_loss         | -5.55     |
|    explained_variance   | 0.865     |
|    learning_rate        | 0.0003    |
|    loss                 | 73.5      |
|    n_updates            | 3430      |
|    policy_gradient_loss | -0.0429   |
|    std                  | 0.386     |
|    value_loss           | 145       |
---------------------------------------
-----------------------------------------
| rollout/                |             |
|    ep_len_mean          | 12.1        |
|    ep_rew_mean          | -61.6       |
| time/                   |             |
|    fps                  | 20          |
|    iterations           | 100         |
|    time_elapsed         | 9833        |
|    total_timesteps      | 706560      |
| train/                  |             |
|    approx_kl            | 0.047846913 |
|    clip_fraction        | 0.396       |
|    clip_range           | 0.2         |
|    entropy_loss         | -5.53       |
|    explained_variance   | 0.881       |
|    learning_rate        | 0.0003      |
|    loss                 | 89.6        |
|    n_updates            | 3440        |
|    policy_gradient_loss | -0.0472     |
|    std                  | 0.386       |
|    value_loss           | 214         |
-----------------------------------------
-----------------------------------------
| rollout/                |             |
|    ep_len_mean          | 13.8        |
|    ep_rew_mean          | -78.8       |
| time/                   |             |
|    fps                  | 20          |
|    iterations           | 101         |
|    time_elapsed         | 9918        |
|    total_timesteps      | 708608      |
| train/                  |             |
|    approx_kl            | 0.029909188 |
|    clip_fraction        | 0.356       |
|    clip_range           | 0.2         |
|    entropy_loss         | -5.52       |
|    explained_variance   | 0.782       |
|    learning_rate        | 0.0003      |
|    loss                 | 88.5        |
|    n_updates            | 3450        |
|    policy_gradient_loss | -0.0489     |
|    std                  | 0.385       |
|    value_loss           | 392         |
-----------------------------------------
-----------------------------------------
| rollout/                |             |
|    ep_len_mean          | 17.4        |
|    ep_rew_mean          | -99.2       |
| time/                   |             |
|    fps                  | 20          |
|    iterations           | 102         |
|    time_elapsed         | 10005       |
|    total_timesteps      | 710656      |
| train/                  |             |
|    approx_kl            | 0.025020853 |
|    clip_fraction        | 0.283       |
|    clip_range           | 0.2         |
|    entropy_loss         | -5.52       |
|    explained_variance   | 0.775       |
|    learning_rate        | 0.0003      |
|    loss                 | 219         |
|    n_updates            | 3460        |
|    policy_gradient_loss | -0.0537     |
|    std                  | 0.386       |
|    value_loss           | 507         |
-----------------------------------------
-----------------------------------------
| rollout/                |             |
|    ep_len_mean          | 16.7        |
|    ep_rew_mean          | -97         |
| time/                   |             |
|    fps                  | 20          |
|    iterations           | 103         |
|    time_elapsed         | 10090       |
|    total_timesteps      | 712704      |
| train/                  |             |
|    approx_kl            | 0.027004365 |
|    clip_fraction        | 0.311       |
|    clip_range           | 0.2         |
|    entropy_loss         | -5.52       |
|    explained_variance   | 0.734       |
|    learning_rate        | 0.0003      |
|    loss                 | 336         |
|    n_updates            | 3470        |
|    policy_gradient_loss | -0.0611     |
|    std                  | 0.385       |
|    value_loss           | 791         |
-----------------------------------------
----------------------------------------
| rollout/                |            |
|    ep_len_mean          | 11.4       |
|    ep_rew_mean          | -58.7      |
| time/                   |            |
|    fps                  | 20         |
|    iterations           | 104        |
|    time_elapsed         | 10176      |
|    total_timesteps      | 714752     |
| train/                  |            |
|    approx_kl            | 0.03191018 |
|    clip_fraction        | 0.341      |
|    clip_range           | 0.2        |
|    entropy_loss         | -5.5       |
|    explained_variance   | 0.86       |
|    learning_rate        | 0.0003     |
|    loss                 | 191        |
|    n_updates            | 3480       |
|    policy_gradient_loss | -0.0597    |
|    std                  | 0.385      |
|    value_loss           | 700        |
----------------------------------------
-----------------------------------------
| rollout/                |             |
|    ep_len_mean          | 11.7        |
|    ep_rew_mean          | -60.4       |
| time/                   |             |
|    fps                  | 20          |
|    iterations           | 105         |
|    time_elapsed         | 10263       |
|    total_timesteps      | 716800      |
| train/                  |             |
|    approx_kl            | 0.064224094 |
|    clip_fraction        | 0.468       |
|    clip_range           | 0.2         |
|    entropy_loss         | -5.49       |
|    explained_variance   | 0.832       |
|    learning_rate        | 0.0003      |
|    loss                 | 39.8        |
|    n_updates            | 3490        |
|    policy_gradient_loss | -0.0578     |
|    std                  | 0.384       |
|    value_loss           | 149         |
-----------------------------------------
-----------------------------------------
| rollout/                |             |
|    ep_len_mean          | 12.3        |
|    ep_rew_mean          | -68.2       |
| time/                   |             |
|    fps                  | 20          |
|    iterations           | 106         |
|    time_elapsed         | 10348       |
|    total_timesteps      | 718848      |
| train/                  |             |
|    approx_kl            | 0.042100318 |
|    clip_fraction        | 0.389       |
|    clip_range           | 0.2         |
|    entropy_loss         | -5.48       |
|    explained_variance   | 0.88        |
|    learning_rate        | 0.0003      |
|    loss                 | 133         |
|    n_updates            | 3500        |
|    policy_gradient_loss | -0.0456     |
|    std                  | 0.384       |
|    value_loss           | 331         |
-----------------------------------------
----------------------------------------
| rollout/                |            |
|    ep_len_mean          | 18.6       |
|    ep_rew_mean          | -116       |
| time/                   |            |
|    fps                  | 21         |
|    iterations           | 107        |
|    time_elapsed         | 10433      |
|    total_timesteps      | 720896     |
| train/                  |            |
|    approx_kl            | 0.10330559 |
|    clip_fraction        | 0.49       |
|    clip_range           | 0.2        |
|    entropy_loss         | -5.46      |
|    explained_variance   | 0.734      |
|    learning_rate        | 0.0003     |
|    loss                 | 27         |
|    n_updates            | 3510       |
|    policy_gradient_loss | -0.0485    |
|    std                  | 0.384      |
|    value_loss           | 123        |
----------------------------------------
----------------------------------------
| rollout/                |            |
|    ep_len_mean          | 10.7       |
|    ep_rew_mean          | -48.7      |
| time/                   |            |
|    fps                  | 21         |
|    iterations           | 108        |
|    time_elapsed         | 10518      |
|    total_timesteps      | 722944     |
| train/                  |            |
|    approx_kl            | 0.03572064 |
|    clip_fraction        | 0.353      |
|    clip_range           | 0.2        |
|    entropy_loss         | -5.45      |
|    explained_variance   | 0.786      |
|    learning_rate        | 0.0003     |
|    loss                 | 127        |
|    n_updates            | 3520       |
|    policy_gradient_loss | -0.0482    |
|    std                  | 0.383      |
|    value_loss           | 557        |
----------------------------------------
----------------------------------------
| rollout/                |            |
|    ep_len_mean          | 19.4       |
|    ep_rew_mean          | -117       |
| time/                   |            |
|    fps                  | 21         |
|    iterations           | 109        |
|    time_elapsed         | 10604      |
|    total_timesteps      | 724992     |
| train/                  |            |
|    approx_kl            | 0.08328327 |
|    clip_fraction        | 0.454      |
|    clip_range           | 0.2        |
|    entropy_loss         | -5.44      |
|    explained_variance   | 0.867      |
|    learning_rate        | 0.0003     |
|    loss                 | 21         |
|    n_updates            | 3530       |
|    policy_gradient_loss | -0.0406    |
|    std                  | 0.383      |
|    value_loss           | 128        |
----------------------------------------
----------------------------------------
| rollout/                |            |
|    ep_len_mean          | 18.6       |
|    ep_rew_mean          | -107       |
| time/                   |            |
|    fps                  | 21         |
|    iterations           | 110        |
|    time_elapsed         | 10689      |
|    total_timesteps      | 727040     |
| train/                  |            |
|    approx_kl            | 0.03911195 |
|    clip_fraction        | 0.41       |
|    clip_range           | 0.2        |
|    entropy_loss         | -5.43      |
|    explained_variance   | 0.726      |
|    learning_rate        | 0.0003     |
|    loss                 | 161        |
|    n_updates            | 3540       |
|    policy_gradient_loss | -0.058     |
|    std                  | 0.382      |
|    value_loss           | 480        |
----------------------------------------
-----------------------------------------
| rollout/                |             |
|    ep_len_mean          | 18.1        |
|    ep_rew_mean          | -110        |
| time/                   |             |
|    fps                  | 21          |
|    iterations           | 111         |
|    time_elapsed         | 10774       |
|    total_timesteps      | 729088      |
| train/                  |             |
|    approx_kl            | 0.031634245 |
|    clip_fraction        | 0.333       |
|    clip_range           | 0.2         |
|    entropy_loss         | -5.41       |
|    explained_variance   | 0.697       |
|    learning_rate        | 0.0003      |
|    loss                 | 307         |
|    n_updates            | 3550        |
|    policy_gradient_loss | -0.0622     |
|    std                  | 0.382       |
|    value_loss           | 733         |
-----------------------------------------
【checkpoint】/run/media/pma213x/0C6A8CC86A8CAFCE/Ubuntu2/CodeU/Dog1/checkpoints/yobogo_loco_jump_v1/yobogo_loco_jump_v1_729688_time_10800s.zip
-----------------------------------------
| rollout/                |             |
|    ep_len_mean          | 11          |
|    ep_rew_mean          | -56.3       |
| time/                   |             |
|    fps                  | 21          |
|    iterations           | 112         |
|    time_elapsed         | 10860       |
|    total_timesteps      | 731136      |
| train/                  |             |
|    approx_kl            | 0.035090327 |
|    clip_fraction        | 0.364       |
|    clip_range           | 0.2         |
|    entropy_loss         | -5.4        |
|    explained_variance   | 0.736       |
|    learning_rate        | 0.0003      |
|    loss                 | 166         |
|    n_updates            | 3560        |
|    policy_gradient_loss | -0.0662     |
|    std                  | 0.381       |
|    value_loss           | 510         |
-----------------------------------------
-----------------------------------------
| rollout/                |             |
|    ep_len_mean          | 16.6        |
|    ep_rew_mean          | -101        |
| time/                   |             |
|    fps                  | 21          |
|    iterations           | 113         |
|    time_elapsed         | 10948       |
|    total_timesteps      | 733184      |
| train/                  |             |
|    approx_kl            | 0.060898572 |
|    clip_fraction        | 0.414       |
|    clip_range           | 0.2         |
|    entropy_loss         | -5.38       |
|    explained_variance   | 0.831       |
|    learning_rate        | 0.0003      |
|    loss                 | 64.3        |
|    n_updates            | 3570        |
|    policy_gradient_loss | -0.0443     |
|    std                  | 0.381       |
|    value_loss           | 165         |
-----------------------------------------
-----------------------------------------
| rollout/                |             |
|    ep_len_mean          | 11          |
|    ep_rew_mean          | -55.1       |
| time/                   |             |
|    fps                  | 21          |
|    iterations           | 114         |
|    time_elapsed         | 11036       |
|    total_timesteps      | 735232      |
| train/                  |             |
|    approx_kl            | 0.029294178 |
|    clip_fraction        | 0.351       |
|    clip_range           | 0.2         |
|    entropy_loss         | -5.36       |
|    explained_variance   | 0.771       |
|    learning_rate        | 0.0003      |
|    loss                 | 286         |
|    n_updates            | 3580        |
|    policy_gradient_loss | -0.0526     |
|    std                  | 0.38        |
|    value_loss           | 832         |
-----------------------------------------
-----------------------------------------
| rollout/                |             |
|    ep_len_mean          | 17.1        |
|    ep_rew_mean          | -100        |
| time/                   |             |
|    fps                  | 21          |
|    iterations           | 115         |
|    time_elapsed         | 11122       |
|    total_timesteps      | 737280      |
| train/                  |             |
|    approx_kl            | 0.057208627 |
|    clip_fraction        | 0.397       |
|    clip_range           | 0.2         |
|    entropy_loss         | -5.34       |
|    explained_variance   | 0.811       |
|    learning_rate        | 0.0003      |
|    loss                 | 82.3        |
|    n_updates            | 3590        |
|    policy_gradient_loss | -0.0603     |
|    std                  | 0.38        |
|    value_loss           | 230         |
-----------------------------------------
-----------------------------------------
| rollout/                |             |
|    ep_len_mean          | 12.2        |
|    ep_rew_mean          | -69.9       |
| time/                   |             |
|    fps                  | 21          |
|    iterations           | 116         |
|    time_elapsed         | 11206       |
|    total_timesteps      | 739328      |
| train/                  |             |
|    approx_kl            | 0.062649004 |
|    clip_fraction        | 0.428       |
|    clip_range           | 0.2         |
|    entropy_loss         | -5.33       |
|    explained_variance   | 0.708       |
|    learning_rate        | 0.0003      |
|    loss                 | 107         |
|    n_updates            | 3600        |
|    policy_gradient_loss | -0.0634     |
|    std                  | 0.379       |
|    value_loss           | 294         |
-----------------------------------------
-----------------------------------------
| rollout/                |             |
|    ep_len_mean          | 12.7        |
|    ep_rew_mean          | -61.9       |
| time/                   |             |
|    fps                  | 21          |
|    iterations           | 117         |
|    time_elapsed         | 11288       |
|    total_timesteps      | 741376      |
| train/                  |             |
|    approx_kl            | 0.046863623 |
|    clip_fraction        | 0.397       |
|    clip_range           | 0.2         |
|    entropy_loss         | -5.32       |
|    explained_variance   | 0.833       |
|    learning_rate        | 0.0003      |
|    loss                 | 57.5        |
|    n_updates            | 3610        |
|    policy_gradient_loss | -0.0509     |
|    std                  | 0.379       |
|    value_loss           | 239         |
-----------------------------------------
-----------------------------------------
| rollout/                |             |
|    ep_len_mean          | 13.4        |
|    ep_rew_mean          | -83.8       |
| time/                   |             |
|    fps                  | 21          |
|    iterations           | 118         |
|    time_elapsed         | 11371       |
|    total_timesteps      | 743424      |
| train/                  |             |
|    approx_kl            | 0.049827535 |
|    clip_fraction        | 0.427       |
|    clip_range           | 0.2         |
|    entropy_loss         | -5.3        |
|    explained_variance   | 0.823       |
|    learning_rate        | 0.0003      |
|    loss                 | 151         |
|    n_updates            | 3620        |
|    policy_gradient_loss | -0.0568     |
|    std                  | 0.378       |
|    value_loss           | 347         |
-----------------------------------------
----------------------------------------
| rollout/                |            |
|    ep_len_mean          | 13.1       |
|    ep_rew_mean          | -67.6      |
| time/                   |            |
|    fps                  | 21         |
|    iterations           | 119        |
|    time_elapsed         | 11455      |
|    total_timesteps      | 745472     |
| train/                  |            |
|    approx_kl            | 0.03659413 |
|    clip_fraction        | 0.359      |
|    clip_range           | 0.2        |
|    entropy_loss         | -5.28      |
|    explained_variance   | 0.799      |
|    learning_rate        | 0.0003     |
|    loss                 | 139        |
|    n_updates            | 3630       |
|    policy_gradient_loss | -0.0554    |
|    std                  | 0.378      |
|    value_loss           | 495        |
----------------------------------------
----------------------------------------
| rollout/                |            |
|    ep_len_mean          | 12.7       |
|    ep_rew_mean          | -68.8      |
| time/                   |            |
|    fps                  | 21         |
|    iterations           | 120        |
|    time_elapsed         | 11538      |
|    total_timesteps      | 747520     |
| train/                  |            |
|    approx_kl            | 0.04330496 |
|    clip_fraction        | 0.385      |
|    clip_range           | 0.2        |
|    entropy_loss         | -5.27      |
|    explained_variance   | 0.832      |
|    learning_rate        | 0.0003     |
|    loss                 | 108        |
|    n_updates            | 3640       |
|    policy_gradient_loss | -0.0523    |
|    std                  | 0.378      |
|    value_loss           | 343        |
----------------------------------------
----------------------------------------
| rollout/                |            |
|    ep_len_mean          | 19.6       |
|    ep_rew_mean          | -130       |
| time/                   |            |
|    fps                  | 21         |
|    iterations           | 121        |
|    time_elapsed         | 11620      |
|    total_timesteps      | 749568     |
| train/                  |            |
|    approx_kl            | 0.03787954 |
|    clip_fraction        | 0.396      |
|    clip_range           | 0.2        |
|    entropy_loss         | -5.26      |
|    explained_variance   | 0.773      |
|    learning_rate        | 0.0003     |
|    loss                 | 150        |
|    n_updates            | 3650       |
|    policy_gradient_loss | -0.0542    |
|    std                  | 0.377      |
|    value_loss           | 438        |
----------------------------------------
-----------------------------------------
| rollout/                |             |
|    ep_len_mean          | 13.1        |
|    ep_rew_mean          | -75.1       |
| time/                   |             |
|    fps                  | 21          |
|    iterations           | 122         |
|    time_elapsed         | 11702       |
|    total_timesteps      | 751616      |
| train/                  |             |
|    approx_kl            | 0.030987412 |
|    clip_fraction        | 0.342       |
|    clip_range           | 0.2         |
|    entropy_loss         | -5.24       |
|    explained_variance   | 0.7         |
|    learning_rate        | 0.0003      |
|    loss                 | 248         |
|    n_updates            | 3660        |
|    policy_gradient_loss | -0.0638     |
|    std                  | 0.377       |
|    value_loss           | 764         |
-----------------------------------------
-----------------------------------------
| rollout/                |             |
|    ep_len_mean          | 15.8        |
|    ep_rew_mean          | -85.6       |
| time/                   |             |
|    fps                  | 21          |
|    iterations           | 123         |
|    time_elapsed         | 11785       |
|    total_timesteps      | 753664      |
| train/                  |             |
|    approx_kl            | 0.085362285 |
|    clip_fraction        | 0.502       |
|    clip_range           | 0.2         |
|    entropy_loss         | -5.22       |
|    explained_variance   | 0.863       |
|    learning_rate        | 0.0003      |
|    loss                 | 46.8        |
|    n_updates            | 3670        |
|    policy_gradient_loss | -0.0494     |
|    std                  | 0.376       |
|    value_loss           | 134         |
-----------------------------------------
-----------------------------------------
| rollout/                |             |
|    ep_len_mean          | 11.1        |
|    ep_rew_mean          | -56.6       |
| time/                   |             |
|    fps                  | 21          |
|    iterations           | 124         |
|    time_elapsed         | 11868       |
|    total_timesteps      | 755712      |
| train/                  |             |
|    approx_kl            | 0.055585906 |
|    clip_fraction        | 0.475       |
|    clip_range           | 0.2         |
|    entropy_loss         | -5.21       |
|    explained_variance   | 0.777       |
|    learning_rate        | 0.0003      |
|    loss                 | 112         |
|    n_updates            | 3680        |
|    policy_gradient_loss | -0.0561     |
|    std                  | 0.376       |
|    value_loss           | 315         |
-----------------------------------------
----------------------------------------
| rollout/                |            |
|    ep_len_mean          | 12.1       |
|    ep_rew_mean          | -65.3      |
| time/                   |            |
|    fps                  | 21         |
|    iterations           | 125        |
|    time_elapsed         | 11950      |
|    total_timesteps      | 757760     |
| train/                  |            |
|    approx_kl            | 0.34944907 |
|    clip_fraction        | 0.695      |
|    clip_range           | 0.2        |
|    entropy_loss         | -5.18      |
|    explained_variance   | 0.881      |
|    learning_rate        | 0.0003     |
|    loss                 | 17.7       |
|    n_updates            | 3690       |
|    policy_gradient_loss | -0.0373    |
|    std                  | 0.375      |
|    value_loss           | 52.8       |
----------------------------------------
----------------------------------------
| rollout/                |            |
|    ep_len_mean          | 11.1       |
|    ep_rew_mean          | -59.7      |
| time/                   |            |
|    fps                  | 21         |
|    iterations           | 126        |
|    time_elapsed         | 12033      |
|    total_timesteps      | 759808     |
| train/                  |            |
|    approx_kl            | 0.06552077 |
|    clip_fraction        | 0.57       |
|    clip_range           | 0.2        |
|    entropy_loss         | -5.18      |
|    explained_variance   | 0.814      |
|    learning_rate        | 0.0003     |
|    loss                 | 53.3       |
|    n_updates            | 3700       |
|    policy_gradient_loss | -0.0385    |
|    std                  | 0.375      |
|    value_loss           | 161        |
----------------------------------------
----------------------------------------
| rollout/                |            |
|    ep_len_mean          | 12.3       |
|    ep_rew_mean          | -64.8      |
| time/                   |            |
|    fps                  | 21         |
|    iterations           | 127        |
|    time_elapsed         | 12116      |
|    total_timesteps      | 761856     |
| train/                  |            |
|    approx_kl            | 0.08564937 |
|    clip_fraction        | 0.514      |
|    clip_range           | 0.2        |
|    entropy_loss         | -5.15      |
|    explained_variance   | 0.852      |
|    learning_rate        | 0.0003     |
|    loss                 | 53.1       |
|    n_updates            | 3710       |
|    policy_gradient_loss | -0.053     |
|    std                  | 0.373      |
|    value_loss           | 178        |
----------------------------------------
----------------------------------------
| rollout/                |            |
|    ep_len_mean          | 10.5       |
|    ep_rew_mean          | -49.6      |
| time/                   |            |
|    fps                  | 21         |
|    iterations           | 128        |
|    time_elapsed         | 12199      |
|    total_timesteps      | 763904     |
| train/                  |            |
|    approx_kl            | 0.11023687 |
|    clip_fraction        | 0.536      |
|    clip_range           | 0.2        |
|    entropy_loss         | -5.11      |
|    explained_variance   | 0.778      |
|    learning_rate        | 0.0003     |
|    loss                 | 42.7       |
|    n_updates            | 3720       |
|    policy_gradient_loss | -0.0532    |
|    std                  | 0.373      |
|    value_loss           | 129        |
----------------------------------------
----------------------------------------
| rollout/                |            |
|    ep_len_mean          | 15.2       |
|    ep_rew_mean          | -94.2      |
| time/                   |            |
|    fps                  | 21         |
|    iterations           | 129        |
|    time_elapsed         | 12282      |
|    total_timesteps      | 765952     |
| train/                  |            |
|    approx_kl            | 0.08227123 |
|    clip_fraction        | 0.532      |
|    clip_range           | 0.2        |
|    entropy_loss         | -5.1       |
|    explained_variance   | 0.793      |
|    learning_rate        | 0.0003     |
|    loss                 | 37.1       |
|    n_updates            | 3730       |
|    policy_gradient_loss | -0.0562    |
|    std                  | 0.372      |
|    value_loss           | 159        |
----------------------------------------
----------------------------------------
| rollout/                |            |
|    ep_len_mean          | 19.9       |
|    ep_rew_mean          | -110       |
| time/                   |            |
|    fps                  | 21         |
|    iterations           | 130        |
|    time_elapsed         | 12366      |
|    total_timesteps      | 768000     |
| train/                  |            |
|    approx_kl            | 0.08545585 |
|    clip_fraction        | 0.503      |
|    clip_range           | 0.2        |
|    entropy_loss         | -5.07      |
|    explained_variance   | 0.813      |
|    learning_rate        | 0.0003     |
|    loss                 | 141        |
|    n_updates            | 3740       |
|    policy_gradient_loss | -0.0565    |
|    std                  | 0.371      |
|    value_loss           | 208        |
----------------------------------------
-----------------------------------------
| rollout/                |             |
|    ep_len_mean          | 11.3        |
|    ep_rew_mean          | -59.5       |
| time/                   |             |
|    fps                  | 21          |
|    iterations           | 131         |
|    time_elapsed         | 12448       |
|    total_timesteps      | 770048      |
| train/                  |             |
|    approx_kl            | 0.050441816 |
|    clip_fraction        | 0.455       |
|    clip_range           | 0.2         |
|    entropy_loss         | -5.04       |
|    explained_variance   | 0.76        |
|    learning_rate        | 0.0003      |
|    loss                 | 107         |
|    n_updates            | 3750        |
|    policy_gradient_loss | -0.0612     |
|    std                  | 0.37        |
|    value_loss           | 373         |
-----------------------------------------
-----------------------------------------
| rollout/                |             |
|    ep_len_mean          | 13.9        |
|    ep_rew_mean          | -74         |
| time/                   |             |
|    fps                  | 21          |
|    iterations           | 132         |
|    time_elapsed         | 12530       |
|    total_timesteps      | 772096      |
| train/                  |             |
|    approx_kl            | 0.049208127 |
|    clip_fraction        | 0.451       |
|    clip_range           | 0.2         |
|    entropy_loss         | -5.02       |
|    explained_variance   | 0.808       |
|    learning_rate        | 0.0003      |
|    loss                 | 99.9        |
|    n_updates            | 3760        |
|    policy_gradient_loss | -0.0529     |
|    std                  | 0.37        |
|    value_loss           | 271         |
-----------------------------------------
【checkpoint】/run/media/pma213x/0C6A8CC86A8CAFCE/Ubuntu2/CodeU/Dog1/checkpoints/yobogo_loco_jump_v1/yobogo_loco_jump_v1_773801_time_12600s.zip
---------------------------------------
| rollout/                |           |
|    ep_len_mean          | 15.1      |
|    ep_rew_mean          | -86.7     |
| time/                   |           |
|    fps                  | 21        |
|    iterations           | 133       |
|    time_elapsed         | 12613     |
|    total_timesteps      | 774144    |
| train/                  |           |
|    approx_kl            | 0.0963937 |
|    clip_fraction        | 0.544     |
|    clip_range           | 0.2       |
|    entropy_loss         | -5.01     |
|    explained_variance   | 0.789     |
|    learning_rate        | 0.0003    |
|    loss                 | 57.4      |
|    n_updates            | 3770      |
|    policy_gradient_loss | -0.0581   |
|    std                  | 0.369     |
|    value_loss           | 151       |
---------------------------------------
----------------------------------------
| rollout/                |            |
|    ep_len_mean          | 15.4       |
|    ep_rew_mean          | -96.7      |
| time/                   |            |
|    fps                  | 21         |
|    iterations           | 134        |
|    time_elapsed         | 12697      |
|    total_timesteps      | 776192     |
| train/                  |            |
|    approx_kl            | 0.06650625 |
|    clip_fraction        | 0.506      |
|    clip_range           | 0.2        |
|    entropy_loss         | -4.99      |
|    explained_variance   | 0.736      |
|    learning_rate        | 0.0003     |
|    loss                 | 137        |
|    n_updates            | 3780       |
|    policy_gradient_loss | -0.0536    |
|    std                  | 0.368      |
|    value_loss           | 257        |
----------------------------------------
-----------------------------------------
| rollout/                |             |
|    ep_len_mean          | 18.7        |
|    ep_rew_mean          | -110        |
| time/                   |             |
|    fps                  | 21          |
|    iterations           | 135         |
|    time_elapsed         | 12780       |
|    total_timesteps      | 778240      |
| train/                  |             |
|    approx_kl            | 0.054988705 |
|    clip_fraction        | 0.453       |
|    clip_range           | 0.2         |
|    entropy_loss         | -4.96       |
|    explained_variance   | 0.796       |
|    learning_rate        | 0.0003      |
|    loss                 | 76.1        |
|    n_updates            | 3790        |
|    policy_gradient_loss | -0.0609     |
|    std                  | 0.368       |
|    value_loss           | 252         |
-----------------------------------------
----------------------------------------
| rollout/                |            |
|    ep_len_mean          | 13.4       |
|    ep_rew_mean          | -89.2      |
| time/                   |            |
|    fps                  | 21         |
|    iterations           | 136        |
|    time_elapsed         | 12865      |
|    total_timesteps      | 780288     |
| train/                  |            |
|    approx_kl            | 0.04193317 |
|    clip_fraction        | 0.41       |
|    clip_range           | 0.2        |
|    entropy_loss         | -4.95      |
|    explained_variance   | 0.692      |
|    learning_rate        | 0.0003     |
|    loss                 | 203        |
|    n_updates            | 3800       |
|    policy_gradient_loss | -0.0632    |
|    std                  | 0.368      |
|    value_loss           | 509        |
----------------------------------------
----------------------------------------
| rollout/                |            |
|    ep_len_mean          | 17.8       |
|    ep_rew_mean          | -102       |
| time/                   |            |
|    fps                  | 21         |
|    iterations           | 137        |
|    time_elapsed         | 12950      |
|    total_timesteps      | 782336     |
| train/                  |            |
|    approx_kl            | 0.13336489 |
|    clip_fraction        | 0.566      |
|    clip_range           | 0.2        |
|    entropy_loss         | -4.94      |
|    explained_variance   | 0.683      |
|    learning_rate        | 0.0003     |
|    loss                 | 30.5       |
|    n_updates            | 3810       |
|    policy_gradient_loss | -0.0443    |
|    std                  | 0.367      |
|    value_loss           | 160        |
----------------------------------------
-----------------------------------------
| rollout/                |             |
|    ep_len_mean          | 18.6        |
|    ep_rew_mean          | -96.3       |
| time/                   |             |
|    fps                  | 21          |
|    iterations           | 138         |
|    time_elapsed         | 13031       |
|    total_timesteps      | 784384      |
| train/                  |             |
|    approx_kl            | 0.075654685 |
|    clip_fraction        | 0.527       |
|    clip_range           | 0.2         |
|    entropy_loss         | -4.92       |
|    explained_variance   | 0.585       |
|    learning_rate        | 0.0003      |
|    loss                 | 90.8        |
|    n_updates            | 3820        |
|    policy_gradient_loss | -0.0588     |
|    std                  | 0.366       |
|    value_loss           | 304         |
-----------------------------------------
-----------------------------------------
| rollout/                |             |
|    ep_len_mean          | 14.2        |
|    ep_rew_mean          | -78.4       |
| time/                   |             |
|    fps                  | 21          |
|    iterations           | 139         |
|    time_elapsed         | 13115       |
|    total_timesteps      | 786432      |
| train/                  |             |
|    approx_kl            | 0.041023433 |
|    clip_fraction        | 0.412       |
|    clip_range           | 0.2         |
|    entropy_loss         | -4.9        |
|    explained_variance   | 0.527       |
|    learning_rate        | 0.0003      |
|    loss                 | 454         |
|    n_updates            | 3830        |
|    policy_gradient_loss | -0.0559     |
|    std                  | 0.366       |
|    value_loss           | 812         |
-----------------------------------------
-----------------------------------------
| rollout/                |             |
|    ep_len_mean          | 12.5        |
|    ep_rew_mean          | -65.1       |
| time/                   |             |
|    fps                  | 21          |
|    iterations           | 140         |
|    time_elapsed         | 13198       |
|    total_timesteps      | 788480      |
| train/                  |             |
|    approx_kl            | 0.058611028 |
|    clip_fraction        | 0.464       |
|    clip_range           | 0.2         |
|    entropy_loss         | -4.88       |
|    explained_variance   | 0.774       |
|    learning_rate        | 0.0003      |
|    loss                 | 160         |
|    n_updates            | 3840        |
|    policy_gradient_loss | -0.0619     |
|    std                  | 0.365       |
|    value_loss           | 370         |
-----------------------------------------
----------------------------------------
| rollout/                |            |
|    ep_len_mean          | 11.6       |
|    ep_rew_mean          | -79.4      |
| time/                   |            |
|    fps                  | 21         |
|    iterations           | 141        |
|    time_elapsed         | 13284      |
|    total_timesteps      | 790528     |
| train/                  |            |
|    approx_kl            | 0.07132988 |
|    clip_fraction        | 0.457      |
|    clip_range           | 0.2        |
|    entropy_loss         | -4.88      |
|    explained_variance   | 0.831      |
|    learning_rate        | 0.0003     |
|    loss                 | 53         |
|    n_updates            | 3850       |
|    policy_gradient_loss | -0.0481    |
|    std                  | 0.366      |
|    value_loss           | 190        |
----------------------------------------
----------------------------------------
| rollout/                |            |
|    ep_len_mean          | 16.5       |
|    ep_rew_mean          | -94.9      |
| time/                   |            |
|    fps                  | 21         |
|    iterations           | 142        |
|    time_elapsed         | 13367      |
|    total_timesteps      | 792576     |
| train/                  |            |
|    approx_kl            | 0.24403709 |
|    clip_fraction        | 0.589      |
|    clip_range           | 0.2        |
|    entropy_loss         | -4.87      |
|    explained_variance   | 0.63       |
|    learning_rate        | 0.0003     |
|    loss                 | 19.6       |
|    n_updates            | 3860       |
|    policy_gradient_loss | -0.0206    |
|    std                  | 0.365      |
|    value_loss           | 89.4       |
----------------------------------------
----------------------------------------
| rollout/                |            |
|    ep_len_mean          | 15.1       |
|    ep_rew_mean          | -82.6      |
| time/                   |            |
|    fps                  | 21         |
|    iterations           | 143        |
|    time_elapsed         | 13452      |
|    total_timesteps      | 794624     |
| train/                  |            |
|    approx_kl            | 0.04584545 |
|    clip_fraction        | 0.597      |
|    clip_range           | 0.2        |
|    entropy_loss         | -4.85      |
|    explained_variance   | 0.663      |
|    learning_rate        | 0.0003     |
|    loss                 | 244        |
|    n_updates            | 3870       |
|    policy_gradient_loss | -0.0224    |
|    std                  | 0.365      |
|    value_loss           | 474        |
----------------------------------------
-----------------------------------------
| rollout/                |             |
|    ep_len_mean          | 12.1        |
|    ep_rew_mean          | -62.2       |
| time/                   |             |
|    fps                  | 21          |
|    iterations           | 144         |
|    time_elapsed         | 13535       |
|    total_timesteps      | 796672      |
| train/                  |             |
|    approx_kl            | 0.058186542 |
|    clip_fraction        | 0.446       |
|    clip_range           | 0.2         |
|    entropy_loss         | -4.84       |
|    explained_variance   | 0.758       |
|    learning_rate        | 0.0003      |
|    loss                 | 61.1        |
|    n_updates            | 3880        |
|    policy_gradient_loss | -0.0623     |
|    std                  | 0.364       |
|    value_loss           | 256         |
-----------------------------------------
-----------------------------------------
| rollout/                |             |
|    ep_len_mean          | 15.8        |
|    ep_rew_mean          | -75.2       |
| time/                   |             |
|    fps                  | 21          |
|    iterations           | 145         |
|    time_elapsed         | 13618       |
|    total_timesteps      | 798720      |
| train/                  |             |
|    approx_kl            | 0.098266535 |
|    clip_fraction        | 0.497       |
|    clip_range           | 0.2         |
|    entropy_loss         | -4.83       |
|    explained_variance   | 0.825       |
|    learning_rate        | 0.0003      |
|    loss                 | 54.4        |
|    n_updates            | 3890        |
|    policy_gradient_loss | -0.0597     |
|    std                  | 0.364       |
|    value_loss           | 192         |
-----------------------------------------
-----------------------------------------
| rollout/                |             |
|    ep_len_mean          | 12.4        |
|    ep_rew_mean          | -62.2       |
| time/                   |             |
|    fps                  | 21          |
|    iterations           | 146         |
|    time_elapsed         | 13703       |
|    total_timesteps      | 800768      |
| train/                  |             |
|    approx_kl            | 0.038917862 |
|    clip_fraction        | 0.405       |
|    clip_range           | 0.2         |
|    entropy_loss         | -4.81       |
|    explained_variance   | 0.642       |
|    learning_rate        | 0.0003      |
|    loss                 | 238         |
|    n_updates            | 3900        |
|    policy_gradient_loss | -0.0485     |
|    std                  | 0.363       |
|    value_loss           | 574         |
-----------------------------------------
【训练】耗时=13703.4s；最终模型已保存：/run/media/pma213x/0C6A8CC86A8CAFCE/Ubuntu2/CodeU/Dog1/checkpoints/yobogo_loco_jump_v1/yobogo_loco_jump_v1_final.zip
