[3gH    H    H    H    H    H    H    H    H    H    H    H    H    H    H    H    H    H    H    H   [INFO] Using python from: /home/pma213x/.venvs/minicheetah-isaaclab/bin/python
[INFO][AppLauncher]: Loading experience file: /home/pma213x/IsaacLab/apps/isaaclab.python.headless.kit
[Warning] [simulation_app.simulation_app] Modules: ['omni.kit_app'] were loaded before SimulationApp was started and might not be loaded correctly.
[Warning] [simulation_app.simulation_app] Please check to make sure no extra omniverse or pxr modules are imported before the call to SimulationApp(...)
Loading user config located at: '/home/pma213x/.venvs/minicheetah-isaaclab/lib/python3.10/site-packages/omni/data/Kit/Isaac-Sim/4.5/user.config.json'
[Info] [carb] Logging to file: /home/pma213x/.venvs/minicheetah-isaaclab/lib/python3.10/site-packages/omni/logs/Kit/Isaac-Sim/4.5/kit_20261008_230610.log
2026-10-08 15:06:10 [0ms] [Warning] [omni.kit.app.plugin] No crash reporter present, dumps uploading isn't available.
2026-10-08 15:06:10 [121ms] [Warning] [omni.usd_config.extension] Enable omni.materialx.libs extension to use MaterialX
2026-10-08 15:06:11 [451ms] [Warning] [omni.datastore] OmniHub is inaccessible
2026-10-08 15:06:11 [484ms] [Warning] [omni.isaac.dynamic_control] omni.isaac.dynamic_control is deprecated as of Isaac Sim 4.5. No action is needed from end-users.
Gym has been unmaintained since 2022 and does not support NumPy 2.0 amongst other critical functionality.
Please upgrade to Gymnasium, the maintained drop-in replacement of Gym, or contact the authors of your software and request that they upgrade.
See the migration guide at https://gymnasium.farama.org/introduction/migration_guide/ for additional information.
2026-10-08 15:06:13 [2,331ms] [Warning] [gpu.foundation.plugin] Skipping unsupported non-NVIDIA GPU: Intel(R) UHD Graphics (ADL-S GT0.5)
2026-10-08 15:06:13 [2,331ms] [Warning] [gpu.foundation.plugin] Skipping unsupported non-NVIDIA GPU: Intel(R) UHD Graphics (ADL-S GT0.5)

|---------------------------------------------------------------------------------------------|
| Driver Version: 580.178.04    | Graphics API: Vulkan
|=============================================================================================|
| GPU | Name                             | Active | LDA | GPU Memory | Vendor-ID | LUID       |
|     |                                  |        |     |            | Device-ID | UUID       |
|     |                                  |        |     |            | Bus-ID    |            |
|---------------------------------------------------------------------------------------------|
| 0   | NVIDIA GeForce RTX 4060 Laptop.. | Yes: 0 |     | 8188    MB | 10de      | 0          |
|     |                                  |        |     |            | 28e0      | 4d090564.. |
|     |                                  |        |     |            | 1         |            |
|---------------------------------------------------------------------------------------------|
| 1   | Intel(R) UHD Graphics (ADL-S G.. |        |     | 11374   MB | 8086      | 0          |
|     |                                  |        |     |            | 468b      | 86808b46.. |
|     |                                  |        |     |            | 0         |            |
|=============================================================================================|
| OS: 26.04.1 LTS (Resolute Raccoon) ubuntu, Version: 26.04.1, Kernel: 7.0.0-34-generic
| XServer Vendor: The X.Org Foundation, XServer Version: 12401010 (1.24.1.10)
| Processor: 13th Gen Intel(R) Core(TM) i5-13500HX
| Bare Metal Cores: 14 | Bare Metal Logical Cores: 28
| Available Cores:  20 
|---------------------------------------------------------------------------------------------|
| Total Memory (MB): 15166 | Free Memory: 6048
| Total Page/Swap (MB): 20479 | Free Page/Swap: 14492
|---------------------------------------------------------------------------------------------|
2026-10-08 15:06:13 [2,622ms] [Warning] [gpu.foundation.plugin] IOMMU is enabled.
2026-10-08 15:06:13 [2,623ms] [Warning] [gpu.foundation.plugin] Detected IOMMU is enabled. Running CUDA peer-to-peer bandwidth and latency validation.
Unidirectional P2P=Enabled Bandwidth (P2P Writes) Matrix (GB/s)
   D\D     0 
     0 174.58 
P2P=Enabled Latency (P2P Writes) Matrix (us)
   GPU     0 
     0   1.32 

   CPU     0 
     0   2.16 
[STAGE] config_start
[INFO]: Parsing configuration from: training.envs.velocity_flat_env_cfg:YoboGoVelocityFlatEnvCfg
[STAGE] config_done
[STAGE] environment_create_start
2026-10-08 15:06:13 [2,833ms] [Warning] [isaaclab.envs.manager_based_env] Seed not set for the environment. The environment creation may not be deterministic.
[INFO]: Base environment:
	Environment device    : cuda:0
	Environment seed      : None
	Physics step-size     : 0.0004
	Rendering step-size   : 0.002
	Environment step-size : 0.002
2026-10-08 15:06:13 [2,929ms] [Warning] [isaaclab.terrains.terrain_importer] Visual material specified for ground plane but no diffuse color found. Using default color: (0.0, 0.0, 0.0)
[INFO]: Time taken for scene creation : 2.279481 seconds
[INFO]: Scene manager:  <class InteractiveScene>
	Number of environments: 1
	Environment spacing   : 2.5
	Source prim name      : /World/envs/env_0
	Global prim paths     : ['/World/ground']
	Replicate physics     : True
[INFO]: Starting the simulation. This may take a few seconds. Please wait...
[INFO]: Time taken for simulation start : 0.464943 seconds
2026-10-08 15:06:16 [5,860ms] [Warning] [omni.usd] Warning: in GetNodeDiscoveryResults at line 136 of /builds/omniverse/usd-ci/USD/pxr/usd/usdShade/shaderDefUtils.cpp -- Unable to resolve info:sourceAsset </UsdPreviewSurface.info:mdl:sourceAsset> with value @UsdPreviewSurface.mdl@.

2026-10-08 15:06:16 [5,860ms] [Warning] [omni.usd] Warning: in GetNodeDiscoveryResults at line 136 of /builds/omniverse/usd-ci/USD/pxr/usd/usdShade/shaderDefUtils.cpp -- Unable to resolve info:sourceAsset </UsdUVTexture.info:mdl:sourceAsset> with value @UsdPreviewSurface.mdl@.

2026-10-08 15:06:16 [5,860ms] [Warning] [omni.usd] Warning: in GetNodeDiscoveryResults at line 136 of /builds/omniverse/usd-ci/USD/pxr/usd/usdShade/shaderDefUtils.cpp -- Unable to resolve info:sourceAsset </UsdPrimvarReader_float.info:mdl:sourceAsset> with value @UsdPreviewSurface.mdl@.

2026-10-08 15:06:16 [5,861ms] [Warning] [omni.usd] Warning: in GetNodeDiscoveryResults at line 136 of /builds/omniverse/usd-ci/USD/pxr/usd/usdShade/shaderDefUtils.cpp -- Unable to resolve info:sourceAsset </UsdPrimvarReader_float2.info:mdl:sourceAsset> with value @UsdPreviewSurface.mdl@.

2026-10-08 15:06:16 [5,861ms] [Warning] [omni.usd] Warning: in GetNodeDiscoveryResults at line 136 of /builds/omniverse/usd-ci/USD/pxr/usd/usdShade/shaderDefUtils.cpp -- Unable to resolve info:sourceAsset </UsdPrimvarReader_float3.info:mdl:sourceAsset> with value @UsdPreviewSurface.mdl@.

2026-10-08 15:06:16 [5,861ms] [Warning] [omni.usd] Warning: in GetNodeDiscoveryResults at line 136 of /builds/omniverse/usd-ci/USD/pxr/usd/usdShade/shaderDefUtils.cpp -- Unable to resolve info:sourceAsset </UsdPrimvarReader_float4.info:mdl:sourceAsset> with value @UsdPreviewSurface.mdl@.

2026-10-08 15:06:16 [5,861ms] [Warning] [omni.usd] Warning: in GetNodeDiscoveryResults at line 136 of /builds/omniverse/usd-ci/USD/pxr/usd/usdShade/shaderDefUtils.cpp -- Unable to resolve info:sourceAsset </UsdPrimvarReader_int.info:mdl:sourceAsset> with value @UsdPreviewSurface.mdl@.

2026-10-08 15:06:16 [5,861ms] [Warning] [omni.usd] Warning: in GetNodeDiscoveryResults at line 136 of /builds/omniverse/usd-ci/USD/pxr/usd/usdShade/shaderDefUtils.cpp -- Unable to resolve info:sourceAsset </UsdPrimvarReader_string.info:mdl:sourceAsset> with value @UsdPreviewSurface.mdl@.

2026-10-08 15:06:16 [5,861ms] [Warning] [omni.usd] Warning: in GetNodeDiscoveryResults at line 136 of /builds/omniverse/usd-ci/USD/pxr/usd/usdShade/shaderDefUtils.cpp -- Unable to resolve info:sourceAsset </UsdPrimvarReader_normal.info:mdl:sourceAsset> with value @UsdPreviewSurface.mdl@.

2026-10-08 15:06:16 [5,862ms] [Warning] [omni.usd] Warning: in GetNodeDiscoveryResults at line 136 of /builds/omniverse/usd-ci/USD/pxr/usd/usdShade/shaderDefUtils.cpp -- Unable to resolve info:sourceAsset </UsdPrimvarReader_point.info:mdl:sourceAsset> with value @UsdPreviewSurface.mdl@.

2026-10-08 15:06:16 [5,864ms] [Warning] [omni.usd] Warning: in GetNodeDiscoveryResults at line 136 of /builds/omniverse/usd-ci/USD/pxr/usd/usdShade/shaderDefUtils.cpp -- Unable to resolve info:sourceAsset </UsdPrimvarReader_vector.info:mdl:sourceAsset> with value @UsdPreviewSurface.mdl@.

2026-10-08 15:06:16 [5,864ms] [Warning] [omni.usd] Warning: in GetNodeDiscoveryResults at line 136 of /builds/omniverse/usd-ci/USD/pxr/usd/usdShade/shaderDefUtils.cpp -- Unable to resolve info:sourceAsset </UsdPrimvarReader_matrix.info:mdl:sourceAsset> with value @UsdPreviewSurface.mdl@.

2026-10-08 15:06:16 [5,864ms] [Warning] [omni.usd] Warning: in GetNodeDiscoveryResults at line 136 of /builds/omniverse/usd-ci/USD/pxr/usd/usdShade/shaderDefUtils.cpp -- Unable to resolve info:sourceAsset </UsdTransform2d.info:mdl:sourceAsset> with value @UsdPreviewSurface.mdl@.

[INFO] Command Manager:  <CommandManager> contains 1 active terms.
+------------------------------------------------+
|              Active Command Terms              |
+-------+---------------+------------------------+
| Index | Name          |          Type          |
+-------+---------------+------------------------+
|   0   | base_velocity | UniformVelocityCommand |
+-------+---------------+------------------------+

[INFO] Recorder Manager:  <RecorderManager> contains 0 active terms.
+---------------------+
| Active Recorder Terms |
+-----------+---------+
|   Index   | Name    |
+-----------+---------+
+-----------+---------+

[INFO] Action Manager:  <ActionManager> contains 1 active terms.
+------------------------------------+
|  Active Action Terms (shape: 12)   |
+--------+-------------+-------------+
| Index  | Name        |   Dimension |
+--------+-------------+-------------+
|   0    | joint_pos   |          12 |
+--------+-------------+-------------+

[INFO] Observation Manager: <ObservationManager> contains 1 groups.
+---------------------------------------------------------+
| Active Observation Terms in Group: 'policy' (shape: (48,)) |
+-----------+---------------------------------+-----------+
|   Index   | Name                            |   Shape   |
+-----------+---------------------------------+-----------+
|     0     | base_lin_vel                    |    (3,)   |
|     1     | base_ang_vel                    |    (3,)   |
|     2     | projected_gravity               |    (3,)   |
|     3     | velocity_commands               |    (3,)   |
|     4     | joint_pos                       |   (12,)   |
|     5     | joint_vel                       |   (12,)   |
|     6     | actions                         |   (12,)   |
+-----------+---------------------------------+-----------+

[INFO] Event Manager:  <EventManager> contains 3 active terms.
+--------------------------------------+
| Active Event Terms in Mode: 'startup' |
+----------+---------------------------+
|  Index   | Name                      |
+----------+---------------------------+
|    0     | physics_material          |
+----------+---------------------------+
+---------------------------------------+
|  Active Event Terms in Mode: 'reset'  |
+--------+------------------------------+
| Index  | Name                         |
+--------+------------------------------+
|   0    | base_external_force_torque   |
|   1    | reset_base                   |
|   2    | reset_robot_joints           |
+--------+------------------------------+
+----------------------------------------------+
|    Active Event Terms in Mode: 'interval'    |
+-------+------------+-------------------------+
| Index | Name       | Interval time range (s) |
+-------+------------+-------------------------+
|   0   | push_robot |       (10.0, 15.0)      |
+-------+------------+-------------------------+

[INFO] Termination Manager:  <TerminationManager> contains 2 active terms.
+---------------------------------+
|     Active Termination Terms    |
+-------+--------------+----------+
| Index | Name         | Time Out |
+-------+--------------+----------+
|   0   | time_out     |   True   |
|   1   | base_contact |  False   |
+-------+--------------+----------+

[INFO] Reward Manager:  <RewardManager> contains 11 active terms.
+-----------------------------------------+
|           Active Reward Terms           |
+-------+----------------------+----------+
| Index | Name                 |   Weight |
+-------+----------------------+----------+
|   0   | track_lin_vel_xy_exp |      1.0 |
|   1   | track_ang_vel_z_exp  |      0.5 |
|   2   | lin_vel_z_l2         |     -2.0 |
|   3   | ang_vel_xy_l2        |    -0.05 |
|   4   | dof_torques_l2       | -2.5e-05 |
|   5   | dof_acc_l2           | -2.5e-07 |
|   6   | action_rate_l2       |    -0.01 |
|   7   | feet_air_time        |      0.5 |
|   8   | undesired_contacts   |     -1.0 |
|   9   | flat_orientation_l2  |     -5.0 |
|   10  | dof_pos_limits       |      0.0 |
+-------+----------------------+----------+

[INFO] Curriculum Manager:  <CurriculumManager> contains 0 active terms.
+----------------------+
| Active Curriculum Terms |
+-----------+----------+
|   Index   | Name     |
+-----------+----------+
+-----------+----------+

[INFO]: Completed setting up the environment...
[STAGE] environment_create_done
[STAGE] policy_adapter_setup_start
[STAGE] policy_adapter_setup_done
[INFO] task=YoboGo-Velocity-Flat-v0
[INFO] weights_adaptation=/run/media/pma213x/0C6A8CC86A8CAFCE/Ubuntu2/CodeU/Dog1/mini-cheetah-isaaclab/external_models/rapid-locomotion-rl/runs/rapid-locomotion/example/train/201852.132488/checkpoints/adaptation_module_latest.jit
[INFO] weights_body=/run/media/pma213x/0C6A8CC86A8CAFCE/Ubuntu2/CodeU/Dog1/mini-cheetah-isaaclab/external_models/rapid-locomotion-rl/runs/rapid-locomotion/example/train/201852.132488/checkpoints/body_latest.jit
[INFO] yobogo_observation_dim=48 rapid_observation_dim=42
[INFO] history_dim=630 action_dim=12
[INFO] inference_period=10 control_period_s=0.002 inference_hz=50
[INFO] rapid_replay_actuator_kp=20 kd=0.5 effort=18/18/26
[INFO] scenario=forward_probe rapid_command_requested=[0.45, 0.0, 0.0] settle_steps=200 motion_steps=600
[INFO] model_dummy_action_shape=(1, 12)
[INFO] model_dummy_latent_shape=(1, 18)
[STAGE] event_loop_start
[DIAG_INFER] step=1 policy_action_max=1.179989 applied_action_max=0.250000 obs_max=1.000000 history_nonzero_rows=0 position_clip=0 torque_clip=0 action=[-0.21977190673351288, 0.8110654354095459, -0.3086051940917969, -0.10791701078414917, 0.7024935483932495, 0.4472932815551758, 0.14830218255519867, -1.1799890995025635, 0.8864455223083496, 0.22358742356300354, -0.5151157379150391, -0.732103168964386]
[DIAG_TARGET] step=1 target_error=0.000000000 default=[0.0, -0.7853981852531433, 1.8654682636260986, 0.0, -0.7853981852531433, 1.8654682636260986, 0.0, -0.7853981852531433, 1.8654682636260986, 0.0, -0.7853981852531433, 1.8654682636260986] desired=[-0.12747149169445038, -0.737500011920929, 1.5575000047683716, 0.08651037514209747, -0.737500011920929, 1.6825000047683716, -0.08146222680807114, -0.862500011920929, 1.6825000047683716, 0.12794843316078186, -0.862500011920929, 1.5575000047683716] applied=[-0.12747149169445038, -0.737500011920929, 1.5575000047683716, 0.08651037514209747, -0.737500011920929, 1.6825000047683716, -0.08146222680807114, -0.862500011920929, 1.6825000047683716, 0.12794843316078186, -0.862500011920929, 1.5575000047683716] current=[0.0015884976601228118, -0.7858356237411499, 1.870010256767273, 0.0017795413732528687, -0.7846965193748474, 1.8679620027542114, 0.0011058384552598, -0.7855985760688782, 1.8684306144714355, 0.002358513418585062, -0.7843112349510193, 1.866318941116333]
[STAGE] first_step_done
[DIAG_INFER] step=11 policy_action_max=5.174539 applied_action_max=0.250000 obs_max=1.784350 history_nonzero_rows=1 position_clip=0 torque_clip=1 action=[0.50639808177948, 1.5777244567871094, 0.7038596868515015, -2.915788173675537, 0.25450098514556885, 0.9908909797668457, 1.8048272132873535, -5.174539089202881, 4.005849361419678, 1.2826842069625854, -3.350900888442993, 0.23994643986225128]
[DIAG_TARGET] step=11 target_error=0.000000000 default=[0.0, -0.7853981852531433, 1.8654682636260986, 0.0, -0.7853981852531433, 1.8654682636260986, 0.0, -0.7853981852531433, 1.8654682636260986, 0.0, -0.7853981852531433, 1.8654682636260986] desired=[-0.06875000149011612, -0.737500011920929, 1.6825000047683716, 0.06875000149011612, -0.737500011920929, 1.6825000047683716, -0.06875000149011612, -0.862500011920929, 1.6825000047683716, 0.13124999403953552, -0.862500011920929, 2.088951349258423] applied=[-0.06875000149011612, -0.737500011920929, 1.6825000047683716, 0.06875000149011612, -0.737500011920929, 1.6825000047683716, -0.06875000149011612, -0.862500011920929, 1.6825000047683716, 0.13124999403953552, -0.862500011920929, 2.088951349258423] current=[0.009408689104020596, -0.7893270254135132, 1.9077142477035522, 0.009399552829563618, -0.7709170579910278, 1.8792179822921753, 0.016943996772170067, -0.7869465947151184, 1.8998513221740723, 0.020367825403809547, -0.7658857107162476, 1.8704285621643066]
[DIAG_INFER] step=21 policy_action_max=6.122180 applied_action_max=0.250000 obs_max=5.174539 history_nonzero_rows=2 position_clip=0 torque_clip=1 action=[0.9404792189598083, 2.2283618450164795, 0.9156967401504517, -4.70089054107666, 0.554887056350708, 2.076139450073242, 3.0151989459991455, -6.122179985046387, 4.740203380584717, 1.9187182188034058, -2.1811540126800537, -0.13048966228961945]
[DIAG_TARGET] step=21 target_error=0.000000000 default=[0.0, -0.7853981852531433, 1.8654682636260986, 0.0, -0.7853981852531433, 1.8654682636260986, 0.0, -0.7853981852531433, 1.8654682636260986, 0.0, -0.7853981852531433, 1.8654682636260986] desired=[-0.06875000149011612, -0.737500011920929, 1.6825000047683716, 0.06875000149011612, -0.737500011920929, 1.6825000047683716, -0.06875000149011612, -0.862500011920929, 1.6825000047683716, 0.13124999403953552, -0.862500011920929, 1.6340059041976929] applied=[-0.06875000149011612, -0.737500011920929, 1.6825000047683716, 0.06875000149011612, -0.737500011920929, 1.6825000047683716, -0.06875000149011612, -0.862500011920929, 1.6825000047683716, 0.13124999403953552, -0.862500011920929, 1.6340059041976929] current=[0.01576070860028267, -0.7903417348861694, 1.932246208190918, 0.015191196464002132, -0.7561370134353638, 1.8794481754302979, 0.03404243290424347, -0.791046679019928, 1.9318342208862305, 0.06027768552303314, -0.7990835905075073, 1.9797531366348267]
[DIAG_INFER] step=31 policy_action_max=6.040869 applied_action_max=0.250000 obs_max=6.122180 history_nonzero_rows=3 position_clip=0 torque_clip=0 action=[0.6141447424888611, 2.4703497886657715, 0.2993103563785553, -4.5653486251831055, 1.2308763265609741, 1.4531208276748657, 3.3828437328338623, -6.040869235992432, 3.709794044494629, -1.3289496898651123, -1.567528486251831, -1.367592692375183]
[DIAG_TARGET] step=31 target_error=0.000000000 default=[0.0, -0.7853981852531433, 1.8654682636260986, 0.0, -0.7853981852531433, 1.8654682636260986, 0.0, -0.7853981852531433, 1.8654682636260986, 0.0, -0.7853981852531433, 1.8654682636260986] desired=[-0.06875000149011612, -0.737500011920929, 1.6825000047683716, 0.06875000149011612, -0.737500011920929, 1.6825000047683716, -0.06875000149011612, -0.862500011920929, 1.6825000047683716, 0.06875000149011612, -0.862500011920929, 1.5575000047683716] applied=[-0.06875000149011612, -0.737500011920929, 1.6825000047683716, 0.06875000149011612, -0.737500011920929, 1.6825000047683716, -0.06875000149011612, -0.862500011920929, 1.6825000047683716, 0.06875000149011612, -0.862500011920929, 1.5575000047683716] current=[0.011111565865576267, -0.7888000011444092, 1.9506008625030518, 0.009654806926846504, -0.7393802404403687, 1.8686383962631226, 0.0370885506272316, -0.7951664328575134, 1.964516282081604, 0.09329057484865189, -0.8161259889602661, 1.8414186239242554]
[DIAG_INFER] step=41 policy_action_max=5.976846 applied_action_max=0.250000 obs_max=6.040869 history_nonzero_rows=4 position_clip=0 torque_clip=0 action=[0.868263304233551, 2.3285160064697266, 0.7546811103820801, -4.750528335571289, 1.0682815313339233, 1.0119339227676392, 2.694730520248413, -5.976846218109131, 3.1406233310699463, -2.777575969696045, -0.12638923525810242, -2.4287567138671875]
[DIAG_TARGET] step=41 target_error=0.000000000 default=[0.0, -0.7853981852531433, 1.8654682636260986, 0.0, -0.7853981852531433, 1.8654682636260986, 0.0, -0.7853981852531433, 1.8654682636260986, 0.0, -0.7853981852531433, 1.8654682636260986] desired=[-0.06875000149011612, -0.737500011920929, 1.6825000047683716, 0.06875000149011612, -0.737500011920929, 1.6825000047683716, -0.06875000149011612, -0.862500011920929, 1.6825000047683716, 0.06875000149011612, -0.8315973281860352, 1.5575000047683716] applied=[-0.06875000149011612, -0.737500011920929, 1.6825000047683716, 0.06875000149011612, -0.737500011920929, 1.6825000047683716, -0.06875000149011612, -0.862500011920929, 1.6825000047683716, 0.06875000149011612, -0.8315973281860352, 1.5575000047683716] current=[-0.0023008056450635195, -0.7815844416618347, 1.9610925912857056, -0.004902591463178396, -0.7172971963882446, 1.8445637226104736, 0.02823583036661148, -0.7932817339897156, 1.9893715381622314, 0.0821666419506073, -0.7983690500259399, 1.8294631242752075]
[DIAG_INFER] step=51 policy_action_max=4.772414 applied_action_max=0.250000 obs_max=5.976846 history_nonzero_rows=5 position_clip=0 torque_clip=0 action=[1.168742299079895, 2.989011764526367, 0.5430781841278076, -4.654900550842285, 0.8092887997627258, 1.0216622352600098, 1.837507724761963, -4.772414207458496, 1.5928115844726562, -1.3474661111831665, 0.0995798408985138, -2.8629300594329834]
[DIAG_TARGET] step=51 target_error=0.000000000 default=[0.0, -0.7853981852531433, 1.8654682636260986, 0.0, -0.7853981852531433, 1.8654682636260986, 0.0, -0.7853981852531433, 1.8654682636260986, 0.0, -0.7853981852531433, 1.8654682636260986] desired=[-0.06875000149011612, -0.737500011920929, 1.6825000047683716, 0.06875000149011612, -0.737500011920929, 1.6825000047683716, -0.06875000149011612, -0.862500011920929, 1.6825000047683716, 0.06875000149011612, -0.7751050591468811, 1.5575000047683716] applied=[-0.06875000149011612, -0.737500011920929, 1.6825000047683716, 0.06875000149011612, -0.737500011920929, 1.6825000047683716, -0.06875000149011612, -0.862500011920929, 1.6825000047683716, 0.06875000149011612, -0.7751050591468811, 1.5575000047683716] current=[-0.0091998977586627, -0.7686720490455627, 1.9618077278137207, -0.004845775663852692, -0.6944538354873657, 1.809791088104248, 0.0233612097799778, -0.7849906086921692, 2.0034499168395996, 0.07450562715530396, -0.7782883048057556, 1.81229567527771]
[DIAG_INFER] step=61 policy_action_max=4.243891 applied_action_max=0.250000 obs_max=4.772414 history_nonzero_rows=6 position_clip=0 torque_clip=0 action=[1.6582578420639038, 2.707782506942749, 0.694037675857544, -4.243890762329102, 0.2572398781776428, 0.7100619077682495, 0.9127564430236816, -3.977327346801758, 0.8690073490142822, -2.18542742729187, 1.0224329233169556, -2.5267159938812256]
[DIAG_TARGET] step=61 target_error=0.000000000 default=[0.0, -0.7853981852531433, 1.8654682636260986, 0.0, -0.7853981852531433, 1.8654682636260986, 0.0, -0.7853981852531433, 1.8654682636260986, 0.0, -0.7853981852531433, 1.8654682636260986] desired=[-0.06875000149011612, -0.737500011920929, 1.6825000047683716, 0.06875000149011612, -0.737500011920929, 1.6825000047683716, -0.06875000149011612, -0.862500011920929, 1.6825000047683716, 0.06875000149011612, -0.737500011920929, 1.5575000047683716] applied=[-0.06875000149011612, -0.737500011920929, 1.6825000047683716, 0.06875000149011612, -0.737500011920929, 1.6825000047683716, -0.06875000149011612, -0.862500011920929, 1.6825000047683716, 0.06875000149011612, -0.737500011920929, 1.5575000047683716] current=[-0.01371384784579277, -0.752268373966217, 1.9566789865493774, 0.012090078555047512, -0.6847664713859558, 1.7672486305236816, 0.020692091435194016, -0.7723062038421631, 2.0100879669189453, 0.06883006542921066, -0.7555988430976868, 1.7910728454589844]
[DIAG_INFER] step=71 policy_action_max=3.105300 applied_action_max=0.250000 obs_max=4.243891 history_nonzero_rows=7 position_clip=0 torque_clip=0 action=[1.828823208808899, 2.6970112323760986, 0.5958977937698364, -2.893531084060669, 0.38652902841567993, -0.22385936975479126, -0.08525973558425903, -2.976320743560791, -0.047561317682266235, -3.105299949645996, 1.0102083683013916, -1.0068413019180298]
[DIAG_TARGET] step=71 target_error=0.000000000 default=[0.0, -0.7853981852531433, 1.8654682636260986, 0.0, -0.7853981852531433, 1.8654682636260986, 0.0, -0.7853981852531433, 1.8654682636260986, 0.0, -0.7853981852531433, 1.8654682636260986] desired=[-0.06875000149011612, -0.737500011920929, 1.6825000047683716, 0.06875000149011612, -0.737500011920929, 1.564035177230835, -0.1106574684381485, -0.862500011920929, 1.608109712600708, 0.06875000149011612, -0.737500011920929, 1.5575000047683716] applied=[-0.06875000149011612, -0.737500011920929, 1.6825000047683716, 0.06875000149011612, -0.737500011920929, 1.564035177230835, -0.1106574684381485, -0.862500011920929, 1.608109712600708, 0.06875000149011612, -0.737500011920929, 1.5575000047683716] current=[-0.020290883257985115, -0.7341023683547974, 1.9487336874008179, 0.030667029321193695, -0.6959028840065002, 1.7259608507156372, 0.018040532246232033, -0.7570447325706482, 2.012418031692505, 0.06304655969142914, -0.729788064956665, 1.7664272785186768]
[DIAG_INFER] step=81 policy_action_max=3.646928 applied_action_max=0.250000 obs_max=3.105300 history_nonzero_rows=8 position_clip=0 torque_clip=1 action=[2.8366665840148926, 1.8706833124160767, 1.9107520580291748, 0.7141240835189819, 1.2124969959259033, -0.858332633972168, -2.4754669666290283, -0.6424566507339478, -1.9268426895141602, -3.646927833557129, -0.07325288653373718, 1.5584051609039307]
[DIAG_TARGET] step=81 target_error=0.000000000 default=[0.0, -0.7853981852531433, 1.8654682636260986, 0.0, -0.7853981852531433, 1.8654682636260986, 0.0, -0.7853981852531433, 1.8654682636260986, 0.0, -0.7853981852531433, 1.8654682636260986] desired=[-0.06875000149011612, -0.737500011920929, 1.6825000047683716, 0.13124999403953552, -0.737500011920929, 1.5575000047683716, -0.13124999403953552, -0.862500011920929, 1.5575000047683716, 0.06875000149011612, -0.6885514259338379, 1.6825000047683716] applied=[-0.06875000149011612, -0.737500011920929, 1.6825000047683716, 0.13124999403953552, -0.737500011920929, 1.5575000047683716, -0.13124999403953552, -0.862500011920929, 1.5575000047683716, 0.06875000149011612, -0.6885514259338379, 1.6825000047683716] current=[-0.030899502336978912, -0.7146065831184387, 1.9373914003372192, 0.042305756360292435, -0.6890466213226318, 1.6771187782287598, 0.011605853214859962, -0.7401906251907349, 2.011169195175171, 0.05350183695554733, -0.7024895548820496, 1.738301157951355]
[DIAG_INFER] step=91 policy_action_max=3.088795 applied_action_max=0.250000 obs_max=3.646928 history_nonzero_rows=9 position_clip=0 torque_clip=1 action=[3.0887949466705322, 1.8740497827529907, 1.7377924919128418, 2.6219217777252197, 0.35390904545783997, -0.016286738216876984, -0.08011132478713989, 0.14231300354003906, -1.7370524406433105, -2.942546844482422, -0.535557746887207, 2.6695942878723145]
[DIAG_TARGET] step=91 target_error=0.000000000 default=[0.0, -0.7853981852531433, 1.8654682636260986, 0.0, -0.7853981852531433, 1.8654682636260986, 0.0, -0.7853981852531433, 1.8654682636260986, 0.0, -0.7853981852531433, 1.8654682636260986] desired=[-0.06875000149011612, -0.737500011920929, 1.6825000047683716, 0.13124999403953552, -0.737500011920929, 1.615928292274475, -0.1100139170885086, -0.7644217610359192, 1.5575000047683716, 0.06875000149011612, -0.6677349805831909, 1.6825000047683716] applied=[-0.06875000149011612, -0.737500011920929, 1.6825000047683716, 0.13124999403953552, -0.737500011920929, 1.615928292274475, -0.1100139170885086, -0.7644217610359192, 1.5575000047683716, 0.06875000149011612, -0.6677349805831909, 1.6825000047683716] current=[-0.030318958684802055, -0.694014847278595, 1.922034502029419, 0.07670370489358902, -0.6940575838088989, 1.62342369556427, 0.013206706382334232, -0.722165048122406, 2.005859613418579, 0.05277197062969208, -0.6813539862632751, 1.7171142101287842]
[DIAG_INFER] step=101 policy_action_max=3.482071 applied_action_max=0.250000 obs_max=3.088795 history_nonzero_rows=10 position_clip=0 torque_clip=1 action=[3.160393238067627, 1.714109182357788, 2.1004421710968018, 3.4820706844329834, 0.4981658458709717, -0.10491371899843216, -0.23264718055725098, 0.35169434547424316, -2.156590461730957, -2.9699134826660156, -0.5292675495147705, 3.4787182807922363]
[DIAG_TARGET] step=101 target_error=0.000000000 default=[0.0, -0.7853981852531433, 1.8654682636260986, 0.0, -0.7853981852531433, 1.8654682636260986, 0.0, -0.7853981852531433, 1.8654682636260986, 0.0, -0.7853981852531433, 1.8654682636260986] desired=[-0.06875000149011612, -0.737500011920929, 1.6825000047683716, 0.13124999403953552, -0.737500011920929, 1.5937715768814087, -0.1290808916091919, -0.737500011920929, 1.5575000047683716, 0.06875000149011612, -0.5482985973358154, 1.6825000047683716] applied=[-0.06875000149011612, -0.737500011920929, 1.6825000047683716, 0.13124999403953552, -0.737500011920929, 1.5937715768814087, -0.1290808916091919, -0.737500011920929, 1.5575000047683716, 0.06875000149011612, -0.5482985973358154, 1.6825000047683716] current=[-0.025723017752170563, -0.6720475554466248, 1.9072060585021973, 0.10380225628614426, -0.7183371782302856, 1.616715669631958, 0.015800781548023224, -0.7017797827720642, 1.9986603260040283, 0.053302355110645294, -0.6627089977264404, 1.7027283906936646]
[DIAG_INFER] step=111 policy_action_max=3.569731 applied_action_max=0.250000 obs_max=3.482071 history_nonzero_rows=11 position_clip=0 torque_clip=1 action=[3.112572193145752, 1.2356271743774414, 2.092273473739624, 3.44966721534729, 0.4601669907569885, 0.42979443073272705, -0.09155714511871338, 0.24531817436218262, -2.3530664443969727, -3.423593521118164, -0.40762224793434143, 3.5697314739227295]
[DIAG_TARGET] step=111 target_error=0.000000000 default=[0.0, -0.7853981852531433, 1.8654682636260986, 0.0, -0.7853981852531433, 1.8654682636260986, 0.0, -0.7853981852531433, 1.8654682636260986, 0.0, -0.7853981852531433, 1.8654682636260986] desired=[-0.06875000149011612, -0.737500011920929, 1.6825000047683716, 0.13124999403953552, -0.737500011920929, 1.6825000047683716, -0.11144464462995529, -0.7386704683303833, 1.5575000047683716, 0.06875000149011612, -0.43042659759521484, 1.6825000047683716] applied=[-0.06875000149011612, -0.737500011920929, 1.6825000047683716, 0.13124999403953552, -0.737500011920929, 1.6825000047683716, -0.11144464462995529, -0.7386704683303833, 1.5575000047683716, 0.06875000149011612, -0.43042659759521484, 1.6825000047683716] current=[-0.02400759421288967, -0.6476793885231018, 1.8954812288284302, 0.1134628877043724, -0.7318189740180969, 1.6051578521728516, 0.013325709849596024, -0.6773337125778198, 1.9902191162109375, 0.04998834431171417, -0.608722984790802, 1.6875553131103516]
[DIAG_INFER] step=121 policy_action_max=4.127137 applied_action_max=0.250000 obs_max=3.569731 history_nonzero_rows=12 position_clip=0 torque_clip=1 action=[3.441537618637085, 0.9967442750930786, 2.347855567932129, 3.2300214767456055, 0.6930108070373535, 0.2972174882888794, 0.05630612373352051, 0.23965883255004883, -2.5289676189422607, -3.530097246170044, -0.5171005725860596, 4.127136707305908]
[DIAG_TARGET] step=121 target_error=0.000000000 default=[0.0, -0.7853981852531433, 1.8654682636260986, 0.0, -0.7853981852531433, 1.8654682636260986, 0.0, -0.7853981852531433, 1.8654682636260986, 0.0, -0.7853981852531433, 1.8654682636260986] desired=[-0.06875000149011612, -0.737500011920929, 1.6825000047683716, 0.13124999403953552, -0.737500011920929, 1.6825000047683716, -0.09296173602342606, -0.7400853037834167, 1.5575000047683716, 0.06875000149011612, -0.40597033500671387, 1.6825000047683716] applied=[-0.06875000149011612, -0.737500011920929, 1.6825000047683716, 0.13124999403953552, -0.737500011920929, 1.6825000047683716, -0.09296173602342606, -0.7400853037834167, 1.5575000047683716, 0.06875000149011612, -0.40597033500671387, 1.6825000047683716] current=[-0.021095629781484604, -0.6220105886459351, 1.8868906497955322, 0.1161079853773117, -0.7385541200637817, 1.6471328735351562, 0.011705150827765465, -0.6504330635070801, 1.9818476438522339, 0.049355942755937576, -0.513599157333374, 1.681209921836853]
[DIAG_INFER] step=131 policy_action_max=4.308815 applied_action_max=0.250000 obs_max=4.127137 history_nonzero_rows=13 position_clip=0 torque_clip=1 action=[3.495450019836426, 0.8559578657150269, 2.3290340900421143, 2.859494924545288, 0.6817368268966675, 0.34482908248901367, 0.4139444828033447, 0.3557851314544678, -2.574075698852539, -3.0799403190612793, -0.9638544321060181, 4.308814525604248]
[DIAG_TARGET] step=131 target_error=0.000000000 default=[0.0, -0.7853981852531433, 1.8654682636260986, 0.0, -0.7853981852531433, 1.8654682636260986, 0.0, -0.7853981852531433, 1.8654682636260986, 0.0, -0.7853981852531433, 1.8654682636260986] desired=[-0.06875000149011612, -0.737500011920929, 1.6825000047683716, 0.13124999403953552, -0.737500011920929, 1.6825000047683716, -0.06875000149011612, -0.737500011920929, 1.5575000047683716, 0.06875000149011612, -0.5323429107666016, 1.6825000047683716] applied=[-0.06875000149011612, -0.737500011920929, 1.6825000047683716, 0.13124999403953552, -0.737500011920929, 1.6825000047683716, -0.06875000149011612, -0.737500011920929, 1.5575000047683716, 0.06875000149011612, -0.5323429107666016, 1.6825000047683716] current=[-0.01531081460416317, -0.5979294180870056, 1.8808752298355103, 0.11728149652481079, -0.7367403507232666, 1.6667389869689941, 0.012570932507514954, -0.6252709031105042, 1.9768491983413696, 0.04988319054245949, -0.4363710284233093, 1.6833032369613647]
[DIAG_INFER] step=141 policy_action_max=4.492057 applied_action_max=0.250000 obs_max=4.308815 history_nonzero_rows=14 position_clip=0 torque_clip=1 action=[3.3986802101135254, 1.1569122076034546, 2.2299554347991943, 2.9961555004119873, 0.9221151471138, -0.07854092866182327, 0.4710516929626465, 0.6727554798126221, -2.250486135482788, -2.132838726043701, -1.4225795269012451, 4.4920573234558105]
[DIAG_TARGET] step=141 target_error=0.000000000 default=[0.0, -0.7853981852531433, 1.8654682636260986, 0.0, -0.7853981852531433, 1.8654682636260986, 0.0, -0.7853981852531433, 1.8654682636260986, 0.0, -0.7853981852531433, 1.8654682636260986] desired=[-0.06875000149011612, -0.737500011920929, 1.6825000047683716, 0.13124999403953552, -0.737500011920929, 1.6003648042678833, -0.06875000149011612, -0.737500011920929, 1.5575000047683716, 0.06875000149011612, -0.7654691338539124, 1.6825000047683716] applied=[-0.06875000149011612, -0.737500011920929, 1.6825000047683716, 0.13124999403953552, -0.737500011920929, 1.6003648042678833, -0.06875000149011612, -0.737500011920929, 1.5575000047683716, 0.06875000149011612, -0.7654691338539124, 1.6825000047683716] current=[-0.0050453199073672295, -0.5780439972877502, 1.876703143119812, 0.11701349914073944, -0.7355441451072693, 1.6723356246948242, 0.017382394522428513, -0.605340301990509, 1.9776732921600342, 0.05069117248058319, -0.45453891158103943, 1.6886311769485474]
[DIAG_INFER] step=151 policy_action_max=3.972524 applied_action_max=0.250000 obs_max=4.492057 history_nonzero_rows=15 position_clip=0 torque_clip=0 action=[3.009812593460083, 1.2848039865493774, 1.8733141422271729, 3.0195233821868896, 0.8585240840911865, -0.005621381103992462, 0.045899271965026855, 0.21744120121002197, -1.7858009338378906, -1.748674988746643, -1.6433645486831665, 3.9725241661071777]
[DIAG_TARGET] step=151 target_error=0.000000000 default=[0.0, -0.7853981852531433, 1.8654682636260986, 0.0, -0.7853981852531433, 1.8654682636260986, 0.0, -0.7853981852531433, 1.8654682636260986, 0.0, -0.7853981852531433, 1.8654682636260986] desired=[-0.06875000149011612, -0.737500011920929, 1.6825000047683716, 0.13124999403953552, -0.737500011920929, 1.6185946464538574, -0.09426259249448776, -0.7456396818161011, 1.5575000047683716, 0.06875000149011612, -0.862500011920929, 1.6825000047683716] applied=[-0.06875000149011612, -0.737500011920929, 1.6825000047683716, 0.13124999403953552, -0.737500011920929, 1.6185946464538574, -0.09426259249448776, -0.7456396818161011, 1.5575000047683716, 0.06875000149011612, -0.862500011920929, 1.6825000047683716] current=[0.005927298218011856, -0.5635789632797241, 1.8746285438537598, 0.11400631070137024, -0.7336865663528442, 1.6313793659210205, 0.022931834682822227, -0.5920860767364502, 1.9861135482788086, 0.05519164353609085, -0.5799155235290527, 1.7275747060775757]
[DIAG_INFER] step=161 policy_action_max=3.625277 applied_action_max=0.250000 obs_max=3.972524 history_nonzero_rows=15 position_clip=0 torque_clip=0 action=[2.425088405609131, 0.6657156944274902, 1.459324598312378, 3.2803609371185303, 1.0672063827514648, 0.5626494288444519, -0.2993946671485901, -0.03602658957242966, -1.5076854228973389, -3.625277042388916, -1.0429363250732422, 2.476271867752075]
[DIAG_TARGET] step=161 target_error=0.000000000 default=[0.0, -0.7853981852531433, 1.8654682636260986, 0.0, -0.7853981852531433, 1.8654682636260986, 0.0, -0.7853981852531433, 1.8654682636260986, 0.0, -0.7853981852531433, 1.8654682636260986] desired=[-0.06875000149011612, -0.737500011920929, 1.6825000047683716, 0.13124999403953552, -0.737500011920929, 1.6825000047683716, -0.13124999403953552, -0.8090066313743591, 1.5575000047683716, 0.06875000149011612, -0.862500011920929, 1.6825000047683716] applied=[-0.06875000149011612, -0.737500011920929, 1.6825000047683716, 0.13124999403953552, -0.737500011920929, 1.6825000047683716, -0.13124999403953552, -0.8090066313743591, 1.5575000047683716, 0.06875000149011612, -0.862500011920929, 1.6825000047683716] current=[0.003104954259470105, -0.5532874464988708, 1.8771535158157349, 0.1072278842329979, -0.7364532351493835, 1.6408138275146484, 0.016333146020770073, -0.583146870136261, 2.0016472339630127, 0.07246330380439758, -0.6773800253868103, 1.779086709022522]
[DIAG_INFER] step=171 policy_action_max=4.313358 applied_action_max=0.250000 obs_max=3.625277 history_nonzero_rows=15 position_clip=0 torque_clip=1 action=[2.274040937423706, 0.47296929359436035, 1.1609272956848145, 3.1580770015716553, 1.1618412733078003, 0.36191701889038086, -0.6722679734230042, -0.4625190496444702, -1.3310177326202393, -4.313357830047607, -0.7115036249160767, 1.3032827377319336]
[DIAG_TARGET] step=171 target_error=0.000000000 default=[0.0, -0.7853981852531433, 1.8654682636260986, 0.0, -0.7853981852531433, 1.8654682636260986, 0.0, -0.7853981852531433, 1.8654682636260986, 0.0, -0.7853981852531433, 1.8654682636260986] desired=[-0.06875000149011612, -0.737500011920929, 1.6825000047683716, 0.13124999403953552, -0.737500011920929, 1.6825000047683716, -0.13124999403953552, -0.862500011920929, 1.5575000047683716, -0.020420074462890625, -0.862500011920929, 1.6825000047683716] applied=[-0.06875000149011612, -0.737500011920929, 1.6825000047683716, 0.13124999403953552, -0.737500011920929, 1.6825000047683716, -0.13124999403953552, -0.862500011920929, 1.5575000047683716, -0.020420074462890625, -0.862500011920929, 1.6825000047683716] current=[-0.013523547910153866, -0.5465567111968994, 1.8824502229690552, 0.0993318036198616, -0.735805869102478, 1.6624386310577393, -0.0037211934104561806, -0.5776572227478027, 2.0215749740600586, 0.07905330508947372, -0.728397011756897, 1.8094619512557983]
[DIAG_INFER] step=181 policy_action_max=4.014754 applied_action_max=0.250000 obs_max=4.313358 history_nonzero_rows=15 position_clip=0 torque_clip=1 action=[1.8963226079940796, 0.3564574718475342, 0.8664573431015015, 2.4104864597320557, 1.3579556941986084, 0.21265089511871338, -0.7692494988441467, -0.5685985684394836, -0.8646891117095947, -4.014754295349121, -0.675217866897583, 0.3029731512069702]
[DIAG_TARGET] step=181 target_error=0.000000000 default=[0.0, -0.7853981852531433, 1.8654682636260986, 0.0, -0.7853981852531433, 1.8654682636260986, 0.0, -0.7853981852531433, 1.8654682636260986, 0.0, -0.7853981852531433, 1.8654682636260986] desired=[-0.06875000149011612, -0.737500011920929, 1.6825000047683716, 0.13124999403953552, -0.737500011920929, 1.6731626987457275, -0.13124999403953552, -0.862500011920929, 1.5575000047683716, -0.2675214409828186, -0.862500011920929, 1.6825000047683716] applied=[-0.06875000149011612, -0.737500011920929, 1.6825000047683716, 0.13124999403953552, -0.737500011920929, 1.6731626987457275, -0.13124999403953552, -0.862500011920929, 1.5575000047683716, -0.2675214409828186, -0.862500011920929, 1.6825000047683716] current=[-0.03799779340624809, -0.5433785319328308, 1.8882955312728882, 0.09602677077054977, -0.7330296039581299, 1.6718158721923828, -0.03220975771546364, -0.5756639242172241, 2.0431106090545654, 0.05595492199063301, -0.7440376877784729, 1.8457767963409424]
[DIAG_INFER] step=191 policy_action_max=4.138322 applied_action_max=0.250000 obs_max=4.014754 history_nonzero_rows=15 position_clip=0 torque_clip=1 action=[1.9094644784927368, 0.34392109513282776, 1.8493361473083496, -2.024648666381836, 0.21493665874004364, 1.0368915796279907, -2.875211238861084, -3.4251351356506348, 0.961789608001709, -4.138321876525879, -1.0068317651748657, -2.009383201599121]
[DIAG_TARGET] step=191 target_error=0.000000000 default=[0.0, -0.7853981852531433, 1.8654682636260986, 0.0, -0.7853981852531433, 1.8654682636260986, 0.0, -0.7853981852531433, 1.8654682636260986, 0.0, -0.7853981852531433, 1.8654682636260986] desired=[-0.06875000149011612, -0.737500011920929, 1.6825000047683716, 0.06875000149011612, -0.7462658286094666, 1.6825000047683716, -0.13124999403953552, -0.862500011920929, 1.6825000047683716, -1.3143417835235596, -0.862500011920929, 1.5575000047683716] applied=[-0.06875000149011612, -0.737500011920929, 1.6825000047683716, 0.06875000149011612, -0.7462658286094666, 1.6825000047683716, -0.13124999403953552, -0.862500011920929, 1.6825000047683716, -1.3143417835235596, -0.862500011920929, 1.5575000047683716] current=[-0.08196130394935608, -0.5429862141609192, 1.897229790687561, 0.08397630602121353, -0.7307687997817993, 1.6702773571014404, -0.08492986857891083, -0.5755871534347534, 2.0661847591400146, 0.006044224835932255, -0.7589474320411682, 1.8799359798431396]
[DIAG_INFER] step=201 policy_action_max=14.430048 applied_action_max=0.250000 obs_max=5.343091 history_nonzero_rows=15 position_clip=0 torque_clip=2 action=[-6.175858974456787, 3.393073797225952, 2.48319411277771, -13.429584503173828, 1.8711117506027222, 0.20815140008926392, -2.123026132583618, -14.430047988891602, 7.077643871307373, -10.426316261291504, 0.15644410252571106, -5.197326183319092]
[DIAG_TARGET] step=201 target_error=0.000000000 default=[0.0, -0.7853981852531433, 1.8654682636260986, 0.0, -0.7853981852531433, 1.8654682636260986, 0.0, -0.7853981852531433, 1.8654682636260986, 0.0, -0.7853981852531433, 1.8654682636260986] desired=[-0.13124999403953552, -0.737500011920929, 1.6825000047683716, 0.06875000149011612, -0.737500011920929, 1.6720378398895264, -0.13124999403953552, -0.862500011920929, 1.6825000047683716, -1.5, -0.7608889937400818, 2.349071979522705] applied=[-0.13124999403953552, -0.737500011920929, 1.6825000047683716, 0.06875000149011612, -0.737500011920929, 1.6720378398895264, -0.13124999403953552, -0.862500011920929, 1.6825000047683716, -1.5, -0.7608889937400818, 2.349071979522705] current=[-0.20184649527072906, -0.5419121384620667, 1.9272714853286743, 0.008879253640770912, -0.7282065153121948, 1.6713544130325317, -0.23947885632514954, -0.566521167755127, 2.0875437259674072, -0.3035477101802826, -0.773963212966919, 1.972273826599121]
[DIAG_INFER] step=211 policy_action_max=10.400688 applied_action_max=0.250000 obs_max=14.430048 history_nonzero_rows=15 position_clip=0 torque_clip=2 action=[7.284360885620117, 6.003178119659424, 1.4990589618682861, -10.400688171386719, 3.6323349475860596, -0.2972303628921509, -1.7909362316131592, -6.87619686126709, -2.0556445121765137, 3.8271121978759766, -2.283944845199585, 0.7510354518890381]
[DIAG_TARGET] step=211 target_error=0.000000000 default=[0.0, -0.7853981852531433, 1.8654682636260986, 0.0, -0.7853981852531433, 1.8654682636260986, 0.0, -0.7853981852531433, 1.8654682636260986, 0.0, -0.7853981852531433, 1.8654682636260986] desired=[-0.06875000149011612, -0.737500011920929, 1.6825000047683716, 0.06875000149011612, -0.737500011920929, 1.5575000047683716, -0.6535074710845947, -0.862500011920929, 1.5575000047683716, 0.20025163888931274, -0.862500011920929, 1.6825000047683716] applied=[-0.06875000149011612, -0.737500011920929, 1.6825000047683716, 0.06875000149011612, -0.737500011920929, 1.5575000047683716, -0.6535074710845947, -0.862500011920929, 1.5575000047683716, 0.20025163888931274, -0.862500011920929, 1.6825000047683716] current=[-0.23871064186096191, -0.5323905944824219, 1.9467194080352783, 0.06186369061470032, -0.7342482209205627, 1.6682920455932617, -0.32738542556762695, -0.5524821281433105, 2.0839734077453613, -0.8876379728317261, -0.7595868706703186, 2.148395538330078]
[DIAG_INFER] step=221 policy_action_max=19.590755 applied_action_max=0.250000 obs_max=10.400688 history_nonzero_rows=15 position_clip=0 torque_clip=2 action=[13.731292724609375, 9.36453914642334, 13.401412963867188, 9.361482620239258, 0.733660101890564, -11.34150505065918, -3.753648042678833, 3.475140333175659, -7.638731956481934, -2.5055856704711914, -14.677248001098633, 19.590755462646484]
[DIAG_TARGET] step=221 target_error=0.000000000 default=[0.0, -0.7853981852531433, 1.8654682636260986, 0.0, -0.7853981852531433, 1.8654682636260986, 0.0, -0.7853981852531433, 1.8654682636260986, 0.0, -0.7853981852531433, 1.8654682636260986] desired=[-0.06875000149011612, -0.737500011920929, 1.6825000047683716, 0.13124999403953552, -0.737500011920929, 1.5575000047683716, -0.13124999403953552, -0.737500011920929, 1.5575000047683716, 1.5, -0.862500011920929, 0.9127991199493408] applied=[-0.06875000149011612, -0.737500011920929, 1.6825000047683716, 0.13124999403953552, -0.737500011920929, 1.5575000047683716, -0.13124999403953552, -0.737500011920929, 1.5575000047683716, 1.5, -0.862500011920929, 0.9127991199493408] current=[-0.13743537664413452, -0.5330120921134949, 1.91697359085083, 0.15954408049583435, -0.7469450235366821, 1.6100380420684814, -0.33280569314956665, -0.5589039921760559, 2.047926664352417, -0.7929908037185669, -0.7426093220710754, 2.030200481414795]
[DIAG_INFER] step=231 policy_action_max=10.420627 applied_action_max=0.250000 obs_max=19.590755 history_nonzero_rows=15 position_clip=0 torque_clip=3 action=[4.789281845092773, 2.1778411865234375, 4.7782182693481445, 1.9498710632324219, -3.3472142219543457, -6.391079902648926, -8.753754615783691, 1.0033621788024902, -8.861079216003418, 4.178035259246826, -10.420626640319824, 9.999078750610352]
[DIAG_TARGET] step=231 target_error=0.000000000 default=[0.0, -0.7853981852531433, 1.8654682636260986, 0.0, -0.7853981852531433, 1.8654682636260986, 0.0, -0.7853981852531433, 1.8654682636260986, 0.0, -0.7853981852531433, 1.8654682636260986] desired=[-0.06875000149011612, -0.737500011920929, 1.6825000047683716, 0.13124999403953552, -0.862500011920929, 1.5575000047683716, -0.13124999403953552, -0.737500011920929, 1.5575000047683716, 1.5, -1.5804961919784546, -0.21280312538146973] applied=[-0.06875000149011612, -0.737500011920929, 1.6825000047683716, 0.13124999403953552, -0.862500011920929, 1.5575000047683716, -0.13124999403953552, -0.737500011920929, 1.5575000047683716, 1.5, -1.5804961919784546, -0.21280312538146973] current=[0.0013888416578993201, -0.543652355670929, 1.8505394458770752, 0.2234676331281662, -0.7488028407096863, 1.615086317062378, -0.16884544491767883, -0.5365727543830872, 1.9679988622665405, -0.6473669409751892, -0.7464264631271362, 2.0530641078948975]
[DIAG_INFER] step=241 policy_action_max=6.983377 applied_action_max=0.250000 obs_max=10.420627 history_nonzero_rows=15 position_clip=0 torque_clip=3 action=[2.3210833072662354, 0.3400175869464874, 5.639194965362549, -3.000497579574585, -2.3014142513275146, -3.1249003410339355, -4.3407673835754395, -1.0942614078521729, -0.5619006156921387, -3.5184009075164795, -6.983376502990723, 3.7027359008789062]
[DIAG_TARGET] step=241 target_error=0.000000000 default=[0.0, -0.7853981852531433, 1.8654682636260986, 0.0, -0.7853981852531433, 1.8654682636260986, 0.0, -0.7853981852531433, 1.8654682636260986, 0.0, -0.7853981852531433, 1.8654682636260986] desired=[-0.06875000149011612, -0.737500011920929, 1.6825000047683716, 0.06875000149011612, -0.862500011920929, 1.5575000047683716, -0.13124999403953552, -0.862500011920929, 1.5575000047683716, -0.4717835783958435, -4.420709133148193, -1.3102657794952393] applied=[-0.06875000149011612, -0.737500011920929, 1.6825000047683716, 0.06875000149011612, -0.862500011920929, 1.5575000047683716, -0.13124999403953552, -0.862500011920929, 1.5575000047683716, -0.4717835783958435, -4.420709133148193, -1.3102657794952393] current=[0.011171053163707256, -0.6154300570487976, 1.7686586380004883, 0.34163448214530945, -0.7695451378822327, 1.6725854873657227, -0.061545584350824356, -0.5344407558441162, 1.8543035984039307, -0.49061936140060425, -0.7348469495773315, 2.037341356277466]
[DIAG_INFER] step=251 policy_action_max=6.854321 applied_action_max=0.250000 obs_max=6.983377 history_nonzero_rows=15 position_clip=0 torque_clip=3 action=[2.555171012878418, -0.13543829321861267, 4.365572452545166, -4.336406707763672, -1.5061661005020142, -3.5978643894195557, -6.854321002960205, -4.529974937438965, -0.23989343643188477, -6.427394866943359, -4.118056297302246, -0.06546519696712494]
[DIAG_TARGET] step=251 target_error=0.000000000 default=[0.0, -0.7853981852531433, 1.8654682636260986, 0.0, -0.7853981852531433, 1.8654682636260986, 0.0, -0.7853981852531433, 1.8654682636260986, 0.0, -0.7853981852531433, 1.8654682636260986] desired=[-0.06875000149011612, -0.8338595628738403, 1.6825000047683716, 0.06875000149011612, -0.862500011920929, 1.5575000047683716, -0.13124999403953552, -0.862500011920929, 1.5600266456604004, -1.5, -3.577332019805908, 1.3678991794586182] applied=[-0.06875000149011612, -0.8338595628738403, 1.6825000047683716, 0.06875000149011612, -0.862500011920929, 1.5575000047683716, -0.13124999403953552, -0.862500011920929, 1.5600266456604004, -1.5, -3.577332019805908, 1.3678991794586182] current=[-0.09603966772556305, -0.7049617171287537, 1.7162631750106812, 0.2912956178188324, -0.7821927070617676, 1.6844981908798218, -0.13020528852939606, -0.6284253001213074, 1.7657203674316406, -0.4542999267578125, -0.7227385640144348, 1.9633041620254517]
[DIAG_INFER] step=261 policy_action_max=8.334888 applied_action_max=0.250000 obs_max=6.854321 history_nonzero_rows=15 position_clip=0 torque_clip=4 action=[3.02474308013916, 6.100040435791016, 5.878476142883301, -0.37994179129600525, -5.996668815612793, -4.198142051696777, 2.019779920578003, 3.334853410720825, -0.2015085220336914, 1.5605871677398682, -5.985649108886719, 8.334888458251953]
[DIAG_TARGET] step=261 target_error=0.000000000 default=[0.0, -0.7853981852531433, 1.8654682636260986, 0.0, -0.7853981852531433, 1.8654682636260986, 0.0, -0.7853981852531433, 1.8654682636260986, 0.0, -0.7853981852531433, 1.8654682636260986] desired=[-0.06875000149011612, -0.737500011920929, 1.6825000047683716, 0.06875000149011612, -0.862500011920929, 1.5575000047683716, -0.8136152625083923, -1.3197039365768433, 1.5696228742599487, 1.5, -3.6140761375427246, 1.6825000047683716] applied=[-0.06875000149011612, -0.737500011920929, 1.6825000047683716, 0.06875000149011612, -0.862500011920929, 1.5575000047683716, -0.8136152625083923, -1.3197039365768433, 1.5696228742599487, 1.5, -3.6140761375427246, 1.6825000047683716] current=[-0.12205660343170166, -0.7895784378051758, 1.6950592994689941, 0.17866307497024536, -0.8046912550926208, 1.637088656425476, -0.20123136043548584, -0.7249340415000916, 1.7148209810256958, -0.9608921408653259, -1.2766637802124023, 1.6761291027069092]
[DIAG_INFER] step=271 policy_action_max=9.180859 applied_action_max=0.250000 obs_max=8.334888 history_nonzero_rows=15 position_clip=0 torque_clip=3 action=[1.1666306257247925, 0.7513555288314819, 3.2055885791778564, 2.5358965396881104, 4.692722797393799, -5.907768249511719, -9.180858612060547, 2.487262725830078, -1.4170498847961426, 5.335002899169922, -1.6069468259811401, 7.800625801086426]
[DIAG_TARGET] step=271 target_error=0.000000000 default=[0.0, -0.7853981852531433, 1.8654682636260986, 0.0, -0.7853981852531433, 1.8654682636260986, 0.0, -0.7853981852531433, 1.8654682636260986, 0.0, -0.7853981852531433, 1.8654682636260986] desired=[-0.06875000149011612, -0.737500011920929, 1.6825000047683716, 0.11102211475372314, -0.737500011920929, 1.5575000047683716, -0.13124999403953552, -2.1394901275634766, 1.5575000047683716, 1.3305690288543701, -0.862500011920929, 1.6825000047683716] applied=[-0.06875000149011612, -0.737500011920929, 1.6825000047683716, 0.11102211475372314, -0.737500011920929, 1.5575000047683716, -0.13124999403953552, -2.1394901275634766, 1.5575000047683716, 1.3305690288543701, -0.862500011920929, 1.6825000047683716] current=[-0.04416198655962944, -0.807023286819458, 1.6770950555801392, 0.1892150193452835, -0.8285017609596252, 1.6309587955474854, -0.40101224184036255, -0.9988676905632019, 1.6269199848175049, -0.5921982526779175, -2.090183734893799, 1.606887936592102]
[DIAG_INFER] step=281 policy_action_max=10.405483 applied_action_max=0.250000 obs_max=9.180859 history_nonzero_rows=15 position_clip=0 torque_clip=5 action=[5.383840560913086, 2.960752010345459, 3.3166849613189697, -3.0352046489715576, 3.692674160003662, -1.44343101978302, -10.40548324584961, -4.616925239562988, -0.0018963813781738281, -4.791817665100098, 2.0815889835357666, -0.4009908437728882]
[DIAG_TARGET] step=281 target_error=0.000000000 default=[0.0, -0.7853981852531433, 1.8654682636260986, 0.0, -0.7853981852531433, 1.8654682636260986, 0.0, -0.7853981852531433, 1.8654682636260986, 0.0, -0.7853981852531433, 1.8654682636260986] desired=[-0.06875000149011612, -0.737500011920929, 1.6825000047683716, 0.06875000149011612, -1.3324041366577148, 1.5575000047683716, 0.2707067131996155, -1.2335087060928345, 1.6195259094238281, -1.5, 0.8452199101448059, 1.5575000047683716] applied=[-0.06875000149011612, -0.737500011920929, 1.6825000047683716, 0.06875000149011612, -1.3324041366577148, 1.5575000047683716, 0.2707067131996155, -1.2335087060928345, 1.6195259094238281, -1.5, 0.8452199101448059, 1.5575000047683716] current=[-0.03602748364210129, -0.7595961093902588, 1.6788990497589111, 0.23780609667301178, -0.8634488582611084, 1.6521449089050293, -0.3369106650352478, -1.5524922609329224, 1.5763736963272095, 0.21552957594394684, -2.3092446327209473, 1.5658284425735474]
[DIAG_INFER] step=291 policy_action_max=12.119698 applied_action_max=0.250000 obs_max=10.405483 history_nonzero_rows=15 position_clip=0 torque_clip=3 action=[8.652427673339844, -0.22789904475212097, 3.314544916152954, -12.119697570800781, 2.820967197418213, 2.0333123207092285, -9.009285926818848, -4.4466376304626465, 0.5781195163726807, -7.011744022369385, -1.7721983194351196, -3.873349905014038]
[DIAG_TARGET] step=291 target_error=0.000000000 default=[0.0, -0.7853981852531433, 1.8654682636260986, 0.0, -0.7853981852531433, 1.8654682636260986, 0.0, -0.7853981852531433, 1.8654682636260986, 0.0, -0.7853981852531433, 1.8654682636260986] desired=[-0.06875000149011612, -0.8569747805595398, 1.6825000047683716, 0.06875000149011612, -0.737500011920929, 1.6825000047683716, -0.18976891040802002, -0.862500011920929, 1.6825000047683716, -1.5, -0.1415576934814453, 1.5575000047683716] applied=[-0.06875000149011612, -0.8569747805595398, 1.6825000047683716, 0.06875000149011612, -0.737500011920929, 1.6825000047683716, -0.18976891040802002, -0.862500011920929, 1.6825000047683716, -1.5, -0.1415576934814453, 1.5575000047683716] current=[-0.15673714876174927, -0.7235129475593567, 1.692069411277771, 0.07171547412872314, -1.0029234886169434, 1.6281934976577759, -0.06386744976043701, -1.6426845788955688, 1.5482767820358276, -0.1468873769044876, -1.6806126832962036, 1.467166781425476]
[DIAG_INFER] step=301 policy_action_max=12.711240 applied_action_max=0.250000 obs_max=12.119698 history_nonzero_rows=15 position_clip=0 torque_clip=3 action=[8.419748306274414, 10.322688102722168, 12.7112398147583, -2.6651298999786377, -3.3215062618255615, -7.258752822875977, 1.3170530796051025, -4.459949970245361, -0.9064493179321289, -2.236025333404541, -1.3128321170806885, 7.8095831871032715]
[DIAG_TARGET] step=301 target_error=0.000000000 default=[0.0, -0.7853981852531433, 1.8654682636260986, 0.0, -0.7853981852531433, 1.8654682636260986, 0.0, -0.7853981852531433, 1.8654682636260986, 0.0, -0.7853981852531433, 1.8654682636260986] desired=[-0.06875000149011612, -0.737500011920929, 1.6825000047683716, 0.06875000149011612, -0.862500011920929, 1.5575000047683716, -0.5746481418609619, -0.862500011920929, 1.5575000047683716, 1.5, -2.816950559616089, 1.6825000047683716] applied=[-0.06875000149011612, -0.737500011920929, 1.6825000047683716, 0.06875000149011612, -0.862500011920929, 1.5575000047683716, -0.5746481418609619, -0.862500011920929, 1.5575000047683716, 1.5, -2.816950559616089, 1.6825000047683716] current=[-0.13924911618232727, -0.7583249807357788, 1.6926383972167969, 0.06252045184373856, -0.9743402600288391, 1.6314492225646973, -0.10812130570411682, -1.2487413883209229, 1.5958306789398193, -0.8277258276939392, -1.0044080018997192, 1.461483120918274]
[DIAG_INFER] step=311 policy_action_max=9.285413 applied_action_max=0.250000 obs_max=12.711240 history_nonzero_rows=15 position_clip=0 torque_clip=2 action=[6.471471309661865, 2.813967227935791, 9.285412788391113, -4.959839820861816, 2.5184834003448486, -4.726719379425049, -2.243596315383911, -5.337090492248535, -3.3408141136169434, 3.0313024520874023, -6.290955066680908, 8.386354446411133]
[DIAG_TARGET] step=311 target_error=0.000000000 default=[0.0, -0.7853981852531433, 1.8654682636260986, 0.0, -0.7853981852531433, 1.8654682636260986, 0.0, -0.7853981852531433, 1.8654682636260986, 0.0, -0.7853981852531433, 1.8654682636260986] desired=[-0.06875000149011612, -0.737500011920929, 1.6825000047683716, 0.06875000149011612, -0.737500011920929, 1.5575000047683716, -0.13124999403953552, -0.862500011920929, 1.5575000047683716, 1.5, -0.862500011920929, 2.325357437133789] applied=[-0.06875000149011612, -0.737500011920929, 1.6825000047683716, 0.06875000149011612, -0.737500011920929, 1.5575000047683716, -0.13124999403953552, -0.862500011920929, 1.5575000047683716, 1.5, -0.862500011920929, 2.325357437133789] current=[-0.033913061022758484, -0.7826995849609375, 1.6995532512664795, 0.1556190401315689, -0.89938884973526, 1.5993248224258423, -0.2510474920272827, -1.033755898475647, 1.5716861486434937, -0.6282185316085815, -0.9045140147209167, 1.6672238111495972]
[DIAG_INFER] step=321 policy_action_max=5.699399 applied_action_max=0.250000 obs_max=9.285413 history_nonzero_rows=15 position_clip=0 torque_clip=3 action=[5.143815994262695, -2.4917984008789062, 3.252610206604004, -3.006385564804077, 3.507749080657959, 0.17808973789215088, -5.699399471282959, -3.510782480239868, -3.2424023151397705, -5.453389644622803, -2.299713611602783, 0.8873146772384644]
[DIAG_TARGET] step=321 target_error=0.000000000 default=[0.0, -0.7853981852531433, 1.8654682636260986, 0.0, -0.7853981852531433, 1.8654682636260986, 0.0, -0.7853981852531433, 1.8654682636260986, 0.0, -0.7853981852531433, 1.8654682636260986] desired=[-0.06875000149011612, -0.862500011920929, 1.6825000047683716, 0.06875000149011612, -0.737500011920929, 1.664522409439087, 0.22276902198791504, -0.862500011920929, 1.5575000047683716, -0.9946766495704651, -0.5287109613418579, 1.6825000047683716] applied=[-0.06875000149011612, -0.862500011920929, 1.6825000047683716, 0.06875000149011612, -0.737500011920929, 1.664522409439087, 0.22276902198791504, -0.862500011920929, 1.5575000047683716, -0.9946766495704651, -0.5287109613418579, 1.6825000047683716] current=[-0.016182726249098778, -0.7692159414291382, 1.6984490156173706, 0.23055791854858398, -0.9024526476860046, 1.6552010774612427, -0.24191099405288696, -0.9149008989334106, 1.569214105606079, 0.1704453080892563, -0.9087345004081726, 1.973526954650879]
[DIAG_INFER] step=331 policy_action_max=15.592478 applied_action_max=0.250000 obs_max=5.968220 history_nonzero_rows=15 position_clip=0 torque_clip=2 action=[-5.790219306945801, 2.245227575302124, 4.002272605895996, -14.587799072265625, 4.418216228485107, 0.07427214831113815, -1.3655376434326172, -15.592477798461914, 7.883866310119629, -13.567420959472656, -3.216125011444092, -4.660793304443359]
[DIAG_TARGET] step=331 target_error=0.000000000 default=[0.0, -0.7853981852531433, 1.8654682636260986, 0.0, -0.7853981852531433, 1.8654682636260986, 0.0, -0.7853981852531433, 1.8654682636260986, 0.0, -0.7853981852531433, 1.8654682636260986] desired=[-0.13124999403953552, -0.737500011920929, 1.6825000047683716, 0.06875000149011612, -0.737500011920929, 1.6385680437088013, -0.13124999403953552, -0.862500011920929, 1.6825000047683716, -1.5, -0.862500011920929, 2.700000047683716] applied=[-0.13124999403953552, -0.737500011920929, 1.6825000047683716, 0.06875000149011612, -0.737500011920929, 1.6385680437088013, -0.13124999403953552, -0.862500011920929, 1.6825000047683716, -1.5, -0.862500011920929, 2.700000047683716] current=[-0.14993594586849213, -0.7859470248222351, 1.7540314197540283, 0.13755372166633606, -0.9146860241889954, 1.711990237236023, -0.2580866515636444, -0.9059821963310242, 1.6388962268829346, 0.024651186540722847, -0.7302027940750122, 1.8564335107803345]
[DIAG_INFER] step=341 policy_action_max=16.374048 applied_action_max=0.250000 obs_max=15.592478 history_nonzero_rows=15 position_clip=0 torque_clip=2 action=[-1.3121646642684937, 8.546196937561035, 0.1792328655719757, -16.374048233032227, 4.576772212982178, 2.4136576652526855, 5.348380088806152, -13.885303497314453, 4.752280235290527, -1.408302903175354, -2.9817981719970703, 0.23302985727787018]
[DIAG_TARGET] step=341 target_error=0.000000000 default=[0.0, -0.7853981852531433, 1.8654682636260986, 0.0, -0.7853981852531433, 1.8654682636260986, 0.0, -0.7853981852531433, 1.8654682636260986, 0.0, -0.7853981852531433, 1.8654682636260986] desired=[-0.13124999403953552, -0.737500011920929, 1.6648082733154297, 0.06875000149011612, -0.737500011920929, 1.6825000047683716, -0.7511176466941833, -0.862500011920929, 1.6825000047683716, 0.06875000149011612, -0.862500011920929, 2.700000047683716] applied=[-0.13124999403953552, -0.737500011920929, 1.6648082733154297, 0.06875000149011612, -0.737500011920929, 1.6825000047683716, -0.7511176466941833, -0.862500011920929, 1.6825000047683716, 0.06875000149011612, -0.862500011920929, 2.700000047683716] current=[-0.21839331090450287, -0.7851411700248718, 1.819580316543579, 0.0901719480752945, -0.9183771014213562, 1.7533372640609741, -0.26041942834854126, -0.8942496180534363, 1.6968190670013428, -0.7686900496482849, -0.7066861987113953, 2.290297508239746]
[DIAG_INFER] step=351 policy_action_max=13.817710 applied_action_max=0.250000 obs_max=16.374048 history_nonzero_rows=15 position_clip=0 torque_clip=3 action=[13.817709922790527, 6.914284706115723, 4.5196614265441895, -11.997734069824219, 1.817376971244812, 1.3438282012939453, 1.6835248470306396, -7.543930530548096, 2.168590545654297, 10.483821868896484, -3.196556806564331, 1.063285231590271]
[DIAG_TARGET] step=351 target_error=0.000000000 default=[0.0, -0.7853981852531433, 1.8654682636260986, 0.0, -0.7853981852531433, 1.8654682636260986, 0.0, -0.7853981852531433, 1.8654682636260986, 0.0, -0.7853981852531433, 1.8654682636260986] desired=[-0.06875000149011612, -0.737500011920929, 1.6825000047683716, 0.06875000149011612, -0.737500011920929, 1.6825000047683716, -0.06875000149011612, -0.862500011920929, 1.6825000047683716, 1.5, -1.037331223487854, 1.9060399532318115] applied=[-0.06875000149011612, -0.737500011920929, 1.6825000047683716, 0.06875000149011612, -0.737500011920929, 1.6825000047683716, -0.06875000149011612, -0.862500011920929, 1.6825000047683716, 1.5, -1.037331223487854, 1.9060399532318115] current=[-0.15358303487300873, -0.7960622906684875, 1.851708173751831, 0.16745957732200623, -0.9659380912780762, 1.8494024276733398, -0.39196011424064636, -0.874727725982666, 1.6783894300460815, -0.6774301528930664, -0.7249735593795776, 2.47027850151062]
[DIAG_INFER] step=361 policy_action_max=9.549742 applied_action_max=0.250000 obs_max=13.817710 history_nonzero_rows=15 position_clip=0 torque_clip=4 action=[9.549741744995117, 4.832517623901367, 7.160755634307861, -3.5152978897094727, 3.9427876472473145, -1.2441000938415527, -1.1626956462860107, 2.13783860206604, -6.829161167144775, -0.27299585938453674, -5.484493255615234, 5.080630779266357]
[DIAG_TARGET] step=361 target_error=0.000000000 default=[0.0, -0.7853981852531433, 1.8654682636260986, 0.0, -0.7853981852531433, 1.8654682636260986, 0.0, -0.7853981852531433, 1.8654682636260986, 0.0, -0.7853981852531433, 1.8654682636260986] desired=[-0.06875000149011612, -0.737500011920929, 1.6825000047683716, 0.06875000149011612, -0.737500011920929, 1.5575000047683716, 0.18278901278972626, -0.737500011920929, 1.5575000047683716, 1.2723731994628906, -0.8451871871948242, 1.2015067338943481] applied=[-0.06875000149011612, -0.737500011920929, 1.6825000047683716, 0.06875000149011612, -0.737500011920929, 1.5575000047683716, 0.18278901278972626, -0.737500011920929, 1.5575000047683716, 1.2723731994628906, -0.8451871871948242, 1.2015067338943481] current=[-0.05622711405158043, -0.7963080406188965, 1.8332644701004028, 0.3124299943447113, -1.0185047388076782, 1.965933918952942, -0.3096258342266083, -0.8742921948432922, 1.6805615425109863, 0.1401248723268509, -0.8106016516685486, 2.0965487957000732]
[DIAG_INFER] step=371 policy_action_max=7.893830 applied_action_max=0.250000 obs_max=9.549742 history_nonzero_rows=15 position_clip=0 torque_clip=3 action=[5.989738941192627, -1.791995882987976, 4.675281047821045, -1.1333491802215576, 3.020946502685547, -0.08064235001802444, -5.853573322296143, -1.278338074684143, -1.7503368854522705, -7.893829822540283, -1.951259970664978, 1.1540216207504272]
[DIAG_TARGET] step=371 target_error=0.000000000 default=[0.0, -0.7853981852531433, 1.8654682636260986, 0.0, -0.7853981852531433, 1.8654682636260986, 0.0, -0.7853981852531433, 1.8654682636260986, 0.0, -0.7853981852531433, 1.8654682636260986] desired=[-0.06875000149011612, -0.862500011920929, 1.6825000047683716, 0.06875000149011612, -0.737500011920929, 1.599839448928833, 0.44529101252555847, -0.862500011920929, 1.5575000047683716, -1.5, -0.7380781769752502, 1.6825000047683716] applied=[-0.06875000149011612, -0.862500011920929, 1.6825000047683716, 0.06875000149011612, -0.737500011920929, 1.599839448928833, 0.44529101252555847, -0.862500011920929, 1.5575000047683716, -1.5, -0.7380781769752502, 1.6825000047683716] current=[-0.08031810075044632, -0.7703830599784851, 1.7941356897354126, 0.3601824641227722, -1.0547994375228882, 2.044727087020874, -0.16541574895381927, -0.845135509967804, 1.6455965042114258, 0.7734350562095642, -0.7939552068710327, 1.6355738639831543]
[DIAG_INFER] step=381 policy_action_max=12.705253 applied_action_max=0.250000 obs_max=7.893830 history_nonzero_rows=15 position_clip=0 torque_clip=2 action=[4.1543498039245605, 0.7562452554702759, 5.017212390899658, -5.808689594268799, 0.9794920682907104, -0.8131064176559448, -9.52412223815918, -7.642370700836182, 0.021067142486572266, -12.705252647399902, -4.248290538787842, -2.3805181980133057]
[DIAG_TARGET] step=381 target_error=0.000000000 default=[0.0, -0.7853981852531433, 1.8654682636260986, 0.0, -0.7853981852531433, 1.8654682636260986, 0.0, -0.7853981852531433, 1.8654682636260986, 0.0, -0.7853981852531433, 1.8654682636260986] desired=[-0.06875000149011612, -0.737500011920929, 1.6825000047683716, 0.06875000149011612, -0.737500011920929, 1.5575000047683716, -0.13124999403953552, -0.862500011920929, 1.6252667903900146, -1.5, -0.862500011920929, 1.6390470266342163] applied=[-0.06875000149011612, -0.737500011920929, 1.6825000047683716, 0.06875000149011612, -0.737500011920929, 1.5575000047683716, -0.13124999403953552, -0.862500011920929, 1.6252667903900146, -1.5, -0.862500011920929, 1.6390470266342163] current=[-0.2041425257921219, -0.7822154760360718, 1.8197613954544067, 0.23919665813446045, -1.0412986278533936, 2.059541702270508, -0.24800866842269897, -0.8875046372413635, 1.7242813110351562, 0.575484573841095, -0.8190695643424988, 1.7390836477279663]
[DIAG_INFER] step=391 policy_action_max=16.017078 applied_action_max=0.250000 obs_max=12.705253 history_nonzero_rows=15 position_clip=0 torque_clip=2 action=[3.4653518199920654, -0.040790408849716187, 4.95420503616333, -7.71922492980957, 2.979307174682617, -2.711704730987549, -14.449055671691895, -8.588288307189941, -2.445772647857666, -16.017078399658203, -5.819394111633301, -2.6419546604156494]
[DIAG_TARGET] step=391 target_error=0.000000000 default=[0.0, -0.7853981852531433, 1.8654682636260986, 0.0, -0.7853981852531433, 1.8654682636260986, 0.0, -0.7853981852531433, 1.8654682636260986, 0.0, -0.7853981852531433, 1.8654682636260986] desired=[-0.06875000149011612, -0.8101975917816162, 1.6825000047683716, 0.06875000149011612, -0.737500011920929, 1.5575000047683716, -0.13124999403953552, -0.862500011920929, 1.5575000047683716, -1.5, -0.862500011920929, 1.9226018190383911] applied=[-0.06875000149011612, -0.8101975917816162, 1.6825000047683716, 0.06875000149011612, -0.737500011920929, 1.5575000047683716, -0.13124999403953552, -0.862500011920929, 1.5575000047683716, -1.5, -0.862500011920929, 1.9226018190383911] current=[-0.378377228975296, -0.7782859802246094, 1.8475466966629028, 0.0665363222360611, -0.994255006313324, 2.0218403339385986, -0.41340482234954834, -0.8906298875808716, 1.7583352327346802, 0.21556556224822998, -0.8504737019538879, 1.8793284893035889]
[DIAG_INFER] step=401 policy_action_max=10.960243 applied_action_max=0.250000 obs_max=16.017078 history_nonzero_rows=15 position_clip=0 torque_clip=3 action=[3.330526113510132, -0.720246434211731, 6.144571781158447, 0.42270246148109436, 2.877312183380127, -5.899996757507324, -3.470034599304199, 0.24772989749908447, -2.308875560760498, -5.143033981323242, -2.8966755867004395, 10.960243225097656]
[DIAG_TARGET] step=401 target_error=0.000000000 default=[0.0, -0.7853981852531433, 1.8654682636260986, 0.0, -0.7853981852531433, 1.8654682636260986, 0.0, -0.7853981852531433, 1.8654682636260986, 0.0, -0.7853981852531433, 1.8654682636260986] desired=[-0.06875000149011612, -0.862500011920929, 1.6825000047683716, 0.13124999403953552, -0.737500011920929, 1.5575000047683716, -0.3910680115222931, -0.7380675077438354, 1.5575000047683716, 0.760058581829071, 0.17747628688812256, 1.6825000047683716] applied=[-0.06875000149011612, -0.862500011920929, 1.6825000047683716, 0.13124999403953552, -0.737500011920929, 1.5575000047683716, -0.3910680115222931, -0.7380675077438354, 1.5575000047683716, 0.760058581829071, 0.17747628688812256, 1.6825000047683716] current=[-0.4315331280231476, -0.752410888671875, 1.8822171688079834, 0.013955872505903244, -0.9191895723342896, 1.942328691482544, -0.4958384037017822, -0.8466820120811462, 1.7479028701782227, -0.4422113001346588, -0.8430627584457397, 1.9967259168624878]
[DIAG_INFER] step=411 policy_action_max=22.182316 applied_action_max=0.250000 obs_max=10.960243 history_nonzero_rows=15 position_clip=0 torque_clip=3 action=[8.946722030639648, 9.923620223999023, 11.8964262008667, 13.297765731811523, -1.6799527406692505, -12.951910018920898, -3.619199514389038, 2.87302303314209, -12.095551490783691, -4.9193949699401855, -17.91950225830078, 22.182315826416016]
[DIAG_TARGET] step=411 target_error=0.000000000 default=[0.0, -0.7853981852531433, 1.8654682636260986, 0.0, -0.7853981852531433, 1.8654682636260986, 0.0, -0.7853981852531433, 1.8654682636260986, 0.0, -0.7853981852531433, 1.8654682636260986] desired=[-0.06875000149011612, -0.737500011920929, 1.6825000047683716, 0.13124999403953552, -0.862500011920929, 1.5575000047683716, -0.13124999403953552, -0.7097593545913696, 1.5575000047683716, 1.5, -0.862500011920929, 0.055452823638916016] applied=[-0.06875000149011612, -0.737500011920929, 1.6825000047683716, 0.13124999403953552, -0.862500011920929, 1.5575000047683716, -0.13124999403953552, -0.7097593545913696, 1.5575000047683716, 1.5, -0.862500011920929, 0.055452823638916016] current=[-0.24534273147583008, -0.7371920347213745, 1.8480809926986694, 0.18490944802761078, -0.8833450675010681, 1.9328604936599731, -0.3769832253456116, -0.7776841521263123, 1.6575431823730469, -0.1617613434791565, -0.4115029573440552, 1.8558967113494873]
[DIAG_INFER] step=421 policy_action_max=12.796244 applied_action_max=0.250000 obs_max=22.182316 history_nonzero_rows=15 position_clip=0 torque_clip=3 action=[7.001537322998047, 1.3133994340896606, 3.3693859577178955, -0.5264043807983398, -1.8769587278366089, -5.623045444488525, -10.05738353729248, 0.9660873413085938, -12.796243667602539, 3.1141622066497803, -7.760375022888184, 8.364240646362305]
[DIAG_TARGET] step=421 target_error=0.000000000 default=[0.0, -0.7853981852531433, 1.8654682636260986, 0.0, -0.7853981852531433, 1.8654682636260986, 0.0, -0.7853981852531433, 1.8654682636260986, 0.0, -0.7853981852531433, 1.8654682636260986] desired=[-0.06875000149011612, -0.737500011920929, 1.6825000047683716, 0.06875000149011612, -0.862500011920929, 1.5575000047683716, 0.19684086740016937, -0.737500011920929, 1.5575000047683716, 1.5, -0.862500011920929, -0.5757923126220703] applied=[-0.06875000149011612, -0.737500011920929, 1.6825000047683716, 0.06875000149011612, -0.862500011920929, 1.5575000047683716, 0.19684086740016937, -0.737500011920929, 1.5575000047683716, 1.5, -0.862500011920929, -0.5757923126220703] current=[-0.10442788153886795, -0.7243062853813171, 1.759138822555542, 0.36284780502319336, -0.8483176231384277, 1.9259239435195923, -0.23455867171287537, -0.7351276278495789, 1.6003897190093994, 0.42483583092689514, -0.21477079391479492, 1.5718472003936768]
[DIAG_INFER] step=431 policy_action_max=3.346235 applied_action_max=0.250000 obs_max=12.796244 history_nonzero_rows=15 position_clip=0 torque_clip=2 action=[3.3462347984313965, 0.34614530205726624, 2.4225080013275146, -2.0027120113372803, 1.8798378705978394, -0.6521508693695068, -2.34497332572937, 1.9592301845550537, -0.308884859085083, -2.7243356704711914, -2.451453924179077, 0.5388332605361938]
[DIAG_TARGET] step=431 target_error=0.000000000 default=[0.0, -0.7853981852531433, 1.8654682636260986, 0.0, -0.7853981852531433, 1.8654682636260986, 0.0, -0.7853981852531433, 1.8654682636260986, 0.0, -0.7853981852531433, 1.8654682636260986] desired=[-0.06875000149011612, -0.737500011920929, 1.6825000047683716, 0.06875000149011612, -0.737500011920929, 1.5575000047683716, 0.6045307517051697, -0.737500011920929, 1.5575000047683716, -0.45159465074539185, -0.862500011920929, 1.6825000047683716] applied=[-0.06875000149011612, -0.737500011920929, 1.6825000047683716, 0.06875000149011612, -0.737500011920929, 1.5575000047683716, 0.6045307517051697, -0.737500011920929, 1.5575000047683716, -0.45159465074539185, -0.862500011920929, 1.6825000047683716] current=[-0.0885014459490776, -0.7317771315574646, 1.7144334316253662, 0.43889331817626953, -0.809994637966156, 1.8881580829620361, -0.06721033155918121, -0.7318363785743713, 1.5807629823684692, 0.9616310000419617, -0.28132450580596924, 1.0905513763427734]
[DIAG_INFER] step=441 policy_action_max=5.368289 applied_action_max=0.250000 obs_max=3.346235 history_nonzero_rows=15 position_clip=0 torque_clip=1 action=[4.865439414978027, 0.6249039173126221, 1.4311491250991821, -1.2735955715179443, 0.7405884265899658, -0.8903894424438477, -1.7523798942565918, -0.6798670291900635, -1.7440197467803955, -5.368288516998291, -1.4925135374069214, -1.0631765127182007]
[DIAG_TARGET] step=441 target_error=0.000000000 default=[0.0, -0.7853981852531433, 1.8654682636260986, 0.0, -0.7853981852531433, 1.8654682636260986, 0.0, -0.7853981852531433, 1.8654682636260986, 0.0, -0.7853981852531433, 1.8654682636260986] desired=[-0.06875000149011612, -0.737500011920929, 1.6825000047683716, 0.06875000149011612, -0.737500011920929, 1.5575000047683716, -0.13124999403953552, -0.862500011920929, 1.5575000047683716, -1.1572368144989014, -0.862500011920929, 1.5575000047683716] applied=[-0.06875000149011612, -0.737500011920929, 1.6825000047683716, 0.06875000149011612, -0.737500011920929, 1.5575000047683716, -0.13124999403953552, -0.862500011920929, 1.5575000047683716, -1.1572368144989014, -0.862500011920929, 1.5575000047683716] current=[-0.17357394099235535, -0.7437669634819031, 1.7007218599319458, 0.32472217082977295, -0.7427162528038025, 1.7921901941299438, -0.020309926941990852, -0.7532774806022644, 1.69013512134552, 0.7227437496185303, -0.6831322908401489, 1.4013335704803467]
[DIAG_INFER] step=451 policy_action_max=18.182438 applied_action_max=0.250000 obs_max=6.308507 history_nonzero_rows=15 position_clip=0 torque_clip=2 action=[-7.125398635864258, 2.5330073833465576, 3.8994572162628174, -16.409284591674805, 5.161013126373291, 0.16974341869354248, 2.8340017795562744, -18.182437896728516, 13.355875015258789, -12.546651840209961, -5.076480865478516, -6.491946697235107]
[DIAG_TARGET] step=451 target_error=0.000000000 default=[0.0, -0.7853981852531433, 1.8654682636260986, 0.0, -0.7853981852531433, 1.8654682636260986, 0.0, -0.7853981852531433, 1.8654682636260986, 0.0, -0.7853981852531433, 1.8654682636260986] desired=[-0.13124999403953552, -0.737500011920929, 1.6825000047683716, 0.06875000149011612, -0.737500011920929, 1.6624358892440796, -0.06875000149011612, -0.862500011920929, 1.6825000047683716, -1.5, -0.862500011920929, 2.700000047683716] applied=[-0.13124999403953552, -0.737500011920929, 1.6825000047683716, 0.06875000149011612, -0.737500011920929, 1.6624358892440796, -0.06875000149011612, -0.862500011920929, 1.6825000047683716, -1.5, -0.862500011920929, 2.700000047683716] current=[-0.23013249039649963, -0.7470318078994751, 1.7333285808563232, 0.11563906818628311, -0.693187952041626, 1.6705487966537476, -0.19513456523418427, -0.7568075656890869, 1.7191873788833618, 0.09507527202367783, -0.842448353767395, 1.6441593170166016]
[DIAG_INFER] step=461 policy_action_max=15.771000 applied_action_max=0.250000 obs_max=18.182438 history_nonzero_rows=15 position_clip=0 torque_clip=3 action=[1.334065318107605, 8.754243850708008, -0.1972915232181549, -15.770999908447266, 5.349168300628662, 2.0273659229278564, 3.502904176712036, -10.895362854003906, -1.1909515857696533, 1.1698764562606812, -4.605693340301514, -2.738255023956299]
[DIAG_TARGET] step=461 target_error=0.000000000 default=[0.0, -0.7853981852531433, 1.8654682636260986, 0.0, -0.7853981852531433, 1.8654682636260986, 0.0, -0.7853981852531433, 1.8654682636260986, 0.0, -0.7853981852531433, 1.8654682636260986] desired=[-0.06875000149011612, -0.737500011920929, 1.5706771612167358, 0.06875000149011612, -0.737500011920929, 1.6825000047683716, -0.7106637358665466, -0.862500011920929, 1.5575000047683716, 0.13124999403953552, -0.24194073677062988, 2.336726665496826] applied=[-0.06875000149011612, -0.737500011920929, 1.5706771612167358, 0.06875000149011612, -0.737500011920929, 1.6825000047683716, -0.7106637358665466, -0.862500011920929, 1.5575000047683716, 0.13124999403953552, -0.24194073677062988, 2.336726665496826] current=[-0.2828837037086487, -0.7248629927635193, 1.7967239618301392, 0.08525072783231735, -0.7081459164619446, 1.6651216745376587, -0.2207825481891632, -0.7708393335342407, 1.7620278596878052, -0.7018238306045532, -0.8566470146179199, 2.1427204608917236]
[DIAG_INFER] step=471 policy_action_max=11.176474 applied_action_max=0.250000 obs_max=15.771000 history_nonzero_rows=15 position_clip=0 torque_clip=2 action=[11.176473617553711, 7.20957088470459, 8.3123779296875, -4.012668609619141, 4.113180637359619, -3.721409320831299, -1.0500288009643555, -0.9284540414810181, -5.038336753845215, -0.40756693482398987, -4.267438888549805, 5.829163074493408]
[DIAG_TARGET] step=471 target_error=0.000000000 default=[0.0, -0.7853981852531433, 1.8654682636260986, 0.0, -0.7853981852531433, 1.8654682636260986, 0.0, -0.7853981852531433, 1.8654682636260986, 0.0, -0.7853981852531433, 1.8654682636260986] desired=[-0.06875000149011612, -0.737500011920929, 1.6825000047683716, 0.06875000149011612, -0.737500011920929, 1.5575000047683716, -0.13124999403953552, -0.862500011920929, 1.5575000047683716, 1.4779696464538574, -0.6478904485702515, 1.6825000047683716] applied=[-0.06875000149011612, -0.737500011920929, 1.6825000047683716, 0.06875000149011612, -0.737500011920929, 1.5575000047683716, -0.13124999403953552, -0.862500011920929, 1.5575000047683716, 1.4779696464538574, -0.6478904485702515, 1.6825000047683716] current=[-0.24213489890098572, -0.6977969408035278, 1.7870835065841675, 0.17490723729133606, -0.738797664642334, 1.676059365272522, -0.33098098635673523, -0.7828694581985474, 1.6890305280685425, -0.5807716250419617, -0.5154107213020325, 2.1976211071014404]
[DIAG_INFER] step=481 policy_action_max=12.440737 applied_action_max=0.250000 obs_max=11.176474 history_nonzero_rows=15 position_clip=0 torque_clip=3 action=[8.894874572753906, 5.8482747077941895, 8.40521240234375, 4.1415910720825195, -0.30337417125701904, -8.494046211242676, -2.8457581996917725, 1.9812591075897217, -7.946914196014404, 0.9326409101486206, -12.440736770629883, 11.101066589355469]
[DIAG_TARGET] step=481 target_error=0.000000000 default=[0.0, -0.7853981852531433, 1.8654682636260986, 0.0, -0.7853981852531433, 1.8654682636260986, 0.0, -0.7853981852531433, 1.8654682636260986, 0.0, -0.7853981852531433, 1.8654682636260986] desired=[-0.06875000149011612, -0.737500011920929, 1.6825000047683716, 0.13124999403953552, -0.862500011920929, 1.5575000047683716, 0.27097249031066895, -0.737500011920929, 1.5575000047683716, 1.5, -0.862500011920929, 0.504807710647583] applied=[-0.06875000149011612, -0.737500011920929, 1.6825000047683716, 0.13124999403953552, -0.862500011920929, 1.5575000047683716, 0.27097249031066895, -0.737500011920929, 1.5575000047683716, 1.5, -0.862500011920929, 0.504807710647583] current=[-0.10452420264482498, -0.6976019740104675, 1.7387592792510986, 0.2161022573709488, -0.7620866298675537, 1.612025499343872, -0.26685184240341187, -0.8335400223731995, 1.6384282112121582, 0.22810491919517517, -0.4267411231994629, 1.8489935398101807]
[DIAG_INFER] step=491 policy_action_max=4.761882 applied_action_max=0.250000 obs_max=12.440737 history_nonzero_rows=15 position_clip=0 torque_clip=1 action=[4.243289470672607, 0.14648595452308655, 2.3067967891693115, -2.3900811672210693, 2.0268445014953613, -1.2766242027282715, -4.7618818283081055, 0.03257978707551956, -4.207204818725586, 0.21471643447875977, -4.353925704956055, 1.7007191181182861]
[DIAG_TARGET] step=491 target_error=0.000000000 default=[0.0, -0.7853981852531433, 1.8654682636260986, 0.0, -0.7853981852531433, 1.8654682636260986, 0.0, -0.7853981852531433, 1.8654682636260986, 0.0, -0.7853981852531433, 1.8654682636260986] desired=[-0.06875000149011612, -0.7633785009384155, 1.6825000047683716, 0.06875000149011612, -0.737500011920929, 1.5575000047683716, 0.8046046495437622, -0.7918550372123718, 1.5575000047683716, 0.1268395483493805, -0.862500011920929, 1.6825000047683716] applied=[-0.06875000149011612, -0.7633785009384155, 1.6825000047683716, 0.06875000149011612, -0.737500011920929, 1.5575000047683716, 0.8046046495437622, -0.7918550372123718, 1.5575000047683716, 0.1268395483493805, -0.862500011920929, 1.6825000047683716] current=[-0.04155938699841499, -0.7097568511962891, 1.704060673713684, 0.2363515943288803, -0.8119373917579651, 1.6422350406646729, -0.09552682936191559, -0.8406703472137451, 1.6628066301345825, 0.9719133377075195, -0.5698322057723999, 1.347424864768982]
[DIAG_INFER] step=501 policy_action_max=5.742767 applied_action_max=0.250000 obs_max=4.761882 history_nonzero_rows=15 position_clip=0 torque_clip=2 action=[4.255021095275879, 0.7643312215805054, 1.4827332496643066, -1.164113163948059, -0.2597625255584717, -1.5358729362487793, -0.06008768081665039, -0.9370547533035278, -1.1135444641113281, -5.742767333984375, -2.0987420082092285, -0.8267873525619507]
[DIAG_TARGET] step=501 target_error=0.000000000 default=[0.0, -0.7853981852531433, 1.8654682636260986, 0.0, -0.7853981852531433, 1.8654682636260986, 0.0, -0.7853981852531433, 1.8654682636260986, 0.0, -0.7853981852531433, 1.8654682636260986] desired=[-0.06875000149011612, -0.737500011920929, 1.6825000047683716, 0.06875000149011612, -0.862500011920929, 1.5575000047683716, -0.10751096159219742, -0.862500011920929, 1.5575000047683716, -1.5, -1.278080701828003, 1.5575000047683716] applied=[-0.06875000149011612, -0.737500011920929, 1.6825000047683716, 0.06875000149011612, -0.862500011920929, 1.5575000047683716, -0.10751096159219742, -0.862500011920929, 1.5575000047683716, -1.5, -1.278080701828003, 1.5575000047683716] current=[-0.12114714086055756, -0.7351062893867493, 1.6951481103897095, 0.2671915590763092, -0.792690634727478, 1.6708369255065918, 0.07179003208875656, -0.8452677726745605, 1.7550550699234009, 0.8862501382827759, -0.8117375373840332, 1.5220353603363037]
[DIAG_INFER] step=511 policy_action_max=14.700110 applied_action_max=0.250000 obs_max=5.742767 history_nonzero_rows=15 position_clip=0 torque_clip=2 action=[-2.617737054824829, 1.7770085334777832, 2.7655375003814697, -13.460153579711914, 3.1308772563934326, 0.6373134851455688, 4.39082145690918, -14.70011043548584, 11.610546112060547, -5.801541328430176, -7.1038031578063965, -3.097301959991455]
[DIAG_TARGET] step=511 target_error=0.000000000 default=[0.0, -0.7853981852531433, 1.8654682636260986, 0.0, -0.7853981852531433, 1.8654682636260986, 0.0, -0.7853981852531433, 1.8654682636260986, 0.0, -0.7853981852531433, 1.8654682636260986] desired=[-0.13124999403953552, -0.737500011920929, 1.6825000047683716, 0.06875000149011612, -0.737500011920929, 1.6825000047683716, -0.06875000149011612, -0.862500011920929, 1.6825000047683716, -1.3585069179534912, -0.862500011920929, 2.700000047683716] applied=[-0.13124999403953552, -0.737500011920929, 1.6825000047683716, 0.06875000149011612, -0.737500011920929, 1.6825000047683716, -0.06875000149011612, -0.862500011920929, 1.6825000047683716, -1.3585069179534912, -0.862500011920929, 2.700000047683716] current=[-0.17479021847248077, -0.7491856217384338, 1.7098121643066406, 0.16919344663619995, -0.7770751118659973, 1.6598206758499146, -0.003670996055006981, -0.8262503147125244, 1.7872830629348755, 0.12897206842899323, -1.0309971570968628, 1.6145248413085938]
[DIAG_INFER] step=521 policy_action_max=16.096182 applied_action_max=0.250000 obs_max=14.700110 history_nonzero_rows=15 position_clip=0 torque_clip=3 action=[-0.5217737555503845, 6.729482173919678, 1.1496641635894775, -16.096181869506836, 4.731825828552246, -0.2065085768699646, 4.978378772735596, -15.446074485778809, 4.851722717285156, -3.656313419342041, -4.972658634185791, -1.8364286422729492]
[DIAG_TARGET] step=521 target_error=0.000000000 default=[0.0, -0.7853981852531433, 1.8654682636260986, 0.0, -0.7853981852531433, 1.8654682636260986, 0.0, -0.7853981852531433, 1.8654682636260986, 0.0, -0.7853981852531433, 1.8654682636260986] desired=[-0.13124999403953552, -0.737500011920929, 1.6825000047683716, 0.06875000149011612, -0.737500011920929, 1.5683728456497192, -0.5871061086654663, -0.862500011920929, 1.6825000047683716, 0.06875000149011612, -0.5045034885406494, 2.700000047683716] applied=[-0.13124999403953552, -0.737500011920929, 1.6825000047683716, 0.06875000149011612, -0.737500011920929, 1.5683728456497192, -0.5871061086654663, -0.862500011920929, 1.6825000047683716, 0.06875000149011612, -0.5045034885406494, 2.700000047683716] current=[-0.24417977035045624, -0.7340508103370667, 1.7870864868164062, 0.11900818347930908, -0.7622013688087463, 1.6683926582336426, -0.09011522680521011, -0.7927504181861877, 1.811613917350769, -0.6503244638442993, -1.001279354095459, 2.1279687881469727]
[DIAG_INFER] step=531 policy_action_max=17.139683 applied_action_max=0.250000 obs_max=16.096182 history_nonzero_rows=15 position_clip=0 torque_clip=2 action=[9.110660552978516, 6.392250061035156, 2.6679561138153076, -17.13968276977539, 3.8022563457489014, 1.9321926832199097, 3.1899282932281494, -10.656293869018555, 2.0509395599365234, 13.06761646270752, -5.142959117889404, 1.1505217552185059]
[DIAG_TARGET] step=531 target_error=0.000000000 default=[0.0, -0.7853981852531433, 1.8654682636260986, 0.0, -0.7853981852531433, 1.8654682636260986, 0.0, -0.7853981852531433, 1.8654682636260986, 0.0, -0.7853981852531433, 1.8654682636260986] desired=[-0.06875000149011612, -0.737500011920929, 1.6825000047683716, 0.06875000149011612, -0.737500011920929, 1.6825000047683716, -0.06875000149011612, -0.862500011920929, 1.6825000047683716, 1.5, -0.862500011920929, 2.700000047683716] applied=[-0.06875000149011612, -0.737500011920929, 1.6825000047683716, 0.06875000149011612, -0.737500011920929, 1.6825000047683716, -0.06875000149011612, -0.862500011920929, 1.6825000047683716, 1.5, -0.862500011920929, 2.700000047683716] current=[-0.1808716058731079, -0.7280650734901428, 1.8380522727966309, 0.19782371819019318, -0.7598734498023987, 1.6927030086517334, -0.23567837476730347, -0.7980544567108154, 1.7602399587631226, -0.5016379356384277, -0.6640627384185791, 2.4225077629089355]
[DIAG_INFER] step=541 policy_action_max=12.253592 applied_action_max=0.250000 obs_max=17.139683 history_nonzero_rows=15 position_clip=0 torque_clip=2 action=[12.253591537475586, 5.316579818725586, 8.873022079467773, -7.6017889976501465, 2.451288938522339, -1.5497976541519165, -1.8129522800445557, -2.263406753540039, -3.7246737480163574, 5.041212558746338, -5.991791725158691, 3.920166015625]
[DIAG_TARGET] step=541 target_error=0.000000000 default=[0.0, -0.7853981852531433, 1.8654682636260986, 0.0, -0.7853981852531433, 1.8654682636260986, 0.0, -0.7853981852531433, 1.8654682636260986, 0.0, -0.7853981852531433, 1.8654682636260986] desired=[-0.06875000149011612, -0.737500011920929, 1.6825000047683716, 0.06875000149011612, -0.737500011920929, 1.5575000047683716, 0.347380667924881, -0.862500011920929, 1.5575000047683716, 1.5, -0.862500011920929, 1.6825000047683716] applied=[-0.06875000149011612, -0.737500011920929, 1.6825000047683716, 0.06875000149011612, -0.737500011920929, 1.5575000047683716, 0.347380667924881, -0.862500011920929, 1.5575000047683716, 1.5, -0.862500011920929, 1.6825000047683716] current=[-0.0643746554851532, -0.7328199148178101, 1.8524478673934937, 0.3514966666698456, -0.7794199585914612, 1.7856781482696533, -0.21905668079853058, -0.8501404523849487, 1.7343806028366089, 0.3045928180217743, -0.6194013953208923, 2.5228559970855713]
[DIAG_INFER] step=551 policy_action_max=7.190977 applied_action_max=0.250000 obs_max=12.253592 history_nonzero_rows=15 position_clip=0 torque_clip=1 action=[7.190977096557617, -2.054633140563965, 4.136647701263428, -2.9710726737976074, 4.32007360458374, 0.020941369235515594, -2.9933249950408936, -0.8190677165985107, -3.774353504180908, -1.4252201318740845, -4.311073303222656, 2.8026063442230225]
[DIAG_TARGET] step=551 target_error=0.000000000 default=[0.0, -0.7853981852531433, 1.8654682636260986, 0.0, -0.7853981852531433, 1.8654682636260986, 0.0, -0.7853981852531433, 1.8654682636260986, 0.0, -0.7853981852531433, 1.8654682636260986] desired=[-0.06875000149011612, -0.862500011920929, 1.6825000047683716, 0.06875000149011612, -0.737500011920929, 1.6252353191375732, 0.7234405875205994, -0.862500011920929, 1.5575000047683716, 0.06875000149011612, -0.862500011920929, 1.6825000047683716] applied=[-0.06875000149011612, -0.862500011920929, 1.6825000047683716, 0.06875000149011612, -0.737500011920929, 1.6252353191375732, 0.7234405875205994, -0.862500011920929, 1.5575000047683716, 0.06875000149011612, -0.862500011920929, 1.6825000047683716] current=[-0.037499185651540756, -0.7220502495765686, 1.8481546640396118, 0.4442165493965149, -0.7899015545845032, 1.8545819520950317, -0.13630978763103485, -0.896926760673523, 1.8288590908050537, 0.9922570586204529, -0.6933000087738037, 2.045318365097046]
[DIAG_INFER] step=561 policy_action_max=7.713509 applied_action_max=0.250000 obs_max=7.190977 history_nonzero_rows=15 position_clip=0 torque_clip=1 action=[7.713508605957031, -1.0361865758895874, 2.4441096782684326, -1.2234488725662231, 1.480040431022644, 0.3820701837539673, -1.8965442180633545, 0.17452621459960938, -3.5450897216796875, -5.116386413574219, -2.2970714569091797, 0.4755600690841675]
[DIAG_TARGET] step=561 target_error=0.000000000 default=[0.0, -0.7853981852531433, 1.8654682636260986, 0.0, -0.7853981852531433, 1.8654682636260986, 0.0, -0.7853981852531433, 1.8654682636260986, 0.0, -0.7853981852531433, 1.8654682636260986] desired=[-0.06875000149011612, -0.862500011920929, 1.6825000047683716, 0.06875000149011612, -0.737500011920929, 1.6825000047683716, -0.13124999403953552, -0.7563684582710266, 1.5575000047683716, -0.6486210227012634, -0.862500011920929, 1.6825000047683716] applied=[-0.06875000149011612, -0.862500011920929, 1.6825000047683716, 0.06875000149011612, -0.737500011920929, 1.6825000047683716, -0.13124999403953552, -0.7563684582710266, 1.5575000047683716, -0.6486210227012634, -0.862500011920929, 1.6825000047683716] current=[-0.09373411536216736, -0.7258749604225159, 1.8736144304275513, 0.407219797372818, -0.7527103424072266, 1.8788321018218994, -0.13872569799423218, -0.9272936582565308, 1.9079930782318115, 0.764764130115509, -0.8026174306869507, 1.8407273292541504]
[DIAG_INFER] step=571 policy_action_max=14.837987 applied_action_max=0.250000 obs_max=7.713509 history_nonzero_rows=15 position_clip=0 torque_clip=2 action=[6.784519195556641, 0.7175856828689575, 5.935616493225098, -5.709934711456299, 1.865674376487732, -1.2952944040298462, -12.099944114685059, -8.75301742553711, -2.6840052604675293, -14.837986946105957, -6.317214012145996, -0.9923112392425537]
[DIAG_TARGET] step=571 target_error=0.000000000 default=[0.0, -0.7853981852531433, 1.8654682636260986, 0.0, -0.7853981852531433, 1.8654682636260986, 0.0, -0.7853981852531433, 1.8654682636260986, 0.0, -0.7853981852531433, 1.8654682636260986] desired=[-0.06875000149011612, -0.737500011920929, 1.6825000047683716, 0.06875000149011612, -0.737500011920929, 1.5575000047683716, -0.13124999403953552, -0.862500011920929, 1.5575000047683716, -1.5, -0.862500011920929, 2.14631986618042] applied=[-0.06875000149011612, -0.737500011920929, 1.6825000047683716, 0.06875000149011612, -0.737500011920929, 1.5575000047683716, -0.13124999403953552, -0.862500011920929, 1.5575000047683716, -1.5, -0.862500011920929, 2.14631986618042] current=[-0.21164149045944214, -0.7151567339897156, 1.9039384126663208, 0.29336264729499817, -0.6945328712463379, 1.87236487865448, -0.2126334011554718, -0.9336793422698975, 1.9652231931686401, 0.28294888138771057, -0.8264551758766174, 1.9379689693450928]
[DIAG_INFER] step=581 policy_action_max=8.336004 applied_action_max=0.250000 obs_max=14.837987 history_nonzero_rows=15 position_clip=0 torque_clip=3 action=[6.789511680603027, -3.838087558746338, 3.83825421333313, -5.500771522521973, 3.6501171588897705, 0.9771734476089478, -6.044705867767334, -0.25480151176452637, -2.4117066860198975, -8.336004257202148, -1.0104941129684448, 3.734391689300537]
[DIAG_TARGET] step=581 target_error=0.000000000 default=[0.0, -0.7853981852531433, 1.8654682636260986, 0.0, -0.7853981852531433, 1.8654682636260986, 0.0, -0.7853981852531433, 1.8654682636260986, 0.0, -0.7853981852531433, 1.8654682636260986] desired=[-0.06875000149011612, -0.862500011920929, 1.6825000047683716, 0.06875000149011612, -0.737500011920929, 1.6825000047683716, -0.5040164589881897, -0.862500011920929, 1.5575000047683716, -0.9857091307640076, 1.113312005996704, 1.6825000047683716] applied=[-0.06875000149011612, -0.862500011920929, 1.6825000047683716, 0.06875000149011612, -0.737500011920929, 1.6825000047683716, -0.5040164589881897, -0.862500011920929, 1.5575000047683716, -0.9857091307640076, 1.113312005996704, 1.6825000047683716] current=[-0.33531925082206726, -0.6758761405944824, 1.9306981563568115, 0.1712961345911026, -0.6373769044876099, 1.829826831817627, -0.3405587375164032, -0.888728678226471, 1.9742944240570068, -0.4692005515098572, -0.8126220107078552, 2.0901308059692383]
[DIAG_INFER] step=591 policy_action_max=12.129776 applied_action_max=0.250000 obs_max=8.336004 history_nonzero_rows=15 position_clip=0 torque_clip=4 action=[4.454174041748047, 0.6331462860107422, 3.8507025241851807, 1.8877427577972412, 1.1009867191314697, -4.905904293060303, -5.524020671844482, -0.8324964046478271, -5.226822376251221, -2.7882795333862305, -6.509086608886719, 12.129776000976562]
[DIAG_TARGET] step=591 target_error=0.000000022 default=[0.0, -0.7853981852531433, 1.8654682636260986, 0.0, -0.7853981852531433, 1.8654682636260986, 0.0, -0.7853981852531433, 1.8654682636260986, 0.0, -0.7853981852531433, 1.8654682636260986] desired=[-0.06875000149011612, -0.737500011920929, 1.6825000047683716, 0.13124999403953552, -0.737500011920929, 1.5575000047683716, -0.21037906408309937, -0.07420828193426132, 1.5575000047683716, 1.5, -0.49644017219543457, 1.6825000047683716] applied=[-0.06875000149011612, -0.737500011920929, 1.6825000047683716, 0.13124999403953552, -0.737500011920929, 1.5575000047683716, -0.21037906408309937, -0.07420825958251953, 1.5575000047683716, 1.5, -0.49644017219543457, 1.6825000047683716] current=[-0.28293582797050476, -0.6387546062469482, 1.939387321472168, 0.20698241889476776, -0.6153045892715454, 1.8292558193206787, -0.3741271495819092, -0.8101475238800049, 1.9087247848510742, -0.8127596378326416, -0.12381399422883987, 1.8171378374099731]
[DIAG_INFER] step=601 policy_action_max=13.759215 applied_action_max=0.250000 obs_max=12.129776 history_nonzero_rows=15 position_clip=0 torque_clip=2 action=[6.875857353210449, 5.162619113922119, 3.6818642616271973, 7.405542850494385, -0.8954936265945435, -8.77884578704834, -5.230712890625, 3.449788808822632, -11.50326156616211, 2.2327682971954346, -13.759215354919434, 12.20119857788086]
[DIAG_TARGET] step=601 target_error=0.000000000 default=[0.0, -0.7853981852531433, 1.8654682636260986, 0.0, -0.7853981852531433, 1.8654682636260986, 0.0, -0.7853981852531433, 1.8654682636260986, 0.0, -0.7853981852531433, 1.8654682636260986] desired=[-0.06875000149011612, -0.737500011920929, 1.6825000047683716, 0.13124999403953552, -0.862500011920929, 1.5575000047683716, -0.13124999403953552, -0.737500011920929, 1.5575000047683716, 1.5, -0.862500011920929, -1.1986548900604248] applied=[-0.06875000149011612, -0.737500011920929, 1.6825000047683716, 0.13124999403953552, -0.862500011920929, 1.5575000047683716, -0.13124999403953552, -0.737500011920929, 1.5575000047683716, 1.5, -0.862500011920929, -1.1986548900604248] current=[-0.10723372548818588, -0.6098065972328186, 1.8799679279327393, 0.4048387408256531, -0.5982035398483276, 1.8607027530670166, -0.2722538709640503, -0.541726291179657, 1.7517492771148682, -0.36449816823005676, 0.04099179431796074, 1.7219146490097046]
[DIAG_INFER] step=611 policy_action_max=7.489030 applied_action_max=0.250000 obs_max=13.759215 history_nonzero_rows=15 position_clip=0 torque_clip=2 action=[5.5670671463012695, 0.20905211567878723, 2.6894912719726562, -4.223586082458496, -0.39927440881729126, -0.6686209440231323, -7.489030361175537, 0.7594893574714661, -7.344562530517578, 2.8229925632476807, -5.357446670532227, 2.562007427215576]
[DIAG_TARGET] step=611 target_error=0.000000000 default=[0.0, -0.7853981852531433, 1.8654682636260986, 0.0, -0.7853981852531433, 1.8654682636260986, 0.0, -0.7853981852531433, 1.8654682636260986, 0.0, -0.7853981852531433, 1.8654682636260986] desired=[-0.06875000149011612, -0.7477369904518127, 1.6825000047683716, 0.06875000149011612, -0.862500011920929, 1.5575000047683716, -0.13124999403953552, -0.7169218063354492, 1.5575000047683716, 0.13124999403953552, -0.862500011920929, 0.6006362438201904] applied=[-0.06875000149011612, -0.7477369904518127, 1.6825000047683716, 0.06875000149011612, -0.862500011920929, 1.5575000047683716, -0.13124999403953552, -0.7169218063354492, 1.5575000047683716, 0.13124999403953552, -0.862500011920929, 0.6006362438201904] current=[-0.10927174985408783, -0.619674026966095, 1.8176292181015015, 0.37763288617134094, -0.5742924809455872, 1.8503782749176025, -0.20627781748771667, -0.4787805378437042, 1.6777456998825073, -0.29759660363197327, 0.10155629366636276, 1.5187745094299316]
[DIAG_INFER] step=621 policy_action_max=5.560112 applied_action_max=0.250000 obs_max=7.489030 history_nonzero_rows=15 position_clip=0 torque_clip=4 action=[3.876093626022339, 1.7946511507034302, 2.933553695678711, -1.3192206621170044, -1.3200169801712036, -2.703214406967163, -5.560112476348877, -1.5885491371154785, -5.017248630523682, 4.745758056640625, -5.259399890899658, 1.8111741542816162]
[DIAG_TARGET] step=621 target_error=0.000000000 default=[0.0, -0.7853981852531433, 1.8654682636260986, 0.0, -0.7853981852531433, 1.8654682636260986, 0.0, -0.7853981852531433, 1.8654682636260986, 0.0, -0.7853981852531433, 1.8654682636260986] desired=[-0.06875000149011612, -0.737500011920929, 1.6825000047683716, 0.06875000149011612, -0.862500011920929, 1.5575000047683716, -0.13124999403953552, -0.6692908406257629, 1.5575000047683716, 0.5766072869300842, -2.257675886154175, 0.46955299377441406] applied=[-0.06875000149011612, -0.737500011920929, 1.6825000047683716, 0.06875000149011612, -0.862500011920929, 1.5575000047683716, -0.13124999403953552, -0.6692908406257629, 1.5575000047683716, 0.5766072869300842, -2.257675886154175, 0.46955299377441406] current=[-0.08749973028898239, -0.6566207408905029, 1.766693115234375, 0.2961111068725586, -0.5928062796592712, 1.8207865953445435, -0.1623813807964325, -0.5608224868774414, 1.6458349227905273, -0.26560258865356445, 0.16413514316082, 1.3531107902526855]
[DIAG_INFER] step=631 policy_action_max=6.612143 applied_action_max=0.250000 obs_max=5.560112 history_nonzero_rows=15 position_clip=0 torque_clip=4 action=[4.437528610229492, 2.620310068130493, 3.1765899658203125, 0.8954472541809082, -1.829114556312561, -3.605207681655884, -3.5562357902526855, -1.4348599910736084, -4.887102127075195, 5.303196907043457, -6.612143039703369, 2.492340564727783]
[DIAG_TARGET] step=631 target_error=0.000000119 default=[0.0, -0.7853981852531433, 1.8654682636260986, 0.0, -0.7853981852531433, 1.8654682636260986, 0.0, -0.7853981852531433, 1.8654682636260986, 0.0, -0.7853981852531433, 1.8654682636260986] desired=[-0.06875000149011612, -0.737500011920929, 1.6825000047683716, 0.13124999403953552, -0.862500011920929, 1.5575000047683716, -0.13124999403953552, -0.6399222612380981, 1.5575000047683716, 1.5, -1.962727427482605, 1.178849220275879] applied=[-0.06875000149011612, -0.737500011920929, 1.6825000047683716, 0.13124999403953552, -0.862500011920929, 1.5575000047683716, -0.13124999403953552, -0.6399222612380981, 1.5575000047683716, 1.5, -1.9627275466918945, 1.178849220275879] current=[-0.022060930728912354, -0.7017311453819275, 1.7136456966400146, 0.2569122314453125, -0.6440779566764832, 1.7831820249557495, -0.10293979197740555, -0.6338903903961182, 1.5921093225479126, -0.16838715970516205, 0.20455828309059143, 1.2189375162124634]
[DIAG_INFER] step=641 policy_action_max=7.255622 applied_action_max=0.250000 obs_max=6.612143 history_nonzero_rows=15 position_clip=0 torque_clip=2 action=[3.795415163040161, 0.23570182919502258, 2.4099695682525635, 1.2320982217788696, 4.2298455238342285, -1.4504884481430054, -7.255621910095215, -0.766075611114502, -3.8330790996551514, 0.3791135251522064, -3.0958642959594727, 0.21465714275836945]
[DIAG_TARGET] step=641 target_error=0.000000000 default=[0.0, -0.7853981852531433, 1.8654682636260986, 0.0, -0.7853981852531433, 1.8654682636260986, 0.0, -0.7853981852531433, 1.8654682636260986, 0.0, -0.7853981852531433, 1.8654682636260986] desired=[-0.06875000149011612, -0.7410745620727539, 1.6825000047683716, 0.13124999403953552, -0.737500011920929, 1.5575000047683716, 0.3105582594871521, -0.862500011920929, 1.5575000047683716, 0.13124999403953552, -0.9985789060592651, 1.6736643314361572] applied=[-0.06875000149011612, -0.7410745620727539, 1.6825000047683716, 0.13124999403953552, -0.737500011920929, 1.5575000047683716, 0.3105582594871521, -0.862500011920929, 1.5575000047683716, 0.13124999403953552, -0.9985789060592651, 1.6736643314361572] current=[0.031138885766267776, -0.7332937717437744, 1.6873767375946045, 0.2974911332130432, -0.7082894444465637, 1.757134199142456, -0.06394991278648376, -0.6696654558181763, 1.565468430519104, 0.3900294601917267, -0.14421609044075012, 1.4183598756790161]
[DIAG_INFER] step=651 policy_action_max=9.733455 applied_action_max=0.250000 obs_max=7.255622 history_nonzero_rows=15 position_clip=0 torque_clip=1 action=[6.136142730712891, 0.8939787149429321, 3.0416362285614014, -4.433103561401367, 2.1964991092681885, -0.7900227308273315, -9.733454704284668, -2.8206403255462646, -3.0484678745269775, -9.231450080871582, -5.909250259399414, -1.3953412771224976]
[DIAG_TARGET] step=651 target_error=0.000000000 default=[0.0, -0.7853981852531433, 1.8654682636260986, 0.0, -0.7853981852531433, 1.8654682636260986, 0.0, -0.7853981852531433, 1.8654682636260986, 0.0, -0.7853981852531433, 1.8654682636260986] desired=[-0.06875000149011612, -0.737500011920929, 1.6825000047683716, 0.06875000149011612, -0.737500011920929, 1.5575000047683716, -0.13124999403953552, -0.862500011920929, 1.5575000047683716, -1.5, -0.862500011920929, 1.5575000047683716] applied=[-0.06875000149011612, -0.737500011920929, 1.6825000047683716, 0.06875000149011612, -0.737500011920929, 1.5575000047683716, -0.13124999403953552, -0.862500011920929, 1.5575000047683716, -1.5, -0.862500011920929, 1.5575000047683716] current=[-0.07632189989089966, -0.7433114647865295, 1.6858901977539062, 0.21370954811573029, -0.7070655822753906, 1.6870527267456055, 0.00739790266379714, -0.7524845004081726, 1.5701168775558472, 0.5113492608070374, -0.6788780689239502, 1.5428224802017212]
[DIAG_INFER] step=661 policy_action_max=7.757075 applied_action_max=0.250000 obs_max=9.733455 history_nonzero_rows=15 position_clip=0 torque_clip=2 action=[6.315159797668457, -1.4326379299163818, 2.519351005554199, -5.215641975402832, 1.5509521961212158, 0.07611029595136642, -7.757075309753418, 0.4228839874267578, -4.749356269836426, -4.701175689697266, -1.2660317420959473, -0.24234925210475922]
[DIAG_TARGET] step=661 target_error=0.000000000 default=[0.0, -0.7853981852531433, 1.8654682636260986, 0.0, -0.7853981852531433, 1.8654682636260986, 0.0, -0.7853981852531433, 1.8654682636260986, 0.0, -0.7853981852531433, 1.8654682636260986] desired=[-0.06875000149011612, -0.862500011920929, 1.6825000047683716, 0.06875000149011612, -0.737500011920929, 1.6390275955200195, -0.1814696192741394, -0.737500011920929, 1.5575000047683716, -0.8808596730232239, -0.862500011920929, 1.5594127178192139] applied=[-0.06875000149011612, -0.862500011920929, 1.6825000047683716, 0.06875000149011612, -0.737500011920929, 1.6390275955200195, -0.1814696192741394, -0.737500011920929, 1.5575000047683716, -0.8808596730232239, -0.862500011920929, 1.5594127178192139] current=[-0.2041100412607193, -0.7461894154548645, 1.6921415328979492, 0.01590498350560665, -0.6960676312446594, 1.6095073223114014, -0.06293968111276627, -0.8201759457588196, 1.55743408203125, -0.13505470752716064, -0.8760700821876526, 1.6357845067977905]
[DIAG_INFER] step=671 policy_action_max=15.080568 applied_action_max=0.250000 obs_max=7.757075 history_nonzero_rows=15 position_clip=0 torque_clip=3 action=[10.319219589233398, 10.316658973693848, 12.688888549804688, 6.123685836791992, -5.567436695098877, -9.241019248962402, -0.7702319025993347, -0.7789208889007568, -3.9581298828125, -2.1007561683654785, -8.437788009643555, 15.080568313598633]
[DIAG_TARGET] step=671 target_error=0.000000000 default=[0.0, -0.7853981852531433, 1.8654682636260986, 0.0, -0.7853981852531433, 1.8654682636260986, 0.0, -0.7853981852531433, 1.8654682636260986, 0.0, -0.7853981852531433, 1.8654682636260986] desired=[-0.06875000149011612, -0.737500011920929, 1.6825000047683716, 0.13124999403953552, -0.862500011920929, 1.5575000047683716, -0.20587477087974548, -0.862500011920929, 1.5575000047683716, 1.5, -2.6091575622558594, 1.6825000047683716] applied=[-0.06875000149011612, -0.737500011920929, 1.6825000047683716, 0.13124999403953552, -0.862500011920929, 1.5575000047683716, -0.20587477087974548, -0.862500011920929, 1.5575000047683716, 1.5, -2.6091575622558594, 1.6825000047683716] current=[-0.11068955808877945, -0.7855722308158875, 1.683675765991211, 0.04815766587853432, -0.7170608639717102, 1.622944712638855, -0.0931396558880806, -0.8052048087120056, 1.5497112274169922, -0.6597583889961243, -0.8609433770179749, 1.5754590034484863]
[DIAG_INFER] step=681 policy_action_max=9.189143 applied_action_max=0.250000 obs_max=15.080568 history_nonzero_rows=15 position_clip=0 torque_clip=2 action=[6.228490829467773, 0.6794081926345825, 5.199732303619385, -0.025036664679646492, 3.3661868572235107, -5.02503776550293, -9.189143180847168, 1.3208107948303223, -5.921450614929199, 4.650728225708008, -6.230966567993164, 8.82919979095459]
[DIAG_TARGET] step=681 target_error=0.000000000 default=[0.0, -0.7853981852531433, 1.8654682636260986, 0.0, -0.7853981852531433, 1.8654682636260986, 0.0, -0.7853981852531433, 1.8654682636260986, 0.0, -0.7853981852531433, 1.8654682636260986] desired=[-0.06875000149011612, -0.737500011920929, 1.6825000047683716, 0.09687041491270065, -0.737500011920929, 1.5575000047683716, -0.13124999403953552, -1.3107054233551025, 1.5575000047683716, 1.5, -0.862500011920929, 1.6825000047683716] applied=[-0.06875000149011612, -0.737500011920929, 1.6825000047683716, 0.09687041491270065, -0.737500011920929, 1.5575000047683716, -0.13124999403953552, -1.3107054233551025, 1.5575000047683716, 1.5, -0.862500011920929, 1.6825000047683716] current=[0.018954338505864143, -0.7917401194572449, 1.6684178113937378, 0.1930682510137558, -0.7918752431869507, 1.5938080549240112, -0.07936611771583557, -0.8350363969802856, 1.5563738346099854, -0.24599137902259827, -1.3548578023910522, 1.6280345916748047]
[DIAG_INFER] step=691 policy_action_max=10.647914 applied_action_max=0.250000 obs_max=9.189143 history_nonzero_rows=15 position_clip=0 torque_clip=3 action=[5.6951727867126465, -0.5905028581619263, 2.863835096359253, 1.9154385328292847, 4.299718379974365, -0.4429110288619995, -10.647913932800293, -2.3832573890686035, -3.4831998348236084, -7.516512870788574, -0.9355266094207764, 0.9877556562423706]
[DIAG_TARGET] step=691 target_error=0.000000000 default=[0.0, -0.7853981852531433, 1.8654682636260986, 0.0, -0.7853981852531433, 1.8654682636260986, 0.0, -0.7853981852531433, 1.8654682636260986, 0.0, -0.7853981852531433, 1.8654682636260986] desired=[-0.06875000149011612, -0.862500011920929, 1.6825000047683716, 0.13124999403953552, -0.737500011920929, 1.5575000047683716, 0.6131131649017334, -0.862500011920929, 1.5575000047683716, -1.5, 0.12756162881851196, 1.6825000047683716] applied=[-0.06875000149011612, -0.862500011920929, 1.6825000047683716, 0.13124999403953552, -0.737500011920929, 1.5575000047683716, 0.6131131649017334, -0.862500011920929, 1.5575000047683716, -1.5, 0.12756162881851196, 1.6825000047683716] current=[-0.03893046826124191, -0.7592048645019531, 1.6773885488510132, 0.15469990670681, -0.8074648380279541, 1.5650386810302734, -0.1502406746149063, -1.02830970287323, 1.566894769668579, 0.5605586767196655, -1.386033058166504, 1.578921914100647]
[DIAG_INFER] step=701 policy_action_max=7.736257 applied_action_max=0.250000 obs_max=10.647914 history_nonzero_rows=15 position_clip=0 torque_clip=3 action=[6.269716262817383, -0.0033577382564544678, 1.3280142545700073, -5.651906967163086, 0.4084063768386841, -1.711520791053772, -5.952354431152344, -2.8221004009246826, -1.5263960361480713, -7.7362565994262695, -2.0800743103027344, -1.7685116529464722]
[DIAG_TARGET] step=701 target_error=0.000000000 default=[0.0, -0.7853981852531433, 1.8654682636260986, 0.0, -0.7853981852531433, 1.8654682636260986, 0.0, -0.7853981852531433, 1.8654682636260986, 0.0, -0.7853981852531433, 1.8654682636260986] desired=[-0.06875000149011612, -0.8008394241333008, 1.6825000047683716, 0.06875000149011612, -0.737500011920929, 1.5575000047683716, -0.13124999403953552, -0.7697078585624695, 1.5575000047683716, -1.5, -1.8172261714935303, 1.5575000047683716] applied=[-0.06875000149011612, -0.8008394241333008, 1.6825000047683716, 0.06875000149011612, -0.737500011920929, 1.5575000047683716, -0.13124999403953552, -0.7697078585624695, 1.5575000047683716, -1.5, -1.8172261714935303, 1.5575000047683716] current=[-0.1322982758283615, -0.7764884233474731, 1.6917883157730103, 0.041222672909498215, -0.7365861535072327, 1.5562766790390015, 0.053336404263973236, -1.069211721420288, 1.6193249225616455, 0.25704723596572876, -0.7406392693519592, 1.5761991739273071]
[DIAG_INFER] step=711 policy_action_max=15.444445 applied_action_max=0.250000 obs_max=7.736257 history_nonzero_rows=15 position_clip=0 torque_clip=2 action=[6.254111289978027, 8.292659759521484, 9.314884185791016, 6.253129959106445, -1.5404409170150757, -6.3114423751831055, 0.24716073274612427, 0.4060964584350586, -4.550994396209717, -1.9488152265548706, -7.881990432739258, 15.44444465637207]
[DIAG_TARGET] step=711 target_error=0.000000000 default=[0.0, -0.7853981852531433, 1.8654682636260986, 0.0, -0.7853981852531433, 1.8654682636260986, 0.0, -0.7853981852531433, 1.8654682636260986, 0.0, -0.7853981852531433, 1.8654682636260986] desired=[-0.06875000149011612, -0.737500011920929, 1.6825000047683716, 0.13124999403953552, -0.862500011920929, 1.5575000047683716, -0.605767011642456, -0.737500011920929, 1.5575000047683716, 1.5, -0.862500011920929, 1.6825000047683716] applied=[-0.06875000149011612, -0.737500011920929, 1.6825000047683716, 0.13124999403953552, -0.862500011920929, 1.5575000047683716, -0.605767011642456, -0.737500011920929, 1.5575000047683716, 1.5, -0.862500011920929, 1.6825000047683716] current=[-0.10499140620231628, -0.7975388169288635, 1.6824787855148315, 0.04307450354099274, -0.7235442996025085, 1.5576763153076172, -0.040874700993299484, -1.042090654373169, 1.6600254774093628, -0.5557183623313904, -0.5792073607444763, 1.5797532796859741]
[DIAG_INFER] step=721 policy_action_max=9.006830 applied_action_max=0.250000 obs_max=15.444445 history_nonzero_rows=15 position_clip=0 torque_clip=2 action=[5.817901134490967, 1.2065831422805786, 3.9594357013702393, 0.5231415033340454, 1.3345741033554077, -3.1414296627044678, -5.600497722625732, 1.2788270711898804, -9.006830215454102, 5.2212982177734375, -4.835826396942139, 8.66168212890625]
[DIAG_TARGET] step=721 target_error=0.000000000 default=[0.0, -0.7853981852531433, 1.8654682636260986, 0.0, -0.7853981852531433, 1.8654682636260986, 0.0, -0.7853981852531433, 1.8654682636260986, 0.0, -0.7853981852531433, 1.8654682636260986] desired=[-0.06875000149011612, -0.737500011920929, 1.6825000047683716, 0.13124999403953552, -0.737500011920929, 1.5575000047683716, -0.13124999403953552, -0.737500011920929, 1.5575000047683716, 1.5, 0.11011987924575806, 1.6825000047683716] applied=[-0.06875000149011612, -0.737500011920929, 1.6825000047683716, 0.13124999403953552, -0.737500011920929, 1.5575000047683716, -0.13124999403953552, -0.737500011920929, 1.5575000047683716, 1.5, 0.11011987924575806, 1.6825000047683716] current=[-0.0072927288711071014, -0.7713407278060913, 1.6738533973693848, 0.16404779255390167, -0.7842975854873657, 1.564333200454712, -0.06644678860902786, -1.0194275379180908, 1.701637625694275, -0.7207071781158447, -0.7244325876235962, 1.5908002853393555]
[DIAG_INFER] step=731 policy_action_max=6.182284 applied_action_max=0.250000 obs_max=9.006830 history_nonzero_rows=15 position_clip=0 torque_clip=4 action=[2.66023588180542, -2.299579381942749, 5.02561092376709, -4.284642219543457, 5.799825191497803, 0.6668093800544739, -3.9690186977386475, -6.182283878326416, 3.7834219932556152, 3.169461727142334, -1.358715295791626, 1.8366429805755615]
[DIAG_TARGET] step=731 target_error=0.000000000 default=[0.0, -0.7853981852531433, 1.8654682636260986, 0.0, -0.7853981852531433, 1.8654682636260986, 0.0, -0.7853981852531433, 1.8654682636260986, 0.0, -0.7853981852531433, 1.8654682636260986] desired=[-0.06875000149011612, -0.862500011920929, 1.6825000047683716, 0.06875000149011612, -0.737500011920929, 1.6825000047683716, 0.06879043579101562, -0.7465386390686035, 1.6825000047683716, 0.13124999403953552, -0.6953036785125732, 2.700000047683716] applied=[-0.06875000149011612, -0.862500011920929, 1.6825000047683716, 0.06875000149011612, -0.737500011920929, 1.6825000047683716, 0.06879043579101562, -0.7465386390686035, 1.6825000047683716, 0.13124999403953552, -0.6953036785125732, 2.700000047683716] current=[0.03845978155732155, -0.7382308840751648, 1.7065638303756714, 0.23429478704929352, -0.7982706427574158, 1.5640642642974854, 0.05118290334939957, -0.9994198083877563, 1.7413949966430664, 0.01725420169532299, -0.3911392092704773, 1.5881438255310059]
[DIAG_INFER] step=741 policy_action_max=16.923662 applied_action_max=0.250000 obs_max=6.182284 history_nonzero_rows=15 position_clip=0 torque_clip=2 action=[-2.1486024856567383, 6.15363883972168, 0.8950786590576172, -16.923662185668945, 3.6115148067474365, -0.5702906250953674, 9.603414535522461, -16.21450424194336, 10.129480361938477, 1.4583324193954468, -10.494206428527832, 1.3923015594482422]
[DIAG_TARGET] step=741 target_error=0.000000000 default=[0.0, -0.7853981852531433, 1.8654682636260986, 0.0, -0.7853981852531433, 1.8654682636260986, 0.0, -0.7853981852531433, 1.8654682636260986, 0.0, -0.7853981852531433, 1.8654682636260986] desired=[-0.13124999403953552, -0.737500011920929, 1.6825000047683716, 0.06875000149011612, -0.737500011920929, 1.5575000047683716, -0.06875000149011612, -0.862500011920929, 1.6825000047683716, -0.13414102792739868, -0.862500011920929, 2.700000047683716] applied=[-0.13124999403953552, -0.737500011920929, 1.6825000047683716, 0.06875000149011612, -0.737500011920929, 1.5575000047683716, -0.06875000149011612, -0.862500011920929, 1.6825000047683716, -0.13414102792739868, -0.862500011920929, 2.700000047683716] current=[-0.002241528360173106, -0.7491284012794495, 1.8176219463348389, 0.08069105446338654, -0.7679280638694763, 1.617726445198059, 0.03071638196706772, -0.9876799583435059, 1.8071860074996948, 0.3099510967731476, -0.36368054151535034, 2.1231744289398193]
[DIAG_INFER] step=751 policy_action_max=23.627546 applied_action_max=0.250000 obs_max=16.923662 history_nonzero_rows=15 position_clip=0 torque_clip=2 action=[3.8191680908203125, 5.436840057373047, 2.8472139835357666, -23.627546310424805, 3.2496495246887207, 1.0444053411483765, 9.291690826416016, -20.574460983276367, 9.68256950378418, 3.856875419616699, -8.480644226074219, -2.9291155338287354]
[DIAG_TARGET] step=751 target_error=0.000000000 default=[0.0, -0.7853981852531433, 1.8654682636260986, 0.0, -0.7853981852531433, 1.8654682636260986, 0.0, -0.7853981852531433, 1.8654682636260986, 0.0, -0.7853981852531433, 1.8654682636260986] desired=[-0.06875000149011612, -0.737500011920929, 1.6825000047683716, 0.06875000149011612, -0.737500011920929, 1.6825000047683716, -0.06875000149011612, -0.862500011920929, 1.6825000047683716, 0.13124999403953552, -0.5851106643676758, 2.700000047683716] applied=[-0.06875000149011612, -0.737500011920929, 1.6825000047683716, 0.06875000149011612, -0.737500011920929, 1.6825000047683716, -0.06875000149011612, -0.862500011920929, 1.6825000047683716, 0.13124999403953552, -0.5851106643676758, 2.700000047683716] current=[-0.031116092577576637, -0.7359588742256165, 1.938685417175293, 0.009717822074890137, -0.7235480546951294, 1.5876532793045044, -0.03566259890794754, -0.9568333625793457, 1.8597400188446045, 0.14241643249988556, -0.6234094500541687, 2.4620747566223145]
[DIAG_INFER] step=761 policy_action_max=28.238813 applied_action_max=0.250000 obs_max=23.627546 history_nonzero_rows=15 position_clip=0 torque_clip=3 action=[11.91148567199707, 7.827573299407959, 2.4892566204071045, -28.238813400268555, 4.4614739418029785, 3.124492645263672, 4.802688121795654, -18.25208854675293, 3.045792818069458, 13.455646514892578, -7.728543758392334, -3.5663886070251465]
[DIAG_TARGET] step=761 target_error=0.000000000 default=[0.0, -0.7853981852531433, 1.8654682636260986, 0.0, -0.7853981852531433, 1.8654682636260986, 0.0, -0.7853981852531433, 1.8654682636260986, 0.0, -0.7853981852531433, 1.8654682636260986] desired=[-0.06875000149011612, -0.737500011920929, 1.6825000047683716, 0.06875000149011612, -0.737500011920929, 1.6825000047683716, -0.06875000149011612, -0.862500011920929, 1.6825000047683716, 1.5, 0.13591653108596802, 2.700000047683716] applied=[-0.06875000149011612, -0.737500011920929, 1.6825000047683716, 0.06875000149011612, -0.737500011920929, 1.6825000047683716, -0.06875000149011612, -0.862500011920929, 1.6825000047683716, 1.5, 0.13591653108596802, 2.700000047683716] current=[0.015424760989844799, -0.7038390040397644, 2.034879207611084, 0.05306222662329674, -0.7215808629989624, 1.6431899070739746, -0.022866833955049515, -0.9146099090576172, 1.895124912261963, 0.11389093101024628, -0.660822868347168, 2.595184087753296]
[DIAG_INFER] step=771 policy_action_max=30.402472 applied_action_max=0.250000 obs_max=28.238813 history_nonzero_rows=15 position_clip=0 torque_clip=5 action=[13.90998363494873, 6.554064750671387, 4.9392828941345215, -30.4024715423584, 4.12405252456665, 6.715704917907715, 4.553342342376709, -16.36185646057129, 1.3440088033676147, 14.883036613464355, -7.193921089172363, -3.247793436050415]
[DIAG_TARGET] step=771 target_error=0.000000000 default=[0.0, -0.7853981852531433, 1.8654682636260986, 0.0, -0.7853981852531433, 1.8654682636260986, 0.0, -0.7853981852531433, 1.8654682636260986, 0.0, -0.7853981852531433, 1.8654682636260986] desired=[-0.06875000149011612, -0.737500011920929, 1.6825000047683716, 0.06875000149011612, -0.737500011920929, 1.6825000047683716, 0.5444964170455933, -0.6200147271156311, 1.6825000047683716, 1.5, 0.029131054878234863, 2.700000047683716] applied=[-0.06875000149011612, -0.737500011920929, 1.6825000047683716, 0.06875000149011612, -0.737500011920929, 1.6825000047683716, 0.5444964170455933, -0.6200147271156311, 1.6825000047683716, 1.5, 0.029131054878234863, 2.700000047683716] current=[0.12349317222833633, -0.6678084135055542, 2.0985963344573975, 0.15777164697647095, -0.7345569729804993, 1.743571162223816, 0.07989203184843063, -0.8878440260887146, 1.9376120567321777, 0.7241368889808655, -0.241569384932518, 2.6288845539093018]
[DIAG_INFER] step=781 policy_action_max=24.198221 applied_action_max=0.250000 obs_max=30.402472 history_nonzero_rows=15 position_clip=0 torque_clip=4 action=[8.050804138183594, 6.4363179206848145, 0.6451059579849243, -24.19822120666504, 3.7838590145111084, 4.514551162719727, 11.117091178894043, -13.170162200927734, -0.19478273391723633, 3.6218981742858887, -7.047402381896973, 0.02363385260105133]
[DIAG_TARGET] step=781 target_error=0.000000000 default=[0.0, -0.7853981852531433, 1.8654682636260986, 0.0, -0.7853981852531433, 1.8654682636260986, 0.0, -0.7853981852531433, 1.8654682636260986, 0.0, -0.7853981852531433, 1.8654682636260986] desired=[-0.06875000149011612, -0.737500011920929, 1.6825000047683716, 0.06875000149011612, -0.737500011920929, 1.6825000047683716, 0.7435266971588135, -0.7460124492645264, 1.5713043212890625, 0.13124999403953552, 0.3905392289161682, 2.700000047683716] applied=[-0.06875000149011612, -0.737500011920929, 1.6825000047683716, 0.06875000149011612, -0.737500011920929, 1.6825000047683716, 0.7435266971588135, -0.7460124492645264, 1.5713043212890625, 0.13124999403953552, 0.3905392289161682, 2.700000047683716] current=[0.16174471378326416, -0.6282293200492859, 2.148792266845703, 0.20060479640960693, -0.7290759682655334, 1.832909107208252, 0.16424110531806946, -0.8426290154457092, 1.9820671081542969, 1.2092655897140503, 0.00553924310952425, 2.661869525909424]
[DIAG_INFER] step=791 policy_action_max=15.623766 applied_action_max=0.250000 obs_max=24.198221 history_nonzero_rows=15 position_clip=0 torque_clip=4 action=[3.7100095748901367, 2.1380293369293213, 3.1625313758850098, -10.409303665161133, 2.7481324672698975, 2.660176992416382, -1.1005547046661377, -13.461938858032227, -9.004446029663086, -15.62376594543457, -9.680347442626953, 2.4102439880371094]
[DIAG_TARGET] step=791 target_error=0.000000000 default=[0.0, -0.7853981852531433, 1.8654682636260986, 0.0, -0.7853981852531433, 1.8654682636260986, 0.0, -0.7853981852531433, 1.8654682636260986, 0.0, -0.7853981852531433, 1.8654682636260986] desired=[-0.06875000149011612, -0.737500011920929, 1.6825000047683716, 0.06875000149011612, -0.737500011920929, 1.6825000047683716, -0.13124999403953552, -0.44837987422943115, 1.5575000047683716, -1.5, 0.23367291688919067, 2.11491060256958] applied=[-0.06875000149011612, -0.737500011920929, 1.6825000047683716, 0.06875000149011612, -0.737500011920929, 1.6825000047683716, -0.13124999403953552, -0.44837987422943115, 1.5575000047683716, -1.5, 0.23367291688919067, 2.11491060256958] current=[0.05631323903799057, -0.5888994932174683, 2.1933276653289795, 0.11011558771133423, -0.6725725531578064, 1.85640549659729, 0.29177284240722656, -0.7822799682617188, 1.9862443208694458, 0.8439051508903503, 0.2223251312971115, 2.6701972484588623]
[STAGE] video_encoding_start
[SUMMARY] {"task": "YoboGo-Velocity-Flat-v0", "mode": "smoke", "yobogo_walk_speed_m_s": 0.15, "rapid_walk_speed_m_s": 0.3, "adaptation_weight": "/run/media/pma213x/0C6A8CC86A8CAFCE/Ubuntu2/CodeU/Dog1/mini-cheetah-isaaclab/external_models/rapid-locomotion-rl/runs/rapid-locomotion/example/train/201852.132488/checkpoints/adaptation_module_latest.jit", "body_weight": "/run/media/pma213x/0C6A8CC86A8CAFCE/Ubuntu2/CodeU/Dog1/mini-cheetah-isaaclab/external_models/rapid-locomotion-rl/runs/rapid-locomotion/example/train/201852.132488/checkpoints/body_latest.jit", "completed_steps": 800, "inference_steps": 80, "expected_inference_steps": 80, "reset_count": 0, "safety_clip_count": 169, "position_clip_count": 0, "torque_clip_count": 169, "large_action_inference_count": 35, "official_clip_inference_count": 0, "max_abs_rapid_action": 0.25, "max_abs_policy_action": 30.4024715423584, "ood_guard_count": 897, "base_height_min_m": 0.2238159477710724, "max_abs_roll_deg": 22.54382370287098, "max_abs_pitch_deg": 6.382108177897496, "xy_displacement_m": 0.3557923138141632, "mean_measured_velocity_m_s": 0.222370196133852, "final_command": [0.44999998807907104, 0.0, 0.0], "final_rapid_from_term": [0.45, 0.0, 0.0], "terminated_steps": 0, "stability_errors": ["direction_incorrect_or_not_dominant"], "interface_ok": true, "stable_walking": false, "scenario_name": "forward_probe", "scenario_settle_steps": 200, "scenario_motion_steps": 600, "scenario_command_requested_rapid": [0.45, 0.0, 0.0], "scenario_command_policy": [0.45, 0.0, 0.0], "scenario_command_term": [0.44999998807907104, 0.0, 0.0], "scenario_command_rapid_final": [0.45, 0.0, 0.0], "scenario_metrics": {"start_position_world": [0.06865797191858292, -0.1387912929058075, 0.23584343492984772], "end_position_world": [-0.17078259587287903, -0.015501716174185276, 0.23605205118656158], "displacement_vector_world": [-0.23944056779146194, 0.12328957673162222], "displacement_m": 0.26931785168265443, "start_yaw_deg": -51.27001829318371, "end_yaw_deg": -31.29596914641551, "yaw_change_deg": 19.974049146768206, "start_forward_axis_world": [0.6256509539474491, -0.7801031238398209], "start_left_axis_world": [0.7801031238398209, 0.6256509539474491], "start_forward_projection_m": -0.2459848035976748, "start_lateral_projection_m": -0.10965209361418321, "body_forward_projection_m": -0.2745146690972496, "body_lateral_projection_m": -0.06147698810121359, "mean_body_velocity_m_s": [-0.22374474490682283, -0.07670718592087117], "mean_body_yaw_rate_rad_s": 0.24576042000514767, "primary_axis": "forward", "primary_projection": -0.2745146690972496, "thresholds": {"displacement_m": 0.1, "projection_dominance_ratio": 0.6, "yaw_change_deg": 10.0}, "command_ok": true, "direction_ok": false, "displacement_ok": true}, "scenario_gate_errors": ["direction_incorrect_or_not_dominant"], "scenario_pass": false, "video": null, "video_frames_written": 0, "leg_motion_stats": {"FR": {"joints": {"haa": {"target": {"min": -0.13124999403953552, "max": -0.06875000149011612, "rms": 0.07722915758431258, "range": 0.0624999925494194, "motion_rms": 0.018612499310880277}, "actual": {"min": -0.4408051073551178, "max": 0.1627175509929657, "rms": 0.13868359861879634, "range": 0.6035226583480835, "motion_rms": 0.10691133377857481}, "raw_action": {"min": -7.125398635864258, "max": 13.90998363494873, "rms": 6.048805469299786, "range": 21.03538227081299, "motion_rms": 4.110770291729759}, "applied_action": {"min": -0.25, "max": 0.25, "rms": 0.24964473985519112, "range": 0.5, "motion_rms": 0.1489000097365009}, "position_clip_count": 0, "torque_clip_count": 0}, "hip": {"target": {"min": -0.862500011920929, "max": -0.737500011920929, "rms": 0.7576583817561767, "range": 0.125, "motion_rms": 0.04264958875367476}, "actual": {"min": -0.8102110624313354, "max": -0.5307499766349792, "rms": 0.7101066901723739, "range": 0.2794610857963562, "motion_rms": 0.07982316084259962}, "raw_action": {"min": -3.838087558746338, "max": 10.322688102722168, "rms": 4.138820335513887, "range": 14.160775661468506, "motion_rms": 3.2354244729542536}, "applied_action": {"min": -0.25, "max": 0.25, "rms": 0.2438025049081075, "range": 0.5, "motion_rms": 0.17059835912806826}, "position_clip_count": 0, "torque_clip_count": 0}, "knee": {"target": {"min": 1.5575000047683716, "max": 1.6825000047683716, "rms": 1.679421411089361, "range": 0.125, "motion_rms": 0.018585150268646586}, "actual": {"min": 1.668135643005371, "max": 2.224553346633911, "rms": 1.8333082020269116, "range": 0.55641770362854, "motion_rms": 0.11970812248345918}, "raw_action": {"min": -0.3086051940917969, "max": 13.401412963867188, "rms": 4.706705842935956, "range": 13.710018157958984, "motion_rms": 2.990849081808965}, "applied_action": {"min": -0.25, "max": 0.25, "rms": 0.2486475508937018, "range": 0.5, "motion_rms": 0.07434061399883202}, "position_clip_count": 0, "torque_clip_count": 0}}, "target_range_min": 0.0624999925494194, "actual_range_min": 0.2794610857963562, "actual_motion_rms_min": 0.07982316084259962}, "FL": {"joints": {"haa": {"target": {"min": 0.06875000149011612, "max": 0.13124999403953552, "rms": 0.09308189392043974, "range": 0.0624999925494194, "motion_rms": 0.028529641251531356}, "actual": {"min": -0.00801834650337696, "max": 0.44513174891471863, "rms": 0.19912281688442118, "range": 0.4531500954180956, "motion_rms": 0.11567862745050599}, "raw_action": {"min": -30.4024715423584, "max": 13.297765731811523, "rms": 9.14358409852478, "range": 43.70023727416992, "motion_rms": 8.145224428156183}, "applied_action": {"min": -0.25, "max": 0.25, "rms": 0.24716575702842786, "range": 0.5, "motion_rms": 0.2305234549913242}, "position_clip_count": 0, "torque_clip_count": 1}, "hip": {"target": {"min": -1.3324041366577148, "max": -0.737500011920929, "rms": 0.7726326939961506, "range": 0.5949041247367859, "motion_rms": 0.07996602393278501}, "actual": {"min": -1.0569114685058594, "max": -0.5737153887748718, "rms": 0.7775200591849398, "range": 0.48319607973098755, "motion_rms": 0.10050188859384045}, "raw_action": {"min": -5.996668815612793, "max": 5.799825191497803, "rms": 2.8193423967358022, "range": 11.796494007110596, "motion_rms": 2.3740945197199994}, "applied_action": {"min": -0.25, "max": 0.25, "rms": 0.2495921114355964, "range": 0.5, "motion_rms": 0.1949844446821437}, "position_clip_count": 0, "torque_clip_count": 1}, "knee": {"target": {"min": 1.5575000047683716, "max": 1.6825000047683716, "rms": 1.6123673040049988, "range": 0.125, "motion_rms": 0.0580019008647191}, "actual": {"min": 1.5562766790390015, "max": 2.0600016117095947, "rms": 1.7332373281031344, "range": 0.5037249326705933, "motion_rms": 0.12432706248001503}, "raw_action": {"min": -12.951910018920898, "max": 6.715704917907715, "rms": 3.6528008056350934, "range": 19.667614936828613, "motion_rms": 3.4054249246855774}, "applied_action": {"min": -0.25, "max": 0.25, "rms": 0.23458895657183268, "range": 0.5, "motion_rms": 0.23200760666119005}, "position_clip_count": 0, "torque_clip_count": 0}}, "target_range_min": 0.0624999925494194, "actual_range_min": 0.4531500954180956, "actual_motion_rms_min": 0.10050188859384045}, "RR": {"joints": {"haa": {"target": {"min": -0.8136152625083923, "max": 0.8046046495437622, "rms": 0.31369494862172287, "range": 1.6182199120521545, "motion_rms": 0.3054843333725}, "actual": {"min": -0.49888303875923157, "max": 0.29177284240722656, "rms": 0.1901406321187429, "range": 0.7906558811664581, "motion_rms": 0.15073589593469094}, "raw_action": {"min": -14.449055671691895, "max": 11.117091178894043, "rms": 5.401786739872522, "range": 25.566146850585938, "motion_rms": 4.99473610854164}, "applied_action": {"min": -0.25, "max": 0.25, "rms": 0.23993916118465192, "range": 0.5, "motion_rms": 0.22436925277777345}, "position_clip_count": 0, "torque_clip_count": 28}, "hip": {"target": {"min": -2.1394901275634766, "max": -0.07420828193426132, "rms": 0.8581200044896532, "range": 2.0652818456292152, "motion_rms": 0.206700249719288}, "actual": {"min": -1.6858768463134766, "max": -0.46814244985580444, "rms": 0.8301341270079514, "range": 1.2177343964576721, "motion_rms": 0.19466671512829306}, "raw_action": {"min": -20.574460983276367, "max": 3.475140333175659, "rms": 7.144054094234624, "range": 24.049601316452026, "motion_rms": 5.945982039843694}, "applied_action": {"min": -0.25, "max": 0.25, "rms": 0.24442125237567244, "range": 0.5, "motion_rms": 0.2244766085587993}, "position_clip_count": 0, "torque_clip_count": 14}, "knee": {"target": {"min": 1.5575000047683716, "max": 1.6825000047683716, "rms": 1.595448342774904, "range": 0.125, "motion_rms": 0.0554142832037031}, "actual": {"min": 1.543731927871704, "max": 2.0890142917633057, "rms": 1.8085282543301908, "range": 0.5452823638916016, "motion_rms": 0.16877031510679158}, "raw_action": {"min": -12.796243667602539, "max": 13.355875015258789, "rms": 5.090228346673394, "range": 26.152118682861328, "motion_rms": 4.913197730547883}, "applied_action": {"min": -0.25, "max": 0.25, "rms": 0.24402367606500114, "range": 0.5, "motion_rms": 0.22165713235687018}, "position_clip_count": 0, "torque_clip_count": 0}}, "target_range_min": 0.125, "actual_range_min": 0.5452823638916016, "actual_motion_rms_min": 0.15073589593469094}, "RL": {"joints": {"haa": {"target": {"min": -1.5, "max": 1.5, "rms": 1.0846139068695673, "range": 3.0, "motion_rms": 1.0811731680808547}, "actual": {"min": -1.0445340871810913, "max": 1.2209149599075317, "rms": 0.4959256764992261, "range": 2.265449047088623, "motion_rms": 0.49580025781897147}, "raw_action": {"min": -16.017078399658203, "max": 14.883036613464355, "rms": 6.306561251896128, "range": 30.90011501312256, "motion_rms": 6.017334961663357}, "applied_action": {"min": -0.25, "max": 0.25, "rms": 0.24927631463926767, "range": 0.5, "motion_rms": 0.2374813803686229}, "position_clip_count": 0, "torque_clip_count": 53}, "hip": {"target": {"min": -4.420709133148193, "max": 1.113312005996704, "rms": 1.2100021946713402, "range": 5.5340211391448975, "motion_rms": 0.8354109302464362}, "actual": {"min": -2.3434884548187256, "max": 0.2548426389694214, "rms": 0.8058027737042504, "range": 2.598331093788147, "motion_rms": 0.4144341101057668}, "raw_action": {"min": -17.91950225830078, "max": 2.0815889835357666, "rms": 5.583691821785196, "range": 20.001091241836548, "motion_rms": 3.760302376901992}, "applied_action": {"min": -0.25, "max": 0.25, "rms": 0.24509516330659967, "range": 0.5, "motion_rms": 0.11192818214678069}, "position_clip_count": 0, "torque_clip_count": 38}, "knee": {"target": {"min": -1.3102657794952393, "max": 2.700000047683716, "rms": 1.8180532274883903, "range": 4.010265827178955, "motion_rms": 0.7769201366978552}, "actual": {"min": 1.0905513763427734, "max": 2.6859993934631348, "rms": 1.86922325580947, "range": 1.5954480171203613, "motion_rms": 0.32365773940933507}, "raw_action": {"min": -6.491946697235107, "max": 22.182315826416016, "rms": 6.056021336192209, "range": 28.674262523651123, "motion_rms": 5.495018680871767}, "applied_action": {"min": -0.25, "max": 0.25, "rms": 0.24497601567004493, "range": 0.5, "motion_rms": 0.23312037640907768}, "position_clip_count": 0, "torque_clip_count": 34}}, "target_range_min": 3.0, "actual_range_min": 1.5954480171203613, "actual_motion_rms_min": 0.32365773940933507}, "_gate": {"front_target_range_min": 0.0624999925494194, "front_actual_range_min": 0.2794610857963562, "front_target_threshold_rad": 0.04, "front_actual_threshold_rad": 0.05, "ok": true}}, "scenario_mean_body_velocity": [-0.22374474490682283, -0.07670718592087117], "scenario_mean_body_yaw_rate": 0.24576042000514767}
Traceback (most recent call last):
  File "/run/media/pma213x/0C6A8CC86A8CAFCE/Ubuntu2/CodeU/Dog1/mini-cheetah-isaaclab/training/scripts/play_rapid.py", line 1188, in <module>
    exit_code = main()
  File "/run/media/pma213x/0C6A8CC86A8CAFCE/Ubuntu2/CodeU/Dog1/mini-cheetah-isaaclab/training/scripts/play_rapid.py", line 1173, in main
    raise RuntimeError(
RuntimeError: 稳定性 Gate 失败：direction_incorrect_or_not_dominant
