[3gH    H    H    H    H    H    H    H    H    H    H    H    H    H    H    H    H    H    H    H   [INFO] Using python from: /home/pma213x/.venvs/minicheetah-isaaclab/bin/python
[INFO][AppLauncher]: Loading experience file: /home/pma213x/IsaacLab/apps/isaaclab.python.headless.kit
[Warning] [simulation_app.simulation_app] Modules: ['omni.kit_app'] were loaded before SimulationApp was started and might not be loaded correctly.
[Warning] [simulation_app.simulation_app] Please check to make sure no extra omniverse or pxr modules are imported before the call to SimulationApp(...)
Loading user config located at: '/home/pma213x/.venvs/minicheetah-isaaclab/lib/python3.10/site-packages/omni/data/Kit/Isaac-Sim/4.5/user.config.json'
[Info] [carb] Logging to file: /home/pma213x/.venvs/minicheetah-isaaclab/lib/python3.10/site-packages/omni/logs/Kit/Isaac-Sim/4.5/kit_20261008_230314.log
2026-10-08 15:03:14 [0ms] [Warning] [omni.kit.app.plugin] No crash reporter present, dumps uploading isn't available.
2026-10-08 15:03:14 [95ms] [Warning] [omni.usd_config.extension] Enable omni.materialx.libs extension to use MaterialX
2026-10-08 15:03:14 [364ms] [Warning] [omni.datastore] OmniHub is inaccessible
2026-10-08 15:03:14 [390ms] [Warning] [omni.isaac.dynamic_control] omni.isaac.dynamic_control is deprecated as of Isaac Sim 4.5. No action is needed from end-users.
Gym has been unmaintained since 2022 and does not support NumPy 2.0 amongst other critical functionality.
Please upgrade to Gymnasium, the maintained drop-in replacement of Gym, or contact the authors of your software and request that they upgrade.
See the migration guide at https://gymnasium.farama.org/introduction/migration_guide/ for additional information.
2026-10-08 15:03:16 [2,074ms] [Warning] [gpu.foundation.plugin] Skipping unsupported non-NVIDIA GPU: Intel(R) UHD Graphics (ADL-S GT0.5)
2026-10-08 15:03:16 [2,074ms] [Warning] [gpu.foundation.plugin] Skipping unsupported non-NVIDIA GPU: Intel(R) UHD Graphics (ADL-S GT0.5)

|---------------------------------------------------------------------------------------------|
| Driver Version: 580.178.04    | Graphics API: Vulkan
|=============================================================================================|
| GPU | Name                             | Active | LDA | GPU Memory | Vendor-ID | LUID       |
|     |                                  |        |     |            | Device-ID | UUID       |
|     |                                  |        |     |            | Bus-ID    |            |
|---------------------------------------------------------------------------------------------|
| 0   | NVIDIA GeForce RTX 4060 Laptop.. | Yes: 0 |     | 8188    MB | 10de      | 0          |
|     |                                  |        |     |            | 28e0      | 4d090564.. |
|     |                                  |        |     |            | 1         |            |
|---------------------------------------------------------------------------------------------|
| 1   | Intel(R) UHD Graphics (ADL-S G.. |        |     | 11374   MB | 8086      | 0          |
|     |                                  |        |     |            | 468b      | 86808b46.. |
|     |                                  |        |     |            | 0         |            |
|=============================================================================================|
| OS: 26.04.1 LTS (Resolute Raccoon) ubuntu, Version: 26.04.1, Kernel: 7.0.0-34-generic
| XServer Vendor: The X.Org Foundation, XServer Version: 12401010 (1.24.1.10)
| Processor: 13th Gen Intel(R) Core(TM) i5-13500HX
| Bare Metal Cores: 14 | Bare Metal Logical Cores: 28
| Available Cores:  20 
|---------------------------------------------------------------------------------------------|
| Total Memory (MB): 15166 | Free Memory: 5869
| Total Page/Swap (MB): 20479 | Free Page/Swap: 14546
|---------------------------------------------------------------------------------------------|
2026-10-08 15:03:16 [2,322ms] [Warning] [gpu.foundation.plugin] IOMMU is enabled.
2026-10-08 15:03:16 [2,324ms] [Warning] [gpu.foundation.plugin] Detected IOMMU is enabled. Running CUDA peer-to-peer bandwidth and latency validation.
Unidirectional P2P=Enabled Bandwidth (P2P Writes) Matrix (GB/s)
   D\D     0 
     0 221.34 
P2P=Enabled Latency (P2P Writes) Matrix (us)
   GPU     0 
     0   1.32 

   CPU     0 
     0   2.01 
[STAGE] config_start
[INFO]: Parsing configuration from: training.envs.velocity_flat_env_cfg:YoboGoVelocityFlatEnvCfg
[STAGE] config_done
[STAGE] environment_create_start
2026-10-08 15:03:17 [2,513ms] [Warning] [isaaclab.envs.manager_based_env] Seed not set for the environment. The environment creation may not be deterministic.
[INFO]: Base environment:
	Environment device    : cuda:0
	Environment seed      : None
	Physics step-size     : 0.0004
	Rendering step-size   : 0.002
	Environment step-size : 0.002
2026-10-08 15:03:17 [2,581ms] [Warning] [isaaclab.terrains.terrain_importer] Visual material specified for ground plane but no diffuse color found. Using default color: (0.0, 0.0, 0.0)
[INFO]: Time taken for scene creation : 3.009397 seconds
[INFO]: Scene manager:  <class InteractiveScene>
	Number of environments: 1
	Environment spacing   : 2.5
	Source prim name      : /World/envs/env_0
	Global prim paths     : ['/World/ground']
	Replicate physics     : True
[INFO]: Starting the simulation. This may take a few seconds. Please wait...
[INFO]: Time taken for simulation start : 0.366112 seconds
2026-10-08 15:03:20 [6,162ms] [Warning] [omni.usd] Warning: in GetNodeDiscoveryResults at line 136 of /builds/omniverse/usd-ci/USD/pxr/usd/usdShade/shaderDefUtils.cpp -- Unable to resolve info:sourceAsset </UsdPreviewSurface.info:mdl:sourceAsset> with value @UsdPreviewSurface.mdl@.

2026-10-08 15:03:20 [6,162ms] [Warning] [omni.usd] Warning: in GetNodeDiscoveryResults at line 136 of /builds/omniverse/usd-ci/USD/pxr/usd/usdShade/shaderDefUtils.cpp -- Unable to resolve info:sourceAsset </UsdUVTexture.info:mdl:sourceAsset> with value @UsdPreviewSurface.mdl@.

2026-10-08 15:03:20 [6,162ms] [Warning] [omni.usd] Warning: in GetNodeDiscoveryResults at line 136 of /builds/omniverse/usd-ci/USD/pxr/usd/usdShade/shaderDefUtils.cpp -- Unable to resolve info:sourceAsset </UsdPrimvarReader_float.info:mdl:sourceAsset> with value @UsdPreviewSurface.mdl@.

2026-10-08 15:03:20 [6,162ms] [Warning] [omni.usd] Warning: in GetNodeDiscoveryResults at line 136 of /builds/omniverse/usd-ci/USD/pxr/usd/usdShade/shaderDefUtils.cpp -- Unable to resolve info:sourceAsset </UsdPrimvarReader_float2.info:mdl:sourceAsset> with value @UsdPreviewSurface.mdl@.

2026-10-08 15:03:20 [6,162ms] [Warning] [omni.usd] Warning: in GetNodeDiscoveryResults at line 136 of /builds/omniverse/usd-ci/USD/pxr/usd/usdShade/shaderDefUtils.cpp -- Unable to resolve info:sourceAsset </UsdPrimvarReader_float3.info:mdl:sourceAsset> with value @UsdPreviewSurface.mdl@.

2026-10-08 15:03:20 [6,162ms] [Warning] [omni.usd] Warning: in GetNodeDiscoveryResults at line 136 of /builds/omniverse/usd-ci/USD/pxr/usd/usdShade/shaderDefUtils.cpp -- Unable to resolve info:sourceAsset </UsdPrimvarReader_float4.info:mdl:sourceAsset> with value @UsdPreviewSurface.mdl@.

2026-10-08 15:03:20 [6,162ms] [Warning] [omni.usd] Warning: in GetNodeDiscoveryResults at line 136 of /builds/omniverse/usd-ci/USD/pxr/usd/usdShade/shaderDefUtils.cpp -- Unable to resolve info:sourceAsset </UsdPrimvarReader_int.info:mdl:sourceAsset> with value @UsdPreviewSurface.mdl@.

2026-10-08 15:03:20 [6,162ms] [Warning] [omni.usd] Warning: in GetNodeDiscoveryResults at line 136 of /builds/omniverse/usd-ci/USD/pxr/usd/usdShade/shaderDefUtils.cpp -- Unable to resolve info:sourceAsset </UsdPrimvarReader_string.info:mdl:sourceAsset> with value @UsdPreviewSurface.mdl@.

2026-10-08 15:03:20 [6,162ms] [Warning] [omni.usd] Warning: in GetNodeDiscoveryResults at line 136 of /builds/omniverse/usd-ci/USD/pxr/usd/usdShade/shaderDefUtils.cpp -- Unable to resolve info:sourceAsset </UsdPrimvarReader_normal.info:mdl:sourceAsset> with value @UsdPreviewSurface.mdl@.

2026-10-08 15:03:20 [6,162ms] [Warning] [omni.usd] Warning: in GetNodeDiscoveryResults at line 136 of /builds/omniverse/usd-ci/USD/pxr/usd/usdShade/shaderDefUtils.cpp -- Unable to resolve info:sourceAsset </UsdPrimvarReader_point.info:mdl:sourceAsset> with value @UsdPreviewSurface.mdl@.

2026-10-08 15:03:20 [6,164ms] [Warning] [omni.usd] Warning: in GetNodeDiscoveryResults at line 136 of /builds/omniverse/usd-ci/USD/pxr/usd/usdShade/shaderDefUtils.cpp -- Unable to resolve info:sourceAsset </UsdPrimvarReader_vector.info:mdl:sourceAsset> with value @UsdPreviewSurface.mdl@.

2026-10-08 15:03:20 [6,164ms] [Warning] [omni.usd] Warning: in GetNodeDiscoveryResults at line 136 of /builds/omniverse/usd-ci/USD/pxr/usd/usdShade/shaderDefUtils.cpp -- Unable to resolve info:sourceAsset </UsdPrimvarReader_matrix.info:mdl:sourceAsset> with value @UsdPreviewSurface.mdl@.

2026-10-08 15:03:20 [6,164ms] [Warning] [omni.usd] Warning: in GetNodeDiscoveryResults at line 136 of /builds/omniverse/usd-ci/USD/pxr/usd/usdShade/shaderDefUtils.cpp -- Unable to resolve info:sourceAsset </UsdTransform2d.info:mdl:sourceAsset> with value @UsdPreviewSurface.mdl@.

[INFO] Command Manager:  <CommandManager> contains 1 active terms.
+------------------------------------------------+
|              Active Command Terms              |
+-------+---------------+------------------------+
| Index | Name          |          Type          |
+-------+---------------+------------------------+
|   0   | base_velocity | UniformVelocityCommand |
+-------+---------------+------------------------+

[INFO] Recorder Manager:  <RecorderManager> contains 0 active terms.
+---------------------+
| Active Recorder Terms |
+-----------+---------+
|   Index   | Name    |
+-----------+---------+
+-----------+---------+

[INFO] Action Manager:  <ActionManager> contains 1 active terms.
+------------------------------------+
|  Active Action Terms (shape: 12)   |
+--------+-------------+-------------+
| Index  | Name        |   Dimension |
+--------+-------------+-------------+
|   0    | joint_pos   |          12 |
+--------+-------------+-------------+

[INFO] Observation Manager: <ObservationManager> contains 1 groups.
+---------------------------------------------------------+
| Active Observation Terms in Group: 'policy' (shape: (48,)) |
+-----------+---------------------------------+-----------+
|   Index   | Name                            |   Shape   |
+-----------+---------------------------------+-----------+
|     0     | base_lin_vel                    |    (3,)   |
|     1     | base_ang_vel                    |    (3,)   |
|     2     | projected_gravity               |    (3,)   |
|     3     | velocity_commands               |    (3,)   |
|     4     | joint_pos                       |   (12,)   |
|     5     | joint_vel                       |   (12,)   |
|     6     | actions                         |   (12,)   |
+-----------+---------------------------------+-----------+

[INFO] Event Manager:  <EventManager> contains 3 active terms.
+--------------------------------------+
| Active Event Terms in Mode: 'startup' |
+----------+---------------------------+
|  Index   | Name                      |
+----------+---------------------------+
|    0     | physics_material          |
+----------+---------------------------+
+---------------------------------------+
|  Active Event Terms in Mode: 'reset'  |
+--------+------------------------------+
| Index  | Name                         |
+--------+------------------------------+
|   0    | base_external_force_torque   |
|   1    | reset_base                   |
|   2    | reset_robot_joints           |
+--------+------------------------------+
+----------------------------------------------+
|    Active Event Terms in Mode: 'interval'    |
+-------+------------+-------------------------+
| Index | Name       | Interval time range (s) |
+-------+------------+-------------------------+
|   0   | push_robot |       (10.0, 15.0)      |
+-------+------------+-------------------------+

[INFO] Termination Manager:  <TerminationManager> contains 2 active terms.
+---------------------------------+
|     Active Termination Terms    |
+-------+--------------+----------+
| Index | Name         | Time Out |
+-------+--------------+----------+
|   0   | time_out     |   True   |
|   1   | base_contact |  False   |
+-------+--------------+----------+

[INFO] Reward Manager:  <RewardManager> contains 11 active terms.
+-----------------------------------------+
|           Active Reward Terms           |
+-------+----------------------+----------+
| Index | Name                 |   Weight |
+-------+----------------------+----------+
|   0   | track_lin_vel_xy_exp |      1.0 |
|   1   | track_ang_vel_z_exp  |      0.5 |
|   2   | lin_vel_z_l2         |     -2.0 |
|   3   | ang_vel_xy_l2        |    -0.05 |
|   4   | dof_torques_l2       | -2.5e-05 |
|   5   | dof_acc_l2           | -2.5e-07 |
|   6   | action_rate_l2       |    -0.01 |
|   7   | feet_air_time        |      0.5 |
|   8   | undesired_contacts   |     -1.0 |
|   9   | flat_orientation_l2  |     -5.0 |
|   10  | dof_pos_limits       |      0.0 |
+-------+----------------------+----------+

[INFO] Curriculum Manager:  <CurriculumManager> contains 0 active terms.
+----------------------+
| Active Curriculum Terms |
+-----------+----------+
|   Index   | Name     |
+-----------+----------+
+-----------+----------+

[INFO]: Completed setting up the environment...
[STAGE] environment_create_done
[STAGE] policy_adapter_setup_start
[STAGE] policy_adapter_setup_done
[INFO] task=YoboGo-Velocity-Flat-v0
[INFO] weights_adaptation=/run/media/pma213x/0C6A8CC86A8CAFCE/Ubuntu2/CodeU/Dog1/mini-cheetah-isaaclab/external_models/rapid-locomotion-rl/runs/rapid-locomotion/example/train/201852.132488/checkpoints/adaptation_module_latest.jit
[INFO] weights_body=/run/media/pma213x/0C6A8CC86A8CAFCE/Ubuntu2/CodeU/Dog1/mini-cheetah-isaaclab/external_models/rapid-locomotion-rl/runs/rapid-locomotion/example/train/201852.132488/checkpoints/body_latest.jit
[INFO] yobogo_observation_dim=48 rapid_observation_dim=42
[INFO] history_dim=630 action_dim=12
[INFO] inference_period=10 control_period_s=0.002 inference_hz=50
[INFO] rapid_replay_actuator_kp=20 kd=0.5 effort=18/18/26
[INFO] scenario=forward_diag rapid_command_requested=[-0.6, 0.0, 0.0] settle_steps=200 motion_steps=600
[INFO] model_dummy_action_shape=(1, 12)
[INFO] model_dummy_latent_shape=(1, 18)
[STAGE] event_loop_start
[DIAG_INFER] step=1 policy_action_max=1.179989 applied_action_max=0.250000 obs_max=1.000000 history_nonzero_rows=0 position_clip=0 torque_clip=0 action=[-0.21977253258228302, 0.8110653162002563, -0.30860498547554016, -0.10791672766208649, 0.7024937868118286, 0.44729316234588623, 0.14830252528190613, -1.1799893379211426, 0.8864456415176392, 0.223587304353714, -0.5151156187057495, -0.7321029901504517]
[DIAG_TARGET] step=1 target_error=0.000000000 default=[0.0, -0.7853981852531433, 1.8654682636260986, 0.0, -0.7853981852531433, 1.8654682636260986, 0.0, -0.7853981852531433, 1.8654682636260986, 0.0, -0.7853981852531433, 1.8654682636260986] desired=[-0.12747156620025635, -0.737500011920929, 1.5575000047683716, 0.08651041239500046, -0.737500011920929, 1.6825000047683716, -0.08146218955516815, -0.862500011920929, 1.6825000047683716, 0.12794841825962067, -0.862500011920929, 1.5575000047683716] applied=[-0.12747156620025635, -0.737500011920929, 1.5575000047683716, 0.08651041239500046, -0.737500011920929, 1.6825000047683716, -0.08146218955516815, -0.862500011920929, 1.6825000047683716, 0.12794841825962067, -0.862500011920929, 1.5575000047683716] current=[-0.002451447071507573, -0.7875462174415588, 1.867659091949463, -0.0007637467351742089, -0.7867425680160522, 1.8686282634735107, -0.001999095780774951, -0.7881354093551636, 1.8693705797195435, -0.0010719632264226675, -0.7884607315063477, 1.8704452514648438]
[STAGE] first_step_done
[DIAG_INFER] step=11 policy_action_max=2.191290 applied_action_max=0.250000 obs_max=1.179989 history_nonzero_rows=1 position_clip=0 torque_clip=0 action=[-1.5795398950576782, 1.0565731525421143, -0.5147331953048706, -0.8654288053512573, 0.6981122493743896, 1.040265440940857, 0.8635779023170471, -1.2797504663467407, 2.1912896633148193, -0.037243105471134186, -0.598190426826477, -0.5100661516189575]
[DIAG_TARGET] step=11 target_error=0.000000000 default=[0.0, -0.7853981852531433, 1.8654682636260986, 0.0, -0.7853981852531433, 1.8654682636260986, 0.0, -0.7853981852531433, 1.8654682636260986, 0.0, -0.7853981852531433, 1.8654682636260986] desired=[-0.13124999403953552, -0.737500011920929, 1.5575000047683716, 0.06875000149011612, -0.737500011920929, 1.6825000047683716, -0.06875000149011612, -0.862500011920929, 1.6825000047683716, 0.09534461051225662, -0.862500011920929, 1.5575000047683716] applied=[-0.13124999403953552, -0.737500011920929, 1.5575000047683716, 0.06875000149011612, -0.737500011920929, 1.6825000047683716, -0.06875000149011612, -0.862500011920929, 1.6825000047683716, 0.09534461051225662, -0.862500011920929, 1.5575000047683716] current=[-0.01793983019888401, -0.8124120831489563, 1.8747389316558838, -0.012059331871569157, -0.8160101175308228, 1.901602864265442, -0.01186666451394558, -0.8203099370002747, 1.8929102420806885, -0.01081493217498064, -0.8273346424102783, 1.9170352220535278]
[DIAG_INFER] step=21 policy_action_max=2.647608 applied_action_max=0.250000 obs_max=2.191290 history_nonzero_rows=2 position_clip=0 torque_clip=0 action=[-1.6569812297821045, 0.8835897445678711, -0.3865389823913574, -0.6970123052597046, 0.9008091688156128, 0.6950044631958008, 1.0028932094573975, -0.6363978385925293, 1.1872928142547607, -0.8729007840156555, 0.7648801803588867, -2.6476082801818848]
[DIAG_TARGET] step=21 target_error=0.000000000 default=[0.0, -0.7853981852531433, 1.8654682636260986, 0.0, -0.7853981852531433, 1.8654682636260986, 0.0, -0.7853981852531433, 1.8654682636260986, 0.0, -0.7853981852531433, 1.8654682636260986] desired=[-0.13124999403953552, -0.737500011920929, 1.5575000047683716, 0.06875000149011612, -0.737500011920929, 1.6825000047683716, -0.06875000149011612, -0.862500011920929, 1.6825000047683716, 0.06875000149011612, -0.737500011920929, 1.5575000047683716] applied=[-0.13124999403953552, -0.737500011920929, 1.5575000047683716, 0.06875000149011612, -0.737500011920929, 1.6825000047683716, -0.06875000149011612, -0.862500011920929, 1.6825000047683716, 0.06875000149011612, -0.737500011920929, 1.5575000047683716] current=[-0.026991816237568855, -0.8212093114852905, 1.8592042922973633, -0.022107794880867004, -0.8337704539299011, 1.92005455493927, -0.010286699049174786, -0.8358840346336365, 1.8920916318893433, -0.009746931493282318, -0.8473867774009705, 1.940582513809204]
[DIAG_INFER] step=31 policy_action_max=4.258604 applied_action_max=0.250000 obs_max=2.647608 history_nonzero_rows=3 position_clip=0 torque_clip=2 action=[2.4754624366760254, 1.4101451635360718, 2.452242851257324, 0.29943668842315674, 0.21702881157398224, -0.5082380175590515, -2.9782965183258057, -1.1465141773223877, -2.8749570846557617, -4.258604049682617, 0.09377604722976685, -0.3045606017112732]
[DIAG_TARGET] step=31 target_error=0.000000000 default=[0.0, -0.7853981852531433, 1.8654682636260986, 0.0, -0.7853981852531433, 1.8654682636260986, 0.0, -0.7853981852531433, 1.8654682636260986, 0.0, -0.7853981852531433, 1.8654682636260986] desired=[-0.06875000149011612, -0.737500011920929, 1.6825000047683716, 0.13124999403953552, -0.7457427978515625, 1.5575000047683716, -0.13124999403953552, -0.862500011920929, 1.5575000047683716, 0.06373447179794312, -0.7765560150146484, 1.348052978515625] applied=[-0.06875000149011612, -0.737500011920929, 1.6825000047683716, 0.13124999403953552, -0.7457427978515625, 1.5575000047683716, -0.13124999403953552, -0.862500011920929, 1.5575000047683716, 0.06373447179794312, -0.7765560150146484, 1.348052978515625] current=[-0.04219584912061691, -0.8156175017356873, 1.8286703824996948, -0.03913271799683571, -0.8333361744880676, 1.9216281175613403, -0.009657381102442741, -0.83492112159729, 1.8716317415237427, -0.009784712456166744, -0.8448779582977295, 1.937996745109558]
[DIAG_INFER] step=41 policy_action_max=4.495653 applied_action_max=0.250000 obs_max=4.258604 history_nonzero_rows=4 position_clip=0 torque_clip=2 action=[3.6241509914398193, 0.6130813360214233, 2.1615796089172363, -1.0520211458206177, -0.6361465454101562, -0.08276201039552689, -3.602797031402588, -0.5900743007659912, -1.5978777408599854, -4.495652675628662, -0.6377347707748413, 1.0852890014648438]
[DIAG_TARGET] step=41 target_error=0.000000000 default=[0.0, -0.7853981852531433, 1.8654682636260986, 0.0, -0.7853981852531433, 1.8654682636260986, 0.0, -0.7853981852531433, 1.8654682636260986, 0.0, -0.7853981852531433, 1.8654682636260986] desired=[-0.06875000149011612, -0.737500011920929, 1.6825000047683716, 0.06875000149011612, -0.862500011920929, 1.5993094444274902, -0.13124999403953552, -0.862500011920929, 1.5575000047683716, 0.06875000149011612, -0.3876476287841797, 0.9181230068206787] applied=[-0.06875000149011612, -0.737500011920929, 1.6825000047683716, 0.06875000149011612, -0.862500011920929, 1.5993094444274902, -0.13124999403953552, -0.862500011920929, 1.5575000047683716, 0.06875000149011612, -0.3876476287841797, 0.9181230068206787] current=[-0.058616090565919876, -0.7951262593269348, 1.7874243259429932, -0.05764714255928993, -0.8153704404830933, 1.9060547351837158, -0.01096682995557785, -0.8131110072135925, 1.8281052112579346, -0.011770454235374928, -0.8195177316665649, 1.9065264463424683]
[DIAG_INFER] step=51 policy_action_max=7.178234 applied_action_max=0.250000 obs_max=4.495653 history_nonzero_rows=5 position_clip=0 torque_clip=3 action=[6.059298992156982, 0.05027928948402405, 2.200723886489868, -0.7792654037475586, 1.0945695638656616, 0.33493876457214355, -5.527603626251221, 0.04495859891176224, -2.891873359680176, -7.178233623504639, -1.1493940353393555, 1.338617205619812]
[DIAG_TARGET] step=51 target_error=0.000000000 default=[0.0, -0.7853981852531433, 1.8654682636260986, 0.0, -0.7853981852531433, 1.8654682636260986, 0.0, -0.7853981852531433, 1.8654682636260986, 0.0, -0.7853981852531433, 1.8654682636260986] desired=[-0.06875000149011612, -0.7874301671981812, 1.6825000047683716, 0.06875000149011612, -0.737500011920929, 1.6825000047683716, -0.13124999403953552, -0.7887603640556335, 1.5575000047683716, -0.5118803381919861, 0.1582215428352356, 1.5249826908111572] applied=[-0.06875000149011612, -0.7874301671981812, 1.6825000047683716, 0.06875000149011612, -0.737500011920929, 1.6825000047683716, -0.13124999403953552, -0.7887603640556335, 1.5575000047683716, -0.5118803381919861, 0.1582215428352356, 1.5249826908111572] current=[-0.09167852252721786, -0.761305570602417, 1.7485803365707397, -0.091610386967659, -0.7730634808540344, 1.8713469505310059, -0.03211518004536629, -0.7697569727897644, 1.7549183368682861, -0.030671346932649612, -0.7516749501228333, 1.825242519378662]
[DIAG_INFER] step=61 policy_action_max=5.041440 applied_action_max=0.250000 obs_max=7.178234 history_nonzero_rows=6 position_clip=0 torque_clip=2 action=[4.879138946533203, -0.8776140213012695, 2.661586284637451, -0.722324013710022, 1.1321039199829102, 0.4040348529815674, -2.278782606124878, -1.3188843727111816, -1.8685617446899414, -5.041439533233643, -0.9555612802505493, 1.4552974700927734]
[DIAG_TARGET] step=61 target_error=0.000000000 default=[0.0, -0.7853981852531433, 1.8654682636260986, 0.0, -0.7853981852531433, 1.8654682636260986, 0.0, -0.7853981852531433, 1.8654682636260986, 0.0, -0.7853981852531433, 1.8654682636260986] desired=[-0.06875000149011612, -0.862500011920929, 1.6825000047683716, 0.06875000149011612, -0.737500011920929, 1.6825000047683716, -0.13124999403953552, -0.7878819704055786, 1.5575000047683716, -0.1056414246559143, -0.862500011920929, 1.6825000047683716] applied=[-0.06875000149011612, -0.862500011920929, 1.6825000047683716, 0.06875000149011612, -0.737500011920929, 1.6825000047683716, -0.13124999403953552, -0.7878819704055786, 1.5575000047683716, -0.1056414246559143, -0.862500011920929, 1.6825000047683716] current=[-0.13006846606731415, -0.7451043128967285, 1.7489248514175415, -0.08408194035291672, -0.718490719795227, 1.8165277242660522, -0.08822304755449295, -0.739027738571167, 1.6700091361999512, -0.1915234476327896, -0.4025324583053589, 1.6717472076416016]
[DIAG_INFER] step=71 policy_action_max=4.754524 applied_action_max=0.250000 obs_max=5.041440 history_nonzero_rows=7 position_clip=0 torque_clip=2 action=[3.1954283714294434, 4.754523754119873, 3.5288360118865967, -1.6658339500427246, -1.6526243686676025, -2.6369845867156982, 1.565648078918457, -1.060474157333374, 0.1895061731338501, 0.9317930936813354, -3.9106662273406982, 2.673520088195801]
[DIAG_TARGET] step=71 target_error=0.000000000 default=[0.0, -0.7853981852531433, 1.8654682636260986, 0.0, -0.7853981852531433, 1.8654682636260986, 0.0, -0.7853981852531433, 1.8654682636260986, 0.0, -0.7853981852531433, 1.8654682636260986] desired=[-0.06875000149011612, -0.737500011920929, 1.6825000047683716, 0.06875000149011612, -0.862500011920929, 1.5575000047683716, -0.06875000149011612, -0.862500011920929, 1.6673765182495117, 0.4401624798774719, -1.7997987270355225, 1.6825000047683716] applied=[-0.06875000149011612, -0.737500011920929, 1.6825000047683716, 0.06875000149011612, -0.862500011920929, 1.5575000047683716, -0.06875000149011612, -0.862500011920929, 1.6673765182495117, 0.4401624798774719, -1.7997987270355225, 1.6825000047683716] current=[-0.09728897362947464, -0.77260822057724, 1.7503024339675903, 0.011924460530281067, -0.7122687697410583, 1.7836493253707886, -0.09219702333211899, -0.7637231945991516, 1.6097913980484009, -0.2225082963705063, -0.44199249148368835, 1.7056559324264526]
[DIAG_INFER] step=81 policy_action_max=4.236772 applied_action_max=0.250000 obs_max=4.754524 history_nonzero_rows=8 position_clip=0 torque_clip=3 action=[4.236771583557129, 2.313525915145874, 1.9783411026000977, -0.9802976846694946, 2.1623051166534424, -2.4838435649871826, -3.3432624340057373, 2.7141003608703613, -2.4612038135528564, 1.0819568634033203, -1.7804067134857178, 2.670184850692749]
[DIAG_TARGET] step=81 target_error=0.000000000 default=[0.0, -0.7853981852531433, 1.8654682636260986, 0.0, -0.7853981852531433, 1.8654682636260986, 0.0, -0.7853981852531433, 1.8654682636260986, 0.0, -0.7853981852531433, 1.8654682636260986] desired=[-0.06875000149011612, -0.737500011920929, 1.6825000047683716, 0.06875000149011612, -0.737500011920929, 1.5575000047683716, -0.13124999403953552, -0.9411910176277161, 1.5575000047683716, 0.13124999403953552, -0.8090806007385254, 1.32210111618042] applied=[-0.06875000149011612, -0.737500011920929, 1.6825000047683716, 0.06875000149011612, -0.737500011920929, 1.5575000047683716, -0.13124999403953552, -0.9411910176277161, 1.5575000047683716, 0.13124999403953552, -0.8090806007385254, 1.32210111618042] current=[-0.05060938000679016, -0.765649676322937, 1.7176539897918701, 0.08446011692285538, -0.7310056090354919, 1.8067132234573364, -0.07256247848272324, -0.830373227596283, 1.6367697715759277, 0.06175599619746208, -1.0409084558486938, 1.65548574924469]
[DIAG_INFER] step=91 policy_action_max=5.245096 applied_action_max=0.250000 obs_max=4.236772 history_nonzero_rows=9 position_clip=0 torque_clip=1 action=[4.046199798583984, 1.1398981809616089, 2.3991198539733887, -0.8472585082054138, 0.8162243962287903, 0.49787962436676025, -3.215822696685791, -2.62634539604187, 1.001819372177124, -5.245095729827881, -1.1725742816925049, -0.36503082513809204]
[DIAG_TARGET] step=91 target_error=0.000000000 default=[0.0, -0.7853981852531433, 1.8654682636260986, 0.0, -0.7853981852531433, 1.8654682636260986, 0.0, -0.7853981852531433, 1.8654682636260986, 0.0, -0.7853981852531433, 1.8654682636260986] desired=[-0.06875000149011612, -0.737500011920929, 1.6825000047683716, 0.06875000149011612, -0.737500011920929, 1.6825000047683716, -0.13124999403953552, -0.862500011920929, 1.6825000047683716, -1.1510419845581055, -0.862500011920929, 1.5575000047683716] applied=[-0.06875000149011612, -0.737500011920929, 1.6825000047683716, 0.06875000149011612, -0.737500011920929, 1.6825000047683716, -0.13124999403953552, -0.862500011920929, 1.6825000047683716, -1.1510419845581055, -0.862500011920929, 1.5575000047683716] current=[-0.10104157775640488, -0.749702513217926, 1.707743525505066, 0.060513511300086975, -0.7275848984718323, 1.8200509548187256, -0.13499310612678528, -0.8857951164245605, 1.5972776412963867, 0.18173131346702576, -1.190333604812622, 1.4208734035491943]
[DIAG_INFER] step=101 policy_action_max=10.839611 applied_action_max=0.250000 obs_max=5.245096 history_nonzero_rows=10 position_clip=0 torque_clip=3 action=[-0.9864072203636169, 1.3431761264801025, 2.868950366973877, -8.623678207397461, 3.089740514755249, 0.3727998435497284, -2.0041322708129883, -10.839611053466797, 5.868386745452881, -9.367528915405273, -3.0715456008911133, -4.291252136230469]
[DIAG_TARGET] step=101 target_error=0.000000000 default=[0.0, -0.7853981852531433, 1.8654682636260986, 0.0, -0.7853981852531433, 1.8654682636260986, 0.0, -0.7853981852531433, 1.8654682636260986, 0.0, -0.7853981852531433, 1.8654682636260986] desired=[-0.13124999403953552, -0.737500011920929, 1.6825000047683716, 0.06875000149011612, -0.737500011920929, 1.6825000047683716, -0.23317143321037292, -0.862500011920929, 1.6825000047683716, -1.5, -0.862500011920929, 2.700000047683716] applied=[-0.13124999403953552, -0.737500011920929, 1.6825000047683716, 0.06875000149011612, -0.737500011920929, 1.6825000047683716, -0.23317143321037292, -0.862500011920929, 1.6825000047683716, -1.5, -0.862500011920929, 2.700000047683716] current=[-0.1998394876718521, -0.7447941899299622, 1.7544933557510376, 0.000795962056145072, -0.7054803967475891, 1.7921515703201294, -0.16644287109375, -0.8892683982849121, 1.641028881072998, -0.4082280993461609, -1.0707998275756836, 1.51078462600708]
[DIAG_INFER] step=111 policy_action_max=13.776892 applied_action_max=0.250000 obs_max=10.839611 history_nonzero_rows=11 position_clip=0 torque_clip=2 action=[2.04780650138855, 6.287229061126709, 0.5615721940994263, -13.776891708374023, 3.1793742179870605, 2.980515480041504, 2.2022109031677246, -10.637073516845703, 3.9540042877197266, 4.455713272094727, -2.6922402381896973, 0.1884879618883133]
[DIAG_TARGET] step=111 target_error=0.000000000 default=[0.0, -0.7853981852531433, 1.8654682636260986, 0.0, -0.7853981852531433, 1.8654682636260986, 0.0, -0.7853981852531433, 1.8654682636260986, 0.0, -0.7853981852531433, 1.8654682636260986] desired=[-0.06875000149011612, -0.737500011920929, 1.6825000047683716, 0.06875000149011612, -0.737500011920929, 1.6825000047683716, -0.8143035173416138, -0.862500011920929, 1.6825000047683716, 0.13124999403953552, -0.862500011920929, 2.616274833679199] applied=[-0.06875000149011612, -0.737500011920929, 1.6825000047683716, 0.06875000149011612, -0.737500011920929, 1.6825000047683716, -0.8143035173416138, -0.862500011920929, 1.6825000047683716, 0.13124999403953552, -0.862500011920929, 2.616274833679199] current=[-0.22447943687438965, -0.7338694334030151, 1.8010897636413574, 0.051168933510780334, -0.7146346569061279, 1.7765793800354004, -0.16790391504764557, -0.8676773309707642, 1.6622819900512695, -1.063460350036621, -0.8724650740623474, 2.039684772491455]
[DIAG_INFER] step=121 policy_action_max=15.200595 applied_action_max=0.250000 obs_max=13.776892 history_nonzero_rows=12 position_clip=0 torque_clip=3 action=[15.200594902038574, 6.92213773727417, 5.342165470123291, -5.4490742683410645, 0.84769207239151, -5.351064682006836, -1.394284963607788, -5.337729454040527, -0.46988970041275024, 6.977132797241211, -4.770417213439941, 3.9283947944641113]
[DIAG_TARGET] step=121 target_error=0.000000000 default=[0.0, -0.7853981852531433, 1.8654682636260986, 0.0, -0.7853981852531433, 1.8654682636260986, 0.0, -0.7853981852531433, 1.8654682636260986, 0.0, -0.7853981852531433, 1.8654682636260986] desired=[-0.06875000149011612, -0.737500011920929, 1.6825000047683716, 0.06875000149011612, -0.737500011920929, 1.5575000047683716, -0.13124999403953552, -0.862500011920929, 1.5575000047683716, 1.5, -1.302164912223816, 1.7642143964767456] applied=[-0.06875000149011612, -0.737500011920929, 1.6825000047683716, 0.06875000149011612, -0.737500011920929, 1.5575000047683716, -0.13124999403953552, -0.862500011920929, 1.5575000047683716, 1.5, -1.302164912223816, 1.7642143964767456] current=[-0.15697656571865082, -0.7487931251525879, 1.8304188251495361, 0.13358139991760254, -0.7426633238792419, 1.8330014944076538, -0.36953064799308777, -0.8560730814933777, 1.6559141874313354, -0.7958019971847534, -0.7390556335449219, 2.316373586654663]
[DIAG_INFER] step=131 policy_action_max=8.778653 applied_action_max=0.250000 obs_max=15.200595 history_nonzero_rows=13 position_clip=0 torque_clip=3 action=[8.778653144836426, 3.3329274654388428, 4.376297473907471, -1.616498589515686, 3.3319039344787598, -5.543668270111084, -3.340806484222412, 1.3400522470474243, -3.7832000255584717, 2.969738006591797, -7.682848930358887, 5.6562418937683105]
[DIAG_TARGET] step=131 target_error=0.000000000 default=[0.0, -0.7853981852531433, 1.8654682636260986, 0.0, -0.7853981852531433, 1.8654682636260986, 0.0, -0.7853981852531433, 1.8654682636260986, 0.0, -0.7853981852531433, 1.8654682636260986] desired=[-0.06875000149011612, -0.737500011920929, 1.6825000047683716, 0.06875000149011612, -0.737500011920929, 1.5575000047683716, 0.06683012843132019, -0.737500011920929, 1.5575000047683716, 1.5, -0.862500011920929, 0.9066555500030518] applied=[-0.06875000149011612, -0.737500011920929, 1.6825000047683716, 0.06875000149011612, -0.737500011920929, 1.5575000047683716, 0.06683012843132019, -0.737500011920929, 1.5575000047683716, 1.5, -0.862500011920929, 0.9066555500030518] current=[-0.04772194102406502, -0.7626373767852783, 1.811456561088562, 0.27982380986213684, -0.7854956984519958, 1.9166133403778076, -0.3561500012874603, -0.8618504405021667, 1.604469656944275, 0.02407756820321083, -0.9032188653945923, 1.9499609470367432]
[DIAG_INFER] step=141 policy_action_max=7.857644 applied_action_max=0.250000 obs_max=8.778653 history_nonzero_rows=14 position_clip=0 torque_clip=3 action=[3.7667505741119385, 0.3186708986759186, 3.0697150230407715, -2.78678560256958, 2.147520065307617, -0.30260610580444336, -3.7959377765655518, -0.22028160095214844, 0.8104326725006104, -7.8576436042785645, -1.8963534832000732, 0.08895255625247955]
[DIAG_TARGET] step=141 target_error=0.000000000 default=[0.0, -0.7853981852531433, 1.8654682636260986, 0.0, -0.7853981852531433, 1.8654682636260986, 0.0, -0.7853981852531433, 1.8654682636260986, 0.0, -0.7853981852531433, 1.8654682636260986] desired=[-0.06875000149011612, -0.737500011920929, 1.6825000047683716, 0.06875000149011612, -0.737500011920929, 1.5575000047683716, 0.5866848230361938, -0.8550704121589661, 1.6825000047683716, -1.5, -0.862500011920929, 0.3888843059539795] applied=[-0.06875000149011612, -0.737500011920929, 1.6825000047683716, 0.06875000149011612, -0.737500011920929, 1.5575000047683716, 0.5866848230361938, -0.8550704121589661, 1.6825000047683716, -1.5, -0.862500011920929, 0.3888843059539795] current=[-0.05847620964050293, -0.7450401186943054, 1.7519557476043701, 0.3594467341899872, -0.8177827596664429, 1.9754284620285034, -0.1816737800836563, -0.8196571469306946, 1.5800062417984009, 0.7387268543243408, -0.8681906461715698, 1.5368244647979736]
[DIAG_INFER] step=151 policy_action_max=14.280112 applied_action_max=0.250000 obs_max=7.857644 history_nonzero_rows=15 position_clip=0 torque_clip=3 action=[-3.1744422912597656, 3.9165430068969727, 3.71992564201355, -8.676227569580078, 0.6160614490509033, -1.8825170993804932, -7.038229465484619, -12.50060749053955, 2.0334224700927734, -14.280112266540527, -2.786646842956543, -3.9252891540527344]
[DIAG_TARGET] step=151 target_error=0.000000000 default=[0.0, -0.7853981852531433, 1.8654682636260986, 0.0, -0.7853981852531433, 1.8654682636260986, 0.0, -0.7853981852531433, 1.8654682636260986, 0.0, -0.7853981852531433, 1.8654682636260986] desired=[-0.13124999403953552, -0.737500011920929, 1.6825000047683716, 0.06875000149011612, -0.737500011920929, 1.5575000047683716, -0.13124999403953552, -0.862500011920929, 1.6825000047683716, -1.5, -1.2232102155685425, 2.447706699371338] applied=[-0.13124999403953552, -0.737500011920929, 1.6825000047683716, 0.06875000149011612, -0.737500011920929, 1.5575000047683716, -0.13124999403953552, -0.862500011920929, 1.6825000047683716, -1.5, -1.2232102155685425, 2.447706699371338] current=[-0.18711549043655396, -0.7607291340827942, 1.7725224494934082, 0.2466639280319214, -0.8084399104118347, 1.968551754951477, -0.15605157613754272, -0.8889747262001038, 1.765916109085083, 0.7177908420562744, -0.8370184898376465, 1.3627907037734985]
[DIAG_INFER] step=161 policy_action_max=16.449579 applied_action_max=0.250000 obs_max=14.280112 history_nonzero_rows=15 position_clip=0 torque_clip=2 action=[-6.2421674728393555, 3.68112850189209, 3.0276968479156494, -14.495132446289062, 3.7838685512542725, -2.1601855754852295, -5.952131271362305, -16.4495792388916, 3.387646198272705, -15.267146110534668, -4.0005059242248535, -3.6410446166992188]
[DIAG_TARGET] step=161 target_error=0.000000000 default=[0.0, -0.7853981852531433, 1.8654682636260986, 0.0, -0.7853981852531433, 1.8654682636260986, 0.0, -0.7853981852531433, 1.8654682636260986, 0.0, -0.7853981852531433, 1.8654682636260986] desired=[-0.13124999403953552, -0.737500011920929, 1.6825000047683716, 0.06875000149011612, -0.737500011920929, 1.5575000047683716, -0.13124999403953552, -0.862500011920929, 1.6825000047683716, -1.5, -0.862500011920929, 2.700000047683716] applied=[-0.13124999403953552, -0.737500011920929, 1.6825000047683716, 0.06875000149011612, -0.737500011920929, 1.5575000047683716, -0.13124999403953552, -0.862500011920929, 1.6825000047683716, -1.5, -0.862500011920929, 2.700000047683716] current=[-0.3821779787540436, -0.7784671187400818, 1.825440526008606, 0.07254815846681595, -0.7613844871520996, 1.8918155431747437, -0.34078627824783325, -0.9201356768608093, 1.8365113735198975, 0.05595787242054939, -1.043583869934082, 1.8817715644836426]
[DIAG_INFER] step=171 policy_action_max=12.783368 applied_action_max=0.250000 obs_max=16.449579 history_nonzero_rows=15 position_clip=0 torque_clip=3 action=[11.891875267028809, 6.6207380294799805, 11.556997299194336, -0.7268139123916626, 6.4729156494140625, -5.810286998748779, -10.223687171936035, -2.8382785320281982, -8.979907989501953, -7.549280643463135, -7.083523750305176, 12.783368110656738]
[DIAG_TARGET] step=171 target_error=0.000000000 default=[0.0, -0.7853981852531433, 1.8654682636260986, 0.0, -0.7853981852531433, 1.8654682636260986, 0.0, -0.7853981852531433, 1.8654682636260986, 0.0, -0.7853981852531433, 1.8654682636260986] desired=[-0.06875000149011612, -0.737500011920929, 1.6825000047683716, 0.06875000149011612, -0.737500011920929, 1.5575000047683716, -0.6766622066497803, -0.862500011920929, 1.5575000047683716, 1.5, 0.03608500957489014, 1.6825000047683716] applied=[-0.06875000149011612, -0.737500011920929, 1.6825000047683716, 0.06875000149011612, -0.737500011920929, 1.5575000047683716, -0.6766622066497803, -0.862500011920929, 1.5575000047683716, 1.5, 0.03608500957489014, 1.6825000047683716] current=[-0.38766780495643616, -0.7546699643135071, 1.8400402069091797, 0.10520566999912262, -0.7258715033531189, 1.8276448249816895, -0.3695223927497864, -0.8877066969871521, 1.8296946287155151, -0.7242913246154785, -0.9674029350280762, 2.2686920166015625]
[DIAG_INFER] step=181 policy_action_max=22.872856 applied_action_max=0.250000 obs_max=12.783368 history_nonzero_rows=15 position_clip=0 torque_clip=3 action=[9.848652839660645, 9.890429496765137, 12.390923500061035, 13.604182243347168, -0.5100389719009399, -12.724926948547363, -4.913620948791504, 2.911574125289917, -13.652376174926758, -0.8621975183486938, -18.96600341796875, 22.87285614013672]
[DIAG_TARGET] step=181 target_error=0.000000000 default=[0.0, -0.7853981852531433, 1.8654682636260986, 0.0, -0.7853981852531433, 1.8654682636260986, 0.0, -0.7853981852531433, 1.8654682636260986, 0.0, -0.7853981852531433, 1.8654682636260986] desired=[-0.06875000149011612, -0.737500011920929, 1.6825000047683716, 0.13124999403953552, -0.862500011920929, 1.5575000047683716, -0.13124999403953552, -0.7354207634925842, 1.5575000047683716, 1.5, -0.862500011920929, 1.025481939315796] applied=[-0.06875000149011612, -0.737500011920929, 1.6825000047683716, 0.13124999403953552, -0.862500011920929, 1.5575000047683716, -0.13124999403953552, -0.7354207634925842, 1.5575000047683716, 1.5, -0.862500011920929, 1.025481939315796] current=[-0.20855014026165009, -0.7369018793106079, 1.8131352663040161, 0.2815053164958954, -0.7238180637359619, 1.8474775552749634, -0.4106990396976471, -0.8561245799064636, 1.6864914894104004, -0.34608495235443115, -0.4284363389015198, 1.9085986614227295]
[DIAG_INFER] step=191 policy_action_max=10.212414 applied_action_max=0.250000 obs_max=22.872856 history_nonzero_rows=15 position_clip=0 torque_clip=3 action=[6.25690221786499, 0.21153679490089417, 4.101049900054932, -3.826301097869873, -0.6892393827438354, -4.281117916107178, -9.551980972290039, 0.2623974084854126, -10.212413787841797, 2.950395345687866, -6.726696491241455, 6.8133544921875]
[DIAG_TARGET] step=191 target_error=0.000000000 default=[0.0, -0.7853981852531433, 1.8654682636260986, 0.0, -0.7853981852531433, 1.8654682636260986, 0.0, -0.7853981852531433, 1.8654682636260986, 0.0, -0.7853981852531433, 1.8654682636260986] desired=[-0.06875000149011612, -0.7471157908439636, 1.6825000047683716, 0.06875000149011612, -0.862500011920929, 1.5575000047683716, 0.36225348711013794, -0.737500011920929, 1.5575000047683716, 1.3386223316192627, -0.862500011920929, 0.2706458568572998] applied=[-0.06875000149011612, -0.7471157908439636, 1.6825000047683716, 0.06875000149011612, -0.862500011920929, 1.5575000047683716, 0.36225348711013794, -0.737500011920929, 1.5575000047683716, 1.3386223316192627, -0.862500011920929, 0.2706458568572998] current=[-0.0648091658949852, -0.7264497876167297, 1.7393873929977417, 0.5009995698928833, -0.7249599695205688, 1.879338264465332, -0.32687389850616455, -0.8126312494277954, 1.6105636358261108, 0.41654494404792786, -0.2965564727783203, 1.778017520904541]
[DIAG_INFER] step=201 policy_action_max=4.885562 applied_action_max=0.250000 obs_max=10.212414 history_nonzero_rows=15 position_clip=0 torque_clip=2 action=[3.09403133392334, 0.126580148935318, 2.6496384143829346, -0.6795240640640259, 3.0936176776885986, -0.7188964486122131, -3.4599621295928955, -0.09021805971860886, 0.5314818620681763, -4.885561943054199, -2.458617687225342, -0.20617054402828217]
[DIAG_TARGET] step=201 target_error=0.000000000 default=[0.0, -0.7853981852531433, 1.8654682636260986, 0.0, -0.7853981852531433, 1.8654682636260986, 0.0, -0.7853981852531433, 1.8654682636260986, 0.0, -0.7853981852531433, 1.8654682636260986] desired=[-0.06875000149011612, -0.7683549523353577, 1.6825000047683716, 0.06875000149011612, -0.737500011920929, 1.5575000047683716, 0.5518139600753784, -0.8225545287132263, 1.6825000047683716, -1.5, -0.862500011920929, 1.5684573650360107] applied=[-0.06875000149011612, -0.7683549523353577, 1.6825000047683716, 0.06875000149011612, -0.737500011920929, 1.5575000047683716, 0.5518139600753784, -0.8225545287132263, 1.6825000047683716, -1.5, -0.862500011920929, 1.5684573650360107] current=[-0.09294605255126953, -0.7345281839370728, 1.707324743270874, 0.5393886566162109, -0.7237361073493958, 1.8913805484771729, -0.14876613020896912, -0.8028534054756165, 1.6280288696289062, 0.945055365562439, -0.24320660531520844, 1.3586809635162354]
[DIAG_INFER] step=211 policy_action_max=4.611549 applied_action_max=0.250000 obs_max=4.885562 history_nonzero_rows=15 position_clip=0 torque_clip=2 action=[4.611549377441406, 0.16650906205177307, 1.3471235036849976, -1.1278347969055176, 1.0682369470596313, 0.04402529448270798, -1.8737759590148926, -0.6672074794769287, -2.496293067932129, -3.8462953567504883, -2.4947733879089355, -0.9653092622756958]
[DIAG_TARGET] step=211 target_error=0.000000000 default=[0.0, -0.7853981852531433, 1.8654682636260986, 0.0, -0.7853981852531433, 1.8654682636260986, 0.0, -0.7853981852531433, 1.8654682636260986, 0.0, -0.7853981852531433, 1.8654682636260986] desired=[-0.06875000149011612, -0.7583727240562439, 1.6825000047683716, 0.06875000149011612, -0.737500011920929, 1.6310063600540161, -0.13124999403953552, -0.862500011920929, 1.5575000047683716, -0.8382126688957214, -0.9949114322662354, 1.5575000047683716] applied=[-0.06875000149011612, -0.7583727240562439, 1.6825000047683716, 0.06875000149011612, -0.737500011920929, 1.6310063600540161, -0.13124999403953552, -0.862500011920929, 1.5575000047683716, -0.8382126688957214, -0.9949114322662354, 1.5575000047683716] current=[-0.16872191429138184, -0.7589691281318665, 1.6973329782485962, 0.41478100419044495, -0.6859134435653687, 1.8256433010101318, -0.17052525281906128, -0.8727009892463684, 1.7659512758255005, 0.7680791020393372, -0.4995196759700775, 1.5869985818862915]
[DIAG_INFER] step=221 policy_action_max=18.162409 applied_action_max=0.250000 obs_max=6.572830 history_nonzero_rows=15 position_clip=0 torque_clip=2 action=[-7.180353164672852, 2.936424493789673, 3.3561325073242188, -17.592227935791016, 4.518202304840088, 0.36501646041870117, 3.613503932952881, -18.16240882873535, 14.372203826904297, -11.632109642028809, -4.862955093383789, -5.2622551918029785]
[DIAG_TARGET] step=221 target_error=0.000000000 default=[0.0, -0.7853981852531433, 1.8654682636260986, 0.0, -0.7853981852531433, 1.8654682636260986, 0.0, -0.7853981852531433, 1.8654682636260986, 0.0, -0.7853981852531433, 1.8654682636260986] desired=[-0.13124999403953552, -0.737500011920929, 1.6825000047683716, 0.06875000149011612, -0.737500011920929, 1.6825000047683716, -0.06875000149011612, -0.862500011920929, 1.6825000047683716, -1.5, -0.862500011920929, 2.700000047683716] applied=[-0.13124999403953552, -0.737500011920929, 1.6825000047683716, 0.06875000149011612, -0.737500011920929, 1.6825000047683716, -0.06875000149011612, -0.862500011920929, 1.6825000047683716, -1.5, -0.862500011920929, 2.700000047683716] current=[-0.21698348224163055, -0.7689476013183594, 1.727803349494934, 0.17494285106658936, -0.6684488654136658, 1.7289295196533203, -0.3613942563533783, -0.9245262145996094, 1.8493332862854004, 0.326850950717926, -0.624467670917511, 1.808909296989441]
[DIAG_INFER] step=231 policy_action_max=15.548433 applied_action_max=0.250000 obs_max=18.162409 history_nonzero_rows=15 position_clip=0 torque_clip=4 action=[4.838831901550293, 8.077503204345703, 0.7167661190032959, -15.548433303833008, 5.028745174407959, 0.4867095947265625, 1.0901923179626465, -9.402591705322266, -4.005253791809082, 2.0089974403381348, -3.2007083892822266, -2.288480043411255]
[DIAG_TARGET] step=231 target_error=0.000000000 default=[0.0, -0.7853981852531433, 1.8654682636260986, 0.0, -0.7853981852531433, 1.8654682636260986, 0.0, -0.7853981852531433, 1.8654682636260986, 0.0, -0.7853981852531433, 1.8654682636260986] desired=[-0.06875000149011612, -0.737500011920929, 1.6825000047683716, 0.06875000149011612, -0.737500011920929, 1.6825000047683716, -0.5143570303916931, -0.862500011920929, 1.5575000047683716, 0.3173547387123108, 0.0626455545425415, 1.5905784368515015] applied=[-0.06875000149011612, -0.737500011920929, 1.6825000047683716, 0.06875000149011612, -0.737500011920929, 1.6825000047683716, -0.5143570303916931, -0.862500011920929, 1.5575000047683716, 0.3173547387123108, 0.0626455545425415, 1.5905784368515015] current=[-0.26359251141548157, -0.7455823421478271, 1.7848786115646362, 0.1216229796409607, -0.6988018155097961, 1.7026872634887695, -0.4768725037574768, -0.9206573367118835, 1.8803658485412598, -0.4576607942581177, -0.7472872734069824, 2.2369232177734375]
[DIAG_INFER] step=241 policy_action_max=17.151556 applied_action_max=0.250000 obs_max=15.548433 history_nonzero_rows=15 position_clip=0 torque_clip=3 action=[14.2474365234375, 9.814860343933105, 13.306342124938965, 4.886569976806641, 3.317685604095459, -10.644848823547363, -4.8313307762146, 2.5912482738494873, -10.340612411499023, -4.445455551147461, -11.536824226379395, 17.15155601501465]
[DIAG_TARGET] step=241 target_error=0.000000000 default=[0.0, -0.7853981852531433, 1.8654682636260986, 0.0, -0.7853981852531433, 1.8654682636260986, 0.0, -0.7853981852531433, 1.8654682636260986, 0.0, -0.7853981852531433, 1.8654682636260986] desired=[-0.06875000149011612, -0.737500011920929, 1.6825000047683716, 0.13124999403953552, -0.737500011920929, 1.5575000047683716, -0.13124999403953552, -0.737500011920929, 1.5575000047683716, 1.5, -0.7302313446998596, 1.062821865081787] applied=[-0.06875000149011612, -0.737500011920929, 1.6825000047683716, 0.13124999403953552, -0.737500011920929, 1.5575000047683716, -0.13124999403953552, -0.737500011920929, 1.5575000047683716, 1.5, -0.7302313446998596, 1.062821865081787] current=[-0.14034761488437653, -0.7180866003036499, 1.761299729347229, 0.21717128157615662, -0.7379091382026672, 1.694482684135437, -0.43356776237487793, -0.8815861940383911, 1.8180795907974243, -0.3482511341571808, -0.37732502818107605, 1.8255258798599243]
[DIAG_INFER] step=251 policy_action_max=9.703238 applied_action_max=0.250000 obs_max=17.151556 history_nonzero_rows=15 position_clip=0 torque_clip=3 action=[8.162107467651367, -0.404620498418808, 4.002185344696045, -4.923168659210205, -0.049363747239112854, -3.758683919906616, -8.89871883392334, -1.0223853588104248, -9.703237533569336, 3.3731679916381836, -7.182394027709961, 5.681196212768555]
[DIAG_TARGET] step=251 target_error=0.000000000 default=[0.0, -0.7853981852531433, 1.8654682636260986, 0.0, -0.7853981852531433, 1.8654682636260986, 0.0, -0.7853981852531433, 1.8654682636260986, 0.0, -0.7853981852531433, 1.8654682636260986] desired=[-0.06875000149011612, -0.862500011920929, 1.6825000047683716, 0.06875000149011612, -0.8123409748077393, 1.5575000047683716, 0.4018518626689911, -0.862500011920929, 1.5575000047683716, 1.3700122833251953, -0.862500011920929, 1.4903564453125] applied=[-0.06875000149011612, -0.862500011920929, 1.6825000047683716, 0.06875000149011612, -0.8123409748077393, 1.5575000047683716, 0.4018518626689911, -0.862500011920929, 1.5575000047683716, 1.3700122833251953, -0.862500011920929, 1.4903564453125] current=[-0.007744412403553724, -0.711923360824585, 1.7121690511703491, 0.3225567936897278, -0.7531057000160217, 1.6923693418502808, -0.25866246223449707, -0.8248908519744873, 1.7571223974227905, 0.3654855489730835, -0.2584261894226074, 1.6239439249038696]
[DIAG_INFER] step=261 policy_action_max=7.115152 applied_action_max=0.250000 obs_max=9.703238 history_nonzero_rows=15 position_clip=0 torque_clip=3 action=[4.857314109802246, 0.4052809774875641, 4.097545146942139, -4.7643280029296875, 1.166301965713501, -1.1559025049209595, -7.115151882171631, -3.919781446456909, -0.46938180923461914, -5.551711559295654, -4.78866720199585, -0.8776887655258179]
[DIAG_TARGET] step=261 target_error=0.000000000 default=[0.0, -0.7853981852531433, 1.8654682636260986, 0.0, -0.7853981852531433, 1.8654682636260986, 0.0, -0.7853981852531433, 1.8654682636260986, 0.0, -0.7853981852531433, 1.8654682636260986] desired=[-0.06875000149011612, -0.737500011920929, 1.6825000047683716, 0.06875000149011612, -0.737500011920929, 1.5575000047683716, 0.6896135807037354, -0.862500011920929, 1.5575000047683716, -1.5, -3.5897607803344727, 1.5575000047683716] applied=[-0.06875000149011612, -0.737500011920929, 1.6825000047683716, 0.06875000149011612, -0.737500011920929, 1.5575000047683716, 0.6896135807037354, -0.862500011920929, 1.5575000047683716, -1.5, -3.5897607803344727, 1.5575000047683716] current=[-0.04710741713643074, -0.7712877988815308, 1.6947005987167358, 0.4182276129722595, -0.7574096322059631, 1.7588165998458862, -0.10292822867631912, -0.8300648331642151, 1.7805007696151733, 1.0046449899673462, -0.5067274570465088, 1.5370814800262451]
[DIAG_INFER] step=271 policy_action_max=8.142909 applied_action_max=0.250000 obs_max=7.115152 history_nonzero_rows=15 position_clip=0 torque_clip=2 action=[5.825341701507568, -0.6631866693496704, 2.172623872756958, -2.7064952850341797, 2.187753915786743, -1.4540722370147705, -7.401460647583008, 1.480772852897644, -2.2429192066192627, -8.142909049987793, -2.3824052810668945, -0.6839566230773926]
[DIAG_TARGET] step=271 target_error=0.000000000 default=[0.0, -0.7853981852531433, 1.8654682636260986, 0.0, -0.7853981852531433, 1.8654682636260986, 0.0, -0.7853981852531433, 1.8654682636260986, 0.0, -0.7853981852531433, 1.8654682636260986] desired=[-0.06875000149011612, -0.862500011920929, 1.6825000047683716, 0.06875000149011612, -0.737500011920929, 1.5575000047683716, -0.13124999403953552, -1.2802019119262695, 1.5575000047683716, -1.5, -0.862500011920929, 1.5575000047683716] applied=[-0.06875000149011612, -0.862500011920929, 1.6825000047683716, 0.06875000149011612, -0.737500011920929, 1.5575000047683716, -0.13124999403953552, -1.2802019119262695, 1.5575000047683716, -1.5, -0.862500011920929, 1.5575000047683716] current=[-0.14626789093017578, -0.7882784008979797, 1.687401294708252, 0.3605794608592987, -0.7239152789115906, 1.7558307647705078, -0.08269272744655609, -0.8369427919387817, 1.827942132949829, 0.7706424593925476, -1.2416578531265259, 1.645387887954712]
[DIAG_INFER] step=281 policy_action_max=5.195177 applied_action_max=0.250000 obs_max=8.142909 history_nonzero_rows=15 position_clip=0 torque_clip=2 action=[5.130537033081055, 1.2685850858688354, 4.216371059417725, -5.195176601409912, -2.5586819648742676, -1.3957669734954834, -2.945554733276367, -2.131409168243408, -1.2826423645019531, -4.139415740966797, -2.7987473011016846, 0.6274431943893433]
[DIAG_TARGET] step=281 target_error=0.000000000 default=[0.0, -0.7853981852531433, 1.8654682636260986, 0.0, -0.7853981852531433, 1.8654682636260986, 0.0, -0.7853981852531433, 1.8654682636260986, 0.0, -0.7853981852531433, 1.8654682636260986] desired=[-0.06875000149011612, -0.737500011920929, 1.6825000047683716, 0.06875000149011612, -0.862500011920929, 1.5575000047683716, -0.13124999403953552, -0.862500011920929, 1.5575000047683716, -0.3196966052055359, -1.7973012924194336, 1.6825000047683716] applied=[-0.06875000149011612, -0.737500011920929, 1.6825000047683716, 0.06875000149011612, -0.862500011920929, 1.5575000047683716, -0.13124999403953552, -0.862500011920929, 1.5575000047683716, -0.3196966052055359, -1.7973012924194336, 1.6825000047683716] current=[-0.22128403186798096, -0.8210713267326355, 1.6917191743850708, 0.16145750880241394, -0.6751347184181213, 1.6818978786468506, -0.2447483241558075, -0.8979758024215698, 1.8901156187057495, 0.360645592212677, -1.3739110231399536, 1.7448344230651855]
[DIAG_INFER] step=291 policy_action_max=7.455966 applied_action_max=0.250000 obs_max=5.195177 history_nonzero_rows=15 position_clip=0 torque_clip=3 action=[5.987856864929199, -0.12847360968589783, 7.037966251373291, -3.191877603530884, 2.027202606201172, -4.6808671951293945, -5.440886497497559, -2.5327112674713135, 4.71732234954834, -5.242698669433594, -2.443143129348755, 7.455965518951416]
[DIAG_TARGET] step=291 target_error=0.000000000 default=[0.0, -0.7853981852531433, 1.8654682636260986, 0.0, -0.7853981852531433, 1.8654682636260986, 0.0, -0.7853981852531433, 1.8654682636260986, 0.0, -0.7853981852531433, 1.8654682636260986] desired=[-0.06875000149011612, -0.8321183919906616, 1.6825000047683716, 0.06875000149011612, -0.737500011920929, 1.5575000047683716, -0.13124999403953552, -0.8832893371582031, 1.6825000047683716, 0.06875000149011612, 0.4752064347267151, 2.700000047683716] applied=[-0.06875000149011612, -0.8321183919906616, 1.6825000047683716, 0.06875000149011612, -0.737500011920929, 1.5575000047683716, -0.13124999403953552, -0.8832893371582031, 1.6825000047683716, 0.06875000149011612, 0.4752064347267151, 2.700000047683716] current=[-0.18489693105220795, -0.7960313558578491, 1.7562451362609863, 0.11882808804512024, -0.738847017288208, 1.616450548171997, -0.3523674011230469, -0.8683459162712097, 1.9029611349105835, 0.0022039851173758507, -1.5315427780151367, 1.7473012208938599]
[DIAG_INFER] step=301 policy_action_max=8.026739 applied_action_max=0.250000 obs_max=7.455966 history_nonzero_rows=15 position_clip=0 torque_clip=2 action=[5.417649745941162, -2.864919900894165, 3.1810123920440674, -8.026739120483398, 2.910609483718872, 0.5432308316230774, -3.9938933849334717, -3.2371606826782227, -2.618614435195923, -3.251863479614258, -1.8945881128311157, 5.300791263580322]
[DIAG_TARGET] step=301 target_error=0.000000000 default=[0.0, -0.7853981852531433, 1.8654682636260986, 0.0, -0.7853981852531433, 1.8654682636260986, 0.0, -0.7853981852531433, 1.8654682636260986, 0.0, -0.7853981852531433, 1.8654682636260986] desired=[-0.06875000149011612, -0.862500011920929, 1.6825000047683716, 0.06875000149011612, -0.737500011920929, 1.6825000047683716, -0.13124999403953552, -0.862500011920929, 1.5575000047683716, 0.06875000149011612, 0.11738711595535278, 1.956905484199524] applied=[-0.06875000149011612, -0.862500011920929, 1.6825000047683716, 0.06875000149011612, -0.737500011920929, 1.6825000047683716, -0.13124999403953552, -0.862500011920929, 1.5575000047683716, 0.06875000149011612, 0.11738711595535278, 1.956905484199524] current=[-0.16976992785930634, -0.7653719186782837, 1.7893123626708984, 0.1517147719860077, -0.7665800452232361, 1.6066341400146484, -0.32947295904159546, -0.8181532621383667, 1.8909108638763428, 0.0582781545817852, -1.0524446964263916, 2.191175699234009]
[DIAG_INFER] step=311 policy_action_max=9.694587 applied_action_max=0.250000 obs_max=8.026739 history_nonzero_rows=15 position_clip=0 torque_clip=3 action=[6.178447723388672, -1.7088215351104736, 3.970975160598755, -2.4219605922698975, 3.0172688961029053, -2.9778709411621094, -2.8594346046447754, 0.5765919089317322, -3.216623067855835, -0.9502162933349609, -6.06374979019165, 9.694586753845215]
[DIAG_TARGET] step=311 target_error=0.000000000 default=[0.0, -0.7853981852531433, 1.8654682636260986, 0.0, -0.7853981852531433, 1.8654682636260986, 0.0, -0.7853981852531433, 1.8654682636260986, 0.0, -0.7853981852531433, 1.8654682636260986] desired=[-0.06875000149011612, -0.862500011920929, 1.6825000047683716, 0.06875000149011612, -0.737500011920929, 1.5575000047683716, -0.13124999403953552, -0.5361617803573608, 1.5575000047683716, 1.5, -0.6888247728347778, 1.6825000047683716] applied=[-0.06875000149011612, -0.862500011920929, 1.6825000047683716, 0.06875000149011612, -0.737500011920929, 1.5575000047683716, -0.13124999403953552, -0.5361617803573608, 1.5575000047683716, 1.5, -0.6888247728347778, 1.6825000047683716] current=[-0.13029132783412933, -0.7395907640457153, 1.813849687576294, 0.1553134024143219, -0.7510656714439392, 1.6670464277267456, -0.26647597551345825, -0.766384482383728, 1.875105619430542, 0.08259423077106476, -0.3294125497341156, 2.0284910202026367]
[DIAG_INFER] step=321 policy_action_max=5.186330 applied_action_max=0.250000 obs_max=9.694587 history_nonzero_rows=15 position_clip=0 torque_clip=3 action=[4.964073181152344, 1.1980955600738525, 2.0638115406036377, -1.0639227628707886, 1.202146291732788, -2.3134124279022217, -4.3155903816223145, 0.8457720279693604, -5.1863298416137695, 1.8888227939605713, -4.724370002746582, 1.9734362363815308]
[DIAG_TARGET] step=321 target_error=0.000000000 default=[0.0, -0.7853981852531433, 1.8654682636260986, 0.0, -0.7853981852531433, 1.8654682636260986, 0.0, -0.7853981852531433, 1.8654682636260986, 0.0, -0.7853981852531433, 1.8654682636260986] desired=[-0.06875000149011612, -0.737500011920929, 1.6825000047683716, 0.06875000149011612, -0.737500011920929, 1.5575000047683716, 0.47779515385627747, -0.737500011920929, 1.5575000047683716, 0.29746729135513306, -1.354353904724121, 1.6825000047683716] applied=[-0.06875000149011612, -0.737500011920929, 1.6825000047683716, 0.06875000149011612, -0.737500011920929, 1.5575000047683716, 0.47779515385627747, -0.737500011920929, 1.5575000047683716, 0.29746729135513306, -1.354353904724121, 1.6825000047683716] current=[-0.03498208895325661, -0.744337797164917, 1.7978954315185547, 0.3116399943828583, -0.747768223285675, 1.7353463172912598, -0.15514850616455078, -0.690583348274231, 1.8258051872253418, 0.6181468963623047, -0.2826673090457916, 1.828237771987915]
[DIAG_INFER] step=331 policy_action_max=5.779778 applied_action_max=0.250000 obs_max=5.186330 history_nonzero_rows=15 position_clip=0 torque_clip=1 action=[4.155121803283691, -0.2569297254085541, 2.628787040710449, 3.4991374015808105, 3.8013687133789062, -1.2040127515792847, -1.6426060199737549, 5.779777526855469, -1.3816508054733276, -1.2858328819274902, -1.257587194442749, 4.4671311378479]
[DIAG_TARGET] step=331 target_error=0.000000000 default=[0.0, -0.7853981852531433, 1.8654682636260986, 0.0, -0.7853981852531433, 1.8654682636260986, 0.0, -0.7853981852531433, 1.8654682636260986, 0.0, -0.7853981852531433, 1.8654682636260986] desired=[-0.06875000149011612, -0.862500011920929, 1.6825000047683716, 0.13124999403953552, -0.737500011920929, 1.5575000047683716, -0.13124999403953552, -0.737500011920929, 1.5575000047683716, 0.06875000149011612, -0.7353463768959045, 1.6825000047683716] applied=[-0.06875000149011612, -0.862500011920929, 1.6825000047683716, 0.13124999403953552, -0.737500011920929, 1.5575000047683716, -0.13124999403953552, -0.737500011920929, 1.5575000047683716, 0.06875000149011612, -0.7353463768959045, 1.6825000047683716] current=[-0.07734538614749908, -0.7375780344009399, 1.7928510904312134, 0.3391609489917755, -0.729315459728241, 1.7549903392791748, -0.10951104015111923, -0.6711729168891907, 1.8533408641815186, 0.6528969407081604, -0.7851722836494446, 1.7406184673309326]
[DIAG_INFER] step=341 policy_action_max=7.731244 applied_action_max=0.250000 obs_max=5.779778 history_nonzero_rows=15 position_clip=0 torque_clip=2 action=[5.520689964294434, -0.02675136923789978, 3.4875240325927734, -2.6924431324005127, 2.0199990272521973, -0.9546569585800171, -7.73124361038208, -4.035041332244873, -2.0975332260131836, -6.220787525177002, -3.743849277496338, -0.07817600667476654]
[DIAG_TARGET] step=341 target_error=0.000000000 default=[0.0, -0.7853981852531433, 1.8654682636260986, 0.0, -0.7853981852531433, 1.8654682636260986, 0.0, -0.7853981852531433, 1.8654682636260986, 0.0, -0.7853981852531433, 1.8654682636260986] desired=[-0.06875000149011612, -0.8066878318786621, 1.6825000047683716, 0.06875000149011612, -0.737500011920929, 1.5575000047683716, -0.13124999403953552, -0.862500011920929, 1.5575000047683716, -1.5, -0.862500011920929, 2.469001293182373] applied=[-0.06875000149011612, -0.8066878318786621, 1.6825000047683716, 0.06875000149011612, -0.737500011920929, 1.5575000047683716, -0.13124999403953552, -0.862500011920929, 1.5575000047683716, -1.5, -0.862500011920929, 2.469001293182373] current=[-0.1311676800251007, -0.7296251058578491, 1.8302043676376343, 0.2905111312866211, -0.6892036199569702, 1.7558313608169556, -0.14236928522586823, -0.6526236534118652, 1.8760215044021606, 0.4153619408607483, -0.9408260583877563, 1.7614805698394775]
[DIAG_INFER] step=351 policy_action_max=9.653131 applied_action_max=0.250000 obs_max=7.731244 history_nonzero_rows=15 position_clip=0 torque_clip=4 action=[7.316936016082764, -3.319331169128418, 4.139601230621338, -6.985605716705322, 4.000957012176514, 0.46836376190185547, -8.477775573730469, -3.1258938312530518, -1.8944631814956665, -9.653130531311035, -5.547491073608398, 0.8391693830490112]
[DIAG_TARGET] step=351 target_error=0.000000000 default=[0.0, -0.7853981852531433, 1.8654682636260986, 0.0, -0.7853981852531433, 1.8654682636260986, 0.0, -0.7853981852531433, 1.8654682636260986, 0.0, -0.7853981852531433, 1.8654682636260986] desired=[-0.06875000149011612, -0.862500011920929, 1.6825000047683716, 0.06875000149011612, -0.737500011920929, 1.6825000047683716, -0.37747183442115784, -0.862500011920929, 1.5575000047683716, -1.5, -0.2533629536628723, 2.3179354667663574] applied=[-0.06875000149011612, -0.862500011920929, 1.6825000047683716, 0.06875000149011612, -0.737500011920929, 1.6825000047683716, -0.37747183442115784, -0.862500011920929, 1.5575000047683716, -1.5, -0.2533629536628723, 2.3179354667663574] current=[-0.25075939297676086, -0.7109791040420532, 1.8790743350982666, 0.1788836121559143, -0.6474078893661499, 1.7210103273391724, -0.2585238218307495, -0.6175689101219177, 1.8869404792785645, -0.33450549840927124, -0.8983333110809326, 2.1329917907714844]
[DIAG_INFER] step=361 policy_action_max=12.310800 applied_action_max=0.250000 obs_max=9.653131 history_nonzero_rows=15 position_clip=0 torque_clip=3 action=[3.9732627868652344, -0.8271504640579224, 3.692816972732544, -0.9606953859329224, 2.044070243835449, -3.6478142738342285, -4.61060905456543, 0.1308591365814209, -3.905165910720825, -1.6902624368667603, -6.041324615478516, 12.310799598693848]
[DIAG_TARGET] step=361 target_error=0.000000000 default=[0.0, -0.7853981852531433, 1.8654682636260986, 0.0, -0.7853981852531433, 1.8654682636260986, 0.0, -0.7853981852531433, 1.8654682636260986, 0.0, -0.7853981852531433, 1.8654682636260986] desired=[-0.06875000149011612, -0.862500011920929, 1.6825000047683716, 0.06875000149011612, -0.737500011920929, 1.5575000047683716, -0.7264752984046936, -0.7672852277755737, 1.5575000047683716, 1.5, -0.5776351690292358, 1.6825000047683716] applied=[-0.06875000149011612, -0.862500011920929, 1.6825000047683716, 0.06875000149011612, -0.737500011920929, 1.5575000047683716, -0.7264752984046936, -0.7672852277755737, 1.5575000047683716, 1.5, -0.5776351690292358, 1.6825000047683716] current=[-0.2417812943458557, -0.6854992508888245, 1.9061174392700195, 0.1763109266757965, -0.6692870259284973, 1.7364377975463867, -0.3058236539363861, -0.5984653234481812, 1.8696579933166504, -0.9979712963104248, -0.5351594686508179, 2.169945001602173]
[DIAG_INFER] step=371 policy_action_max=16.560284 applied_action_max=0.250000 obs_max=12.310800 history_nonzero_rows=15 position_clip=0 torque_clip=1 action=[7.0355634689331055, 7.02674674987793, 7.427437782287598, 9.156698226928711, -0.6327673196792603, -9.644343376159668, -4.696463108062744, 3.1872622966766357, -10.185132026672363, 0.3992937505245209, -13.874802589416504, 16.560283660888672]
[DIAG_TARGET] step=371 target_error=0.000000000 default=[0.0, -0.7853981852531433, 1.8654682636260986, 0.0, -0.7853981852531433, 1.8654682636260986, 0.0, -0.7853981852531433, 1.8654682636260986, 0.0, -0.7853981852531433, 1.8654682636260986] desired=[-0.06875000149011612, -0.737500011920929, 1.6825000047683716, 0.13124999403953552, -0.862500011920929, 1.5575000047683716, -0.13124999403953552, -0.737500011920929, 1.5575000047683716, 1.5, -0.862500011920929, 1.6825000047683716] applied=[-0.06875000149011612, -0.737500011920929, 1.6825000047683716, 0.13124999403953552, -0.862500011920929, 1.5575000047683716, -0.13124999403953552, -0.737500011920929, 1.5575000047683716, 1.5, -0.862500011920929, 1.6825000047683716] current=[-0.12780311703681946, -0.6877866387367249, 1.8963929414749146, 0.29516980051994324, -0.6764185428619385, 1.7777824401855469, -0.4119816720485687, -0.6424335241317749, 1.7449707984924316, -0.7327468395233154, -0.4124627411365509, 1.8671903610229492]
[DIAG_INFER] step=381 policy_action_max=12.815909 applied_action_max=0.250000 obs_max=16.560284 history_nonzero_rows=15 position_clip=0 torque_clip=2 action=[8.029338836669922, 0.9784067869186401, 3.2071971893310547, -2.347362518310547, -1.2388532161712646, -4.941158294677734, -12.058173179626465, 0.3015913963317871, -12.815909385681152, 6.026755332946777, -7.740625381469727, 6.30474328994751]
[DIAG_TARGET] step=381 target_error=0.000000000 default=[0.0, -0.7853981852531433, 1.8654682636260986, 0.0, -0.7853981852531433, 1.8654682636260986, 0.0, -0.7853981852531433, 1.8654682636260986, 0.0, -0.7853981852531433, 1.8654682636260986] desired=[-0.06875000149011612, -0.737500011920929, 1.6825000047683716, 0.06875000149011612, -0.862500011920929, 1.5575000047683716, -0.13124999403953552, -0.737500011920929, 1.5575000047683716, 1.5, -0.862500011920929, -2.700000047683716] applied=[-0.06875000149011612, -0.737500011920929, 1.6825000047683716, 0.06875000149011612, -0.862500011920929, 1.5575000047683716, -0.13124999403953552, -0.737500011920929, 1.5575000047683716, 1.5, -0.862500011920929, -2.700000047683716] current=[-0.005431343335658312, -0.6890982389450073, 1.8158555030822754, 0.48328468203544617, -0.6808968782424927, 1.8297414779663086, -0.316881000995636, -0.7029008269309998, 1.6578415632247925, -0.26079320907592773, -0.465135782957077, 2.0700130462646484]
[DIAG_INFER] step=391 policy_action_max=7.476103 applied_action_max=0.250000 obs_max=12.815909 history_nonzero_rows=15 position_clip=0 torque_clip=2 action=[6.498359680175781, -0.3202424943447113, 3.176710367202759, -5.607245445251465, -0.3356708288192749, -1.411460041999817, -7.47610330581665, 0.46735525131225586, -4.837779521942139, 1.2745803594589233, -4.513216018676758, 1.987540364265442]
[DIAG_TARGET] step=391 target_error=0.000000000 default=[0.0, -0.7853981852531433, 1.8654682636260986, 0.0, -0.7853981852531433, 1.8654682636260986, 0.0, -0.7853981852531433, 1.8654682636260986, 0.0, -0.7853981852531433, 1.8654682636260986] desired=[-0.06875000149011612, -0.862500011920929, 1.6825000047683716, 0.06875000149011612, -0.862500011920929, 1.5575000047683716, -0.13124999403953552, -0.737500011920929, 1.5575000047683716, 0.13124999403953552, -0.9458321332931519, 0.3683657646179199] applied=[-0.06875000149011612, -0.862500011920929, 1.6825000047683716, 0.06875000149011612, -0.862500011920929, 1.5575000047683716, -0.13124999403953552, -0.737500011920929, 1.5575000047683716, 0.13124999403953552, -0.9458321332931519, 0.3683657646179199] current=[-0.051100146025419235, -0.7045087814331055, 1.738448977470398, 0.46818089485168457, -0.662408173084259, 1.8438961505889893, -0.22647808492183685, -0.7083284854888916, 1.634873390197754, -0.15424776077270508, -0.43765386939048767, 2.0041096210479736]
[DIAG_INFER] step=401 policy_action_max=7.103738 applied_action_max=0.250000 obs_max=7.476103 history_nonzero_rows=15 position_clip=0 torque_clip=2 action=[6.057439804077148, 0.808462381362915, 4.657681941986084, -7.103737831115723, -1.4879850149154663, -2.251481533050537, -6.953099727630615, -2.670583486557007, -3.2447028160095215, -0.22327330708503723, -3.9177639484405518, 0.9886445999145508]
[DIAG_TARGET] step=401 target_error=0.000000000 default=[0.0, -0.7853981852531433, 1.8654682636260986, 0.0, -0.7853981852531433, 1.8654682636260986, 0.0, -0.7853981852531433, 1.8654682636260986, 0.0, -0.7853981852531433, 1.8654682636260986] desired=[-0.06875000149011612, -0.737500011920929, 1.6825000047683716, 0.06875000149011612, -0.862500011920929, 1.5575000047683716, -0.13124999403953552, -0.862500011920929, 1.5575000047683716, -0.33368223905563354, -3.954676628112793, 1.6825000047683716] applied=[-0.06875000149011612, -0.737500011920929, 1.6825000047683716, 0.06875000149011612, -0.862500011920929, 1.5575000047683716, -0.13124999403953552, -0.862500011920929, 1.5575000047683716, -0.33368223905563354, -3.954676628112793, 1.6825000047683716] current=[-0.09287386387586594, -0.7770546674728394, 1.7084059715270996, 0.35071974992752075, -0.642521321773529, 1.8201919794082642, -0.1958204209804535, -0.7104200124740601, 1.6058974266052246, -0.126328244805336, -0.3894783854484558, 1.8723150491714478]
[DIAG_INFER] step=411 policy_action_max=6.420126 applied_action_max=0.250000 obs_max=7.103738 history_nonzero_rows=15 position_clip=0 torque_clip=2 action=[6.237423896789551, 0.8824392557144165, 2.1027672290802, -1.1952540874481201, 2.3213436603546143, -3.5449836254119873, -6.420125961303711, 4.729176044464111, -4.211433410644531, 3.2567479610443115, -3.5059211254119873, 5.008865833282471]
[DIAG_TARGET] step=411 target_error=0.000000000 default=[0.0, -0.7853981852531433, 1.8654682636260986, 0.0, -0.7853981852531433, 1.8654682636260986, 0.0, -0.7853981852531433, 1.8654682636260986, 0.0, -0.7853981852531433, 1.8654682636260986] desired=[-0.06875000149011612, -0.737500011920929, 1.6825000047683716, 0.06875000149011612, -0.737500011920929, 1.5575000047683716, -0.13124999403953552, -0.9389011859893799, 1.5575000047683716, 0.6385335326194763, -0.862500011920929, 1.6825000047683716] applied=[-0.06875000149011612, -0.737500011920929, 1.6825000047683716, 0.06875000149011612, -0.737500011920929, 1.5575000047683716, -0.13124999403953552, -0.9389011859893799, 1.5575000047683716, 0.6385335326194763, -0.862500011920929, 1.6825000047683716] current=[-0.085922971367836, -0.7962555885314941, 1.685553789138794, 0.219757080078125, -0.6694266200065613, 1.7609293460845947, -0.19410856068134308, -0.7683493494987488, 1.6070632934570312, -0.2200569212436676, -0.8904723525047302, 1.9279839992523193]
[DIAG_INFER] step=421 policy_action_max=9.994949 applied_action_max=0.250000 obs_max=6.420126 history_nonzero_rows=15 position_clip=0 torque_clip=1 action=[5.184165000915527, 0.2811988890171051, 2.333162546157837, -0.31588396430015564, 3.715435028076172, -1.051708698272705, -9.994949340820312, -0.8236793279647827, -3.151768445968628, -2.8443143367767334, -0.34959301352500916, 2.578347682952881]
[DIAG_TARGET] step=421 target_error=0.000000000 default=[0.0, -0.7853981852531433, 1.8654682636260986, 0.0, -0.7853981852531433, 1.8654682636260986, 0.0, -0.7853981852531433, 1.8654682636260986, 0.0, -0.7853981852531433, 1.8654682636260986] desired=[-0.06875000149011612, -0.737500011920929, 1.6825000047683716, 0.06875000149011612, -0.737500011920929, 1.5575000047683716, -0.13124999403953552, -0.862500011920929, 1.5575000047683716, 0.06875000149011612, 0.06649959087371826, 1.6825000047683716] applied=[-0.06875000149011612, -0.737500011920929, 1.6825000047683716, 0.06875000149011612, -0.737500011920929, 1.5575000047683716, -0.13124999403953552, -0.862500011920929, 1.5575000047683716, 0.06875000149011612, 0.06649959087371826, 1.6825000047683716] current=[-0.05277944728732109, -0.7638806104660034, 1.6829779148101807, 0.17345182597637177, -0.670697808265686, 1.7082570791244507, -0.15141430497169495, -0.845112681388855, 1.5920268297195435, 0.1829662024974823, -1.0526400804519653, 1.7663766145706177]
[DIAG_INFER] step=431 policy_action_max=6.207991 applied_action_max=0.250000 obs_max=9.994949 history_nonzero_rows=15 position_clip=0 torque_clip=1 action=[5.797414302825928, -1.155758261680603, 1.5614972114562988, -2.269505739212036, 1.0673494338989258, 0.0618203803896904, -4.7711710929870605, -1.0044989585876465, -6.207990646362305, -2.882012367248535, -1.1345051527023315, 1.8601218461990356]
[DIAG_TARGET] step=431 target_error=0.000000000 default=[0.0, -0.7853981852531433, 1.8654682636260986, 0.0, -0.7853981852531433, 1.8654682636260986, 0.0, -0.7853981852531433, 1.8654682636260986, 0.0, -0.7853981852531433, 1.8654682636260986] desired=[-0.06875000149011612, -0.862500011920929, 1.6825000047683716, 0.06875000149011612, -0.737500011920929, 1.6354551315307617, -0.13124999403953552, -0.862500011920929, 1.5575000047683716, 0.06875000149011612, -0.604738712310791, 1.6825000047683716] applied=[-0.06875000149011612, -0.862500011920929, 1.6825000047683716, 0.06875000149011612, -0.737500011920929, 1.6354551315307617, -0.13124999403953552, -0.862500011920929, 1.5575000047683716, 0.06875000149011612, -0.604738712310791, 1.6825000047683716] current=[-0.10215694457292557, -0.7364535331726074, 1.6892834901809692, 0.06956233084201813, -0.662943959236145, 1.6395384073257446, -0.1848284900188446, -0.8661154508590698, 1.5934544801712036, 0.23490825295448303, -0.603653073310852, 1.682373046875]
[DIAG_INFER] step=441 policy_action_max=6.401415 applied_action_max=0.250000 obs_max=6.207991 history_nonzero_rows=15 position_clip=0 torque_clip=2 action=[3.7923834323883057, 1.7944121360778809, -0.5538337230682373, -6.40141487121582, -1.4014273881912231, -0.257926344871521, 0.038467586040496826, -2.72509503364563, -0.5271389484405518, 1.5655993223190308, -1.425007939338684, 0.3698689937591553]
[DIAG_TARGET] step=441 target_error=0.000000000 default=[0.0, -0.7853981852531433, 1.8654682636260986, 0.0, -0.7853981852531433, 1.8654682636260986, 0.0, -0.7853981852531433, 1.8654682636260986, 0.0, -0.7853981852531433, 1.8654682636260986] desired=[-0.06875000149011612, -0.737500011920929, 1.5575000047683716, 0.06875000149011612, -0.862500011920929, 1.5575000047683716, -0.09519155323505402, -0.862500011920929, 1.5575000047683716, 0.13124999403953552, -2.1548571586608887, 1.9277297258377075] applied=[-0.06875000149011612, -0.737500011920929, 1.5575000047683716, 0.06875000149011612, -0.862500011920929, 1.5575000047683716, -0.09519155323505402, -0.862500011920929, 1.5575000047683716, 0.13124999403953552, -2.1548571586608887, 1.9277297258377075] current=[-0.10210976749658585, -0.7705227136611938, 1.725105881690979, 0.06442144513130188, -0.7069153189659119, 1.6328625679016113, -0.19730955362319946, -0.8702640533447266, 1.5963046550750732, 0.14580653607845306, -0.41952502727508545, 1.7192659378051758]
[DIAG_INFER] step=451 policy_action_max=4.983721 applied_action_max=0.250000 obs_max=6.401415 history_nonzero_rows=15 position_clip=0 torque_clip=2 action=[2.471182346343994, 2.4830663204193115, 1.6500372886657715, 1.4546469449996948, 0.3307250738143921, -4.983720779418945, -1.3216612339019775, 2.849823474884033, -3.0822863578796387, 2.57088303565979, -2.431748390197754, 3.7100367546081543]
[DIAG_TARGET] step=451 target_error=0.000000000 default=[0.0, -0.7853981852531433, 1.8654682636260986, 0.0, -0.7853981852531433, 1.8654682636260986, 0.0, -0.7853981852531433, 1.8654682636260986, 0.0, -0.7853981852531433, 1.8654682636260986] desired=[-0.06875000149011612, -0.737500011920929, 1.6825000047683716, 0.13124999403953552, -0.737500011920929, 1.5575000047683716, -0.13124999403953552, -1.0601242780685425, 1.5575000047683716, 0.3078565001487732, -0.862500011920929, 1.6825000047683716] applied=[-0.06875000149011612, -0.737500011920929, 1.6825000047683716, 0.13124999403953552, -0.737500011920929, 1.5575000047683716, -0.13124999403953552, -1.0601242780685425, 1.5575000047683716, 0.3078565001487732, -0.862500011920929, 1.6825000047683716] current=[-0.10007519274950027, -0.7797016501426697, 1.7190243005752563, 0.10488829016685486, -0.7929192185401917, 1.5912388563156128, -0.15994210541248322, -0.8890241384506226, 1.606096863746643, 0.11286436766386032, -1.009101390838623, 1.8292462825775146]
[DIAG_INFER] step=461 policy_action_max=5.407318 applied_action_max=0.250000 obs_max=4.983721 history_nonzero_rows=15 position_clip=0 torque_clip=0 action=[3.454674482345581, 1.28036367893219, 1.1715794801712036, 0.4348030388355255, 1.4778457880020142, -0.8125119209289551, -5.407318115234375, -2.366098642349243, -2.345388174057007, -0.6161292791366577, -1.601740837097168, 0.9366949796676636]
[DIAG_TARGET] step=461 target_error=0.000000000 default=[0.0, -0.7853981852531433, 1.8654682636260986, 0.0, -0.7853981852531433, 1.8654682636260986, 0.0, -0.7853981852531433, 1.8654682636260986, 0.0, -0.7853981852531433, 1.8654682636260986] desired=[-0.06875000149011612, -0.737500011920929, 1.6825000047683716, 0.13124999403953552, -0.737500011920929, 1.5575000047683716, -0.13124999403953552, -0.862500011920929, 1.5575000047683716, 0.06875000149011612, -0.862500011920929, 1.6825000047683716] applied=[-0.06875000149011612, -0.737500011920929, 1.6825000047683716, 0.13124999403953552, -0.737500011920929, 1.5575000047683716, -0.13124999403953552, -0.862500011920929, 1.5575000047683716, 0.06875000149011612, -0.862500011920929, 1.6825000047683716] current=[-0.0936925932765007, -0.7908244729042053, 1.7261887788772583, 0.12373368442058563, -0.7991771697998047, 1.5652109384536743, -0.12430141866207123, -0.946712851524353, 1.6066268682479858, 0.2309701144695282, -1.2124565839767456, 1.6919976472854614]
[DIAG_INFER] step=471 policy_action_max=6.439139 applied_action_max=0.250000 obs_max=5.407318 history_nonzero_rows=15 position_clip=0 torque_clip=2 action=[-0.9659298062324524, -0.43076059222221375, -0.43253591656684875, -6.439139366149902, 0.7160415053367615, 0.11592946201562881, -0.6261593103408813, -3.7585365772247314, 1.8347420692443848, -0.7666892409324646, -2.873610019683838, -1.1598625183105469]
[DIAG_TARGET] step=471 target_error=0.000000000 default=[0.0, -0.7853981852531433, 1.8654682636260986, 0.0, -0.7853981852531433, 1.8654682636260986, 0.0, -0.7853981852531433, 1.8654682636260986, 0.0, -0.7853981852531433, 1.8654682636260986] desired=[-0.13124999403953552, -0.862500011920929, 1.5575000047683716, 0.06875000149011612, -0.737500011920929, 1.6489824056625366, -0.13124999403953552, -0.862500011920929, 1.6825000047683716, -0.05080115795135498, -0.862500011920929, 2.5756654739379883] applied=[-0.13124999403953552, -0.862500011920929, 1.5575000047683716, 0.06875000149011612, -0.737500011920929, 1.6489824056625366, -0.13124999403953552, -0.862500011920929, 1.6825000047683716, -0.05080115795135498, -0.862500011920929, 2.5756654739379883] current=[-0.12098491191864014, -0.8016030192375183, 1.761842966079712, 0.11167480796575546, -0.7586179375648499, 1.5631014108657837, -0.1054079681634903, -0.9578545093536377, 1.6315754652023315, 0.1767272800207138, -1.068415641784668, 1.7069282531738281]
[DIAG_INFER] step=481 policy_action_max=8.804726 applied_action_max=0.250000 obs_max=6.439139 history_nonzero_rows=15 position_clip=0 torque_clip=1 action=[-2.163813352584839, 3.9121875762939453, -1.5543208122253418, -8.804725646972656, 1.437666654586792, 2.1529762744903564, 4.851119518280029, -7.253683567047119, 5.4515700340271, 0.3745909035205841, -3.9956538677215576, 2.2367196083068848]
[DIAG_TARGET] step=481 target_error=0.000000000 default=[0.0, -0.7853981852531433, 1.8654682636260986, 0.0, -0.7853981852531433, 1.8654682636260986, 0.0, -0.7853981852531433, 1.8654682636260986, 0.0, -0.7853981852531433, 1.8654682636260986] desired=[-0.13124999403953552, -0.737500011920929, 1.5575000047683716, 0.06875000149011612, -0.737500011920929, 1.6825000047683716, -0.06875000149011612, -0.862500011920929, 1.6825000047683716, 0.13124999403953552, -0.862500011920929, 2.700000047683716] applied=[-0.13124999403953552, -0.737500011920929, 1.5575000047683716, 0.06875000149011612, -0.737500011920929, 1.6825000047683716, -0.06875000149011612, -0.862500011920929, 1.6825000047683716, 0.13124999403953552, -0.862500011920929, 2.700000047683716] current=[-0.13730061054229736, -0.8132906556129456, 1.8057563304901123, 0.09362989664077759, -0.7399917840957642, 1.6139975786209106, -0.09271758049726486, -0.9450159072875977, 1.668373942375183, 0.03860045224428177, -0.928609311580658, 2.186570644378662]
[DIAG_INFER] step=491 policy_action_max=11.742153 applied_action_max=0.250000 obs_max=8.804726 history_nonzero_rows=15 position_clip=0 torque_clip=2 action=[3.0739104747772217, 3.7161061763763428, -0.06813403964042664, -11.74215316772461, 0.19861875474452972, 4.156617641448975, 4.630482196807861, -8.53618049621582, 4.306268692016602, 10.163053512573242, -2.07481050491333, -1.0285446643829346]
[DIAG_TARGET] step=491 target_error=0.000000000 default=[0.0, -0.7853981852531433, 1.8654682636260986, 0.0, -0.7853981852531433, 1.8654682636260986, 0.0, -0.7853981852531433, 1.8654682636260986, 0.0, -0.7853981852531433, 1.8654682636260986] desired=[-0.06875000149011612, -0.737500011920929, 1.602966547012329, 0.06875000149011612, -0.7503453493118286, 1.6825000047683716, -0.06875000149011612, -0.862500011920929, 1.6825000047683716, 0.44389528036117554, -0.862500011920929, 2.3008577823638916] applied=[-0.06875000149011612, -0.737500011920929, 1.602966547012329, 0.06875000149011612, -0.7503453493118286, 1.6825000047683716, -0.06875000149011612, -0.862500011920929, 1.6825000047683716, 0.44389528036117554, -0.862500011920929, 2.3008577823638916] current=[-0.11125354468822479, -0.8264100551605225, 1.8413991928100586, 0.09139351546764374, -0.7362887263298035, 1.6541081666946411, -0.02359692007303238, -0.9574464559555054, 1.7077964544296265, 0.061746496707201004, -0.8416256904602051, 2.469593048095703]
[DIAG_INFER] step=501 policy_action_max=11.831766 applied_action_max=0.250000 obs_max=11.742153 history_nonzero_rows=15 position_clip=0 torque_clip=2 action=[2.4275693893432617, 3.9156439304351807, 0.013867169618606567, -11.831766128540039, 0.007146164774894714, 5.007065296173096, 6.972444534301758, -7.1918864250183105, 3.59824538230896, 7.548767566680908, -3.6254100799560547, 0.7952603101730347]
[DIAG_TARGET] step=501 target_error=0.000000000 default=[0.0, -0.7853981852531433, 1.8654682636260986, 0.0, -0.7853981852531433, 1.8654682636260986, 0.0, -0.7853981852531433, 1.8654682636260986, 0.0, -0.7853981852531433, 1.8654682636260986] desired=[-0.06875000149011612, -0.737500011920929, 1.6234668493270874, 0.06875000149011612, -0.7982134819030762, 1.6825000047683716, -0.06875000149011612, -0.862500011920929, 1.6825000047683716, 0.27739042043685913, -0.862500011920929, 2.4945168495178223] applied=[-0.06875000149011612, -0.737500011920929, 1.6234668493270874, 0.06875000149011612, -0.7982134819030762, 1.6825000047683716, -0.06875000149011612, -0.862500011920929, 1.6825000047683716, 0.27739042043685913, -0.862500011920929, 2.4945168495178223] current=[-0.07205823063850403, -0.8405026793479919, 1.8764864206314087, 0.11235353350639343, -0.7386824488639832, 1.7110199928283691, 0.04785002022981644, -0.9712951183319092, 1.7519922256469727, 0.24436882138252258, -0.8285536170005798, 2.3803467750549316]
[DIAG_INFER] step=511 policy_action_max=10.265536 applied_action_max=0.250000 obs_max=11.831766 history_nonzero_rows=15 position_clip=0 torque_clip=1 action=[-2.179746150970459, 5.124283313751221, -0.5794830322265625, -9.095601081848145, 1.68842613697052, 2.6011886596679688, 10.265536308288574, -8.283671379089355, 3.113776683807373, -4.186821937561035, -6.005687713623047, 2.9869227409362793]
[DIAG_TARGET] step=511 target_error=0.000000000 default=[0.0, -0.7853981852531433, 1.8654682636260986, 0.0, -0.7853981852531433, 1.8654682636260986, 0.0, -0.7853981852531433, 1.8654682636260986, 0.0, -0.7853981852531433, 1.8654682636260986] desired=[-0.13124999403953552, -0.737500011920929, 1.5575000047683716, 0.06875000149011612, -0.737500011920929, 1.6825000047683716, -0.06875000149011612, -0.862500011920929, 1.6825000047683716, 0.06875000149011612, -0.862500011920929, 2.700000047683716] applied=[-0.13124999403953552, -0.737500011920929, 1.5575000047683716, 0.06875000149011612, -0.737500011920929, 1.6825000047683716, -0.06875000149011612, -0.862500011920929, 1.6825000047683716, 0.06875000149011612, -0.862500011920929, 2.700000047683716] current=[-0.08093943446874619, -0.8534588813781738, 1.9215879440307617, 0.10903095453977585, -0.7298876047134399, 1.7639994621276855, 0.08066176623106003, -0.9892102479934692, 1.8045613765716553, 0.2643992602825165, -0.8474836349487305, 2.4502246379852295]
[DIAG_INFER] step=521 policy_action_max=11.203581 applied_action_max=0.250000 obs_max=10.265536 history_nonzero_rows=15 position_clip=0 torque_clip=2 action=[-0.6552867293357849, 2.4366743564605713, 0.13254401087760925, -11.203580856323242, 2.3882429599761963, 2.635287046432495, 7.429419040679932, -9.464569091796875, 3.778916835784912, -4.89349889755249, -2.168736457824707, -0.9439390301704407]
[DIAG_TARGET] step=521 target_error=0.000000000 default=[0.0, -0.7853981852531433, 1.8654682636260986, 0.0, -0.7853981852531433, 1.8654682636260986, 0.0, -0.7853981852531433, 1.8654682636260986, 0.0, -0.7853981852531433, 1.8654682636260986] desired=[-0.13124999403953552, -0.737500011920929, 1.6531360149383545, 0.06875000149011612, -0.737500011920929, 1.6825000047683716, -0.06875000149011612, -0.862500011920929, 1.6825000047683716, -0.2703249454498291, -0.862500011920929, 2.239886999130249] applied=[-0.13124999403953552, -0.737500011920929, 1.6531360149383545, 0.06875000149011612, -0.737500011920929, 1.6825000047683716, -0.06875000149011612, -0.862500011920929, 1.6825000047683716, -0.2703249454498291, -0.862500011920929, 2.239886999130249] current=[-0.11203739047050476, -0.8577170968055725, 1.9625598192214966, 0.08279071003198624, -0.711924135684967, 1.8004205226898193, 0.08813297748565674, -0.998725175857544, 1.8508849143981934, 0.14628438651561737, -0.8589292764663696, 2.5790491104125977]
[DIAG_INFER] step=531 policy_action_max=9.970982 applied_action_max=0.250000 obs_max=11.203581 history_nonzero_rows=15 position_clip=0 torque_clip=1 action=[-0.12255994975566864, 4.917299270629883, 0.3729555904865265, -9.97098159790039, 2.001323699951172, 1.8529835939407349, 6.158421039581299, -9.453341484069824, 3.5441832542419434, -5.112336158752441, -2.4450302124023438, -2.324860095977783]
[DIAG_TARGET] step=531 target_error=0.000000000 default=[0.0, -0.7853981852531433, 1.8654682636260986, 0.0, -0.7853981852531433, 1.8654682636260986, 0.0, -0.7853981852531433, 1.8654682636260986, 0.0, -0.7853981852531433, 1.8654682636260986] desired=[-0.11531999707221985, -0.737500011920929, 1.6825000047683716, 0.06875000149011612, -0.737500011920929, 1.6825000047683716, -0.06875000149011612, -0.862500011920929, 1.6825000047683716, 0.06875000149011612, -0.862500011920929, 1.809522032737732] applied=[-0.11531999707221985, -0.737500011920929, 1.6825000047683716, 0.06875000149011612, -0.737500011920929, 1.6825000047683716, -0.06875000149011612, -0.862500011920929, 1.6825000047683716, 0.06875000149011612, -0.862500011920929, 1.809522032737732] current=[-0.14433205127716064, -0.848920464515686, 1.9944710731506348, 0.05498611554503441, -0.6874954104423523, 1.8234789371490479, 0.0817246064543724, -0.9928386807441711, 1.8832627534866333, -0.0777784064412117, -0.8592475652694702, 2.3740744590759277]
[DIAG_INFER] step=541 policy_action_max=11.822742 applied_action_max=0.250000 obs_max=9.970982 history_nonzero_rows=15 position_clip=0 torque_clip=2 action=[6.354818344116211, 5.552964687347412, 1.3342845439910889, -11.822742462158203, 1.9524075984954834, 3.4826104640960693, 1.750195026397705, -7.36693811416626, -0.12394517660140991, 4.048588275909424, -1.8408896923065186, -2.395656108856201]
[DIAG_TARGET] step=541 target_error=0.000000000 default=[0.0, -0.7853981852531433, 1.8654682636260986, 0.0, -0.7853981852531433, 1.8654682636260986, 0.0, -0.7853981852531433, 1.8654682636260986, 0.0, -0.7853981852531433, 1.8654682636260986] desired=[-0.06875000149011612, -0.737500011920929, 1.6825000047683716, 0.06875000149011612, -0.737500011920929, 1.6825000047683716, -0.06875000149011612, -0.862500011920929, 1.589013695716858, 0.23313438892364502, -0.7218178510665894, 1.5575000047683716] applied=[-0.06875000149011612, -0.737500011920929, 1.6825000047683716, 0.06875000149011612, -0.737500011920929, 1.6825000047683716, -0.06875000149011612, -0.862500011920929, 1.589013695716858, 0.23313438892364502, -0.7218178510665894, 1.5575000047683716] current=[-0.12039853632450104, -0.8310791254043579, 2.007045030593872, 0.08225814998149872, -0.6694835424423218, 1.856096625328064, 0.12383972108364105, -0.9814073443412781, 1.9050341844558716, -0.057258911430835724, -0.8387811779975891, 2.0379350185394287]
[DIAG_INFER] step=551 policy_action_max=8.640829 applied_action_max=0.250000 obs_max=11.822742 history_nonzero_rows=15 position_clip=0 torque_clip=1 action=[6.072902679443359, 5.058754920959473, 1.3071320056915283, -8.640829086303711, 1.1237879991531372, 3.0546510219573975, 2.837970495223999, -6.113375663757324, -0.6134326457977295, -0.5004459023475647, -0.8709633350372314, -0.1721150130033493]
[DIAG_TARGET] step=551 target_error=0.000000000 default=[0.0, -0.7853981852531433, 1.8654682636260986, 0.0, -0.7853981852531433, 1.8654682636260986, 0.0, -0.7853981852531433, 1.8654682636260986, 0.0, -0.7853981852531433, 1.8654682636260986] desired=[-0.06875000149011612, -0.737500011920929, 1.6825000047683716, 0.06875000149011612, -0.737500011920929, 1.6825000047683716, -0.06875000149011612, -0.862500011920929, 1.5575000047683716, 0.06875000149011612, -0.369892954826355, 1.5769712924957275] applied=[-0.06875000149011612, -0.737500011920929, 1.6825000047683716, 0.06875000149011612, -0.737500011920929, 1.6825000047683716, -0.06875000149011612, -0.862500011920929, 1.5575000047683716, 0.06875000149011612, -0.369892954826355, 1.5769712924957275] current=[-0.09756714105606079, -0.8074035048484802, 2.011011838912964, 0.10813947767019272, -0.6492148041725159, 1.8813047409057617, 0.15905094146728516, -0.9670416712760925, 1.9241232872009277, 0.05826623737812042, -0.7758415937423706, 1.7761634588241577]
[DIAG_INFER] step=561 policy_action_max=9.097260 applied_action_max=0.250000 obs_max=8.640829 history_nonzero_rows=15 position_clip=0 torque_clip=2 action=[4.24805212020874, 0.7562617063522339, 1.9558937549591064, -1.714290976524353, 2.6084511280059814, -0.6767855286598206, -4.13179349899292, -4.455935478210449, -3.7453765869140625, -9.097260475158691, -1.9691040515899658, 1.2212717533111572]
[DIAG_TARGET] step=561 target_error=0.000000000 default=[0.0, -0.7853981852531433, 1.8654682636260986, 0.0, -0.7853981852531433, 1.8654682636260986, 0.0, -0.7853981852531433, 1.8654682636260986, 0.0, -0.7853981852531433, 1.8654682636260986] desired=[-0.06875000149011612, -0.737500011920929, 1.6825000047683716, 0.06875000149011612, -0.737500011920929, 1.5575000047683716, -0.13124999403953552, -0.862500011920929, 1.5575000047683716, -0.443077027797699, 0.34676438570022583, 1.6825000047683716] applied=[-0.06875000149011612, -0.737500011920929, 1.6825000047683716, 0.06875000149011612, -0.737500011920929, 1.5575000047683716, -0.13124999403953552, -0.862500011920929, 1.5575000047683716, -0.443077027797699, 0.34676438570022583, 1.6825000047683716] current=[-0.11884434521198273, -0.772258996963501, 2.013674020767212, 0.08934727311134338, -0.6132709383964539, 1.8834314346313477, 0.14456336200237274, -0.9359597563743591, 1.9312571287155151, 0.06336717307567596, -0.6816624402999878, 1.7563409805297852]
[DIAG_INFER] step=571 policy_action_max=8.619802 applied_action_max=0.250000 obs_max=9.097260 history_nonzero_rows=15 position_clip=0 torque_clip=3 action=[8.61980152130127, -2.6154940128326416, 3.024138927459717, -5.487802505493164, 4.412801742553711, 1.8809806108474731, -7.2656121253967285, -1.951369285583496, -6.504624366760254, -8.564082145690918, -3.1578612327575684, 2.279827833175659]
[DIAG_TARGET] step=571 target_error=0.000000000 default=[0.0, -0.7853981852531433, 1.8654682636260986, 0.0, -0.7853981852531433, 1.8654682636260986, 0.0, -0.7853981852531433, 1.8654682636260986, 0.0, -0.7853981852531433, 1.8654682636260986] desired=[-0.06875000149011612, -0.862500011920929, 1.6825000047683716, 0.06875000149011612, -0.737500011920929, 1.6825000047683716, -0.13124999403953552, -0.5607059001922607, 1.5575000047683716, -1.1472973823547363, 1.268388032913208, 1.6825000047683716] applied=[-0.06875000149011612, -0.862500011920929, 1.6825000047683716, 0.06875000149011612, -0.737500011920929, 1.6825000047683716, -0.13124999403953552, -0.5607059001922607, 1.5575000047683716, -1.1472973823547363, 1.268388032913208, 1.6825000047683716] current=[-0.1836388111114502, -0.7191957235336304, 2.017401933670044, 0.03664621338248253, -0.5668129324913025, 1.8553802967071533, 0.07319818437099457, -0.8801816701889038, 1.920696496963501, -0.14180327951908112, -0.24803394079208374, 1.685991883277893]
[DIAG_INFER] step=581 policy_action_max=9.383165 applied_action_max=0.250000 obs_max=8.619802 history_nonzero_rows=15 position_clip=0 torque_clip=4 action=[7.6637420654296875, -2.1694140434265137, 3.7551052570343018, -7.035571098327637, 5.091190814971924, 1.811239242553711, -3.347133159637451, -0.7774373292922974, -5.745758056640625, -3.218759298324585, -4.37150239944458, 9.38316535949707]
[DIAG_TARGET] step=581 target_error=0.000000000 default=[0.0, -0.7853981852531433, 1.8654682636260986, 0.0, -0.7853981852531433, 1.8654682636260986, 0.0, -0.7853981852531433, 1.8654682636260986, 0.0, -0.7853981852531433, 1.8654682636260986] desired=[-0.06875000149011612, -0.862500011920929, 1.6825000047683716, 0.06875000149011612, -0.737500011920929, 1.6825000047683716, -0.4981764853000641, 0.5022689700126648, 1.5575000047683716, 0.9686660170555115, 1.5013465881347656, 1.6825000047683716] applied=[-0.06875000149011612, -0.862500011920929, 1.6825000047683716, 0.06875000149011612, -0.737500011920929, 1.6825000047683716, -0.4981764853000641, 0.5022689700126648, 1.5575000047683716, 0.9686660170555115, 1.5013465881347656, 1.6825000047683716] current=[-0.20226308703422546, -0.6504359841346741, 2.016228199005127, 0.057070937007665634, -0.5847259163856506, 1.8303253650665283, 0.009295517578721046, -0.7989607453346252, 1.885664463043213, -0.6778979301452637, 0.5268526673316956, 1.6101781129837036]
[DIAG_INFER] step=591 policy_action_max=7.952432 applied_action_max=0.250000 obs_max=9.383165 history_nonzero_rows=15 position_clip=0 torque_clip=4 action=[5.705513954162598, 1.9905685186386108, 3.855759859085083, 1.659950613975525, -0.882165789604187, -4.505878448486328, -4.382629871368408, 0.1891176700592041, -7.952431678771973, 3.401602268218994, -7.440309047698975, 5.581583499908447]
[DIAG_TARGET] step=591 target_error=0.000000060 default=[0.0, -0.7853981852531433, 1.8654682636260986, 0.0, -0.7853981852531433, 1.8654682636260986, 0.0, -0.7853981852531433, 1.8654682636260986, 0.0, -0.7853981852531433, 1.8654682636260986] desired=[-0.06875000149011612, -0.737500011920929, 1.6825000047683716, 0.13124999403953552, -0.5600883960723877, 1.5575000047683716, -0.13124999403953552, 0.6890453100204468, 1.5575000047683716, 1.5, -0.862500011920929, 1.364272117614746] applied=[-0.06875000149011612, -0.737500011920929, 1.6825000047683716, 0.13124999403953552, -0.5600883960723877, 1.5575000047683716, -0.13124999403953552, 0.689045250415802, 1.5575000047683716, 1.5, -0.862500011920929, 1.364272117614746] current=[-0.08601926267147064, -0.6234655976295471, 1.9874496459960938, 0.20074747502803802, -0.6102823615074158, 1.8622397184371948, -0.08785886317491531, -0.359177827835083, 1.7118254899978638, -0.41933929920196533, 1.102198600769043, 1.6113636493682861]
[DIAG_INFER] step=601 policy_action_max=6.082853 applied_action_max=0.250000 obs_max=7.952432 history_nonzero_rows=15 position_clip=0 torque_clip=3 action=[4.004579544067383, -1.3432270288467407, 2.440983295440674, 0.26768767833709717, 4.5699543952941895, -2.072575569152832, -5.691356658935547, 4.808635234832764, -6.082853317260742, 1.270274043083191, -4.1707587242126465, 1.9521335363388062]
[DIAG_TARGET] step=601 target_error=0.000000030 default=[0.0, -0.7853981852531433, 1.8654682636260986, 0.0, -0.7853981852531433, 1.8654682636260986, 0.0, -0.7853981852531433, 1.8654682636260986, 0.0, -0.7853981852531433, 1.8654682636260986] desired=[-0.06875000149011612, -0.862500011920929, 1.6825000047683716, 0.13124999403953552, 0.008843094110488892, 1.5575000047683716, 0.44332337379455566, -0.737500011920929, 1.5575000047683716, 0.13124999403953552, -0.862500011920929, 1.539908766746521] applied=[-0.06875000149011612, -0.862500011920929, 1.6825000047683716, 0.13124999403953552, 0.00884312391281128, 1.5575000047683716, 0.44332337379455566, -0.737500011920929, 1.5575000047683716, 0.13124999403953552, -0.862500011920929, 1.539908766746521] current=[-0.07001421600580215, -0.6177640557289124, 1.9500041007995605, 0.27369531989097595, -0.6045038104057312, 1.8644391298294067, -0.19851334393024445, 0.26217618584632874, 1.5945380926132202, 0.3838557004928589, 0.8328597545623779, 1.5490161180496216]
[DIAG_INFER] step=611 policy_action_max=5.200709 applied_action_max=0.250000 obs_max=6.082853 history_nonzero_rows=15 position_clip=0 torque_clip=1 action=[3.7672905921936035, 0.40487292408943176, 1.3511022329330444, -0.8946638107299805, 3.146503210067749, -1.9520368576049805, -0.6279491782188416, 5.200708866119385, -0.785011887550354, 0.24382832646369934, -2.8904526233673096, -0.23816938698291779]
[DIAG_TARGET] step=611 target_error=0.000000000 default=[0.0, -0.7853981852531433, 1.8654682636260986, 0.0, -0.7853981852531433, 1.8654682636260986, 0.0, -0.7853981852531433, 1.8654682636260986, 0.0, -0.7853981852531433, 1.8654682636260986] desired=[-0.06875000149011612, -0.737500011920929, 1.6825000047683716, 0.06875000149011612, -0.737500011920929, 1.5575000047683716, -0.13124999403953552, -0.737500011920929, 1.5575000047683716, 0.13047854602336884, -1.45766282081604, 1.560457706451416] applied=[-0.06875000149011612, -0.737500011920929, 1.6825000047683716, 0.06875000149011612, -0.737500011920929, 1.5575000047683716, -0.13124999403953552, -0.737500011920929, 1.5575000047683716, 0.13047854602336884, -1.45766282081604, 1.560457706451416] current=[-0.09408362209796906, -0.6387113332748413, 1.9281561374664307, 0.2470637708902359, -0.4034225344657898, 1.7411413192749023, -0.015355675481259823, 0.22194203734397888, 1.6332694292068481, 0.37706804275512695, 0.013738853856921196, 1.49849271774292]
[DIAG_INFER] step=621 policy_action_max=4.208953 applied_action_max=0.250000 obs_max=5.200709 history_nonzero_rows=15 position_clip=0 torque_clip=1 action=[4.103662014007568, 1.1290870904922485, 2.5465312004089355, -0.806782603263855, 2.1330997943878174, -1.3227275609970093, -4.097984790802002, -1.1507651805877686, -1.248213291168213, -4.208952903747559, -2.633284091949463, -2.2078959941864014]
[DIAG_TARGET] step=621 target_error=0.000000000 default=[0.0, -0.7853981852531433, 1.8654682636260986, 0.0, -0.7853981852531433, 1.8654682636260986, 0.0, -0.7853981852531433, 1.8654682636260986, 0.0, -0.7853981852531433, 1.8654682636260986] desired=[-0.06875000149011612, -0.737500011920929, 1.6825000047683716, 0.06875000149011612, -0.737500011920929, 1.5575000047683716, -0.13124999403953552, -0.862500011920929, 1.5575000047683716, -1.5, -0.862500011920929, 1.5575000047683716] applied=[-0.06875000149011612, -0.737500011920929, 1.6825000047683716, 0.06875000149011612, -0.737500011920929, 1.5575000047683716, -0.13124999403953552, -0.862500011920929, 1.5575000047683716, -1.5, -0.862500011920929, 1.5575000047683716] current=[-0.14892229437828064, -0.6520662307739258, 1.9054441452026367, 0.1601889580488205, -0.4253120422363281, 1.7132378816604614, -0.005218775011599064, -0.25353261828422546, 1.7086546421051025, 0.2584048807621002, -0.6639024615287781, 1.6626800298690796]
[DIAG_INFER] step=631 policy_action_max=12.937289 applied_action_max=0.250000 obs_max=7.276471 history_nonzero_rows=15 position_clip=0 torque_clip=2 action=[-0.3997129797935486, 2.3966903686523438, 3.1129751205444336, -9.43778133392334, 0.23304830491542816, -1.3353699445724487, -10.017882347106934, -10.811599731445312, 0.29596424102783203, -12.937289237976074, -3.8049967288970947, -2.617757797241211]
[DIAG_TARGET] step=631 target_error=0.000000000 default=[0.0, -0.7853981852531433, 1.8654682636260986, 0.0, -0.7853981852531433, 1.8654682636260986, 0.0, -0.7853981852531433, 1.8654682636260986, 0.0, -0.7853981852531433, 1.8654682636260986] desired=[-0.13124999403953552, -0.737500011920929, 1.6825000047683716, 0.06875000149011612, -0.741737961769104, 1.5575000047683716, -0.13124999403953552, -0.862500011920929, 1.6825000047683716, -1.5, -0.862500011920929, 1.670340895652771] applied=[-0.13124999403953552, -0.737500011920929, 1.6825000047683716, 0.06875000149011612, -0.741737961769104, 1.5575000047683716, -0.13124999403953552, -0.862500011920929, 1.6825000047683716, -1.5, -0.862500011920929, 1.670340895652771] current=[-0.29833510518074036, -0.6631737351417542, 1.9123446941375732, 0.02946467697620392, -0.5319893956184387, 1.6537209749221802, -0.175802081823349, -0.3889051675796509, 1.8480539321899414, -0.12298796325922012, -0.8524811863899231, 1.843363642692566]
[DIAG_INFER] step=641 policy_action_max=7.739127 applied_action_max=0.250000 obs_max=12.937289 history_nonzero_rows=15 position_clip=0 torque_clip=2 action=[-0.8404814600944519, -0.8406574726104736, 0.06482210755348206, -7.739126682281494, 3.8909342288970947, -0.5745607614517212, -1.0665702819824219, -2.5005414485931396, 0.9153472185134888, -1.478455662727356, -2.2444400787353516, 0.10128636658191681]
[DIAG_TARGET] step=641 target_error=0.000000000 default=[0.0, -0.7853981852531433, 1.8654682636260986, 0.0, -0.7853981852531433, 1.8654682636260986, 0.0, -0.7853981852531433, 1.8654682636260986, 0.0, -0.7853981852531433, 1.8654682636260986] desired=[-0.13124999403953552, -0.862500011920929, 1.6362055540084839, 0.06875000149011612, -0.737500011920929, 1.5575000047683716, -0.3268216848373413, -0.862500011920929, 1.6825000047683716, -0.427196741104126, -0.862500011920929, 1.6453216075897217] applied=[-0.13124999403953552, -0.862500011920929, 1.6362055540084839, 0.06875000149011612, -0.737500011920929, 1.5575000047683716, -0.3268216848373413, -0.862500011920929, 1.6825000047683716, -0.427196741104126, -0.862500011920929, 1.6453216075897217] current=[-0.37814095616340637, -0.6620841026306152, 1.932133674621582, 0.024366460740566254, -0.658925473690033, 1.5913599729537964, -0.2759231925010681, -0.4708213210105896, 1.9440027475357056, -0.6320062875747681, -0.8679308295249939, 1.9239089488983154]
[DIAG_INFER] step=651 policy_action_max=11.212166 applied_action_max=0.250000 obs_max=7.739127 history_nonzero_rows=15 position_clip=0 torque_clip=2 action=[9.29544448852539, 5.364696502685547, 8.33759593963623, 5.430713653564453, -1.4385212659835815, -9.947933197021484, -3.1920840740203857, 1.9384312629699707, -3.9590861797332764, -2.440290689468384, -8.857775688171387, 11.212165832519531]
[DIAG_TARGET] step=651 target_error=0.000000000 default=[0.0, -0.7853981852531433, 1.8654682636260986, 0.0, -0.7853981852531433, 1.8654682636260986, 0.0, -0.7853981852531433, 1.8654682636260986, 0.0, -0.7853981852531433, 1.8654682636260986] desired=[-0.06875000149011612, -0.737500011920929, 1.6825000047683716, 0.13124999403953552, -0.862500011920929, 1.5575000047683716, -0.13124999403953552, -0.737500011920929, 1.5575000047683716, 1.5, -0.862500011920929, 1.2257680892944336] applied=[-0.06875000149011612, -0.737500011920929, 1.6825000047683716, 0.13124999403953552, -0.862500011920929, 1.5575000047683716, -0.13124999403953552, -0.737500011920929, 1.5575000047683716, 1.5, -0.862500011920929, 1.2257680892944336] current=[-0.3257168233394623, -0.6793950796127319, 1.912724256515503, 0.12585999071598053, -0.7395986318588257, 1.5696085691452026, -0.28679677844047546, -0.5125227570533752, 1.9767695665359497, -0.680984616279602, -0.8869057893753052, 1.9541162252426147]
[DIAG_INFER] step=661 policy_action_max=18.704088 applied_action_max=0.250000 obs_max=11.212166 history_nonzero_rows=15 position_clip=0 torque_clip=2 action=[8.54001235961914, 6.884252071380615, 6.795608997344971, 12.61886978149414, -0.7679811716079712, -10.438334465026855, -5.9488935470581055, 5.870053291320801, -11.829984664916992, 2.115955352783203, -17.887845993041992, 18.70408821105957]
[DIAG_TARGET] step=661 target_error=0.000000000 default=[0.0, -0.7853981852531433, 1.8654682636260986, 0.0, -0.7853981852531433, 1.8654682636260986, 0.0, -0.7853981852531433, 1.8654682636260986, 0.0, -0.7853981852531433, 1.8654682636260986] desired=[-0.06875000149011612, -0.737500011920929, 1.6825000047683716, 0.13124999403953552, -0.862500011920929, 1.5575000047683716, -0.13124999403953552, -0.737500011920929, 1.5575000047683716, 1.5, -0.862500011920929, -1.8359386920928955] applied=[-0.06875000149011612, -0.737500011920929, 1.6825000047683716, 0.13124999403953552, -0.862500011920929, 1.5575000047683716, -0.13124999403953552, -0.737500011920929, 1.5575000047683716, 1.5, -0.862500011920929, -1.8359386920928955] current=[-0.16050119698047638, -0.6657724380493164, 1.8324975967407227, 0.2124004065990448, -0.8113459348678589, 1.5670229196548462, -0.15554769337177277, -0.5066287517547607, 1.9327256679534912, -0.5698524713516235, -0.9111735224723816, 1.990906000137329]
[DIAG_INFER] step=671 policy_action_max=8.034980 applied_action_max=0.250000 obs_max=18.704088 history_nonzero_rows=15 position_clip=0 torque_clip=3 action=[3.778367519378662, 1.4160219430923462, 2.0970308780670166, 0.6681606769561768, -2.6148879528045654, -4.069470405578613, -7.09687614440918, 0.9176299571990967, -6.8014421463012695, 5.744647026062012, -8.034979820251465, 7.066558837890625]
[DIAG_TARGET] step=671 target_error=0.000000000 default=[0.0, -0.7853981852531433, 1.8654682636260986, 0.0, -0.7853981852531433, 1.8654682636260986, 0.0, -0.7853981852531433, 1.8654682636260986, 0.0, -0.7853981852531433, 1.8654682636260986] desired=[-0.06875000149011612, -0.737500011920929, 1.6825000047683716, 0.13124999403953552, -0.862500011920929, 1.5575000047683716, -0.13124999403953552, -0.737500011920929, 1.5575000047683716, 1.5, -1.1305116415023804, -0.10525131225585938] applied=[-0.06875000149011612, -0.737500011920929, 1.6825000047683716, 0.13124999403953552, -0.862500011920929, 1.5575000047683716, -0.13124999403953552, -0.737500011920929, 1.5575000047683716, 1.5, -1.1305116415023804, -0.10525131225585938] current=[-0.04731583222746849, -0.6766206622123718, 1.7456011772155762, 0.18619516491889954, -0.8466343879699707, 1.557031512260437, -0.013534327037632465, -0.4924840033054352, 1.8344354629516602, -0.40488412976264954, -0.8948338627815247, 1.9826408624649048]
[DIAG_INFER] step=681 policy_action_max=5.009029 applied_action_max=0.250000 obs_max=8.034980 history_nonzero_rows=15 position_clip=0 torque_clip=2 action=[3.0053274631500244, 0.8036693334579468, 2.0445799827575684, -0.9616261124610901, 1.1395574808120728, -1.1262707710266113, -5.009028911590576, -1.4771313667297363, -1.0173860788345337, 0.8640767335891724, -4.17219352722168, 0.9619072675704956]
[DIAG_TARGET] step=681 target_error=0.000000000 default=[0.0, -0.7853981852531433, 1.8654682636260986, 0.0, -0.7853981852531433, 1.8654682636260986, 0.0, -0.7853981852531433, 1.8654682636260986, 0.0, -0.7853981852531433, 1.8654682636260986] desired=[-0.06875000149011612, -0.737500011920929, 1.6825000047683716, 0.06875000149011612, -0.737500011920929, 1.5575000047683716, -0.13124999403953552, -0.862500011920929, 1.5575000047683716, 0.13124999403953552, -1.3573006391525269, 1.6741611957550049] applied=[-0.06875000149011612, -0.737500011920929, 1.6825000047683716, 0.06875000149011612, -0.737500011920929, 1.5575000047683716, -0.13124999403953552, -0.862500011920929, 1.5575000047683716, 0.13124999403953552, -1.3573006391525269, 1.6741611957550049] current=[-0.01894831471145153, -0.7066549062728882, 1.7034422159194946, 0.24979037046432495, -0.8443601727485657, 1.6205235719680786, 0.028537072241306305, -0.5528409481048584, 1.7074368000030518, -0.20430795848369598, -0.843010425567627, 1.9341028928756714]
[DIAG_INFER] step=691 policy_action_max=7.576058 applied_action_max=0.250000 obs_max=5.009029 history_nonzero_rows=15 position_clip=0 torque_clip=2 action=[4.531853675842285, 0.8821573257446289, 2.7396867275238037, -1.8190077543258667, 1.051915168762207, -1.0120742321014404, -7.5760579109191895, -2.438659906387329, -2.310715675354004, -4.989380836486816, -3.196502685546875, -1.2943116426467896]
[DIAG_TARGET] step=691 target_error=0.000000000 default=[0.0, -0.7853981852531433, 1.8654682636260986, 0.0, -0.7853981852531433, 1.8654682636260986, 0.0, -0.7853981852531433, 1.8654682636260986, 0.0, -0.7853981852531433, 1.8654682636260986] desired=[-0.06875000149011612, -0.737500011920929, 1.6825000047683716, 0.06875000149011612, -0.737500011920929, 1.5575000047683716, -0.13124999403953552, -0.862500011920929, 1.5575000047683716, -1.5, -1.103591799736023, 1.5575000047683716] applied=[-0.06875000149011612, -0.737500011920929, 1.6825000047683716, 0.06875000149011612, -0.737500011920929, 1.5575000047683716, -0.13124999403953552, -0.862500011920929, 1.5575000047683716, -1.5, -1.103591799736023, 1.5575000047683716] current=[-0.07871674746274948, -0.7375321388244629, 1.688309907913208, 0.27517762780189514, -0.8046525120735168, 1.6505767107009888, -0.07317794859409332, -0.7199706435203552, 1.6153676509857178, -0.05408642441034317, -0.9762250781059265, 1.8866385221481323]
[DIAG_INFER] step=701 policy_action_max=5.294734 applied_action_max=0.250000 obs_max=7.576058 history_nonzero_rows=15 position_clip=0 torque_clip=1 action=[4.141385078430176, 0.5790775418281555, 1.437050461769104, -5.294734001159668, -1.1029188632965088, -2.024224281311035, -3.5879533290863037, -1.1649258136749268, -4.465728759765625, 3.0610666275024414, -0.5285283923149109, 4.168199062347412]
[DIAG_TARGET] step=701 target_error=0.000000000 default=[0.0, -0.7853981852531433, 1.8654682636260986, 0.0, -0.7853981852531433, 1.8654682636260986, 0.0, -0.7853981852531433, 1.8654682636260986, 0.0, -0.7853981852531433, 1.8654682636260986] desired=[-0.06875000149011612, -0.737500011920929, 1.6825000047683716, 0.06875000149011612, -0.862500011920929, 1.5575000047683716, -0.6013055443763733, -0.862500011920929, 1.5575000047683716, 0.13124999403953552, -0.862500011920929, 1.6825000047683716] applied=[-0.06875000149011612, -0.737500011920929, 1.6825000047683716, 0.06875000149011612, -0.862500011920929, 1.5575000047683716, -0.6013055443763733, -0.862500011920929, 1.5575000047683716, 0.13124999403953552, -0.862500011920929, 1.6825000047683716] current=[-0.15236663818359375, -0.743855893611908, 1.6882048845291138, 0.17203575372695923, -0.7518714070320129, 1.6256368160247803, -0.19428212940692902, -0.8344472646713257, 1.5751036405563354, -0.6410041451454163, -1.078274130821228, 1.6908786296844482]
[DIAG_INFER] step=711 policy_action_max=6.393368 applied_action_max=0.250000 obs_max=5.294734 history_nonzero_rows=15 position_clip=0 torque_clip=1 action=[4.748481750488281, 2.324110746383667, 2.6000173091888428, 0.13936081528663635, 2.840057373046875, -4.421374797821045, -6.393368244171143, -3.534459352493286, -4.28436279296875, 4.684092044830322, -4.270596504211426, 4.66453218460083]
[DIAG_TARGET] step=711 target_error=0.000000000 default=[0.0, -0.7853981852531433, 1.8654682636260986, 0.0, -0.7853981852531433, 1.8654682636260986, 0.0, -0.7853981852531433, 1.8654682636260986, 0.0, -0.7853981852531433, 1.8654682636260986] desired=[-0.06875000149011612, -0.737500011920929, 1.6825000047683716, 0.11742010712623596, -0.737500011920929, 1.5575000047683716, -0.13124999403953552, -0.862500011920929, 1.5575000047683716, 1.5, -0.862500011920929, 1.6825000047683716] applied=[-0.06875000149011612, -0.737500011920929, 1.6825000047683716, 0.11742010712623596, -0.737500011920929, 1.5575000047683716, -0.13124999403953552, -0.862500011920929, 1.5575000047683716, 1.5, -0.862500011920929, 1.6825000047683716] current=[-0.06241331249475479, -0.7453364729881287, 1.6809138059616089, 0.19801951944828033, -0.7653914093971252, 1.650578498840332, -0.31262728571891785, -0.8801830410957336, 1.5510766506195068, -0.5277982354164124, -0.9535119533538818, 1.651085376739502]
[DIAG_INFER] step=721 policy_action_max=6.783752 applied_action_max=0.250000 obs_max=6.393368 history_nonzero_rows=15 position_clip=0 torque_clip=2 action=[4.44504976272583, 2.0057365894317627, 1.8126099109649658, -2.5581514835357666, 3.037926435470581, -2.338209867477417, -6.783751964569092, -1.6455302238464355, -3.6259334087371826, 3.4905498027801514, -1.4052090644836426, 2.7526230812072754]
[DIAG_TARGET] step=721 target_error=0.000000000 default=[0.0, -0.7853981852531433, 1.8654682636260986, 0.0, -0.7853981852531433, 1.8654682636260986, 0.0, -0.7853981852531433, 1.8654682636260986, 0.0, -0.7853981852531433, 1.8654682636260986] desired=[-0.06875000149011612, -0.737500011920929, 1.6825000047683716, 0.06875000149011612, -0.737500011920929, 1.5575000047683716, 0.14871296286582947, -0.862500011920929, 1.5575000047683716, 0.29687386751174927, -0.862500011920929, 1.6825000047683716] applied=[-0.06875000149011612, -0.737500011920929, 1.6825000047683716, 0.06875000149011612, -0.737500011920929, 1.5575000047683716, 0.14871296286582947, -0.862500011920929, 1.5575000047683716, 0.29687386751174927, -0.862500011920929, 1.6825000047683716] current=[0.008632561191916466, -0.7373934984207153, 1.6750363111495972, 0.336821049451828, -0.7442037463188171, 1.726068377494812, -0.2552616000175476, -0.8920861482620239, 1.5515645742416382, 0.1759851574897766, -0.8544647097587585, 1.7328224182128906]
[DIAG_INFER] step=731 policy_action_max=11.429387 applied_action_max=0.250000 obs_max=6.783752 history_nonzero_rows=15 position_clip=0 torque_clip=1 action=[4.922818660736084, 1.057303547859192, 4.730893611907959, -7.946785926818848, 1.1735349893569946, -2.6422536373138428, -11.429387092590332, -5.654959201812744, -5.206867218017578, -7.820690631866455, -5.658016681671143, -0.9184578657150269]
[DIAG_TARGET] step=731 target_error=0.000000000 default=[0.0, -0.7853981852531433, 1.8654682636260986, 0.0, -0.7853981852531433, 1.8654682636260986, 0.0, -0.7853981852531433, 1.8654682636260986, 0.0, -0.7853981852531433, 1.8654682636260986] desired=[-0.06875000149011612, -0.737500011920929, 1.6825000047683716, 0.06875000149011612, -0.737500011920929, 1.5575000047683716, -0.13124999403953552, -0.862500011920929, 1.5575000047683716, -1.5, -0.862500011920929, 1.5575000047683716] applied=[-0.06875000149011612, -0.737500011920929, 1.6825000047683716, 0.06875000149011612, -0.737500011920929, 1.5575000047683716, -0.13124999403953552, -0.862500011920929, 1.5575000047683716, -1.5, -0.862500011920929, 1.5575000047683716] current=[-0.0927463173866272, -0.7363269925117493, 1.6809293031692505, 0.3121034502983093, -0.7025940418243408, 1.7778480052947998, -0.13002993166446686, -0.8840957283973694, 1.5579816102981567, 0.3727957010269165, -0.8315720558166504, 1.7109001874923706]
[DIAG_INFER] step=741 policy_action_max=7.919526 applied_action_max=0.250000 obs_max=11.429387 history_nonzero_rows=15 position_clip=0 torque_clip=1 action=[6.720824241638184, -0.8442952632904053, 2.8093810081481934, -7.919526100158691, -1.23577880859375, -3.1572601795196533, -5.716723442077637, -0.5469003915786743, -7.308673858642578, 1.7314013242721558, -0.46742531657218933, 3.3682808876037598]
[DIAG_TARGET] step=741 target_error=0.000000000 default=[0.0, -0.7853981852531433, 1.8654682636260986, 0.0, -0.7853981852531433, 1.8654682636260986, 0.0, -0.7853981852531433, 1.8654682636260986, 0.0, -0.7853981852531433, 1.8654682636260986] desired=[-0.06875000149011612, -0.862500011920929, 1.6825000047683716, 0.06875000149011612, -0.862500011920929, 1.5575000047683716, -0.3620830774307251, -0.862500011920929, 1.5575000047683716, 0.13124999403953552, -0.862500011920929, 1.6825000047683716] applied=[-0.06875000149011612, -0.862500011920929, 1.6825000047683716, 0.06875000149011612, -0.862500011920929, 1.5575000047683716, -0.3620830774307251, -0.862500011920929, 1.5575000047683716, 0.13124999403953552, -0.862500011920929, 1.6825000047683716] current=[-0.19193734228610992, -0.7417992949485779, 1.688063383102417, 0.1429680734872818, -0.6479068994522095, 1.7539926767349243, -0.14528882503509521, -0.8611913919448853, 1.5572816133499146, -0.30998340249061584, -0.8525368571281433, 1.6036291122436523]
[DIAG_INFER] step=751 policy_action_max=11.389388 applied_action_max=0.250000 obs_max=7.919526 history_nonzero_rows=15 position_clip=0 torque_clip=2 action=[11.389388084411621, 7.8482666015625, 10.002243041992188, 3.9183857440948486, -4.046128749847412, -9.010120391845703, -2.60500168800354, -2.2775137424468994, -5.112406253814697, 1.0430718660354614, -9.142022132873535, 10.4108304977417]
[DIAG_TARGET] step=751 target_error=0.000000000 default=[0.0, -0.7853981852531433, 1.8654682636260986, 0.0, -0.7853981852531433, 1.8654682636260986, 0.0, -0.7853981852531433, 1.8654682636260986, 0.0, -0.7853981852531433, 1.8654682636260986] desired=[-0.06875000149011612, -0.737500011920929, 1.6825000047683716, 0.13124999403953552, -0.862500011920929, 1.5575000047683716, -0.13124999403953552, -0.862500011920929, 1.5575000047683716, 1.5, -2.917123317718506, 1.6825000047683716] applied=[-0.06875000149011612, -0.737500011920929, 1.6825000047683716, 0.13124999403953552, -0.862500011920929, 1.5575000047683716, -0.13124999403953552, -0.862500011920929, 1.5575000047683716, 1.5, -2.917123317718506, 1.6825000047683716] current=[-0.057185012847185135, -0.7883574366569519, 1.680233120918274, 0.1276722550392151, -0.6633333563804626, 1.781272530555725, -0.1620548665523529, -0.8582143783569336, 1.5535985231399536, -0.3840029835700989, -0.8350311517715454, 1.6282086372375488]
[DIAG_INFER] step=761 policy_action_max=10.094897 applied_action_max=0.250000 obs_max=11.389388 history_nonzero_rows=15 position_clip=0 torque_clip=3 action=[4.203832626342773, -1.1786376237869263, 4.849608421325684, -2.302245855331421, 6.529772758483887, -2.7195932865142822, -10.094897270202637, 1.8441987037658691, -2.130089282989502, -1.89332115650177, -1.8938188552856445, 3.7573492527008057]
[DIAG_TARGET] step=761 target_error=0.000000000 default=[0.0, -0.7853981852531433, 1.8654682636260986, 0.0, -0.7853981852531433, 1.8654682636260986, 0.0, -0.7853981852531433, 1.8654682636260986, 0.0, -0.7853981852531433, 1.8654682636260986] desired=[-0.06875000149011612, -0.862500011920929, 1.6825000047683716, 0.06875000149011612, -0.737500011920929, 1.5575000047683716, 0.4074772894382477, -1.3835787773132324, 1.5575000047683716, 0.06875000149011612, -0.5552161931991577, 1.6825000047683716] applied=[-0.06875000149011612, -0.862500011920929, 1.6825000047683716, 0.06875000149011612, -0.737500011920929, 1.5575000047683716, 0.4074772894382477, -1.3835787773132324, 1.5575000047683716, 0.06875000149011612, -0.5552161931991577, 1.6825000047683716] current=[0.028081227093935013, -0.7908750176429749, 1.6701624393463135, 0.20949772000312805, -0.6875013709068298, 1.8602555990219116, -0.16254445910453796, -0.8807889223098755, 1.5570570230484009, 0.35647284984588623, -1.3329795598983765, 1.6512714624404907]
[DIAG_INFER] step=771 policy_action_max=10.186305 applied_action_max=0.250000 obs_max=10.094897 history_nonzero_rows=15 position_clip=0 torque_clip=2 action=[6.873117923736572, 1.8248738050460815, 5.774302005767822, -9.214725494384766, 1.1570887565612793, -1.533223032951355, -10.186305046081543, -4.767113208770752, -0.6290140151977539, -8.299291610717773, -3.3365490436553955, -2.3288321495056152]
[DIAG_TARGET] step=771 target_error=0.000000000 default=[0.0, -0.7853981852531433, 1.8654682636260986, 0.0, -0.7853981852531433, 1.8654682636260986, 0.0, -0.7853981852531433, 1.8654682636260986, 0.0, -0.7853981852531433, 1.8654682636260986] desired=[-0.06875000149011612, -0.737500011920929, 1.6825000047683716, 0.06875000149011612, -0.737500011920929, 1.5575000047683716, -0.13124999403953552, -0.862500011920929, 1.5575000047683716, -1.5, -1.5129153728485107, 1.5575000047683716] applied=[-0.06875000149011612, -0.737500011920929, 1.6825000047683716, 0.06875000149011612, -0.737500011920929, 1.5575000047683716, -0.13124999403953552, -0.862500011920929, 1.5575000047683716, -1.5, -1.5129153728485107, 1.5575000047683716] current=[-0.0898827463388443, -0.8048951625823975, 1.6839464902877808, 0.13409681618213654, -0.6817622780799866, 1.8928284645080566, 0.02784905955195427, -1.074647068977356, 1.5676816701889038, 0.39298462867736816, -1.525094985961914, 1.5928761959075928]
[DIAG_INFER] step=781 policy_action_max=7.209125 applied_action_max=0.250000 obs_max=10.186305 history_nonzero_rows=15 position_clip=0 torque_clip=3 action=[5.973989486694336, 0.08860626816749573, 3.1427602767944336, -4.903220176696777, 0.8718850612640381, -2.6188271045684814, -6.170745849609375, 2.0264744758605957, -6.525450706481934, 1.3822122812271118, -1.6179457902908325, 7.20912504196167]
[DIAG_TARGET] step=781 target_error=0.000000000 default=[0.0, -0.7853981852531433, 1.8654682636260986, 0.0, -0.7853981852531433, 1.8654682636260986, 0.0, -0.7853981852531433, 1.8654682636260986, 0.0, -0.7853981852531433, 1.8654682636260986] desired=[-0.06875000149011612, -0.7778484225273132, 1.6825000047683716, 0.06875000149011612, -0.737500011920929, 1.5575000047683716, -0.4545481503009796, -0.737500011920929, 1.5575000047683716, 0.9744884371757507, 0.29209429025650024, 1.6825000047683716] applied=[-0.06875000149011612, -0.7778484225273132, 1.6825000047683716, 0.06875000149011612, -0.737500011920929, 1.5575000047683716, -0.4545481503009796, -0.737500011920929, 1.5575000047683716, 0.9744884371757507, 0.29209429025650024, 1.6825000047683716] current=[-0.1472153216600418, -0.7881075143814087, 1.6826478242874146, -0.048017654567956924, -0.6524652242660522, 1.8743737936019897, 0.009813093580305576, -1.0525848865509033, 1.5335761308670044, -0.39361336827278137, -1.4483511447906494, 1.57122004032135]
[DIAG_INFER] step=791 policy_action_max=8.520547 applied_action_max=0.250000 obs_max=7.209125 history_nonzero_rows=15 position_clip=0 torque_clip=2 action=[5.487433433532715, -5.876528263092041, 1.8733234405517578, -7.436764717102051, 1.6490888595581055, -0.015151269733905792, -5.383263111114502, -8.253908157348633, 8.520546913146973, 5.692751884460449, -6.015669345855713, 2.1508753299713135]
[DIAG_TARGET] step=791 target_error=0.000000000 default=[0.0, -0.7853981852531433, 1.8654682636260986, 0.0, -0.7853981852531433, 1.8654682636260986, 0.0, -0.7853981852531433, 1.8654682636260986, 0.0, -0.7853981852531433, 1.8654682636260986] desired=[-0.06875000149011612, -0.862500011920929, 1.6825000047683716, 0.06875000149011612, -0.737500011920929, 1.6162121295928955, -0.13124999403953552, -0.862500011920929, 1.6825000047683716, 1.5, -0.862500011920929, 2.700000047683716] applied=[-0.06875000149011612, -0.862500011920929, 1.6825000047683716, 0.06875000149011612, -0.737500011920929, 1.6162121295928955, -0.13124999403953552, -0.862500011920929, 1.6825000047683716, 1.5, -0.862500011920929, 2.700000047683716] current=[-0.028697969391942024, -0.762385904788971, 1.6877292394638062, -0.07101757079362869, -0.6465146541595459, 1.9123705625534058, -0.12353166192770004, -0.872947096824646, 1.5381231307983398, -0.26432138681411743, -1.1157844066619873, 1.576442837715149]
[STAGE] video_encoding_start
[SUMMARY] {"task": "YoboGo-Velocity-Flat-v0", "mode": "smoke", "yobogo_walk_speed_m_s": 0.15, "rapid_walk_speed_m_s": 0.3, "adaptation_weight": "/run/media/pma213x/0C6A8CC86A8CAFCE/Ubuntu2/CodeU/Dog1/mini-cheetah-isaaclab/external_models/rapid-locomotion-rl/runs/rapid-locomotion/example/train/201852.132488/checkpoints/adaptation_module_latest.jit", "body_weight": "/run/media/pma213x/0C6A8CC86A8CAFCE/Ubuntu2/CodeU/Dog1/mini-cheetah-isaaclab/external_models/rapid-locomotion-rl/runs/rapid-locomotion/example/train/201852.132488/checkpoints/body_latest.jit", "completed_steps": 800, "inference_steps": 80, "expected_inference_steps": 80, "reset_count": 0, "safety_clip_count": 167, "position_clip_count": 0, "torque_clip_count": 167, "large_action_inference_count": 26, "official_clip_inference_count": 0, "max_abs_rapid_action": 0.25, "max_abs_policy_action": 22.87285614013672, "ood_guard_count": 914, "base_height_min_m": 0.22700250148773193, "max_abs_roll_deg": 25.273902971630207, "max_abs_pitch_deg": 7.051787348748816, "xy_displacement_m": 0.3793025612831116, "mean_measured_velocity_m_s": 0.23706410080194473, "final_command": [-0.6000000238418579, 0.0, 0.0], "final_rapid_from_term": [-0.6, 0.0, 0.0], "terminated_steps": 0, "stability_errors": [], "interface_ok": true, "stable_walking": true, "scenario_name": "forward_diag", "scenario_settle_steps": 200, "scenario_motion_steps": 600, "scenario_command_requested_rapid": [-0.6, 0.0, 0.0], "scenario_command_policy": [-0.6, 0.0, 0.0], "scenario_command_term": [-0.6000000238418579, 0.0, 0.0], "scenario_command_rapid_final": [-0.6, 0.0, 0.0], "scenario_metrics": {"start_position_world": [0.05001342296600342, 0.3696495592594147, 0.2342250496149063], "end_position_world": [0.04032113775610924, 0.7322877049446106, 0.26778358221054077], "displacement_vector_world": [-0.00969228520989418, 0.3626381456851959], "displacement_m": 0.3627676461574093, "start_yaw_deg": -146.5729370999127, "end_yaw_deg": -95.61563122294038, "yaw_change_deg": 50.95730587697232, "start_forward_axis_world": [-0.8345877578823705, -0.5508750079581372], "start_left_axis_world": [0.5508750079581372, -0.8345877578823705], "start_forward_projection_m": -0.19167922880817434, "start_lateral_projection_m": -0.3079925946221611, "body_forward_projection_m": -0.2909793589981987, "body_lateral_projection_m": -0.2027862352971675, "mean_body_velocity_m_s": [-0.23285715392713124, -0.17005338309293924], "mean_body_yaw_rate_rad_s": 0.7707667659750829, "primary_axis": "forward", "primary_projection": -0.2909793589981987, "thresholds": {"displacement_m": 0.1, "projection_dominance_ratio": 0.6, "yaw_change_deg": 10.0}, "command_ok": true, "direction_ok": true, "displacement_ok": true}, "scenario_gate_errors": [], "scenario_pass": true, "video": null, "video_frames_written": 0, "leg_motion_stats": {"FR": {"joints": {"haa": {"target": {"min": -0.13124999403953552, "max": -0.06875000149011612, "rms": 0.08278130613713698, "range": 0.0624999925494194, "motion_rms": 0.023277653372532126}, "actual": {"min": -0.41150757670402527, "max": 0.03228277713060379, "rms": 0.15099087548241621, "range": 0.44379035383462906, "motion_rms": 0.08653622640604633}, "raw_action": {"min": -7.180353164672852, "max": 15.200594902038574, "rms": 5.852574347295822, "range": 22.380948066711426, "motion_rms": 3.8750177660882095}, "applied_action": {"min": -0.25, "max": 0.25, "rms": 0.24845323773704736, "range": 0.5, "motion_rms": 0.18622124697671455}, "position_clip_count": 0, "torque_clip_count": 0}, "hip": {"target": {"min": -0.862500011920929, "max": -0.737500011920929, "rms": 0.7713389237760723, "range": 0.125, "motion_rms": 0.052240189825100175}, "actual": {"min": -0.8578523993492126, "max": -0.6177640557289124, "rms": 0.7534867695710359, "range": 0.2400883436203003, "motion_rms": 0.053241282291314584}, "raw_action": {"min": -5.876528263092041, "max": 9.890429496765137, "rms": 3.4324429686138047, "range": 15.766957759857178, "motion_rms": 2.955607385953648}, "applied_action": {"min": -0.25, "max": 0.25, "rms": 0.24183144438064208, "range": 0.5, "motion_rms": 0.20896076124618695}, "position_clip_count": 0, "torque_clip_count": 0}, "knee": {"target": {"min": 1.5575000047683716, "max": 1.6825000047683716, "rms": 1.6692867109624931, "range": 0.125, "motion_rms": 0.036633448546275656}, "actual": {"min": 1.6691683530807495, "max": 2.0186004638671875, "rms": 1.79939362650405, "range": 0.349432110786438, "motion_rms": 0.10184997944498737}, "raw_action": {"min": -1.5543208122253418, "max": 13.306342124938965, "rms": 4.109779349730735, "range": 14.860662937164307, "motion_rms": 2.75915943068398}, "applied_action": {"min": -0.25, "max": 0.25, "rms": 0.2443512933820423, "range": 0.5, "motion_rms": 0.14653380326751284}, "position_clip_count": 0, "torque_clip_count": 0}}, "target_range_min": 0.0624999925494194, "actual_range_min": 0.2400883436203003, "actual_motion_rms_min": 0.053241282291314584}, "FL": {"joints": {"haa": {"target": {"min": 0.06875000149011612, "max": 0.13124999403953552, "rms": 0.08309959393614094, "range": 0.0624999925494194, "motion_rms": 0.02340111261721517}, "actual": {"min": -0.10327299684286118, "max": 0.5461061000823975, "rms": 0.21578852862239303, "range": 0.6493790969252586, "motion_rms": 0.139442694912055}, "raw_action": {"min": -17.592227935791016, "max": 13.604182243347168, "rms": 6.634761488065439, "range": 31.196410179138184, "motion_rms": 5.590812614482868}, "applied_action": {"min": -0.25, "max": 0.25, "rms": 0.24764055243807123, "range": 0.5, "motion_rms": 0.1872089216053667}, "position_clip_count": 0, "torque_clip_count": 0}, "hip": {"target": {"min": -0.862500011920929, "max": 0.008843094110488892, "rms": 0.7598133247939337, "range": 0.8713431060314178, "motion_rms": 0.10179084637016324}, "actual": {"min": -0.8498308062553406, "max": -0.37780141830444336, "rms": 0.7136380718509326, "range": 0.4720293879508972, "motion_rms": 0.07941214224906991}, "raw_action": {"min": -4.046128749847412, "max": 6.529772758483887, "rms": 2.494827531703375, "range": 10.575901508331299, "motion_rms": 2.0365961305223186}, "applied_action": {"min": -0.25, "max": 0.25, "rms": 0.24573487426558716, "range": 0.5, "motion_rms": 0.20486462798621152}, "position_clip_count": 0, "torque_clip_count": 2}, "knee": {"target": {"min": 1.5575000047683716, "max": 1.6825000047683716, "rms": 1.5971437022270634, "range": 0.125, "motion_rms": 0.05580941370471064}, "actual": {"min": 1.5569509267807007, "max": 1.9963274002075195, "rms": 1.770360332498005, "range": 0.43937647342681885, "motion_rms": 0.10911773169498552}, "raw_action": {"min": -12.724926948547363, "max": 5.007065296173096, "rms": 3.794606763265464, "range": 17.73199224472046, "motion_rms": 3.3696035272031333}, "applied_action": {"min": -0.25, "max": 0.25, "rms": 0.24273902491895247, "range": 0.5, "motion_rms": 0.22323765224085718}, "position_clip_count": 0, "torque_clip_count": 0}}, "target_range_min": 0.0624999925494194, "actual_range_min": 0.43937647342681885, "actual_motion_rms_min": 0.07941214224906991}, "RR": {"joints": {"haa": {"target": {"min": -0.8143035173416138, "max": 0.6896135807037354, "rms": 0.2749194462144174, "range": 1.5039170980453491, "motion_rms": 0.2542999975271163}, "actual": {"min": -0.4768725037574768, "max": 0.15946342051029205, "rms": 0.20577356146463238, "range": 0.6363359242677689, "motion_rms": 0.14289737317565182}, "raw_action": {"min": -12.058173179626465, "max": 10.265536308288574, "rms": 5.746112431114565, "range": 22.32370948791504, "motion_rms": 4.489937225736629}, "applied_action": {"min": -0.25, "max": 0.25, "rms": 0.2474488177932149, "range": 0.5, "motion_rms": 0.19375493592222306}, "position_clip_count": 0, "torque_clip_count": 21}, "hip": {"target": {"min": -1.3835787773132324, "max": 0.6890453100204468, "rms": 0.8451610694269881, "range": 2.072624087333679, "motion_rms": 0.24948895645566416}, "actual": {"min": -1.0989012718200684, "max": 0.3631747364997864, "rms": 0.8121471462210387, "range": 1.4620760083198547, "motion_rms": 0.22504534282258448}, "raw_action": {"min": -18.16240882873535, "max": 5.870053291320801, "rms": 5.296844293197606, "range": 24.032462120056152, "motion_rms": 4.706550262766937}, "applied_action": {"min": -0.25, "max": 0.25, "rms": 0.244925349963744, "range": 0.5, "motion_rms": 0.2224714376650919}, "position_clip_count": 0, "torque_clip_count": 12}, "knee": {"target": {"min": 1.5575000047683716, "max": 1.6825000047683716, "rms": 1.5946316097440107, "range": 0.125, "motion_rms": 0.05615984380582523}, "actual": {"min": 1.5294058322906494, "max": 1.9767695665359497, "rms": 1.7392957102192712, "range": 0.4473637342453003, "motion_rms": 0.13126754387473177}, "raw_action": {"min": -13.652376174926758, "max": 14.372203826904297, "rms": 5.222119912873533, "range": 28.024580001831055, "motion_rms": 4.760346771104317}, "applied_action": {"min": -0.25, "max": 0.25, "rms": 0.24815003013445797, "range": 0.5, "motion_rms": 0.22463937711831616}, "position_clip_count": 0, "torque_clip_count": 0}}, "target_range_min": 0.125, "actual_range_min": 0.4473637342453003, "actual_motion_rms_min": 0.13126754387473177}, "RL": {"joints": {"haa": {"target": {"min": -1.5, "max": 1.5, "rms": 1.007174271325108, "range": 3.0, "motion_rms": 1.0041597188981293}, "actual": {"min": -1.1197481155395508, "max": 1.0507256984710693, "rms": 0.42590992104125786, "range": 2.17047381401062, "motion_rms": 0.425664209700722}, "raw_action": {"min": -15.267146110534668, "max": 10.163053512573242, "rms": 5.419535931148196, "range": 25.43019962310791, "motion_rms": 5.123174681527036}, "applied_action": {"min": -0.25, "max": 0.25, "rms": 0.24775697654193496, "range": 0.5, "motion_rms": 0.24431345502582516}, "position_clip_count": 0, "torque_clip_count": 56}, "hip": {"target": {"min": -3.954676628112793, "max": 1.5013465881347656, "rms": 1.139538113639791, "range": 5.456023216247559, "motion_rms": 0.7647934086840359}, "actual": {"min": -1.5672073364257812, "max": 1.1427240371704102, "rms": 0.8578694639011011, "range": 2.7099313735961914, "motion_rms": 0.4340265282825113}, "raw_action": {"min": -18.96600341796875, "max": 0.7648801803588867, "rms": 5.302538891029285, "range": 19.730883598327637, "motion_rms": 3.5020324316323426}, "applied_action": {"min": -0.25, "max": 0.25, "rms": 0.24865372375640285, "range": 0.5, "motion_rms": 0.06701515644104704}, "position_clip_count": 0, "torque_clip_count": 37}, "knee": {"target": {"min": -2.700000047683716, "max": 2.700000047683716, "rms": 1.8001799871810085, "range": 5.400000095367432, "motion_rms": 0.8256381913411207}, "actual": {"min": 1.3248990774154663, "max": 2.58217716217041, "rms": 1.8563796262598304, "range": 1.2572780847549438, "motion_rms": 0.24979173942049315}, "raw_action": {"min": -5.2622551918029785, "max": 22.87285614013672, "rms": 6.001722817421111, "range": 28.135111331939697, "motion_rms": 5.295838503088825}, "applied_action": {"min": -0.25, "max": 0.25, "rms": 0.24369974386880056, "range": 0.5, "motion_rms": 0.23004606418696893}, "position_clip_count": 0, "torque_clip_count": 39}}, "target_range_min": 3.0, "actual_range_min": 1.2572780847549438, "actual_motion_rms_min": 0.24979173942049315}, "_gate": {"front_target_range_min": 0.0624999925494194, "front_actual_range_min": 0.2400883436203003, "front_target_threshold_rad": 0.04, "front_actual_threshold_rad": 0.05, "ok": true}}, "scenario_mean_body_velocity": [-0.23285715392713124, -0.17005338309293924], "scenario_mean_body_yaw_rate": 0.7707667659750829}
[STAGE] event_loop_done
