[3gH    H    H    H    H    H    H    H    H    H    H    H    H    H    H    H    H    H    H    H   [INFO] Using python from: /home/pma213x/.venvs/minicheetah-isaaclab/bin/python
[INFO][AppLauncher]: Loading experience file: /home/pma213x/IsaacLab/apps/isaaclab.python.headless.rendering.kit
[Warning] [simulation_app.simulation_app] Modules: ['omni.kit_app'] were loaded before SimulationApp was started and might not be loaded correctly.
[Warning] [simulation_app.simulation_app] Please check to make sure no extra omniverse or pxr modules are imported before the call to SimulationApp(...)
Loading user config located at: '/home/pma213x/.venvs/minicheetah-isaaclab/lib/python3.10/site-packages/omni/data/Kit/Isaac-Sim/4.5/user.config.json'
[Info] [carb] Logging to file: /home/pma213x/.venvs/minicheetah-isaaclab/lib/python3.10/site-packages/omni/logs/Kit/Isaac-Sim/4.5/kit_20261008_231708.log
2026-10-08 15:17:08 [0ms] [Warning] [omni.kit.app.plugin] No crash reporter present, dumps uploading isn't available.
2026-10-08 15:17:08 [154ms] [Warning] [omni.datastore] OmniHub is inaccessible
2026-10-08 15:17:08 [183ms] [Warning] [carb.windowing-glfw.gamepad] Joystick with unknown remapping detected (will be ignored):  HUION 256C PEN STYLUS [030000006c250000edee000001000000]
2026-10-08 15:17:08 [398ms] [Warning] [gpu.foundation.plugin] Skipping unsupported non-NVIDIA GPU: Intel(R) UHD Graphics (ADL-S GT0.5)
2026-10-08 15:17:08 [398ms] [Warning] [gpu.foundation.plugin] Skipping unsupported non-NVIDIA GPU: Intel(R) UHD Graphics (ADL-S GT0.5)

|---------------------------------------------------------------------------------------------|
| Driver Version: 580.178.04    | Graphics API: Vulkan
|=============================================================================================|
| GPU | Name                             | Active | LDA | GPU Memory | Vendor-ID | LUID       |
|     |                                  |        |     |            | Device-ID | UUID       |
|     |                                  |        |     |            | Bus-ID    |            |
|---------------------------------------------------------------------------------------------|
| 0   | NVIDIA GeForce RTX 4060 Laptop.. | Yes: 0 |     | 8188    MB | 10de      | 0          |
|     |                                  |        |     |            | 28e0      | 4d090564.. |
|     |                                  |        |     |            | 1         |            |
|---------------------------------------------------------------------------------------------|
| 1   | Intel(R) UHD Graphics (ADL-S G.. |        |     | 11374   MB | 8086      | 0          |
|     |                                  |        |     |            | 468b      | 86808b46.. |
|     |                                  |        |     |            | 0         |            |
|=============================================================================================|
| OS: 26.04.1 LTS (Resolute Raccoon) ubuntu, Version: 26.04.1, Kernel: 7.0.0-34-generic
| XServer Vendor: The X.Org Foundation, XServer Version: 12401010 (1.24.1.10)
| Processor: 13th Gen Intel(R) Core(TM) i5-13500HX
| Bare Metal Cores: 14 | Bare Metal Logical Cores: 28
| Available Cores:  20 
|---------------------------------------------------------------------------------------------|
| Total Memory (MB): 15166 | Free Memory: 5856
| Total Page/Swap (MB): 20479 | Free Page/Swap: 14521
|---------------------------------------------------------------------------------------------|
2026-10-08 15:17:09 [769ms] [Warning] [gpu.foundation.plugin] IOMMU is enabled.
2026-10-08 15:17:09 [769ms] [Warning] [gpu.foundation.plugin] Detected IOMMU is enabled. Running CUDA peer-to-peer bandwidth and latency validation.
Unidirectional P2P=Enabled Bandwidth (P2P Writes) Matrix (GB/s)
   D\D     0 
     0 179.83 
P2P=Enabled Latency (P2P Writes) Matrix (us)
   GPU     0 
     0   1.42 

   CPU     0 
     0   2.22 
2026-10-08 15:17:10 [1,669ms] [Warning] [omni.isaac.dynamic_control] omni.isaac.dynamic_control is deprecated as of Isaac Sim 4.5. No action is needed from end-users.
2026-10-08 15:17:10 [2,193ms] [Warning] [omni.log] Source: omni.hydra was already registered.
2026-10-08 15:17:11 [2,987ms] [Warning] [omni.replicator.core.scripts.extension] No material configuration file, adding configuration to material settings directly.
Gym has been unmaintained since 2022 and does not support NumPy 2.0 amongst other critical functionality.
Please upgrade to Gymnasium, the maintained drop-in replacement of Gym, or contact the authors of your software and request that they upgrade.
See the migration guide at https://gymnasium.farama.org/introduction/migration_guide/ for additional information.
2026-10-08 15:17:13 [4,546ms] [Warning] [omni.usd-abi.plugin] No setting was found for '/rtx-defaults/ambientOcclusion/enabled'
2026-10-08 15:17:13 [4,546ms] [Warning] [omni.usd-abi.plugin] No setting was found for '/rtx-defaults/directLighting/sampledLighting/enabled'
2026-10-08 15:17:13 [4,546ms] [Warning] [omni.usd-abi.plugin] No setting was found for '/rtx-defaults/indirectDiffuse/enabled'
2026-10-08 15:17:13 [4,547ms] [Warning] [omni.usd-abi.plugin] No setting was found for '/rtx-defaults/raytracing/cached/enabled'
2026-10-08 15:17:13 [4,547ms] [Warning] [omni.usd-abi.plugin] No setting was found for '/rtx-defaults/reflections/enabled'
2026-10-08 15:17:13 [4,547ms] [Warning] [omni.usd-abi.plugin] No setting was found for '/rtx-defaults/sceneDb/ambientLightIntensity'
2026-10-08 15:17:13 [4,547ms] [Warning] [omni.usd-abi.plugin] No setting was found for '/rtx-defaults/translucency/enabled'
2026-10-08 15:17:13 [4,547ms] [Warning] [omni.usd-abi.plugin] No setting was found for '/rtx-defaults/viewTile/limit'
2026-10-08 15:17:13 [4,671ms] [Warning] [rtx.scenedb.plugin] SceneDbContext : TLAS limit buffer size 2908577024
2026-10-08 15:17:13 [4,671ms] [Warning] [rtx.scenedb.plugin] SceneDbContext : TLAS limit : valid true, within: false
2026-10-08 15:17:13 [4,794ms] [Warning] [omni.usd-abi.plugin] No setting was found for '/rtx-defaults/directLighting/sampledLighting/samplesPerPixel'
2026-10-08 15:17:13 [4,794ms] [Warning] [omni.usd-abi.plugin] No setting was found for '/rtx-defaults/pathtracing/maxSamplesPerLaunch'
2026-10-08 15:17:13 [4,795ms] [Warning] [omni.usd-abi.plugin] No setting was found for '/rtx-defaults-transient/meshlights/forceDisable'
2026-10-08 15:17:13 [4,847ms] [Warning] [omni.usd-abi.plugin] No setting was found for '/rtx-defaults/post/dlss/execMode'
[STAGE] config_start
[INFO]: Parsing configuration from: training.envs.velocity_flat_env_cfg:YoboGoVelocityFlatEnvCfg
[STAGE] config_done
[STAGE] environment_create_start
Setting seed: 0
[INFO]: Base environment:
	Environment device    : cuda:0
	Environment seed      : 0
	Physics step-size     : 0.0004
	Rendering step-size   : 0.002
	Environment step-size : 0.002
2026-10-08 15:17:16 [8,269ms] [Warning] [isaaclab.terrains.terrain_importer] Visual material specified for ground plane but no diffuse color found. Using default color: (0.0, 0.0, 0.0)
[INFO]: Time taken for scene creation : 2.349203 seconds
[INFO]: Scene manager:  <class InteractiveScene>
	Number of environments: 1
	Environment spacing   : 2.5
	Source prim name      : /World/envs/env_0
	Global prim paths     : ['/World/ground']
	Replicate physics     : True
[INFO]: Starting the simulation. This may take a few seconds. Please wait...
[INFO]: Time taken for simulation start : 1.056010 seconds
[INFO] Command Manager:  <CommandManager> contains 1 active terms.
+------------------------------------------------+
|              Active Command Terms              |
+-------+---------------+------------------------+
| Index | Name          |          Type          |
+-------+---------------+------------------------+
|   0   | base_velocity | UniformVelocityCommand |
+-------+---------------+------------------------+

[INFO] Recorder Manager:  <RecorderManager> contains 0 active terms.
+---------------------+
| Active Recorder Terms |
+-----------+---------+
|   Index   | Name    |
+-----------+---------+
+-----------+---------+

[INFO] Action Manager:  <ActionManager> contains 1 active terms.
+------------------------------------+
|  Active Action Terms (shape: 12)   |
+--------+-------------+-------------+
| Index  | Name        |   Dimension |
+--------+-------------+-------------+
|   0    | joint_pos   |          12 |
+--------+-------------+-------------+

[INFO] Observation Manager: <ObservationManager> contains 1 groups.
+---------------------------------------------------------+
| Active Observation Terms in Group: 'policy' (shape: (48,)) |
+-----------+---------------------------------+-----------+
|   Index   | Name                            |   Shape   |
+-----------+---------------------------------+-----------+
|     0     | base_lin_vel                    |    (3,)   |
|     1     | base_ang_vel                    |    (3,)   |
|     2     | projected_gravity               |    (3,)   |
|     3     | velocity_commands               |    (3,)   |
|     4     | joint_pos                       |   (12,)   |
|     5     | joint_vel                       |   (12,)   |
|     6     | actions                         |   (12,)   |
+-----------+---------------------------------+-----------+

[INFO] Event Manager:  <EventManager> contains 3 active terms.
+--------------------------------------+
| Active Event Terms in Mode: 'startup' |
+----------+---------------------------+
|  Index   | Name                      |
+----------+---------------------------+
|    0     | physics_material          |
+----------+---------------------------+
+---------------------------------------+
|  Active Event Terms in Mode: 'reset'  |
+--------+------------------------------+
| Index  | Name                         |
+--------+------------------------------+
|   0    | base_external_force_torque   |
|   1    | reset_base                   |
|   2    | reset_robot_joints           |
+--------+------------------------------+
+----------------------------------------------+
|    Active Event Terms in Mode: 'interval'    |
+-------+------------+-------------------------+
| Index | Name       | Interval time range (s) |
+-------+------------+-------------------------+
|   0   | push_robot |       (10.0, 15.0)      |
+-------+------------+-------------------------+

[INFO] Termination Manager:  <TerminationManager> contains 2 active terms.
+---------------------------------+
|     Active Termination Terms    |
+-------+--------------+----------+
| Index | Name         | Time Out |
+-------+--------------+----------+
|   0   | time_out     |   True   |
|   1   | base_contact |  False   |
+-------+--------------+----------+

[INFO] Reward Manager:  <RewardManager> contains 11 active terms.
+-----------------------------------------+
|           Active Reward Terms           |
+-------+----------------------+----------+
| Index | Name                 |   Weight |
+-------+----------------------+----------+
|   0   | track_lin_vel_xy_exp |      1.0 |
|   1   | track_ang_vel_z_exp  |      0.5 |
|   2   | lin_vel_z_l2         |     -2.0 |
|   3   | ang_vel_xy_l2        |    -0.05 |
|   4   | dof_torques_l2       | -2.5e-05 |
|   5   | dof_acc_l2           | -2.5e-07 |
|   6   | action_rate_l2       |    -0.01 |
|   7   | feet_air_time        |      0.5 |
|   8   | undesired_contacts   |     -1.0 |
|   9   | flat_orientation_l2  |     -5.0 |
|   10  | dof_pos_limits       |      0.0 |
+-------+----------------------+----------+

[INFO] Curriculum Manager:  <CurriculumManager> contains 0 active terms.
+----------------------+
| Active Curriculum Terms |
+-----------+----------+
|   Index   | Name     |
+-----------+----------+
+-----------+----------+

[INFO]: Completed setting up the environment...
[STAGE] environment_create_done
[STAGE] policy_adapter_setup_start
Setting seed: 0
[STAGE] policy_adapter_setup_done
2026-10-08 15:17:22 [14,043ms] [Warning] [omni.hydra.scene_delegate.plugin] Calling getBypassRenderSkelMeshProcessing for prim /World/envs/env_0/Robot/leg1_foot_link/visuals.proto_sphere_id0 that has not been populated
2026-10-08 15:17:22 [14,366ms] [Warning] [rtx.postprocessing.plugin] DLSS increasing input dimensions: Render resolution of (480, 270) is below minimal input resolution of 300.
2026-10-08 15:17:22 [14,392ms] [Warning] [omni.syntheticdata.plugin] OgnSdPostRenderVarToHost : rendervar copy from texture directly to host buffer is counter-performant. Please use copy from texture to device buffer first.
[INFO] task=YoboGo-Velocity-Flat-v0
[INFO] weights_adaptation=/run/media/pma213x/0C6A8CC86A8CAFCE/Ubuntu2/CodeU/Dog1/mini-cheetah-isaaclab/external_models/rapid-locomotion-rl/runs/rapid-locomotion/example/train/201852.132488/checkpoints/adaptation_module_latest.jit
[INFO] weights_body=/run/media/pma213x/0C6A8CC86A8CAFCE/Ubuntu2/CodeU/Dog1/mini-cheetah-isaaclab/external_models/rapid-locomotion-rl/runs/rapid-locomotion/example/train/201852.132488/checkpoints/body_latest.jit
[INFO] yobogo_observation_dim=48 rapid_observation_dim=42
[INFO] history_dim=630 action_dim=12
[INFO] inference_period=10 control_period_s=0.002 inference_hz=50
[INFO] rapid_replay_actuator_kp=20 kd=0.5 effort=18/18/26
[INFO] scenario=forward rapid_command_requested=[0.6, 0.0, 0.0] settle_steps=200 motion_steps=600
[INFO] model_dummy_action_shape=(1, 12)
[INFO] model_dummy_latent_shape=(1, 18)
[STAGE] event_loop_start
[STAGE] first_step_done
[DIAG_INFER] step=201 policy_action_max=2.217105 applied_action_max=0.250000 obs_max=0.994651 history_nonzero_rows=0 position_clip=0 torque_clip=0 action=[0.9179446697235107, 0.8006842136383057, 0.9147024154663086, -1.0003982782363892, 0.5962352156639099, 0.632395327091217, -0.2734752893447876, -2.2171053886413574, 1.115838885307312, -1.0403461456298828, -0.7805192470550537, -0.1042473316192627]
[DIAG_TARGET] step=201 target_error=0.000000000 default=[0.0, -0.7853981852531433, 1.8654682636260986, 0.0, -0.7853981852531433, 1.8654682636260986, 0.0, -0.7853981852531433, 1.8654682636260986, 0.0, -0.7853981852531433, 1.8654682636260986] desired=[-0.06875000149011612, -0.737500011920929, 1.6825000047683716, 0.06875000149011612, -0.737500011920929, 1.6825000047683716, -0.13124999403953552, -0.862500011920929, 1.6825000047683716, 0.06875000149011612, -0.862500011920929, 1.5939381122589111] applied=[-0.06875000149011612, -0.737500011920929, 1.6825000047683716, 0.06875000149011612, -0.737500011920929, 1.6825000047683716, -0.13124999403953552, -0.862500011920929, 1.6825000047683716, 0.06875000149011612, -0.862500011920929, 1.5939381122589111] current=[-0.002419291762635112, -0.6918347477912903, 1.9583585262298584, 0.004325985908508301, -0.6998701691627502, 1.9499608278274536, -0.002115907846018672, -0.7055496573448181, 2.180588483810425, 0.0040992246940732, -0.7093290090560913, 2.170767307281494]
[DIAG_INFER] step=211 policy_action_max=5.828729 applied_action_max=0.250000 obs_max=2.217105 history_nonzero_rows=1 position_clip=0 torque_clip=1 action=[5.828728675842285, 0.4236871302127838, 3.1099655628204346, 0.013766137883067131, 0.6405746936798096, -0.12342537194490433, -4.465126037597656, -0.8584916591644287, -4.202459335327148, -4.857149600982666, -3.046370267868042, 3.377094030380249]
[DIAG_TARGET] step=211 target_error=0.000000000 default=[0.0, -0.7853981852531433, 1.8654682636260986, 0.0, -0.7853981852531433, 1.8654682636260986, 0.0, -0.7853981852531433, 1.8654682636260986, 0.0, -0.7853981852531433, 1.8654682636260986] desired=[-0.06875000149011612, -0.737500011920929, 1.6825000047683716, 0.10172076523303986, -0.737500011920929, 1.5891436338424683, -0.13124999403953552, -0.862500011920929, 1.5575000047683716, 0.06875000149011612, -0.3009730577468872, 1.6825000047683716] applied=[-0.06875000149011612, -0.737500011920929, 1.6825000047683716, 0.10172076523303986, -0.737500011920929, 1.5891436338424683, -0.13124999403953552, -0.862500011920929, 1.5575000047683716, 0.06875000149011612, -0.3009730577468872, 1.6825000047683716] current=[-0.012115412391722202, -0.666901171207428, 1.9406558275222778, -0.005375225562602282, -0.6729523539543152, 1.930044174194336, -0.009709049947559834, -0.6806816458702087, 2.186361789703369, -0.0023902063257992268, -0.6802595853805542, 2.1713266372680664]
[DIAG_INFER] step=221 policy_action_max=6.387746 applied_action_max=0.250000 obs_max=5.828729 history_nonzero_rows=2 position_clip=0 torque_clip=2 action=[6.387746334075928, -0.5955272912979126, 2.7782444953918457, 0.1266895830631256, 0.7530899047851562, 1.4276045560836792, -4.164217472076416, 2.7038328647613525, -4.306085586547852, -5.2342848777771, -2.691246509552002, 3.4542648792266846]
[DIAG_TARGET] step=221 target_error=0.000000000 default=[0.0, -0.7853981852531433, 1.8654682636260986, 0.0, -0.7853981852531433, 1.8654682636260986, 0.0, -0.7853981852531433, 1.8654682636260986, 0.0, -0.7853981852531433, 1.8654682636260986] desired=[-0.06875000149011612, -0.862500011920929, 1.6825000047683716, 0.11583620309829712, -0.737500011920929, 1.6825000047683716, -0.13124999403953552, -0.737500011920929, 1.5575000047683716, 0.06875000149011612, 0.5483646988868713, 0.78696608543396] applied=[-0.06875000149011612, -0.862500011920929, 1.6825000047683716, 0.11583620309829712, -0.737500011920929, 1.6825000047683716, -0.13124999403953552, -0.737500011920929, 1.5575000047683716, 0.06875000149011612, 0.5483646988868713, 0.78696608543396] current=[-0.026817219331860542, -0.6298710703849792, 1.9036383628845215, -0.019773641601204872, -0.6314820647239685, 1.8874092102050781, -0.020485078915953636, -0.6434398889541626, 2.162581205368042, 0.00979327317327261, -0.5834102630615234, 2.103093385696411]
[DIAG_INFER] step=231 policy_action_max=5.476464 applied_action_max=0.250000 obs_max=6.387746 history_nonzero_rows=3 position_clip=0 torque_clip=2 action=[3.8317410945892334, -1.367808222770691, 2.5567891597747803, 0.10641546547412872, 0.13576649129390717, 0.5626684427261353, -3.2598273754119873, -1.1475768089294434, -1.4381217956542969, -5.47646427154541, -3.1256208419799805, 0.6576656103134155]
[DIAG_TARGET] step=231 target_error=0.000000000 default=[0.0, -0.7853981852531433, 1.8654682636260986, 0.0, -0.7853981852531433, 1.8654682636260986, 0.0, -0.7853981852531433, 1.8654682636260986, 0.0, -0.7853981852531433, 1.8654682636260986] desired=[-0.06875000149011612, -0.862500011920929, 1.6825000047683716, 0.11330193281173706, -0.7660583853721619, 1.6825000047683716, -0.13124999403953552, -0.4604600667953491, 1.5575000047683716, -1.0948529243469238, -0.862500011920929, 1.6825000047683716] applied=[-0.06875000149011612, -0.862500011920929, 1.6825000047683716, 0.11330193281173706, -0.7660583853721619, 1.6825000047683716, -0.13124999403953552, -0.4604600667953491, 1.5575000047683716, -1.0948529243469238, -0.862500011920929, 1.6825000047683716] current=[-0.07297300547361374, -0.6241716146469116, 1.8856375217437744, -0.014320074580609798, -0.6003856658935547, 1.8259562253952026, -0.04548276588320732, -0.5765929222106934, 2.085437536239624, 0.06554123014211655, -0.20893177390098572, 1.7568010091781616]
[DIAG_INFER] step=241 policy_action_max=3.353595 applied_action_max=0.250000 obs_max=5.476464 history_nonzero_rows=4 position_clip=0 torque_clip=1 action=[3.35359525680542, -1.8149019479751587, 1.2662458419799805, -3.0108346939086914, 2.0499112606048584, 0.5691784620285034, -1.1143953800201416, -0.6690982580184937, 0.3379928469657898, -2.3764572143554688, -2.4178590774536133, 0.30392003059387207]
[DIAG_TARGET] step=241 target_error=0.000000000 default=[0.0, -0.7853981852531433, 1.8654682636260986, 0.0, -0.7853981852531433, 1.8654682636260986, 0.0, -0.7853981852531433, 1.8654682636260986, 0.0, -0.7853981852531433, 1.8654682636260986] desired=[-0.06875000149011612, -0.862500011920929, 1.6825000047683716, 0.06875000149011612, -0.737500011920929, 1.6825000047683716, -0.13124999403953552, -0.862500011920929, 1.6825000047683716, -0.37038058042526245, -0.862500011920929, 1.6825000047683716] applied=[-0.06875000149011612, -0.862500011920929, 1.6825000047683716, 0.06875000149011612, -0.737500011920929, 1.6825000047683716, -0.13124999403953552, -0.862500011920929, 1.6825000047683716, -0.37038058042526245, -0.862500011920929, 1.6825000047683716] current=[-0.13908366858959198, -0.6358076930046082, 1.8980680704116821, 0.005532559938728809, -0.6546725034713745, 1.7510900497436523, -0.14336645603179932, -0.49905362725257874, 1.9955050945281982, -0.3729080259799957, -0.26482561230659485, 1.8035330772399902]
[DIAG_INFER] step=251 policy_action_max=3.901369 applied_action_max=0.250000 obs_max=3.353595 history_nonzero_rows=5 position_clip=0 torque_clip=2 action=[3.3158416748046875, 3.052117347717285, 3.006356954574585, 0.7287636995315552, -1.1181044578552246, -3.698230028152466, -1.08274507522583, 0.10694486647844315, 0.4389943480491638, 0.5728793740272522, -3.901369094848633, 2.401841640472412]
[DIAG_TARGET] step=251 target_error=0.000000000 default=[0.0, -0.7853981852531433, 1.8654682636260986, 0.0, -0.7853981852531433, 1.8654682636260986, 0.0, -0.7853981852531433, 1.8654682636260986, 0.0, -0.7853981852531433, 1.8654682636260986] desired=[-0.06875000149011612, -0.737500011920929, 1.6825000047683716, 0.13124999403953552, -0.862500011920929, 1.5575000047683716, -0.13124999403953552, -0.7732638120651245, 1.6825000047683716, 0.33728450536727905, -1.404301643371582, 1.6825000047683716] applied=[-0.06875000149011612, -0.737500011920929, 1.6825000047683716, 0.13124999403953552, -0.862500011920929, 1.5575000047683716, -0.13124999403953552, -0.7732638120651245, 1.6825000047683716, 0.33728450536727905, -1.404301643371582, 1.6825000047683716] current=[-0.10549946129322052, -0.656956672668457, 1.8812576532363892, 0.10243199020624161, -0.7285117506980896, 1.706583857536316, -0.14199084043502808, -0.5254791378974915, 1.9541635513305664, -0.4728030562400818, -0.4423302114009857, 1.8851865530014038]
[DIAG_INFER] step=261 policy_action_max=5.314016 applied_action_max=0.250000 obs_max=3.901369 history_nonzero_rows=6 position_clip=0 torque_clip=2 action=[3.7361912727355957, 1.3748931884765625, 2.941817045211792, 0.2535664141178131, 0.23577730357646942, -1.6707440614700317, -3.9607717990875244, 1.3145766258239746, -1.1788922548294067, 1.9277950525283813, -5.314016342163086, 2.4445066452026367]
[DIAG_TARGET] step=261 target_error=0.000000000 default=[0.0, -0.7853981852531433, 1.8654682636260986, 0.0, -0.7853981852531433, 1.8654682636260986, 0.0, -0.7853981852531433, 1.8654682636260986, 0.0, -0.7853981852531433, 1.8654682636260986] desired=[-0.06875000149011612, -0.737500011920929, 1.6825000047683716, 0.13124999403953552, -0.7410556674003601, 1.5575000047683716, -0.13124999403953552, -0.737500011920929, 1.5575000047683716, 0.5133679509162903, -0.862500011920929, -0.3268449306488037] applied=[-0.06875000149011612, -0.737500011920929, 1.6825000047683716, 0.13124999403953552, -0.7410556674003601, 1.5575000047683716, -0.13124999403953552, -0.737500011920929, 1.5575000047683716, 0.5133679509162903, -0.862500011920929, -0.3268449306488037] current=[-0.05212728679180145, -0.6590125560760498, 1.8172463178634644, 0.1695457249879837, -0.7930476069450378, 1.6621060371398926, -0.10212719440460205, -0.5656656622886658, 1.9103435277938843, -0.17481422424316406, -0.7096561789512634, 1.973541259765625]
[DIAG_INFER] step=271 policy_action_max=3.794489 applied_action_max=0.250000 obs_max=5.314016 history_nonzero_rows=7 position_clip=0 torque_clip=2 action=[2.9729394912719727, 0.7941734790802002, 2.3544771671295166, -0.08551368117332458, -0.6062559485435486, -1.76213538646698, -3.702019691467285, -1.1271133422851562, -0.779179573059082, -0.04038488119840622, -3.7944893836975098, 0.8637983798980713]
[DIAG_TARGET] step=271 target_error=0.000000000 default=[0.0, -0.7853981852531433, 1.8654682636260986, 0.0, -0.7853981852531433, 1.8654682636260986, 0.0, -0.7853981852531433, 1.8654682636260986, 0.0, -0.7853981852531433, 1.8654682636260986] desired=[-0.06875000149011612, -0.737500011920929, 1.6825000047683716, 0.08931079506874084, -0.862500011920929, 1.5575000047683716, -0.13124999403953552, -0.862500011920929, 1.5575000047683716, 0.09495189040899277, -0.9575186967849731, 0.4396083354949951] applied=[-0.06875000149011612, -0.737500011920929, 1.6825000047683716, 0.08931079506874084, -0.862500011920929, 1.5575000047683716, -0.13124999403953552, -0.862500011920929, 1.5575000047683716, 0.09495189040899277, -0.9575186967849731, 0.4396083354949951] current=[-0.056604959070682526, -0.6728553175926208, 1.7576273679733276, 0.17418579757213593, -0.7502080202102661, 1.6334419250488281, -0.0784965381026268, -0.5516278147697449, 1.8362382650375366, -0.032228466123342514, -0.6465458869934082, 1.8650745153427124]
[DIAG_INFER] step=281 policy_action_max=3.456904 applied_action_max=0.250000 obs_max=3.794489 history_nonzero_rows=8 position_clip=0 torque_clip=1 action=[2.5649285316467285, 0.6393488645553589, 1.8257114887237549, 0.383893758058548, -0.0022753626108169556, -1.9966408014297485, -2.933340072631836, -0.9304303526878357, -1.134294033050537, -1.304160714149475, -3.456904172897339, 0.19990085065364838]
[DIAG_TARGET] step=281 target_error=0.000000000 default=[0.0, -0.7853981852531433, 1.8654682636260986, 0.0, -0.7853981852531433, 1.8654682636260986, 0.0, -0.7853981852531433, 1.8654682636260986, 0.0, -0.7853981852531433, 1.8654682636260986] desired=[-0.06875000149011612, -0.737500011920929, 1.6825000047683716, 0.13124999403953552, -0.8005688786506653, 1.5575000047683716, -0.13124999403953552, -0.862500011920929, 1.5575000047683716, 0.06875000149011612, -1.3319653272628784, 1.6699751615524292] applied=[-0.06875000149011612, -0.737500011920929, 1.6825000047683716, 0.13124999403953552, -0.8005688786506653, 1.5575000047683716, -0.13124999403953552, -0.862500011920929, 1.5575000047683716, 0.06875000149011612, -1.3319653272628784, 1.6699751615524292] current=[-0.07692069560289383, -0.7033507823944092, 1.7198011875152588, 0.10389873385429382, -0.7583171725273132, 1.6037447452545166, -0.09500635415315628, -0.5966116786003113, 1.778159260749817, -0.024919619783759117, -0.5536114573478699, 1.7277421951293945]
[DIAG_INFER] step=291 policy_action_max=3.954776 applied_action_max=0.250000 obs_max=3.456904 history_nonzero_rows=9 position_clip=0 torque_clip=1 action=[2.9632015228271484, 2.115061044692993, 1.3282270431518555, 0.42862668633461, 0.6175836324691772, -1.2822493314743042, -0.8827351927757263, 1.1609073877334595, 0.2493528127670288, 0.608910083770752, -3.9547762870788574, 1.2940737009048462]
[DIAG_TARGET] step=291 target_error=0.000000000 default=[0.0, -0.7853981852531433, 1.8654682636260986, 0.0, -0.7853981852531433, 1.8654682636260986, 0.0, -0.7853981852531433, 1.8654682636260986, 0.0, -0.7853981852531433, 1.8654682636260986] desired=[-0.06875000149011612, -0.737500011920929, 1.6825000047683716, 0.13124999403953552, -0.737500011920929, 1.5575000047683716, -0.13124999403953552, -0.737500011920929, 1.6823382377624512, 0.13124999403953552, -0.9021066427230835, 1.6825000047683716] applied=[-0.06875000149011612, -0.737500011920929, 1.6825000047683716, 0.13124999403953552, -0.737500011920929, 1.5575000047683716, -0.13124999403953552, -0.737500011920929, 1.6823382377624512, 0.13124999403953552, -0.9021066427230835, 1.6825000047683716] current=[-0.055767327547073364, -0.7295047640800476, 1.6959210634231567, 0.10387400537729263, -0.7923977971076965, 1.5736032724380493, -0.10940318554639816, -0.6799023747444153, 1.725287914276123, 0.012325622141361237, -0.8358898162841797, 1.7045984268188477]
[DIAG_INFER] step=301 policy_action_max=3.257982 applied_action_max=0.250000 obs_max=3.954776 history_nonzero_rows=10 position_clip=0 torque_clip=1 action=[3.194483757019043, 0.9558942317962646, 1.0485594272613525, 2.111865520477295, 1.1293848752975464, -0.20264685153961182, -2.77594256401062, -0.9923310279846191, -1.1056489944458008, -3.2579822540283203, -1.3111072778701782, 0.5348670482635498]
[DIAG_TARGET] step=301 target_error=0.000000000 default=[0.0, -0.7853981852531433, 1.8654682636260986, 0.0, -0.7853981852531433, 1.8654682636260986, 0.0, -0.7853981852531433, 1.8654682636260986, 0.0, -0.7853981852531433, 1.8654682636260986] desired=[-0.06875000149011612, -0.737500011920929, 1.6825000047683716, 0.13124999403953552, -0.737500011920929, 1.569338321685791, -0.13124999403953552, -0.862500011920929, 1.5575000047683716, 0.019533276557922363, -0.862500011920929, 1.6825000047683716] applied=[-0.06875000149011612, -0.737500011920929, 1.6825000047683716, 0.13124999403953552, -0.737500011920929, 1.569338321685791, -0.13124999403953552, -0.862500011920929, 1.5575000047683716, 0.019533276557922363, -0.862500011920929, 1.6825000047683716] current=[-0.0641246810555458, -0.7377835512161255, 1.687819004058838, 0.11904865503311157, -0.7774779200553894, 1.5616769790649414, -0.1260608732700348, -0.732943058013916, 1.6934196949005127, 0.08670254796743393, -0.9975047707557678, 1.6662802696228027]
[DIAG_INFER] step=311 policy_action_max=3.309884 applied_action_max=0.250000 obs_max=3.257982 history_nonzero_rows=11 position_clip=0 torque_clip=0 action=[3.3098840713500977, 1.5776561498641968, 0.6122639179229736, 1.4192835092544556, -0.3448740243911743, -1.1097990274429321, -1.284956693649292, -0.9466914534568787, -1.378365397453308, -2.735443592071533, -0.8622385263442993, 1.2837852239608765]
[DIAG_TARGET] step=311 target_error=0.000000000 default=[0.0, -0.7853981852531433, 1.8654682636260986, 0.0, -0.7853981852531433, 1.8654682636260986, 0.0, -0.7853981852531433, 1.8654682636260986, 0.0, -0.7853981852531433, 1.8654682636260986] desired=[-0.06875000149011612, -0.737500011920929, 1.6825000047683716, 0.13124999403953552, -0.862500011920929, 1.5575000047683716, -0.13124999403953552, -0.862500011920929, 1.5575000047683716, 0.06875000149011612, -0.862500011920929, 1.6825000047683716] applied=[-0.06875000149011612, -0.737500011920929, 1.6825000047683716, 0.13124999403953552, -0.862500011920929, 1.5575000047683716, -0.13124999403953552, -0.862500011920929, 1.5575000047683716, 0.06875000149011612, -0.862500011920929, 1.6825000047683716] current=[-0.0808638408780098, -0.7382202744483948, 1.6855515241622925, 0.11532954126596451, -0.7485870122909546, 1.5662983655929565, -0.1388203352689743, -0.7892059683799744, 1.6305724382400513, 0.07789387553930283, -0.9667049646377563, 1.6694597005844116]
[DIAG_INFER] step=321 policy_action_max=5.045269 applied_action_max=0.250000 obs_max=3.309884 history_nonzero_rows=12 position_clip=0 torque_clip=2 action=[2.490863084793091, 0.2519603371620178, 1.6800023317337036, -3.1594460010528564, 1.0033133029937744, 0.3848951458930969, -1.5399830341339111, -5.04526948928833, 2.034616708755493, -2.8290932178497314, -1.2254998683929443, -0.8135468363761902]
[DIAG_TARGET] step=321 target_error=0.000000000 default=[0.0, -0.7853981852531433, 1.8654682636260986, 0.0, -0.7853981852531433, 1.8654682636260986, 0.0, -0.7853981852531433, 1.8654682636260986, 0.0, -0.7853981852531433, 1.8654682636260986] desired=[-0.06875000149011612, -0.737500011920929, 1.6825000047683716, 0.06875000149011612, -0.737500011920929, 1.6825000047683716, -0.13124999403953552, -0.862500011920929, 1.6825000047683716, -0.2103392481803894, -0.862500011920929, 2.2370519638061523] applied=[-0.06875000149011612, -0.737500011920929, 1.6825000047683716, 0.06875000149011612, -0.737500011920929, 1.6825000047683716, -0.13124999403953552, -0.862500011920929, 1.6825000047683716, -0.2103392481803894, -0.862500011920929, 2.2370519638061523] current=[-0.09166636317968369, -0.7308201193809509, 1.7129408121109009, 0.12305480241775513, -0.7828385829925537, 1.569595217704773, -0.1355312317609787, -0.8301302790641785, 1.6093335151672363, 0.06445322930812836, -0.9057580828666687, 1.6951228380203247]
[DIAG_INFER] step=331 policy_action_max=11.077969 applied_action_max=0.250000 obs_max=5.045269 history_nonzero_rows=13 position_clip=0 torque_clip=2 action=[-0.4487072825431824, 2.643641710281372, 1.1115128993988037, -10.123449325561523, 1.8419092893600464, -0.008847452700138092, 3.471872091293335, -11.07796859741211, 7.097984313964844, -3.3196589946746826, -4.425204277038574, -2.280327081680298]
[DIAG_TARGET] step=331 target_error=0.000000000 default=[0.0, -0.7853981852531433, 1.8654682636260986, 0.0, -0.7853981852531433, 1.8654682636260986, 0.0, -0.7853981852531433, 1.8654682636260986, 0.0, -0.7853981852531433, 1.8654682636260986] desired=[-0.13124999403953552, -0.737500011920929, 1.6825000047683716, 0.06875000149011612, -0.737500011920929, 1.6177881956100464, -0.06875000149011612, -0.862500011920929, 1.6825000047683716, -0.5249980092048645, -0.862500011920929, 2.700000047683716] applied=[-0.13124999403953552, -0.737500011920929, 1.6825000047683716, 0.06875000149011612, -0.737500011920929, 1.6177881956100464, -0.06875000149011612, -0.862500011920929, 1.6825000047683716, -0.5249980092048645, -0.862500011920929, 2.700000047683716] current=[-0.12931285798549652, -0.7206175923347473, 1.7602733373641968, 0.09886593371629715, -0.7891262769699097, 1.625592827796936, -0.13473480939865112, -0.8556174635887146, 1.6488966941833496, -0.07391626387834549, -0.8837361335754395, 2.0163016319274902]
[DIAG_INFER] step=341 policy_action_max=14.087825 applied_action_max=0.250000 obs_max=11.077969 history_nonzero_rows=14 position_clip=0 torque_clip=1 action=[0.9115319848060608, 5.696322917938232, 2.052388906478882, -14.087824821472168, 2.030761480331421, 1.7265346050262451, 5.54964017868042, -12.665792465209961, 7.685503005981445, 0.7819628715515137, -5.359569549560547, -0.2737213373184204]
[DIAG_TARGET] step=341 target_error=0.000000000 default=[0.0, -0.7853981852531433, 1.8654682636260986, 0.0, -0.7853981852531433, 1.8654682636260986, 0.0, -0.7853981852531433, 1.8654682636260986, 0.0, -0.7853981852531433, 1.8654682636260986] desired=[-0.06875000149011612, -0.737500011920929, 1.6825000047683716, 0.06875000149011612, -0.737500011920929, 1.6825000047683716, -0.06875000149011612, -0.862500011920929, 1.6825000047683716, 0.13124999403953552, -0.862500011920929, 2.700000047683716] applied=[-0.06875000149011612, -0.737500011920929, 1.6825000047683716, 0.06875000149011612, -0.737500011920929, 1.6825000047683716, -0.06875000149011612, -0.862500011920929, 1.6825000047683716, 0.13124999403953552, -0.862500011920929, 2.700000047683716] current=[-0.1553519368171692, -0.7129395008087158, 1.8173871040344238, 0.08296117186546326, -0.7586418986320496, 1.6241755485534668, -0.09603958576917648, -0.8619378209114075, 1.667133092880249, -0.31570741534233093, -0.8606192469596863, 2.403594970703125]
[DIAG_INFER] step=351 policy_action_max=16.250633 applied_action_max=0.250000 obs_max=14.087825 history_nonzero_rows=15 position_clip=0 torque_clip=2 action=[7.8857221603393555, 4.808248519897461, 1.7563669681549072, -16.250633239746094, 1.4779120683670044, 4.208850383758545, 3.2931463718414307, -10.87388801574707, 4.751033782958984, 14.68809700012207, -4.713859558105469, -2.0708985328674316]
[DIAG_TARGET] step=351 target_error=0.000000000 default=[0.0, -0.7853981852531433, 1.8654682636260986, 0.0, -0.7853981852531433, 1.8654682636260986, 0.0, -0.7853981852531433, 1.8654682636260986, 0.0, -0.7853981852531433, 1.8654682636260986] desired=[-0.06875000149011612, -0.737500011920929, 1.6825000047683716, 0.06875000149011612, -0.737500011920929, 1.6825000047683716, -0.06875000149011612, -0.862500011920929, 1.6825000047683716, 0.898814857006073, -0.862500011920929, 2.700000047683716] applied=[-0.06875000149011612, -0.737500011920929, 1.6825000047683716, 0.06875000149011612, -0.737500011920929, 1.6825000047683716, -0.06875000149011612, -0.862500011920929, 1.6825000047683716, 0.898814857006073, -0.862500011920929, 2.700000047683716] current=[-0.11236564069986343, -0.7159897685050964, 1.8670811653137207, 0.11025937646627426, -0.7487552762031555, 1.6595816612243652, -0.034326985478401184, -0.8656488060951233, 1.6728973388671875, -0.12284192442893982, -0.8342441916465759, 2.5663013458251953]
[DIAG_INFER] step=361 policy_action_max=15.625438 applied_action_max=0.250000 obs_max=16.250633 history_nonzero_rows=15 position_clip=0 torque_clip=2 action=[4.769841194152832, 4.278375148773193, 2.1169421672821045, -15.62543773651123, 0.2586256265640259, 5.680997371673584, 6.458399772644043, -8.709953308105469, 5.274164199829102, 11.966275215148926, -6.370568752288818, 0.29016029834747314]
[DIAG_TARGET] step=361 target_error=0.000000000 default=[0.0, -0.7853981852531433, 1.8654682636260986, 0.0, -0.7853981852531433, 1.8654682636260986, 0.0, -0.7853981852531433, 1.8654682636260986, 0.0, -0.7853981852531433, 1.8654682636260986] desired=[-0.06875000149011612, -0.737500011920929, 1.6825000047683716, 0.06875000149011612, -0.737500011920929, 1.6825000047683716, 0.0699506402015686, -0.862500011920929, 1.6825000047683716, 0.13124999403953552, -0.862500011920929, 2.700000047683716] applied=[-0.06875000149011612, -0.737500011920929, 1.6825000047683716, 0.06875000149011612, -0.737500011920929, 1.6825000047683716, 0.0699506402015686, -0.862500011920929, 1.6825000047683716, 0.13124999403953552, -0.862500011920929, 2.700000047683716] current=[-0.05736527219414711, -0.7316011190414429, 1.9181413650512695, 0.17394845187664032, -0.7606325745582581, 1.7645899057388306, -0.019720373675227165, -0.8795876502990723, 1.7160757780075073, 0.4076111316680908, -0.809585452079773, 2.630776882171631]
[DIAG_INFER] step=371 policy_action_max=12.382842 applied_action_max=0.250000 obs_max=15.625438 history_nonzero_rows=15 position_clip=0 torque_clip=2 action=[-1.5091999769210815, 4.952309608459473, 1.9219627380371094, -12.382842063903809, 2.1472482681274414, 2.229794979095459, 9.141605377197266, -10.97057056427002, 4.172369003295898, -6.692492485046387, -6.917289733886719, 0.9033066034317017]
[DIAG_TARGET] step=371 target_error=0.000000000 default=[0.0, -0.7853981852531433, 1.8654682636260986, 0.0, -0.7853981852531433, 1.8654682636260986, 0.0, -0.7853981852531433, 1.8654682636260986, 0.0, -0.7853981852531433, 1.8654682636260986] desired=[-0.13124999403953552, -0.737500011920929, 1.6825000047683716, 0.06875000149011612, -0.737500011920929, 1.6825000047683716, -0.06875000149011612, -0.862500011920929, 1.6825000047683716, -1.3678615093231201, -0.862500011920929, 2.700000047683716] applied=[-0.13124999403953552, -0.737500011920929, 1.6825000047683716, 0.06875000149011612, -0.737500011920929, 1.6825000047683716, -0.06875000149011612, -0.862500011920929, 1.6825000047683716, -1.3678615093231201, -0.862500011920929, 2.700000047683716] current=[-0.11410921812057495, -0.7438918948173523, 1.9828962087631226, 0.13201892375946045, -0.7450711727142334, 1.8301876783370972, -0.024710632860660553, -0.9093496203422546, 1.79802405834198, 0.3310045897960663, -0.8492414951324463, 2.6815240383148193]
[DIAG_INFER] step=381 policy_action_max=14.608917 applied_action_max=0.250000 obs_max=12.382842 history_nonzero_rows=15 position_clip=0 torque_clip=4 action=[0.12646253407001495, 2.0251071453094482, 2.3449223041534424, -14.608917236328125, 3.6142499446868896, 1.5549737215042114, 4.379602909088135, -12.820621490478516, 6.072911739349365, -7.452391624450684, -4.0663676261901855, -2.405897378921509]
[DIAG_TARGET] step=381 target_error=0.000000000 default=[0.0, -0.7853981852531433, 1.8654682636260986, 0.0, -0.7853981852531433, 1.8654682636260986, 0.0, -0.7853981852531433, 1.8654682636260986, 0.0, -0.7853981852531433, 1.8654682636260986] desired=[-0.0841921865940094, -0.737500011920929, 1.6825000047683716, 0.06875000149011612, -0.737500011920929, 1.6825000047683716, -0.4727049469947815, -0.862500011920929, 1.6825000047683716, -1.288807988166809, -0.6454930305480957, 2.700000047683716] applied=[-0.0841921865940094, -0.737500011920929, 1.6825000047683716, 0.06875000149011612, -0.737500011920929, 1.6825000047683716, -0.4727049469947815, -0.862500011920929, 1.6825000047683716, -1.288807988166809, -0.6454930305480957, 2.700000047683716] current=[-0.21045911312103271, -0.7347652912139893, 2.04557728767395, 0.06748708337545395, -0.7109018564224243, 1.8435320854187012, -0.08932658284902573, -0.9085255861282349, 1.852887749671936, -0.44803300499916077, -0.8496794104576111, 2.68477725982666]
[DIAG_INFER] step=391 policy_action_max=16.253103 applied_action_max=0.250000 obs_max=14.608917 history_nonzero_rows=15 position_clip=0 torque_clip=4 action=[9.953670501708984, 7.094631671905518, 3.2354791164398193, -16.253103256225586, 4.1016669273376465, 2.9454996585845947, -0.6247288584709167, -9.558156967163086, 0.5465776920318604, 6.647157669067383, -3.2554397583007812, -0.4093763828277588]
[DIAG_TARGET] step=391 target_error=0.000000000 default=[0.0, -0.7853981852531433, 1.8654682636260986, 0.0, -0.7853981852531433, 1.8654682636260986, 0.0, -0.7853981852531433, 1.8654682636260986, 0.0, -0.7853981852531433, 1.8654682636260986] desired=[-0.06875000149011612, -0.737500011920929, 1.6825000047683716, 0.06875000149011612, -0.737500011920929, 1.6825000047683716, -0.551937460899353, -0.862500011920929, 1.6825000047683716, 1.0143959522247314, -0.765654444694519, 1.8419359922409058] applied=[-0.06875000149011612, -0.737500011920929, 1.6825000047683716, 0.06875000149011612, -0.737500011920929, 1.6825000047683716, -0.551937460899353, -0.862500011920929, 1.6825000047683716, 1.0143959522247314, -0.765654444694519, 1.8419359922409058] current=[-0.20080417394638062, -0.7135332226753235, 2.0811872482299805, 0.09374427795410156, -0.7024885416030884, 1.8810970783233643, -0.17676377296447754, -0.8913047313690186, 1.86286461353302, -0.9885488748550415, -0.6909210085868835, 2.6435680389404297]
[DIAG_INFER] step=401 policy_action_max=16.586090 applied_action_max=0.250000 obs_max=16.253103 history_nonzero_rows=15 position_clip=0 torque_clip=1 action=[16.586090087890625, 9.641953468322754, 16.351116180419922, 4.387001991271973, 1.480261206626892, -12.104229927062988, -4.063104152679443, 0.17935800552368164, -8.553448677062988, -1.7862628698349, -10.489011764526367, 16.44757080078125]
[DIAG_TARGET] step=401 target_error=0.000000000 default=[0.0, -0.7853981852531433, 1.8654682636260986, 0.0, -0.7853981852531433, 1.8654682636260986, 0.0, -0.7853981852531433, 1.8654682636260986, 0.0, -0.7853981852531433, 1.8654682636260986] desired=[-0.06875000149011612, -0.737500011920929, 1.6825000047683716, 0.13124999403953552, -0.737500011920929, 1.5575000047683716, -0.13124999403953552, -0.7551605105400085, 1.5575000047683716, 1.5, -0.862500011920929, 1.6825000047683716] applied=[-0.06875000149011612, -0.737500011920929, 1.6825000047683716, 0.13124999403953552, -0.737500011920929, 1.5575000047683716, -0.13124999403953552, -0.7551605105400085, 1.5575000047683716, 1.5, -0.862500011920929, 1.6825000047683716] current=[-0.08293220400810242, -0.7158902287483215, 2.0769572257995605, 0.22241976857185364, -0.700873076915741, 1.9535926580429077, -0.2799968123435974, -0.8754379153251648, 1.7794867753982544, -0.4640955626964569, -0.635249137878418, 2.1586787700653076]
[DIAG_INFER] step=411 policy_action_max=8.750067 applied_action_max=0.250000 obs_max=16.586090 history_nonzero_rows=15 position_clip=0 torque_clip=3 action=[8.385613441467285, 0.5223196744918823, 4.960582733154297, -3.5796422958374023, 0.43721067905426025, -6.358973979949951, -8.750066757202148, -1.18473219871521, -7.939002990722656, 0.5169508457183838, -6.899318218231201, 6.2709455490112305]
[DIAG_TARGET] step=411 target_error=0.000000000 default=[0.0, -0.7853981852531433, 1.8654682636260986, 0.0, -0.7853981852531433, 1.8654682636260986, 0.0, -0.7853981852531433, 1.8654682636260986, 0.0, -0.7853981852531433, 1.8654682636260986] desired=[-0.06875000149011612, -0.737500011920929, 1.6825000047683716, 0.06875000149011612, -0.737500011920929, 1.5575000047683716, 0.3957900404930115, -0.862500011920929, 1.5575000047683716, 1.3159451484680176, -0.862500011920929, -0.2368183135986328] applied=[-0.06875000149011612, -0.737500011920929, 1.6825000047683716, 0.06875000149011612, -0.737500011920929, 1.5575000047683716, 0.3957900404930115, -0.862500011920929, 1.5575000047683716, 1.3159451484680176, -0.862500011920929, -0.2368183135986328] current=[0.013251064345240593, -0.7183300852775574, 2.033271074295044, 0.3619164228439331, -0.6988823413848877, 2.0205729007720947, -0.27112624049186707, -0.8463870286941528, 1.7162275314331055, 0.3507099449634552, -0.6599581837654114, 1.9193994998931885]
[DIAG_INFER] step=421 policy_action_max=5.291592 applied_action_max=0.250000 obs_max=8.750067 history_nonzero_rows=15 position_clip=0 torque_clip=4 action=[4.644944190979004, -0.05904468894004822, 2.9244577884674072, -4.083146095275879, 1.433388352394104, -1.7827168703079224, -2.691640615463257, 1.5487631559371948, -2.1400327682495117, -5.291591644287109, -1.8177165985107422, 0.6676602959632874]
[DIAG_TARGET] step=421 target_error=0.000000000 default=[0.0, -0.7853981852531433, 1.8654682636260986, 0.0, -0.7853981852531433, 1.8654682636260986, 0.0, -0.7853981852531433, 1.8654682636260986, 0.0, -0.7853981852531433, 1.8654682636260986] desired=[-0.06875000149011612, -0.8147611618041992, 1.6825000047683716, 0.06875000149011612, -0.737500011920929, 1.5575000047683716, 0.5654400587081909, -0.737500011920929, 1.5575000047683716, -0.4345695376396179, -0.7749670147895813, -1.6313955783843994] applied=[-0.06875000149011612, -0.8147611618041992, 1.6825000047683716, 0.06875000149011612, -0.737500011920929, 1.5575000047683716, 0.5654400587081909, -0.737500011920929, 1.5575000047683716, -0.4345695376396179, -0.7749670147895813, -1.6313955783843994] current=[0.001478492864407599, -0.6994196772575378, 1.9462867975234985, 0.4212343692779541, -0.6773993968963623, 2.044769048690796, -0.17742879688739777, -0.9053991436958313, 1.7932199239730835, 0.9388858079910278, -0.5921179056167603, 1.4221028089523315]
[DIAG_INFER] step=431 policy_action_max=11.483562 applied_action_max=0.250000 obs_max=5.291592 history_nonzero_rows=15 position_clip=0 torque_clip=4 action=[6.434357643127441, 1.3590351343154907, 3.414236068725586, -1.8039716482162476, -0.9277628660202026, -0.7434512376785278, -5.768468856811523, -2.584224224090576, 1.1260278224945068, -11.483561515808105, -2.960982322692871, -1.8409045934677124]
[DIAG_TARGET] step=431 target_error=0.000000000 default=[0.0, -0.7853981852531433, 1.8654682636260986, 0.0, -0.7853981852531433, 1.8654682636260986, 0.0, -0.7853981852531433, 1.8654682636260986, 0.0, -0.7853981852531433, 1.8654682636260986] desired=[-0.06875000149011612, -0.737500011920929, 1.6825000047683716, 0.06875000149011612, -0.862500011920929, 1.5575000047683716, 0.15061086416244507, -0.862500011920929, 1.6404263973236084, -1.5, -0.862500011920929, 0.9808435440063477] applied=[-0.06875000149011612, -0.737500011920929, 1.6825000047683716, 0.06875000149011612, -0.862500011920929, 1.5575000047683716, 0.15061086416244507, -0.862500011920929, 1.6404263973236084, -1.5, -0.862500011920929, 0.9808435440063477] current=[-0.09170521050691605, -0.7026996612548828, 1.8909262418746948, 0.33237552642822266, -0.627700924873352, 2.0108537673950195, -0.19544118642807007, -0.9570700526237488, 1.8627773523330688, 1.0145188570022583, -0.48073631525039673, 0.9802780151367188]
[DIAG_INFER] step=441 policy_action_max=12.947057 applied_action_max=0.250000 obs_max=11.483562 history_nonzero_rows=15 position_clip=0 torque_clip=1 action=[8.027982711791992, -0.41807183623313904, 3.8421738147735596, -2.237743377685547, 1.0868760347366333, -1.5733667612075806, -8.599461555480957, -1.0687925815582275, -0.9312601089477539, -12.947056770324707, -3.8238027095794678, -2.294140338897705]
[DIAG_TARGET] step=441 target_error=0.000000000 default=[0.0, -0.7853981852531433, 1.8654682636260986, 0.0, -0.7853981852531433, 1.8654682636260986, 0.0, -0.7853981852531433, 1.8654682636260986, 0.0, -0.7853981852531433, 1.8654682636260986] desired=[-0.06875000149011612, -0.862500011920929, 1.6825000047683716, 0.06875000149011612, -0.737500011920929, 1.5575000047683716, -0.13124999403953552, -0.862500011920929, 1.5575000047683716, -1.5, -0.862500011920929, 1.5575000047683716] applied=[-0.06875000149011612, -0.862500011920929, 1.6825000047683716, 0.06875000149011612, -0.737500011920929, 1.5575000047683716, -0.13124999403953552, -0.862500011920929, 1.5575000047683716, -1.5, -0.862500011920929, 1.5575000047683716] current=[-0.22448299825191498, -0.697978675365448, 1.8579506874084473, 0.17641834914684296, -0.5812171697616577, 1.924391269683838, -0.2895815968513489, -0.9957171082496643, 1.918440818786621, 0.8409072756767273, -0.5337547659873962, 1.1042118072509766]
[DIAG_INFER] step=451 policy_action_max=7.358715 applied_action_max=0.250000 obs_max=12.947057 history_nonzero_rows=15 position_clip=0 torque_clip=2 action=[2.0275633335113525, -1.5755109786987305, 1.5961217880249023, -0.7112513780593872, 2.149339437484741, -0.45561647415161133, -0.2920462489128113, 0.5234962701797485, 1.8550631999969482, -7.358715057373047, -0.5949604511260986, -2.923534870147705]
[DIAG_TARGET] step=451 target_error=0.000000000 default=[0.0, -0.7853981852531433, 1.8654682636260986, 0.0, -0.7853981852531433, 1.8654682636260986, 0.0, -0.7853981852531433, 1.8654682636260986, 0.0, -0.7853981852531433, 1.8654682636260986] desired=[-0.06875000149011612, -0.862500011920929, 1.6825000047683716, 0.06875000149011612, -0.737500011920929, 1.5575000047683716, -0.13124999403953552, -0.737500011920929, 1.6825000047683716, -1.5, -0.862500011920929, 1.7418769598007202] applied=[-0.06875000149011612, -0.862500011920929, 1.6825000047683716, 0.06875000149011612, -0.737500011920929, 1.5575000047683716, -0.13124999403953552, -0.737500011920929, 1.6825000047683716, -1.5, -0.862500011920929, 1.7418769598007202] current=[-0.3113749027252197, -0.7156559228897095, 1.8704121112823486, 0.06131252273917198, -0.5664740800857544, 1.802304744720459, -0.41527804732322693, -1.0039809942245483, 1.9435458183288574, 0.5425872206687927, -0.6885129809379578, 1.4367529153823853]
[DIAG_INFER] step=461 policy_action_max=7.149680 applied_action_max=0.250000 obs_max=7.358715 history_nonzero_rows=15 position_clip=0 torque_clip=2 action=[-2.283961772918701, 0.16923299431800842, -0.742728590965271, -7.149680137634277, 1.072149634361267, 0.11399181932210922, 0.3596693277359009, -5.569754600524902, 5.603205680847168, 2.615298271179199, -3.282918691635132, -4.725685119628906]
[DIAG_TARGET] step=461 target_error=0.000000000 default=[0.0, -0.7853981852531433, 1.8654682636260986, 0.0, -0.7853981852531433, 1.8654682636260986, 0.0, -0.7853981852531433, 1.8654682636260986, 0.0, -0.7853981852531433, 1.8654682636260986] desired=[-0.13124999403953552, -0.7576917409896851, 1.5575000047683716, 0.06875000149011612, -0.737500011920929, 1.6484979391098022, -0.06875000149011612, -0.862500011920929, 1.6825000047683716, -0.061616718769073486, -0.862500011920929, 1.8599447011947632] applied=[-0.13124999403953552, -0.7576917409896851, 1.5575000047683716, 0.06875000149011612, -0.737500011920929, 1.6484979391098022, -0.06875000149011612, -0.862500011920929, 1.6825000047683716, -0.061616718769073486, -0.862500011920929, 1.8599447011947632] current=[-0.3469386696815491, -0.7215886116027832, 1.8952759504318237, 0.0318380743265152, -0.619740903377533, 1.6752856969833374, -0.5331301689147949, -0.9678218364715576, 1.9276620149612427, 0.1505221724510193, -0.794455885887146, 1.7233860492706299]
[DIAG_INFER] step=471 policy_action_max=15.994189 applied_action_max=0.250000 obs_max=7.149680 history_nonzero_rows=15 position_clip=0 torque_clip=3 action=[15.994189262390137, 6.423104286193848, 7.695321083068848, 12.856064796447754, 6.465790271759033, -15.458718299865723, -14.197954177856445, 4.416834354400635, -15.448192596435547, -7.6283650398254395, -10.353143692016602, 14.886144638061523]
[DIAG_TARGET] step=471 target_error=0.000000119 default=[0.0, -0.7853981852531433, 1.8654682636260986, 0.0, -0.7853981852531433, 1.8654682636260986, 0.0, -0.7853981852531433, 1.8654682636260986, 0.0, -0.7853981852531433, 1.8654682636260986] desired=[-0.06875000149011612, -0.737500011920929, 1.6825000047683716, 0.13124999403953552, -0.737500011920929, 1.5575000047683716, -0.13124999403953552, -0.737500011920929, 1.5575000047683716, 1.5, 1.3426761627197266, -1.0389589071273804] applied=[-0.06875000149011612, -0.737500011920929, 1.6825000047683716, 0.13124999403953552, -0.737500011920929, 1.5575000047683716, -0.13124999403953552, -0.737500011920929, 1.5575000047683716, 1.5, 1.3426761627197266, -1.0389587879180908] current=[-0.2794409990310669, -0.66783607006073, 1.8335705995559692, 0.1420270949602127, -0.7071021795272827, 1.6579877138137817, -0.4575098156929016, -0.9107323884963989, 1.8898690938949585, 0.0357358455657959, -0.8206450939178467, 1.799086570739746]
[DIAG_INFER] step=481 policy_action_max=11.031054 applied_action_max=0.250000 obs_max=15.994189 history_nonzero_rows=15 position_clip=0 torque_clip=5 action=[4.981410503387451, 4.048998832702637, 2.9212632179260254, 6.169744491577148, -3.685652017593384, -7.1769585609436035, -0.3188897967338562, 0.7370648384094238, -8.106229782104492, 3.372370481491089, -11.031054496765137, 9.165124893188477]
[DIAG_TARGET] step=481 target_error=0.000000015 default=[0.0, -0.7853981852531433, 1.8654682636260986, 0.0, -0.7853981852531433, 1.8654682636260986, 0.0, -0.7853981852531433, 1.8654682636260986, 0.0, -0.7853981852531433, 1.8654682636260986] desired=[-0.06875000149011612, -0.737500011920929, 1.6825000047683716, 0.13124999403953552, -0.862500011920929, 1.5575000047683716, 0.44354403018951416, -0.18667636811733246, 1.5575000047683716, 1.5, -1.138497233390808, -0.20069074630737305] applied=[-0.06875000149011612, -0.737500011920929, 1.6825000047683716, 0.13124999403953552, -0.862500011920929, 1.5575000047683716, 0.44354403018951416, -0.18667638301849365, 1.5575000047683716, 1.5, -1.138497233390808, -0.20069074630737305] current=[-0.11448481678962708, -0.6605168581008911, 1.7547067403793335, 0.23525890707969666, -0.7405139803886414, 1.6192126274108887, -0.2537022531032562, -0.8388254046440125, 1.811282753944397, 0.6029916405677795, -0.23561984300613403, 1.3445987701416016]
[DIAG_INFER] step=491 policy_action_max=4.257764 applied_action_max=0.250000 obs_max=11.031054 history_nonzero_rows=15 position_clip=0 torque_clip=3 action=[3.0567309856414795, 0.8259550333023071, 1.904439926147461, -1.3227468729019165, 0.318364679813385, -0.6016407012939453, 0.4764193296432495, 1.6345922946929932, -2.8641951084136963, -0.10589813441038132, -4.257763862609863, 0.6909465789794922]
[DIAG_TARGET] step=491 target_error=0.000000119 default=[0.0, -0.7853981852531433, 1.8654682636260986, 0.0, -0.7853981852531433, 1.8654682636260986, 0.0, -0.7853981852531433, 1.8654682636260986, 0.0, -0.7853981852531433, 1.8654682636260986] desired=[-0.06875000149011612, -0.737500011920929, 1.6825000047683716, 0.06875000149011612, -0.737500011920929, 1.5575000047683716, 0.7621569633483887, -0.737500011920929, 1.4922287464141846, 0.08676273375749588, -1.8613497018814087, 1.6825000047683716] applied=[-0.06875000149011612, -0.737500011920929, 1.6825000047683716, 0.06875000149011612, -0.737500011920929, 1.5575000047683716, 0.7621569633483887, -0.737500011920929, 1.4922287464141846, 0.08676273375749588, -1.8613498210906982, 1.6825000047683716] current=[-0.05486823618412018, -0.6964082717895508, 1.710830807685852, 0.3285980224609375, -0.7542381882667542, 1.6930055618286133, -0.017934780567884445, -0.6208817362785339, 1.7198740243911743, 1.1505602598190308, -0.025026198476552963, 0.8780418634414673]
[DIAG_INFER] step=501 policy_action_max=5.194078 applied_action_max=0.250000 obs_max=4.257764 history_nonzero_rows=15 position_clip=0 torque_clip=3 action=[3.2302396297454834, 0.8720048666000366, 1.7196924686431885, 1.6742024421691895, 0.30221664905548096, -0.9295685887336731, 1.8072035312652588, 0.40732359886169434, -0.11295640468597412, -5.19407844543457, -1.1548124551773071, -0.7202513813972473]
[DIAG_TARGET] step=501 target_error=0.000000000 default=[0.0, -0.7853981852531433, 1.8654682636260986, 0.0, -0.7853981852531433, 1.8654682636260986, 0.0, -0.7853981852531433, 1.8654682636260986, 0.0, -0.7853981852531433, 1.8654682636260986] desired=[-0.06875000149011612, -0.737500011920929, 1.6825000047683716, 0.13124999403953552, -0.737500011920929, 1.5575000047683716, -0.06875000149011612, -0.8101959228515625, 1.5917608737945557, -1.2081727981567383, -1.2900391817092896, 1.5575000047683716] applied=[-0.06875000149011612, -0.737500011920929, 1.6825000047683716, 0.13124999403953552, -0.737500011920929, 1.5575000047683716, -0.06875000149011612, -0.8101959228515625, 1.5917608737945557, -1.2081727981567383, -1.2900391817092896, 1.5575000047683716] current=[-0.1373969465494156, -0.7351968288421631, 1.6963380575180054, 0.2631113827228546, -0.7200747728347778, 1.6875883340835571, 0.18250374495983124, -0.5612951517105103, 1.7310117483139038, 0.9180623888969421, -0.7636953592300415, 1.2961757183074951]
[DIAG_INFER] step=511 policy_action_max=6.004714 applied_action_max=0.250000 obs_max=5.194078 history_nonzero_rows=15 position_clip=0 torque_clip=1 action=[3.5063588619232178, 2.488037347793579, 1.6979379653930664, 4.6474528312683105, -2.336731433868408, -4.67082405090332, -0.581318199634552, 2.830505609512329, -3.6440651416778564, 2.2741730213165283, -2.626519203186035, 6.004714012145996]
[DIAG_TARGET] step=511 target_error=0.000000000 default=[0.0, -0.7853981852531433, 1.8654682636260986, 0.0, -0.7853981852531433, 1.8654682636260986, 0.0, -0.7853981852531433, 1.8654682636260986, 0.0, -0.7853981852531433, 1.8654682636260986] desired=[-0.06875000149011612, -0.737500011920929, 1.6825000047683716, 0.13124999403953552, -0.862500011920929, 1.5575000047683716, -0.13124999403953552, -0.737500011920929, 1.5575000047683716, 1.1419672966003418, -0.862500011920929, 1.6825000047683716] applied=[-0.06875000149011612, -0.737500011920929, 1.6825000047683716, 0.13124999403953552, -0.862500011920929, 1.5575000047683716, -0.13124999403953552, -0.737500011920929, 1.5575000047683716, 1.1419672966003418, -0.862500011920929, 1.6825000047683716] current=[-0.14883559942245483, -0.7486589550971985, 1.6882652044296265, 0.17189665138721466, -0.695598840713501, 1.629530906677246, 0.1298825591802597, -0.6036420464515686, 1.724479079246521, 0.11135046184062958, -1.2300409078598022, 1.3574601411819458]
[DIAG_INFER] step=521 policy_action_max=5.426764 applied_action_max=0.250000 obs_max=6.004714 history_nonzero_rows=15 position_clip=0 torque_clip=2 action=[3.7957239151000977, 2.9595282077789307, 2.8078954219818115, 3.6477696895599365, 1.514333724975586, -2.0144448280334473, -3.6261610984802246, -1.9957756996154785, -2.9769556522369385, 5.426763534545898, -3.8697562217712402, 4.731436729431152]
[DIAG_TARGET] step=521 target_error=0.000000000 default=[0.0, -0.7853981852531433, 1.8654682636260986, 0.0, -0.7853981852531433, 1.8654682636260986, 0.0, -0.7853981852531433, 1.8654682636260986, 0.0, -0.7853981852531433, 1.8654682636260986] desired=[-0.06875000149011612, -0.737500011920929, 1.6825000047683716, 0.13124999403953552, -0.737500011920929, 1.5575000047683716, 0.08675473928451538, -0.862500011920929, 1.5575000047683716, 1.5, -0.862500011920929, 1.6825000047683716] applied=[-0.06875000149011612, -0.737500011920929, 1.6825000047683716, 0.13124999403953552, -0.737500011920929, 1.5575000047683716, 0.08675473928451538, -0.862500011920929, 1.5575000047683716, 1.5, -0.862500011920929, 1.6825000047683716] current=[-0.02633526548743248, -0.7439539432525635, 1.6781551837921143, 0.23845967650413513, -0.7510276436805725, 1.652345061302185, 0.076018325984478, -0.6443964242935181, 1.6856520175933838, 0.3451094627380371, -1.121653437614441, 1.489240288734436]
[DIAG_INFER] step=531 policy_action_max=6.248291 applied_action_max=0.250000 obs_max=5.426764 history_nonzero_rows=15 position_clip=0 torque_clip=2 action=[5.9241838455200195, -0.6173512935638428, 2.8615992069244385, 2.425929307937622, 2.662531614303589, 0.1767284870147705, -5.922895908355713, -1.8599560260772705, -5.497302055358887, -6.248291015625, -2.474041700363159, 0.16693128645420074]
[DIAG_TARGET] step=531 target_error=0.000000000 default=[0.0, -0.7853981852531433, 1.8654682636260986, 0.0, -0.7853981852531433, 1.8654682636260986, 0.0, -0.7853981852531433, 1.8654682636260986, 0.0, -0.7853981852531433, 1.8654682636260986] desired=[-0.06875000149011612, -0.862500011920929, 1.6825000047683716, 0.13124999403953552, -0.737500011920929, 1.664182186126709, 0.6741161942481995, -0.862500011920929, 1.5575000047683716, -1.493499994277954, -0.862500011920929, 1.661732792854309] applied=[-0.06875000149011612, -0.862500011920929, 1.6825000047683716, 0.13124999403953552, -0.737500011920929, 1.664182186126709, 0.6741161942481995, -0.862500011920929, 1.5575000047683716, -1.493499994277954, -0.862500011920929, 1.661732792854309] current=[-0.028682999312877655, -0.7390804886817932, 1.6792501211166382, 0.29362696409225464, -0.7389859557151794, 1.7014777660369873, 0.03504703938961029, -0.7271869778633118, 1.6757241487503052, 0.959050714969635, -0.8738645911216736, 1.5855051279067993]
[DIAG_INFER] step=541 policy_action_max=8.215428 applied_action_max=0.250000 obs_max=6.248291 history_nonzero_rows=15 position_clip=0 torque_clip=2 action=[5.689743995666504, 2.079235792160034, 2.68493390083313, -4.56379508972168, -1.252087950706482, -2.477287530899048, -1.3445806503295898, -3.0551693439483643, 0.6897110939025879, -8.215428352355957, -1.8497427701950073, -1.7271159887313843]
[DIAG_TARGET] step=541 target_error=0.000000000 default=[0.0, -0.7853981852531433, 1.8654682636260986, 0.0, -0.7853981852531433, 1.8654682636260986, 0.0, -0.7853981852531433, 1.8654682636260986, 0.0, -0.7853981852531433, 1.8654682636260986] desired=[-0.06875000149011612, -0.737500011920929, 1.6825000047683716, 0.06875000149011612, -0.862500011920929, 1.5575000047683716, -0.13124999403953552, -0.862500011920929, 1.6825000047683716, -1.5, -2.947237491607666, 1.5575000047683716] applied=[-0.06875000149011612, -0.737500011920929, 1.6825000047683716, 0.06875000149011612, -0.862500011920929, 1.5575000047683716, -0.13124999403953552, -0.862500011920929, 1.6825000047683716, -1.5, -2.947237491607666, 1.5575000047683716] current=[-0.12265317887067795, -0.7866679430007935, 1.6884042024612427, 0.19723764061927795, -0.7000603079795837, 1.7143861055374146, 0.11045719683170319, -0.7649490833282471, 1.7699052095413208, 0.6177594661712646, -0.8175576329231262, 1.6473926305770874]
[DIAG_INFER] step=551 policy_action_max=6.753449 applied_action_max=0.250000 obs_max=8.215428 history_nonzero_rows=15 position_clip=0 torque_clip=4 action=[1.1148051023483276, -1.993731141090393, -0.7790721654891968, -5.879877090454102, 2.6593706607818604, 2.217402458190918, 1.000317096710205, -5.603165149688721, 6.753448963165283, -1.874901533126831, -4.133125305175781, -2.8390607833862305]
[DIAG_TARGET] step=551 target_error=0.000000000 default=[0.0, -0.7853981852531433, 1.8654682636260986, 0.0, -0.7853981852531433, 1.8654682636260986, 0.0, -0.7853981852531433, 1.8654682636260986, 0.0, -0.7853981852531433, 1.8654682636260986] desired=[-0.06875000149011612, -0.862500011920929, 1.5575000047683716, 0.06875000149011612, -0.737500011920929, 1.6825000047683716, -0.2438066601753235, -1.405580997467041, 1.6825000047683716, -0.2812240719795227, -0.862500011920929, 2.700000047683716] applied=[-0.06875000149011612, -0.862500011920929, 1.5575000047683716, 0.06875000149011612, -0.737500011920929, 1.6825000047683716, -0.2438066601753235, -1.405580997467041, 1.6825000047683716, -0.2812240719795227, -0.862500011920929, 2.700000047683716] current=[-0.16315610706806183, -0.7965958714485168, 1.740840196609497, 0.14198079705238342, -0.721608579158783, 1.7042896747589111, 0.03460153937339783, -0.7756223082542419, 1.809816837310791, -0.1932528018951416, -1.3592593669891357, 1.6395132541656494]
[DIAG_INFER] step=561 policy_action_max=8.230326 applied_action_max=0.250000 obs_max=6.753449 history_nonzero_rows=15 position_clip=0 torque_clip=1 action=[2.946848154067993, 4.0312180519104, 1.362928867340088, -8.230325698852539, 0.18874667584896088, 3.6832592487335205, 2.1530263423919678, -7.8883843421936035, 3.7452316284179688, 7.869063377380371, -6.157512664794922, 0.22965063154697418]
[DIAG_TARGET] step=561 target_error=0.000000000 default=[0.0, -0.7853981852531433, 1.8654682636260986, 0.0, -0.7853981852531433, 1.8654682636260986, 0.0, -0.7853981852531433, 1.8654682636260986, 0.0, -0.7853981852531433, 1.8654682636260986] desired=[-0.06875000149011612, -0.737500011920929, 1.6825000047683716, 0.06875000149011612, -0.7528133392333984, 1.6825000047683716, -0.06875000149011612, -0.862500011920929, 1.6825000047683716, 0.13124999403953552, -0.862500011920929, 2.6831376552581787] applied=[-0.06875000149011612, -0.737500011920929, 1.6825000047683716, 0.06875000149011612, -0.7528133392333984, 1.6825000047683716, -0.06875000149011612, -0.862500011920929, 1.6825000047683716, 0.13124999403953552, -0.862500011920929, 2.6831376552581787] current=[-0.13899245858192444, -0.8006397485733032, 1.7769834995269775, 0.17716799676418304, -0.7284403443336487, 1.7487952709197998, -0.05080278217792511, -0.9901412129402161, 1.8119665384292603, -0.3235885500907898, -1.5117136240005493, 2.149498224258423]
[DIAG_INFER] step=571 policy_action_max=13.112343 applied_action_max=0.250000 obs_max=8.230326 history_nonzero_rows=15 position_clip=0 torque_clip=2 action=[5.614103317260742, 3.1929800510406494, 1.583807349205017, -13.112342834472656, -0.8370151519775391, 2.759816884994507, 1.434267520904541, -9.259223937988281, 4.857290267944336, 10.947100639343262, -3.8887038230895996, -2.0673184394836426]
[DIAG_TARGET] step=571 target_error=0.000000000 default=[0.0, -0.7853981852531433, 1.8654682636260986, 0.0, -0.7853981852531433, 1.8654682636260986, 0.0, -0.7853981852531433, 1.8654682636260986, 0.0, -0.7853981852531433, 1.8654682636260986] desired=[-0.06875000149011612, -0.737500011920929, 1.6825000047683716, 0.06875000149011612, -0.862500011920929, 1.6825000047683716, -0.06875000149011612, -0.862500011920929, 1.6825000047683716, 0.5818300843238831, -0.862500011920929, 2.2598066329956055] applied=[-0.06875000149011612, -0.737500011920929, 1.6825000047683716, 0.06875000149011612, -0.862500011920929, 1.6825000047683716, -0.06875000149011612, -0.862500011920929, 1.6825000047683716, 0.5818300843238831, -0.862500011920929, 2.2598066329956055] current=[-0.09968708455562592, -0.8007039427757263, 1.8116246461868286, 0.22617553174495697, -0.7198833227157593, 1.809319257736206, -0.07591643184423447, -1.0375393629074097, 1.818709135055542, -0.08027514815330505, -1.1035808324813843, 2.431623935699463]
[DIAG_INFER] step=581 policy_action_max=11.113758 applied_action_max=0.250000 obs_max=13.112343 history_nonzero_rows=15 position_clip=0 torque_clip=1 action=[2.899502754211426, 2.6269795894622803, 0.38052788376808167, -11.113758087158203, 0.06553439795970917, 2.7564332485198975, 4.732937335968018, -8.32451057434082, 4.213931560516357, 6.339819431304932, -5.107077598571777, 0.124314084649086]
[DIAG_TARGET] step=581 target_error=0.000000000 default=[0.0, -0.7853981852531433, 1.8654682636260986, 0.0, -0.7853981852531433, 1.8654682636260986, 0.0, -0.7853981852531433, 1.8654682636260986, 0.0, -0.7853981852531433, 1.8654682636260986] desired=[-0.06875000149011612, -0.737500011920929, 1.6825000047683716, 0.06875000149011612, -0.7836164236068726, 1.6825000047683716, -0.06875000149011612, -0.862500011920929, 1.6825000047683716, 0.13124999403953552, -0.862500011920929, 2.14528751373291] applied=[-0.06875000149011612, -0.737500011920929, 1.6825000047683716, 0.06875000149011612, -0.7836164236068726, 1.6825000047683716, -0.06875000149011612, -0.862500011920929, 1.6825000047683716, 0.13124999403953552, -0.862500011920929, 2.14528751373291] current=[-0.06735947728157043, -0.7984104156494141, 1.8417030572891235, 0.2691083252429962, -0.708879828453064, 1.8695404529571533, -0.026496199890971184, -1.0580453872680664, 1.8883870840072632, 0.23256510496139526, -0.8784685730934143, 2.3263301849365234]
[DIAG_INFER] step=591 policy_action_max=11.257254 applied_action_max=0.250000 obs_max=11.113758 history_nonzero_rows=15 position_clip=0 torque_clip=2 action=[0.7513495087623596, 2.349999189376831, 1.3021647930145264, -9.29391860961914, 1.662866234779358, 0.4107208251953125, 6.1246256828308105, -11.257253646850586, 4.477402210235596, -7.958269119262695, -3.6216936111450195, -0.9657090902328491]
[DIAG_TARGET] step=591 target_error=0.000000000 default=[0.0, -0.7853981852531433, 1.8654682636260986, 0.0, -0.7853981852531433, 1.8654682636260986, 0.0, -0.7853981852531433, 1.8654682636260986, 0.0, -0.7853981852531433, 1.8654682636260986] desired=[-0.06875000149011612, -0.737500011920929, 1.6825000047683716, 0.06875000149011612, -0.737500011920929, 1.6825000047683716, -0.06875000149011612, -0.862500011920929, 1.6825000047683716, -0.7911702990531921, -0.862500011920929, 2.256481647491455] applied=[-0.06875000149011612, -0.737500011920929, 1.6825000047683716, 0.06875000149011612, -0.737500011920929, 1.6825000047683716, -0.06875000149011612, -0.862500011920929, 1.6825000047683716, -0.7911702990531921, -0.862500011920929, 2.256481647491455] current=[-0.10778157413005829, -0.7898678183555603, 1.88132643699646, 0.2364620715379715, -0.6864295601844788, 1.9005600214004517, -0.05671139806509018, -1.0717322826385498, 1.9577665328979492, 0.19615620374679565, -0.8425024747848511, 2.2318296432495117]
[DIAG_INFER] step=601 policy_action_max=9.803612 applied_action_max=0.250000 obs_max=11.257254 history_nonzero_rows=15 position_clip=0 torque_clip=1 action=[3.207275390625, 3.4555156230926514, 1.3619263172149658, -7.147340774536133, 2.8730416297912598, -1.1290513277053833, 1.0461559295654297, -9.803611755371094, 1.5588047504425049, -7.08009147644043, -3.3640317916870117, 0.018848314881324768]
[DIAG_TARGET] step=601 target_error=0.000000000 default=[0.0, -0.7853981852531433, 1.8654682636260986, 0.0, -0.7853981852531433, 1.8654682636260986, 0.0, -0.7853981852531433, 1.8654682636260986, 0.0, -0.7853981852531433, 1.8654682636260986] desired=[-0.06875000149011612, -0.737500011920929, 1.6825000047683716, 0.06875000149011612, -0.737500011920929, 1.5575000047683716, -0.06875000149011612, -0.862500011920929, 1.6825000047683716, 0.06875000149011612, 0.40938884019851685, 1.6247121095657349] applied=[-0.06875000149011612, -0.737500011920929, 1.6825000047683716, 0.06875000149011612, -0.737500011920929, 1.5575000047683716, -0.06875000149011612, -0.862500011920929, 1.6825000047683716, 0.06875000149011612, 0.40938884019851685, 1.6247121095657349] current=[-0.165779247879982, -0.7593202590942383, 1.9159231185913086, 0.1861337572336197, -0.6550934314727783, 1.908778429031372, -0.13129742443561554, -1.0466772317886353, 1.9952096939086914, -0.28327012062072754, -0.8399100303649902, 2.2138888835906982]
[DIAG_INFER] step=611 policy_action_max=8.661276 applied_action_max=0.250000 obs_max=9.803612 history_nonzero_rows=15 position_clip=0 torque_clip=3 action=[8.661275863647461, 2.8650941848754883, 5.421332359313965, -3.5088794231414795, 6.421548843383789, -4.197803020477295, -2.7557475566864014, -1.3012852668762207, -6.941230297088623, -8.064905166625977, -6.033088207244873, 8.389187812805176]
[DIAG_TARGET] step=611 target_error=0.000000000 default=[0.0, -0.7853981852531433, 1.8654682636260986, 0.0, -0.7853981852531433, 1.8654682636260986, 0.0, -0.7853981852531433, 1.8654682636260986, 0.0, -0.7853981852531433, 1.8654682636260986] desired=[-0.06875000149011612, -0.737500011920929, 1.6825000047683716, 0.06875000149011612, -0.737500011920929, 1.5575000047683716, -0.13124999403953552, -0.48944953083992004, 1.5575000047683716, 1.5, 1.2240808010101318, 1.6825000047683716] applied=[-0.06875000149011612, -0.737500011920929, 1.6825000047683716, 0.06875000149011612, -0.737500011920929, 1.5575000047683716, -0.13124999403953552, -0.48944953083992004, 1.5575000047683716, 1.5, 1.2240808010101318, 1.6825000047683716] current=[-0.10709089040756226, -0.7039316296577454, 1.9100840091705322, 0.25381454825401306, -0.6165966391563416, 1.9399542808532715, -0.08233587443828583, -0.9935838580131531, 1.999433159828186, -0.20994432270526886, -0.3133934736251831, 1.9555046558380127]
[DIAG_INFER] step=621 policy_action_max=9.627388 applied_action_max=0.250000 obs_max=8.661276 history_nonzero_rows=15 position_clip=0 torque_clip=5 action=[7.8995842933654785, 1.75031578540802, 2.1026880741119385, -2.5682008266448975, 1.2914879322052002, -2.65982985496521, -3.7440974712371826, -0.3629601001739502, -9.627388000488281, -0.6507977843284607, -4.54321813583374, 3.004378318786621]
[DIAG_TARGET] step=621 target_error=0.000000030 default=[0.0, -0.7853981852531433, 1.8654682636260986, 0.0, -0.7853981852531433, 1.8654682636260986, 0.0, -0.7853981852531433, 1.8654682636260986, 0.0, -0.7853981852531433, 1.8654682636260986] desired=[-0.06875000149011612, -0.737500011920929, 1.6825000047683716, 0.06875000149011612, -0.737500011920929, 1.5575000047683716, 0.3856840133666992, 0.2500530183315277, 1.5575000047683716, 1.3800897598266602, 0.051895976066589355, -0.304229736328125] applied=[-0.06875000149011612, -0.737500011920929, 1.6825000047683716, 0.06875000149011612, -0.737500011920929, 1.5575000047683716, 0.3856840133666992, 0.2500529885292053, 1.5575000047683716, 1.3800897598266602, 0.051895976066589355, -0.304229736328125] current=[-0.027525311335921288, -0.6434321999549866, 1.864851951599121, 0.3700471520423889, -0.5509503483772278, 1.9768624305725098, -0.03588926047086716, -0.8511842489242554, 1.92861008644104, 0.34331056475639343, 0.31099408864974976, 1.747273325920105]
[DIAG_INFER] step=631 policy_action_max=8.243587 applied_action_max=0.250000 obs_max=9.627388 history_nonzero_rows=15 position_clip=0 torque_clip=6 action=[6.189569473266602, 0.2674988806247711, 3.9891750812530518, -2.8696300983428955, -0.9583561420440674, -0.2984921336174011, -2.5683281421661377, -0.393418550491333, -0.9997692108154297, -8.243586540222168, -3.4549527168273926, 0.26845914125442505]
[DIAG_TARGET] step=631 target_error=0.000000000 default=[0.0, -0.7853981852531433, 1.8654682636260986, 0.0, -0.7853981852531433, 1.8654682636260986, 0.0, -0.7853981852531433, 1.8654682636260986, 0.0, -0.7853981852531433, 1.8654682636260986] desired=[-0.06875000149011612, -0.737500011920929, 1.6825000047683716, 0.06875000149011612, -0.7001233696937561, 1.5575000047683716, 0.6653720140457153, -0.565102756023407, 1.5575000047683716, -1.5, -1.1694971323013306, 0.6907017230987549] applied=[-0.06875000149011612, -0.737500011920929, 1.6825000047683716, 0.06875000149011612, -0.7001233696937561, 1.5575000047683716, 0.6653720140457153, -0.565102756023407, 1.5575000047683716, -1.5, -1.1694971323013306, 0.6907017230987549] current=[-0.0641993060708046, -0.6467553973197937, 1.7965365648269653, 0.42868342995643616, -0.4925418496131897, 1.987612009048462, 0.023630723357200623, -0.4085747301578522, 1.7811294794082642, 1.0057350397109985, 0.44642022252082825, 1.2222386598587036]
[DIAG_INFER] step=641 policy_action_max=11.912646 applied_action_max=0.250000 obs_max=8.243587 history_nonzero_rows=15 position_clip=0 torque_clip=2 action=[1.4619566202163696, 1.2385579347610474, 3.224135398864746, -6.975910186767578, 2.932568311691284, 0.5833933353424072, -5.417110919952393, -9.484333038330078, 1.1536953449249268, -11.912646293640137, -3.667588472366333, -2.732593536376953]
[DIAG_TARGET] step=641 target_error=0.000000000 default=[0.0, -0.7853981852531433, 1.8654682636260986, 0.0, -0.7853981852531433, 1.8654682636260986, 0.0, -0.7853981852531433, 1.8654682636260986, 0.0, -0.7853981852531433, 1.8654682636260986] desired=[-0.06875000149011612, -0.737500011920929, 1.6825000047683716, 0.06875000149011612, -0.737500011920929, 1.6825000047683716, -0.13124999403953552, -0.862500011920929, 1.6825000047683716, -1.5, -0.862500011920929, 2.341339111328125] applied=[-0.06875000149011612, -0.737500011920929, 1.6825000047683716, 0.06875000149011612, -0.737500011920929, 1.6825000047683716, -0.13124999403953552, -0.862500011920929, 1.6825000047683716, -1.5, -0.862500011920929, 2.341339111328125] current=[-0.20753024518489838, -0.6616457104682922, 1.8158924579620361, 0.26742246747016907, -0.43983331322669983, 1.9219169616699219, 0.11762955039739609, -0.2710387706756592, 1.8327876329421997, 0.7885227203369141, -0.0019687404856085777, 1.146162509918213]
[DIAG_INFER] step=651 policy_action_max=19.723377 applied_action_max=0.250000 obs_max=11.912646 history_nonzero_rows=15 position_clip=0 torque_clip=2 action=[-8.956602096557617, 5.695621490478516, 3.1945674419403076, -17.901288986206055, 6.629405498504639, -0.5652587413787842, -3.352907657623291, -19.723377227783203, 7.94376277923584, -14.857341766357422, -3.813844680786133, -5.946029186248779]
[DIAG_TARGET] step=651 target_error=0.000000000 default=[0.0, -0.7853981852531433, 1.8654682636260986, 0.0, -0.7853981852531433, 1.8654682636260986, 0.0, -0.7853981852531433, 1.8654682636260986, 0.0, -0.7853981852531433, 1.8654682636260986] desired=[-0.13124999403953552, -0.737500011920929, 1.6825000047683716, 0.06875000149011612, -0.737500011920929, 1.5575000047683716, -0.13124999403953552, -0.862500011920929, 1.6825000047683716, -1.5, -0.862500011920929, 2.700000047683716] applied=[-0.13124999403953552, -0.737500011920929, 1.6825000047683716, 0.06875000149011612, -0.737500011920929, 1.5575000047683716, -0.13124999403953552, -0.862500011920929, 1.6825000047683716, -1.5, -0.862500011920929, 2.700000047683716] current=[-0.4125877022743225, -0.6531336903572083, 1.8817330598831177, 0.05967127904295921, -0.5055922269821167, 1.8189038038253784, -0.09912987798452377, -0.334399551153183, 1.963348150253296, 0.2133270651102066, -0.32278791069984436, 1.681649923324585]
[DIAG_INFER] step=661 policy_action_max=15.805742 applied_action_max=0.250000 obs_max=19.723377 history_nonzero_rows=15 position_clip=0 torque_clip=3 action=[15.805742263793945, 8.621341705322266, 8.074216842651367, -10.090474128723145, 7.178212642669678, -4.317119598388672, -10.161381721496582, -8.403671264648438, -5.580991744995117, 2.8486990928649902, -2.055142879486084, 4.835542678833008]
[DIAG_TARGET] step=661 target_error=0.000000000 default=[0.0, -0.7853981852531433, 1.8654682636260986, 0.0, -0.7853981852531433, 1.8654682636260986, 0.0, -0.7853981852531433, 1.8654682636260986, 0.0, -0.7853981852531433, 1.8654682636260986] desired=[-0.06875000149011612, -0.737500011920929, 1.6825000047683716, 0.06875000149011612, -0.737500011920929, 1.5575000047683716, -0.6402148008346558, -0.862500011920929, 1.5575000047683716, 1.5, -0.5553708076477051, 1.6825000047683716] applied=[-0.06875000149011612, -0.737500011920929, 1.6825000047683716, 0.06875000149011612, -0.737500011920929, 1.5575000047683716, -0.6402148008346558, -0.862500011920929, 1.5575000047683716, 1.5, -0.5553708076477051, 1.6825000047683716] current=[-0.4217166602611542, -0.6306138038635254, 1.9142613410949707, 0.10208164155483246, -0.6316593289375305, 1.6769981384277344, -0.26028844714164734, -0.34451422095298767, 1.9344260692596436, -0.5916838645935059, -0.6152093410491943, 2.144955635070801]
[DIAG_INFER] step=671 policy_action_max=22.384716 applied_action_max=0.250000 obs_max=15.805742 history_nonzero_rows=15 position_clip=0 torque_clip=2 action=[14.693885803222656, 10.472240447998047, 14.398492813110352, 13.292549133300781, -0.5134960412979126, -11.767605781555176, -3.7596442699432373, 3.298867702484131, -11.222248077392578, -2.5650038719177246, -19.90186882019043, 22.384716033935547]
[DIAG_TARGET] step=671 target_error=0.000000000 default=[0.0, -0.7853981852531433, 1.8654682636260986, 0.0, -0.7853981852531433, 1.8654682636260986, 0.0, -0.7853981852531433, 1.8654682636260986, 0.0, -0.7853981852531433, 1.8654682636260986] desired=[-0.06875000149011612, -0.737500011920929, 1.6825000047683716, 0.13124999403953552, -0.862500011920929, 1.5575000047683716, -0.13124999403953552, -0.737500011920929, 1.5575000047683716, 1.5, -0.862500011920929, -0.7130227088928223] applied=[-0.06875000149011612, -0.737500011920929, 1.6825000047683716, 0.13124999403953552, -0.862500011920929, 1.5575000047683716, -0.13124999403953552, -0.737500011920929, 1.5575000047683716, 1.5, -0.862500011920929, -0.7130227088928223] current=[-0.25644731521606445, -0.6275851726531982, 1.8655718564987183, 0.21747487783432007, -0.7329601049423218, 1.6241984367370605, -0.3333415985107422, -0.44039154052734375, 1.8900030851364136, -0.5778859853744507, -0.6088297963142395, 2.040010690689087]
[DIAG_INFER] step=681 policy_action_max=13.882141 applied_action_max=0.250000 obs_max=22.384716 history_nonzero_rows=15 position_clip=0 torque_clip=3 action=[6.087936878204346, 2.8661229610443115, 3.286381483078003, 4.34113073348999, -3.4528112411499023, -8.098176956176758, -10.624063491821289, 1.186432123184204, -13.88214111328125, 6.4087018966674805, -12.419864654541016, 11.970858573913574]
[DIAG_TARGET] step=681 target_error=0.000000119 default=[0.0, -0.7853981852531433, 1.8654682636260986, 0.0, -0.7853981852531433, 1.8654682636260986, 0.0, -0.7853981852531433, 1.8654682636260986, 0.0, -0.7853981852531433, 1.8654682636260986] desired=[-0.06875000149011612, -0.737500011920929, 1.6825000047683716, 0.13124999403953552, -0.862500011920929, 1.5575000047683716, -0.13124999403953552, -0.737500011920929, 1.5575000047683716, 1.5, -1.9478968381881714, -1.1346399784088135] applied=[-0.06875000149011612, -0.737500011920929, 1.6825000047683716, 0.13124999403953552, -0.862500011920929, 1.5575000047683716, -0.13124999403953552, -0.737500011920929, 1.5575000047683716, 1.5, -1.947896957397461, -1.1346399784088135] current=[-0.08117510378360748, -0.6474291086196899, 1.767614722251892, 0.3252318501472473, -0.7628694772720337, 1.6658896207809448, -0.2331756353378296, -0.5053563117980957, 1.8040516376495361, -0.40036940574645996, -0.5917156338691711, 2.0419812202453613]
[DIAG_INFER] step=691 policy_action_max=6.331740 applied_action_max=0.250000 obs_max=13.882141 history_nonzero_rows=15 position_clip=0 torque_clip=3 action=[3.515044689178467, 1.3112889528274536, 2.588524103164673, -3.0720813274383545, -0.40026354789733887, -2.5151171684265137, -5.876467227935791, -1.1595916748046875, -3.6157188415527344, 4.340301036834717, -6.331740379333496, 2.7523205280303955]
[DIAG_TARGET] step=691 target_error=0.000000000 default=[0.0, -0.7853981852531433, 1.8654682636260986, 0.0, -0.7853981852531433, 1.8654682636260986, 0.0, -0.7853981852531433, 1.8654682636260986, 0.0, -0.7853981852531433, 1.8654682636260986] desired=[-0.06875000149011612, -0.737500011920929, 1.6825000047683716, 0.06875000149011612, -0.862500011920929, 1.5575000047683716, -0.13124999403953552, -0.862500011920929, 1.5575000047683716, 0.572938859462738, -2.244295597076416, 1.180896282196045] applied=[-0.06875000149011612, -0.737500011920929, 1.6825000047683716, 0.06875000149011612, -0.862500011920929, 1.5575000047683716, -0.13124999403953552, -0.862500011920929, 1.5575000047683716, 0.572938859462738, -2.244295597076416, 1.180896282196045] current=[-0.01692977175116539, -0.6978820562362671, 1.7115622758865356, 0.3843141496181488, -0.7722747325897217, 1.6986044645309448, -0.13246425986289978, -0.5839695334434509, 1.6946656703948975, -0.21871092915534973, -0.5652213096618652, 2.0028138160705566]
[DIAG_INFER] step=701 policy_action_max=6.461756 applied_action_max=0.250000 obs_max=6.331740 history_nonzero_rows=15 position_clip=0 torque_clip=2 action=[4.1554975509643555, -0.1074269711971283, 2.5857186317443848, -1.3663743734359741, 2.0942022800445557, -0.7213938236236572, -6.461755752563477, -2.716031551361084, -1.77569580078125, -1.537569522857666, -3.78974986076355, 0.039542362093925476]
[DIAG_TARGET] step=701 target_error=0.000000000 default=[0.0, -0.7853981852531433, 1.8654682636260986, 0.0, -0.7853981852531433, 1.8654682636260986, 0.0, -0.7853981852531433, 1.8654682636260986, 0.0, -0.7853981852531433, 1.8654682636260986] desired=[-0.06875000149011612, -0.8268567323684692, 1.6825000047683716, 0.06875000149011612, -0.737500011920929, 1.5575000047683716, -0.13124999403953552, -0.862500011920929, 1.5575000047683716, -0.264781653881073, -1.2198671102523804, 1.6298855543136597] applied=[-0.06875000149011612, -0.8268567323684692, 1.6825000047683716, 0.06875000149011612, -0.737500011920929, 1.5575000047683716, -0.13124999403953552, -0.862500011920929, 1.5575000047683716, -0.264781653881073, -1.2198671102523804, 1.6298855543136597] current=[-0.03411564603447914, -0.7358009219169617, 1.6889750957489014, 0.35385599732398987, -0.7831692695617676, 1.7131166458129883, -0.1112164556980133, -0.7376790046691895, 1.6118882894515991, -0.04360344260931015, -0.5916413068771362, 1.9715315103530884]
[DIAG_INFER] step=711 policy_action_max=6.776936 applied_action_max=0.250000 obs_max=6.461756 history_nonzero_rows=15 position_clip=0 torque_clip=2 action=[4.643343925476074, 1.44795823097229, 2.617488145828247, -5.485347747802734, 1.1311475038528442, 0.5710232853889465, -6.776936054229736, -2.757514238357544, -1.9967864751815796, -1.944851040840149, -3.4203343391418457, 0.23074276745319366]
[DIAG_TARGET] step=711 target_error=0.000000000 default=[0.0, -0.7853981852531433, 1.8654682636260986, 0.0, -0.7853981852531433, 1.8654682636260986, 0.0, -0.7853981852531433, 1.8654682636260986, 0.0, -0.7853981852531433, 1.8654682636260986] desired=[-0.06875000149011612, -0.737500011920929, 1.6825000047683716, 0.06875000149011612, -0.737500011920929, 1.6825000047683716, -0.13124999403953552, -0.862500011920929, 1.5575000047683716, -0.585020124912262, -2.319502353668213, 1.6776857376098633] applied=[-0.06875000149011612, -0.737500011920929, 1.6825000047683716, 0.06875000149011612, -0.737500011920929, 1.6825000047683716, -0.13124999403953552, -0.862500011920929, 1.5575000047683716, -0.585020124912262, -2.319502353668213, 1.6776857376098633] current=[-0.09222833067178726, -0.783450722694397, 1.686511754989624, 0.2279575765132904, -0.7533314824104309, 1.662874460220337, -0.15860064327716827, -0.8478900790214539, 1.5736638307571411, -0.09098570048809052, -0.7568278908729553, 1.9708576202392578]
[DIAG_INFER] step=721 policy_action_max=8.116930 applied_action_max=0.250000 obs_max=6.776936 history_nonzero_rows=15 position_clip=0 torque_clip=3 action=[3.4158952236175537, 0.3264766037464142, 1.850809097290039, -0.020291896536946297, 0.2927771806716919, -3.0705606937408447, -4.88181734085083, 4.152029514312744, -5.984987258911133, 3.505246162414551, -2.396606683731079, 8.11693000793457]
[DIAG_TARGET] step=721 target_error=0.000000000 default=[0.0, -0.7853981852531433, 1.8654682636260986, 0.0, -0.7853981852531433, 1.8654682636260986, 0.0, -0.7853981852531433, 1.8654682636260986, 0.0, -0.7853981852531433, 1.8654682636260986] desired=[-0.06875000149011612, -0.737500011920929, 1.6825000047683716, 0.09746351093053818, -0.737500011920929, 1.5575000047683716, -0.13124999403953552, -1.3634761571884155, 1.5575000047683716, 1.2198686599731445, -0.6566808223724365, 1.6825000047683716] applied=[-0.06875000149011612, -0.737500011920929, 1.6825000047683716, 0.09746351093053818, -0.737500011920929, 1.5575000047683716, -0.13124999403953552, -1.3634761571884155, 1.5575000047683716, 1.2198686599731445, -0.6566808223724365, 1.6825000047683716] current=[-0.07995821535587311, -0.7842450737953186, 1.6791965961456299, 0.12177743017673492, -0.7384234070777893, 1.6665202379226685, -0.14866191148757935, -0.889552652835846, 1.5616103410720825, -0.36277082562446594, -1.3754494190216064, 1.8484829664230347]
[DIAG_INFER] step=731 policy_action_max=7.465586 applied_action_max=0.250000 obs_max=8.116930 history_nonzero_rows=15 position_clip=0 torque_clip=2 action=[2.993177890777588, 0.9093004465103149, 2.7459630966186523, -2.869460344314575, 1.9726852178573608, -2.266679286956787, -7.465586185455322, -1.597379207611084, -1.9182868003845215, 4.189255714416504, 0.9172351360321045, 3.5641818046569824]
[DIAG_TARGET] step=731 target_error=0.000000000 default=[0.0, -0.7853981852531433, 1.8654682636260986, 0.0, -0.7853981852531433, 1.8654682636260986, 0.0, -0.7853981852531433, 1.8654682636260986, 0.0, -0.7853981852531433, 1.8654682636260986] desired=[-0.06875000149011612, -0.737500011920929, 1.6825000047683716, 0.06875000149011612, -0.737500011920929, 1.5575000047683716, -0.13124999403953552, -0.862500011920929, 1.5575000047683716, 0.6195386052131653, 0.05917680263519287, 1.6825000047683716] applied=[-0.06875000149011612, -0.737500011920929, 1.6825000047683716, 0.06875000149011612, -0.737500011920929, 1.5575000047683716, -0.13124999403953552, -0.862500011920929, 1.5575000047683716, 0.6195386052131653, 0.05917680263519287, 1.6825000047683716] current=[-0.015940232202410698, -0.7525173425674438, 1.6760770082473755, 0.15220579504966736, -0.7260704636573792, 1.609819769859314, -0.04259297251701355, -1.067400336265564, 1.5615733861923218, -0.005522613879293203, -1.4954551458358765, 1.8002257347106934]
[DIAG_INFER] step=741 policy_action_max=11.837052 applied_action_max=0.250000 obs_max=7.465586 history_nonzero_rows=15 position_clip=0 torque_clip=1 action=[5.526358604431152, 0.007798343896865845, 4.917603015899658, -6.14185905456543, 1.881400227546692, -2.091276168823242, -11.837052345275879, -5.560145854949951, -4.789314270019531, -6.367788314819336, -3.524841547012329, 1.0870648622512817]
[DIAG_TARGET] step=741 target_error=0.000000000 default=[0.0, -0.7853981852531433, 1.8654682636260986, 0.0, -0.7853981852531433, 1.8654682636260986, 0.0, -0.7853981852531433, 1.8654682636260986, 0.0, -0.7853981852531433, 1.8654682636260986] desired=[-0.06875000149011612, -0.7980504035949707, 1.6825000047683716, 0.06875000149011612, -0.737500011920929, 1.5575000047683716, -0.13124999403953552, -0.862500011920929, 1.5575000047683716, -1.5, -0.862500011920929, 1.6825000047683716] applied=[-0.06875000149011612, -0.7980504035949707, 1.6825000047683716, 0.06875000149011612, -0.737500011920929, 1.5575000047683716, -0.13124999403953552, -0.862500011920929, 1.5575000047683716, -1.5, -0.862500011920929, 1.6825000047683716] current=[-0.05646274983882904, -0.7284945249557495, 1.6807446479797363, 0.1057855635881424, -0.7124100923538208, 1.5794808864593506, -0.05151240527629852, -1.0494648218154907, 1.533969759941101, 0.2172843962907791, -1.4010748863220215, 1.7657389640808105]
[DIAG_INFER] step=751 policy_action_max=15.842870 applied_action_max=0.250000 obs_max=11.837052 history_nonzero_rows=15 position_clip=0 torque_clip=2 action=[7.963171005249023, -0.13802167773246765, 6.022505283355713, -15.842869758605957, -2.438868284225464, -0.8574088215827942, -8.312535285949707, -1.8556621074676514, -4.1310954093933105, 3.001030206680298, 1.0202064514160156, 2.914354085922241]
[DIAG_TARGET] step=751 target_error=0.000000000 default=[0.0, -0.7853981852531433, 1.8654682636260986, 0.0, -0.7853981852531433, 1.8654682636260986, 0.0, -0.7853981852531433, 1.8654682636260986, 0.0, -0.7853981852531433, 1.8654682636260986] desired=[-0.06875000149011612, -0.8345054388046265, 1.6825000047683716, 0.06875000149011612, -0.862500011920929, 1.5575000047683716, -0.4968019127845764, -0.862500011920929, 1.5575000047683716, 0.13124999403953552, -1.3261383771896362, 1.6825000047683716] applied=[-0.06875000149011612, -0.8345054388046265, 1.6825000047683716, 0.06875000149011612, -0.862500011920929, 1.5575000047683716, -0.4968019127845764, -0.862500011920929, 1.5575000047683716, 0.13124999403953552, -1.3261383771896362, 1.6825000047683716] current=[-0.14018520712852478, -0.7480025887489319, 1.6891627311706543, -0.004312773235142231, -0.7037789821624756, 1.5626481771469116, -0.13698351383209229, -0.9284582734107971, 1.547582745552063, -0.45731088519096375, -1.156217098236084, 1.6831822395324707]
[DIAG_INFER] step=761 policy_action_max=5.776974 applied_action_max=0.250000 obs_max=15.842870 history_nonzero_rows=15 position_clip=0 torque_clip=2 action=[3.8817100524902344, 2.2315988540649414, 3.884685754776001, -5.474661827087402, -0.28659868240356445, -4.037951469421387, -5.659836292266846, -5.776974201202393, -2.240694761276245, 5.640499591827393, -0.4365827739238739, -0.18729792535305023]
[DIAG_TARGET] step=761 target_error=0.000000000 default=[0.0, -0.7853981852531433, 1.8654682636260986, 0.0, -0.7853981852531433, 1.8654682636260986, 0.0, -0.7853981852531433, 1.8654682636260986, 0.0, -0.7853981852531433, 1.8654682636260986] desired=[-0.06875000149011612, -0.737500011920929, 1.6825000047683716, 0.06875000149011612, -0.862500011920929, 1.5575000047683716, -0.13124999403953552, -0.862500011920929, 1.5575000047683716, 1.5, -2.6416451930999756, 1.5731755495071411] applied=[-0.06875000149011612, -0.737500011920929, 1.6825000047683716, 0.06875000149011612, -0.862500011920929, 1.5575000047683716, -0.13124999403953552, -0.862500011920929, 1.5575000047683716, 1.5, -2.6416451930999756, 1.5731755495071411] current=[-0.04648907855153084, -0.8018752932548523, 1.6797590255737305, 0.09513746201992035, -0.7809869050979614, 1.5671344995498657, -0.2358836531639099, -0.871602475643158, 1.547218680381775, -0.39818158745765686, -1.0672359466552734, 1.6825083494186401]
[DIAG_INFER] step=771 policy_action_max=11.704776 applied_action_max=0.250000 obs_max=5.776974 history_nonzero_rows=15 position_clip=0 torque_clip=4 action=[6.7518205642700195, -0.5933469533920288, 3.2202770709991455, -4.229097366333008, 2.451371431350708, -2.412149667739868, -11.7047758102417, -3.2760040760040283, -6.9907331466674805, -4.410879135131836, -1.1244351863861084, 0.6585818529129028]
[DIAG_TARGET] step=771 target_error=0.000000000 default=[0.0, -0.7853981852531433, 1.8654682636260986, 0.0, -0.7853981852531433, 1.8654682636260986, 0.0, -0.7853981852531433, 1.8654682636260986, 0.0, -0.7853981852531433, 1.8654682636260986] desired=[-0.06875000149011612, -0.862500011920929, 1.6825000047683716, 0.06875000149011612, -0.737500011920929, 1.5575000047683716, 0.4383566379547119, -1.4722741842269897, 1.5575000047683716, -0.25771623849868774, 0.055234551429748535, 1.6825000047683716] applied=[-0.06875000149011612, -0.862500011920929, 1.6825000047683716, 0.06875000149011612, -0.737500011920929, 1.5575000047683716, 0.4383566379547119, -1.4722741842269897, 1.5575000047683716, -0.25771623849868774, 0.055234551429748535, 1.6825000047683716] current=[0.001178606180474162, -0.7960817217826843, 1.6691944599151611, 0.17021745443344116, -0.8656241297721863, 1.5574597120285034, -0.23092825710773468, -0.8724937438964844, 1.5536277294158936, 0.3842259645462036, -1.5543550252914429, 1.6240452527999878]
[DIAG_INFER] step=781 policy_action_max=17.398584 applied_action_max=0.250000 obs_max=11.704776 history_nonzero_rows=15 position_clip=0 torque_clip=2 action=[11.49647045135498, 1.6680914163589478, 11.269052505493164, -13.539554595947266, 0.33649158477783203, -1.3914486169815063, -17.398584365844727, -5.471858501434326, -4.091841220855713, -9.265799522399902, -1.7802798748016357, -2.940654993057251]
[DIAG_TARGET] step=781 target_error=0.000000000 default=[0.0, -0.7853981852531433, 1.8654682636260986, 0.0, -0.7853981852531433, 1.8654682636260986, 0.0, -0.7853981852531433, 1.8654682636260986, 0.0, -0.7853981852531433, 1.8654682636260986] desired=[-0.06875000149011612, -0.737500011920929, 1.6825000047683716, 0.06875000149011612, -0.737500011920929, 1.5575000047683716, -0.13124999403953552, -0.862500011920929, 1.5575000047683716, -1.5, -1.4222323894500732, 1.5575000047683716] applied=[-0.06875000149011612, -0.737500011920929, 1.6825000047683716, 0.06875000149011612, -0.737500011920929, 1.5575000047683716, -0.13124999403953552, -0.862500011920929, 1.5575000047683716, -1.5, -1.4222323894500732, 1.5575000047683716] current=[-0.10484616458415985, -0.8047857880592346, 1.68131422996521, 0.05181685462594032, -0.8110828995704651, 1.542540192604065, 0.053148139268159866, -1.0917056798934937, 1.5689910650253296, 0.2325739860534668, -1.6959716081619263, 1.5780770778656006]
[DIAG_INFER] step=791 policy_action_max=16.483664 applied_action_max=0.250000 obs_max=17.398584 history_nonzero_rows=15 position_clip=0 torque_clip=3 action=[10.707215309143066, -1.8784953355789185, 6.353628158569336, -16.48366355895996, 0.4758949279785156, 2.1700499057769775, -11.585897445678711, -1.5046706199645996, -5.032968521118164, 4.7662353515625, 0.7784143686294556, 2.9810361862182617]
[DIAG_TARGET] step=791 target_error=0.000000000 default=[0.0, -0.7853981852531433, 1.8654682636260986, 0.0, -0.7853981852531433, 1.8654682636260986, 0.0, -0.7853981852531433, 1.8654682636260986, 0.0, -0.7853981852531433, 1.8654682636260986] desired=[-0.06875000149011612, -0.862500011920929, 1.6825000047683716, 0.06875000149011612, -0.737500011920929, 1.6825000047683716, -0.605745792388916, -0.862500011920929, 1.5575000047683716, 0.4732808470726013, 0.08341813087463379, 1.6825000047683716] applied=[-0.06875000149011612, -0.862500011920929, 1.6825000047683716, 0.06875000149011612, -0.737500011920929, 1.6825000047683716, -0.605745792388916, -0.862500011920929, 1.5575000047683716, 0.4732808470726013, 0.08341813087463379, 1.6825000047683716] current=[-0.15921011567115784, -0.7894070148468018, 1.68459951877594, -0.014785618521273136, -0.7433926463127136, 1.5535200834274292, 0.035862620919942856, -1.0752625465393066, 1.53245210647583, -0.5641815662384033, -1.4784141778945923, 1.5551046133041382]
[STAGE] video_encoding_start
[SUMMARY] {"task": "YoboGo-Velocity-Flat-v0", "mode": "record_video", "yobogo_walk_speed_m_s": 0.15, "rapid_walk_speed_m_s": 0.3, "adaptation_weight": "/run/media/pma213x/0C6A8CC86A8CAFCE/Ubuntu2/CodeU/Dog1/mini-cheetah-isaaclab/external_models/rapid-locomotion-rl/runs/rapid-locomotion/example/train/201852.132488/checkpoints/adaptation_module_latest.jit", "body_weight": "/run/media/pma213x/0C6A8CC86A8CAFCE/Ubuntu2/CodeU/Dog1/mini-cheetah-isaaclab/external_models/rapid-locomotion-rl/runs/rapid-locomotion/example/train/201852.132488/checkpoints/body_latest.jit", "completed_steps": 800, "inference_steps": 60, "expected_inference_steps": 60, "reset_count": 0, "safety_clip_count": 135, "position_clip_count": 0, "torque_clip_count": 135, "large_action_inference_count": 25, "official_clip_inference_count": 0, "max_abs_rapid_action": 0.25, "max_abs_policy_action": 22.384716033935547, "ood_guard_count": 684, "base_height_min_m": 0.21093545854091644, "max_abs_roll_deg": 61.40952400555873, "max_abs_pitch_deg": 10.459286260956883, "xy_displacement_m": 0.5085432529449463, "mean_measured_velocity_m_s": 0.31783953309059143, "final_command": [0.6000000238418579, 0.0, 0.0], "final_rapid_from_term": [0.6, 0.0, 0.0], "terminated_steps": 0, "stability_errors": ["max_abs_roll_deg=61.410>=45", "direction_incorrect_or_not_dominant", "motion_max_abs_roll_deg=61.410>=45"], "interface_ok": true, "stable_walking": false, "scenario_name": "forward", "scenario_settle_steps": 200, "scenario_motion_steps": 600, "scenario_command_requested_rapid": [0.6, 0.0, 0.0], "scenario_command_policy": [0.6, 0.0, 0.0], "scenario_command_term": [0.6000000238418579, 0.0, 0.0], "scenario_command_rapid_final": [0.6, 0.0, 0.0], "scenario_settle_metrics": {"start_position_world": [-0.4805505871772766, 0.2733471393585205, 0.25999999046325684], "end_position_world": [-0.5208052396774292, 0.31511545181274414, 0.21280235052108765], "displacement_m": 0.05800886978024735, "start_yaw_deg": -48.484540647796976, "end_yaw_deg": -48.48095453366718, "yaw_change_deg": 0.0035861141297966396, "base_height_min_m": 0.21280235052108765, "max_abs_roll_deg": 0.7960674531902712, "max_abs_pitch_deg": 5.906852707525371, "terminated_steps": 0, "reset_count": 0, "gate_errors": [], "pass": true}, "scenario_metrics": {"start_position_world": [-0.5208052396774292, 0.31511545181274414, 0.21280235052108765], "end_position_world": [-0.9732072353363037, 0.3994649350643158, 0.3087838888168335], "displacement_vector_world": [-0.4524019956588745, 0.08434948325157166], "displacement_m": 0.4601982192500743, "start_yaw_deg": -48.48095453366718, "end_yaw_deg": 1.758983976845124, "yaw_change_deg": 50.2399385105123, "start_forward_axis_world": [0.662868969049985, -0.7487354204728196], "start_left_axis_world": [0.7487354204728196, 0.662868969049985], "start_forward_projection_m": -0.3630386902675845, "start_lateral_projection_m": -0.28281674343952184, "body_forward_projection_m": -0.4547758384177081, "body_lateral_projection_m": -0.08984368232578495, "mean_body_velocity_m_s": [-0.3541489106354614, -0.07213029374775942], "mean_body_yaw_rate_rad_s": 0.8462776352868726, "primary_axis": "forward", "primary_projection": -0.4547758384177081, "thresholds": {"displacement_m": 0.1, "projection_dominance_ratio": 0.6, "yaw_change_deg": 10.0}, "command_ok": true, "direction_ok": false, "displacement_ok": true}, "scenario_gate_errors": ["direction_incorrect_or_not_dominant", "motion_max_abs_roll_deg=61.410>=45"], "scenario_pass": false, "video": "/run/media/pma213x/0C6A8CC86A8CAFCE/Ubuntu2/CodeU/Dog1/mini-cheetah-isaaclab/outputs/rapid-locomotion/scenarios/forward.mp4", "video_frames_written": 100, "leg_motion_stats": {"FR": {"joints": {"haa": {"target": {"min": -0.13124999403953552, "max": -0.06875000149011612, "rms": 0.07482819397281502, "range": 0.0624999925494194, "motion_rms": 0.015646688534269967}, "actual": {"min": -0.4481818675994873, "max": 0.017069121822714806, "rms": 0.14773481429713486, "range": 0.4652509894222021, "motion_rms": 0.09327281452369647}, "raw_action": {"min": -8.956602096557617, "max": 16.586090087890625, "rms": 6.502525191874162, "range": 25.542692184448242, "motion_rms": 4.350178803872492}, "applied_action": {"min": -0.25, "max": 0.25, "rms": 0.24844492255237743, "range": 0.5, "motion_rms": 0.12517352284827976}, "position_clip_count": 0, "torque_clip_count": 0}, "hip": {"target": {"min": -0.862500011920929, "max": -0.737500011920929, "rms": 0.7634325237481893, "range": 0.125, "motion_rms": 0.04691820991159328}, "actual": {"min": -0.8087576031684875, "max": -0.6212979555130005, "rms": 0.7208030595816896, "range": 0.18745964765548706, "motion_rms": 0.05240604017633302}, "raw_action": {"min": -1.993731141090393, "max": 10.472240447998047, "rms": 3.345657099764996, "range": 12.46597158908844, "motion_rms": 2.6689129684282054}, "applied_action": {"min": -0.25, "max": 0.25, "rms": 0.24153251794496441, "range": 0.5, "motion_rms": 0.18767284362367115}, "position_clip_count": 0, "torque_clip_count": 0}, "knee": {"target": {"min": 1.5575000047683716, "max": 1.6825000047683716, "rms": 1.6784833231241294, "range": 0.125, "motion_rms": 0.0224381866963938}, "actual": {"min": 1.6685584783554077, "max": 2.0839297771453857, "rms": 1.812088369233367, "range": 0.415371298789978, "motion_rms": 0.11438547748889563}, "raw_action": {"min": -0.7790721654891968, "max": 16.351116180419922, "rms": 4.4139800832829055, "range": 17.13018834590912, "motion_rms": 3.0126370474185005}, "applied_action": {"min": -0.25, "max": 0.25, "rms": 0.25, "range": 0.5, "motion_rms": 0.08975274678557503}, "position_clip_count": 0, "torque_clip_count": 0}}, "target_range_min": 0.0624999925494194, "actual_range_min": 0.18745964765548706, "actual_motion_rms_min": 0.05240604017633302}, "FL": {"joints": {"haa": {"target": {"min": 0.06875000149011612, "max": 0.13124999403953552, "rms": 0.0914274707360733, "range": 0.0624999925494194, "motion_rms": 0.02724695639870254}, "actual": {"min": -0.024280643090605736, "max": 0.43153899908065796, "rms": 0.20361773728235508, "range": 0.4558196421712637, "motion_rms": 0.1130667123911642}, "raw_action": {"min": -17.901288986206055, "max": 13.292549133300781, "rms": 8.078569236253557, "range": 31.193838119506836, "motion_rms": 6.958453300604879}, "applied_action": {"min": -0.25, "max": 0.25, "rms": 0.24058222291744247, "range": 0.5, "motion_rms": 0.21797567534076637}, "position_clip_count": 0, "torque_clip_count": 0}, "hip": {"target": {"min": -0.862500011920929, "max": -0.7001233696937561, "rms": 0.7683186548730933, "range": 0.16237664222717285, "motion_rms": 0.05179819068806374}, "actual": {"min": -0.8676618933677673, "max": -0.4392838776111603, "rms": 0.7084535296141804, "range": 0.42837801575660706, "motion_rms": 0.07996620882377191}, "raw_action": {"min": -3.685652017593384, "max": 7.178212642669678, "rms": 2.3914900476371845, "range": 10.863864660263062, "motion_rms": 2.1326024104850263}, "applied_action": {"min": -0.25, "max": 0.25, "rms": 0.2432916192307438, "range": 0.5, "motion_rms": 0.20997201588549252}, "position_clip_count": 0, "torque_clip_count": 1}, "knee": {"target": {"min": 1.5575000047683716, "max": 1.6825000047683716, "rms": 1.6031574641740065, "range": 0.125, "motion_rms": 0.05801193511287592}, "actual": {"min": 1.5417248010635376, "max": 2.044769048690796, "rms": 1.7452474211752724, "range": 0.5030442476272583, "motion_rms": 0.14253569344453937}, "raw_action": {"min": -15.458718299865723, "max": 5.680997371673584, "rms": 3.989101770572105, "range": 21.139715671539307, "motion_rms": 3.740124845241257}, "applied_action": {"min": -0.25, "max": 0.25, "rms": 0.24283413198082454, "range": 0.5, "motion_rms": 0.23204773702454742}, "position_clip_count": 0, "torque_clip_count": 0}}, "target_range_min": 0.0624999925494194, "actual_range_min": 0.42837801575660706, "actual_motion_rms_min": 0.07996620882377191}, "RR": {"joints": {"haa": {"target": {"min": -0.6402148008346558, "max": 0.7621569633483887, "rms": 0.2811148929165186, "range": 1.4023717641830444, "motion_rms": 0.2755828647884993}, "actual": {"min": -0.5344692468643188, "max": 0.18803098797798157, "rms": 0.1728118968059681, "range": 0.7225002348423004, "motion_rms": 0.13447793309433434}, "raw_action": {"min": -17.398584365844727, "max": 9.141605377197266, "rms": 5.982594106099367, "range": 26.540189743041992, "motion_rms": 5.203412883486063}, "applied_action": {"min": -0.25, "max": 0.25, "rms": 0.25, "range": 0.5, "motion_rms": 0.21650635094610965}, "position_clip_count": 0, "torque_clip_count": 17}, "hip": {"target": {"min": -1.4722741842269897, "max": 0.2500530183315277, "rms": 0.8480039843239673, "range": 1.7223272025585175, "motion_rms": 0.2257556271957684}, "actual": {"min": -1.121348261833191, "max": -0.2710387706756592, "rms": 0.8110480879328471, "range": 0.8503094911575317, "motion_rms": 0.2073798521067905}, "raw_action": {"min": -19.723377227783203, "max": 4.416834354400635, "rms": 6.018548650006988, "range": 24.140211582183838, "motion_rms": 4.9523233148442785}, "applied_action": {"min": -0.25, "max": 0.25, "rms": 0.24727199931153834, "range": 0.5, "motion_rms": 0.21122346416782875}, "position_clip_count": 0, "torque_clip_count": 9}, "knee": {"target": {"min": 1.4922287464141846, "max": 1.6825000047683716, "rms": 1.6074662302324412, "range": 0.190271258354187, "motion_rms": 0.06176307904568594}, "actual": {"min": 1.5291070938110352, "max": 2.1868300437927246, "rms": 1.7967399377753481, "range": 0.6577229499816895, "motion_rms": 0.16293537316891085}, "raw_action": {"min": -15.448192596435547, "max": 7.94376277923584, "rms": 5.296627420595441, "range": 23.391955375671387, "motion_rms": 5.122556629214277}, "applied_action": {"min": -0.25, "max": 0.25, "rms": 0.24832559186796174, "range": 0.5, "motion_rms": 0.24369603843951765}, "position_clip_count": 0, "torque_clip_count": 2}}, "target_range_min": 0.190271258354187, "actual_range_min": 0.6577229499816895, "actual_motion_rms_min": 0.13447793309433434}, "RL": {"joints": {"haa": {"target": {"min": -1.5, "max": 1.5, "rms": 1.006813954311925, "range": 3.0, "motion_rms": 1.0066033387420736}, "actual": {"min": -0.9955878853797913, "max": 1.185280203819275, "rms": 0.4654043163516891, "range": 2.180868089199066, "motion_rms": 0.4584467428764725}, "raw_action": {"min": -14.857341766357422, "max": 14.68809700012207, "rms": 6.3504008868198465, "range": 29.545438766479492, "motion_rms": 6.1773028033689465}, "applied_action": {"min": -0.25, "max": 0.25, "rms": 0.2462331332125786, "range": 0.5, "motion_rms": 0.24058471850181556}, "position_clip_count": 0, "torque_clip_count": 46}, "hip": {"target": {"min": -2.947237491607666, "max": 1.3426761627197266, "rms": 1.1324849979087455, "range": 4.289913654327393, "motion_rms": 0.7304829017005551}, "actual": {"min": -1.755184292793274, "max": 0.4772719144821167, "rms": 0.8738931941746674, "range": 2.2324562072753906, "motion_rms": 0.41803291490249755}, "raw_action": {"min": -19.90186882019043, "max": 1.0202064514160156, "rms": 5.239354288899939, "range": 20.922075271606445, "motion_rms": 3.3695471886174353}, "applied_action": {"min": -0.25, "max": 0.25, "rms": 0.25, "range": 0.5, "motion_rms": 0.10897247358851683}, "position_clip_count": 0, "torque_clip_count": 30}, "knee": {"target": {"min": -1.6313955783843994, "max": 2.700000047683716, "rms": 1.7904198027120555, "range": 4.331395626068115, "motion_rms": 1.000488796877459}, "actual": {"min": 0.8622289896011353, "max": 2.6945114135742188, "rms": 1.8807782373196893, "range": 1.8322824239730835, "motion_rms": 0.40220282569846877}, "raw_action": {"min": -5.946029186248779, "max": 22.384716033935547, "rms": 5.310766135266017, "range": 28.330745220184326, "motion_rms": 4.982181093246881}, "applied_action": {"min": -0.25, "max": 0.25, "rms": 0.23890824283946527, "range": 0.5, "motion_rms": 0.22700420316435366}, "position_clip_count": 0, "torque_clip_count": 30}}, "target_range_min": 3.0, "actual_range_min": 1.8322824239730835, "actual_motion_rms_min": 0.40220282569846877}, "_gate": {"front_target_range_min": 0.0624999925494194, "front_actual_range_min": 0.18745964765548706, "front_target_threshold_rad": 0.04, "front_actual_threshold_rad": 0.05, "ok": true}}, "scenario_mean_body_velocity": [-0.3541489106354614, -0.07213029374775942], "scenario_mean_body_yaw_rate": 0.8462776352868726}
[RECORD] leg_stats=/run/media/pma213x/0C6A8CC86A8CAFCE/Ubuntu2/CodeU/Dog1/mini-cheetah-isaaclab/outputs/rapid-locomotion/scenarios/forward.summary.leg_stats.json
[RECORD] summary=/run/media/pma213x/0C6A8CC86A8CAFCE/Ubuntu2/CodeU/Dog1/mini-cheetah-isaaclab/outputs/rapid-locomotion/scenarios/forward.summary.json
[RECORD] video=/run/media/pma213x/0C6A8CC86A8CAFCE/Ubuntu2/CodeU/Dog1/mini-cheetah-isaaclab/outputs/rapid-locomotion/scenarios/forward.mp4
Traceback (most recent call last):
  File "/run/media/pma213x/0C6A8CC86A8CAFCE/Ubuntu2/CodeU/Dog1/mini-cheetah-isaaclab/training/scripts/play_rapid.py", line 1311, in <module>
    exit_code = main()
  File "/run/media/pma213x/0C6A8CC86A8CAFCE/Ubuntu2/CodeU/Dog1/mini-cheetah-isaaclab/training/scripts/play_rapid.py", line 1296, in main
    raise RuntimeError(
RuntimeError: 稳定性 Gate 失败：max_abs_roll_deg=61.410>=45；direction_incorrect_or_not_dominant；motion_max_abs_roll_deg=61.410>=45
