[3gH    H    H    H    H    H    H    H    H    H    H    H    H    H    H    H    H    H    H    H   [INFO] Using python from: /home/pma213x/.venvs/minicheetah-isaaclab/bin/python
[INFO][AppLauncher]: Loading experience file: /home/pma213x/IsaacLab/apps/isaaclab.python.headless.rendering.kit
[Warning] [simulation_app.simulation_app] Modules: ['omni.kit_app'] were loaded before SimulationApp was started and might not be loaded correctly.
[Warning] [simulation_app.simulation_app] Please check to make sure no extra omniverse or pxr modules are imported before the call to SimulationApp(...)
Loading user config located at: '/home/pma213x/.venvs/minicheetah-isaaclab/lib/python3.10/site-packages/omni/data/Kit/Isaac-Sim/4.5/user.config.json'
[Info] [carb] Logging to file: /home/pma213x/.venvs/minicheetah-isaaclab/lib/python3.10/site-packages/omni/logs/Kit/Isaac-Sim/4.5/kit_20261008_231902.log
2026-10-08 15:19:02 [0ms] [Warning] [omni.kit.app.plugin] No crash reporter present, dumps uploading isn't available.
2026-10-08 15:19:02 [148ms] [Warning] [omni.datastore] OmniHub is inaccessible
2026-10-08 15:19:02 [170ms] [Warning] [carb.windowing-glfw.gamepad] Joystick with unknown remapping detected (will be ignored):  HUION 256C PEN STYLUS [030000006c250000edee000001000000]
2026-10-08 15:19:03 [358ms] [Warning] [gpu.foundation.plugin] Skipping unsupported non-NVIDIA GPU: Intel(R) UHD Graphics (ADL-S GT0.5)
2026-10-08 15:19:03 [358ms] [Warning] [gpu.foundation.plugin] Skipping unsupported non-NVIDIA GPU: Intel(R) UHD Graphics (ADL-S GT0.5)

|---------------------------------------------------------------------------------------------|
| Driver Version: 580.178.04    | Graphics API: Vulkan
|=============================================================================================|
| GPU | Name                             | Active | LDA | GPU Memory | Vendor-ID | LUID       |
|     |                                  |        |     |            | Device-ID | UUID       |
|     |                                  |        |     |            | Bus-ID    |            |
|---------------------------------------------------------------------------------------------|
| 0   | NVIDIA GeForce RTX 4060 Laptop.. | Yes: 0 |     | 8188    MB | 10de      | 0          |
|     |                                  |        |     |            | 28e0      | 4d090564.. |
|     |                                  |        |     |            | 1         |            |
|---------------------------------------------------------------------------------------------|
| 1   | Intel(R) UHD Graphics (ADL-S G.. |        |     | 11374   MB | 8086      | 0          |
|     |                                  |        |     |            | 468b      | 86808b46.. |
|     |                                  |        |     |            | 0         |            |
|=============================================================================================|
| OS: 26.04.1 LTS (Resolute Raccoon) ubuntu, Version: 26.04.1, Kernel: 7.0.0-34-generic
| XServer Vendor: The X.Org Foundation, XServer Version: 12401010 (1.24.1.10)
| Processor: 13th Gen Intel(R) Core(TM) i5-13500HX
| Bare Metal Cores: 14 | Bare Metal Logical Cores: 28
| Available Cores:  20 
|---------------------------------------------------------------------------------------------|
| Total Memory (MB): 15166 | Free Memory: 6923
| Total Page/Swap (MB): 20479 | Free Page/Swap: 13617
|---------------------------------------------------------------------------------------------|
2026-10-08 15:19:03 [632ms] [Warning] [gpu.foundation.plugin] IOMMU is enabled.
2026-10-08 15:19:03 [633ms] [Warning] [gpu.foundation.plugin] Detected IOMMU is enabled. Running CUDA peer-to-peer bandwidth and latency validation.
Unidirectional P2P=Enabled Bandwidth (P2P Writes) Matrix (GB/s)
   D\D     0 
     0 224.05 
P2P=Enabled Latency (P2P Writes) Matrix (us)
   GPU     0 
     0   1.40 

   CPU     0 
     0   1.54 
2026-10-08 15:19:04 [1,577ms] [Warning] [omni.isaac.dynamic_control] omni.isaac.dynamic_control is deprecated as of Isaac Sim 4.5. No action is needed from end-users.
2026-10-08 15:19:04 [1,983ms] [Warning] [omni.log] Source: omni.hydra was already registered.
2026-10-08 15:19:05 [2,501ms] [Warning] [omni.replicator.core.scripts.extension] No material configuration file, adding configuration to material settings directly.
Gym has been unmaintained since 2022 and does not support NumPy 2.0 amongst other critical functionality.
Please upgrade to Gymnasium, the maintained drop-in replacement of Gym, or contact the authors of your software and request that they upgrade.
See the migration guide at https://gymnasium.farama.org/introduction/migration_guide/ for additional information.
2026-10-08 15:19:06 [3,808ms] [Warning] [omni.usd-abi.plugin] No setting was found for '/rtx-defaults/ambientOcclusion/enabled'
2026-10-08 15:19:06 [3,808ms] [Warning] [omni.usd-abi.plugin] No setting was found for '/rtx-defaults/directLighting/sampledLighting/enabled'
2026-10-08 15:19:06 [3,808ms] [Warning] [omni.usd-abi.plugin] No setting was found for '/rtx-defaults/indirectDiffuse/enabled'
2026-10-08 15:19:06 [3,808ms] [Warning] [omni.usd-abi.plugin] No setting was found for '/rtx-defaults/raytracing/cached/enabled'
2026-10-08 15:19:06 [3,808ms] [Warning] [omni.usd-abi.plugin] No setting was found for '/rtx-defaults/reflections/enabled'
2026-10-08 15:19:06 [3,808ms] [Warning] [omni.usd-abi.plugin] No setting was found for '/rtx-defaults/sceneDb/ambientLightIntensity'
2026-10-08 15:19:06 [3,808ms] [Warning] [omni.usd-abi.plugin] No setting was found for '/rtx-defaults/translucency/enabled'
2026-10-08 15:19:06 [3,808ms] [Warning] [omni.usd-abi.plugin] No setting was found for '/rtx-defaults/viewTile/limit'
2026-10-08 15:19:06 [3,925ms] [Warning] [rtx.scenedb.plugin] SceneDbContext : TLAS limit buffer size 2908577024
2026-10-08 15:19:06 [3,925ms] [Warning] [rtx.scenedb.plugin] SceneDbContext : TLAS limit : valid true, within: false
2026-10-08 15:19:06 [4,040ms] [Warning] [omni.usd-abi.plugin] No setting was found for '/rtx-defaults/directLighting/sampledLighting/samplesPerPixel'
2026-10-08 15:19:06 [4,040ms] [Warning] [omni.usd-abi.plugin] No setting was found for '/rtx-defaults/pathtracing/maxSamplesPerLaunch'
2026-10-08 15:19:06 [4,040ms] [Warning] [omni.usd-abi.plugin] No setting was found for '/rtx-defaults-transient/meshlights/forceDisable'
2026-10-08 15:19:06 [4,136ms] [Warning] [omni.usd-abi.plugin] No setting was found for '/rtx-defaults/post/dlss/execMode'
[STAGE] config_start
[INFO]: Parsing configuration from: training.envs.velocity_flat_env_cfg:YoboGoVelocityFlatEnvCfg
[STAGE] config_done
[STAGE] environment_create_start
Setting seed: 0
[INFO]: Base environment:
	Environment device    : cuda:0
	Environment seed      : 0
	Physics step-size     : 0.0004
	Rendering step-size   : 0.002
	Environment step-size : 0.002
2026-10-08 15:19:10 [7,506ms] [Warning] [isaaclab.terrains.terrain_importer] Visual material specified for ground plane but no diffuse color found. Using default color: (0.0, 0.0, 0.0)
[INFO]: Time taken for scene creation : 5.434929 seconds
[INFO]: Scene manager:  <class InteractiveScene>
	Number of environments: 1
	Environment spacing   : 2.5
	Source prim name      : /World/envs/env_0
	Global prim paths     : ['/World/ground']
	Replicate physics     : True
[INFO]: Starting the simulation. This may take a few seconds. Please wait...
[INFO]: Time taken for simulation start : 0.441310 seconds
[INFO] Command Manager:  <CommandManager> contains 1 active terms.
+------------------------------------------------+
|              Active Command Terms              |
+-------+---------------+------------------------+
| Index | Name          |          Type          |
+-------+---------------+------------------------+
|   0   | base_velocity | UniformVelocityCommand |
+-------+---------------+------------------------+

[INFO] Recorder Manager:  <RecorderManager> contains 0 active terms.
+---------------------+
| Active Recorder Terms |
+-----------+---------+
|   Index   | Name    |
+-----------+---------+
+-----------+---------+

[INFO] Action Manager:  <ActionManager> contains 1 active terms.
+------------------------------------+
|  Active Action Terms (shape: 12)   |
+--------+-------------+-------------+
| Index  | Name        |   Dimension |
+--------+-------------+-------------+
|   0    | joint_pos   |          12 |
+--------+-------------+-------------+

[INFO] Observation Manager: <ObservationManager> contains 1 groups.
+---------------------------------------------------------+
| Active Observation Terms in Group: 'policy' (shape: (48,)) |
+-----------+---------------------------------+-----------+
|   Index   | Name                            |   Shape   |
+-----------+---------------------------------+-----------+
|     0     | base_lin_vel                    |    (3,)   |
|     1     | base_ang_vel                    |    (3,)   |
|     2     | projected_gravity               |    (3,)   |
|     3     | velocity_commands               |    (3,)   |
|     4     | joint_pos                       |   (12,)   |
|     5     | joint_vel                       |   (12,)   |
|     6     | actions                         |   (12,)   |
+-----------+---------------------------------+-----------+

[INFO] Event Manager:  <EventManager> contains 3 active terms.
+--------------------------------------+
| Active Event Terms in Mode: 'startup' |
+----------+---------------------------+
|  Index   | Name                      |
+----------+---------------------------+
|    0     | physics_material          |
+----------+---------------------------+
+---------------------------------------+
|  Active Event Terms in Mode: 'reset'  |
+--------+------------------------------+
| Index  | Name                         |
+--------+------------------------------+
|   0    | base_external_force_torque   |
|   1    | reset_base                   |
|   2    | reset_robot_joints           |
+--------+------------------------------+
+----------------------------------------------+
|    Active Event Terms in Mode: 'interval'    |
+-------+------------+-------------------------+
| Index | Name       | Interval time range (s) |
+-------+------------+-------------------------+
|   0   | push_robot |       (10.0, 15.0)      |
+-------+------------+-------------------------+

[INFO] Termination Manager:  <TerminationManager> contains 2 active terms.
+---------------------------------+
|     Active Termination Terms    |
+-------+--------------+----------+
| Index | Name         | Time Out |
+-------+--------------+----------+
|   0   | time_out     |   True   |
|   1   | base_contact |  False   |
+-------+--------------+----------+

[INFO] Reward Manager:  <RewardManager> contains 11 active terms.
+-----------------------------------------+
|           Active Reward Terms           |
+-------+----------------------+----------+
| Index | Name                 |   Weight |
+-------+----------------------+----------+
|   0   | track_lin_vel_xy_exp |      1.0 |
|   1   | track_ang_vel_z_exp  |      0.5 |
|   2   | lin_vel_z_l2         |     -2.0 |
|   3   | ang_vel_xy_l2        |    -0.05 |
|   4   | dof_torques_l2       | -2.5e-05 |
|   5   | dof_acc_l2           | -2.5e-07 |
|   6   | action_rate_l2       |    -0.01 |
|   7   | feet_air_time        |      0.5 |
|   8   | undesired_contacts   |     -1.0 |
|   9   | flat_orientation_l2  |     -5.0 |
|   10  | dof_pos_limits       |      0.0 |
+-------+----------------------+----------+

[INFO] Curriculum Manager:  <CurriculumManager> contains 0 active terms.
+----------------------+
| Active Curriculum Terms |
+-----------+----------+
|   Index   | Name     |
+-----------+----------+
+-----------+----------+

[INFO]: Completed setting up the environment...
[STAGE] environment_create_done
[STAGE] policy_adapter_setup_start
Setting seed: 0
[STAGE] policy_adapter_setup_done
2026-10-08 15:19:19 [17,241ms] [Warning] [omni.hydra.scene_delegate.plugin] Calling getBypassRenderSkelMeshProcessing for prim /World/envs/env_0/Robot/leg1_foot_link/visuals.proto_sphere_id0 that has not been populated
2026-10-08 15:19:20 [17,498ms] [Warning] [rtx.postprocessing.plugin] DLSS increasing input dimensions: Render resolution of (480, 270) is below minimal input resolution of 300.
2026-10-08 15:19:20 [17,518ms] [Warning] [omni.syntheticdata.plugin] OgnSdPostRenderVarToHost : rendervar copy from texture directly to host buffer is counter-performant. Please use copy from texture to device buffer first.
[INFO] task=YoboGo-Velocity-Flat-v0
[INFO] weights_adaptation=/run/media/pma213x/0C6A8CC86A8CAFCE/Ubuntu2/CodeU/Dog1/mini-cheetah-isaaclab/external_models/rapid-locomotion-rl/runs/rapid-locomotion/example/train/201852.132488/checkpoints/adaptation_module_latest.jit
[INFO] weights_body=/run/media/pma213x/0C6A8CC86A8CAFCE/Ubuntu2/CodeU/Dog1/mini-cheetah-isaaclab/external_models/rapid-locomotion-rl/runs/rapid-locomotion/example/train/201852.132488/checkpoints/body_latest.jit
[INFO] yobogo_observation_dim=48 rapid_observation_dim=42
[INFO] history_dim=630 action_dim=12
[INFO] inference_period=10 control_period_s=0.002 inference_hz=50
[INFO] rapid_replay_actuator_kp=20 kd=0.5 effort=18/18/26
[INFO] scenario=left rapid_command_requested=[0.0, 0.6, 0.0] settle_steps=200 motion_steps=600
[INFO] model_dummy_action_shape=(1, 12)
[INFO] model_dummy_latent_shape=(1, 18)
[STAGE] event_loop_start
[STAGE] first_step_done
[DIAG_INFER] step=201 policy_action_max=2.062559 applied_action_max=0.250000 obs_max=0.994651 history_nonzero_rows=0 position_clip=0 torque_clip=0 action=[0.5315667986869812, 1.2303001880645752, 0.9025242328643799, -0.8387911915779114, 0.4145144522190094, 0.451407253742218, -0.6097647547721863, -2.0625593662261963, 1.381143569946289, -1.4769841432571411, -0.17973729968070984, -0.284820556640625]
[DIAG_TARGET] step=201 target_error=0.000000000 default=[0.0, -0.7853981852531433, 1.8654682636260986, 0.0, -0.7853981852531433, 1.8654682636260986, 0.0, -0.7853981852531433, 1.8654682636260986, 0.0, -0.7853981852531433, 1.8654682636260986] desired=[-0.06875000149011612, -0.737500011920929, 1.6825000047683716, 0.06875000149011612, -0.737500011920929, 1.6825000047683716, -0.13124999403953552, -0.862500011920929, 1.6825000047683716, 0.06875000149011612, -0.844934344291687, 1.5575000047683716] applied=[-0.06875000149011612, -0.737500011920929, 1.6825000047683716, 0.06875000149011612, -0.737500011920929, 1.6825000047683716, -0.13124999403953552, -0.862500011920929, 1.6825000047683716, 0.06875000149011612, -0.844934344291687, 1.5575000047683716] current=[-0.0024403841234743595, -0.6918299794197083, 1.9583570957183838, 0.004305108916014433, -0.6998584270477295, 1.949951171875, -0.0021274820901453495, -0.7055445313453674, 2.1805853843688965, 0.00408512307330966, -0.7093164324760437, 2.1707520484924316]
[DIAG_INFER] step=211 policy_action_max=5.720009 applied_action_max=0.250000 obs_max=2.062559 history_nonzero_rows=1 position_clip=0 torque_clip=1 action=[5.7200093269348145, 0.8377317190170288, 3.221541166305542, 0.27031660079956055, 0.6422549486160278, -0.3667973279953003, -5.566102027893066, -0.7097097635269165, -4.277144432067871, -5.318414211273193, -2.78360652923584, 3.436800479888916]
[DIAG_TARGET] step=211 target_error=0.000000000 default=[0.0, -0.7853981852531433, 1.8654682636260986, 0.0, -0.7853981852531433, 1.8654682636260986, 0.0, -0.7853981852531433, 1.8654682636260986, 0.0, -0.7853981852531433, 1.8654682636260986] desired=[-0.06875000149011612, -0.737500011920929, 1.6825000047683716, 0.13124999403953552, -0.737500011920929, 1.5575000047683716, -0.13124999403953552, -0.862500011920929, 1.5575000047683716, 0.06875000149011612, -0.2574421167373657, 1.6825000047683716] applied=[-0.06875000149011612, -0.737500011920929, 1.6825000047683716, 0.13124999403953552, -0.737500011920929, 1.5575000047683716, -0.13124999403953552, -0.862500011920929, 1.5575000047683716, 0.06875000149011612, -0.2574421167373657, 1.6825000047683716] current=[-0.013388809747993946, -0.6663467884063721, 1.940671682357788, -0.006636262405663729, -0.6718361377716064, 1.929539680480957, -0.010210629552602768, -0.6799899339675903, 2.1856796741485596, -0.002808770164847374, -0.6785738468170166, 2.16937518119812]
[DIAG_INFER] step=221 policy_action_max=6.898514 applied_action_max=0.250000 obs_max=5.720009 history_nonzero_rows=2 position_clip=0 torque_clip=3 action=[6.628347873687744, -0.7095111608505249, 2.7733724117279053, 0.08583274483680725, 1.2622319459915161, 1.4081159830093384, -5.005581855773926, 2.907090902328491, -3.9356131553649902, -6.8985137939453125, -2.559051513671875, 3.181889533996582]
[DIAG_TARGET] step=221 target_error=0.000000000 default=[0.0, -0.7853981852531433, 1.8654682636260986, 0.0, -0.7853981852531433, 1.8654682636260986, 0.0, -0.7853981852531433, 1.8654682636260986, 0.0, -0.7853981852531433, 1.8654682636260986] desired=[-0.06875000149011612, -0.862500011920929, 1.6825000047683716, 0.11072909832000732, -0.737500011920929, 1.6825000047683716, -0.13124999403953552, -0.737500011920929, 1.5575000047683716, -0.2203705906867981, 0.5519240498542786, 0.9586215019226074] applied=[-0.06875000149011612, -0.862500011920929, 1.6825000047683716, 0.11072909832000732, -0.737500011920929, 1.6825000047683716, -0.13124999403953552, -0.737500011920929, 1.5575000047683716, -0.2203705906867981, 0.5519240498542786, 0.9586215019226074] current=[-0.029033174738287926, -0.6281052827835083, 1.9034953117370605, -0.021959226578474045, -0.6284963488578796, 1.8852180242538452, -0.021181436255574226, -0.641236424446106, 2.161607503890991, 0.009986456483602524, -0.5760276317596436, 2.0964090824127197]
[DIAG_INFER] step=231 policy_action_max=7.515997 applied_action_max=0.250000 obs_max=6.898514 history_nonzero_rows=3 position_clip=0 torque_clip=2 action=[5.690810203552246, -2.356969118118286, 3.422947406768799, -0.8093893527984619, 1.4160358905792236, 1.0025334358215332, -5.37283182144165, -0.15388119220733643, -2.676175594329834, -7.515996932983398, -3.652289390563965, 0.8262467980384827]
[DIAG_TARGET] step=231 target_error=0.000000000 default=[0.0, -0.7853981852531433, 1.8654682636260986, 0.0, -0.7853981852531433, 1.8654682636260986, 0.0, -0.7853981852531433, 1.8654682636260986, 0.0, -0.7853981852531433, 1.8654682636260986] desired=[-0.06875000149011612, -0.862500011920929, 1.6825000047683716, 0.06875000149011612, -0.737500011920929, 1.6825000047683716, -0.13124999403953552, -0.5582060813903809, 1.5575000047683716, -1.5, -0.862500011920929, 1.6825000047683716] applied=[-0.06875000149011612, -0.862500011920929, 1.6825000047683716, 0.06875000149011612, -0.737500011920929, 1.6825000047683716, -0.13124999403953552, -0.5582060813903809, 1.5575000047683716, -1.5, -0.862500011920929, 1.6825000047683716] current=[-0.09463541209697723, -0.617800235748291, 1.8943520784378052, -0.0316217876970768, -0.6006195545196533, 1.8131346702575684, -0.07582620531320572, -0.5713806748390198, 2.0903406143188477, -0.01458077784627676, -0.25572025775909424, 1.8026297092437744]
[DIAG_INFER] step=241 policy_action_max=4.103144 applied_action_max=0.250000 obs_max=7.515997 history_nonzero_rows=4 position_clip=0 torque_clip=2 action=[4.10314416885376, -2.6941559314727783, 1.7160065174102783, -3.9592559337615967, 2.625539541244507, 0.9387658834457397, -1.2674541473388672, -0.6429398059844971, 0.7642819881439209, -3.6765737533569336, -2.4073596000671387, 0.5483049154281616]
[DIAG_TARGET] step=241 target_error=0.000000000 default=[0.0, -0.7853981852531433, 1.8654682636260986, 0.0, -0.7853981852531433, 1.8654682636260986, 0.0, -0.7853981852531433, 1.8654682636260986, 0.0, -0.7853981852531433, 1.8654682636260986] desired=[-0.06875000149011612, -0.862500011920929, 1.6825000047683716, 0.06875000149011612, -0.737500011920929, 1.6825000047683716, -0.4115030765533447, -0.862500011920929, 1.6825000047683716, -0.5645280480384827, -0.862500011920929, 1.6825000047683716] applied=[-0.06875000149011612, -0.862500011920929, 1.6825000047683716, 0.06875000149011612, -0.737500011920929, 1.6825000047683716, -0.4115030765533447, -0.862500011920929, 1.6825000047683716, -0.5645280480384827, -0.862500011920929, 1.6825000047683716] current=[-0.171055406332016, -0.6215620040893555, 1.916445255279541, -0.021793538704514503, -0.6548867225646973, 1.7371299266815186, -0.2043755203485489, -0.489594429731369, 2.0007991790771484, -0.5679957866668701, -0.30891522765159607, 1.8256738185882568]
[DIAG_INFER] step=251 policy_action_max=5.367887 applied_action_max=0.250000 obs_max=4.103144 history_nonzero_rows=5 position_clip=0 torque_clip=2 action=[4.110530853271484, 2.9907357692718506, 3.2634403705596924, 1.0990815162658691, -0.8607817888259888, -5.367886543273926, -1.9040348529815674, 0.9365622997283936, 0.1289064884185791, -0.8130840063095093, -4.209488391876221, 4.320339679718018]
[DIAG_TARGET] step=251 target_error=0.000000000 default=[0.0, -0.7853981852531433, 1.8654682636260986, 0.0, -0.7853981852531433, 1.8654682636260986, 0.0, -0.7853981852531433, 1.8654682636260986, 0.0, -0.7853981852531433, 1.8654682636260986] desired=[-0.06875000149011612, -0.737500011920929, 1.6825000047683716, 0.13124999403953552, -0.862500011920929, 1.5575000047683716, -0.13124999403953552, -0.737500011920929, 1.6522266864776611, 0.6292062401771545, -1.190476655960083, 1.6825000047683716] applied=[-0.06875000149011612, -0.737500011920929, 1.6825000047683716, 0.13124999403953552, -0.862500011920929, 1.5575000047683716, -0.13124999403953552, -0.737500011920929, 1.6522266864776611, 0.6292062401771545, -1.190476655960083, 1.6825000047683716] current=[-0.13275884091854095, -0.6398778557777405, 1.9065113067626953, 0.09123682975769043, -0.725437581539154, 1.7008641958236694, -0.26547178626060486, -0.5265412926673889, 1.9509572982788086, -0.7330645322799683, -0.4941544532775879, 1.8664005994796753]
[DIAG_INFER] step=261 policy_action_max=9.347177 applied_action_max=0.250000 obs_max=5.367887 history_nonzero_rows=6 position_clip=0 torque_clip=2 action=[4.853516101837158, 2.345644235610962, 4.205477714538574, 2.1251842975616455, -0.26608097553253174, -5.501191139221191, -4.289578914642334, 2.1592679023742676, -3.5409207344055176, 1.4822629690170288, -9.347176551818848, 5.927082538604736]
[DIAG_TARGET] step=261 target_error=0.000000000 default=[0.0, -0.7853981852531433, 1.8654682636260986, 0.0, -0.7853981852531433, 1.8654682636260986, 0.0, -0.7853981852531433, 1.8654682636260986, 0.0, -0.7853981852531433, 1.8654682636260986] desired=[-0.06875000149011612, -0.737500011920929, 1.6825000047683716, 0.13124999403953552, -0.862500011920929, 1.5575000047683716, -0.13124999403953552, -0.737500011920929, 1.5575000047683716, 1.5, -0.862500011920929, -1.2618281841278076] applied=[-0.06875000149011612, -0.737500011920929, 1.6825000047683716, 0.13124999403953552, -0.862500011920929, 1.5575000047683716, -0.13124999403953552, -0.737500011920929, 1.5575000047683716, 1.5, -0.862500011920929, -1.2618281841278076] current=[-0.03388379514217377, -0.639333963394165, 1.8295283317565918, 0.19805389642715454, -0.8059414029121399, 1.6242003440856934, -0.16140173375606537, -0.5557735562324524, 1.8922325372695923, -0.30586257576942444, -0.6566893458366394, 1.962275743484497]
[DIAG_INFER] step=271 policy_action_max=5.577979 applied_action_max=0.250000 obs_max=9.347177 history_nonzero_rows=7 position_clip=0 torque_clip=4 action=[2.404973030090332, 0.08627381920814514, 3.4030730724334717, -1.2215863466262817, 1.3034003973007202, -1.7943962812423706, -5.577978610992432, -2.005958080291748, -0.2731156349182129, -2.3719377517700195, -4.9575090408325195, 1.061327338218689]
[DIAG_TARGET] step=271 target_error=0.000000000 default=[0.0, -0.7853981852531433, 1.8654682636260986, 0.0, -0.7853981852531433, 1.8654682636260986, 0.0, -0.7853981852531433, 1.8654682636260986, 0.0, -0.7853981852531433, 1.8654682636260986] desired=[-0.06875000149011612, -0.7784315347671509, 1.6825000047683716, 0.06875000149011612, -0.737500011920929, 1.5575000047683716, 0.14861086010932922, -0.862500011920929, 1.5575000047683716, -0.10803848505020142, -2.335604667663574, -0.07101964950561523] applied=[-0.06875000149011612, -0.7784315347671509, 1.6825000047683716, 0.06875000149011612, -0.737500011920929, 1.5575000047683716, 0.14861086010932922, -0.862500011920929, 1.5575000047683716, -0.10803848505020142, -2.335604667663574, -0.07101964950561523] current=[-0.011754866689443588, -0.6740222573280334, 1.7453639507293701, 0.2703629434108734, -0.8170886039733887, 1.6662168502807617, -0.06918127834796906, -0.5674824714660645, 1.7958216667175293, 0.2941926419734955, -0.5122933387756348, 1.7034162282943726]
[DIAG_INFER] step=281 policy_action_max=5.264669 applied_action_max=0.250000 obs_max=5.577979 history_nonzero_rows=8 position_clip=0 torque_clip=2 action=[3.176140785217285, 0.9248136281967163, 2.458397388458252, -2.7691214084625244, -0.22895343601703644, -2.6390860080718994, -4.725729465484619, -3.1238081455230713, 0.04457569122314453, -5.264669418334961, -2.320533037185669, -1.674407720565796]
[DIAG_TARGET] step=281 target_error=0.000000000 default=[0.0, -0.7853981852531433, 1.8654682636260986, 0.0, -0.7853981852531433, 1.8654682636260986, 0.0, -0.7853981852531433, 1.8654682636260986, 0.0, -0.7853981852531433, 1.8654682636260986] desired=[-0.06875000149011612, -0.737500011920929, 1.6825000047683716, 0.06875000149011612, -0.8572383522987366, 1.5575000047683716, -0.13124999403953552, -0.862500011920929, 1.6311439275741577, -1.5, -2.9349846839904785, 1.5575000047683716] applied=[-0.06875000149011612, -0.737500011920929, 1.6825000047683716, 0.06875000149011612, -0.8572383522987366, 1.5575000047683716, -0.13124999403953552, -0.862500011920929, 1.6311439275741577, -1.5, -2.9349846839904785, 1.5575000047683716] current=[-0.12523864209651947, -0.7380157709121704, 1.7116574048995972, 0.15865857899188995, -0.7506679892539978, 1.6319563388824463, -0.062226392328739166, -0.6313808560371399, 1.76751708984375, 0.3058168888092041, -0.38736340403556824, 1.4944289922714233]
[DIAG_INFER] step=291 policy_action_max=4.247540 applied_action_max=0.250000 obs_max=5.264669 history_nonzero_rows=9 position_clip=0 torque_clip=3 action=[4.019052028656006, 1.2724745273590088, 1.5298032760620117, 1.8141289949417114, 0.2616124749183655, -2.4118411540985107, -2.5377581119537354, 2.4317948818206787, -3.7633838653564453, 0.8876478672027588, -4.247540473937988, 3.992466926574707]
[DIAG_TARGET] step=291 target_error=0.000000000 default=[0.0, -0.7853981852531433, 1.8654682636260986, 0.0, -0.7853981852531433, 1.8654682636260986, 0.0, -0.7853981852531433, 1.8654682636260986, 0.0, -0.7853981852531433, 1.8654682636260986] desired=[-0.06875000149011612, -0.737500011920929, 1.6825000047683716, 0.13124999403953552, -0.737500011920929, 1.5575000047683716, -0.36623990535736084, -0.8257714509963989, 1.5575000047683716, 0.39371365308761597, -0.862500011920929, 1.6825000047683716] applied=[-0.06875000149011612, -0.737500011920929, 1.6825000047683716, 0.13124999403953552, -0.737500011920929, 1.5575000047683716, -0.36623990535736084, -0.8257714509963989, 1.5575000047683716, 0.39371365308761597, -0.862500011920929, 1.6825000047683716] current=[-0.17395783960819244, -0.7641347646713257, 1.693949580192566, -0.003202519379556179, -0.7650662064552307, 1.585433006286621, -0.1624312400817871, -0.7023117542266846, 1.7551934719085693, -0.31403225660324097, -0.8479188084602356, 1.7162495851516724]
[DIAG_INFER] step=301 policy_action_max=9.703387 applied_action_max=0.250000 obs_max=4.247540 history_nonzero_rows=10 position_clip=0 torque_clip=2 action=[6.27673864364624, 5.175426483154297, 4.436826705932617, 6.106532096862793, 3.0339138507843018, -5.739332675933838, -4.149199485778809, 1.845459222793579, -3.5346696376800537, 2.57304048538208, -6.282753944396973, 9.703387260437012]
[DIAG_TARGET] step=301 target_error=0.000000000 default=[0.0, -0.7853981852531433, 1.8654682636260986, 0.0, -0.7853981852531433, 1.8654682636260986, 0.0, -0.7853981852531433, 1.8654682636260986, 0.0, -0.7853981852531433, 1.8654682636260986] desired=[-0.06875000149011612, -0.737500011920929, 1.6825000047683716, 0.13124999403953552, -0.737500011920929, 1.5575000047683716, -0.13124999403953552, -0.737500011920929, 1.5575000047683716, 1.5, -0.6543344259262085, 1.6825000047683716] applied=[-0.06875000149011612, -0.737500011920929, 1.6825000047683716, 0.13124999403953552, -0.737500011920929, 1.5575000047683716, -0.13124999403953552, -0.737500011920929, 1.5575000047683716, 1.5, -0.6543344259262085, 1.6825000047683716] current=[-0.05652941018342972, -0.7447494864463806, 1.692225694656372, 0.1268874555826187, -0.7721538543701172, 1.5691355466842651, -0.19133462011814117, -0.7330433130264282, 1.694998860359192, -0.24499636888504028, -1.0512402057647705, 1.6294392347335815]
[DIAG_INFER] step=311 policy_action_max=5.660584 applied_action_max=0.250000 obs_max=9.703387 history_nonzero_rows=11 position_clip=0 torque_clip=1 action=[3.8084678649902344, 0.24059048295021057, 1.516701102256775, 1.027800440788269, 2.710644483566284, -0.5082582235336304, -5.660584449768066, -2.07210111618042, -2.590712308883667, -2.844589948654175, -2.275771141052246, 2.267078161239624]
[DIAG_TARGET] step=311 target_error=0.000000000 default=[0.0, -0.7853981852531433, 1.8654682636260986, 0.0, -0.7853981852531433, 1.8654682636260986, 0.0, -0.7853981852531433, 1.8654682636260986, 0.0, -0.7853981852531433, 1.8654682636260986] desired=[-0.06875000149011612, -0.7398523688316345, 1.6825000047683716, 0.13124999403953552, -0.737500011920929, 1.5575000047683716, 0.5707589387893677, -0.862500011920929, 1.5575000047683716, 0.06875000149011612, -0.862500011920929, 1.6825000047683716] applied=[-0.06875000149011612, -0.7398523688316345, 1.6825000047683716, 0.13124999403953552, -0.737500011920929, 1.5575000047683716, 0.5707589387893677, -0.862500011920929, 1.5575000047683716, 0.06875000149011612, -0.862500011920929, 1.6825000047683716] current=[-0.011516649276018143, -0.729771077632904, 1.6842453479766846, 0.20137952268123627, -0.7638105750083923, 1.5656301975250244, -0.16627724468708038, -0.7403566837310791, 1.6484854221343994, 0.5475203394889832, -0.8043626546859741, 1.6019611358642578]
[DIAG_INFER] step=321 policy_action_max=5.449394 applied_action_max=0.250000 obs_max=5.660584 history_nonzero_rows=12 position_clip=0 torque_clip=1 action=[4.159674644470215, -0.09743925929069519, 0.7256951332092285, -0.4488423466682434, 1.1163647174835205, -0.3819659948348999, -1.1759767532348633, 0.5747401714324951, -1.662552833557129, -5.449394226074219, -1.9386928081512451, -1.1152615547180176]
[DIAG_TARGET] step=321 target_error=0.000000000 default=[0.0, -0.7853981852531433, 1.8654682636260986, 0.0, -0.7853981852531433, 1.8654682636260986, 0.0, -0.7853981852531433, 1.8654682636260986, 0.0, -0.7853981852531433, 1.8654682636260986] desired=[-0.06875000149011612, -0.8243598341941833, 1.6825000047683716, 0.06875000149011612, -0.737500011920929, 1.5575000047683716, -0.13124999403953552, -0.737500011920929, 1.5575000047683716, -1.3089826107025146, -0.862500011920929, 1.5575000047683716] applied=[-0.06875000149011612, -0.8243598341941833, 1.6825000047683716, 0.06875000149011612, -0.737500011920929, 1.5575000047683716, -0.13124999403953552, -0.737500011920929, 1.5575000047683716, -1.3089826107025146, -0.862500011920929, 1.5575000047683716] current=[-0.07900345325469971, -0.7275991439819336, 1.6872210502624512, 0.11015534400939941, -0.7374941110610962, 1.556788444519043, 0.0378272719681263, -0.7633344531059265, 1.6743800640106201, 0.60101318359375, -0.7339345812797546, 1.6732566356658936]
[DIAG_INFER] step=331 policy_action_max=9.543891 applied_action_max=0.250000 obs_max=5.449394 history_nonzero_rows=13 position_clip=0 torque_clip=4 action=[-1.43946373462677, 0.8773823976516724, 0.6383240222930908, -9.109347343444824, 2.615751266479492, 2.268202781677246, 4.155157089233398, -9.543890953063965, 7.791622161865234, -0.5211840867996216, -6.269826412200928, -2.358119010925293]
[DIAG_TARGET] step=331 target_error=0.000000000 default=[0.0, -0.7853981852531433, 1.8654682636260986, 0.0, -0.7853981852531433, 1.8654682636260986, 0.0, -0.7853981852531433, 1.8654682636260986, 0.0, -0.7853981852531433, 1.8654682636260986] desired=[-0.13124999403953552, -0.737500011920929, 1.6825000047683716, 0.06875000149011612, -0.737500011920929, 1.6825000047683716, -0.20993733406066895, -0.862500011920929, 1.6825000047683716, -0.26351994276046753, -1.1532576084136963, 2.700000047683716] applied=[-0.13124999403953552, -0.737500011920929, 1.6825000047683716, 0.06875000149011612, -0.737500011920929, 1.6825000047683716, -0.20993733406066895, -0.862500011920929, 1.6825000047683716, -0.26351994276046753, -1.1532576084136963, 2.700000047683716] current=[-0.16642221808433533, -0.761451005935669, 1.7332032918930054, -0.0026853943709284067, -0.7182689905166626, 1.5569589138031006, -0.014031372033059597, -0.7344521880149841, 1.6491587162017822, -0.1613323986530304, -0.7904374003410339, 1.6198794841766357]
[DIAG_INFER] step=341 policy_action_max=14.118534 applied_action_max=0.250000 obs_max=9.543891 history_nonzero_rows=14 position_clip=0 torque_clip=1 action=[3.6881985664367676, 4.607335090637207, 1.6812512874603271, -14.118534088134766, -0.5233542919158936, 4.421199798583984, 2.483187675476074, -11.694198608398438, 5.919323921203613, 8.309162139892578, -2.5198287963867188, -4.597479343414307]
[DIAG_TARGET] step=341 target_error=0.000000000 default=[0.0, -0.7853981852531433, 1.8654682636260986, 0.0, -0.7853981852531433, 1.8654682636260986, 0.0, -0.7853981852531433, 1.8654682636260986, 0.0, -0.7853981852531433, 1.8654682636260986] desired=[-0.06875000149011612, -0.737500011920929, 1.6825000047683716, 0.06875000149011612, -0.862500011920929, 1.6825000047683716, -0.06875000149011612, -0.862500011920929, 1.6825000047683716, 0.13124999403953552, -0.862500011920929, 2.700000047683716] applied=[-0.06875000149011612, -0.737500011920929, 1.6825000047683716, 0.06875000149011612, -0.862500011920929, 1.6825000047683716, -0.06875000149011612, -0.862500011920929, 1.6825000047683716, 0.13124999403953552, -0.862500011920929, 2.700000047683716] current=[-0.13727828860282898, -0.7531446218490601, 1.78065824508667, 0.10355908423662186, -0.7389047145843506, 1.6310590505599976, -0.051032617688179016, -0.7787066102027893, 1.6683882474899292, -0.4522496163845062, -0.9440896511077881, 2.145512580871582]
[DIAG_INFER] step=351 policy_action_max=16.197447 applied_action_max=0.250000 obs_max=14.118534 history_nonzero_rows=15 position_clip=0 torque_clip=2 action=[8.49147891998291, 3.8242361545562744, 2.0098533630371094, -16.197446823120117, -0.08646084368228912, 4.856229782104492, 2.3546206951141357, -9.268072128295898, 3.557875633239746, 11.55062198638916, -3.640407085418701, -3.594451904296875]
[DIAG_TARGET] step=351 target_error=0.000000000 default=[0.0, -0.7853981852531433, 1.8654682636260986, 0.0, -0.7853981852531433, 1.8654682636260986, 0.0, -0.7853981852531433, 1.8654682636260986, 0.0, -0.7853981852531433, 1.8654682636260986] desired=[-0.06875000149011612, -0.737500011920929, 1.6825000047683716, 0.06875000149011612, -0.8216152191162109, 1.6825000047683716, -0.06875000149011612, -0.862500011920929, 1.6825000047683716, 0.9877477288246155, -0.862500011920929, 2.700000047683716] applied=[-0.06875000149011612, -0.737500011920929, 1.6825000047683716, 0.06875000149011612, -0.8216152191162109, 1.6825000047683716, -0.06875000149011612, -0.862500011920929, 1.6825000047683716, 0.9877477288246155, -0.862500011920929, 2.700000047683716] current=[-0.08810477703809738, -0.7530717253684998, 1.8192951679229736, 0.14169199764728546, -0.7984529733657837, 1.6661806106567383, -0.05493428558111191, -0.8405832052230835, 1.6852048635482788, -0.14995291829109192, -0.9199221134185791, 2.4536352157592773]
[DIAG_INFER] step=361 policy_action_max=17.879257 applied_action_max=0.250000 obs_max=16.197447 history_nonzero_rows=15 position_clip=0 torque_clip=3 action=[9.4207763671875, 3.029186964035034, 1.7590434551239014, -17.879257202148438, -0.6417770385742188, 4.980205535888672, 3.558889389038086, -10.482975006103516, 3.8373355865478516, 13.59719181060791, -4.453055381774902, -3.7099244594573975]
[DIAG_TARGET] step=361 target_error=0.000000000 default=[0.0, -0.7853981852531433, 1.8654682636260986, 0.0, -0.7853981852531433, 1.8654682636260986, 0.0, -0.7853981852531433, 1.8654682636260986, 0.0, -0.7853981852531433, 1.8654682636260986] desired=[-0.06875000149011612, -0.737500011920929, 1.6825000047683716, 0.06875000149011612, -0.862500011920929, 1.6825000047683716, 0.18584315478801727, -0.862500011920929, 1.6825000047683716, 1.4697721004486084, -0.862500011920929, 2.700000047683716] applied=[-0.06875000149011612, -0.737500011920929, 1.6825000047683716, 0.06875000149011612, -0.862500011920929, 1.6825000047683716, 0.18584315478801727, -0.862500011920929, 1.6825000047683716, 1.4697721004486084, -0.862500011920929, 2.700000047683716] current=[-0.014409012161195278, -0.7584980726242065, 1.8580948114395142, 0.11764775216579437, -0.8369341492652893, 1.671677589416504, 0.0028807150665670633, -0.8687528371810913, 1.7433890104293823, 0.4688538908958435, -0.8283316493034363, 2.575911521911621]
[DIAG_INFER] step=371 policy_action_max=19.686913 applied_action_max=0.250000 obs_max=17.879257 history_nonzero_rows=15 position_clip=0 torque_clip=3 action=[8.693145751953125, 2.873157262802124, 1.2622613906860352, -19.686912536621094, -1.0146024227142334, 5.359973430633545, 5.179464817047119, -11.973733901977539, 3.240265130996704, 13.851635932922363, -5.140636444091797, -4.684159278869629]
[DIAG_TARGET] step=371 target_error=0.000000000 default=[0.0, -0.7853981852531433, 1.8654682636260986, 0.0, -0.7853981852531433, 1.8654682636260986, 0.0, -0.7853981852531433, 1.8654682636260986, 0.0, -0.7853981852531433, 1.8654682636260986] desired=[-0.06875000149011612, -0.737500011920929, 1.6825000047683716, 0.06875000149011612, -0.862500011920929, 1.6825000047683716, 0.7134703993797302, -0.862500011920929, 1.6825000047683716, 1.2652766704559326, -0.862500011920929, 2.700000047683716] applied=[-0.06875000149011612, -0.737500011920929, 1.6825000047683716, 0.06875000149011612, -0.862500011920929, 1.6825000047683716, 0.7134703993797302, -0.862500011920929, 1.6825000047683716, 1.2652766704559326, -0.862500011920929, 2.700000047683716] current=[0.05007424205541611, -0.7607001662254333, 1.9027066230773926, 0.0651923269033432, -0.849520206451416, 1.6740047931671143, 0.09648742526769638, -0.8834702372550964, 1.801598072052002, 1.0604393482208252, -0.7965483069419861, 2.6367316246032715]
[DIAG_INFER] step=381 policy_action_max=18.947508 applied_action_max=0.250000 obs_max=19.686913 history_nonzero_rows=15 position_clip=0 torque_clip=3 action=[7.266549110412598, 3.7822587490081787, 1.6514403820037842, -18.947507858276367, -0.6524057388305664, 6.698383331298828, 9.581138610839844, -11.616264343261719, 2.277158260345459, 9.416068077087402, -6.104608535766602, -0.8343132734298706]
[DIAG_TARGET] step=381 target_error=0.000000000 default=[0.0, -0.7853981852531433, 1.8654682636260986, 0.0, -0.7853981852531433, 1.8654682636260986, 0.0, -0.7853981852531433, 1.8654682636260986, 0.0, -0.7853981852531433, 1.8654682636260986] desired=[-0.06875000149011612, -0.737500011920929, 1.6825000047683716, 0.06875000149011612, -0.862500011920929, 1.6825000047683716, 0.43157637119293213, -0.862500011920929, 1.6825000047683716, 0.37621694803237915, -0.862500011920929, 2.700000047683716] applied=[-0.06875000149011612, -0.737500011920929, 1.6825000047683716, 0.06875000149011612, -0.862500011920929, 1.6825000047683716, 0.43157637119293213, -0.862500011920929, 1.6825000047683716, 0.37621694803237915, -0.862500011920929, 2.700000047683716] current=[0.0881722941994667, -0.7584128975868225, 1.9516758918762207, 0.028708327561616898, -0.8433069586753845, 1.6763454675674438, 0.3567143678665161, -0.869064450263977, 1.7860010862350464, 1.2431858777999878, -0.829602062702179, 2.6805596351623535]
[DIAG_INFER] step=391 policy_action_max=16.132463 applied_action_max=0.250000 obs_max=18.947508 history_nonzero_rows=15 position_clip=0 torque_clip=2 action=[-1.2763055562973022, 7.567193031311035, 4.386964321136475, -16.132463455200195, 3.773388624191284, 2.5190961360931396, 11.994622230529785, -13.677452087402344, 3.576327323913574, -12.389793395996094, -7.919544219970703, 0.17417408525943756]
[DIAG_TARGET] step=391 target_error=0.000000000 default=[0.0, -0.7853981852531433, 1.8654682636260986, 0.0, -0.7853981852531433, 1.8654682636260986, 0.0, -0.7853981852531433, 1.8654682636260986, 0.0, -0.7853981852531433, 1.8654682636260986] desired=[-0.13124999403953552, -0.737500011920929, 1.6825000047683716, 0.06875000149011612, -0.737500011920929, 1.6825000047683716, -0.06875000149011612, -0.862500011920929, 1.6825000047683716, -1.5, -0.862500011920929, 2.700000047683716] applied=[-0.13124999403953552, -0.737500011920929, 1.6825000047683716, 0.06875000149011612, -0.737500011920929, 1.6825000047683716, -0.06875000149011612, -0.862500011920929, 1.6825000047683716, -1.5, -0.862500011920929, 2.700000047683716] current=[0.0164557583630085, -0.7677856087684631, 2.031485080718994, -0.01721843145787716, -0.8253130316734314, 1.6966580152511597, 0.442611962556839, -0.8453706502914429, 1.7782617807388306, 0.7959342002868652, -0.8616567850112915, 2.6958987712860107]
[DIAG_INFER] step=401 policy_action_max=18.499315 applied_action_max=0.250000 obs_max=16.132463 history_nonzero_rows=15 position_clip=0 torque_clip=2 action=[0.3799501061439514, 3.9548213481903076, 2.050776720046997, -18.49931526184082, 6.281550884246826, 1.8560489416122437, 3.889982223510742, -16.143190383911133, 4.159607887268066, -14.333580017089844, -7.264754772186279, -3.0375123023986816]
[DIAG_TARGET] step=401 target_error=0.000000000 default=[0.0, -0.7853981852531433, 1.8654682636260986, 0.0, -0.7853981852531433, 1.8654682636260986, 0.0, -0.7853981852531433, 1.8654682636260986, 0.0, -0.7853981852531433, 1.8654682636260986] desired=[-0.06875000149011612, -0.737500011920929, 1.6825000047683716, 0.06875000149011612, -0.737500011920929, 1.6825000047683716, -0.06875000149011612, -0.862500011920929, 1.6825000047683716, -1.5, -0.862500011920929, 2.700000047683716] applied=[-0.06875000149011612, -0.737500011920929, 1.6825000047683716, 0.06875000149011612, -0.737500011920929, 1.6825000047683716, -0.06875000149011612, -0.862500011920929, 1.6825000047683716, -1.5, -0.862500011920929, 2.700000047683716] current=[-0.11521919071674347, -0.7646338939666748, 2.122053861618042, -0.03388427570462227, -0.7713079452514648, 1.6815667152404785, 0.3703373074531555, -0.8296257853507996, 1.8329719305038452, -0.022080786526203156, -0.8330270051956177, 2.6836612224578857]
[DIAG_INFER] step=411 policy_action_max=21.044294 applied_action_max=0.250000 obs_max=18.499315 history_nonzero_rows=15 position_clip=0 torque_clip=4 action=[0.7646198868751526, 5.316734313964844, -0.5040961503982544, -21.044294357299805, 3.913159132003784, 2.243447780609131, 7.345154285430908, -15.903400421142578, 8.202211380004883, -3.8000214099884033, -2.8022847175598145, -4.6368231773376465]
[DIAG_TARGET] step=411 target_error=0.000000000 default=[0.0, -0.7853981852531433, 1.8654682636260986, 0.0, -0.7853981852531433, 1.8654682636260986, 0.0, -0.7853981852531433, 1.8654682636260986, 0.0, -0.7853981852531433, 1.8654682636260986] desired=[-0.06875000149011612, -0.737500011920929, 1.5575000047683716, 0.06875000149011612, -0.737500011920929, 1.6825000047683716, -0.7571005821228027, -0.862500011920929, 1.6825000047683716, -0.6080631613731384, -0.02917957305908203, 2.700000047683716] applied=[-0.06875000149011612, -0.737500011920929, 1.5575000047683716, 0.06875000149011612, -0.737500011920929, 1.6825000047683716, -0.7571005821228027, -0.862500011920929, 1.6825000047683716, -0.6080631613731384, -0.02917957305908203, 2.700000047683716] current=[-0.1824485808610916, -0.7366706728935242, 2.1930792331695557, 0.030931204557418823, -0.7407355904579163, 1.6813262701034546, 0.31588754057884216, -0.8155303001403809, 1.8879343271255493, -0.8084619045257568, -0.7763856053352356, 2.668325662612915]
[DIAG_INFER] step=421 policy_action_max=18.166380 applied_action_max=0.250000 obs_max=21.044294 history_nonzero_rows=15 position_clip=0 torque_clip=4 action=[0.8396440148353577, 8.618191719055176, 1.1506164073944092, -18.166379928588867, 3.435443162918091, 4.004615783691406, 7.116392135620117, -11.079550743103027, 3.593428134918213, -3.83149790763855, -2.202242374420166, -3.6367597579956055]
[DIAG_TARGET] step=421 target_error=0.000000000 default=[0.0, -0.7853981852531433, 1.8654682636260986, 0.0, -0.7853981852531433, 1.8654682636260986, 0.0, -0.7853981852531433, 1.8654682636260986, 0.0, -0.7853981852531433, 1.8654682636260986] desired=[-0.06875000149011612, -0.737500011920929, 1.6825000047683716, 0.06875000149011612, -0.737500011920929, 1.6825000047683716, -0.06875000149011612, -0.7925518155097961, 1.6825000047683716, -0.7652991414070129, -0.18300950527191162, 2.195194959640503] applied=[-0.06875000149011612, -0.737500011920929, 1.6825000047683716, 0.06875000149011612, -0.737500011920929, 1.6825000047683716, -0.06875000149011612, -0.7925518155097961, 1.6825000047683716, -0.7652991414070129, -0.18300950527191162, 2.195194959640503] current=[-0.194860577583313, -0.7052772045135498, 2.232963800430298, 0.07205095887184143, -0.7318133115768433, 1.6826670169830322, 0.32713812589645386, -0.8041748404502869, 1.9379807710647583, -0.8986515402793884, -0.37340983748435974, 2.645944595336914]
[DIAG_INFER] step=431 policy_action_max=17.657862 applied_action_max=0.250000 obs_max=18.166380 history_nonzero_rows=15 position_clip=0 torque_clip=1 action=[4.382272720336914, 7.518771171569824, 1.1291066408157349, -17.657861709594727, 1.5426595211029053, 5.311953544616699, 6.347785472869873, -9.787055015563965, 3.28444242477417, 1.6947540044784546, 0.18360760807991028, -3.9755990505218506]
[DIAG_TARGET] step=431 target_error=0.000000000 default=[0.0, -0.7853981852531433, 1.8654682636260986, 0.0, -0.7853981852531433, 1.8654682636260986, 0.0, -0.7853981852531433, 1.8654682636260986, 0.0, -0.7853981852531433, 1.8654682636260986] desired=[-0.06875000149011612, -0.737500011920929, 1.6825000047683716, 0.06875000149011612, -0.737500011920929, 1.6825000047683716, -0.06875000149011612, -0.862500011920929, 1.6825000047683716, 0.13124999403953552, -0.07282936573028564, 1.5575000047683716] applied=[-0.06875000149011612, -0.737500011920929, 1.6825000047683716, 0.06875000149011612, -0.737500011920929, 1.6825000047683716, -0.06875000149011612, -0.862500011920929, 1.6825000047683716, 0.13124999403953552, -0.07282936573028564, 1.5575000047683716] current=[-0.20833177864551544, -0.6740463972091675, 2.2532846927642822, 0.059191666543483734, -0.7308340072631836, 1.6813669204711914, 0.3412739038467407, -0.7933666110038757, 1.9817306995391846, -0.8260722160339355, -0.18157292902469635, 2.366804838180542]
[DIAG_INFER] step=441 policy_action_max=16.719591 applied_action_max=0.250000 obs_max=17.657862 history_nonzero_rows=15 position_clip=0 torque_clip=2 action=[13.956045150756836, 5.1856184005737305, 2.9562020301818848, -16.71959114074707, 1.5274754762649536, 4.4310688972473145, -0.939095675945282, -6.66431188583374, -1.908660650253296, 8.047511100769043, -0.6325368881225586, -4.611207485198975]
[DIAG_TARGET] step=441 target_error=0.000000000 default=[0.0, -0.7853981852531433, 1.8654682636260986, 0.0, -0.7853981852531433, 1.8654682636260986, 0.0, -0.7853981852531433, 1.8654682636260986, 0.0, -0.7853981852531433, 1.8654682636260986] desired=[-0.06875000149011612, -0.737500011920929, 1.6825000047683716, 0.06875000149011612, -0.737500011920929, 1.6825000047683716, -0.13124999403953552, -0.862500011920929, 1.5575000047683716, 1.1428239345550537, -0.5287102460861206, 1.5575000047683716] applied=[-0.06875000149011612, -0.737500011920929, 1.6825000047683716, 0.06875000149011612, -0.737500011920929, 1.6825000047683716, -0.13124999403953552, -0.862500011920929, 1.5575000047683716, 1.1428239345550537, -0.5287102460861206, 1.5575000047683716] current=[-0.15807683765888214, -0.6489675045013428, 2.2450520992279053, 0.07706329226493835, -0.7354139685630798, 1.682062029838562, 0.42305001616477966, -0.7797285318374634, 2.0051896572113037, -0.40463146567344666, -0.10218408703804016, 1.899804711341858]
[DIAG_INFER] step=451 policy_action_max=11.446996 applied_action_max=0.250000 obs_max=16.719591 history_nonzero_rows=15 position_clip=0 torque_clip=4 action=[11.446995735168457, 4.303476810455322, 7.9047932624816895, -3.1138617992401123, 3.2969512939453125, -3.7342803478240967, -2.6193370819091797, -0.7122396230697632, -3.7726292610168457, 4.474051475524902, -1.905816674232483, 1.1788328886032104]
[DIAG_TARGET] step=451 target_error=0.000000000 default=[0.0, -0.7853981852531433, 1.8654682636260986, 0.0, -0.7853981852531433, 1.8654682636260986, 0.0, -0.7853981852531433, 1.8654682636260986, 0.0, -0.7853981852531433, 1.8654682636260986] desired=[-0.06875000149011612, -0.737500011920929, 1.6825000047683716, 0.06875000149011612, -0.737500011920929, 1.5575000047683716, 0.2492038905620575, -0.862500011920929, 1.5575000047683716, 1.5, -0.6568930149078369, 1.6012771129608154] applied=[-0.06875000149011612, -0.737500011920929, 1.6825000047683716, 0.06875000149011612, -0.737500011920929, 1.5575000047683716, 0.2492038905620575, -0.862500011920929, 1.5575000047683716, 1.5, -0.6568930149078369, 1.6012771129608154] current=[-0.07576144486665726, -0.6318635940551758, 2.2146832942962646, 0.06885787844657898, -0.7437164783477783, 1.675069808959961, 0.5289598107337952, -0.778154730796814, 2.031036138534546, 0.3341006636619568, -0.268212229013443, 1.6601512432098389]
[DIAG_INFER] step=461 policy_action_max=3.349304 applied_action_max=0.250000 obs_max=11.446996 history_nonzero_rows=15 position_clip=0 torque_clip=3 action=[3.34930419921875, -2.9310991764068604, 3.3396522998809814, 2.5477726459503174, 3.1549782752990723, -1.1059523820877075, 2.9585702419281006, 3.2755072116851807, -2.436890125274658, -1.5728634595870972, -2.157261848449707, 2.948028326034546]
[DIAG_TARGET] step=461 target_error=0.000000000 default=[0.0, -0.7853981852531433, 1.8654682636260986, 0.0, -0.7853981852531433, 1.8654682636260986, 0.0, -0.7853981852531433, 1.8654682636260986, 0.0, -0.7853981852531433, 1.8654682636260986] desired=[-0.06875000149011612, -0.862500011920929, 1.6825000047683716, 0.13124999403953552, -0.737500011920929, 1.5575000047683716, 0.7819428443908691, -0.737500011920929, 1.5575000047683716, 0.06875000149011612, -0.014164090156555176, 1.462914228439331] applied=[-0.06875000149011612, -0.862500011920929, 1.6825000047683716, 0.13124999403953552, -0.737500011920929, 1.5575000047683716, 0.7819428443908691, -0.737500011920929, 1.5575000047683716, 0.06875000149011612, -0.014164090156555176, 1.462914228439331] current=[-0.034052297472953796, -0.6034058928489685, 2.178626537322998, 0.06261611729860306, -0.7329216003417969, 1.6307765245437622, 0.5711056590080261, -0.7767058610916138, 2.0632176399230957, 1.0181937217712402, -0.4940311908721924, 1.5637058019638062]
[DIAG_INFER] step=471 policy_action_max=12.804761 applied_action_max=0.250000 obs_max=7.747952 history_nonzero_rows=15 position_clip=0 torque_clip=1 action=[6.500099182128906, 0.7988892793655396, 3.3977386951446533, 0.7341071367263794, -0.42119765281677246, -0.1151365116238594, -7.566719055175781, -5.456099510192871, -2.5534167289733887, -12.804760932922363, -4.938095569610596, -1.868203043937683]
[DIAG_TARGET] step=471 target_error=0.000000000 default=[0.0, -0.7853981852531433, 1.8654682636260986, 0.0, -0.7853981852531433, 1.8654682636260986, 0.0, -0.7853981852531433, 1.8654682636260986, 0.0, -0.7853981852531433, 1.8654682636260986] desired=[-0.06875000149011612, -0.737500011920929, 1.6825000047683716, 0.13124999403953552, -0.862500011920929, 1.5912158489227295, -0.13124999403953552, -0.862500011920929, 1.5575000047683716, -1.5, -0.862500011920929, 1.5575000047683716] applied=[-0.06875000149011612, -0.737500011920929, 1.6825000047683716, 0.13124999403953552, -0.862500011920929, 1.5912158489227295, -0.13124999403953552, -0.862500011920929, 1.5575000047683716, -1.5, -0.862500011920929, 1.5575000047683716] current=[-0.1625218540430069, -0.5781583189964294, 2.1579535007476807, -0.005833394359797239, -0.7005314230918884, 1.5860275030136108, 0.6314577460289001, -0.7165940403938293, 1.8508636951446533, 0.9242886304855347, -0.3817861080169678, 1.4977290630340576]
[DIAG_INFER] step=481 policy_action_max=13.128366 applied_action_max=0.250000 obs_max=12.804761 history_nonzero_rows=15 position_clip=0 torque_clip=2 action=[6.639705657958984, -1.3408035039901733, 2.6688833236694336, -1.6201573610305786, 0.9881194829940796, -1.4349606037139893, -5.982492923736572, -0.20757246017456055, -0.757817268371582, -13.128365516662598, -4.1642560958862305, -2.2768304347991943]
[DIAG_TARGET] step=481 target_error=0.000000000 default=[0.0, -0.7853981852531433, 1.8654682636260986, 0.0, -0.7853981852531433, 1.8654682636260986, 0.0, -0.7853981852531433, 1.8654682636260986, 0.0, -0.7853981852531433, 1.8654682636260986] desired=[-0.06875000149011612, -0.862500011920929, 1.6825000047683716, 0.06875000149011612, -0.737500011920929, 1.5575000047683716, -0.13124999403953552, -0.8518931269645691, 1.5575000047683716, -1.5, -0.862500011920929, -2.053075075149536] applied=[-0.06875000149011612, -0.862500011920929, 1.6825000047683716, 0.06875000149011612, -0.737500011920929, 1.5575000047683716, -0.13124999403953552, -0.8518931269645691, 1.5575000047683716, -1.5, -0.862500011920929, -2.053075075149536] current=[-0.3527454435825348, -0.5703997611999512, 2.1462087631225586, -0.016571704298257828, -0.7479951977729797, 1.5813711881637573, 0.4709687829017639, -0.7106150984764099, 1.8368656635284424, 0.1302506923675537, -0.500173807144165, 1.4822397232055664]
[DIAG_INFER] step=491 policy_action_max=7.995133 applied_action_max=0.250000 obs_max=13.128366 history_nonzero_rows=15 position_clip=0 torque_clip=3 action=[-1.2308720350265503, 1.2471376657485962, 0.48785844445228577, 4.089880466461182, -1.3271170854568481, -4.231597900390625, 2.715522289276123, -0.35437846183776855, 1.0947619676589966, -7.995133399963379, -1.4168827533721924, 0.5660022497177124]
[DIAG_TARGET] step=491 target_error=0.000000000 default=[0.0, -0.7853981852531433, 1.8654682636260986, 0.0, -0.7853981852531433, 1.8654682636260986, 0.0, -0.7853981852531433, 1.8654682636260986, 0.0, -0.7853981852531433, 1.8654682636260986] desired=[-0.13124999403953552, -0.737500011920929, 1.6825000047683716, 0.13124999403953552, -0.862500011920929, 1.5575000047683716, -0.06875000149011612, -0.862500011920929, 1.6825000047683716, -1.213726282119751, -2.397247076034546, -0.5338790416717529] applied=[-0.13124999403953552, -0.737500011920929, 1.6825000047683716, 0.13124999403953552, -0.862500011920929, 1.5575000047683716, -0.06875000149011612, -0.862500011920929, 1.6825000047683716, -1.213726282119751, -2.397247076034546, -0.5338790416717529] current=[-0.39057332277297974, -0.6098233461380005, 2.0841586589813232, -0.0006711632595397532, -0.7630572319030762, 1.5550812482833862, 0.31454595923423767, -0.7278623580932617, 1.8586769104003906, -0.25390514731407166, -0.5273422002792358, 1.254048228263855]
[DIAG_INFER] step=501 policy_action_max=15.797643 applied_action_max=0.250000 obs_max=10.549193 history_nonzero_rows=15 position_clip=0 torque_clip=3 action=[0.01435859128832817, 8.483635902404785, 9.450563430786133, 14.315587043762207, -5.7330403327941895, -12.364554405212402, 2.035808563232422, 5.989040851593018, -7.756239891052246, -6.609226703643799, -12.490582466125488, 15.797642707824707]
[DIAG_TARGET] step=501 target_error=0.000000000 default=[0.0, -0.7853981852531433, 1.8654682636260986, 0.0, -0.7853981852531433, 1.8654682636260986, 0.0, -0.7853981852531433, 1.8654682636260986, 0.0, -0.7853981852531433, 1.8654682636260986] desired=[-0.09820517897605896, -0.737500011920929, 1.6825000047683716, 0.13124999403953552, -0.862500011920929, 1.5575000047683716, -0.06875000149011612, -0.737500011920929, 1.5575000047683716, 1.5, -2.113490104675293, -2.700000047683716] applied=[-0.09820517897605896, -0.737500011920929, 1.6825000047683716, 0.13124999403953552, -0.862500011920929, 1.5575000047683716, -0.06875000149011612, -0.737500011920929, 1.5575000047683716, 1.5, -2.113490104675293, -2.700000047683716] current=[-0.3381160795688629, -0.6406521797180176, 1.8905177116394043, -0.030103649944067, -0.7707609534263611, 1.5470021963119507, 0.07038126140832901, -0.7672032117843628, 1.795690894126892, -0.481565922498703, -0.4092237055301666, 0.9275709390640259]
[DIAG_INFER] step=511 policy_action_max=29.682095 applied_action_max=0.250000 obs_max=15.797643 history_nonzero_rows=15 position_clip=0 torque_clip=5 action=[2.71199369430542, 12.8280668258667, 12.397058486938477, 27.667356491088867, -3.6317641735076904, -18.046072006225586, 0.08971339464187622, 13.292293548583984, -13.093757629394531, -4.195162773132324, -24.64726448059082, 29.68209457397461]
[DIAG_TARGET] step=511 target_error=0.000000000 default=[0.0, -0.7853981852531433, 1.8654682636260986, 0.0, -0.7853981852531433, 1.8654682636260986, 0.0, -0.7853981852531433, 1.8654682636260986, 0.0, -0.7853981852531433, 1.8654682636260986] desired=[-0.06875000149011612, -0.737500011920929, 1.6825000047683716, 0.13124999403953552, -0.862500011920929, 1.5575000047683716, -0.0024090558290481567, -0.737500011920929, 1.115296721458435, 1.5, -2.0134220123291016, -1.5200059413909912] applied=[-0.06875000149011612, -0.737500011920929, 1.6825000047683716, 0.13124999403953552, -0.862500011920929, 1.5575000047683716, -0.0024090558290481567, -0.737500011920929, 1.115296721458435, 1.5, -2.0134220123291016, -1.5200059413909912] current=[-0.08046232163906097, -0.6857698559761047, 1.7417171001434326, 0.17242704331874847, -0.8106677532196045, 1.5527371168136597, 0.03445955365896225, -0.7858841419219971, 1.6382169723510742, -0.04511788859963417, -0.6431836485862732, 0.39631229639053345]
[DIAG_INFER] step=521 policy_action_max=5.877280 applied_action_max=0.250000 obs_max=29.682095 history_nonzero_rows=15 position_clip=0 torque_clip=4 action=[-0.9287545084953308, -0.561519980430603, 2.884992837905884, 4.413623809814453, 2.541249990463257, 1.4481838941574097, -3.103767156600952, 5.877279758453369, -4.0028228759765625, -4.111374855041504, -4.740577697753906, 5.556413173675537]
[DIAG_TARGET] step=521 target_error=0.000000000 default=[0.0, -0.7853981852531433, 1.8654682636260986, 0.0, -0.7853981852531433, 1.8654682636260986, 0.0, -0.7853981852531433, 1.8654682636260986, 0.0, -0.7853981852531433, 1.8654682636260986] desired=[-0.13124999403953552, -0.862500011920929, 1.6825000047683716, 0.13124999403953552, -0.737500011920929, 1.6825000047683716, 0.8049425482749939, -0.7508235573768616, 0.5439062118530273, -1.383340835571289, -0.862500011920929, 1.6825000047683716] applied=[-0.13124999403953552, -0.862500011920929, 1.6825000047683716, 0.13124999403953552, -0.737500011920929, 1.6825000047683716, 0.8049425482749939, -0.7508235573768616, 0.5439062118530273, -1.383340835571289, -0.862500011920929, 1.6825000047683716] current=[-0.04382110759615898, -0.7132490873336792, 1.7014470100402832, 0.17855475842952728, -0.8557391166687012, 1.5535587072372437, -0.081369549036026, -0.7617987394332886, 1.3390252590179443, 0.7671583890914917, -1.138667106628418, -0.05869544297456741]
[DIAG_INFER] step=531 policy_action_max=6.029395 applied_action_max=0.250000 obs_max=5.877280 history_nonzero_rows=15 position_clip=0 torque_clip=2 action=[-1.6484551429748535, 3.13763165473938, 0.9814903736114502, -1.374221920967102, -3.560633420944214, -3.6396496295928955, 2.589616060256958, -3.0297114849090576, -0.8565828800201416, -6.02939510345459, 2.436758041381836, -3.659444570541382]
[DIAG_TARGET] step=531 target_error=0.000000000 default=[0.0, -0.7853981852531433, 1.8654682636260986, 0.0, -0.7853981852531433, 1.8654682636260986, 0.0, -0.7853981852531433, 1.8654682636260986, 0.0, -0.7853981852531433, 1.8654682636260986] desired=[-0.13124999403953552, -0.737500011920929, 1.6825000047683716, 0.06875000149011612, -0.862500011920929, 1.5575000047683716, -0.06875000149011612, -0.862500011920929, 1.5575000047683716, -1.5, -3.3036551475524902, 1.5575000047683716] applied=[-0.13124999403953552, -0.737500011920929, 1.6825000047683716, 0.06875000149011612, -0.862500011920929, 1.5575000047683716, -0.06875000149011612, -0.862500011920929, 1.5575000047683716, -1.5, -3.3036551475524902, 1.5575000047683716] current=[-0.14624744653701782, -0.766404926776886, 1.6929694414138794, 0.0664604902267456, -0.775858998298645, 1.6122987270355225, 0.1674373745918274, -0.6928890347480774, 0.9232369661331177, 0.5255549550056458, -1.4213392734527588, 0.4773128926753998]
[DIAG_INFER] step=541 policy_action_max=2.297327 applied_action_max=0.250000 obs_max=6.029395 history_nonzero_rows=15 position_clip=0 torque_clip=3 action=[-2.0307369232177734, 0.9556832313537598, 0.13986733555793762, 0.9613931179046631, 0.3305974006652832, -0.799078106880188, -2.2399792671203613, 2.2973268032073975, 1.560530185699463, -0.2297692596912384, -0.11468687653541565, -0.1766587346792221]
[DIAG_TARGET] step=541 target_error=0.000000000 default=[0.0, -0.7853981852531433, 1.8654682636260986, 0.0, -0.7853981852531433, 1.8654682636260986, 0.0, -0.7853981852531433, 1.8654682636260986, 0.0, -0.7853981852531433, 1.8654682636260986] desired=[-0.13124999403953552, -0.737500011920929, 1.6549668312072754, 0.13124999403953552, -0.737500011920929, 1.5575000047683716, -0.3376125395298004, -2.000735282897949, 1.6825000047683716, 0.07127884030342102, -0.6677311658859253, 1.5758353471755981] applied=[-0.13124999403953552, -0.737500011920929, 1.6549668312072754, 0.13124999403953552, -0.737500011920929, 1.5575000047683716, -0.3376125395298004, -2.000735282897949, 1.6825000047683716, 0.07127884030342102, -0.6677311658859253, 1.5758353471755981] current=[-0.18434330821037292, -0.7747833728790283, 1.6726669073104858, 0.021920256316661835, -0.7509166598320007, 1.579012155532837, 0.23326992988586426, -0.747747540473938, 1.2803250551223755, -0.2695883512496948, -1.9480595588684082, 0.9958484172821045]
[DIAG_INFER] step=551 policy_action_max=7.582843 applied_action_max=0.250000 obs_max=2.297327 history_nonzero_rows=15 position_clip=0 torque_clip=4 action=[3.1310739517211914, 3.692915439605713, 3.462557554244995, 4.126430034637451, 3.202272891998291, -1.991443395614624, -7.582842826843262, -1.9682629108428955, -1.263197898864746, -5.6352128982543945, 1.4872500896453857, 0.2919727563858032]
[DIAG_TARGET] step=551 target_error=0.000000000 default=[0.0, -0.7853981852531433, 1.8654682636260986, 0.0, -0.7853981852531433, 1.8654682636260986, 0.0, -0.7853981852531433, 1.8654682636260986, 0.0, -0.7853981852531433, 1.8654682636260986] desired=[-0.06875000149011612, -0.737500011920929, 1.6825000047683716, 0.13124999403953552, -1.0335190296173096, 1.5575000047683716, -0.13124999403953552, -0.9351292848587036, 1.5575000047683716, -0.2585839033126831, 0.4244990944862366, 1.6825000047683716] applied=[-0.06875000149011612, -0.737500011920929, 1.6825000047683716, 0.13124999403953552, -1.0335190296173096, 1.5575000047683716, -0.13124999403953552, -0.9351292848587036, 1.5575000047683716, -0.2585839033126831, 0.4244990944862366, 1.6825000047683716] current=[-0.16993506252765656, -0.7366011738777161, 1.6517837047576904, 0.08442223817110062, -0.7365744709968567, 1.5506781339645386, 0.008269693702459335, -1.2171934843063354, 1.525019884109497, -0.10597245395183563, -2.0873048305511475, 1.2278774976730347]
[DIAG_INFER] step=561 policy_action_max=11.217261 applied_action_max=0.250000 obs_max=7.582843 history_nonzero_rows=15 position_clip=0 torque_clip=2 action=[5.9490838050842285, 2.5090527534484863, 6.154588222503662, 1.262250542640686, 2.920056104660034, -6.209761619567871, -4.1088690757751465, 0.7196609973907471, -3.8227405548095703, -4.379633903503418, -3.726088523864746, 11.21726131439209]
[DIAG_TARGET] step=561 target_error=0.000000000 default=[0.0, -0.7853981852531433, 1.8654682636260986, 0.0, -0.7853981852531433, 1.8654682636260986, 0.0, -0.7853981852531433, 1.8654682636260986, 0.0, -0.7853981852531433, 1.8654682636260986] desired=[-0.06875000149011612, -0.737500011920929, 1.6825000047683716, 0.13124999403953552, -0.737500011920929, 1.5575000047683716, -0.13124999403953552, -0.737500011920929, 1.5575000047683716, 1.4801595211029053, 0.8051078915596008, 1.6825000047683716] applied=[-0.06875000149011612, -0.737500011920929, 1.6825000047683716, 0.13124999403953552, -0.737500011920929, 1.5575000047683716, -0.13124999403953552, -0.737500011920929, 1.5575000047683716, 1.4801595211029053, 0.8051078915596008, 1.6825000047683716] current=[-0.14800618588924408, -0.6839663982391357, 1.6571946144104004, 0.11141608655452728, -0.7922112941741943, 1.5504028797149658, -0.14222975075244904, -1.3256925344467163, 1.4919607639312744, -0.09553591907024384, -1.4075744152069092, 1.3941006660461426]
[DIAG_INFER] step=571 policy_action_max=9.514109 applied_action_max=0.250000 obs_max=11.217261 history_nonzero_rows=15 position_clip=0 torque_clip=3 action=[6.688985347747803, 1.506266713142395, 5.663958549499512, 4.309326171875, -0.9668461084365845, -7.356289863586426, -3.529449224472046, -0.5820748805999756, -6.584871292114258, 1.1488972902297974, -7.147458076477051, 9.514108657836914]
[DIAG_TARGET] step=571 target_error=0.000000000 default=[0.0, -0.7853981852531433, 1.8654682636260986, 0.0, -0.7853981852531433, 1.8654682636260986, 0.0, -0.7853981852531433, 1.8654682636260986, 0.0, -0.7853981852531433, 1.8654682636260986] desired=[-0.06875000149011612, -0.737500011920929, 1.6825000047683716, 0.13124999403953552, -0.862500011920929, 1.5575000047683716, 0.2248423993587494, -0.5448609590530396, 1.5575000047683716, 1.5, -0.862500011920929, 1.6825000047683716] applied=[-0.06875000149011612, -0.737500011920929, 1.6825000047683716, 0.13124999403953552, -0.862500011920929, 1.5575000047683716, 0.2248423993587494, -0.5448609590530396, 1.5575000047683716, 1.5, -0.862500011920929, 1.6825000047683716] current=[-0.015669794753193855, -0.6586998701095581, 1.6566436290740967, 0.24371337890625, -0.7964379191398621, 1.5442103147506714, -0.14847832918167114, -1.058192253112793, 1.5084737539291382, 0.4257132411003113, -0.5931130647659302, 1.480818271636963]
[DIAG_INFER] step=581 policy_action_max=8.135463 applied_action_max=0.250000 obs_max=9.514109 history_nonzero_rows=15 position_clip=0 torque_clip=3 action=[5.320577144622803, -3.3981659412384033, 2.2446296215057373, -2.2282867431640625, 2.0938103199005127, -0.6237882971763611, -8.135462760925293, -1.292922854423523, -5.473386764526367, -3.171372175216675, -4.549358367919922, 0.13244761526584625]
[DIAG_TARGET] step=581 target_error=0.000000000 default=[0.0, -0.7853981852531433, 1.8654682636260986, 0.0, -0.7853981852531433, 1.8654682636260986, 0.0, -0.7853981852531433, 1.8654682636260986, 0.0, -0.7853981852531433, 1.8654682636260986] desired=[-0.06875000149011612, -0.862500011920929, 1.6825000047683716, 0.06875000149011612, -0.737500011920929, 1.5575000047683716, 0.7524368762969971, -0.862500011920929, 1.5575000047683716, -0.7646231055259705, -1.2590571641921997, 1.6531119346618652] applied=[-0.06875000149011612, -0.862500011920929, 1.6825000047683716, 0.06875000149011612, -0.737500011920929, 1.5575000047683716, 0.7524368762969971, -0.862500011920929, 1.5575000047683716, -0.7646231055259705, -1.2590571641921997, 1.6531119346618652] current=[0.013232037425041199, -0.6744886040687561, 1.666786551475525, 0.22446277737617493, -0.8212010860443115, 1.551413655281067, -0.05058988556265831, -0.7418034076690674, 1.5312166213989258, 1.0162571668624878, -0.3153257966041565, 1.5868210792541504]
[DIAG_INFER] step=591 policy_action_max=10.988306 applied_action_max=0.250000 obs_max=8.135463 history_nonzero_rows=15 position_clip=0 torque_clip=2 action=[1.9413942098617554, 1.3147706985473633, 6.649589538574219, -10.988306045532227, -5.194194793701172, -3.5693764686584473, -9.392241477966309, -8.146804809570312, -0.22568511962890625, -8.53209114074707, 1.0222318172454834, -3.984541416168213]
[DIAG_TARGET] step=591 target_error=0.000000000 default=[0.0, -0.7853981852531433, 1.8654682636260986, 0.0, -0.7853981852531433, 1.8654682636260986, 0.0, -0.7853981852531433, 1.8654682636260986, 0.0, -0.7853981852531433, 1.8654682636260986] desired=[-0.06875000149011612, -0.737500011920929, 1.6825000047683716, 0.06875000149011612, -0.862500011920929, 1.5575000047683716, -0.13124999403953552, -0.862500011920929, 1.563578724861145, -1.5, -5.0, 1.5575000047683716] applied=[-0.06875000149011612, -0.737500011920929, 1.6825000047683716, 0.06875000149011612, -0.862500011920929, 1.5575000047683716, -0.13124999403953552, -0.862500011920929, 1.563578724861145, -1.5, -5.0, 1.5575000047683716] current=[-0.036453984677791595, -0.7910512089729309, 1.6735446453094482, 0.13908959925174713, -0.8208020925521851, 1.5429068803787231, 0.2727113664150238, -0.6854374408721924, 1.545313835144043, 0.6516030430793762, -0.4486505389213562, 1.6462090015411377]
[DIAG_INFER] step=601 policy_action_max=8.982204 applied_action_max=0.250000 obs_max=10.988306 history_nonzero_rows=15 position_clip=0 torque_clip=3 action=[5.539609909057617, -0.6964761018753052, 0.7613006830215454, -3.8524410724639893, 3.419715404510498, -4.541414260864258, -8.98220443725586, 1.228073000907898, -6.633742809295654, -5.31192684173584, -2.673903226852417, 0.93309485912323]
[DIAG_TARGET] step=601 target_error=0.000000000 default=[0.0, -0.7853981852531433, 1.8654682636260986, 0.0, -0.7853981852531433, 1.8654682636260986, 0.0, -0.7853981852531433, 1.8654682636260986, 0.0, -0.7853981852531433, 1.8654682636260986] desired=[-0.06875000149011612, -0.862500011920929, 1.6825000047683716, 0.06875000149011612, -0.737500011920929, 1.5575000047683716, -0.21145911514759064, -1.220345377922058, 1.5575000047683716, 0.06875000149011612, -0.4610401391983032, 1.6825000047683716] applied=[-0.06875000149011612, -0.862500011920929, 1.6825000047683716, 0.06875000149011612, -0.737500011920929, 1.5575000047683716, -0.21145911514759064, -1.220345377922058, 1.5575000047683716, 0.06875000149011612, -0.4610401391983032, 1.6825000047683716] current=[-0.09865378588438034, -0.8227603435516357, 1.6659963130950928, 0.060368072241544724, -0.8303069472312927, 1.54468834400177, 0.21475550532341003, -0.7612540125846863, 1.545762300491333, -0.16321173310279846, -1.1457154750823975, 1.5320653915405273]
[DIAG_INFER] step=611 policy_action_max=11.468584 applied_action_max=0.250000 obs_max=8.982204 history_nonzero_rows=15 position_clip=0 torque_clip=0 action=[6.426762580871582, -1.4048473834991455, 3.8476192951202393, -8.73852825164795, 1.378596544265747, 0.043930523097515106, -11.468584060668945, -2.0866641998291016, -4.427098274230957, 6.039843559265137, 1.2904165983200073, 2.9972376823425293]
[DIAG_TARGET] step=611 target_error=0.000000000 default=[0.0, -0.7853981852531433, 1.8654682636260986, 0.0, -0.7853981852531433, 1.8654682636260986, 0.0, -0.7853981852531433, 1.8654682636260986, 0.0, -0.7853981852531433, 1.8654682636260986] desired=[-0.06875000149011612, -0.862500011920929, 1.6825000047683716, 0.06875000149011612, -0.737500011920929, 1.6309826374053955, -0.13124999403953552, -0.862500011920929, 1.5575000047683716, 0.13124999403953552, -0.737500011920929, 1.6825000047683716] applied=[-0.06875000149011612, -0.862500011920929, 1.6825000047683716, 0.06875000149011612, -0.737500011920929, 1.6309826374053955, -0.13124999403953552, -0.862500011920929, 1.5575000047683716, 0.13124999403953552, -0.737500011920929, 1.6825000047683716] current=[-0.04755241423845291, -0.817311704158783, 1.6700376272201538, 0.1200404018163681, -0.786145806312561, 1.5514872074127197, 0.053292375057935715, -0.9690182209014893, 1.5527710914611816, -0.24242742359638214, -1.0331380367279053, 1.5332999229431152]
[DIAG_INFER] step=621 policy_action_max=7.880885 applied_action_max=0.250000 obs_max=11.468584 history_nonzero_rows=15 position_clip=0 torque_clip=1 action=[-2.13144588470459, -3.7552764415740967, -1.5469870567321777, -7.880884647369385, 3.986865282058716, 5.157833099365234, -5.415748119354248, -2.994464635848999, -3.854682445526123, 7.134871959686279, -1.3901944160461426, 1.2878934144973755]
[DIAG_TARGET] step=621 target_error=0.000000000 default=[0.0, -0.7853981852531433, 1.8654682636260986, 0.0, -0.7853981852531433, 1.8654682636260986, 0.0, -0.7853981852531433, 1.8654682636260986, 0.0, -0.7853981852531433, 1.8654682636260986] desired=[-0.13124999403953552, -0.862500011920929, 1.5575000047683716, 0.06875000149011612, -0.737500011920929, 1.6825000047683716, -0.13124999403953552, -0.862500011920929, 1.5575000047683716, 0.495344340801239, -0.862500011920929, 1.6825000047683716] applied=[-0.13124999403953552, -0.862500011920929, 1.5575000047683716, 0.06875000149011612, -0.737500011920929, 1.6825000047683716, -0.13124999403953552, -0.862500011920929, 1.5575000047683716, 0.495344340801239, -0.862500011920929, 1.6825000047683716] current=[-0.009460405446588993, -0.8243433237075806, 1.6682043075561523, 0.14616091549396515, -0.7410326600074768, 1.6025564670562744, -0.06728656589984894, -1.0323386192321777, 1.5344996452331543, -0.15266767144203186, -0.8468325138092041, 1.6305142641067505]
[DIAG_INFER] step=631 policy_action_max=13.850883 applied_action_max=0.250000 obs_max=7.880885 history_nonzero_rows=15 position_clip=0 torque_clip=2 action=[-12.315533638000488, 2.20381236076355, -1.823034644126892, -6.769555568695068, 2.295847177505493, 1.6436773538589478, -3.257347822189331, -13.850883483886719, -0.6779422760009766, -11.904572486877441, -0.4759616553783417, -2.943702220916748]
[DIAG_TARGET] step=631 target_error=0.000000000 default=[0.0, -0.7853981852531433, 1.8654682636260986, 0.0, -0.7853981852531433, 1.8654682636260986, 0.0, -0.7853981852531433, 1.8654682636260986, 0.0, -0.7853981852531433, 1.8654682636260986] desired=[-0.13124999403953552, -0.737500011920929, 1.5575000047683716, 0.06875000149011612, -0.737500011920929, 1.6825000047683716, -0.13124999403953552, -0.862500011920929, 1.5575000047683716, -1.5, -0.862500011920929, 0.9223154783248901] applied=[-0.13124999403953552, -0.737500011920929, 1.5575000047683716, 0.06875000149011612, -0.737500011920929, 1.6825000047683716, -0.13124999403953552, -0.862500011920929, 1.5575000047683716, -1.5, -0.862500011920929, 0.9223154783248901] current=[-0.0301247239112854, -0.8312566876411438, 1.6033666133880615, 0.14085763692855835, -0.7252942323684692, 1.652323603630066, -0.12401500344276428, -0.9713723063468933, 1.5419634580612183, 0.10076694190502167, -0.7682820558547974, 1.6367040872573853]
[DIAG_INFER] step=641 policy_action_max=13.241895 applied_action_max=0.250000 obs_max=13.850883 history_nonzero_rows=15 position_clip=0 torque_clip=3 action=[-4.848921775817871, 2.7845022678375244, 0.5908944606781006, -6.301252365112305, 7.736201763153076, -2.2781965732574463, -12.077197074890137, -9.559452056884766, -6.574629306793213, -13.241894721984863, -1.2644810676574707, -3.5364303588867188]
[DIAG_TARGET] step=641 target_error=0.000000000 default=[0.0, -0.7853981852531433, 1.8654682636260986, 0.0, -0.7853981852531433, 1.8654682636260986, 0.0, -0.7853981852531433, 1.8654682636260986, 0.0, -0.7853981852531433, 1.8654682636260986] desired=[-0.13124999403953552, -0.737500011920929, 1.6825000047683716, 0.06875000149011612, -0.737500011920929, 1.5575000047683716, -0.44858264923095703, -0.862500011920929, 1.5575000047683716, -1.5, 0.9300516247749329, 1.5575000047683716] applied=[-0.13124999403953552, -0.737500011920929, 1.6825000047683716, 0.06875000149011612, -0.737500011920929, 1.5575000047683716, -0.44858264923095703, -0.862500011920929, 1.5575000047683716, -1.5, 0.9300516247749329, 1.5575000047683716] current=[-0.15286830067634583, -0.798929750919342, 1.5802735090255737, 0.01917336881160736, -0.7105319499969482, 1.6602873802185059, -0.21308276057243347, -0.9000000953674316, 1.553950548171997, -0.47905832529067993, -0.7667196393013, 1.2533740997314453]
[DIAG_INFER] step=651 policy_action_max=17.143221 applied_action_max=0.250000 obs_max=13.241895 history_nonzero_rows=15 position_clip=0 torque_clip=5 action=[13.38156795501709, -1.1570831537246704, 8.730366706848145, -10.136268615722656, 7.308425426483154, -2.015409469604492, -14.203375816345215, -4.0519490242004395, -3.851067066192627, -7.059804916381836, -10.392155647277832, 17.143220901489258]
[DIAG_TARGET] step=651 target_error=0.000000000 default=[0.0, -0.7853981852531433, 1.8654682636260986, 0.0, -0.7853981852531433, 1.8654682636260986, 0.0, -0.7853981852531433, 1.8654682636260986, 0.0, -0.7853981852531433, 1.8654682636260986] desired=[-0.06875000149011612, -0.862500011920929, 1.6825000047683716, 0.06875000149011612, -0.737500011920929, 1.5575000047683716, -0.8256577253341675, -0.3433707058429718, 1.5575000047683716, 1.5, 2.994251251220703, 2.700000047683716] applied=[-0.06875000149011612, -0.862500011920929, 1.6825000047683716, 0.06875000149011612, -0.737500011920929, 1.5575000047683716, -0.8256577253341675, -0.3433707058429718, 1.5575000047683716, 1.5, 2.994251251220703, 2.700000047683716] current=[-0.12035464495420456, -0.7357142567634583, 1.6395002603530884, -0.16875019669532776, -0.7084758281707764, 1.664007306098938, -0.3046470880508423, -0.8328858613967896, 1.5553159713745117, -1.1216545104980469, -0.33789145946502686, 1.3183963298797607]
[DIAG_INFER] step=661 policy_action_max=12.508050 applied_action_max=0.250000 obs_max=17.143221 history_nonzero_rows=15 position_clip=0 torque_clip=3 action=[8.177450180053711, 2.0746779441833496, 9.602560043334961, -1.3075255155563354, -2.5142807960510254, -6.9044294357299805, -12.276934623718262, -4.837705135345459, -12.508049964904785, 4.77603006362915, -8.356197357177734, 10.809316635131836]
[DIAG_TARGET] step=661 target_error=0.000000000 default=[0.0, -0.7853981852531433, 1.8654682636260986, 0.0, -0.7853981852531433, 1.8654682636260986, 0.0, -0.7853981852531433, 1.8654682636260986, 0.0, -0.7853981852531433, 1.8654682636260986] desired=[-0.06875000149011612, -0.737500011920929, 1.6825000047683716, 0.06875000149011612, -0.862500011920929, 1.5575000047683716, -0.13124999403953552, 0.5237944722175598, 1.5575000047683716, 1.5, -2.401812791824341, 1.6825000047683716] applied=[-0.06875000149011612, -0.737500011920929, 1.6825000047683716, 0.06875000149011612, -0.862500011920929, 1.5575000047683716, -0.13124999403953552, 0.5237944722175598, 1.5575000047683716, 1.5, -2.401812791824341, 1.6825000047683716] current=[0.04628512263298035, -0.7392500638961792, 1.6597256660461426, -0.19770841300487518, -0.7267958521842957, 1.7036817073822021, -0.45327290892601013, -0.6045810580253601, 1.531744122505188, -1.0763360261917114, 0.477740079164505, 1.8242517709732056]
[DIAG_INFER] step=671 policy_action_max=21.203039 applied_action_max=0.250000 obs_max=12.508050 history_nonzero_rows=15 position_clip=0 torque_clip=3 action=[11.087357521057129, -6.387221336364746, 7.612481117248535, -12.923646926879883, 2.9617459774017334, 1.3210927248001099, -21.203039169311523, -1.9910993576049805, -7.906429767608643, -2.5154669284820557, -6.252665996551514, 1.3913630247116089]
[DIAG_TARGET] step=671 target_error=0.000000000 default=[0.0, -0.7853981852531433, 1.8654682636260986, 0.0, -0.7853981852531433, 1.8654682636260986, 0.0, -0.7853981852531433, 1.8654682636260986, 0.0, -0.7853981852531433, 1.8654682636260986] desired=[-0.06875000149011612, -0.862500011920929, 1.6825000047683716, 0.06875000149011612, -0.31060177087783813, 1.6825000047683716, -0.13124999403953552, -0.8500162959098816, 1.5575000047683716, -1.172651767730713, -0.862500011920929, 1.6825000047683716] applied=[-0.06875000149011612, -0.862500011920929, 1.6825000047683716, 0.06875000149011612, -0.31060177087783813, 1.6825000047683716, -0.13124999403953552, -0.8500162959098816, 1.5575000047683716, -1.172651767730713, -0.862500011920929, 1.6825000047683716] current=[0.09084927290678024, -0.750248372554779, 1.6634682416915894, -0.12326696515083313, -0.7660104632377625, 1.6781047582626343, -0.37744417786598206, -0.08377350866794586, 1.5082820653915405, -0.2697921395301819, 0.5562142133712769, 1.7979732751846313]
[DIAG_INFER] step=681 policy_action_max=22.680174 applied_action_max=0.250000 obs_max=21.203039 history_nonzero_rows=15 position_clip=0 torque_clip=2 action=[7.459385395050049, -2.944133996963501, 8.532135009765625, -12.817705154418945, -0.12109233438968658, -1.318224549293518, -22.680173873901367, -4.275530815124512, -9.09826374053955, -7.967287540435791, -5.914510726928711, -0.5476865768432617]
[DIAG_TARGET] step=681 target_error=0.000000000 default=[0.0, -0.7853981852531433, 1.8654682636260986, 0.0, -0.7853981852531433, 1.8654682636260986, 0.0, -0.7853981852531433, 1.8654682636260986, 0.0, -0.7853981852531433, 1.8654682636260986] desired=[-0.06875000149011612, -0.862500011920929, 1.6825000047683716, 0.06875000149011612, -0.8302730917930603, 1.5575000047683716, -0.13124999403953552, -0.862500011920929, 1.5575000047683716, -1.5, -2.7077884674072266, 1.5575000047683716] applied=[-0.06875000149011612, -0.862500011920929, 1.6825000047683716, 0.06875000149011612, -0.8302730917930603, 1.5575000047683716, -0.13124999403953552, -0.862500011920929, 1.5575000047683716, -1.5, -2.7077884674072266, 1.5575000047683716] current=[-0.054696694016456604, -0.7965263724327087, 1.6794120073318481, -0.1898794025182724, -0.6990611553192139, 1.6353546380996704, -0.31478351354599, -0.07450730353593826, 1.5934401750564575, -0.3903427720069885, -0.16043514013290405, 1.7128559350967407]
[DIAG_INFER] step=691 policy_action_max=13.656057 applied_action_max=0.250000 obs_max=22.680174 history_nonzero_rows=15 position_clip=0 torque_clip=4 action=[7.982023239135742, 0.32261863350868225, 7.643932819366455, -12.275300979614258, -1.2836436033248901, 0.3347351551055908, -13.656057357788086, 6.297961235046387, -9.806589126586914, 9.793551445007324, -2.803203582763672, 6.359950065612793]
[DIAG_TARGET] step=691 target_error=0.000000000 default=[0.0, -0.7853981852531433, 1.8654682636260986, 0.0, -0.7853981852531433, 1.8654682636260986, 0.0, -0.7853981852531433, 1.8654682636260986, 0.0, -0.7853981852531433, 1.8654682636260986] desired=[-0.06875000149011612, -0.737500011920929, 1.6825000047683716, 0.06875000149011612, -0.862500011920929, 1.6825000047683716, -0.8859469890594482, -1.0229053497314453, 1.5575000047683716, 1.5, -1.5007617473602295, 1.6825000047683716] applied=[-0.06875000149011612, -0.737500011920929, 1.6825000047683716, 0.06875000149011612, -0.862500011920929, 1.6825000047683716, -0.8859469890594482, -1.0229053497314453, 1.5575000047683716, 1.5, -1.5007617473602295, 1.6825000047683716] current=[-0.05271700397133827, -0.8427795767784119, 1.678311824798584, -0.23389090597629547, -0.7455596923828125, 1.6114301681518555, -0.18421657383441925, -0.4946281313896179, 1.5577822923660278, -1.009272575378418, -0.9756439328193665, 1.5400179624557495]
[DIAG_INFER] step=701 policy_action_max=12.165455 applied_action_max=0.250000 obs_max=13.656057 history_nonzero_rows=15 position_clip=0 torque_clip=2 action=[1.9728049039840698, -1.8126845359802246, 3.181159019470215, -8.001730918884277, 8.303838729858398, 3.0314700603485107, -12.165454864501953, -0.5801003575325012, -1.9014232158660889, 9.814692497253418, -0.8073451519012451, 2.0368003845214844]
[DIAG_TARGET] step=701 target_error=0.000000000 default=[0.0, -0.7853981852531433, 1.8654682636260986, 0.0, -0.7853981852531433, 1.8654682636260986, 0.0, -0.7853981852531433, 1.8654682636260986, 0.0, -0.7853981852531433, 1.8654682636260986] desired=[-0.06875000149011612, -0.862500011920929, 1.6825000047683716, 0.06875000149011612, -0.737500011920929, 1.6825000047683716, -0.13124999403953552, -0.862500011920929, 1.5575000047683716, 1.5, 0.9224348664283752, 1.6825000047683716] applied=[-0.06875000149011612, -0.862500011920929, 1.6825000047683716, 0.06875000149011612, -0.737500011920929, 1.6825000047683716, -0.13124999403953552, -0.862500011920929, 1.5575000047683716, 1.5, 0.9224348664283752, 1.6825000047683716] current=[-0.0018229936249554157, -0.8116416335105896, 1.672497034072876, -0.200205996632576, -0.8060984015464783, 1.6520421504974365, -0.3218615651130676, -0.8523842096328735, 1.5181208848953247, -0.9217390418052673, -1.397666573524475, 1.523918628692627]
[DIAG_INFER] step=711 policy_action_max=12.520754 applied_action_max=0.250000 obs_max=12.165455 history_nonzero_rows=15 position_clip=0 torque_clip=1 action=[-12.520753860473633, 1.9233561754226685, -4.5287275314331055, -6.689643383026123, 4.623601913452148, 2.157369375228882, 1.751863718032837, -9.852697372436523, 1.2919209003448486, -8.770184516906738, -3.625574827194214, 0.11994682252407074]
[DIAG_TARGET] step=711 target_error=0.000000000 default=[0.0, -0.7853981852531433, 1.8654682636260986, 0.0, -0.7853981852531433, 1.8654682636260986, 0.0, -0.7853981852531433, 1.8654682636260986, 0.0, -0.7853981852531433, 1.8654682636260986] desired=[-0.13124999403953552, -0.737500011920929, 1.5575000047683716, 0.06875000149011612, -0.737500011920929, 1.6825000047683716, -0.06875000149011612, -0.862500011920929, 1.6825000047683716, -0.9295374751091003, -0.862500011920929, 1.649986743927002] applied=[-0.13124999403953552, -0.737500011920929, 1.5575000047683716, 0.06875000149011612, -0.737500011920929, 1.6825000047683716, -0.06875000149011612, -0.862500011920929, 1.6825000047683716, -0.9295374751091003, -0.862500011920929, 1.649986743927002] current=[0.058140579611063004, -0.7994168996810913, 1.6711124181747437, 0.0027423847932368517, -0.8051111102104187, 1.6706961393356323, -0.2589693069458008, -0.9806424379348755, 1.5216007232666016, -0.2914068102836609, -1.1400737762451172, 1.543331503868103]
[DIAG_INFER] step=721 policy_action_max=20.723034 applied_action_max=0.250000 obs_max=12.520754 history_nonzero_rows=15 position_clip=0 torque_clip=3 action=[-5.761785984039307, 0.1500493586063385, 2.740886926651001, -7.600567817687988, 5.441186904907227, -1.251247763633728, -20.723033905029297, -14.190301895141602, -13.757495880126953, -14.3583984375, -6.2964677810668945, -5.078726291656494]
[DIAG_TARGET] step=721 target_error=0.000000000 default=[0.0, -0.7853981852531433, 1.8654682636260986, 0.0, -0.7853981852531433, 1.8654682636260986, 0.0, -0.7853981852531433, 1.8654682636260986, 0.0, -0.7853981852531433, 1.8654682636260986] desired=[-0.13124999403953552, -0.7624876499176025, 1.6825000047683716, 0.06875000149011612, -0.737500011920929, 1.5575000047683716, -0.13124999403953552, -0.862500011920929, 1.5575000047683716, -1.5, -0.15095126628875732, 0.9128838777542114] applied=[-0.13124999403953552, -0.7624876499176025, 1.6825000047683716, 0.06875000149011612, -0.737500011920929, 1.5575000047683716, -0.13124999403953552, -0.862500011920929, 1.5575000047683716, -1.5, -0.15095126628875732, 0.9128838777542114] current=[-0.1012009009718895, -0.7719545364379883, 1.6088767051696777, 0.014963884837925434, -0.7697054147720337, 1.6698663234710693, -0.22091816365718842, -0.944168210029602, 1.6052099466323853, -0.4136006832122803, -0.8120825886726379, 1.6001192331314087]
[DIAG_INFER] step=731 policy_action_max=23.540010 applied_action_max=0.250000 obs_max=20.723034 history_nonzero_rows=15 position_clip=0 torque_clip=2 action=[3.1841979026794434, -8.529803276062012, -0.7873556613922119, -23.540010452270508, 3.5258023738861084, 8.654427528381348, -13.743288040161133, -2.173588991165161, -4.220367431640625, 0.7911310195922852, -0.5655860900878906, -0.061427339911460876]
[DIAG_TARGET] step=731 target_error=0.000000000 default=[0.0, -0.7853981852531433, 1.8654682636260986, 0.0, -0.7853981852531433, 1.8654682636260986, 0.0, -0.7853981852531433, 1.8654682636260986, 0.0, -0.7853981852531433, 1.8654682636260986] desired=[-0.06875000149011612, -0.862500011920929, 1.5575000047683716, 0.06875000149011612, -0.737500011920929, 1.6825000047683716, -0.6026122570037842, -0.862500011920929, 1.5575000047683716, 0.13124999403953552, -0.862500011920929, 2.120297431945801] applied=[-0.06875000149011612, -0.862500011920929, 1.5575000047683716, 0.06875000149011612, -0.737500011920929, 1.6825000047683716, -0.6026122570037842, -0.862500011920929, 1.5575000047683716, 0.13124999403953552, -0.862500011920929, 2.120297431945801] current=[-0.162460595369339, -0.7617612481117249, 1.6496535539627075, 0.04713129624724388, -0.7626959085464478, 1.6104148626327515, -0.17886121571063995, -0.8784646987915039, 1.5819110870361328, -0.9181040525436401, -0.4685327708721161, 1.221467137336731]
[DIAG_INFER] step=741 policy_action_max=11.480010 applied_action_max=0.250000 obs_max=23.540010 history_nonzero_rows=15 position_clip=0 torque_clip=3 action=[-2.5095176696777344, 0.26794400811195374, -3.6801750659942627, -6.359194755554199, 2.7407872676849365, 5.448007583618164, 4.566551685333252, -6.35274076461792, 3.500566005706787, 11.480010032653809, 1.7756643295288086, -5.199944972991943]
[DIAG_TARGET] step=741 target_error=0.000000000 default=[0.0, -0.7853981852531433, 1.8654682636260986, 0.0, -0.7853981852531433, 1.8654682636260986, 0.0, -0.7853981852531433, 1.8654682636260986, 0.0, -0.7853981852531433, 1.8654682636260986] desired=[-0.13124999403953552, -0.737500011920929, 1.5575000047683716, 0.06875000149011612, -0.737500011920929, 1.6825000047683716, -0.06875000149011612, -0.862500011920929, 1.6825000047683716, 1.5, -2.7121188640594482, 0.9087494611740112] applied=[-0.13124999403953552, -0.737500011920929, 1.5575000047683716, 0.06875000149011612, -0.737500011920929, 1.6825000047683716, -0.06875000149011612, -0.862500011920929, 1.6825000047683716, 1.5, -2.7121188640594482, 0.9087494611740112] current=[-0.07321926951408386, -0.8016598224639893, 1.5967832803726196, 0.1574513167142868, -0.7784697413444519, 1.6531658172607422, -0.2730928063392639, -0.8551422357559204, 1.5635732412338257, -0.900985836982727, -0.5107025504112244, 1.670475959777832]
[DIAG_INFER] step=751 policy_action_max=7.743034 applied_action_max=0.250000 obs_max=11.480010 history_nonzero_rows=15 position_clip=0 torque_clip=4 action=[-7.472222805023193, 3.551345109939575, -1.3269469738006592, -1.617123007774353, 1.8900243043899536, 0.7602289915084839, 7.7430338859558105, -7.449087619781494, 2.9402823448181152, -7.482755661010742, 0.06098797917366028, -2.3993310928344727]
[DIAG_TARGET] step=751 target_error=0.000000000 default=[0.0, -0.7853981852531433, 1.8654682636260986, 0.0, -0.7853981852531433, 1.8654682636260986, 0.0, -0.7853981852531433, 1.8654682636260986, 0.0, -0.7853981852531433, 1.8654682636260986] desired=[-0.13124999403953552, -0.737500011920929, 1.5575000047683716, 0.06875000149011612, -0.737500011920929, 1.6825000047683716, -0.068329356610775, -1.08186936378479, 1.6825000047683716, 0.0291593074798584, -0.37358415126800537, 1.5575000047683716] applied=[-0.13124999403953552, -0.737500011920929, 1.5575000047683716, 0.06875000149011612, -0.737500011920929, 1.6825000047683716, -0.068329356610775, -1.08186936378479, 1.6825000047683716, 0.0291593074798584, -0.37358415126800537, 1.5575000047683716] current=[-0.015971146523952484, -0.7974976897239685, 1.5598170757293701, 0.21781930327415466, -0.7943122982978821, 1.6704639196395874, -0.22607508301734924, -0.8739355802536011, 1.6322431564331055, -0.1171094998717308, -1.0350697040557861, 1.262427806854248]
[DIAG_INFER] step=761 policy_action_max=20.575212 applied_action_max=0.250000 obs_max=7.743034 history_nonzero_rows=15 position_clip=0 torque_clip=2 action=[-3.6154441833496094, 1.733190655708313, 4.540552616119385, -7.425586700439453, 6.0775933265686035, -2.7573630809783936, -16.271793365478516, -16.04582405090332, -8.875109672546387, -20.575212478637695, -5.559613227844238, -4.87762451171875]
[DIAG_TARGET] step=761 target_error=0.000000000 default=[0.0, -0.7853981852531433, 1.8654682636260986, 0.0, -0.7853981852531433, 1.8654682636260986, 0.0, -0.7853981852531433, 1.8654682636260986, 0.0, -0.7853981852531433, 1.8654682636260986] desired=[-0.13124999403953552, -0.737500011920929, 1.6825000047683716, 0.06875000149011612, -0.737500011920929, 1.5575000047683716, -0.13124999403953552, -0.862500011920929, 1.5575000047683716, -1.5, 0.5529637932777405, 1.5575000047683716] applied=[-0.13124999403953552, -0.737500011920929, 1.6825000047683716, 0.06875000149011612, -0.737500011920929, 1.5575000047683716, -0.13124999403953552, -0.862500011920929, 1.5575000047683716, -1.5, 0.5529637932777405, 1.5575000047683716] current=[-0.14733517169952393, -0.7528399229049683, 1.56440269947052, 0.07304298877716064, -0.7547909617424011, 1.6621663570404053, -0.1945723444223404, -0.9438414573669434, 1.6646431684494019, 0.2032778412103653, -1.343981146812439, 1.3204060792922974]
[DIAG_INFER] step=771 policy_action_max=22.323294 applied_action_max=0.250000 obs_max=20.575212 history_nonzero_rows=15 position_clip=0 torque_clip=4 action=[8.564310073852539, -8.361800193786621, 1.0374152660369873, -22.323293685913086, 2.801496982574463, 4.394704341888428, -12.506278991699219, -1.9952430725097656, -2.2465100288391113, -1.356423258781433, -0.5584371089935303, -0.9292808771133423]
[DIAG_TARGET] step=771 target_error=0.000000000 default=[0.0, -0.7853981852531433, 1.8654682636260986, 0.0, -0.7853981852531433, 1.8654682636260986, 0.0, -0.7853981852531433, 1.8654682636260986, 0.0, -0.7853981852531433, 1.8654682636260986] desired=[-0.06875000149011612, -0.862500011920929, 1.6825000047683716, 0.06875000149011612, -0.737500011920929, 1.6825000047683716, -0.3186577558517456, -0.7366198897361755, 1.5575000047683716, 0.06875000149011612, -0.18426620960235596, 2.700000047683716] applied=[-0.06875000149011612, -0.862500011920929, 1.6825000047683716, 0.06875000149011612, -0.737500011920929, 1.6825000047683716, -0.3186577558517456, -0.7366198897361755, 1.5575000047683716, 0.06875000149011612, -0.18426620960235596, 2.700000047683716] current=[-0.2316705286502838, -0.7172433137893677, 1.6435281038284302, -0.03873415291309357, -0.7041751146316528, 1.607006311416626, -0.1759675294160843, -0.9085955619812012, 1.5993225574493408, -0.40923261642456055, -0.786417543888092, 1.3846418857574463]
[DIAG_INFER] step=781 policy_action_max=8.116669 applied_action_max=0.250000 obs_max=22.323294 history_nonzero_rows=15 position_clip=0 torque_clip=3 action=[8.116668701171875, 3.82873272895813, 4.720731258392334, -2.400567054748535, -1.2439805269241333, -1.915732979774475, 0.9249251484870911, -6.13501501083374, 1.7278861999511719, 5.746811866760254, -0.9188814163208008, 2.1757051944732666]
[DIAG_TARGET] step=781 target_error=0.000000000 default=[0.0, -0.7853981852531433, 1.8654682636260986, 0.0, -0.7853981852531433, 1.8654682636260986, 0.0, -0.7853981852531433, 1.8654682636260986, 0.0, -0.7853981852531433, 1.8654682636260986] desired=[-0.06875000149011612, -0.737500011920929, 1.6825000047683716, 0.06875000149011612, -0.862500011920929, 1.5575000047683716, -0.06875000149011612, -0.5933417081832886, 1.6825000047683716, 1.5, -3.9078335762023926, 1.6825000047683716] applied=[-0.06875000149011612, -0.737500011920929, 1.6825000047683716, 0.06875000149011612, -0.862500011920929, 1.5575000047683716, -0.06875000149011612, -0.5933417081832886, 1.6825000047683716, 1.5, -3.9078335762023926, 1.6825000047683716] current=[-0.07825548201799393, -0.7692911624908447, 1.6649961471557617, 0.07520245015621185, -0.7287865281105042, 1.650492548942566, -0.14833854138851166, -0.828607976436615, 1.5702929496765137, -0.44555944204330444, -0.19118329882621765, 1.893300175666809]
[DIAG_INFER] step=791 policy_action_max=7.018533 applied_action_max=0.250000 obs_max=8.116669 history_nonzero_rows=15 position_clip=0 torque_clip=1 action=[3.3439624309539795, 0.21131911873817444, 1.2354378700256348, -6.946872711181641, 3.668323516845703, -0.41731977462768555, -6.625939846038818, -3.7228453159332275, -7.018532752990723, -2.0346529483795166, -4.1496357917785645, 0.5334106683731079]
[DIAG_TARGET] step=791 target_error=0.000000000 default=[0.0, -0.7853981852531433, 1.8654682636260986, 0.0, -0.7853981852531433, 1.8654682636260986, 0.0, -0.7853981852531433, 1.8654682636260986, 0.0, -0.7853981852531433, 1.8654682636260986] desired=[-0.06875000149011612, -0.7471702098846436, 1.6825000047683716, 0.06875000149011612, -0.737500011920929, 1.5575000047683716, 0.3275437355041504, -0.862500011920929, 1.5575000047683716, 0.06875000149011612, -0.862500011920929, 1.6825000047683716] applied=[-0.06875000149011612, -0.7471702098846436, 1.6825000047683716, 0.06875000149011612, -0.737500011920929, 1.5575000047683716, 0.3275437355041504, -0.862500011920929, 1.5575000047683716, 0.06875000149011612, -0.862500011920929, 1.6825000047683716] current=[4.2085579480044544e-05, -0.786307692527771, 1.6643695831298828, 0.1409660130739212, -0.8044140338897705, 1.5992554426193237, -0.124680295586586, -0.7199245691299438, 1.6263604164123535, 0.2771257758140564, -0.40395402908325195, 1.7850230932235718]
[DIAG_INFER] step=794 policy_action_max=1.139440 applied_action_max=0.250000 obs_max=1.000000 history_nonzero_rows=0 position_clip=0 torque_clip=0 action=[-0.5812047719955444, 0.7683449983596802, -0.07041463255882263, -0.17916947603225708, 0.6349426507949829, 0.4618607759475708, 0.07562267780303955, -1.1394400596618652, 1.0399175882339478, -0.25405189394950867, -0.46550506353378296, -0.869205892086029]
[DIAG_TARGET] step=794 target_error=0.000000000 default=[0.0, -0.7853981852531433, 1.8654682636260986, 0.0, -0.7853981852531433, 1.8654682636260986, 0.0, -0.7853981852531433, 1.8654682636260986, 0.0, -0.7853981852531433, 1.8654682636260986] desired=[-0.13124999403953552, -0.737500011920929, 1.6023963689804077, 0.07760381698608398, -0.737500011920929, 1.6825000047683716, -0.09054716676473618, -0.862500011920929, 1.6825000047683716, 0.06875000149011612, -0.862500011920929, 1.5575000047683716] applied=[-0.13124999403953552, -0.737500011920929, 1.6023963689804077, 0.07760381698608398, -0.737500011920929, 1.6825000047683716, -0.09054716676473618, -0.862500011920929, 1.6825000047683716, 0.06875000149011612, -0.862500011920929, 1.5575000047683716] current=[-0.0008943942957557738, -0.7848314046859741, 1.860638976097107, 0.0008278788882307708, -0.7848150730133057, 1.8611067533493042, -0.0009449305362068117, -0.7852900624275208, 1.8600339889526367, 0.00082554662367329, -0.7859710454940796, 1.8600475788116455]
[STAGE] video_encoding_start
[SUMMARY] {"task": "YoboGo-Velocity-Flat-v0", "mode": "record_video", "yobogo_walk_speed_m_s": 0.15, "rapid_walk_speed_m_s": 0.3, "adaptation_weight": "/run/media/pma213x/0C6A8CC86A8CAFCE/Ubuntu2/CodeU/Dog1/mini-cheetah-isaaclab/external_models/rapid-locomotion-rl/runs/rapid-locomotion/example/train/201852.132488/checkpoints/adaptation_module_latest.jit", "body_weight": "/run/media/pma213x/0C6A8CC86A8CAFCE/Ubuntu2/CodeU/Dog1/mini-cheetah-isaaclab/external_models/rapid-locomotion-rl/runs/rapid-locomotion/example/train/201852.132488/checkpoints/body_latest.jit", "completed_steps": 800, "inference_steps": 61, "expected_inference_steps": 60, "reset_count": 1, "safety_clip_count": 151, "position_clip_count": 0, "torque_clip_count": 151, "large_action_inference_count": 33, "official_clip_inference_count": 0, "max_abs_rapid_action": 0.25, "max_abs_policy_action": 29.68209457397461, "ood_guard_count": 700, "base_height_min_m": 0.11853959411382675, "max_abs_roll_deg": 179.70294408458983, "max_abs_pitch_deg": 25.051549943275656, "xy_displacement_m": 0.42736080288887024, "mean_measured_velocity_m_s": 0.2671005018055439, "final_command": [0.0, 0.6000000238418579, 0.0], "final_rapid_from_term": [0.0, 0.6, 0.0], "terminated_steps": 1, "stability_errors": ["base_height_min=0.118540<0.15", "max_abs_roll_deg=179.703>=45", "terminated_steps=1>0", "direction_incorrect_or_not_dominant", "motion_base_height_min=0.118540<0.15", "motion_max_abs_roll_deg=179.703>=45", "motion_terminated_steps=1>0", "motion_reset_count=1>0"], "interface_ok": true, "stable_walking": false, "scenario_name": "left", "scenario_settle_steps": 200, "scenario_motion_steps": 600, "scenario_command_requested_rapid": [0.0, 0.6, 0.0], "scenario_command_policy": [0.0, 0.6, 0.0], "scenario_command_term": [0.0, 0.6000000238418579, 0.0], "scenario_command_rapid_final": [0.0, 0.6, 0.0], "scenario_settle_metrics": {"start_position_world": [-0.4805505871772766, 0.2733471393585205, 0.25999999046325684], "end_position_world": [-0.5208052396774292, 0.31511545181274414, 0.21280235052108765], "displacement_m": 0.05800886978024735, "start_yaw_deg": -48.484540647796976, "end_yaw_deg": -48.48095453366718, "yaw_change_deg": 0.0035861141297966396, "base_height_min_m": 0.21280235052108765, "max_abs_roll_deg": 0.7960674531902712, "max_abs_pitch_deg": 5.906852707525371, "terminated_steps": 0, "reset_count": 0, "gate_errors": [], "pass": true}, "scenario_metrics": {"start_position_world": [-0.5208052396774292, 0.31511545181274414, 0.21280235052108765], "end_position_world": [-0.15152429044246674, 0.0006220656214281917, 0.26569899916648865], "displacement_vector_world": [0.36928094923496246, -0.31449338619131595], "displacement_m": 0.48505103795987814, "start_yaw_deg": -48.48095453366718, "end_yaw_deg": 149.73116600102227, "yaw_change_deg": -161.7878794653106, "start_forward_axis_world": [0.662868969049985, -0.7487354204728196], "start_left_axis_world": [0.7487354204728196, 0.662868969049985], "start_forward_projection_m": 0.4802572198550552, "start_lateral_projection_m": 0.06802582012036518, "body_forward_projection_m": -0.8693204364303803, "body_lateral_projection_m": -0.5187339773425028, "mean_body_velocity_m_s": [-0.14629804148959616, 0.012742067209134499], "mean_body_yaw_rate_rad_s": 1.1754233174522717, "primary_axis": "lateral", "primary_projection": -0.5187339773425028, "thresholds": {"displacement_m": 0.1, "projection_dominance_ratio": 0.6, "yaw_change_deg": 10.0}, "command_ok": true, "direction_ok": false, "displacement_ok": true}, "scenario_gate_errors": ["direction_incorrect_or_not_dominant", "motion_base_height_min=0.118540<0.15", "motion_max_abs_roll_deg=179.703>=45", "motion_terminated_steps=1>0", "motion_reset_count=1>0"], "scenario_pass": false, "video": "/run/media/pma213x/0C6A8CC86A8CAFCE/Ubuntu2/CodeU/Dog1/mini-cheetah-isaaclab/outputs/rapid-locomotion/scenarios/left.mp4", "video_frames_written": 100, "leg_motion_stats": {"FR": {"joints": {"haa": {"target": {"min": -0.13124999403953552, "max": -0.06875000149011612, "rms": 0.08871879082757751, "range": 0.0624999925494194, "motion_rms": 0.02686527744809713}, "actual": {"min": -0.39264994859695435, "max": 0.10445801913738251, "rms": 0.13192101071719917, "range": 0.49710796773433685, "motion_rms": 0.09668879678415843}, "raw_action": {"min": -12.520753860473633, "max": 13.956045150756836, "rms": 6.178823713320685, "range": 26.47679901123047, "motion_rms": 5.3171899494692685}, "applied_action": {"min": -0.25, "max": 0.25, "rms": 0.24794916748820683, "range": 0.5, "motion_rms": 0.215183522155586}, "position_clip_count": 0, "torque_clip_count": 0}, "hip": {"target": {"min": -0.862500011920929, "max": -0.737500011920929, "rms": 0.7754283964722841, "range": 0.125, "motion_rms": 0.05511496930054297}, "actual": {"min": -0.8435350060462952, "max": -0.5678452253341675, "rms": 0.7300489992373351, "range": 0.2756897807121277, "motion_rms": 0.06855016702047882}, "raw_action": {"min": -8.529803276062012, "max": 12.8280668258667, "rms": 3.9789888902930657, "range": 21.35787010192871, "motion_rms": 3.7348132487926726}, "applied_action": {"min": -0.25, "max": 0.25, "rms": 0.24434562800989493, "range": 0.5, "motion_rms": 0.2191595127322886}, "position_clip_count": 0, "torque_clip_count": 0}, "knee": {"target": {"min": 1.5575000047683716, "max": 1.6825000047683716, "rms": 1.667019757935464, "range": 0.125, "motion_rms": 0.04068359107734393}, "actual": {"min": 1.5578597784042358, "max": 2.2536351680755615, "rms": 1.8160685034618522, "range": 0.6957753896713257, "motion_rms": 0.20037315207150144}, "raw_action": {"min": -4.5287275314331055, "max": 12.397058486938477, "rms": 4.263408994802532, "range": 16.925786018371582, "motion_rms": 3.189279550210108}, "applied_action": {"min": -0.25, "max": 0.25, "rms": 0.24668361272579567, "range": 0.5, "motion_rms": 0.16253771986395227}, "position_clip_count": 0, "torque_clip_count": 0}}, "target_range_min": 0.0624999925494194, "actual_range_min": 0.2756897807121277, "actual_motion_rms_min": 0.06855016702047882}, "FL": {"joints": {"haa": {"target": {"min": 0.06875000149011612, "max": 0.13124999403953552, "rms": 0.09055708671746535, "range": 0.0624999925494194, "motion_rms": 0.027690511189793935}, "actual": {"min": -0.23591238260269165, "max": 0.2703629434108734, "rms": 0.12063847761801032, "range": 0.5062753260135651, "motion_rms": 0.109194980105685}, "raw_action": {"min": -23.540010452270508, "max": 27.667356491088867, "rms": 10.742672116821822, "range": 51.207366943359375, "motion_rms": 9.255527510153781}, "applied_action": {"min": -0.25, "max": 0.25, "rms": 0.24717979655183817, "range": 0.5, "motion_rms": 0.22025482360251594}, "position_clip_count": 0, "torque_clip_count": 0}, "hip": {"target": {"min": -1.0335190296173096, "max": -0.31060177087783813, "rms": 0.7786606275876736, "range": 0.7229172587394714, "motion_rms": 0.08866740156254269}, "actual": {"min": -0.8557391166687012, "max": -0.5996852517127991, "rms": 0.7600817357510323, "range": 0.2560538649559021, "motion_rms": 0.05089700361885414}, "raw_action": {"min": -5.7330403327941895, "max": 8.303838729858398, "rms": 3.2253283353648174, "range": 14.036879062652588, "motion_rms": 2.825076576483544}, "applied_action": {"min": -0.25, "max": 0.25, "rms": 0.24626916191742632, "range": 0.5, "motion_rms": 0.22531718923098826}, "position_clip_count": 0, "torque_clip_count": 2}, "knee": {"target": {"min": 1.5575000047683716, "max": 1.6825000047683716, "rms": 1.6181642666712515, "range": 0.125, "motion_rms": 0.06150472003470732}, "actual": {"min": 1.5420364141464233, "max": 1.949951171875, "rms": 1.6456976764155686, "range": 0.40791475772857666, "motion_rms": 0.08473017683015509}, "raw_action": {"min": -18.046072006225586, "max": 8.654427528381348, "rms": 4.507648230039782, "range": 26.700499534606934, "motion_rms": 4.487880088551496}, "applied_action": {"min": -0.25, "max": 0.25, "rms": 0.24637324434149296, "range": 0.5, "motion_rms": 0.24600516152148794}, "position_clip_count": 0, "torque_clip_count": 0}}, "target_range_min": 0.0624999925494194, "actual_range_min": 0.2560538649559021, "actual_motion_rms_min": 0.05089700361885414}, "RR": {"joints": {"haa": {"target": {"min": -0.8859469890594482, "max": 0.8049425482749939, "rms": 0.33517630810608345, "range": 1.6908895373344421, "motion_rms": 0.3265909778586337}, "actual": {"min": -0.45540767908096313, "max": 0.6314577460289001, "rms": 0.25438676182639797, "range": 1.0868654251098633, "motion_rms": 0.25435341603519046}, "raw_action": {"min": -22.680173873901367, "max": 11.994622230529785, "rms": 8.380610519911038, "range": 34.67479610443115, "motion_rms": 7.558284306981836}, "applied_action": {"min": -0.25, "max": 0.25, "rms": 0.2463260295403618, "range": 0.5, "motion_rms": 0.23179394384998228}, "position_clip_count": 0, "torque_clip_count": 24}, "hip": {"target": {"min": -2.000735282897949, "max": 0.5237944722175598, "rms": 0.8634496816274841, "range": 2.524529755115509, "motion_rms": 0.2596205147234652}, "actual": {"min": -1.3517237901687622, "max": 0.02739681489765644, "rms": 0.7952554450704958, "range": 1.3791206050664186, "motion_rms": 0.19802596209668658}, "raw_action": {"min": -16.143190383911133, "max": 13.292293548583984, "rms": 7.244309535093745, "range": 29.435483932495117, "motion_rms": 6.14725942203688}, "applied_action": {"min": -0.25, "max": 0.25, "rms": 0.24808333302254493, "range": 0.5, "motion_rms": 0.2094351512296056}, "position_clip_count": 0, "torque_clip_count": 15}, "knee": {"target": {"min": 0.5439062118530273, "max": 1.6825000047683716, "rms": 1.5852067546507533, "range": 1.1385937929153442, "motion_rms": 0.1592644620682911}, "actual": {"min": 0.9161105155944824, "max": 2.186387062072754, "rms": 1.7159125597600655, "range": 1.2702765464782715, "motion_rms": 0.2230041680128775}, "raw_action": {"min": -13.757495880126953, "max": 8.202211380004883, "rms": 5.169051332358493, "range": 21.959707260131836, "motion_rms": 4.785412375491358}, "applied_action": {"min": -0.25, "max": 0.25, "rms": 0.24610199299178834, "range": 0.5, "motion_rms": 0.23451462562166564}, "position_clip_count": 0, "torque_clip_count": 2}}, "target_range_min": 1.1385937929153442, "actual_range_min": 1.0868654251098633, "actual_motion_rms_min": 0.19802596209668658}, "RL": {"joints": {"haa": {"target": {"min": -1.5, "max": 1.5, "rms": 1.1174682507728624, "range": 3.0, "motion_rms": 1.117102920968839}, "actual": {"min": -1.2341339588165283, "max": 1.2481420040130615, "rms": 0.5754929306830713, "range": 2.48227596282959, "motion_rms": 0.5695347871495446}, "raw_action": {"min": -20.575212478637695, "max": 13.851635932922363, "rms": 7.816560041062175, "range": 34.42684841156006, "motion_rms": 7.542623757604784}, "applied_action": {"min": -0.25, "max": 0.25, "rms": 0.24968156482755927, "range": 0.5, "motion_rms": 0.23450070017700908}, "position_clip_count": 0, "torque_clip_count": 48}, "hip": {"target": {"min": -5.0, "max": 2.994251251220703, "rms": 1.5228869067396886, "range": 7.994251251220703, "motion_rms": 1.2109939151081428}, "actual": {"min": -2.1414804458618164, "max": 0.6832464337348938, "rms": 0.8360222746120229, "range": 2.82472687959671, "motion_rms": 0.455586157960402}, "raw_action": {"min": -24.64726448059082, "max": 2.436758041381836, "rms": 5.45872059369087, "range": 27.084022521972656, "motion_rms": 4.063771442880581}, "applied_action": {"min": -0.25, "max": 0.25, "rms": 0.24445958678693824, "range": 0.5, "motion_rms": 0.14947082773629197}, "position_clip_count": 0, "torque_clip_count": 35}, "knee": {"target": {"min": -2.700000047683716, "max": 2.700000047683716, "rms": 1.8561436923243375, "range": 5.400000095367432, "motion_rms": 1.0984357801137705}, "actual": {"min": -0.08609482645988464, "max": 2.6983397006988525, "rms": 1.7699679637946215, "range": 2.784434527158737, "motion_rms": 0.536190135815754}, "raw_action": {"min": -5.199944972991943, "max": 29.68209457397461, "rms": 6.219811292722371, "range": 34.88203954696655, "motion_rms": 6.090537829960213}, "applied_action": {"min": -0.25, "max": 0.25, "rms": 0.2428400218732102, "range": 0.5, "motion_rms": 0.242577593647681}, "position_clip_count": 0, "torque_clip_count": 25}}, "target_range_min": 3.0, "actual_range_min": 2.48227596282959, "actual_motion_rms_min": 0.455586157960402}, "_gate": {"front_target_range_min": 0.0624999925494194, "front_actual_range_min": 0.2560538649559021, "front_target_threshold_rad": 0.04, "front_actual_threshold_rad": 0.05, "ok": true}}, "scenario_mean_body_velocity": [-0.14629804148959616, 0.012742067209134499], "scenario_mean_body_yaw_rate": 1.1754233174522717}
[RECORD] leg_stats=/run/media/pma213x/0C6A8CC86A8CAFCE/Ubuntu2/CodeU/Dog1/mini-cheetah-isaaclab/outputs/rapid-locomotion/scenarios/left.summary.leg_stats.json
[RECORD] summary=/run/media/pma213x/0C6A8CC86A8CAFCE/Ubuntu2/CodeU/Dog1/mini-cheetah-isaaclab/outputs/rapid-locomotion/scenarios/left.summary.json
[RECORD] video=/run/media/pma213x/0C6A8CC86A8CAFCE/Ubuntu2/CodeU/Dog1/mini-cheetah-isaaclab/outputs/rapid-locomotion/scenarios/left.mp4
[SCHEDULE] reset_compensated actual=61 base_expected=60 resets=1
Traceback (most recent call last):
  File "/run/media/pma213x/0C6A8CC86A8CAFCE/Ubuntu2/CodeU/Dog1/mini-cheetah-isaaclab/training/scripts/play_rapid.py", line 1311, in <module>
    exit_code = main()
  File "/run/media/pma213x/0C6A8CC86A8CAFCE/Ubuntu2/CodeU/Dog1/mini-cheetah-isaaclab/training/scripts/play_rapid.py", line 1296, in main
    raise RuntimeError(
RuntimeError: 稳定性 Gate 失败：base_height_min=0.118540<0.15；max_abs_roll_deg=179.703>=45；terminated_steps=1>0；direction_incorrect_or_not_dominant；motion_base_height_min=0.118540<0.15；motion_max_abs_roll_deg=179.703>=45；motion_terminated_steps=1>0；motion_reset_count=1>0
