[3gH    H    H    H    H    H    H    H    H    H    H    H    H    H    H    H    H    H    H    H   [INFO] Using python from: /home/pma213x/.venvs/minicheetah-isaaclab/bin/python
[INFO][AppLauncher]: Loading experience file: /home/pma213x/IsaacLab/apps/isaaclab.python.headless.kit
[Warning] [simulation_app.simulation_app] Modules: ['omni.kit_app'] were loaded before SimulationApp was started and might not be loaded correctly.
[Warning] [simulation_app.simulation_app] Please check to make sure no extra omniverse or pxr modules are imported before the call to SimulationApp(...)
Loading user config located at: '/home/pma213x/.venvs/minicheetah-isaaclab/lib/python3.10/site-packages/omni/data/Kit/Isaac-Sim/4.5/user.config.json'
[Info] [carb] Logging to file: /home/pma213x/.venvs/minicheetah-isaaclab/lib/python3.10/site-packages/omni/logs/Kit/Isaac-Sim/4.5/kit_20261008_230442.log
2026-10-08 15:04:42 [0ms] [Warning] [omni.kit.app.plugin] No crash reporter present, dumps uploading isn't available.
2026-10-08 15:04:42 [120ms] [Warning] [omni.usd_config.extension] Enable omni.materialx.libs extension to use MaterialX
2026-10-08 15:04:42 [462ms] [Warning] [omni.datastore] OmniHub is inaccessible
2026-10-08 15:04:42 [497ms] [Warning] [omni.isaac.dynamic_control] omni.isaac.dynamic_control is deprecated as of Isaac Sim 4.5. No action is needed from end-users.
Gym has been unmaintained since 2022 and does not support NumPy 2.0 amongst other critical functionality.
Please upgrade to Gymnasium, the maintained drop-in replacement of Gym, or contact the authors of your software and request that they upgrade.
See the migration guide at https://gymnasium.farama.org/introduction/migration_guide/ for additional information.
2026-10-08 15:04:44 [2,431ms] [Warning] [gpu.foundation.plugin] Skipping unsupported non-NVIDIA GPU: Intel(R) UHD Graphics (ADL-S GT0.5)
2026-10-08 15:04:44 [2,431ms] [Warning] [gpu.foundation.plugin] Skipping unsupported non-NVIDIA GPU: Intel(R) UHD Graphics (ADL-S GT0.5)

|---------------------------------------------------------------------------------------------|
| Driver Version: 580.178.04    | Graphics API: Vulkan
|=============================================================================================|
| GPU | Name                             | Active | LDA | GPU Memory | Vendor-ID | LUID       |
|     |                                  |        |     |            | Device-ID | UUID       |
|     |                                  |        |     |            | Bus-ID    |            |
|---------------------------------------------------------------------------------------------|
| 0   | NVIDIA GeForce RTX 4060 Laptop.. | Yes: 0 |     | 8188    MB | 10de      | 0          |
|     |                                  |        |     |            | 28e0      | 4d090564.. |
|     |                                  |        |     |            | 1         |            |
|---------------------------------------------------------------------------------------------|
| 1   | Intel(R) UHD Graphics (ADL-S G.. |        |     | 11374   MB | 8086      | 0          |
|     |                                  |        |     |            | 468b      | 86808b46.. |
|     |                                  |        |     |            | 0         |            |
|=============================================================================================|
| OS: 26.04.1 LTS (Resolute Raccoon) ubuntu, Version: 26.04.1, Kernel: 7.0.0-34-generic
| XServer Vendor: The X.Org Foundation, XServer Version: 12401010 (1.24.1.10)
| Processor: 13th Gen Intel(R) Core(TM) i5-13500HX
| Bare Metal Cores: 14 | Bare Metal Logical Cores: 28
| Available Cores:  20 
|---------------------------------------------------------------------------------------------|
| Total Memory (MB): 15166 | Free Memory: 5513
| Total Page/Swap (MB): 20479 | Free Page/Swap: 14547
|---------------------------------------------------------------------------------------------|
2026-10-08 15:04:44 [2,745ms] [Warning] [gpu.foundation.plugin] IOMMU is enabled.
2026-10-08 15:04:44 [2,747ms] [Warning] [gpu.foundation.plugin] Detected IOMMU is enabled. Running CUDA peer-to-peer bandwidth and latency validation.
Unidirectional P2P=Enabled Bandwidth (P2P Writes) Matrix (GB/s)
   D\D     0 
     0 208.56 
P2P=Enabled Latency (P2P Writes) Matrix (us)
   GPU     0 
     0   1.40 

   CPU     0 
     0   2.00 
[STAGE] config_start
[INFO]: Parsing configuration from: training.envs.velocity_flat_env_cfg:YoboGoVelocityFlatEnvCfg
[STAGE] config_done
[STAGE] environment_create_start
2026-10-08 15:04:45 [2,946ms] [Warning] [isaaclab.envs.manager_based_env] Seed not set for the environment. The environment creation may not be deterministic.
[INFO]: Base environment:
	Environment device    : cuda:0
	Environment seed      : None
	Physics step-size     : 0.0004
	Rendering step-size   : 0.002
	Environment step-size : 0.002
2026-10-08 15:04:45 [3,023ms] [Warning] [isaaclab.terrains.terrain_importer] Visual material specified for ground plane but no diffuse color found. Using default color: (0.0, 0.0, 0.0)
[INFO]: Time taken for scene creation : 2.399347 seconds
[INFO]: Scene manager:  <class InteractiveScene>
	Number of environments: 1
	Environment spacing   : 2.5
	Source prim name      : /World/envs/env_0
	Global prim paths     : ['/World/ground']
	Replicate physics     : True
[INFO]: Starting the simulation. This may take a few seconds. Please wait...
[INFO]: Time taken for simulation start : 0.483331 seconds
2026-10-08 15:04:48 [6,115ms] [Warning] [omni.usd] Warning: in GetNodeDiscoveryResults at line 136 of /builds/omniverse/usd-ci/USD/pxr/usd/usdShade/shaderDefUtils.cpp -- Unable to resolve info:sourceAsset </UsdPreviewSurface.info:mdl:sourceAsset> with value @UsdPreviewSurface.mdl@.

2026-10-08 15:04:48 [6,115ms] [Warning] [omni.usd] Warning: in GetNodeDiscoveryResults at line 136 of /builds/omniverse/usd-ci/USD/pxr/usd/usdShade/shaderDefUtils.cpp -- Unable to resolve info:sourceAsset </UsdUVTexture.info:mdl:sourceAsset> with value @UsdPreviewSurface.mdl@.

2026-10-08 15:04:48 [6,115ms] [Warning] [omni.usd] Warning: in GetNodeDiscoveryResults at line 136 of /builds/omniverse/usd-ci/USD/pxr/usd/usdShade/shaderDefUtils.cpp -- Unable to resolve info:sourceAsset </UsdPrimvarReader_float.info:mdl:sourceAsset> with value @UsdPreviewSurface.mdl@.

2026-10-08 15:04:48 [6,115ms] [Warning] [omni.usd] Warning: in GetNodeDiscoveryResults at line 136 of /builds/omniverse/usd-ci/USD/pxr/usd/usdShade/shaderDefUtils.cpp -- Unable to resolve info:sourceAsset </UsdPrimvarReader_float2.info:mdl:sourceAsset> with value @UsdPreviewSurface.mdl@.

2026-10-08 15:04:48 [6,116ms] [Warning] [omni.usd] Warning: in GetNodeDiscoveryResults at line 136 of /builds/omniverse/usd-ci/USD/pxr/usd/usdShade/shaderDefUtils.cpp -- Unable to resolve info:sourceAsset </UsdPrimvarReader_float3.info:mdl:sourceAsset> with value @UsdPreviewSurface.mdl@.

2026-10-08 15:04:48 [6,116ms] [Warning] [omni.usd] Warning: in GetNodeDiscoveryResults at line 136 of /builds/omniverse/usd-ci/USD/pxr/usd/usdShade/shaderDefUtils.cpp -- Unable to resolve info:sourceAsset </UsdPrimvarReader_float4.info:mdl:sourceAsset> with value @UsdPreviewSurface.mdl@.

2026-10-08 15:04:48 [6,116ms] [Warning] [omni.usd] Warning: in GetNodeDiscoveryResults at line 136 of /builds/omniverse/usd-ci/USD/pxr/usd/usdShade/shaderDefUtils.cpp -- Unable to resolve info:sourceAsset </UsdPrimvarReader_int.info:mdl:sourceAsset> with value @UsdPreviewSurface.mdl@.

2026-10-08 15:04:48 [6,116ms] [Warning] [omni.usd] Warning: in GetNodeDiscoveryResults at line 136 of /builds/omniverse/usd-ci/USD/pxr/usd/usdShade/shaderDefUtils.cpp -- Unable to resolve info:sourceAsset </UsdPrimvarReader_string.info:mdl:sourceAsset> with value @UsdPreviewSurface.mdl@.

2026-10-08 15:04:48 [6,116ms] [Warning] [omni.usd] Warning: in GetNodeDiscoveryResults at line 136 of /builds/omniverse/usd-ci/USD/pxr/usd/usdShade/shaderDefUtils.cpp -- Unable to resolve info:sourceAsset </UsdPrimvarReader_normal.info:mdl:sourceAsset> with value @UsdPreviewSurface.mdl@.

2026-10-08 15:04:48 [6,116ms] [Warning] [omni.usd] Warning: in GetNodeDiscoveryResults at line 136 of /builds/omniverse/usd-ci/USD/pxr/usd/usdShade/shaderDefUtils.cpp -- Unable to resolve info:sourceAsset </UsdPrimvarReader_point.info:mdl:sourceAsset> with value @UsdPreviewSurface.mdl@.

2026-10-08 15:04:48 [6,118ms] [Warning] [omni.usd] Warning: in GetNodeDiscoveryResults at line 136 of /builds/omniverse/usd-ci/USD/pxr/usd/usdShade/shaderDefUtils.cpp -- Unable to resolve info:sourceAsset </UsdPrimvarReader_vector.info:mdl:sourceAsset> with value @UsdPreviewSurface.mdl@.

2026-10-08 15:04:48 [6,118ms] [Warning] [omni.usd] Warning: in GetNodeDiscoveryResults at line 136 of /builds/omniverse/usd-ci/USD/pxr/usd/usdShade/shaderDefUtils.cpp -- Unable to resolve info:sourceAsset </UsdPrimvarReader_matrix.info:mdl:sourceAsset> with value @UsdPreviewSurface.mdl@.

2026-10-08 15:04:48 [6,118ms] [Warning] [omni.usd] Warning: in GetNodeDiscoveryResults at line 136 of /builds/omniverse/usd-ci/USD/pxr/usd/usdShade/shaderDefUtils.cpp -- Unable to resolve info:sourceAsset </UsdTransform2d.info:mdl:sourceAsset> with value @UsdPreviewSurface.mdl@.

[INFO] Command Manager:  <CommandManager> contains 1 active terms.
+------------------------------------------------+
|              Active Command Terms              |
+-------+---------------+------------------------+
| Index | Name          |          Type          |
+-------+---------------+------------------------+
|   0   | base_velocity | UniformVelocityCommand |
+-------+---------------+------------------------+

[INFO] Recorder Manager:  <RecorderManager> contains 0 active terms.
+---------------------+
| Active Recorder Terms |
+-----------+---------+
|   Index   | Name    |
+-----------+---------+
+-----------+---------+

[INFO] Action Manager:  <ActionManager> contains 1 active terms.
+------------------------------------+
|  Active Action Terms (shape: 12)   |
+--------+-------------+-------------+
| Index  | Name        |   Dimension |
+--------+-------------+-------------+
|   0    | joint_pos   |          12 |
+--------+-------------+-------------+

[INFO] Observation Manager: <ObservationManager> contains 1 groups.
+---------------------------------------------------------+
| Active Observation Terms in Group: 'policy' (shape: (48,)) |
+-----------+---------------------------------+-----------+
|   Index   | Name                            |   Shape   |
+-----------+---------------------------------+-----------+
|     0     | base_lin_vel                    |    (3,)   |
|     1     | base_ang_vel                    |    (3,)   |
|     2     | projected_gravity               |    (3,)   |
|     3     | velocity_commands               |    (3,)   |
|     4     | joint_pos                       |   (12,)   |
|     5     | joint_vel                       |   (12,)   |
|     6     | actions                         |   (12,)   |
+-----------+---------------------------------+-----------+

[INFO] Event Manager:  <EventManager> contains 3 active terms.
+--------------------------------------+
| Active Event Terms in Mode: 'startup' |
+----------+---------------------------+
|  Index   | Name                      |
+----------+---------------------------+
|    0     | physics_material          |
+----------+---------------------------+
+---------------------------------------+
|  Active Event Terms in Mode: 'reset'  |
+--------+------------------------------+
| Index  | Name                         |
+--------+------------------------------+
|   0    | base_external_force_torque   |
|   1    | reset_base                   |
|   2    | reset_robot_joints           |
+--------+------------------------------+
+----------------------------------------------+
|    Active Event Terms in Mode: 'interval'    |
+-------+------------+-------------------------+
| Index | Name       | Interval time range (s) |
+-------+------------+-------------------------+
|   0   | push_robot |       (10.0, 15.0)      |
+-------+------------+-------------------------+

[INFO] Termination Manager:  <TerminationManager> contains 2 active terms.
+---------------------------------+
|     Active Termination Terms    |
+-------+--------------+----------+
| Index | Name         | Time Out |
+-------+--------------+----------+
|   0   | time_out     |   True   |
|   1   | base_contact |  False   |
+-------+--------------+----------+

[INFO] Reward Manager:  <RewardManager> contains 11 active terms.
+-----------------------------------------+
|           Active Reward Terms           |
+-------+----------------------+----------+
| Index | Name                 |   Weight |
+-------+----------------------+----------+
|   0   | track_lin_vel_xy_exp |      1.0 |
|   1   | track_ang_vel_z_exp  |      0.5 |
|   2   | lin_vel_z_l2         |     -2.0 |
|   3   | ang_vel_xy_l2        |    -0.05 |
|   4   | dof_torques_l2       | -2.5e-05 |
|   5   | dof_acc_l2           | -2.5e-07 |
|   6   | action_rate_l2       |    -0.01 |
|   7   | feet_air_time        |      0.5 |
|   8   | undesired_contacts   |     -1.0 |
|   9   | flat_orientation_l2  |     -5.0 |
|   10  | dof_pos_limits       |      0.0 |
+-------+----------------------+----------+

[INFO] Curriculum Manager:  <CurriculumManager> contains 0 active terms.
+----------------------+
| Active Curriculum Terms |
+-----------+----------+
|   Index   | Name     |
+-----------+----------+
+-----------+----------+

[INFO]: Completed setting up the environment...
[STAGE] environment_create_done
[STAGE] policy_adapter_setup_start
[STAGE] policy_adapter_setup_done
[INFO] task=YoboGo-Velocity-Flat-v0
[INFO] weights_adaptation=/run/media/pma213x/0C6A8CC86A8CAFCE/Ubuntu2/CodeU/Dog1/mini-cheetah-isaaclab/external_models/rapid-locomotion-rl/runs/rapid-locomotion/example/train/201852.132488/checkpoints/adaptation_module_latest.jit
[INFO] weights_body=/run/media/pma213x/0C6A8CC86A8CAFCE/Ubuntu2/CodeU/Dog1/mini-cheetah-isaaclab/external_models/rapid-locomotion-rl/runs/rapid-locomotion/example/train/201852.132488/checkpoints/body_latest.jit
[INFO] yobogo_observation_dim=48 rapid_observation_dim=42
[INFO] history_dim=630 action_dim=12
[INFO] inference_period=10 control_period_s=0.002 inference_hz=50
[INFO] rapid_replay_actuator_kp=20 kd=0.5 effort=18/18/26
[INFO] scenario=right rapid_command_requested=[0.0, -0.6, 0.0] settle_steps=200 motion_steps=600
[INFO] model_dummy_action_shape=(1, 12)
[INFO] model_dummy_latent_shape=(1, 18)
[STAGE] event_loop_start
[DIAG_INFER] step=1 policy_action_max=1.179989 applied_action_max=0.250000 obs_max=1.000000 history_nonzero_rows=0 position_clip=0 torque_clip=0 action=[-0.21977148950099945, 0.8110653162002563, -0.3086051642894745, -0.10791686177253723, 0.7024935483932495, 0.447293758392334, 0.14830230176448822, -1.1799888610839844, 0.886445164680481, 0.22358784079551697, -0.5151156187057495, -0.7321032881736755]
[DIAG_TARGET] step=1 target_error=0.000000000 default=[0.0, -0.7853981852531433, 1.8654682636260986, 0.0, -0.7853981852531433, 1.8654682636260986, 0.0, -0.7853981852531433, 1.8654682636260986, 0.0, -0.7853981852531433, 1.8654682636260986] desired=[-0.1274714320898056, -0.737500011920929, 1.5575000047683716, 0.08651039004325867, -0.737500011920929, 1.6825000047683716, -0.08146221190690994, -0.862500011920929, 1.6825000047683716, 0.12794847786426544, -0.862500011920929, 1.5575000047683716] applied=[-0.1274714320898056, -0.737500011920929, 1.5575000047683716, 0.08651039004325867, -0.737500011920929, 1.6825000047683716, -0.08146221190690994, -0.862500011920929, 1.6825000047683716, 0.12794847786426544, -0.862500011920929, 1.5575000047683716] current=[0.0004824297793675214, -0.785733163356781, 1.8646280765533447, 0.0019252176862210035, -0.785041332244873, 1.8629961013793945, 0.0005523121799342334, -0.7861859798431396, 1.8652578592300415, 0.0031211767345666885, -0.7859005928039551, 1.8631837368011475]
[STAGE] first_step_done
[DIAG_INFER] step=11 policy_action_max=4.162434 applied_action_max=0.250000 obs_max=1.435225 history_nonzero_rows=1 position_clip=0 torque_clip=1 action=[1.6704301834106445, 1.6620985269546509, 0.0014677345752716064, -0.918918251991272, -0.41915321350097656, 0.04894327372312546, 1.1251394748687744, -1.539442777633667, 1.663086175918579, 4.162433624267578, -2.690670967102051, -0.009599432349205017]
[DIAG_TARGET] step=11 target_error=0.000000000 default=[0.0, -0.7853981852531433, 1.8654682636260986, 0.0, -0.7853981852531433, 1.8654682636260986, 0.0, -0.7853981852531433, 1.8654682636260986, 0.0, -0.7853981852531433, 1.8654682636260986] desired=[-0.06875000149011612, -0.737500011920929, 1.6203669309616089, 0.06875000149011612, -0.862500011920929, 1.6322357654571533, -0.06875000149011612, -0.862500011920929, 1.6825000047683716, 0.13124999403953552, -1.332830548286438, 1.6176002025604248] applied=[-0.06875000149011612, -0.737500011920929, 1.6203669309616089, 0.06875000149011612, -0.862500011920929, 1.6322357654571533, -0.06875000149011612, -0.862500011920929, 1.6825000047683716, 0.13124999403953552, -1.332830548286438, 1.6176002025604248] current=[0.013403928838670254, -0.8085504770278931, 1.864661455154419, 0.024473920464515686, -0.7882831692695618, 1.823850154876709, 0.0150984488427639, -0.8158925771713257, 1.8736635446548462, 0.037214700132608414, -0.7931342720985413, 1.8260819911956787]
[DIAG_INFER] step=21 policy_action_max=2.716820 applied_action_max=0.250000 obs_max=4.162434 history_nonzero_rows=2 position_clip=0 torque_clip=1 action=[2.2846004962921143, 1.963065266609192, 0.7175781726837158, -0.5484110713005066, -1.1208608150482178, 0.016855530440807343, 0.9951768517494202, -1.5703248977661133, 2.0175817012786865, 2.716820240020752, -1.0483683347702026, -0.14022068679332733]
[DIAG_TARGET] step=21 target_error=0.000000000 default=[0.0, -0.7853981852531433, 1.8654682636260986, 0.0, -0.7853981852531433, 1.8654682636260986, 0.0, -0.7853981852531433, 1.8654682636260986, 0.0, -0.7853981852531433, 1.8654682636260986] desired=[-0.06875000149011612, -0.737500011920929, 1.6825000047683716, 0.06875000149011612, -0.862500011920929, 1.6242139339447021, -0.06875000149011612, -0.862500011920929, 1.6825000047683716, 0.13124999403953552, -1.4257954359054565, 1.5849448442459106] applied=[-0.06875000149011612, -0.737500011920929, 1.6825000047683716, 0.06875000149011612, -0.862500011920929, 1.6242139339447021, -0.06875000149011612, -0.862500011920929, 1.6825000047683716, 0.13124999403953552, -1.4257954359054565, 1.5849448442459106] current=[0.024166930466890335, -0.8388839364051819, 1.862674593925476, 0.03344569727778435, -0.7910353541374207, 1.7734671831130981, 0.03455318510532379, -0.8562085628509521, 1.8928602933883667, 0.07544440031051636, -0.9770838618278503, 1.768310546875]
[DIAG_INFER] step=31 policy_action_max=2.248167 applied_action_max=0.250000 obs_max=2.716820 history_nonzero_rows=3 position_clip=0 torque_clip=1 action=[1.1257323026657104, 1.1446826457977295, -0.2169072926044464, -0.7225039601325989, -0.34132474660873413, 0.8256281018257141, 1.09084153175354, -2.248167037963867, 1.7679862976074219, 1.971638560295105, -1.163642168045044, 0.05495329201221466]
[DIAG_TARGET] step=31 target_error=0.000000000 default=[0.0, -0.7853981852531433, 1.8654682636260986, 0.0, -0.7853981852531433, 1.8654682636260986, 0.0, -0.7853981852531433, 1.8654682636260986, 0.0, -0.7853981852531433, 1.8654682636260986] desired=[-0.06875000149011612, -0.737500011920929, 1.5657731294631958, 0.06875000149011612, -0.862500011920929, 1.6825000047683716, -0.06875000149011612, -0.862500011920929, 1.6825000047683716, 0.13124999403953552, -1.203025460243225, 1.6337382793426514] applied=[-0.06875000149011612, -0.737500011920929, 1.5657731294631958, 0.06875000149011612, -0.862500011920929, 1.6825000047683716, -0.06875000149011612, -0.862500011920929, 1.6825000047683716, 0.13124999403953552, -1.203025460243225, 1.6337382793426514] current=[0.026689231395721436, -0.8673684597015381, 1.8627034425735474, 0.037699323147535324, -0.7999430894851685, 1.720094084739685, 0.039296165108680725, -0.8954172730445862, 1.9141768217086792, 0.09794694930315018, -1.233223557472229, 1.6558547019958496]
[DIAG_INFER] step=41 policy_action_max=2.442727 applied_action_max=0.250000 obs_max=2.248167 history_nonzero_rows=4 position_clip=0 torque_clip=0 action=[-0.8396685719490051, 0.1469479501247406, -1.069949984550476, -1.404852032661438, 0.42551469802856445, 1.6978892087936401, 1.3961288928985596, -2.4427268505096436, 1.8008954524993896, 1.655983328819275, -1.6013609170913696, -0.8945401310920715]
[DIAG_TARGET] step=41 target_error=0.000000000 default=[0.0, -0.7853981852531433, 1.8654682636260986, 0.0, -0.7853981852531433, 1.8654682636260986, 0.0, -0.7853981852531433, 1.8654682636260986, 0.0, -0.7853981852531433, 1.8654682636260986] desired=[-0.13124999403953552, -0.7632630467414856, 1.5575000047683716, 0.06875000149011612, -0.737500011920929, 1.6825000047683716, -0.06875000149011612, -0.862500011920929, 1.6825000047683716, 0.13124999403953552, -0.862500011920929, 1.5575000047683716] applied=[-0.13124999403953552, -0.7632630467414856, 1.5575000047683716, 0.06875000149011612, -0.737500011920929, 1.6825000047683716, -0.06875000149011612, -0.862500011920929, 1.6825000047683716, 0.13124999403953552, -0.862500011920929, 1.5575000047683716] current=[0.023304641246795654, -0.8869929909706116, 1.865879774093628, 0.04016684740781784, -0.8242525458335876, 1.697002649307251, 0.03673945367336273, -0.9199506640434265, 1.9262484312057495, 0.12060660868883133, -1.299477458000183, 1.6217164993286133]
[DIAG_INFER] step=51 policy_action_max=2.713251 applied_action_max=0.250000 obs_max=2.442727 history_nonzero_rows=5 position_clip=0 torque_clip=1 action=[-1.3651155233383179, 0.7241227626800537, -0.48101481795310974, -1.491867184638977, 0.17356984317302704, 1.3543578386306763, 0.8380295634269714, -2.7132508754730225, 1.396742582321167, -1.2067850828170776, -1.57505202293396, -1.9018124341964722]
[DIAG_TARGET] step=51 target_error=0.000000000 default=[0.0, -0.7853981852531433, 1.8654682636260986, 0.0, -0.7853981852531433, 1.8654682636260986, 0.0, -0.7853981852531433, 1.8654682636260986, 0.0, -0.7853981852531433, 1.8654682636260986] desired=[-0.13124999403953552, -0.737500011920929, 1.5575000047683716, 0.06875000149011612, -0.7566075325012207, 1.6825000047683716, -0.06875000149011612, -0.862500011920929, 1.6825000047683716, 0.006819307804107666, -0.862500011920929, 1.5575000047683716] applied=[-0.13124999403953552, -0.737500011920929, 1.5575000047683716, 0.06875000149011612, -0.7566075325012207, 1.6825000047683716, -0.06875000149011612, -0.862500011920929, 1.6825000047683716, 0.006819307804107666, -0.862500011920929, 1.5575000047683716] current=[0.006151535548269749, -0.8964579701423645, 1.8716920614242554, 0.04038528352975845, -0.7916825413703918, 1.683713674545288, 0.022601798176765442, -0.926931619644165, 1.9264357089996338, 0.12407832592725754, -1.114654302597046, 1.5704925060272217]
[DIAG_INFER] step=61 policy_action_max=2.861885 applied_action_max=0.250000 obs_max=2.713251 history_nonzero_rows=6 position_clip=0 torque_clip=0 action=[-1.0351773500442505, 0.6712671518325806, -1.003646731376648, -2.8618853092193604, 0.04274766147136688, 1.7537142038345337, 0.7131966948509216, -2.3389432430267334, 1.6114894151687622, 0.688396692276001, -1.0744234323501587, -2.775622844696045]
[DIAG_TARGET] step=61 target_error=0.000000000 default=[0.0, -0.7853981852531433, 1.8654682636260986, 0.0, -0.7853981852531433, 1.8654682636260986, 0.0, -0.7853981852531433, 1.8654682636260986, 0.0, -0.7853981852531433, 1.8654682636260986] desired=[-0.13124999403953552, -0.737500011920929, 1.5575000047683716, 0.06875000149011612, -0.7893130779266357, 1.6825000047683716, -0.06875000149011612, -0.862500011920929, 1.6825000047683716, 0.13124999403953552, -0.862500011920929, 1.5575000047683716] applied=[-0.13124999403953552, -0.737500011920929, 1.5575000047683716, 0.06875000149011612, -0.7893130779266357, 1.6825000047683716, -0.06875000149011612, -0.862500011920929, 1.6825000047683716, 0.13124999403953552, -0.862500011920929, 1.5575000047683716] current=[-0.010158935561776161, -0.8984944224357605, 1.8752535581588745, 0.04455546662211418, -0.7566596269607544, 1.6836179494857788, 0.006788283120840788, -0.9237622618675232, 1.9193514585494995, 0.05837763100862503, -0.9329054355621338, 1.565969705581665]
[DIAG_INFER] step=71 policy_action_max=4.719917 applied_action_max=0.250000 obs_max=2.861885 history_nonzero_rows=7 position_clip=0 torque_clip=0 action=[2.3783702850341797, 0.6800702810287476, -0.9480763673782349, -2.8136794567108154, 0.3588816523551941, 0.5136383771896362, -1.0890517234802246, -1.8754019737243652, 0.4548880457878113, 4.719917297363281, -1.1599496603012085, -2.136134386062622]
[DIAG_TARGET] step=71 target_error=0.000000000 default=[0.0, -0.7853981852531433, 1.8654682636260986, 0.0, -0.7853981852531433, 1.8654682636260986, 0.0, -0.7853981852531433, 1.8654682636260986, 0.0, -0.7853981852531433, 1.8654682636260986] desired=[-0.06875000149011612, -0.737500011920929, 1.5575000047683716, 0.06875000149011612, -0.737500011920929, 1.6825000047683716, -0.13124999403953552, -0.862500011920929, 1.6825000047683716, 0.13124999403953552, -0.862500011920929, 1.5575000047683716] applied=[-0.06875000149011612, -0.737500011920929, 1.5575000047683716, 0.06875000149011612, -0.737500011920929, 1.6825000047683716, -0.13124999403953552, -0.862500011920929, 1.6825000047683716, 0.13124999403953552, -0.862500011920929, 1.5575000047683716] current=[-0.00018874736269935966, -0.8959024548530579, 1.8692145347595215, 0.05937441065907478, -0.7605714201927185, 1.6844691038131714, 0.01588999107480049, -0.9190969467163086, 1.9090847969055176, 0.06106613203883171, -0.8453050851821899, 1.5656239986419678]
[DIAG_INFER] step=81 policy_action_max=3.676273 applied_action_max=0.250000 obs_max=4.719917 history_nonzero_rows=8 position_clip=0 torque_clip=0 action=[2.3743834495544434, 1.6490674018859863, -0.4303700625896454, -2.153721809387207, 0.41821831464767456, 0.13824588060379028, -1.354475736618042, -2.059129238128662, 0.14967665076255798, 3.6762726306915283, -0.38886895775794983, -1.7771271467208862]
[DIAG_TARGET] step=81 target_error=0.000000000 default=[0.0, -0.7853981852531433, 1.8654682636260986, 0.0, -0.7853981852531433, 1.8654682636260986, 0.0, -0.7853981852531433, 1.8654682636260986, 0.0, -0.7853981852531433, 1.8654682636260986] desired=[-0.06875000149011612, -0.737500011920929, 1.5575000047683716, 0.06875000149011612, -0.737500011920929, 1.6545615196228027, -0.13124999403953552, -0.862500011920929, 1.657419204711914, 0.13124999403953552, -0.862500011920929, 1.5575000047683716] applied=[-0.06875000149011612, -0.737500011920929, 1.5575000047683716, 0.06875000149011612, -0.737500011920929, 1.6545615196228027, -0.13124999403953552, -0.862500011920929, 1.657419204711914, 0.13124999403953552, -0.862500011920929, 1.5575000047683716] current=[0.009680981747806072, -0.891132116317749, 1.8620283603668213, 0.05480266734957695, -0.7540576457977295, 1.6798313856124878, 0.02224651351571083, -0.9137587547302246, 1.9007935523986816, 0.08117381483316422, -0.8285865783691406, 1.5635827779769897]
[DIAG_INFER] step=91 policy_action_max=2.693128 applied_action_max=0.250000 obs_max=3.676273 history_nonzero_rows=9 position_clip=0 torque_clip=0 action=[2.2675628662109375, 2.1932051181793213, 0.38878706097602844, -1.888468861579895, 0.45621389150619507, -0.1034698560833931, -1.3501904010772705, -2.669114828109741, 0.037062883377075195, 2.6931281089782715, -0.2387525737285614, -1.32928466796875]
[DIAG_TARGET] step=91 target_error=0.000000000 default=[0.0, -0.7853981852531433, 1.8654682636260986, 0.0, -0.7853981852531433, 1.8654682636260986, 0.0, -0.7853981852531433, 1.8654682636260986, 0.0, -0.7853981852531433, 1.8654682636260986] desired=[-0.06875000149011612, -0.737500011920929, 1.6825000047683716, 0.06875000149011612, -0.737500011920929, 1.5941325426101685, -0.13124999403953552, -0.862500011920929, 1.6292657852172852, 0.13124999403953552, -0.8596881628036499, 1.5575000047683716] applied=[-0.06875000149011612, -0.737500011920929, 1.6825000047683716, 0.06875000149011612, -0.737500011920929, 1.5941325426101685, -0.13124999403953552, -0.862500011920929, 1.6292657852172852, 0.13124999403953552, -0.8596881628036499, 1.5575000047683716] current=[0.016717249527573586, -0.8837070465087891, 1.8566248416900635, 0.04668198153376579, -0.7383003234863281, 1.6626005172729492, 0.021550407633185387, -0.9052532911300659, 1.8934123516082764, 0.09524776041507721, -0.8387980461120605, 1.5599976778030396]
[DIAG_INFER] step=101 policy_action_max=4.701510 applied_action_max=0.250000 obs_max=2.693128 history_nonzero_rows=10 position_clip=0 torque_clip=0 action=[1.3851662874221802, 2.1371030807495117, 0.5650721788406372, -3.9489922523498535, -0.34613150358200073, 0.46041953563690186, -0.29402533173561096, -4.701510429382324, 1.4360673427581787, 2.6290221214294434, -0.7528406381607056, -2.1316263675689697]
[DIAG_TARGET] step=101 target_error=0.000000000 default=[0.0, -0.7853981852531433, 1.8654682636260986, 0.0, -0.7853981852531433, 1.8654682636260986, 0.0, -0.7853981852531433, 1.8654682636260986, 0.0, -0.7853981852531433, 1.8654682636260986] desired=[-0.06875000149011612, -0.737500011920929, 1.6825000047683716, 0.06875000149011612, -0.862500011920929, 1.6825000047683716, -0.13124999403953552, -0.862500011920929, 1.6825000047683716, 0.13124999403953552, -0.862500011920929, 1.5575000047683716] applied=[-0.06875000149011612, -0.737500011920929, 1.6825000047683716, 0.06875000149011612, -0.862500011920929, 1.6825000047683716, -0.13124999403953552, -0.862500011920929, 1.6825000047683716, 0.13124999403953552, -0.862500011920929, 1.5575000047683716] current=[0.01970830373466015, -0.874859631061554, 1.8585617542266846, 0.042237117886543274, -0.7295562028884888, 1.626845359802246, 0.01224135234951973, -0.8926449418067932, 1.888129711151123, 0.10050599277019501, -0.8483365774154663, 1.5572537183761597]
[DIAG_INFER] step=111 policy_action_max=6.013544 applied_action_max=0.250000 obs_max=4.701510 history_nonzero_rows=11 position_clip=0 torque_clip=0 action=[1.1445327997207642, 1.779535174369812, 0.42953959107398987, -6.013544082641602, -0.74381023645401, 1.4149329662322998, 0.7324509620666504, -5.849427700042725, 2.6044697761535645, 4.046981334686279, -2.5538816452026367, -3.38714337348938]
[DIAG_TARGET] step=111 target_error=0.000000000 default=[0.0, -0.7853981852531433, 1.8654682636260986, 0.0, -0.7853981852531433, 1.8654682636260986, 0.0, -0.7853981852531433, 1.8654682636260986, 0.0, -0.7853981852531433, 1.8654682636260986] desired=[-0.06875000149011612, -0.737500011920929, 1.6825000047683716, 0.06875000149011612, -0.862500011920929, 1.6825000047683716, -0.06875000149011612, -0.862500011920929, 1.6825000047683716, 0.13124999403953552, -0.862500011920929, 1.5575000047683716] applied=[-0.06875000149011612, -0.737500011920929, 1.6825000047683716, 0.06875000149011612, -0.862500011920929, 1.6825000047683716, -0.06875000149011612, -0.862500011920929, 1.6825000047683716, 0.13124999403953552, -0.862500011920929, 1.5575000047683716] current=[0.021674606949090958, -0.8667832612991333, 1.870371699333191, 0.03960006311535835, -0.7811788320541382, 1.6598330736160278, -0.002176606096327305, -0.8785436153411865, 1.8881431818008423, 0.10517113655805588, -0.8541569709777832, 1.5563663244247437]
[DIAG_INFER] step=121 policy_action_max=7.396800 applied_action_max=0.250000 obs_max=6.013544 history_nonzero_rows=12 position_clip=0 torque_clip=0 action=[2.7504615783691406, 2.028247117996216, 0.7615764141082764, -7.396799564361572, -0.9661215543746948, 1.9015811681747437, 0.5336814522743225, -6.446490287780762, 1.8098468780517578, 5.506972312927246, -2.8771467208862305, -4.173672199249268]
[DIAG_TARGET] step=121 target_error=0.000000000 default=[0.0, -0.7853981852531433, 1.8654682636260986, 0.0, -0.7853981852531433, 1.8654682636260986, 0.0, -0.7853981852531433, 1.8654682636260986, 0.0, -0.7853981852531433, 1.8654682636260986] desired=[-0.06875000149011612, -0.737500011920929, 1.6825000047683716, 0.06875000149011612, -0.862500011920929, 1.6825000047683716, -0.06875000149011612, -0.862500011920929, 1.6825000047683716, 0.13124999403953552, -0.862500011920929, 1.5575000047683716] applied=[-0.06875000149011612, -0.737500011920929, 1.6825000047683716, 0.06875000149011612, -0.862500011920929, 1.6825000047683716, -0.06875000149011612, -0.862500011920929, 1.6825000047683716, 0.13124999403953552, -0.862500011920929, 1.5575000047683716] current=[0.029052766039967537, -0.8584192395210266, 1.8878659009933472, 0.048359498381614685, -0.833454430103302, 1.6706247329711914, -0.012636597268283367, -0.8634638786315918, 1.892308235168457, 0.11274047195911407, -0.8565126657485962, 1.5563324689865112]
[DIAG_INFER] step=131 policy_action_max=8.774546 applied_action_max=0.250000 obs_max=7.396800 history_nonzero_rows=13 position_clip=0 torque_clip=1 action=[3.4776601791381836, 2.3303871154785156, 0.943217396736145, -8.774545669555664, -1.0154547691345215, 2.0754239559173584, 0.8711130023002625, -7.15834379196167, 1.9209351539611816, 5.304946422576904, -2.8285367488861084, -4.098158836364746]
[DIAG_TARGET] step=131 target_error=0.000000000 default=[0.0, -0.7853981852531433, 1.8654682636260986, 0.0, -0.7853981852531433, 1.8654682636260986, 0.0, -0.7853981852531433, 1.8654682636260986, 0.0, -0.7853981852531433, 1.8654682636260986] desired=[-0.06875000149011612, -0.737500011920929, 1.6825000047683716, 0.06875000149011612, -0.862500011920929, 1.6825000047683716, -0.06875000149011612, -0.862500011920929, 1.6825000047683716, 0.13124999403953552, -0.862500011920929, 1.6176999807357788] applied=[-0.06875000149011612, -0.737500011920929, 1.6825000047683716, 0.06875000149011612, -0.862500011920929, 1.6825000047683716, -0.06875000149011612, -0.862500011920929, 1.6825000047683716, 0.13124999403953552, -0.862500011920929, 1.6176999807357788] current=[0.039529282599687576, -0.8494722247123718, 1.908581256866455, 0.053680505603551865, -0.8576940894126892, 1.675116777420044, -0.019243106245994568, -0.8483081459999084, 1.900438904762268, 0.11539940536022186, -0.8569859862327576, 1.55842125415802]
[DIAG_INFER] step=141 policy_action_max=10.045912 applied_action_max=0.250000 obs_max=8.774546 history_nonzero_rows=14 position_clip=0 torque_clip=1 action=[4.2097320556640625, 2.672835111618042, 1.045422077178955, -10.04591178894043, -0.8709245920181274, 2.0446112155914307, 1.056067943572998, -7.8324151039123535, 1.926506519317627, 5.571460723876953, -2.760819911956787, -4.0800957679748535]
[DIAG_TARGET] step=141 target_error=0.000000000 default=[0.0, -0.7853981852531433, 1.8654682636260986, 0.0, -0.7853981852531433, 1.8654682636260986, 0.0, -0.7853981852531433, 1.8654682636260986, 0.0, -0.7853981852531433, 1.8654682636260986] desired=[-0.06875000149011612, -0.737500011920929, 1.6825000047683716, 0.06875000149011612, -0.862500011920929, 1.6825000047683716, -0.06875000149011612, -0.862500011920929, 1.6825000047683716, 0.13124999403953552, -0.862500011920929, 1.6606906652450562] applied=[-0.06875000149011612, -0.737500011920929, 1.6825000047683716, 0.06875000149011612, -0.862500011920929, 1.6825000047683716, -0.06875000149011612, -0.862500011920929, 1.6825000047683716, 0.13124999403953552, -0.862500011920929, 1.6606906652450562] current=[0.05244273319840431, -0.8400502800941467, 1.930774211883545, 0.05372464656829834, -0.8620898127555847, 1.677882432937622, -0.021787242963910103, -0.8341677188873291, 1.912744164466858, 0.11534702777862549, -0.8583837151527405, 1.5924426317214966]
[DIAG_INFER] step=151 policy_action_max=10.571346 applied_action_max=0.250000 obs_max=10.045912 history_nonzero_rows=15 position_clip=0 torque_clip=1 action=[4.670403957366943, 2.827080726623535, 1.069299578666687, -10.571346282958984, -0.6898860931396484, 2.10202956199646, 1.3495559692382812, -7.961327075958252, 1.7788190841674805, 5.226437091827393, -2.808781623840332, -3.725667953491211]
[DIAG_TARGET] step=151 target_error=0.000000000 default=[0.0, -0.7853981852531433, 1.8654682636260986, 0.0, -0.7853981852531433, 1.8654682636260986, 0.0, -0.7853981852531433, 1.8654682636260986, 0.0, -0.7853981852531433, 1.8654682636260986] desired=[-0.06875000149011612, -0.737500011920929, 1.6825000047683716, 0.06875000149011612, -0.862500011920929, 1.6825000047683716, -0.06875000149011612, -0.862500011920929, 1.6825000047683716, 0.13124999403953552, -0.862500011920929, 1.64574134349823] applied=[-0.06875000149011612, -0.737500011920929, 1.6825000047683716, 0.06875000149011612, -0.862500011920929, 1.6825000047683716, -0.06875000149011612, -0.862500011920929, 1.6825000047683716, 0.13124999403953552, -0.862500011920929, 1.64574134349823] current=[0.066606804728508, -0.8302971124649048, 1.953102946281433, 0.05039866641163826, -0.8591594099998474, 1.6795377731323242, -0.02070968598127365, -0.8216400146484375, 1.9290255308151245, 0.11499560624361038, -0.8571113348007202, 1.630226731300354]
[DIAG_INFER] step=161 policy_action_max=10.730852 applied_action_max=0.250000 obs_max=10.571346 history_nonzero_rows=15 position_clip=0 torque_clip=1 action=[4.837080001831055, 2.982754945755005, 1.0531519651412964, -10.730852127075195, -0.6575260162353516, 2.186718702316284, 1.3449556827545166, -7.9460225105285645, 1.7566399574279785, 5.376922607421875, -2.7333192825317383, -3.6898415088653564]
[DIAG_TARGET] step=161 target_error=0.000000000 default=[0.0, -0.7853981852531433, 1.8654682636260986, 0.0, -0.7853981852531433, 1.8654682636260986, 0.0, -0.7853981852531433, 1.8654682636260986, 0.0, -0.7853981852531433, 1.8654682636260986] desired=[-0.06875000149011612, -0.737500011920929, 1.6825000047683716, 0.06875000149011612, -0.862500011920929, 1.6825000047683716, -0.06875000149011612, -0.862500011920929, 1.6825000047683716, 0.13124999403953552, -0.862500011920929, 1.5705288648605347] applied=[-0.06875000149011612, -0.737500011920929, 1.6825000047683716, 0.06875000149011612, -0.862500011920929, 1.6825000047683716, -0.06875000149011612, -0.862500011920929, 1.6825000047683716, 0.13124999403953552, -0.862500011920929, 1.5705288648605347] current=[0.08016950637102127, -0.8201913237571716, 1.9744925498962402, 0.04618048667907715, -0.8557848334312439, 1.6803135871887207, -0.017247352749109268, -0.8109139204025269, 1.9488401412963867, 0.11433911323547363, -0.8539062738418579, 1.6366859674453735]
[DIAG_INFER] step=171 policy_action_max=10.085562 applied_action_max=0.250000 obs_max=10.730852 history_nonzero_rows=15 position_clip=0 torque_clip=0 action=[4.6437668800354, 2.961174249649048, 0.8393133878707886, -10.085561752319336, -0.6395363211631775, 2.2935783863067627, 1.3226678371429443, -7.549545764923096, 1.4801647663116455, 4.788926124572754, -2.52795147895813, -3.6016058921813965]
[DIAG_TARGET] step=171 target_error=0.000000000 default=[0.0, -0.7853981852531433, 1.8654682636260986, 0.0, -0.7853981852531433, 1.8654682636260986, 0.0, -0.7853981852531433, 1.8654682636260986, 0.0, -0.7853981852531433, 1.8654682636260986] desired=[-0.06875000149011612, -0.737500011920929, 1.6825000047683716, 0.06875000149011612, -0.862500011920929, 1.6825000047683716, -0.06875000149011612, -0.862500011920929, 1.6825000047683716, 0.13124999403953552, -0.862500011920929, 1.5575000047683716] applied=[-0.06875000149011612, -0.737500011920929, 1.6825000047683716, 0.06875000149011612, -0.862500011920929, 1.6825000047683716, -0.06875000149011612, -0.862500011920929, 1.6825000047683716, 0.13124999403953552, -0.862500011920929, 1.5575000047683716] current=[0.09179176390171051, -0.8094922304153442, 1.9938076734542847, 0.042728617787361145, -0.8538826704025269, 1.6805552244186401, -0.012459020130336285, -0.8016705513000488, 1.9713215827941895, 0.11298875510692596, -0.8516163229942322, 1.5987563133239746]
[DIAG_INFER] step=181 policy_action_max=8.903475 applied_action_max=0.250000 obs_max=10.085562 history_nonzero_rows=15 position_clip=0 torque_clip=0 action=[3.9609150886535645, 2.902780771255493, 0.7010941505432129, -8.903474807739258, -0.6902288198471069, 2.163649559020996, 1.3757975101470947, -6.971035480499268, 1.30647611618042, 3.6144726276397705, -2.0995121002197266, -3.4697694778442383]
[DIAG_TARGET] step=181 target_error=0.000000000 default=[0.0, -0.7853981852531433, 1.8654682636260986, 0.0, -0.7853981852531433, 1.8654682636260986, 0.0, -0.7853981852531433, 1.8654682636260986, 0.0, -0.7853981852531433, 1.8654682636260986] desired=[-0.06875000149011612, -0.737500011920929, 1.6825000047683716, 0.06875000149011612, -0.862500011920929, 1.6825000047683716, -0.06875000149011612, -0.862500011920929, 1.6825000047683716, 0.13124999403953552, -0.862500011920929, 1.5575000047683716] applied=[-0.06875000149011612, -0.737500011920929, 1.6825000047683716, 0.06875000149011612, -0.862500011920929, 1.6825000047683716, -0.06875000149011612, -0.862500011920929, 1.6825000047683716, 0.13124999403953552, -0.862500011920929, 1.5575000047683716] current=[0.1006510928273201, -0.7977982759475708, 2.009845495223999, 0.040745239704847336, -0.8531864285469055, 1.6805566549301147, -0.006591402925550938, -0.7934107780456543, 1.9955270290374756, 0.11070259660482407, -0.8539125323295593, 1.57417631149292]
[DIAG_INFER] step=191 policy_action_max=7.466431 applied_action_max=0.250000 obs_max=8.903475 history_nonzero_rows=15 position_clip=0 torque_clip=0 action=[3.083061456680298, 2.7111127376556396, 0.5829256772994995, -7.466431140899658, -0.5598114132881165, 1.717604637145996, 1.2826566696166992, -6.372344017028809, 1.0655086040496826, 1.9426697492599487, -1.4598259925842285, -3.4043891429901123]
[DIAG_TARGET] step=191 target_error=0.000000000 default=[0.0, -0.7853981852531433, 1.8654682636260986, 0.0, -0.7853981852531433, 1.8654682636260986, 0.0, -0.7853981852531433, 1.8654682636260986, 0.0, -0.7853981852531433, 1.8654682636260986] desired=[-0.06875000149011612, -0.737500011920929, 1.6825000047683716, 0.06875000149011612, -0.862500011920929, 1.6825000047683716, -0.06875000149011612, -0.862500011920929, 1.6825000047683716, 0.13124999403953552, -0.862500011920929, 1.5575000047683716] applied=[-0.06875000149011612, -0.737500011920929, 1.6825000047683716, 0.06875000149011612, -0.862500011920929, 1.6825000047683716, -0.06875000149011612, -0.862500011920929, 1.6825000047683716, 0.13124999403953552, -0.862500011920929, 1.5575000047683716] current=[0.1055627390742302, -0.7847322821617126, 2.0215840339660645, 0.039500750601291656, -0.8529813289642334, 1.6805241107940674, -0.000301931519061327, -0.785490870475769, 2.0203874111175537, 0.1090918630361557, -0.8556637763977051, 1.5634483098983765]
[DIAG_INFER] step=201 policy_action_max=6.014868 applied_action_max=0.250000 obs_max=7.466431 history_nonzero_rows=15 position_clip=0 torque_clip=0 action=[2.7335195541381836, 2.569775104522705, -0.16893085837364197, -6.014867782592773, -0.2818893790245056, 1.1250176429748535, 1.0421035289764404, -5.706540107727051, 0.5367878675460815, 0.4346608817577362, -0.9516485929489136, -3.1209583282470703]
[DIAG_TARGET] step=201 target_error=0.000000000 default=[0.0, -0.7853981852531433, 1.8654682636260986, 0.0, -0.7853981852531433, 1.8654682636260986, 0.0, -0.7853981852531433, 1.8654682636260986, 0.0, -0.7853981852531433, 1.8654682636260986] desired=[-0.06875000149011612, -0.737500011920929, 1.577767252922058, 0.06875000149011612, -0.862500011920929, 1.6825000047683716, -0.06875000149011612, -0.862500011920929, 1.6825000047683716, 0.13124999403953552, -0.862500011920929, 1.5575000047683716] applied=[-0.06875000149011612, -0.737500011920929, 1.577767252922058, 0.06875000149011612, -0.862500011920929, 1.6825000047683716, -0.06875000149011612, -0.862500011920929, 1.6825000047683716, 0.13124999403953552, -0.862500011920929, 1.5575000047683716] current=[0.10607466846704483, -0.7700712084770203, 2.0281124114990234, 0.0389435812830925, -0.852967381477356, 1.6804639101028442, 0.006032640114426613, -0.7772886753082275, 2.0448293685913086, 0.10840803384780884, -0.8557841181755066, 1.559025764465332]
[DIAG_INFER] step=211 policy_action_max=3.840560 applied_action_max=0.250000 obs_max=6.014868 history_nonzero_rows=15 position_clip=0 torque_clip=0 action=[2.4747700691223145, 2.093670606613159, 0.3085955083370209, -3.32212233543396, 0.1326843947172165, 0.24712854623794556, -0.16133016347885132, -3.8405604362487793, -0.6777566075325012, -3.2458791732788086, 0.7575658559799194, -1.6240121126174927]
[DIAG_TARGET] step=211 target_error=0.000000000 default=[0.0, -0.7853981852531433, 1.8654682636260986, 0.0, -0.7853981852531433, 1.8654682636260986, 0.0, -0.7853981852531433, 1.8654682636260986, 0.0, -0.7853981852531433, 1.8654682636260986] desired=[-0.06875000149011612, -0.737500011920929, 1.6825000047683716, 0.06875000149011612, -0.7668288946151733, 1.6817821264266968, -0.12016627192497253, -0.862500011920929, 1.5575000047683716, 0.06875000149011612, -0.737500011920929, 1.5575000047683716] applied=[-0.06875000149011612, -0.737500011920929, 1.6825000047683716, 0.06875000149011612, -0.7668288946151733, 1.6817821264266968, -0.12016627192497253, -0.862500011920929, 1.5575000047683716, 0.06875000149011612, -0.737500011920929, 1.5575000047683716] current=[0.10032704472541809, -0.7528037428855896, 2.025230646133423, 0.03531907871365547, -0.8514597415924072, 1.6795542240142822, 0.01167913805693388, -0.7678265571594238, 2.065547227859497, 0.11896921694278717, -0.8648424744606018, 1.604599118232727]
[DIAG_INFER] step=221 policy_action_max=5.281068 applied_action_max=0.250000 obs_max=3.840560 history_nonzero_rows=15 position_clip=0 torque_clip=2 action=[3.73500919342041, 1.127933144569397, 2.382963180541992, 0.43752017617225647, 0.8740127086639404, -0.4738548696041107, -4.181101322174072, -2.292459487915039, -2.1066646575927734, -5.281067848205566, -0.2958281934261322, 0.8365887403488159]
[DIAG_TARGET] step=221 target_error=0.000000000 default=[0.0, -0.7853981852531433, 1.8654682636260986, 0.0, -0.7853981852531433, 1.8654682636260986, 0.0, -0.7853981852531433, 1.8654682636260986, 0.0, -0.7853981852531433, 1.8654682636260986] desired=[-0.06875000149011612, -0.737500011920929, 1.6825000047683716, 0.13124999403953552, -0.737500011920929, 1.5575000047683716, -0.13124999403953552, -0.862500011920929, 1.5575000047683716, -0.8034915328025818, -0.3219726085662842, 1.6825000047683716] applied=[-0.06875000149011612, -0.737500011920929, 1.6825000047683716, 0.13124999403953552, -0.737500011920929, 1.5575000047683716, -0.13124999403953552, -0.862500011920929, 1.5575000047683716, -0.8034915328025818, -0.3219726085662842, 1.6825000047683716] current=[0.07114043086767197, -0.7287995219230652, 2.0180764198303223, 0.024550968781113625, -0.8077583909034729, 1.6720637083053589, -0.0021148554515093565, -0.7491047382354736, 2.076195240020752, 0.1074775755405426, -0.855567991733551, 1.6352907419204712]
[DIAG_INFER] step=231 policy_action_max=12.784712 applied_action_max=0.250000 obs_max=5.832785 history_nonzero_rows=15 position_clip=0 torque_clip=2 action=[7.385394096374512, -0.3438194692134857, 5.246551990509033, -1.0616525411605835, 2.6635751724243164, -1.3037937879562378, -10.67367935180664, -3.473053216934204, -3.591284990310669, -12.784711837768555, -4.241915225982666, 0.33143651485443115]
[DIAG_TARGET] step=231 target_error=0.000000000 default=[0.0, -0.7853981852531433, 1.8654682636260986, 0.0, -0.7853981852531433, 1.8654682636260986, 0.0, -0.7853981852531433, 1.8654682636260986, 0.0, -0.7853981852531433, 1.8654682636260986] desired=[-0.06875000149011612, -0.862500011920929, 1.6825000047683716, 0.06875000149011612, -0.737500011920929, 1.5575000047683716, -0.13124999403953552, -0.862500011920929, 1.5575000047683716, -1.5, 0.5148258805274963, 1.6825000047683716] applied=[-0.06875000149011612, -0.862500011920929, 1.6825000047683716, 0.06875000149011612, -0.737500011920929, 1.5575000047683716, -0.13124999403953552, -0.862500011920929, 1.5575000047683716, -1.5, 0.5148258805274963, 1.6825000047683716] current=[-0.03911232203245163, -0.6923670768737793, 2.0279781818389893, 0.0007604751153849065, -0.7397237420082092, 1.6033645868301392, -0.10643406957387924, -0.7086026668548584, 2.0759871006011963, -0.11280722916126251, -0.7303268313407898, 1.720544457435608]
[DIAG_INFER] step=241 policy_action_max=8.128968 applied_action_max=0.250000 obs_max=12.784712 history_nonzero_rows=15 position_clip=0 torque_clip=4 action=[4.8882646560668945, -4.272931098937988, 3.445312261581421, -0.35312554240226746, 3.430063486099243, 1.679758906364441, -2.5473363399505615, -0.5321742296218872, -3.3259010314941406, -8.128968238830566, -1.2356150150299072, 2.98577880859375]
[DIAG_TARGET] step=241 target_error=0.000000000 default=[0.0, -0.7853981852531433, 1.8654682636260986, 0.0, -0.7853981852531433, 1.8654682636260986, 0.0, -0.7853981852531433, 1.8654682636260986, 0.0, -0.7853981852531433, 1.8654682636260986] desired=[-0.06875000149011612, -0.862500011920929, 1.6825000047683716, 0.06875000149011612, -0.737500011920929, 1.6825000047683716, -0.4638887941837311, -0.3713185787200928, 1.5575000047683716, -1.3137526512145996, 0.5396665930747986, 1.6825000047683716] applied=[-0.06875000149011612, -0.862500011920929, 1.6825000047683716, 0.06875000149011612, -0.737500011920929, 1.6825000047683716, -0.4638887941837311, -0.3713185787200928, 1.5575000047683716, -1.3137526512145996, 0.5396665930747986, 1.6825000047683716] current=[-0.15219217538833618, -0.6410688161849976, 2.04404878616333, 0.017253344878554344, -0.713439404964447, 1.581254482269287, -0.24931500852108002, -0.6344108581542969, 2.0413904190063477, -0.6525704860687256, -0.1976519525051117, 1.668700933456421]
[DIAG_INFER] step=251 policy_action_max=10.326052 applied_action_max=0.250000 obs_max=8.128968 history_nonzero_rows=15 position_clip=0 torque_clip=4 action=[4.090157508850098, 0.838371992111206, 3.7543046474456787, 1.7753982543945312, 2.2589738368988037, -1.9876253604888916, -2.1907002925872803, 0.6234517097473145, -3.690816879272461, -4.698741436004639, -4.461176872253418, 10.326051712036133]
[DIAG_TARGET] step=251 target_error=0.000000030 default=[0.0, -0.7853981852531433, 1.8654682636260986, 0.0, -0.7853981852531433, 1.8654682636260986, 0.0, -0.7853981852531433, 1.8654682636260986, 0.0, -0.7853981852531433, 1.8654682636260986] desired=[-0.06875000149011612, -0.737500011920929, 1.6825000047683716, 0.13124999403953552, -0.737500011920929, 1.5575000047683716, -0.7344108819961548, -0.15421155095100403, 1.5575000047683716, 1.433032512664795, 0.258023202419281, 1.6825000047683716] applied=[-0.06875000149011612, -0.737500011920929, 1.6825000047683716, 0.13124999403953552, -0.737500011920929, 1.5575000047683716, -0.7344108819961548, -0.15421158075332642, 1.5575000047683716, 1.433032512664795, 0.258023202419281, 1.6825000047683716] current=[-0.13292399048805237, -0.5985657572746277, 2.0363285541534424, 0.11077916622161865, -0.7363589406013489, 1.6360609531402588, -0.28805533051490784, -0.5440837740898132, 1.977744460105896, -1.1568325757980347, 0.30537980794906616, 1.6430574655532837]
[DIAG_INFER] step=261 policy_action_max=12.970342 applied_action_max=0.250000 obs_max=10.326052 history_nonzero_rows=15 position_clip=0 torque_clip=4 action=[7.490417003631592, 5.3733720779418945, 5.132619857788086, 7.319960594177246, 0.9374703168869019, -7.2536845207214355, -4.556129455566406, 3.4809982776641846, -9.40604019165039, -0.8551293611526489, -12.013117790222168, 12.970341682434082]
[DIAG_TARGET] step=261 target_error=0.000000000 default=[0.0, -0.7853981852531433, 1.8654682636260986, 0.0, -0.7853981852531433, 1.8654682636260986, 0.0, -0.7853981852531433, 1.8654682636260986, 0.0, -0.7853981852531433, 1.8654682636260986] desired=[-0.06875000149011612, -0.737500011920929, 1.6825000047683716, 0.13124999403953552, -0.737500011920929, 1.5575000047683716, -0.13124999403953552, -0.6117777824401855, 1.5575000047683716, 1.5, -0.4879254102706909, 0.387814998626709] applied=[-0.06875000149011612, -0.737500011920929, 1.6825000047683716, 0.13124999403953552, -0.737500011920929, 1.5575000047683716, -0.13124999403953552, -0.6117777824401855, 1.5575000047683716, 1.5, -0.4879254102706909, 0.387814998626709] current=[-0.03504171222448349, -0.5572822690010071, 1.9889024496078491, 0.19138695299625397, -0.7464195489883423, 1.5955499410629272, -0.3670768737792969, -0.36506855487823486, 1.818383812904358, -0.8042377233505249, 0.3778839707374573, 1.6193033456802368]
[DIAG_INFER] step=271 policy_action_max=10.645629 applied_action_max=0.250000 obs_max=12.970342 history_nonzero_rows=15 position_clip=0 torque_clip=3 action=[5.432906627655029, 4.103687763214111, 2.483168363571167, 5.011497497558594, -0.3465534448623657, -5.888190746307373, -5.066369533538818, 4.293777942657471, -7.635340690612793, 4.213950157165527, -10.645628929138184, 7.856451511383057]
[DIAG_TARGET] step=271 target_error=0.000000000 default=[0.0, -0.7853981852531433, 1.8654682636260986, 0.0, -0.7853981852531433, 1.8654682636260986, 0.0, -0.7853981852531433, 1.8654682636260986, 0.0, -0.7853981852531433, 1.8654682636260986] desired=[-0.06875000149011612, -0.737500011920929, 1.6825000047683716, 0.13124999403953552, -0.862500011920929, 1.5575000047683716, 0.04621905833482742, -0.737500011920929, 1.5575000047683716, 1.5, -0.862500011920929, -0.3575761318206787] applied=[-0.06875000149011612, -0.737500011920929, 1.6825000047683716, 0.13124999403953552, -0.862500011920929, 1.5575000047683716, 0.04621905833482742, -0.737500011920929, 1.5575000047683716, 1.5, -0.862500011920929, -0.3575761318206787] current=[0.08311671018600464, -0.5549646615982056, 1.9229871034622192, 0.20644158124923706, -0.7588843703269958, 1.5717248916625977, -0.2969510555267334, -0.36912214756011963, 1.7703601121902466, 0.0068671139888465405, 0.09670174866914749, 1.2425411939620972]
[DIAG_INFER] step=281 policy_action_max=6.486667 applied_action_max=0.250000 obs_max=10.645629 history_nonzero_rows=15 position_clip=0 torque_clip=5 action=[3.3593215942382812, 0.879273533821106, 4.703634262084961, -1.6921734809875488, 1.9127215147018433, -0.5673603415489197, -3.7042367458343506, 0.5606698989868164, 0.29353761672973633, -6.486666679382324, -4.666265487670898, 0.8046692609786987]
[DIAG_TARGET] step=281 target_error=0.000000000 default=[0.0, -0.7853981852531433, 1.8654682636260986, 0.0, -0.7853981852531433, 1.8654682636260986, 0.0, -0.7853981852531433, 1.8654682636260986, 0.0, -0.7853981852531433, 1.8654682636260986] desired=[-0.06875000149011612, -0.737500011920929, 1.6825000047683716, 0.06875000149011612, -0.737500011920929, 1.5575000047683716, 0.6494081616401672, -0.737500011920929, 1.4182367324829102, -1.5, -2.5643563270568848, -0.35522890090942383] applied=[-0.06875000149011612, -0.737500011920929, 1.6825000047683716, 0.06875000149011612, -0.737500011920929, 1.5575000047683716, 0.6494081616401672, -0.737500011920929, 1.4182367324829102, -1.5, -2.5643563270568848, -0.35522890090942383] current=[0.07827809453010559, -0.5941357016563416, 1.8554174900054932, 0.3292115330696106, -0.7985542416572571, 1.6510440111160278, -0.16004446148872375, -0.4187968969345093, 1.7917760610580444, 0.7701521515846252, -0.061879463493824005, 0.7348076105117798]
[DIAG_INFER] step=291 policy_action_max=9.108930 applied_action_max=0.250000 obs_max=6.486667 history_nonzero_rows=15 position_clip=0 torque_clip=4 action=[3.2109832763671875, 2.3115408420562744, 3.6931369304656982, -2.6933510303497314, -0.8195415735244751, -3.6944851875305176, -7.423652648925781, -3.3656301498413086, 1.8086800575256348, -9.108929634094238, -1.9476090669631958, -3.7856433391571045]
[DIAG_TARGET] step=291 target_error=0.000000000 default=[0.0, -0.7853981852531433, 1.8654682636260986, 0.0, -0.7853981852531433, 1.8654682636260986, 0.0, -0.7853981852531433, 1.8654682636260986, 0.0, -0.7853981852531433, 1.8654682636260986] desired=[-0.06875000149011612, -0.737500011920929, 1.6825000047683716, 0.06875000149011612, -0.862500011920929, 1.5575000047683716, -0.13124999403953552, -0.862500011920929, 0.8987228870391846, -1.5, -2.0845413208007812, 1.2988393306732178] applied=[-0.06875000149011612, -0.737500011920929, 1.6825000047683716, 0.06875000149011612, -0.862500011920929, 1.5575000047683716, -0.13124999403953552, -0.862500011920929, 0.8987228870391846, -1.5, -2.0845413208007812, 1.2988393306732178] current=[-0.05695629492402077, -0.6465877294540405, 1.8007944822311401, 0.30875933170318604, -0.8123357892036438, 1.6422271728515625, -0.11170610785484314, -0.4349251091480255, 1.8478771448135376, 0.7719215154647827, -0.7932685613632202, 0.2503373622894287]
[DIAG_INFER] step=301 policy_action_max=4.583797 applied_action_max=0.250000 obs_max=9.108930 history_nonzero_rows=15 position_clip=0 torque_clip=3 action=[3.6931374073028564, 0.16790708899497986, 1.382457971572876, 2.0287652015686035, -2.851478338241577, -3.0129945278167725, -3.3980205059051514, 4.285809516906738, -4.583797454833984, 2.1985573768615723, -2.5934627056121826, 4.244578838348389]
[DIAG_TARGET] step=301 target_error=0.000000000 default=[0.0, -0.7853981852531433, 1.8654682636260986, 0.0, -0.7853981852531433, 1.8654682636260986, 0.0, -0.7853981852531433, 1.8654682636260986, 0.0, -0.7853981852531433, 1.8654682636260986] desired=[-0.06875000149011612, -0.7580232620239258, 1.6825000047683716, 0.13124999403953552, -0.862500011920929, 1.5575000047683716, -0.13124999403953552, -1.3956208229064941, 1.5575000047683716, 0.4603511691093445, -0.862500011920929, 1.6791644096374512] applied=[-0.06875000149011612, -0.7580232620239258, 1.6825000047683716, 0.13124999403953552, -0.862500011920929, 1.5575000047683716, -0.13124999403953552, -1.3956208229064941, 1.5575000047683716, 0.4603511691093445, -0.862500011920929, 1.6791644096374512] current=[-0.10535329580307007, -0.6601132750511169, 1.7840003967285156, 0.21387851238250732, -0.8137525320053101, 1.6179369688034058, -0.19051072001457214, -0.42813199758529663, 1.8414326906204224, 0.0039923228323459625, -1.541732907295227, 0.7556588053703308]
[DIAG_INFER] step=311 policy_action_max=4.313626 applied_action_max=0.250000 obs_max=4.583797 history_nonzero_rows=15 position_clip=0 torque_clip=2 action=[2.2492055892944336, -0.0793028175830841, 3.042954683303833, 0.2196921408176422, -1.3439773321151733, -1.4970165491104126, -4.313625812530518, -3.1144628524780273, -2.841273069381714, -1.713105320930481, -3.9346861839294434, 1.0839579105377197]
[DIAG_TARGET] step=311 target_error=0.000000000 default=[0.0, -0.7853981852531433, 1.8654682636260986, 0.0, -0.7853981852531433, 1.8654682636260986, 0.0, -0.7853981852531433, 1.8654682636260986, 0.0, -0.7853981852531433, 1.8654682636260986] desired=[-0.06875000149011612, -0.8198257088661194, 1.6825000047683716, 0.1274615228176117, -0.862500011920929, 1.5575000047683716, -0.13124999403953552, -0.862500011920929, 1.5575000047683716, 0.06875000149011612, -2.1167116165161133, 0.9487779140472412] applied=[-0.06875000149011612, -0.8198257088661194, 1.6825000047683716, 0.1274615228176117, -0.862500011920929, 1.5575000047683716, -0.13124999403953552, -0.862500011920929, 1.5575000047683716, 0.06875000149011612, -2.1167116165161133, 0.9487779140472412] current=[-0.058192458003759384, -0.6944381594657898, 1.7371631860733032, 0.2613575756549835, -0.823768138885498, 1.6445012092590332, -0.1821436882019043, -0.6373327374458313, 1.925443172454834, 0.20169781148433685, -1.5752922296524048, 1.152585506439209]
[DIAG_INFER] step=321 policy_action_max=4.998101 applied_action_max=0.250000 obs_max=4.313626 history_nonzero_rows=15 position_clip=0 torque_clip=2 action=[2.8659281730651855, 1.9093881845474243, 2.866356134414673, -2.926201105117798, -4.486627101898193, -1.8960732221603394, 0.8513606190681458, 2.9541964530944824, -1.927025556564331, 1.1065226793289185, -4.998101234436035, 3.1046512126922607]
[DIAG_TARGET] step=321 target_error=0.000000000 default=[0.0, -0.7853981852531433, 1.8654682636260986, 0.0, -0.7853981852531433, 1.8654682636260986, 0.0, -0.7853981852531433, 1.8654682636260986, 0.0, -0.7853981852531433, 1.8654682636260986] desired=[-0.06875000149011612, -0.737500011920929, 1.6825000047683716, 0.06875000149011612, -0.862500011920929, 1.5575000047683716, -0.06875000149011612, -1.165309190750122, 1.5575000047683716, 0.13124999403953552, -3.0019214153289795, 1.6825000047683716] applied=[-0.06875000149011612, -0.737500011920929, 1.6825000047683716, 0.06875000149011612, -0.862500011920929, 1.5575000047683716, -0.06875000149011612, -1.165309190750122, 1.5575000047683716, 0.13124999403953552, -3.0019214153289795, 1.6825000047683716] current=[-0.05867086350917816, -0.7557837963104248, 1.7076503038406372, 0.26653262972831726, -0.823137104511261, 1.665579080581665, -0.18612942099571228, -0.6848497986793518, 1.9313915967941284, 0.11158986389636993, -1.7814831733703613, 1.086807370185852]
[DIAG_INFER] step=331 policy_action_max=3.989299 applied_action_max=0.250000 obs_max=4.998101 history_nonzero_rows=15 position_clip=0 torque_clip=1 action=[3.6129157543182373, -0.6206105947494507, 2.051241159439087, 2.3116888999938965, 0.11094270646572113, 0.07241957634687424, -2.374973773956299, 2.6605098247528076, -1.0198493003845215, -1.4860767126083374, -0.9438222646713257, 3.9892992973327637]
[DIAG_TARGET] step=331 target_error=0.000000000 default=[0.0, -0.7853981852531433, 1.8654682636260986, 0.0, -0.7853981852531433, 1.8654682636260986, 0.0, -0.7853981852531433, 1.8654682636260986, 0.0, -0.7853981852531433, 1.8654682636260986] desired=[-0.06875000149011612, -0.862500011920929, 1.6825000047683716, 0.13124999403953552, -0.7722643613815308, 1.6381049156188965, -0.13124999403953552, -2.1918067932128906, 1.5575000047683716, 0.06875000149011612, -0.862500011920929, 1.6825000047683716] applied=[-0.06875000149011612, -0.862500011920929, 1.6825000047683716, 0.13124999403953552, -0.7722643613815308, 1.6381049156188965, -0.13124999403953552, -2.1918067932128906, 1.5575000047683716, 0.06875000149011612, -0.862500011920929, 1.6825000047683716] current=[-0.051200009882450104, -0.7742573022842407, 1.6870759725570679, 0.28205767273902893, -0.833403468132019, 1.6996724605560303, -0.1638297736644745, -0.7404941320419312, 1.9615422487258911, 0.0966825857758522, -2.3738534450531006, 1.4138424396514893]
[DIAG_INFER] step=341 policy_action_max=5.072567 applied_action_max=0.250000 obs_max=3.989299 history_nonzero_rows=15 position_clip=0 torque_clip=2 action=[3.671081781387329, 3.6499245166778564, 4.0887932777404785, -3.123609781265259, -2.0584590435028076, -0.5592901706695557, -1.5198357105255127, -5.072566986083984, 0.8817481994628906, -2.378460168838501, -0.23552319407463074, 0.7959112524986267]
[DIAG_TARGET] step=341 target_error=0.000000000 default=[0.0, -0.7853981852531433, 1.8654682636260986, 0.0, -0.7853981852531433, 1.8654682636260986, 0.0, -0.7853981852531433, 1.8654682636260986, 0.0, -0.7853981852531433, 1.8654682636260986] desired=[-0.06875000149011612, -0.737500011920929, 1.6825000047683716, 0.06875000149011612, -0.862500011920929, 1.5575000047683716, -0.13124999403953552, -0.9680031538009644, 1.6825000047683716, 0.06875000149011612, -2.3309824466705322, 1.6825000047683716] applied=[-0.06875000149011612, -0.737500011920929, 1.6825000047683716, 0.06875000149011612, -0.862500011920929, 1.5575000047683716, -0.13124999403953552, -0.9680031538009644, 1.6825000047683716, 0.06875000149011612, -2.3309824466705322, 1.6825000047683716] current=[-0.07891432195901871, -0.8129282593727112, 1.6858153343200684, 0.2422713339328766, -0.8427005410194397, 1.72946298122406, -0.22241899371147156, -1.0980889797210693, 2.050935983657837, 0.12263153493404388, -2.364767074584961, 1.4836612939834595]
[DIAG_INFER] step=351 policy_action_max=8.345020 applied_action_max=0.250000 obs_max=5.072567 history_nonzero_rows=15 position_clip=0 torque_clip=3 action=[5.250601291656494, 2.195963144302368, 5.287170886993408, 4.585081577301025, 1.1489810943603516, -6.658980846405029, -8.192957878112793, 1.2072207927703857, -2.6914610862731934, -3.290963888168335, -0.6949318647384644, 8.345020294189453]
[DIAG_TARGET] step=351 target_error=0.000000000 default=[0.0, -0.7853981852531433, 1.8654682636260986, 0.0, -0.7853981852531433, 1.8654682636260986, 0.0, -0.7853981852531433, 1.8654682636260986, 0.0, -0.7853981852531433, 1.8654682636260986] desired=[-0.06875000149011612, -0.737500011920929, 1.6825000047683716, 0.13124999403953552, -0.737500011920929, 1.5575000047683716, -0.13124999403953552, -1.218029260635376, 1.5575000047683716, 0.6833848357200623, 0.56011563539505, 1.6825000047683716] applied=[-0.06875000149011612, -0.737500011920929, 1.6825000047683716, 0.13124999403953552, -0.737500011920929, 1.5575000047683716, -0.13124999403953552, -1.218029260635376, 1.5575000047683716, 0.6833848357200623, 0.56011563539505, 1.6825000047683716] current=[-0.049871157854795456, -0.7908980846405029, 1.6774518489837646, 0.2254406362771988, -0.8488518595695496, 1.7667127847671509, -0.24537406861782074, -1.1653285026550293, 2.038135051727295, 0.09148360788822174, -2.1779866218566895, 1.6112405061721802]
[DIAG_INFER] step=361 policy_action_max=4.825032 applied_action_max=0.250000 obs_max=8.345020 history_nonzero_rows=15 position_clip=0 torque_clip=3 action=[2.670332193374634, -0.42326971888542175, 3.155073642730713, 1.3448421955108643, -1.0603684186935425, 0.02161537855863571, -4.825031757354736, -0.14181780815124512, 0.3242223262786865, -4.608484268188477, 1.6312543153762817, 2.962055206298828]
[DIAG_TARGET] step=361 target_error=0.000000000 default=[0.0, -0.7853981852531433, 1.8654682636260986, 0.0, -0.7853981852531433, 1.8654682636260986, 0.0, -0.7853981852531433, 1.8654682636260986, 0.0, -0.7853981852531433, 1.8654682636260986] desired=[-0.06875000149011612, -0.862500011920929, 1.6825000047683716, 0.13124999403953552, -0.862500011920929, 1.625403881072998, -0.13124999403953552, -0.9845791459083557, 1.6825000047683716, -0.09985023736953735, -0.0007541179656982422, 1.6825000047683716] applied=[-0.06875000149011612, -0.862500011920929, 1.6825000047683716, 0.13124999403953552, -0.862500011920929, 1.625403881072998, -0.13124999403953552, -0.9845791459083557, 1.6825000047683716, -0.09985023736953735, -0.0007541179656982422, 1.6825000047683716] current=[-0.042027510702610016, -0.7485947012901306, 1.680135726928711, 0.22584383189678192, -0.8488170504570007, 1.8203989267349243, -0.19733597338199615, -1.177869439125061, 2.037980794906616, 0.3467176556587219, -1.9511222839355469, 1.5979832410812378]
[DIAG_INFER] step=371 policy_action_max=5.511518 applied_action_max=0.250000 obs_max=4.825032 history_nonzero_rows=15 position_clip=0 torque_clip=3 action=[3.346101760864258, 1.4551013708114624, 3.5885508060455322, -5.511517524719238, -2.4401533603668213, -0.9348981976509094, -3.757829189300537, -3.322490930557251, 0.15500593185424805, -5.448726654052734, -1.196876883506775, -0.15113316476345062]
[DIAG_TARGET] step=371 target_error=0.000000000 default=[0.0, -0.7853981852531433, 1.8654682636260986, 0.0, -0.7853981852531433, 1.8654682636260986, 0.0, -0.7853981852531433, 1.8654682636260986, 0.0, -0.7853981852531433, 1.8654682636260986] desired=[-0.06875000149011612, -0.737500011920929, 1.6825000047683716, 0.06875000149011612, -0.862500011920929, 1.5575000047683716, -0.13124999403953552, -0.8813544511795044, 1.6587514877319336, -0.9800183176994324, -2.2519032955169678, 1.582216739654541] applied=[-0.06875000149011612, -0.737500011920929, 1.6825000047683716, 0.06875000149011612, -0.862500011920929, 1.5575000047683716, -0.13124999403953552, -0.8813544511795044, 1.6587514877319336, -0.9800183176994324, -2.2519032955169678, 1.582216739654541] current=[-0.11202830821275711, -0.7759069800376892, 1.690408706665039, 0.1072387844324112, -0.8061688542366028, 1.8433924913406372, -0.2472095638513565, -1.1553263664245605, 2.015623092651367, 0.3091457188129425, -1.8888812065124512, 1.6121309995651245]
[DIAG_INFER] step=381 policy_action_max=10.296225 applied_action_max=0.250000 obs_max=5.511518 history_nonzero_rows=15 position_clip=0 torque_clip=5 action=[9.987974166870117, 0.6361024379730225, 6.3554301261901855, -2.2827789783477783, 1.1232432126998901, -5.502040386199951, -10.296224594116211, -7.611211776733398, 3.850203037261963, 1.676448941230774, -8.85983943939209, 8.525777816772461]
[DIAG_TARGET] step=381 target_error=0.000000000 default=[0.0, -0.7853981852531433, 1.8654682636260986, 0.0, -0.7853981852531433, 1.8654682636260986, 0.0, -0.7853981852531433, 1.8654682636260986, 0.0, -0.7853981852531433, 1.8654682636260986] desired=[-0.06875000149011612, -0.737500011920929, 1.6825000047683716, 0.06875000149011612, -0.737500011920929, 1.5575000047683716, -0.16450577974319458, -1.3777830600738525, 1.6825000047683716, 1.5, -0.2794632911682129, 2.700000047683716] applied=[-0.06875000149011612, -0.737500011920929, 1.6825000047683716, 0.06875000149011612, -0.737500011920929, 1.5575000047683716, -0.16450577974319458, -1.3777830600738525, 1.6825000047683716, 1.5, -0.2794632911682129, 2.700000047683716] current=[-0.08023007959127426, -0.7668485641479492, 1.6906464099884033, 0.0013506985269486904, -0.7443965673446655, 1.8401718139648438, -0.30732887983322144, -1.0904892683029175, 1.9573403596878052, -0.3554147183895111, -2.0480875968933105, 1.6372911930084229]
[DIAG_INFER] step=391 policy_action_max=8.194506 applied_action_max=0.250000 obs_max=10.296225 history_nonzero_rows=15 position_clip=0 torque_clip=2 action=[6.273397445678711, -0.28703591227531433, 3.1896345615386963, -3.401214361190796, 2.3694615364074707, 0.35050880908966064, -8.19450569152832, -1.721583604812622, -6.196569919586182, -4.61663293838501, -2.6443898677825928, 3.2959399223327637]
[DIAG_TARGET] step=391 target_error=0.000000000 default=[0.0, -0.7853981852531433, 1.8654682636260986, 0.0, -0.7853981852531433, 1.8654682636260986, 0.0, -0.7853981852531433, 1.8654682636260986, 0.0, -0.7853981852531433, 1.8654682636260986] desired=[-0.06875000149011612, -0.862500011920929, 1.6825000047683716, 0.06875000149011612, -0.737500011920929, 1.6825000047683716, 0.3415050506591797, -0.862500011920929, 1.5575000047683716, 0.06875000149011612, -0.6222625970840454, 1.6825000047683716] applied=[-0.06875000149011612, -0.862500011920929, 1.6825000047683716, 0.06875000149011612, -0.737500011920929, 1.6825000047683716, 0.3415050506591797, -0.862500011920929, 1.5575000047683716, 0.06875000149011612, -0.6222625970840454, 1.6825000047683716] current=[-0.014440835453569889, -0.7351062297821045, 1.6917619705200195, 0.046370264142751694, -0.7139903903007507, 1.908884882926941, -0.23316837847232819, -1.1494228839874268, 1.8651089668273926, 0.28326117992401123, -1.6074515581130981, 2.0820717811584473]
[DIAG_INFER] step=401 policy_action_max=8.314424 applied_action_max=0.250000 obs_max=8.194506 history_nonzero_rows=15 position_clip=0 torque_clip=3 action=[6.823783874511719, 1.212722659111023, 6.008744716644287, -8.314423561096191, -1.8608189821243286, -0.8844008445739746, -3.97105073928833, -2.179262638092041, -0.6122422218322754, -4.098238945007324, -2.3337531089782715, 1.0479663610458374]
[DIAG_TARGET] step=401 target_error=0.000000000 default=[0.0, -0.7853981852531433, 1.8654682636260986, 0.0, -0.7853981852531433, 1.8654682636260986, 0.0, -0.7853981852531433, 1.8654682636260986, 0.0, -0.7853981852531433, 1.8654682636260986] desired=[-0.06875000149011612, -0.737500011920929, 1.6825000047683716, 0.06875000149011612, -0.862500011920929, 1.5575000047683716, -0.13124999403953552, -0.862500011920929, 1.5575000047683716, -0.17738193273544312, -1.9483778476715088, 2.143383502960205] applied=[-0.06875000149011612, -0.737500011920929, 1.6825000047683716, 0.06875000149011612, -0.862500011920929, 1.5575000047683716, -0.13124999403953552, -0.862500011920929, 1.5575000047683716, -0.17738193273544312, -1.9483778476715088, 2.143383502960205] current=[-0.06228442117571831, -0.7665481567382812, 1.7034991979599, -0.023684043437242508, -0.6289100050926208, 1.9483201503753662, -0.1785554438829422, -1.0764813423156738, 1.7977159023284912, 0.3440612554550171, -1.3646323680877686, 2.0310938358306885]
[DIAG_INFER] step=411 policy_action_max=5.918753 applied_action_max=0.250000 obs_max=8.314424 history_nonzero_rows=15 position_clip=0 torque_clip=2 action=[5.063417434692383, -0.7259664535522461, 4.323181629180908, -2.395904541015625, 0.8122509717941284, -1.4138809442520142, -5.918753147125244, 1.228662371635437, -1.9041271209716797, -3.206867218017578, 0.20296183228492737, 3.777505397796631]
[DIAG_TARGET] step=411 target_error=0.000000000 default=[0.0, -0.7853981852531433, 1.8654682636260986, 0.0, -0.7853981852531433, 1.8654682636260986, 0.0, -0.7853981852531433, 1.8654682636260986, 0.0, -0.7853981852531433, 1.8654682636260986] desired=[-0.06875000149011612, -0.862500011920929, 1.6825000047683716, 0.06875000149011612, -0.737500011920929, 1.5575000047683716, -0.13124999403953552, -1.0424689054489136, 1.5575000047683716, 0.06875000149011612, 0.015020251274108887, 1.6825000047683716] applied=[-0.06875000149011612, -0.862500011920929, 1.6825000047683716, 0.06875000149011612, -0.737500011920929, 1.5575000047683716, -0.13124999403953552, -1.0424689054489136, 1.5575000047683716, 0.06875000149011612, 0.015020251274108887, 1.6825000047683716] current=[-0.08411745727062225, -0.7490808367729187, 1.7187905311584473, -0.09076093137264252, -0.5385436415672302, 1.9688256978988647, -0.1449170559644699, -0.9757758975028992, 1.7042222023010254, 0.05469110980629921, -1.5766050815582275, 2.07836651802063]
[DIAG_INFER] step=421 policy_action_max=5.460186 applied_action_max=0.250000 obs_max=5.918753 history_nonzero_rows=15 position_clip=0 torque_clip=2 action=[4.485446929931641, 0.8049026727676392, 4.579921245574951, -4.694509983062744, -0.8280419111251831, -0.8334890604019165, -5.46018648147583, -2.974609851837158, -1.3711791038513184, -3.0970816612243652, -1.607954502105713, 0.5151412487030029]
[DIAG_TARGET] step=421 target_error=0.000000000 default=[0.0, -0.7853981852531433, 1.8654682636260986, 0.0, -0.7853981852531433, 1.8654682636260986, 0.0, -0.7853981852531433, 1.8654682636260986, 0.0, -0.7853981852531433, 1.8654682636260986] desired=[-0.06875000149011612, -0.737500011920929, 1.6825000047683716, 0.06875000149011612, -0.862500011920929, 1.5575000047683716, -0.13124999403953552, -0.862500011920929, 1.5575000047683716, -0.27357369661331177, -1.3298819065093994, 1.6825000047683716] applied=[-0.06875000149011612, -0.737500011920929, 1.6825000047683716, 0.06875000149011612, -0.862500011920929, 1.5575000047683716, -0.13124999403953552, -0.862500011920929, 1.5575000047683716, -0.27357369661331177, -1.3298819065093994, 1.6825000047683716] current=[-0.09380587935447693, -0.7652328014373779, 1.7310556173324585, -0.1440429538488388, -0.45459097623825073, 1.987248182296753, -0.11866481602191925, -0.9632396697998047, 1.6247575283050537, 0.09303944557905197, -1.3878848552703857, 1.795701503753662]
[DIAG_INFER] step=431 policy_action_max=5.609279 applied_action_max=0.250000 obs_max=5.460186 history_nonzero_rows=15 position_clip=0 torque_clip=1 action=[5.334103584289551, 0.47957971692085266, 3.2659146785736084, -4.536810398101807, 1.0119014978408813, -0.2700083255767822, -5.609279155731201, 0.23743942379951477, -3.3435702323913574, -2.3917360305786133, -0.051663368940353394, 3.5025665760040283]
[DIAG_TARGET] step=431 target_error=0.000000000 default=[0.0, -0.7853981852531433, 1.8654682636260986, 0.0, -0.7853981852531433, 1.8654682636260986, 0.0, -0.7853981852531433, 1.8654682636260986, 0.0, -0.7853981852531433, 1.8654682636260986] desired=[-0.06875000149011612, -0.737500011920929, 1.6825000047683716, 0.06875000149011612, -0.737500011920929, 1.5575000047683716, -0.13124999403953552, -0.7406401634216309, 1.5575000047683716, 0.06875000149011612, 0.25717025995254517, 1.6825000047683716] applied=[-0.06875000149011612, -0.737500011920929, 1.6825000047683716, 0.06875000149011612, -0.737500011920929, 1.5575000047683716, -0.13124999403953552, -0.7406401634216309, 1.5575000047683716, 0.06875000149011612, 0.25717025995254517, 1.6825000047683716] current=[-0.11028177291154861, -0.7388716340065002, 1.7400765419006348, -0.18161410093307495, -0.39948728680610657, 2.000481367111206, -0.11718274652957916, -0.9305795431137085, 1.5793408155441284, -0.07186476141214371, -1.3373186588287354, 1.7261991500854492]
[DIAG_INFER] step=441 policy_action_max=6.177790 applied_action_max=0.250000 obs_max=5.609279 history_nonzero_rows=15 position_clip=0 torque_clip=1 action=[4.098508358001709, 0.791448712348938, 2.088217258453369, -3.177445650100708, 0.3976655602455139, -1.0157841444015503, -6.17779016494751, 0.5082991719245911, -4.6079301834106445, 1.8264644145965576, -0.2200937569141388, 3.3181850910186768]
[DIAG_TARGET] step=441 target_error=0.000000000 default=[0.0, -0.7853981852531433, 1.8654682636260986, 0.0, -0.7853981852531433, 1.8654682636260986, 0.0, -0.7853981852531433, 1.8654682636260986, 0.0, -0.7853981852531433, 1.8654682636260986] desired=[-0.06875000149011612, -0.737500011920929, 1.6825000047683716, 0.06875000149011612, -0.737500011920929, 1.5575000047683716, -0.13124999403953552, -0.737500011920929, 1.5575000047683716, 0.13124999403953552, -0.405035138130188, 1.6825000047683716] applied=[-0.06875000149011612, -0.737500011920929, 1.6825000047683716, 0.06875000149011612, -0.737500011920929, 1.5575000047683716, -0.13124999403953552, -0.737500011920929, 1.5575000047683716, 0.13124999403953552, -0.405035138130188, 1.6825000047683716] current=[-0.08965960144996643, -0.705252468585968, 1.7309865951538086, -0.18192078173160553, -0.3291575312614441, 2.0045077800750732, -0.0975976437330246, -0.8310922980308533, 1.5613138675689697, -0.030374351888895035, -1.2013989686965942, 1.6571075916290283]
[DIAG_INFER] step=451 policy_action_max=5.138670 applied_action_max=0.250000 obs_max=6.177790 history_nonzero_rows=15 position_clip=0 torque_clip=1 action=[2.3874707221984863, 1.5625324249267578, 1.8815784454345703, -2.948493719100952, 0.05635474622249603, -2.4834706783294678, -4.476499080657959, 0.6645499467849731, -4.7194061279296875, 5.138670444488525, -2.161667823791504, 1.744763731956482]
[DIAG_TARGET] step=451 target_error=0.000000000 default=[0.0, -0.7853981852531433, 1.8654682636260986, 0.0, -0.7853981852531433, 1.8654682636260986, 0.0, -0.7853981852531433, 1.8654682636260986, 0.0, -0.7853981852531433, 1.8654682636260986] desired=[-0.06875000149011612, -0.737500011920929, 1.6825000047683716, 0.06875000149011612, -0.7859113216400146, 1.5575000047683716, -0.13124999403953552, -0.737500011920929, 1.5575000047683716, 0.3046022057533264, -0.862500011920929, 1.6825000047683716] applied=[-0.06875000149011612, -0.737500011920929, 1.6825000047683716, 0.06875000149011612, -0.7859113216400146, 1.5575000047683716, -0.13124999403953552, -0.737500011920929, 1.5575000047683716, 0.3046022057533264, -0.862500011920929, 1.6825000047683716] current=[-0.0650264173746109, -0.6958516240119934, 1.7182364463806152, -0.17413856089115143, -0.2591898739337921, 2.002257823944092, -0.09109705686569214, -0.7504528760910034, 1.561037302017212, 0.01844511181116104, -1.094521403312683, 1.599303960800171]
[DIAG_INFER] step=461 policy_action_max=5.594257 applied_action_max=0.250000 obs_max=5.138670 history_nonzero_rows=15 position_clip=0 torque_clip=1 action=[2.934731960296631, 0.8738521337509155, 2.912675619125366, -3.610222101211548, -0.12829045951366425, -1.023963212966919, -5.59425687789917, -1.4040119647979736, -4.468386173248291, 4.919880390167236, -3.3546459674835205, 0.6336938142776489]
[DIAG_TARGET] step=461 target_error=0.000000000 default=[0.0, -0.7853981852531433, 1.8654682636260986, 0.0, -0.7853981852531433, 1.8654682636260986, 0.0, -0.7853981852531433, 1.8654682636260986, 0.0, -0.7853981852531433, 1.8654682636260986] desired=[-0.06875000149011612, -0.737500011920929, 1.6825000047683716, 0.06875000149011612, -0.8320726156234741, 1.5575000047683716, -0.13124999403953552, -0.862500011920929, 1.5575000047683716, 0.13124999403953552, -1.0331400632858276, 1.6825000047683716] applied=[-0.06875000149011612, -0.737500011920929, 1.6825000047683716, 0.06875000149011612, -0.8320726156234741, 1.5575000047683716, -0.13124999403953552, -0.862500011920929, 1.5575000047683716, 0.13124999403953552, -1.0331400632858276, 1.6825000047683716] current=[-0.035932037979364395, -0.7134798169136047, 1.6959514617919922, -0.12833595275878906, -0.23124797642230988, 2.0123794078826904, -0.10696673393249512, -0.7291907072067261, 1.5615911483764648, 0.16024169325828552, -0.9753584265708923, 1.641583800315857]
[DIAG_INFER] step=471 policy_action_max=4.316892 applied_action_max=0.250000 obs_max=5.594257 history_nonzero_rows=15 position_clip=0 torque_clip=0 action=[4.316891670227051, 0.8479444980621338, 2.646557331085205, -3.566105604171753, 0.5769167542457581, -0.2599976062774658, -4.212904453277588, 0.08119399100542068, -3.0962445735931396, 1.9089206457138062, -2.1846632957458496, 0.8829195499420166]
[DIAG_TARGET] step=471 target_error=0.000000000 default=[0.0, -0.7853981852531433, 1.8654682636260986, 0.0, -0.7853981852531433, 1.8654682636260986, 0.0, -0.7853981852531433, 1.8654682636260986, 0.0, -0.7853981852531433, 1.8654682636260986] desired=[-0.06875000149011612, -0.737500011920929, 1.6825000047683716, 0.06875000149011612, -0.737500011920929, 1.5575000047683716, -0.13124999403953552, -0.7797015309333801, 1.5575000047683716, 0.13124999403953552, -0.862500011920929, 1.6825000047683716] applied=[-0.06875000149011612, -0.737500011920929, 1.6825000047683716, 0.06875000149011612, -0.737500011920929, 1.5575000047683716, -0.13124999403953552, -0.7797015309333801, 1.5575000047683716, 0.13124999403953552, -0.862500011920929, 1.6825000047683716] current=[-0.039271898567676544, -0.733455240726471, 1.6850217580795288, -0.07764919847249985, -0.24796679615974426, 2.017277956008911, -0.1472783237695694, -0.7837119102478027, 1.5630643367767334, 0.17264175415039062, -0.9693389534950256, 1.67324697971344]
[DIAG_INFER] step=481 policy_action_max=4.768440 applied_action_max=0.250000 obs_max=4.316892 history_nonzero_rows=15 position_clip=0 torque_clip=0 action=[4.768440246582031, 0.019608110189437866, 1.7493798732757568, -4.194416046142578, 0.7936922907829285, 0.1739509105682373, -4.592838764190674, -0.2457571029663086, -3.2069127559661865, 0.7365005016326904, -1.5648763179779053, 1.1230798959732056]
[DIAG_TARGET] step=481 target_error=0.000000000 default=[0.0, -0.7853981852531433, 1.8654682636260986, 0.0, -0.7853981852531433, 1.8654682636260986, 0.0, -0.7853981852531433, 1.8654682636260986, 0.0, -0.7853981852531433, 1.8654682636260986] desired=[-0.06875000149011612, -0.7950980067253113, 1.6825000047683716, 0.06875000149011612, -0.737500011920929, 1.6634876728057861, -0.13124999403953552, -0.8614392876625061, 1.5575000047683716, 0.13124999403953552, -0.862500011920929, 1.6825000047683716] applied=[-0.06875000149011612, -0.7950980067253113, 1.6825000047683716, 0.06875000149011612, -0.737500011920929, 1.6634876728057861, -0.13124999403953552, -0.8614392876625061, 1.5575000047683716, 0.13124999403953552, -0.862500011920929, 1.6825000047683716] current=[-0.0417688824236393, -0.7398915886878967, 1.681352972984314, -0.021940259262919426, -0.2590222954750061, 1.9979695081710815, -0.1599024087190628, -0.8121591210365295, 1.556017279624939, 0.1457737535238266, -0.9428554773330688, 1.6724666357040405]
[DIAG_INFER] step=491 policy_action_max=6.869280 applied_action_max=0.250000 obs_max=4.768440 history_nonzero_rows=15 position_clip=0 torque_clip=1 action=[4.5334978103637695, 0.5483956336975098, 1.7153565883636475, -6.869279861450195, 0.6231226921081543, 2.3264338970184326, -2.971416711807251, -1.0820026397705078, -1.5831587314605713, 0.3522688150405884, -1.353534460067749, 1.0763816833496094]
[DIAG_TARGET] step=491 target_error=0.000000000 default=[0.0, -0.7853981852531433, 1.8654682636260986, 0.0, -0.7853981852531433, 1.8654682636260986, 0.0, -0.7853981852531433, 1.8654682636260986, 0.0, -0.7853981852531433, 1.8654682636260986] desired=[-0.06875000149011612, -0.737500011920929, 1.6825000047683716, 0.06875000149011612, -0.737500011920929, 1.6825000047683716, -0.13124999403953552, -0.862500011920929, 1.5575000047683716, 0.13124999403953552, -1.3069279193878174, 1.6825000047683716] applied=[-0.06875000149011612, -0.737500011920929, 1.6825000047683716, 0.06875000149011612, -0.737500011920929, 1.6825000047683716, -0.13124999403953552, -0.862500011920929, 1.5575000047683716, 0.13124999403953552, -1.3069279193878174, 1.6825000047683716] current=[-0.04999716579914093, -0.7633569240570068, 1.6818034648895264, 0.02534537762403488, -0.3153749108314514, 1.9910258054733276, -0.15893858671188354, -0.8390783071517944, 1.557998776435852, 0.11996766179800034, -0.945770800113678, 1.692356824874878]
[DIAG_INFER] step=501 policy_action_max=3.823816 applied_action_max=0.250000 obs_max=6.869280 history_nonzero_rows=15 position_clip=0 torque_clip=0 action=[1.9760221242904663, -1.2198641300201416, -2.3753230571746826, -2.063840627670288, 1.7752689123153687, 1.3829206228256226, -1.910062551498413, 0.9530137777328491, -3.8238162994384766, -1.8474161624908447, -2.5573134422302246, 0.7114170789718628]
[DIAG_TARGET] step=501 target_error=0.000000000 default=[0.0, -0.7853981852531433, 1.8654682636260986, 0.0, -0.7853981852531433, 1.8654682636260986, 0.0, -0.7853981852531433, 1.8654682636260986, 0.0, -0.7853981852531433, 1.8654682636260986] desired=[-0.06875000149011612, -0.862500011920929, 1.5575000047683716, 0.06875000149011612, -0.737500011920929, 1.6825000047683716, -0.13124999403953552, -0.737500011920929, 1.5575000047683716, 0.06875000149011612, -0.862500011920929, 1.6825000047683716] applied=[-0.06875000149011612, -0.862500011920929, 1.5575000047683716, 0.06875000149011612, -0.737500011920929, 1.6825000047683716, -0.13124999403953552, -0.737500011920929, 1.5575000047683716, 0.06875000149011612, -0.862500011920929, 1.6825000047683716] current=[-0.056887540966272354, -0.7651670575141907, 1.6755096912384033, 0.06113781780004501, -0.38278433680534363, 1.9816296100616455, -0.15505903959274292, -0.8638007044792175, 1.5558658838272095, 0.10133598744869232, -1.1064205169677734, 1.6887768507003784]
[DIAG_INFER] step=511 policy_action_max=8.132833 applied_action_max=0.250000 obs_max=3.823816 history_nonzero_rows=15 position_clip=0 torque_clip=2 action=[3.959684371948242, 1.5873020887374878, 4.048969268798828, -8.132833480834961, -2.5526931285858154, 1.2558435201644897, -2.08591628074646, 0.06742394715547562, -1.9821398258209229, 1.5979868173599243, -1.8838664293289185, 1.6346559524536133]
[DIAG_TARGET] step=511 target_error=0.000000000 default=[0.0, -0.7853981852531433, 1.8654682636260986, 0.0, -0.7853981852531433, 1.8654682636260986, 0.0, -0.7853981852531433, 1.8654682636260986, 0.0, -0.7853981852531433, 1.8654682636260986] desired=[-0.06875000149011612, -0.737500011920929, 1.6825000047683716, 0.06875000149011612, -0.862500011920929, 1.6825000047683716, -0.13124999403953552, -0.7831439971923828, 1.5575000047683716, 0.13124999403953552, -2.2731940746307373, 0.6439582109451294] applied=[-0.06875000149011612, -0.737500011920929, 1.6825000047683716, 0.06875000149011612, -0.862500011920929, 1.6825000047683716, -0.13124999403953552, -0.7831439971923828, 1.5575000047683716, 0.13124999403953552, -2.2731940746307373, 0.6439582109451294] current=[-0.07265634834766388, -0.7950343489646912, 1.6161837577819824, 0.06868911534547806, -0.4323500096797943, 1.9613933563232422, -0.1507650911808014, -0.8224232196807861, 1.5510666370391846, 0.04135590419173241, -1.1808154582977295, 1.703814148902893]
[DIAG_INFER] step=521 policy_action_max=2.942466 applied_action_max=0.250000 obs_max=8.132833 history_nonzero_rows=15 position_clip=0 torque_clip=3 action=[1.75344717502594, -1.6913920640945435, -1.8264572620391846, -1.0353312492370605, -0.28273332118988037, -0.5068655014038086, -2.9424657821655273, -0.9432293176651001, -0.06435786187648773, -0.20403870940208435, -2.878387928009033, 0.3649125099182129]
[DIAG_TARGET] step=521 target_error=0.000000000 default=[0.0, -0.7853981852531433, 1.8654682636260986, 0.0, -0.7853981852531433, 1.8654682636260986, 0.0, -0.7853981852531433, 1.8654682636260986, 0.0, -0.7853981852531433, 1.8654682636260986] desired=[-0.06875000149011612, -0.862500011920929, 1.5575000047683716, 0.06875000149011612, -0.862500011920929, 1.5575000047683716, -0.13124999403953552, -1.2112253904342651, 1.6039105653762817, 0.07449516654014587, -0.614531397819519, 1.8595484495162964] applied=[-0.06875000149011612, -0.862500011920929, 1.5575000047683716, 0.06875000149011612, -0.862500011920929, 1.5575000047683716, -0.13124999403953552, -1.2112253904342651, 1.6039105653762817, 0.07449516654014587, -0.614531397819519, 1.8595484495162964] current=[-0.056632041931152344, -0.8000048398971558, 1.6414207220077515, 0.07526098191738129, -0.5184604525566101, 1.9555355310440063, -0.13476231694221497, -0.7955965995788574, 1.5594854354858398, 0.01951286941766739, -1.5537065267562866, 1.2958506345748901]
[DIAG_INFER] step=531 policy_action_max=6.740772 applied_action_max=0.250000 obs_max=2.942466 history_nonzero_rows=15 position_clip=0 torque_clip=3 action=[4.867201805114746, 0.3649367392063141, 1.9890468120574951, -3.457603693008423, -0.3994973301887512, 0.3211243450641632, -6.740772247314453, -2.029292583465576, -3.682307720184326, -4.697849273681641, -2.613802909851074, -1.0636284351348877]
[DIAG_TARGET] step=531 target_error=0.000000000 default=[0.0, -0.7853981852531433, 1.8654682636260986, 0.0, -0.7853981852531433, 1.8654682636260986, 0.0, -0.7853981852531433, 1.8654682636260986, 0.0, -0.7853981852531433, 1.8654682636260986] desired=[-0.06875000149011612, -0.737500011920929, 1.6825000047683716, 0.06875000149011612, -0.862500011920929, 1.6825000047683716, -0.13124999403953552, -0.862500011920929, 1.5575000047683716, -0.9716351628303528, -1.408843755722046, 1.4373103380203247] applied=[-0.06875000149011612, -0.737500011920929, 1.6825000047683716, 0.06875000149011612, -0.862500011920929, 1.6825000047683716, -0.13124999403953552, -0.862500011920929, 1.5575000047683716, -0.9716351628303528, -1.408843755722046, 1.4373103380203247] current=[-0.08929380029439926, -0.8133161067962646, 1.6029728651046753, 0.03061547316610813, -0.5773320198059082, 1.9329776763916016, -0.14714185893535614, -0.9517450332641602, 1.592842936515808, 0.08270762860774994, -1.5749239921569824, 1.5098586082458496]
[DIAG_INFER] step=541 policy_action_max=9.533258 applied_action_max=0.250000 obs_max=6.740772 history_nonzero_rows=15 position_clip=0 torque_clip=3 action=[-2.5741968154907227, -0.16276082396507263, -0.6228033304214478, -9.533258438110352, 0.46880513429641724, 0.5294219255447388, -3.846684694290161, -7.857676029205322, 5.108964920043945, -9.08176326751709, -4.151565074920654, -1.4689689874649048]
[DIAG_TARGET] step=541 target_error=0.000000000 default=[0.0, -0.7853981852531433, 1.8654682636260986, 0.0, -0.7853981852531433, 1.8654682636260986, 0.0, -0.7853981852531433, 1.8654682636260986, 0.0, -0.7853981852531433, 1.8654682636260986] desired=[-0.13124999403953552, -0.8406901955604553, 1.5575000047683716, 0.06875000149011612, -0.737500011920929, 1.6825000047683716, -0.13124999403953552, -0.862500011920929, 1.6825000047683716, -1.5, -1.4991437196731567, 2.700000047683716] applied=[-0.13124999403953552, -0.8406901955604553, 1.5575000047683716, 0.06875000149011612, -0.737500011920929, 1.6825000047683716, -0.13124999403953552, -0.862500011920929, 1.6825000047683716, -1.5, -1.4991437196731567, 2.700000047683716] current=[-0.19046780467033386, -0.847051203250885, 1.6799132823944092, -0.021338095888495445, -0.6420875191688538, 1.897670030593872, -0.2842348515987396, -1.0204423666000366, 1.636412501335144, -0.37266838550567627, -1.5479322671890259, 1.5221933126449585]
[DIAG_INFER] step=551 policy_action_max=9.331268 applied_action_max=0.250000 obs_max=9.533258 history_nonzero_rows=15 position_clip=0 torque_clip=3 action=[9.331268310546875, 5.196499347686768, 4.939295768737793, -2.356457233428955, 2.027003765106201, -4.296689987182617, -5.118148326873779, -6.427242755889893, -2.370351552963257, 0.050241805613040924, -6.132839202880859, 7.8937458992004395]
[DIAG_TARGET] step=551 target_error=0.000000000 default=[0.0, -0.7853981852531433, 1.8654682636260986, 0.0, -0.7853981852531433, 1.8654682636260986, 0.0, -0.7853981852531433, 1.8654682636260986, 0.0, -0.7853981852531433, 1.8654682636260986] desired=[-0.06875000149011612, -0.737500011920929, 1.6825000047683716, 0.06875000149011612, -0.737500011920929, 1.5575000047683716, -0.688051164150238, -0.862500011920929, 1.5575000047683716, 1.5, -0.862500011920929, 1.9131598472595215] applied=[-0.06875000149011612, -0.737500011920929, 1.6825000047683716, 0.06875000149011612, -0.737500011920929, 1.5575000047683716, -0.688051164150238, -0.862500011920929, 1.5575000047683716, 1.5, -0.862500011920929, 1.9131598472595215] current=[-0.1850387006998062, -0.8612160086631775, 1.72378408908844, 0.03414933383464813, -0.6887547969818115, 1.882474422454834, -0.3646640181541443, -1.0204092264175415, 1.6783872842788696, -0.9777159690856934, -1.542216420173645, 2.030477285385132]
[DIAG_INFER] step=561 policy_action_max=9.265067 applied_action_max=0.250000 obs_max=9.331268 history_nonzero_rows=15 position_clip=0 torque_clip=2 action=[7.899912357330322, 1.682509183883667, 4.267073154449463, -3.800119161605835, 3.7508792877197266, -1.1821287870407104, -7.7038254737854, 1.3853037357330322, -8.684407234191895, 3.887909412384033, -4.1332807540893555, 9.265067100524902]
[DIAG_TARGET] step=561 target_error=0.000000000 default=[0.0, -0.7853981852531433, 1.8654682636260986, 0.0, -0.7853981852531433, 1.8654682636260986, 0.0, -0.7853981852531433, 1.8654682636260986, 0.0, -0.7853981852531433, 1.8654682636260986] desired=[-0.06875000149011612, -0.737500011920929, 1.6825000047683716, 0.06875000149011612, -0.737500011920929, 1.5575000047683716, -0.13124999403953552, -0.737500011920929, 1.5575000047683716, 1.5, 1.5177390575408936, 1.6825000047683716] applied=[-0.06875000149011612, -0.737500011920929, 1.6825000047683716, 0.06875000149011612, -0.737500011920929, 1.5575000047683716, -0.13124999403953552, -0.737500011920929, 1.5575000047683716, 1.5, 1.5177390575408936, 1.6825000047683716] current=[-0.09192383289337158, -0.8363253474235535, 1.7174721956253052, 0.16299040615558624, -0.7420657873153687, 1.9073796272277832, -0.4712987542152405, -0.9387399554252625, 1.6025546789169312, -0.7229024171829224, -1.3424662351608276, 1.9934382438659668]
[DIAG_INFER] step=571 policy_action_max=7.315249 applied_action_max=0.250000 obs_max=9.265067 history_nonzero_rows=15 position_clip=0 torque_clip=1 action=[6.094574928283691, -1.2207543849945068, 2.985889196395874, -7.299638748168945, 2.8217315673828125, 2.4522321224212646, -7.315248966217041, -0.519770622253418, -0.5637284517288208, 0.5915800333023071, 0.34208980202674866, 5.2268147468566895]
[DIAG_TARGET] step=571 target_error=0.000000000 default=[0.0, -0.7853981852531433, 1.8654682636260986, 0.0, -0.7853981852531433, 1.8654682636260986, 0.0, -0.7853981852531433, 1.8654682636260986, 0.0, -0.7853981852531433, 1.8654682636260986] desired=[-0.06875000149011612, -0.862500011920929, 1.6825000047683716, 0.06875000149011612, -0.737500011920929, 1.6825000047683716, -0.13124999403953552, -0.862500011920929, 1.5575000047683716, 0.13124999403953552, 1.9822535514831543, 1.6825000047683716] applied=[-0.06875000149011612, -0.862500011920929, 1.6825000047683716, 0.06875000149011612, -0.737500011920929, 1.6825000047683716, -0.13124999403953552, -0.862500011920929, 1.5575000047683716, 0.13124999403953552, 1.9822535514831543, 1.6825000047683716] current=[-0.02381487563252449, -0.7538059949874878, 1.695931315422058, 0.3188334107398987, -0.7553896903991699, 1.9340500831604004, -0.30478230118751526, -0.8090496063232422, 1.5765873193740845, -0.6588655710220337, -1.336411714553833, 2.0204806327819824]
[DIAG_INFER] step=581 policy_action_max=8.079767 applied_action_max=0.250000 obs_max=7.315249 history_nonzero_rows=15 position_clip=0 torque_clip=2 action=[-0.42710942029953003, 0.9815206527709961, -0.5193793773651123, -8.079767227172852, -0.7225556373596191, 2.3292086124420166, -3.596417188644409, -7.341187953948975, 2.576692581176758, -2.7282662391662598, 0.2509123384952545, 0.15634991228580475]
[DIAG_TARGET] step=581 target_error=0.000000000 default=[0.0, -0.7853981852531433, 1.8654682636260986, 0.0, -0.7853981852531433, 1.8654682636260986, 0.0, -0.7853981852531433, 1.8654682636260986, 0.0, -0.7853981852531433, 1.8654682636260986] desired=[-0.13124999403953552, -0.737500011920929, 1.5575000047683716, 0.06875000149011612, -0.862500011920929, 1.6825000047683716, -0.13124999403953552, -0.862500011920929, 1.6825000047683716, -0.9558891654014587, -1.8714287281036377, 1.6590875387191772] applied=[-0.13124999403953552, -0.737500011920929, 1.5575000047683716, 0.06875000149011612, -0.862500011920929, 1.6825000047683716, -0.13124999403953552, -0.862500011920929, 1.6825000047683716, -0.9558891654014587, -1.8714287281036377, 1.6590875387191772] current=[-0.058648429811000824, -0.7611905336380005, 1.690531849861145, 0.37852412462234497, -0.7218971252441406, 1.958041787147522, -0.1869603395462036, -0.7712809443473816, 1.5859532356262207, -0.6046611070632935, -1.2555278539657593, 1.982201099395752]
[DIAG_INFER] step=591 policy_action_max=6.977703 applied_action_max=0.250000 obs_max=8.079767 history_nonzero_rows=15 position_clip=0 torque_clip=4 action=[-1.536000370979309, 1.1560500860214233, -2.2172322273254395, -3.5532643795013428, 1.0771085023880005, -1.4520199298858643, -6.977702617645264, -4.626635551452637, -4.555240631103516, -5.232246398925781, -1.9533036947250366, -2.4113800525665283]
[DIAG_TARGET] step=591 target_error=0.000000000 default=[0.0, -0.7853981852531433, 1.8654682636260986, 0.0, -0.7853981852531433, 1.8654682636260986, 0.0, -0.7853981852531433, 1.8654682636260986, 0.0, -0.7853981852531433, 1.8654682636260986] desired=[-0.13124999403953552, -0.737500011920929, 1.5575000047683716, 0.06875000149011612, -0.737500011920929, 1.5575000047683716, -0.1660955548286438, -0.9339010119438171, 1.5575000047683716, -1.4542487859725952, -0.862500011920929, 0.38416826725006104] applied=[-0.13124999403953552, -0.737500011920929, 1.5575000047683716, 0.06875000149011612, -0.737500011920929, 1.5575000047683716, -0.1660955548286438, -0.9339010119438171, 1.5575000047683716, -1.4542487859725952, -0.862500011920929, 0.38416826725006104] current=[-0.13686099648475647, -0.7691584825515747, 1.6132973432540894, 0.34281066060066223, -0.6904224157333374, 1.9703102111816406, -0.17206215858459473, -0.8171112537384033, 1.6389797925949097, -0.8257606625556946, -1.4713821411132812, 1.772876501083374]
[DIAG_INFER] step=601 policy_action_max=15.867636 applied_action_max=0.250000 obs_max=6.977703 history_nonzero_rows=15 position_clip=0 torque_clip=4 action=[-4.149632453918457, 1.1455341577529907, 1.920370101928711, -12.963340759277344, 1.3458532094955444, 0.8381026983261108, -4.3335137367248535, -15.867635726928711, 8.372664451599121, -13.15766429901123, 0.579747200012207, -7.175786972045898]
[DIAG_TARGET] step=601 target_error=0.000000000 default=[0.0, -0.7853981852531433, 1.8654682636260986, 0.0, -0.7853981852531433, 1.8654682636260986, 0.0, -0.7853981852531433, 1.8654682636260986, 0.0, -0.7853981852531433, 1.8654682636260986] desired=[-0.13124999403953552, -0.737500011920929, 1.6825000047683716, 0.06875000149011612, -0.737500011920929, 1.6825000047683716, -0.5694787502288818, -0.862500011920929, 1.6825000047683716, -1.5, 0.1259801983833313, 2.700000047683716] applied=[-0.13124999403953552, -0.737500011920929, 1.6825000047683716, 0.06875000149011612, -0.737500011920929, 1.6825000047683716, -0.5694787502288818, -0.862500011920929, 1.6825000047683716, -1.5, 0.1259801983833313, 2.700000047683716] current=[-0.2051238715648651, -0.7491825819015503, 1.6215866804122925, 0.273181289434433, -0.655803382396698, 1.9543157815933228, -0.2285877913236618, -0.8549493551254272, 1.6384938955307007, -1.1520280838012695, -1.3011223077774048, 1.2941547632217407]
[DIAG_INFER] step=611 policy_action_max=19.120392 applied_action_max=0.250000 obs_max=15.867636 history_nonzero_rows=15 position_clip=0 torque_clip=5 action=[-8.90682315826416, 10.382746696472168, -0.7486820220947266, -18.29230308532715, 6.850376605987549, -1.618146538734436, -0.2192937731742859, -19.120391845703125, 8.7481689453125, -8.060770034790039, -3.297825813293457, -4.769485950469971]
[DIAG_TARGET] step=611 target_error=0.000000000 default=[0.0, -0.7853981852531433, 1.8654682636260986, 0.0, -0.7853981852531433, 1.8654682636260986, 0.0, -0.7853981852531433, 1.8654682636260986, 0.0, -0.7853981852531433, 1.8654682636260986] desired=[-0.13124999403953552, -0.737500011920929, 1.5575000047683716, 0.06875000149011612, -0.737500011920929, 1.5575000047683716, -0.6665316224098206, -0.6479233503341675, 1.6825000047683716, -1.4401532411575317, 0.34797149896621704, 2.700000047683716] applied=[-0.13124999403953552, -0.737500011920929, 1.5575000047683716, 0.06875000149011612, -0.737500011920929, 1.5575000047683716, -0.6665316224098206, -0.6479233503341675, 1.6825000047683716, -1.4401532411575317, 0.34797149896621704, 2.700000047683716] current=[-0.26946502923965454, -0.7134154438972473, 1.707044005393982, 0.22578150033950806, -0.6295795440673828, 1.9357385635375977, -0.39185258746147156, -0.8532678484916687, 1.6601368188858032, -1.3677489757537842, -0.6736063361167908, 1.8282513618469238]
[DIAG_INFER] step=621 policy_action_max=18.395367 applied_action_max=0.250000 obs_max=19.120392 history_nonzero_rows=15 position_clip=0 torque_clip=4 action=[-1.5556801557540894, 9.856307029724121, -2.599640130996704, -18.395366668701172, 5.329813480377197, 1.4080235958099365, 3.397890329360962, -13.796575546264648, 3.844666004180908, -0.5455409288406372, -0.43085476756095886, -1.2937592267990112]
[DIAG_TARGET] step=621 target_error=0.000000015 default=[0.0, -0.7853981852531433, 1.8654682636260986, 0.0, -0.7853981852531433, 1.8654682636260986, 0.0, -0.7853981852531433, 1.8654682636260986, 0.0, -0.7853981852531433, 1.8654682636260986] desired=[-0.13124999403953552, -0.737500011920929, 1.5575000047683716, 0.06875000149011612, -0.737500011920929, 1.6825000047683716, -0.6325174570083618, -0.14176301658153534, 1.6825000047683716, 0.06875000149011612, 0.35120850801467896, 2.700000047683716] applied=[-0.13124999403953552, -0.737500011920929, 1.5575000047683716, 0.06875000149011612, -0.737500011920929, 1.6825000047683716, -0.6325174570083618, -0.14176303148269653, 1.6825000047683716, 0.06875000149011612, 0.35120850801467896, 2.700000047683716] current=[-0.2879912257194519, -0.6691233515739441, 1.7654764652252197, 0.23006530106067657, -0.6100370287895203, 1.9234919548034668, -0.534541666507721, -0.7716686725616455, 1.663515329360962, -1.4643667936325073, 0.0659577026963234, 2.2846872806549072]
[DIAG_INFER] step=631 policy_action_max=13.107034 applied_action_max=0.250000 obs_max=18.395367 history_nonzero_rows=15 position_clip=0 torque_clip=3 action=[13.107033729553223, 5.98866605758667, 2.2324936389923096, -11.265003204345703, 3.2489066123962402, 0.33186060190200806, -0.8663665652275085, -7.0756354331970215, -0.882975161075592, 8.246127128601074, -1.5892994403839111, -1.6004549264907837]
[DIAG_TARGET] step=631 target_error=0.000000000 default=[0.0, -0.7853981852531433, 1.8654682636260986, 0.0, -0.7853981852531433, 1.8654682636260986, 0.0, -0.7853981852531433, 1.8654682636260986, 0.0, -0.7853981852531433, 1.8654682636260986] desired=[-0.06875000149011612, -0.737500011920929, 1.6825000047683716, 0.06875000149011612, -0.737500011920929, 1.6825000047683716, -0.13124999403953552, -0.4582028388977051, 1.5575000047683716, 1.5, -0.7204163670539856, 1.5575000047683716] applied=[-0.06875000149011612, -0.737500011920929, 1.6825000047683716, 0.06875000149011612, -0.737500011920929, 1.6825000047683716, -0.13124999403953552, -0.4582028388977051, 1.5575000047683716, 1.5, -0.7204163670539856, 1.5575000047683716] current=[-0.21080978214740753, -0.6358092427253723, 1.781509280204773, 0.31948330998420715, -0.5944718718528748, 1.932161808013916, -0.5596112012863159, -0.5022130012512207, 1.6528173685073853, -0.8502077460289001, 0.3337249755859375, 2.477151870727539]
[DIAG_INFER] step=641 policy_action_max=8.471758 applied_action_max=0.250000 obs_max=13.107034 history_nonzero_rows=15 position_clip=0 torque_clip=0 action=[0.8450942635536194, 0.6700328588485718, 0.6528414487838745, -8.471757888793945, 2.361180543899536, 2.211610794067383, 2.1829416751861572, -4.125381946563721, -1.6527611017227173, -1.733580470085144, -4.002986431121826, 3.2160356044769287]
[DIAG_TARGET] step=641 target_error=0.000000000 default=[0.0, -0.7853981852531433, 1.8654682636260986, 0.0, -0.7853981852531433, 1.8654682636260986, 0.0, -0.7853981852531433, 1.8654682636260986, 0.0, -0.7853981852531433, 1.8654682636260986] desired=[-0.06875000149011612, -0.737500011920929, 1.6825000047683716, 0.06875000149011612, -0.737500011920929, 1.6825000047683716, -0.06875000149011612, -0.862500011920929, 1.5575000047683716, 0.06875000149011612, -0.862500011920929, 1.6825000047683716] applied=[-0.06875000149011612, -0.737500011920929, 1.6825000047683716, 0.06875000149011612, -0.737500011920929, 1.6825000047683716, -0.06875000149011612, -0.862500011920929, 1.5575000047683716, 0.06875000149011612, -0.862500011920929, 1.6825000047683716] current=[-0.14636574685573578, -0.6346091032028198, 1.782618522644043, 0.38485562801361084, -0.5999612808227539, 1.9509176015853882, -0.4285428524017334, -0.379410058259964, 1.6187901496887207, -0.10032343119382858, -0.07720448076725006, 2.03774356842041]
[DIAG_INFER] step=651 policy_action_max=9.190809 applied_action_max=0.250000 obs_max=8.471758 history_nonzero_rows=15 position_clip=0 torque_clip=1 action=[-6.326944828033447, 0.05393591523170471, -4.910097599029541, -9.19080924987793, 2.282822370529175, 2.029834032058716, 1.9602887630462646, -6.608483791351318, 3.22113037109375, -4.725998878479004, -0.5447909832000732, -0.04044567048549652]
[DIAG_TARGET] step=651 target_error=0.000000000 default=[0.0, -0.7853981852531433, 1.8654682636260986, 0.0, -0.7853981852531433, 1.8654682636260986, 0.0, -0.7853981852531433, 1.8654682636260986, 0.0, -0.7853981852531433, 1.8654682636260986] desired=[-0.13124999403953552, -0.786516010761261, 1.5575000047683716, 0.06875000149011612, -0.737500011920929, 1.6825000047683716, -0.06875000149011612, -0.862500011920929, 1.6825000047683716, -0.7951338887214661, -0.862500011920929, 1.6098885536193848] applied=[-0.13124999403953552, -0.786516010761261, 1.5575000047683716, 0.06875000149011612, -0.737500011920929, 1.6825000047683716, -0.06875000149011612, -0.862500011920929, 1.6825000047683716, -0.7951338887214661, -0.862500011920929, 1.6098885536193848] current=[-0.19518397748470306, -0.6432430744171143, 1.7936313152313232, 0.30913007259368896, -0.5943005084991455, 1.9191235303878784, -0.3190365731716156, -0.5156391859054565, 1.6943457126617432, -0.1413452923297882, -0.09677808731794357, 2.0084400177001953]
[DIAG_INFER] step=661 policy_action_max=13.436656 applied_action_max=0.250000 obs_max=9.190809 history_nonzero_rows=15 position_clip=0 torque_clip=1 action=[-13.192337989807129, 4.2633466720581055, -1.6733441352844238, -9.872329711914062, 1.9097000360488892, -0.011216647922992706, 0.2790524363517761, -10.07149600982666, 5.610485076904297, -13.43665599822998, 1.7538695335388184, -4.104661464691162]
[DIAG_TARGET] step=661 target_error=0.000000000 default=[0.0, -0.7853981852531433, 1.8654682636260986, 0.0, -0.7853981852531433, 1.8654682636260986, 0.0, -0.7853981852531433, 1.8654682636260986, 0.0, -0.7853981852531433, 1.8654682636260986] desired=[-0.13124999403953552, -0.737500011920929, 1.5575000047683716, 0.06875000149011612, -0.737500011920929, 1.6171958446502686, -0.06875000149011612, -0.862500011920929, 1.6825000047683716, -1.5, -0.737500011920929, 1.5575000047683716] applied=[-0.13124999403953552, -0.737500011920929, 1.5575000047683716, 0.06875000149011612, -0.737500011920929, 1.6171958446502686, -0.06875000149011612, -0.862500011920929, 1.6825000047683716, -1.5, -0.737500011920929, 1.5575000047683716] current=[-0.29169169068336487, -0.655235230922699, 1.7872997522354126, 0.19445183873176575, -0.6017305850982666, 1.8519548177719116, -0.3665895462036133, -0.6156982183456421, 1.8105548620224, -0.27095261216163635, -0.15836894512176514, 1.9124813079833984]
[DIAG_INFER] step=671 policy_action_max=5.916867 applied_action_max=0.250000 obs_max=13.436656 history_nonzero_rows=15 position_clip=0 torque_clip=3 action=[-5.916866779327393, 3.468660593032837, -3.580514430999756, -4.3920698165893555, 2.8935701847076416, 0.5242535471916199, 0.9811654686927795, -1.8973602056503296, -0.2808108329772949, -3.91178035736084, 2.4833202362060547, -3.492297410964966]
[DIAG_TARGET] step=671 target_error=0.000000000 default=[0.0, -0.7853981852531433, 1.8654682636260986, 0.0, -0.7853981852531433, 1.8654682636260986, 0.0, -0.7853981852531433, 1.8654682636260986, 0.0, -0.7853981852531433, 1.8654682636260986] desired=[-0.13124999403953552, -0.737500011920929, 1.5575000047683716, 0.06875000149011612, -0.737500011920929, 1.6825000047683716, -0.40525683760643005, -0.862500011920929, 1.5575000047683716, -0.07114994525909424, -0.737500011920929, 1.5147823095321655] applied=[-0.13124999403953552, -0.737500011920929, 1.5575000047683716, 0.06875000149011612, -0.737500011920929, 1.6825000047683716, -0.40525683760643005, -0.862500011920929, 1.5575000047683716, -0.07114994525909424, -0.737500011920929, 1.5147823095321655] current=[-0.36502358317375183, -0.6597400307655334, 1.7677255868911743, 0.12049192190170288, -0.6291306614875793, 1.762834072113037, -0.4091861844062805, -0.6675998568534851, 1.8714807033538818, -0.7097746133804321, -0.34088772535324097, 1.8259097337722778]
[DIAG_INFER] step=681 policy_action_max=21.777882 applied_action_max=0.250000 obs_max=6.231799 history_nonzero_rows=15 position_clip=0 torque_clip=2 action=[13.932316780090332, 10.557175636291504, 14.342968940734863, 12.209694862365723, -1.7284480333328247, -12.875923156738281, -5.738414287567139, 3.4084227085113525, -10.636516571044922, -6.1323771476745605, -14.813042640686035, 21.777881622314453]
[DIAG_TARGET] step=681 target_error=0.000000119 default=[0.0, -0.7853981852531433, 1.8654682636260986, 0.0, -0.7853981852531433, 1.8654682636260986, 0.0, -0.7853981852531433, 1.8654682636260986, 0.0, -0.7853981852531433, 1.8654682636260986] desired=[-0.06875000149011612, -0.737500011920929, 1.6825000047683716, 0.13124999403953552, -0.862500011920929, 1.5575000047683716, -0.13124999403953552, -0.737500011920929, 1.5575000047683716, 1.5, -0.862500011920929, -0.822870135307312] applied=[-0.06875000149011612, -0.737500011920929, 1.6825000047683716, 0.13124999403953552, -0.862500011920929, 1.5575000047683716, -0.13124999403953552, -0.737500011920929, 1.5575000047683716, 1.5, -0.862500011920929, -0.8228700160980225] current=[-0.25561782717704773, -0.6592191457748413, 1.7026017904281616, 0.1872277408838272, -0.6880367994308472, 1.7471760511398315, -0.3566707372665405, -0.688372790813446, 1.820391058921814, -0.6904602646827698, -0.4156761169433594, 1.8465324640274048]
[DIAG_INFER] step=691 policy_action_max=11.896683 applied_action_max=0.250000 obs_max=21.777882 history_nonzero_rows=15 position_clip=0 torque_clip=2 action=[7.53565788269043, 2.2510454654693604, 4.7678141593933105, 2.7918894290924072, -2.729400157928467, -6.095611572265625, -9.05704402923584, 1.2861647605895996, -11.896682739257812, 7.031726360321045, -11.043638229370117, 11.72836685180664]
[DIAG_TARGET] step=691 target_error=0.000000000 default=[0.0, -0.7853981852531433, 1.8654682636260986, 0.0, -0.7853981852531433, 1.8654682636260986, 0.0, -0.7853981852531433, 1.8654682636260986, 0.0, -0.7853981852531433, 1.8654682636260986] desired=[-0.06875000149011612, -0.737500011920929, 1.6825000047683716, 0.13124999403953552, -0.862500011920929, 1.5575000047683716, -0.13124999403953552, -0.737500011920929, 1.5575000047683716, 1.5, -1.2475072145462036, 1.6825000047683716] applied=[-0.06875000149011612, -0.737500011920929, 1.6825000047683716, 0.13124999403953552, -0.862500011920929, 1.5575000047683716, -0.13124999403953552, -0.737500011920929, 1.5575000047683716, 1.5, -1.2475072145462036, 1.6825000047683716] current=[-0.09069374948740005, -0.6814605593681335, 1.6870594024658203, 0.2953381836414337, -0.7257364988327026, 1.7397127151489258, -0.20924071967601776, -0.6756315231323242, 1.7414122819900513, -0.5452806353569031, -0.4471202790737152, 1.8606820106506348]
[DIAG_INFER] step=701 policy_action_max=6.186882 applied_action_max=0.250000 obs_max=11.896683 history_nonzero_rows=15 position_clip=0 torque_clip=2 action=[5.617808818817139, 1.8775440454483032, 2.2275550365448, -2.3011386394500732, 1.8155531883239746, -1.5821501016616821, -6.1868815422058105, -1.0017391443252563, -4.188747406005859, 5.978429794311523, -5.92521333694458, 3.4413743019104004]
[DIAG_TARGET] step=701 target_error=0.000000000 default=[0.0, -0.7853981852531433, 1.8654682636260986, 0.0, -0.7853981852531433, 1.8654682636260986, 0.0, -0.7853981852531433, 1.8654682636260986, 0.0, -0.7853981852531433, 1.8654682636260986] desired=[-0.06875000149011612, -0.737500011920929, 1.6825000047683716, 0.06875000149011612, -0.737500011920929, 1.5575000047683716, -0.13124999403953552, -0.862500011920929, 1.5575000047683716, 1.371880054473877, -1.3809384107589722, 1.6825000047683716] applied=[-0.06875000149011612, -0.737500011920929, 1.6825000047683716, 0.06875000149011612, -0.737500011920929, 1.5575000047683716, -0.13124999403953552, -0.862500011920929, 1.5575000047683716, 1.371880054473877, -1.3809384107589722, 1.6825000047683716] current=[-0.007197353057563305, -0.7154648303985596, 1.6772916316986084, 0.38781386613845825, -0.7630865573883057, 1.7476252317428589, -0.10229764878749847, -0.6935401558876038, 1.6389694213867188, -0.22292324900627136, -0.5929834246635437, 1.9998561143875122]
[DIAG_INFER] step=711 policy_action_max=9.236005 applied_action_max=0.250000 obs_max=6.186882 history_nonzero_rows=15 position_clip=0 torque_clip=2 action=[6.619994163513184, -0.756682276725769, 4.117166996002197, -1.6337480545043945, 2.7885329723358154, -0.5094615817070007, -9.236004829406738, -2.5374183654785156, -3.656433343887329, -4.695845603942871, -4.133855819702148, 1.3552905321121216]
[DIAG_TARGET] step=711 target_error=0.000000000 default=[0.0, -0.7853981852531433, 1.8654682636260986, 0.0, -0.7853981852531433, 1.8654682636260986, 0.0, -0.7853981852531433, 1.8654682636260986, 0.0, -0.7853981852531433, 1.8654682636260986] desired=[-0.06875000149011612, -0.862500011920929, 1.6825000047683716, 0.06875000149011612, -0.737500011920929, 1.5575000047683716, 0.173116996884346, -0.862500011920929, 1.5575000047683716, -1.0024058818817139, -0.862500011920929, 1.6825000047683716] applied=[-0.06875000149011612, -0.862500011920929, 1.6825000047683716, 0.06875000149011612, -0.737500011920929, 1.5575000047683716, 0.173116996884346, -0.862500011920929, 1.5575000047683716, -1.0024058818817139, -0.862500011920929, 1.6825000047683716] current=[-0.012314089573919773, -0.7352619171142578, 1.6739797592163086, 0.4153051972389221, -0.7634415626525879, 1.759586215019226, -0.08758600056171417, -0.7777941226959229, 1.5899635553359985, 0.32631343603134155, -0.7869575023651123, 2.0860671997070312]
[DIAG_INFER] step=721 policy_action_max=10.931783 applied_action_max=0.250000 obs_max=9.236005 history_nonzero_rows=15 position_clip=0 torque_clip=2 action=[6.987758159637451, 0.051412731409072876, 4.891576766967773, -9.519163131713867, 1.5534616708755493, -1.47280752658844, -10.931782722473145, -3.9303948879241943, -1.961514949798584, -8.760717391967773, -4.5050554275512695, -1.4366097450256348]
[DIAG_TARGET] step=721 target_error=0.000000000 default=[0.0, -0.7853981852531433, 1.8654682636260986, 0.0, -0.7853981852531433, 1.8654682636260986, 0.0, -0.7853981852531433, 1.8654682636260986, 0.0, -0.7853981852531433, 1.8654682636260986] desired=[-0.06875000149011612, -0.787146806716919, 1.6825000047683716, 0.06875000149011612, -0.737500011920929, 1.5575000047683716, -0.13124999403953552, -0.862500011920929, 1.5575000047683716, -1.5, -2.945786714553833, 1.5575000047683716] applied=[-0.06875000149011612, -0.787146806716919, 1.6825000047683716, 0.06875000149011612, -0.737500011920929, 1.5575000047683716, -0.13124999403953552, -0.862500011920929, 1.5575000047683716, -1.5, -2.945786714553833, 1.5575000047683716] current=[-0.15073418617248535, -0.7855056524276733, 1.6871877908706665, 0.19557508826255798, -0.7162594795227051, 1.6798229217529297, -0.08004659414291382, -0.8420678973197937, 1.5725678205490112, 0.050618089735507965, -0.833775520324707, 2.0555500984191895]
[DIAG_INFER] step=731 policy_action_max=16.907204 applied_action_max=0.250000 obs_max=10.931783 history_nonzero_rows=15 position_clip=0 torque_clip=3 action=[4.278306007385254, 5.74160623550415, 8.767367362976074, 4.646711349487305, -2.930532217025757, -4.61232852935791, -3.1931755542755127, 5.803537368774414, -4.697516441345215, 2.2849011421203613, -7.855048179626465, 16.907203674316406]
[DIAG_TARGET] step=731 target_error=0.000000000 default=[0.0, -0.7853981852531433, 1.8654682636260986, 0.0, -0.7853981852531433, 1.8654682636260986, 0.0, -0.7853981852531433, 1.8654682636260986, 0.0, -0.7853981852531433, 1.8654682636260986] desired=[-0.06875000149011612, -0.737500011920929, 1.6825000047683716, 0.13124999403953552, -0.862500011920929, 1.5575000047683716, -0.8016079068183899, -1.430237054824829, 1.5575000047683716, 1.5, -0.862500011920929, 1.6825000047683716] applied=[-0.06875000149011612, -0.737500011920929, 1.6825000047683716, 0.13124999403953552, -0.862500011920929, 1.5575000047683716, -0.8016079068183899, -1.430237054824829, 1.5575000047683716, 1.5, -0.862500011920929, 1.6825000047683716] current=[-0.12544989585876465, -0.8132851123809814, 1.6802841424942017, 0.07950717955827713, -0.7145641446113586, 1.6087301969528198, -0.05773987993597984, -0.8709535598754883, 1.5595308542251587, -0.7539028525352478, -1.3774913549423218, 1.7667971849441528]
[DIAG_INFER] step=741 policy_action_max=14.009053 applied_action_max=0.250000 obs_max=16.907204 history_nonzero_rows=15 position_clip=0 torque_clip=2 action=[8.96469783782959, -2.5951733589172363, 5.455622673034668, -7.4861226081848145, 3.0361592769622803, 2.176255464553833, -14.009053230285645, -0.8989443778991699, -6.142749786376953, 1.7846975326538086, -0.49734172224998474, 3.6916706562042236]
[DIAG_TARGET] step=741 target_error=0.000000000 default=[0.0, -0.7853981852531433, 1.8654682636260986, 0.0, -0.7853981852531433, 1.8654682636260986, 0.0, -0.7853981852531433, 1.8654682636260986, 0.0, -0.7853981852531433, 1.8654682636260986] desired=[-0.06875000149011612, -0.862500011920929, 1.6825000047683716, 0.06875000149011612, -0.737500011920929, 1.6825000047683716, -0.13124999403953552, -0.862500011920929, 1.5575000047683716, -0.011800646781921387, 0.5029507279396057, 1.6825000047683716] applied=[-0.06875000149011612, -0.862500011920929, 1.6825000047683716, 0.06875000149011612, -0.737500011920929, 1.6825000047683716, -0.13124999403953552, -0.862500011920929, 1.5575000047683716, -0.011800646781921387, 0.5029507279396057, 1.6825000047683716] current=[-0.05974704772233963, -0.7923993468284607, 1.676501750946045, 0.1239691749215126, -0.7785302996635437, 1.5878392457962036, -0.32009339332580566, -1.0726280212402344, 1.552030086517334, -0.48341476917266846, -1.4546700716018677, 1.6320382356643677]
[DIAG_INFER] step=751 policy_action_max=9.492222 applied_action_max=0.250000 obs_max=14.009053 history_nonzero_rows=15 position_clip=0 torque_clip=0 action=[3.152090549468994, -0.5755231380462646, 4.338963031768799, -9.49222183227539, 0.397022008895874, 2.8961117267608643, -5.22222900390625, -2.970024824142456, 0.5701953172683716, 4.92125129699707, 0.9942421913146973, 1.3449368476867676]
[DIAG_TARGET] step=751 target_error=0.000000000 default=[0.0, -0.7853981852531433, 1.8654682636260986, 0.0, -0.7853981852531433, 1.8654682636260986, 0.0, -0.7853981852531433, 1.8654682636260986, 0.0, -0.7853981852531433, 1.8654682636260986] desired=[-0.06875000149011612, -0.862500011920929, 1.6825000047683716, 0.06875000149011612, -0.737500011920929, 1.6825000047683716, -0.13124999403953552, -0.862500011920929, 1.6825000047683716, 0.13124999403953552, -0.737500011920929, 1.6825000047683716] applied=[-0.06875000149011612, -0.862500011920929, 1.6825000047683716, 0.06875000149011612, -0.737500011920929, 1.6825000047683716, -0.13124999403953552, -0.862500011920929, 1.6825000047683716, 0.13124999403953552, -0.737500011920929, 1.6825000047683716] current=[-0.01894756220281124, -0.7839205265045166, 1.6830707788467407, 0.14598342776298523, -0.7832212448120117, 1.640112042427063, -0.304293155670166, -1.0715394020080566, 1.5389927625656128, -0.36403632164001465, -1.4527091979980469, 1.6299426555633545]
[DIAG_INFER] step=761 policy_action_max=10.250802 applied_action_max=0.250000 obs_max=9.492222 history_nonzero_rows=15 position_clip=0 torque_clip=2 action=[-10.250802040100098, 2.687814235687256, -5.852641582489014, -7.406150817871094, 0.5370287895202637, 0.5153458714485168, 2.3413326740264893, -8.43805980682373, 5.410611629486084, -6.27583122253418, -0.9775582551956177, 0.3289858102798462]
[DIAG_TARGET] step=761 target_error=0.000000000 default=[0.0, -0.7853981852531433, 1.8654682636260986, 0.0, -0.7853981852531433, 1.8654682636260986, 0.0, -0.7853981852531433, 1.8654682636260986, 0.0, -0.7853981852531433, 1.8654682636260986] desired=[-0.13124999403953552, -0.737500011920929, 1.5575000047683716, 0.06875000149011612, -0.737500011920929, 1.6825000047683716, -0.06875000149011612, -0.862500011920929, 1.6825000047683716, -0.9542567133903503, -1.7578108310699463, 1.6825000047683716] applied=[-0.13124999403953552, -0.737500011920929, 1.5575000047683716, 0.06875000149011612, -0.737500011920929, 1.6825000047683716, -0.06875000149011612, -0.862500011920929, 1.6825000047683716, -0.9542567133903503, -1.7578108310699463, 1.6825000047683716] current=[-0.04648222029209137, -0.8141875267028809, 1.6787848472595215, 0.10783165693283081, -0.7450898289680481, 1.6653238534927368, -0.1774357408285141, -0.9467648863792419, 1.6166874170303345, -0.2346397340297699, -1.3967853784561157, 1.6100033521652222]
[DIAG_INFER] step=771 policy_action_max=8.100144 applied_action_max=0.250000 obs_max=10.250802 history_nonzero_rows=15 position_clip=0 torque_clip=4 action=[-4.086165428161621, 2.703730344772339, -1.5316377878189087, -0.8040677905082703, 4.595391750335693, -0.463348388671875, -6.083011627197266, -2.932891607284546, -5.002729415893555, -8.100144386291504, -0.9156413078308105, -4.500375747680664]
[DIAG_TARGET] step=771 target_error=0.000000000 default=[0.0, -0.7853981852531433, 1.8654682636260986, 0.0, -0.7853981852531433, 1.8654682636260986, 0.0, -0.7853981852531433, 1.8654682636260986, 0.0, -0.7853981852531433, 1.8654682636260986] desired=[-0.13124999403953552, -0.737500011920929, 1.5575000047683716, 0.06875000149011612, -0.737500011920929, 1.5575000047683716, -0.13720819354057312, -0.862500011920929, 1.5575000047683716, -0.5498765707015991, -0.08862411975860596, 0.6309291124343872] applied=[-0.13124999403953552, -0.737500011920929, 1.5575000047683716, 0.06875000149011612, -0.737500011920929, 1.5575000047683716, -0.13720819354057312, -0.862500011920929, 1.5575000047683716, -0.5498765707015991, -0.08862411975860596, 0.6309291124343872] current=[-0.11792822182178497, -0.7951034307479858, 1.6065438985824585, 0.0461861677467823, -0.7216163277626038, 1.670105218887329, -0.11562573164701462, -0.8600867390632629, 1.6558043956756592, -0.5939191579818726, -1.5279415845870972, 1.61932373046875]
[DIAG_INFER] step=781 policy_action_max=12.651299 applied_action_max=0.250000 obs_max=8.100144 history_nonzero_rows=15 position_clip=0 torque_clip=2 action=[2.700619697570801, -1.999271273612976, 1.3444569110870361, -5.1295037269592285, 3.348177194595337, 0.9021444320678711, -12.651299476623535, -3.3902409076690674, -5.272080898284912, -3.9532556533813477, 0.019809871912002563, -0.8925960063934326]
[DIAG_TARGET] step=781 target_error=0.000000000 default=[0.0, -0.7853981852531433, 1.8654682636260986, 0.0, -0.7853981852531433, 1.8654682636260986, 0.0, -0.7853981852531433, 1.8654682636260986, 0.0, -0.7853981852531433, 1.8654682636260986] desired=[-0.06875000149011612, -0.862500011920929, 1.6825000047683716, 0.06875000149011612, -0.737500011920929, 1.6825000047683716, -0.13124999403953552, -0.862500011920929, 1.5575000047683716, -0.5431628227233887, -0.1341238021850586, 1.5575000047683716] applied=[-0.06875000149011612, -0.862500011920929, 1.6825000047683716, 0.06875000149011612, -0.737500011920929, 1.6825000047683716, -0.13124999403953552, -0.862500011920929, 1.5575000047683716, -0.5431628227233887, -0.1341238021850586, 1.5575000047683716] current=[-0.1428067535161972, -0.7623116970062256, 1.5840405225753784, 0.05243710055947304, -0.7117777466773987, 1.6776540279388428, -0.09867027401924133, -0.8294409513473511, 1.6035504341125488, -0.5804076194763184, -1.0403727293014526, 1.1247767210006714]
[DIAG_INFER] step=791 policy_action_max=8.969004 applied_action_max=0.250000 obs_max=12.651299 history_nonzero_rows=15 position_clip=0 torque_clip=4 action=[-2.5735695362091064, -0.8226280212402344, -3.1989715099334717, -8.969003677368164, 2.1679863929748535, 4.543410301208496, 1.0913054943084717, -8.28453254699707, 5.9193115234375, 7.684087753295898, -0.012597054243087769, 0.8137869834899902]
[DIAG_TARGET] step=791 target_error=0.000000000 default=[0.0, -0.7853981852531433, 1.8654682636260986, 0.0, -0.7853981852531433, 1.8654682636260986, 0.0, -0.7853981852531433, 1.8654682636260986, 0.0, -0.7853981852531433, 1.8654682636260986] desired=[-0.13124999403953552, -0.862500011920929, 1.5575000047683716, 0.06875000149011612, -0.737500011920929, 1.6825000047683716, -0.06875000149011612, -0.7850337028503418, 1.6825000047683716, 1.443162202835083, -2.375364065170288, 2.424776077270508] applied=[-0.13124999403953552, -0.862500011920929, 1.5575000047683716, 0.06875000149011612, -0.737500011920929, 1.6825000047683716, -0.06875000149011612, -0.7850337028503418, 1.6825000047683716, 1.443162202835083, -2.375364065170288, 2.424776077270508] current=[-0.10938802361488342, -0.7957857847213745, 1.6387497186660767, 0.052422039210796356, -0.7007974982261658, 1.7859934568405151, -0.10841617733240128, -0.8450527191162109, 1.5808632373809814, -0.5778771638870239, -0.49102216958999634, 1.3708895444869995]
[STAGE] video_encoding_start
[SUMMARY] {"task": "YoboGo-Velocity-Flat-v0", "mode": "smoke", "yobogo_walk_speed_m_s": 0.15, "rapid_walk_speed_m_s": 0.3, "adaptation_weight": "/run/media/pma213x/0C6A8CC86A8CAFCE/Ubuntu2/CodeU/Dog1/mini-cheetah-isaaclab/external_models/rapid-locomotion-rl/runs/rapid-locomotion/example/train/201852.132488/checkpoints/adaptation_module_latest.jit", "body_weight": "/run/media/pma213x/0C6A8CC86A8CAFCE/Ubuntu2/CodeU/Dog1/mini-cheetah-isaaclab/external_models/rapid-locomotion-rl/runs/rapid-locomotion/example/train/201852.132488/checkpoints/body_latest.jit", "completed_steps": 800, "inference_steps": 80, "expected_inference_steps": 80, "reset_count": 0, "safety_clip_count": 145, "position_clip_count": 0, "torque_clip_count": 145, "large_action_inference_count": 21, "official_clip_inference_count": 0, "max_abs_rapid_action": 0.25, "max_abs_policy_action": 21.777881622314453, "ood_guard_count": 904, "base_height_min_m": 0.22064661979675293, "max_abs_roll_deg": 47.434121140728315, "max_abs_pitch_deg": 12.755364940001598, "xy_displacement_m": 0.20814059674739838, "mean_measured_velocity_m_s": 0.13008787296712399, "final_command": [0.0, -0.6000000238418579, 0.0], "final_rapid_from_term": [0.0, -0.6, 0.0], "terminated_steps": 0, "stability_errors": ["max_abs_roll_deg=47.434>=45", "direction_incorrect_or_not_dominant", "motion_max_abs_roll_deg=47.434>=45"], "interface_ok": true, "stable_walking": false, "scenario_name": "right", "scenario_settle_steps": 200, "scenario_motion_steps": 600, "scenario_command_requested_rapid": [0.0, -0.6, 0.0], "scenario_command_policy": [0.0, -0.6, 0.0], "scenario_command_term": [0.0, -0.6000000238418579, 0.0], "scenario_command_rapid_final": [0.0, -0.6, 0.0], "scenario_metrics": {"start_position_world": [-0.3994397521018982, 0.3039279878139496, 0.2519810199737549], "end_position_world": [-0.6156220436096191, 0.3628149926662445, 0.28447121381759644], "displacement_vector_world": [-0.21618229150772095, 0.05888700485229492], "displacement_m": 0.22405906029884942, "start_yaw_deg": 14.77074579130909, "end_yaw_deg": 5.665633199148779, "yaw_change_deg": -9.105112592160312, "start_forward_axis_world": [0.9669536886489822, 0.25495208178818063], "start_left_axis_world": [-0.25495208178818063, 0.9669536886489822], "start_forward_projection_m": -0.19402489971661702, "start_lateral_projection_m": 0.11205713182104987, "body_forward_projection_m": -0.1789933478570002, "body_lateral_projection_m": 0.1300588621979803, "mean_body_velocity_m_s": [-0.14474457253420647, 0.09866032792856762], "mean_body_yaw_rate_rad_s": -0.021731637376360594, "primary_axis": "lateral", "primary_projection": 0.1300588621979803, "thresholds": {"displacement_m": 0.1, "projection_dominance_ratio": 0.6, "yaw_change_deg": 10.0}, "command_ok": true, "direction_ok": false, "displacement_ok": true}, "scenario_gate_errors": ["direction_incorrect_or_not_dominant", "motion_max_abs_roll_deg=47.434>=45"], "scenario_pass": false, "video": null, "video_frames_written": 0, "leg_motion_stats": {"FR": {"joints": {"haa": {"target": {"min": -0.13124999403953552, "max": -0.06875000149011612, "rms": 0.08493728518315154, "range": 0.0624999925494194, "motion_rms": 0.024908891733279787}, "actual": {"min": -0.36552807688713074, "max": 0.10637139528989792, "rms": 0.1140148457336382, "range": 0.47189947217702866, "motion_rms": 0.09784138881757606}, "raw_action": {"min": -13.192337989807129, "max": 13.932316780090332, "rms": 5.275274357162501, "range": 27.12465476989746, "motion_rms": 4.470075402046074}, "applied_action": {"min": -0.25, "max": 0.25, "rms": 0.2496447352638717, "range": 0.5, "motion_rms": 0.19927115735889245}, "position_clip_count": 0, "torque_clip_count": 0}, "hip": {"target": {"min": -0.862500011920929, "max": -0.737500011920929, "rms": 0.7657642415280045, "range": 0.125, "motion_rms": 0.04851599717853779}, "actual": {"min": -0.8985991477966309, "max": -0.5508484244346619, "rms": 0.7658481363738705, "range": 0.347750723361969, "motion_rms": 0.08095535567358722}, "raw_action": {"min": -4.272931098937988, "max": 10.557175636291504, "rms": 2.9423986497462424, "range": 14.830106735229492, "motion_rms": 2.4668959741268246}, "applied_action": {"min": -0.25, "max": 0.25, "rms": 0.2411172780817216, "range": 0.5, "motion_rms": 0.19406399139782607}, "position_clip_count": 0, "torque_clip_count": 0}, "knee": {"target": {"min": 1.5575000047683716, "max": 1.6825000047683716, "rms": 1.6501653949345327, "range": 0.125, "motion_rms": 0.05442634842365304}, "actual": {"min": 1.5810949802398682, "max": 2.0448625087738037, "rms": 1.7850848592770183, "range": 0.46376752853393555, "motion_rms": 0.12742138135852984}, "raw_action": {"min": -5.852641582489014, "max": 14.342968940734863, "rms": 3.512743614746619, "range": 20.195610523223877, "motion_rms": 3.020732512973837}, "applied_action": {"min": -0.25, "max": 0.25, "rms": 0.24718638116663685, "range": 0.5, "motion_rms": 0.21770538704939757}, "position_clip_count": 0, "torque_clip_count": 0}}, "target_range_min": 0.0624999925494194, "actual_range_min": 0.347750723361969, "actual_motion_rms_min": 0.08095535567358722}, "FL": {"joints": {"haa": {"target": {"min": 0.06875000149011612, "max": 0.13124999403953552, "rms": 0.08138660507888258, "range": 0.0624999925494194, "motion_rms": 0.022202351218487543}, "actual": {"min": -0.18243607878684998, "max": 0.4226279854774475, "rms": 0.1748987367247214, "range": 0.6050640642642975, "motion_rms": 0.13777392722472948}, "raw_action": {"min": -18.395366668701172, "max": 12.209694862365723, "rms": 6.51473989759141, "range": 30.605061531066895, "motion_rms": 5.085403184119007}, "applied_action": {"min": -0.25, "max": 0.25, "rms": 0.24836743661840696, "range": 0.5, "motion_rms": 0.17761882860655182}, "position_clip_count": 0, "torque_clip_count": 0}, "hip": {"target": {"min": -0.862500011920929, "max": -0.737500011920929, "rms": 0.7916671824969304, "range": 0.125, "motion_rms": 0.059706437021386796}, "actual": {"min": -0.862149715423584, "max": -0.2309533953666687, "rms": 0.7128757486420692, "range": 0.6311963200569153, "motion_rms": 0.16133707390600396}, "raw_action": {"min": -4.486627101898193, "max": 6.850376605987549, "rms": 2.009462540175338, "range": 11.337003707885742, "motion_rms": 1.935262970167835}, "applied_action": {"min": -0.25, "max": 0.25, "rms": 0.2425515817605562, "range": 0.5, "motion_rms": 0.23882574798283937}, "position_clip_count": 0, "torque_clip_count": 0}, "knee": {"target": {"min": 1.5575000047683716, "max": 1.6825000047683716, "rms": 1.6253252443013824, "range": 0.125, "motion_rms": 0.059583410814341896}, "actual": {"min": 1.5717248916625977, "max": 2.0175390243530273, "rms": 1.789067440141313, "range": 0.4458141326904297, "motion_rms": 0.13795775511188546}, "raw_action": {"min": -12.875923156738281, "max": 4.543410301208496, "rms": 2.6955070042506617, "range": 17.419333457946777, "motion_rms": 2.6720348614682026}, "applied_action": {"min": -0.25, "max": 0.25, "rms": 0.23893426287483693, "range": 0.5, "motion_rms": 0.2383336450230099}, "position_clip_count": 0, "torque_clip_count": 0}}, "target_range_min": 0.0624999925494194, "actual_range_min": 0.4458141326904297, "actual_motion_rms_min": 0.13777392722472948}, "RR": {"joints": {"haa": {"target": {"min": -0.8016079068183899, "max": 0.6494081616401672, "rms": 0.241834432469155, "range": 1.4510160684585571, "motion_rms": 0.1961643467104427}, "actual": {"min": -0.5596112012863159, "max": 0.03934850916266441, "rms": 0.21224746648365833, "range": 0.5989597104489803, "motion_rms": 0.14242973503396245}, "raw_action": {"min": -14.009053230285645, "max": 3.397890329360962, "rms": 4.952082254872442, "range": 17.406943559646606, "motion_rms": 3.8805738219167263}, "applied_action": {"min": -0.25, "max": 0.25, "rms": 0.24770473232534773, "range": 0.5, "motion_rms": 0.22936860454873578}, "position_clip_count": 0, "torque_clip_count": 15}, "hip": {"target": {"min": -2.1918067932128906, "max": -0.14176301658153534, "rms": 0.8997427593012995, "range": 2.0500437766313553, "motion_rms": 0.24329371083381238}, "actual": {"min": -1.177869439125061, "max": -0.3466293215751648, "rms": 0.8343307804168134, "range": 0.8312401175498962, "motion_rms": 0.18167787442434402}, "raw_action": {"min": -19.120391845703125, "max": 5.803537368774414, "rms": 5.299889109906683, "range": 24.92392921447754, "motion_rms": 4.329855098111441}, "applied_action": {"min": -0.25, "max": 0.25, "rms": 0.24585373642592037, "range": 0.5, "motion_rms": 0.20586966924015151}, "position_clip_count": 0, "torque_clip_count": 19}, "knee": {"target": {"min": 0.8987228870391846, "max": 1.6825000047683716, "rms": 1.6047363214604813, "range": 0.783777117729187, "motion_rms": 0.10160748750840114}, "actual": {"min": 1.5346647500991821, "max": 2.0789036750793457, "rms": 1.7899041403928149, "range": 0.5442389249801636, "motion_rms": 0.17429605721807198}, "raw_action": {"min": -11.896682739257812, "max": 8.7481689453125, "rms": 4.001714557748572, "range": 20.644851684570312, "motion_rms": 3.8918482162258345}, "applied_action": {"min": -0.25, "max": 0.25, "rms": 0.2449986104655248, "range": 0.5, "motion_rms": 0.24405053554726205}, "position_clip_count": 0, "torque_clip_count": 2}}, "target_range_min": 0.783777117729187, "actual_range_min": 0.5442389249801636, "actual_motion_rms_min": 0.14242973503396245}, "RL": {"joints": {"haa": {"target": {"min": -1.5, "max": 1.5, "rms": 0.8365617233380627, "range": 3.0, "motion_rms": 0.8364909706784289}, "actual": {"min": -1.4666202068328857, "max": 0.9071843028068542, "rms": 0.4607949357974496, "range": 2.37380450963974, "motion_rms": 0.437670558365205}, "raw_action": {"min": -13.43665599822998, "max": 8.246127128601074, "rms": 5.055476547792514, "range": 21.682783126831055, "motion_rms": 4.998920867459198}, "applied_action": {"min": -0.25, "max": 0.25, "rms": 0.24765519267010452, "range": 0.5, "motion_rms": 0.24762292978627132}, "position_clip_count": 0, "torque_clip_count": 40}, "hip": {"target": {"min": -3.0019214153289795, "max": 1.9822535514831543, "rms": 1.2140229916859484, "range": 4.984174966812134, "motion_rms": 0.8675429803067154}, "actual": {"min": -2.493121862411499, "max": 0.39636796712875366, "rms": 1.1646579219132573, "range": 2.8894898295402527, "motion_rms": 0.5832675678038072}, "raw_action": {"min": -14.813042640686035, "max": 2.4833202362060547, "rms": 3.8596147966840006, "range": 17.29636287689209, "motion_rms": 3.0018027850552547}, "applied_action": {"min": -0.25, "max": 0.25, "rms": 0.24412673332966844, "range": 0.5, "motion_rms": 0.15949368733828054}, "position_clip_count": 0, "torque_clip_count": 44}, "knee": {"target": {"min": -0.822870135307312, "max": 2.700000047683716, "rms": 1.6698080086094036, "range": 3.522870182991028, "motion_rms": 0.5727512418634864}, "actual": {"min": 0.2503373622894287, "max": 2.4930262565612793, "rms": 1.6786458867925456, "range": 2.2426888942718506, "motion_rms": 0.3147079849476384}, "raw_action": {"min": -7.175786972045898, "max": 21.777881622314453, "rms": 5.045034159306593, "range": 28.95366859436035, "motion_rms": 4.919133081852641}, "applied_action": {"min": -0.25, "max": 0.25, "rms": 0.24229878856572454, "range": 0.5, "motion_rms": 0.24048104546699348}, "position_clip_count": 0, "torque_clip_count": 25}}, "target_range_min": 3.0, "actual_range_min": 2.2426888942718506, "actual_motion_rms_min": 0.3147079849476384}, "_gate": {"front_target_range_min": 0.0624999925494194, "front_actual_range_min": 0.347750723361969, "front_target_threshold_rad": 0.04, "front_actual_threshold_rad": 0.05, "ok": true}}, "scenario_mean_body_velocity": [-0.14474457253420647, 0.09866032792856762], "scenario_mean_body_yaw_rate": -0.021731637376360594}
Traceback (most recent call last):
  File "/run/media/pma213x/0C6A8CC86A8CAFCE/Ubuntu2/CodeU/Dog1/mini-cheetah-isaaclab/training/scripts/play_rapid.py", line 1188, in <module>
    exit_code = main()
  File "/run/media/pma213x/0C6A8CC86A8CAFCE/Ubuntu2/CodeU/Dog1/mini-cheetah-isaaclab/training/scripts/play_rapid.py", line 1173, in main
    raise RuntimeError(
RuntimeError: 稳定性 Gate 失败：max_abs_roll_deg=47.434>=45；direction_incorrect_or_not_dominant；motion_max_abs_roll_deg=47.434>=45
