[3gH    H    H    H    H    H    H    H    H    H    H    H    H    H    H    H    H    H    H    H   [INFO] Using python from: /home/pma213x/.venvs/minicheetah-isaaclab/bin/python
[INFO][AppLauncher]: Loading experience file: /home/pma213x/IsaacLab/apps/isaaclab.python.headless.kit
[Warning] [simulation_app.simulation_app] Modules: ['omni.kit_app'] were loaded before SimulationApp was started and might not be loaded correctly.
[Warning] [simulation_app.simulation_app] Please check to make sure no extra omniverse or pxr modules are imported before the call to SimulationApp(...)
Loading user config located at: '/home/pma213x/.venvs/minicheetah-isaaclab/lib/python3.10/site-packages/omni/data/Kit/Isaac-Sim/4.5/user.config.json'
[Info] [carb] Logging to file: /home/pma213x/.venvs/minicheetah-isaaclab/lib/python3.10/site-packages/omni/logs/Kit/Isaac-Sim/4.5/kit_20261008_230725.log
2026-10-08 15:07:25 [0ms] [Warning] [omni.kit.app.plugin] No crash reporter present, dumps uploading isn't available.
2026-10-08 15:07:25 [124ms] [Warning] [omni.usd_config.extension] Enable omni.materialx.libs extension to use MaterialX
2026-10-08 15:07:26 [484ms] [Warning] [omni.datastore] OmniHub is inaccessible
2026-10-08 15:07:26 [516ms] [Warning] [omni.isaac.dynamic_control] omni.isaac.dynamic_control is deprecated as of Isaac Sim 4.5. No action is needed from end-users.
Gym has been unmaintained since 2022 and does not support NumPy 2.0 amongst other critical functionality.
Please upgrade to Gymnasium, the maintained drop-in replacement of Gym, or contact the authors of your software and request that they upgrade.
See the migration guide at https://gymnasium.farama.org/introduction/migration_guide/ for additional information.
2026-10-08 15:07:28 [2,432ms] [Warning] [gpu.foundation.plugin] Skipping unsupported non-NVIDIA GPU: Intel(R) UHD Graphics (ADL-S GT0.5)
2026-10-08 15:07:28 [2,432ms] [Warning] [gpu.foundation.plugin] Skipping unsupported non-NVIDIA GPU: Intel(R) UHD Graphics (ADL-S GT0.5)

|---------------------------------------------------------------------------------------------|
| Driver Version: 580.178.04    | Graphics API: Vulkan
|=============================================================================================|
| GPU | Name                             | Active | LDA | GPU Memory | Vendor-ID | LUID       |
|     |                                  |        |     |            | Device-ID | UUID       |
|     |                                  |        |     |            | Bus-ID    |            |
|---------------------------------------------------------------------------------------------|
| 0   | NVIDIA GeForce RTX 4060 Laptop.. | Yes: 0 |     | 8188    MB | 10de      | 0          |
|     |                                  |        |     |            | 28e0      | 4d090564.. |
|     |                                  |        |     |            | 1         |            |
|---------------------------------------------------------------------------------------------|
| 1   | Intel(R) UHD Graphics (ADL-S G.. |        |     | 11374   MB | 8086      | 0          |
|     |                                  |        |     |            | 468b      | 86808b46.. |
|     |                                  |        |     |            | 0         |            |
|=============================================================================================|
| OS: 26.04.1 LTS (Resolute Raccoon) ubuntu, Version: 26.04.1, Kernel: 7.0.0-34-generic
| XServer Vendor: The X.Org Foundation, XServer Version: 12401010 (1.24.1.10)
| Processor: 13th Gen Intel(R) Core(TM) i5-13500HX
| Bare Metal Cores: 14 | Bare Metal Logical Cores: 28
| Available Cores:  20 
|---------------------------------------------------------------------------------------------|
| Total Memory (MB): 15166 | Free Memory: 6293
| Total Page/Swap (MB): 20479 | Free Page/Swap: 14492
|---------------------------------------------------------------------------------------------|
2026-10-08 15:07:28 [2,745ms] [Warning] [gpu.foundation.plugin] IOMMU is enabled.
2026-10-08 15:07:28 [2,747ms] [Warning] [gpu.foundation.plugin] Detected IOMMU is enabled. Running CUDA peer-to-peer bandwidth and latency validation.
Unidirectional P2P=Enabled Bandwidth (P2P Writes) Matrix (GB/s)
   D\D     0 
     0 221.91 
P2P=Enabled Latency (P2P Writes) Matrix (us)
   GPU     0 
     0   1.39 

   CPU     0 
     0   2.56 
[STAGE] config_start
[INFO]: Parsing configuration from: training.envs.velocity_flat_env_cfg:YoboGoVelocityFlatEnvCfg
[STAGE] config_done
[STAGE] environment_create_start
2026-10-08 15:07:28 [2,954ms] [Warning] [isaaclab.envs.manager_based_env] Seed not set for the environment. The environment creation may not be deterministic.
[INFO]: Base environment:
	Environment device    : cuda:0
	Environment seed      : None
	Physics step-size     : 0.0004
	Rendering step-size   : 0.002
	Environment step-size : 0.002
2026-10-08 15:07:28 [3,041ms] [Warning] [isaaclab.terrains.terrain_importer] Visual material specified for ground plane but no diffuse color found. Using default color: (0.0, 0.0, 0.0)
[INFO]: Time taken for scene creation : 2.248601 seconds
[INFO]: Scene manager:  <class InteractiveScene>
	Number of environments: 1
	Environment spacing   : 2.5
	Source prim name      : /World/envs/env_0
	Global prim paths     : ['/World/ground']
	Replicate physics     : True
[INFO]: Starting the simulation. This may take a few seconds. Please wait...
[INFO]: Time taken for simulation start : 0.442009 seconds
2026-10-08 15:07:31 [5,932ms] [Warning] [omni.usd] Warning: in GetNodeDiscoveryResults at line 136 of /builds/omniverse/usd-ci/USD/pxr/usd/usdShade/shaderDefUtils.cpp -- Unable to resolve info:sourceAsset </UsdPreviewSurface.info:mdl:sourceAsset> with value @UsdPreviewSurface.mdl@.

2026-10-08 15:07:31 [5,932ms] [Warning] [omni.usd] Warning: in GetNodeDiscoveryResults at line 136 of /builds/omniverse/usd-ci/USD/pxr/usd/usdShade/shaderDefUtils.cpp -- Unable to resolve info:sourceAsset </UsdUVTexture.info:mdl:sourceAsset> with value @UsdPreviewSurface.mdl@.

2026-10-08 15:07:31 [5,932ms] [Warning] [omni.usd] Warning: in GetNodeDiscoveryResults at line 136 of /builds/omniverse/usd-ci/USD/pxr/usd/usdShade/shaderDefUtils.cpp -- Unable to resolve info:sourceAsset </UsdPrimvarReader_float.info:mdl:sourceAsset> with value @UsdPreviewSurface.mdl@.

2026-10-08 15:07:31 [5,932ms] [Warning] [omni.usd] Warning: in GetNodeDiscoveryResults at line 136 of /builds/omniverse/usd-ci/USD/pxr/usd/usdShade/shaderDefUtils.cpp -- Unable to resolve info:sourceAsset </UsdPrimvarReader_float2.info:mdl:sourceAsset> with value @UsdPreviewSurface.mdl@.

2026-10-08 15:07:31 [5,932ms] [Warning] [omni.usd] Warning: in GetNodeDiscoveryResults at line 136 of /builds/omniverse/usd-ci/USD/pxr/usd/usdShade/shaderDefUtils.cpp -- Unable to resolve info:sourceAsset </UsdPrimvarReader_float3.info:mdl:sourceAsset> with value @UsdPreviewSurface.mdl@.

2026-10-08 15:07:31 [5,933ms] [Warning] [omni.usd] Warning: in GetNodeDiscoveryResults at line 136 of /builds/omniverse/usd-ci/USD/pxr/usd/usdShade/shaderDefUtils.cpp -- Unable to resolve info:sourceAsset </UsdPrimvarReader_float4.info:mdl:sourceAsset> with value @UsdPreviewSurface.mdl@.

2026-10-08 15:07:31 [5,933ms] [Warning] [omni.usd] Warning: in GetNodeDiscoveryResults at line 136 of /builds/omniverse/usd-ci/USD/pxr/usd/usdShade/shaderDefUtils.cpp -- Unable to resolve info:sourceAsset </UsdPrimvarReader_int.info:mdl:sourceAsset> with value @UsdPreviewSurface.mdl@.

2026-10-08 15:07:31 [5,933ms] [Warning] [omni.usd] Warning: in GetNodeDiscoveryResults at line 136 of /builds/omniverse/usd-ci/USD/pxr/usd/usdShade/shaderDefUtils.cpp -- Unable to resolve info:sourceAsset </UsdPrimvarReader_string.info:mdl:sourceAsset> with value @UsdPreviewSurface.mdl@.

2026-10-08 15:07:31 [5,933ms] [Warning] [omni.usd] Warning: in GetNodeDiscoveryResults at line 136 of /builds/omniverse/usd-ci/USD/pxr/usd/usdShade/shaderDefUtils.cpp -- Unable to resolve info:sourceAsset </UsdPrimvarReader_normal.info:mdl:sourceAsset> with value @UsdPreviewSurface.mdl@.

2026-10-08 15:07:31 [5,933ms] [Warning] [omni.usd] Warning: in GetNodeDiscoveryResults at line 136 of /builds/omniverse/usd-ci/USD/pxr/usd/usdShade/shaderDefUtils.cpp -- Unable to resolve info:sourceAsset </UsdPrimvarReader_point.info:mdl:sourceAsset> with value @UsdPreviewSurface.mdl@.

2026-10-08 15:07:31 [5,933ms] [Warning] [omni.usd] Warning: in GetNodeDiscoveryResults at line 136 of /builds/omniverse/usd-ci/USD/pxr/usd/usdShade/shaderDefUtils.cpp -- Unable to resolve info:sourceAsset </UsdPrimvarReader_vector.info:mdl:sourceAsset> with value @UsdPreviewSurface.mdl@.

2026-10-08 15:07:31 [5,934ms] [Warning] [omni.usd] Warning: in GetNodeDiscoveryResults at line 136 of /builds/omniverse/usd-ci/USD/pxr/usd/usdShade/shaderDefUtils.cpp -- Unable to resolve info:sourceAsset </UsdPrimvarReader_matrix.info:mdl:sourceAsset> with value @UsdPreviewSurface.mdl@.

2026-10-08 15:07:31 [5,934ms] [Warning] [omni.usd] Warning: in GetNodeDiscoveryResults at line 136 of /builds/omniverse/usd-ci/USD/pxr/usd/usdShade/shaderDefUtils.cpp -- Unable to resolve info:sourceAsset </UsdTransform2d.info:mdl:sourceAsset> with value @UsdPreviewSurface.mdl@.

[INFO] Command Manager:  <CommandManager> contains 1 active terms.
+------------------------------------------------+
|              Active Command Terms              |
+-------+---------------+------------------------+
| Index | Name          |          Type          |
+-------+---------------+------------------------+
|   0   | base_velocity | UniformVelocityCommand |
+-------+---------------+------------------------+

[INFO] Recorder Manager:  <RecorderManager> contains 0 active terms.
+---------------------+
| Active Recorder Terms |
+-----------+---------+
|   Index   | Name    |
+-----------+---------+
+-----------+---------+

[INFO] Action Manager:  <ActionManager> contains 1 active terms.
+------------------------------------+
|  Active Action Terms (shape: 12)   |
+--------+-------------+-------------+
| Index  | Name        |   Dimension |
+--------+-------------+-------------+
|   0    | joint_pos   |          12 |
+--------+-------------+-------------+

[INFO] Observation Manager: <ObservationManager> contains 1 groups.
+---------------------------------------------------------+
| Active Observation Terms in Group: 'policy' (shape: (48,)) |
+-----------+---------------------------------+-----------+
|   Index   | Name                            |   Shape   |
+-----------+---------------------------------+-----------+
|     0     | base_lin_vel                    |    (3,)   |
|     1     | base_ang_vel                    |    (3,)   |
|     2     | projected_gravity               |    (3,)   |
|     3     | velocity_commands               |    (3,)   |
|     4     | joint_pos                       |   (12,)   |
|     5     | joint_vel                       |   (12,)   |
|     6     | actions                         |   (12,)   |
+-----------+---------------------------------+-----------+

[INFO] Event Manager:  <EventManager> contains 3 active terms.
+--------------------------------------+
| Active Event Terms in Mode: 'startup' |
+----------+---------------------------+
|  Index   | Name                      |
+----------+---------------------------+
|    0     | physics_material          |
+----------+---------------------------+
+---------------------------------------+
|  Active Event Terms in Mode: 'reset'  |
+--------+------------------------------+
| Index  | Name                         |
+--------+------------------------------+
|   0    | base_external_force_torque   |
|   1    | reset_base                   |
|   2    | reset_robot_joints           |
+--------+------------------------------+
+----------------------------------------------+
|    Active Event Terms in Mode: 'interval'    |
+-------+------------+-------------------------+
| Index | Name       | Interval time range (s) |
+-------+------------+-------------------------+
|   0   | push_robot |       (10.0, 15.0)      |
+-------+------------+-------------------------+

[INFO] Termination Manager:  <TerminationManager> contains 2 active terms.
+---------------------------------+
|     Active Termination Terms    |
+-------+--------------+----------+
| Index | Name         | Time Out |
+-------+--------------+----------+
|   0   | time_out     |   True   |
|   1   | base_contact |  False   |
+-------+--------------+----------+

[INFO] Reward Manager:  <RewardManager> contains 11 active terms.
+-----------------------------------------+
|           Active Reward Terms           |
+-------+----------------------+----------+
| Index | Name                 |   Weight |
+-------+----------------------+----------+
|   0   | track_lin_vel_xy_exp |      1.0 |
|   1   | track_ang_vel_z_exp  |      0.5 |
|   2   | lin_vel_z_l2         |     -2.0 |
|   3   | ang_vel_xy_l2        |    -0.05 |
|   4   | dof_torques_l2       | -2.5e-05 |
|   5   | dof_acc_l2           | -2.5e-07 |
|   6   | action_rate_l2       |    -0.01 |
|   7   | feet_air_time        |      0.5 |
|   8   | undesired_contacts   |     -1.0 |
|   9   | flat_orientation_l2  |     -5.0 |
|   10  | dof_pos_limits       |      0.0 |
+-------+----------------------+----------+

[INFO] Curriculum Manager:  <CurriculumManager> contains 0 active terms.
+----------------------+
| Active Curriculum Terms |
+-----------+----------+
|   Index   | Name     |
+-----------+----------+
+-----------+----------+

[INFO]: Completed setting up the environment...
[STAGE] environment_create_done
[STAGE] policy_adapter_setup_start
[STAGE] policy_adapter_setup_done
[INFO] task=YoboGo-Velocity-Flat-v0
[INFO] weights_adaptation=/run/media/pma213x/0C6A8CC86A8CAFCE/Ubuntu2/CodeU/Dog1/mini-cheetah-isaaclab/external_models/rapid-locomotion-rl/runs/rapid-locomotion/example/train/201852.132488/checkpoints/adaptation_module_latest.jit
[INFO] weights_body=/run/media/pma213x/0C6A8CC86A8CAFCE/Ubuntu2/CodeU/Dog1/mini-cheetah-isaaclab/external_models/rapid-locomotion-rl/runs/rapid-locomotion/example/train/201852.132488/checkpoints/body_latest.jit
[INFO] yobogo_observation_dim=48 rapid_observation_dim=42
[INFO] history_dim=630 action_dim=12
[INFO] inference_period=10 control_period_s=0.002 inference_hz=50
[INFO] rapid_replay_actuator_kp=20 kd=0.5 effort=18/18/26
[INFO] scenario=right_probe rapid_command_requested=[0.0, -0.3, 0.0] settle_steps=200 motion_steps=600
[INFO] model_dummy_action_shape=(1, 12)
[INFO] model_dummy_latent_shape=(1, 18)
[STAGE] event_loop_start
[DIAG_INFER] step=1 policy_action_max=1.179989 applied_action_max=0.250000 obs_max=1.000000 history_nonzero_rows=0 position_clip=0 torque_clip=0 action=[-0.2197718769311905, 0.8110654354095459, -0.30860501527786255, -0.10791708528995514, 0.70249342918396, 0.44729340076446533, 0.14830225706100464, -1.179989218711853, 0.8864456415176392, 0.22358712553977966, -0.5151157379150391, -0.7321031093597412]
[DIAG_TARGET] step=1 target_error=0.000000000 default=[0.0, -0.7853981852531433, 1.8654682636260986, 0.0, -0.7853981852531433, 1.8654682636260986, 0.0, -0.7853981852531433, 1.8654682636260986, 0.0, -0.7853981852531433, 1.8654682636260986] desired=[-0.12747149169445038, -0.737500011920929, 1.5575000047683716, 0.08651036769151688, -0.737500011920929, 1.6825000047683716, -0.08146221935749054, -0.862500011920929, 1.6825000047683716, 0.12794838845729828, -0.862500011920929, 1.5575000047683716] applied=[-0.12747149169445038, -0.737500011920929, 1.5575000047683716, 0.08651036769151688, -0.737500011920929, 1.6825000047683716, -0.08146221935749054, -0.862500011920929, 1.6825000047683716, 0.12794838845729828, -0.862500011920929, 1.5575000047683716] current=[-0.00252166879363358, -0.7857993245124817, 1.8644136190414429, -0.00012444081949070096, -0.7849807739257812, 1.8640785217285156, -0.0015588829992339015, -0.7854439616203308, 1.8628801107406616, 9.657802729634568e-05, -0.7851678729057312, 1.8621554374694824]
[STAGE] first_step_done
[DIAG_INFER] step=11 policy_action_max=2.200646 applied_action_max=0.250000 obs_max=1.340789 history_nonzero_rows=1 position_clip=0 torque_clip=0 action=[1.8248664140701294, 0.8195482492446899, 2.171349287033081, -0.44867774844169617, -0.23249755799770355, -0.47114962339401245, -2.200646162033081, -1.243964672088623, -2.1272850036621094, -2.0065979957580566, -0.8055332899093628, -0.9548525810241699]
[DIAG_TARGET] step=11 target_error=0.000000000 default=[0.0, -0.7853981852531433, 1.8654682636260986, 0.0, -0.7853981852531433, 1.8654682636260986, 0.0, -0.7853981852531433, 1.8654682636260986, 0.0, -0.7853981852531433, 1.8654682636260986] desired=[-0.06875000149011612, -0.737500011920929, 1.6825000047683716, 0.06875000149011612, -0.8581243753433228, 1.5575000047683716, -0.13124999403953552, -0.862500011920929, 1.5575000047683716, 0.06875000149011612, -0.862500011920929, 1.5575000047683716] applied=[-0.06875000149011612, -0.737500011920929, 1.6825000047683716, 0.06875000149011612, -0.8581243753433228, 1.5575000047683716, -0.13124999403953552, -0.862500011920929, 1.5575000047683716, 0.06875000149011612, -0.862500011920929, 1.5575000047683716] current=[-0.023841427639126778, -0.7914394736289978, 1.8431662321090698, -0.00505071273073554, -0.7822068929672241, 1.8534597158432007, -0.014180352911353111, -0.7861009836196899, 1.8304780721664429, 0.0015759780071675777, -0.7857868671417236, 1.8352179527282715]
[DIAG_INFER] step=21 policy_action_max=2.455850 applied_action_max=0.250000 obs_max=2.200646 history_nonzero_rows=2 position_clip=0 torque_clip=1 action=[2.248356819152832, 1.0372674465179443, 1.8448269367218018, 0.05887541174888611, -0.7784161567687988, -0.9266272783279419, -2.3181710243225098, -1.2706656455993652, -0.4914822578430176, -2.4558498859405518, -1.781907558441162, 0.5042598247528076]
[DIAG_TARGET] step=21 target_error=0.000000000 default=[0.0, -0.7853981852531433, 1.8654682636260986, 0.0, -0.7853981852531433, 1.8654682636260986, 0.0, -0.7853981852531433, 1.8654682636260986, 0.0, -0.7853981852531433, 1.8654682636260986] desired=[-0.06875000149011612, -0.737500011920929, 1.6825000047683716, 0.10735942423343658, -0.862500011920929, 1.5575000047683716, -0.13124999403953552, -0.862500011920929, 1.5575000047683716, 0.06875000149011612, -0.862500011920929, 1.5085121393203735] applied=[-0.06875000149011612, -0.737500011920929, 1.6825000047683716, 0.10735942423343658, -0.862500011920929, 1.5575000047683716, -0.13124999403953552, -0.862500011920929, 1.5575000047683716, 0.06875000149011612, -0.862500011920929, 1.5085121393203735] current=[-0.03614545613527298, -0.7937539219856262, 1.8123574256896973, -0.017954982817173004, -0.790388286113739, 1.8430789709091187, -0.0202904362231493, -0.7855755090713501, 1.7939878702163696, -0.004919501021504402, -0.7884541153907776, 1.8133842945098877]
[DIAG_INFER] step=31 policy_action_max=3.067150 applied_action_max=0.250000 obs_max=2.455850 history_nonzero_rows=3 position_clip=0 torque_clip=1 action=[2.6711957454681396, 1.1816861629486084, 1.7575833797454834, -0.04288628697395325, -0.6287996172904968, -1.0972259044647217, -3.067150354385376, -0.30160266160964966, -1.5569382905960083, -1.0924073457717896, -1.8570283651351929, 0.907483696937561]
[DIAG_TARGET] step=31 target_error=0.000000000 default=[0.0, -0.7853981852531433, 1.8654682636260986, 0.0, -0.7853981852531433, 1.8654682636260986, 0.0, -0.7853981852531433, 1.8654682636260986, 0.0, -0.7853981852531433, 1.8654682636260986] desired=[-0.06875000149011612, -0.737500011920929, 1.6825000047683716, 0.09463921189308167, -0.862500011920929, 1.5575000047683716, -0.13124999403953552, -0.862500011920929, 1.5575000047683716, 0.06875000149011612, -0.862500011920929, 1.4043447971343994] applied=[-0.06875000149011612, -0.737500011920929, 1.6825000047683716, 0.09463921189308167, -0.862500011920929, 1.5575000047683716, -0.13124999403953552, -0.862500011920929, 1.5575000047683716, 0.06875000149011612, -0.862500011920929, 1.4043447971343994] current=[-0.03928488492965698, -0.79375159740448, 1.777917504310608, -0.02178310789167881, -0.7993940114974976, 1.8269848823547363, -0.026404088363051414, -0.7841059565544128, 1.7534457445144653, -0.008437754586338997, -0.7946295142173767, 1.7922085523605347]
[DIAG_INFER] step=41 policy_action_max=3.182062 applied_action_max=0.250000 obs_max=3.067150 history_nonzero_rows=4 position_clip=0 torque_clip=1 action=[2.767049789428711, 1.1234195232391357, 1.7492289543151855, -0.13813170790672302, -0.6102939248085022, -0.904556930065155, -3.1820621490478516, -0.4760708808898926, -1.1402788162231445, -1.2986605167388916, -1.3851991891860962, 1.0635426044464111]
[DIAG_TARGET] step=41 target_error=0.000000000 default=[0.0, -0.7853981852531433, 1.8654682636260986, 0.0, -0.7853981852531433, 1.8654682636260986, 0.0, -0.7853981852531433, 1.8654682636260986, 0.0, -0.7853981852531433, 1.8654682636260986] desired=[-0.06875000149011612, -0.737500011920929, 1.6825000047683716, 0.08273354172706604, -0.862500011920929, 1.5575000047683716, -0.13124999403953552, -0.862500011920929, 1.5575000047683716, 0.06875000149011612, -0.862500011920929, 1.4738496541976929] applied=[-0.06875000149011612, -0.737500011920929, 1.6825000047683716, 0.08273354172706604, -0.862500011920929, 1.5575000047683716, -0.13124999403953552, -0.862500011920929, 1.5575000047683716, 0.06875000149011612, -0.862500011920929, 1.4738496541976929] current=[-0.04104213789105415, -0.7913205027580261, 1.7444097995758057, -0.023417560383677483, -0.8079360723495483, 1.80658757686615, -0.049079958349466324, -0.7882596850395203, 1.7050102949142456, -0.013739821501076221, -0.8013517260551453, 1.769128441810608]
[DIAG_INFER] step=51 policy_action_max=3.852982 applied_action_max=0.250000 obs_max=3.182062 history_nonzero_rows=5 position_clip=0 torque_clip=2 action=[3.8529818058013916, 1.2498455047607422, 1.8218719959259033, -1.0021559000015259, 0.3125898241996765, -0.6579502820968628, -3.5918655395507812, 0.2381058931350708, -2.2256786823272705, -2.2861435413360596, -0.4736621081829071, 1.680177092552185]
[DIAG_TARGET] step=51 target_error=0.000000000 default=[0.0, -0.7853981852531433, 1.8654682636260986, 0.0, -0.7853981852531433, 1.8654682636260986, 0.0, -0.7853981852531433, 1.8654682636260986, 0.0, -0.7853981852531433, 1.8654682636260986] desired=[-0.06875000149011612, -0.737500011920929, 1.6825000047683716, 0.06875000149011612, -0.737500011920929, 1.5575000047683716, -0.13124999403953552, -0.7404735088348389, 1.5575000047683716, 0.06875000149011612, -0.4416772127151489, 1.5966709852218628] applied=[-0.06875000149011612, -0.737500011920929, 1.6825000047683716, 0.06875000149011612, -0.737500011920929, 1.5575000047683716, -0.13124999403953552, -0.7404735088348389, 1.5575000047683716, 0.06875000149011612, -0.4416772127151489, 1.5966709852218628] current=[-0.04362335801124573, -0.774390459060669, 1.711953043937683, -0.019605934619903564, -0.8181864619255066, 1.7881357669830322, -0.07759328186511993, -0.8028684258460999, 1.651592493057251, -0.015359735116362572, -0.8095101118087769, 1.7488691806793213]
[DIAG_INFER] step=61 policy_action_max=4.285462 applied_action_max=0.250000 obs_max=3.852982 history_nonzero_rows=6 position_clip=0 torque_clip=1 action=[4.285462379455566, 0.8650401830673218, 1.8795924186706543, -0.4839693605899811, 0.29313063621520996, 0.19572198390960693, -3.5284552574157715, -0.6467894315719604, -1.914034128189087, -3.857830762863159, -0.228944331407547, 1.609220027923584]
[DIAG_TARGET] step=61 target_error=0.000000000 default=[0.0, -0.7853981852531433, 1.8654682636260986, 0.0, -0.7853981852531433, 1.8654682636260986, 0.0, -0.7853981852531433, 1.8654682636260986, 0.0, -0.7853981852531433, 1.8654682636260986] desired=[-0.06875000149011612, -0.737500011920929, 1.6825000047683716, 0.06875000149011612, -0.737500011920929, 1.6689305305480957, -0.13124999403953552, -0.862500011920929, 1.5575000047683716, 0.06875000149011612, -0.4700131416320801, 1.6825000047683716] applied=[-0.06875000149011612, -0.737500011920929, 1.6825000047683716, 0.06875000149011612, -0.737500011920929, 1.6689305305480957, -0.13124999403953552, -0.862500011920929, 1.5575000047683716, 0.06875000149011612, -0.4700131416320801, 1.6825000047683716] current=[-0.051988884806632996, -0.7467638850212097, 1.6949130296707153, -0.017277056351304054, -0.8243157863616943, 1.7774012088775635, -0.09786754101514816, -0.7814378142356873, 1.6054686307907104, 0.006628482602536678, -0.7442962527275085, 1.71477472782135]
[DIAG_INFER] step=71 policy_action_max=3.716122 applied_action_max=0.250000 obs_max=4.285462 history_nonzero_rows=7 position_clip=0 torque_clip=0 action=[3.7161216735839844, 1.0012457370758057, 1.5274522304534912, -0.5388463735580444, -0.20669569075107574, -0.9852319955825806, -2.4598278999328613, -1.2379889488220215, -2.265017032623291, -2.331019401550293, -1.1342421770095825, 1.2434126138687134]
[DIAG_TARGET] step=71 target_error=0.000000000 default=[0.0, -0.7853981852531433, 1.8654682636260986, 0.0, -0.7853981852531433, 1.8654682636260986, 0.0, -0.7853981852531433, 1.8654682636260986, 0.0, -0.7853981852531433, 1.8654682636260986] desired=[-0.06875000149011612, -0.737500011920929, 1.6825000047683716, 0.06875000149011612, -0.85167396068573, 1.5575000047683716, -0.13124999403953552, -0.862500011920929, 1.5575000047683716, 0.06875000149011612, -0.862500011920929, 1.6825000047683716] applied=[-0.06875000149011612, -0.737500011920929, 1.6825000047683716, 0.06875000149011612, -0.85167396068573, 1.5575000047683716, -0.13124999403953552, -0.862500011920929, 1.5575000047683716, 0.06875000149011612, -0.862500011920929, 1.6825000047683716] current=[-0.05672247335314751, -0.7338364124298096, 1.6882270574569702, -0.015214777551591396, -0.8339753746986389, 1.7808072566986084, -0.11224985867738724, -0.8021807670593262, 1.581507682800293, 0.043503209948539734, -0.6016718745231628, 1.6939804553985596]
[DIAG_INFER] step=81 policy_action_max=3.654604 applied_action_max=0.250000 obs_max=3.716122 history_nonzero_rows=8 position_clip=0 torque_clip=0 action=[3.6546037197113037, 2.0637552738189697, 1.9104089736938477, -1.6273138523101807, 0.1876164972782135, -0.6797802448272705, -0.7377771139144897, -1.6769152879714966, -1.460078477859497, 0.32875511050224304, -2.5068674087524414, 1.727782130241394]
[DIAG_TARGET] step=81 target_error=0.000000000 default=[0.0, -0.7853981852531433, 1.8654682636260986, 0.0, -0.7853981852531433, 1.8654682636260986, 0.0, -0.7853981852531433, 1.8654682636260986, 0.0, -0.7853981852531433, 1.8654682636260986] desired=[-0.06875000149011612, -0.737500011920929, 1.6825000047683716, 0.06875000149011612, -0.7530958652496338, 1.5575000047683716, -0.13124999403953552, -0.862500011920929, 1.5575000047683716, 0.13124999403953552, -0.862500011920929, 1.6825000047683716] applied=[-0.06875000149011612, -0.737500011920929, 1.6825000047683716, 0.06875000149011612, -0.7530958652496338, 1.5575000047683716, -0.13124999403953552, -0.862500011920929, 1.5575000047683716, 0.13124999403953552, -0.862500011920929, 1.6825000047683716] current=[-0.05260554701089859, -0.7414746880531311, 1.6952178478240967, -0.007474193815141916, -0.8579421639442444, 1.793424129486084, -0.12661921977996826, -0.8434004783630371, 1.5663617849349976, 0.05575735494494438, -0.6585221290588379, 1.7007473707199097]
[DIAG_INFER] step=91 policy_action_max=3.828686 applied_action_max=0.250000 obs_max=3.654604 history_nonzero_rows=9 position_clip=0 torque_clip=1 action=[3.828685760498047, 1.955952525138855, 2.3854684829711914, -3.3533060550689697, 0.14529818296432495, 0.16763031482696533, -0.047402918338775635, -2.6037790775299072, -0.7264764904975891, 1.1534589529037476, -2.6286110877990723, 2.0909457206726074]
[DIAG_TARGET] step=91 target_error=0.000000000 default=[0.0, -0.7853981852531433, 1.8654682636260986, 0.0, -0.7853981852531433, 1.8654682636260986, 0.0, -0.7853981852531433, 1.8654682636260986, 0.0, -0.7853981852531433, 1.8654682636260986] desired=[-0.06875000149011612, -0.737500011920929, 1.6825000047683716, 0.06875000149011612, -0.7636754512786865, 1.6619075536727905, -0.10592536628246307, -0.862500011920929, 1.5575000047683716, 0.13124999403953552, -0.9481183290481567, 1.6825000047683716] applied=[-0.06875000149011612, -0.737500011920929, 1.6825000047683716, 0.06875000149011612, -0.7636754512786865, 1.6619075536727905, -0.10592536628246307, -0.862500011920929, 1.5575000047683716, 0.13124999403953552, -0.9481183290481567, 1.6825000047683716] current=[-0.04367462918162346, -0.7617465853691101, 1.7143115997314453, 0.004038347862660885, -0.8884820342063904, 1.8095115423202515, -0.1309049278497696, -0.8707981705665588, 1.5873699188232422, 0.0827188715338707, -0.7658312320709229, 1.7275704145431519]
[DIAG_INFER] step=101 policy_action_max=5.015537 applied_action_max=0.250000 obs_max=3.828686 history_nonzero_rows=10 position_clip=0 torque_clip=2 action=[2.087523937225342, 2.0302937030792236, 1.1958565711975098, -5.015536785125732, 0.5840650796890259, 1.328774094581604, 2.8316354751586914, -3.2709667682647705, 1.5711599588394165, 3.062528610229492, -3.0554866790771484, 2.034475803375244]
[DIAG_TARGET] step=101 target_error=0.000000000 default=[0.0, -0.7853981852531433, 1.8654682636260986, 0.0, -0.7853981852531433, 1.8654682636260986, 0.0, -0.7853981852531433, 1.8654682636260986, 0.0, -0.7853981852531433, 1.8654682636260986] desired=[-0.06875000149011612, -0.737500011920929, 1.6825000047683716, 0.06875000149011612, -0.737500011920929, 1.6825000047683716, -0.06875000149011612, -0.862500011920929, 1.6825000047683716, 0.13124999403953552, -0.973629355430603, 1.8513435125350952] applied=[-0.06875000149011612, -0.737500011920929, 1.6825000047683716, 0.06875000149011612, -0.737500011920929, 1.6825000047683716, -0.06875000149011612, -0.862500011920929, 1.6825000047683716, 0.13124999403953552, -0.973629355430603, 1.8513435125350952] current=[-0.03276980668306351, -0.7842187881469727, 1.7391774654388428, 0.01575518399477005, -0.9190577864646912, 1.8274646997451782, -0.13603492081165314, -0.8976154923439026, 1.617700457572937, 0.10465095192193985, -0.8407456874847412, 1.7601497173309326]
[DIAG_INFER] step=111 policy_action_max=4.708025 applied_action_max=0.250000 obs_max=5.015537 history_nonzero_rows=11 position_clip=0 torque_clip=2 action=[0.8273554444313049, 2.16133189201355, 0.6355041265487671, -4.708024978637695, 0.5831522345542908, 2.3715755939483643, 4.383945941925049, -3.8943307399749756, 3.140446662902832, 4.225954532623291, -4.607527732849121, 2.1036083698272705]
[DIAG_TARGET] step=111 target_error=0.000000000 default=[0.0, -0.7853981852531433, 1.8654682636260986, 0.0, -0.7853981852531433, 1.8654682636260986, 0.0, -0.7853981852531433, 1.8654682636260986, 0.0, -0.7853981852531433, 1.8654682636260986] desired=[-0.06875000149011612, -0.737500011920929, 1.6825000047683716, 0.06875000149011612, -0.737500011920929, 1.6825000047683716, -0.06875000149011612, -0.862500011920929, 1.6825000047683716, 0.13124999403953552, -0.8629262447357178, 1.9749068021774292] applied=[-0.06875000149011612, -0.737500011920929, 1.6825000047683716, 0.06875000149011612, -0.737500011920929, 1.6825000047683716, -0.06875000149011612, -0.862500011920929, 1.6825000047683716, 0.13124999403953552, -0.8629262447357178, 1.9749068021774292] current=[-0.0199047289788723, -0.8049399852752686, 1.7670713663101196, 0.029813028872013092, -0.9491826295852661, 1.8494396209716797, -0.1316826194524765, -0.9167237877845764, 1.6634272336959839, 0.11419452726840973, -0.9135223627090454, 1.8146724700927734]
[DIAG_INFER] step=121 policy_action_max=5.079081 applied_action_max=0.250000 obs_max=4.708025 history_nonzero_rows=12 position_clip=0 torque_clip=1 action=[1.3037203550338745, 2.308779001235962, 0.8998165130615234, -5.079080581665039, 0.5984892249107361, 2.8682680130004883, 4.820959568023682, -4.240561485290527, 3.839473247528076, 4.271878719329834, -4.1722917556762695, 2.0051279067993164]
[DIAG_TARGET] step=121 target_error=0.000000000 default=[0.0, -0.7853981852531433, 1.8654682636260986, 0.0, -0.7853981852531433, 1.8654682636260986, 0.0, -0.7853981852531433, 1.8654682636260986, 0.0, -0.7853981852531433, 1.8654682636260986] desired=[-0.06875000149011612, -0.737500011920929, 1.6825000047683716, 0.06875000149011612, -0.737500011920929, 1.6825000047683716, -0.06875000149011612, -0.862500011920929, 1.6825000047683716, 0.13124999403953552, -0.862500011920929, 2.0068788528442383] applied=[-0.06875000149011612, -0.737500011920929, 1.6825000047683716, 0.06875000149011612, -0.737500011920929, 1.6825000047683716, -0.06875000149011612, -0.862500011920929, 1.6825000047683716, 0.13124999403953552, -0.862500011920929, 2.0068788528442383] current=[-0.007520120590925217, -0.822239100933075, 1.7967873811721802, 0.04311462864279747, -0.9750418663024902, 1.874268651008606, -0.13622386753559113, -0.9419230222702026, 1.7028738260269165, 0.11873075366020203, -0.9115740656852722, 1.901667833328247]
[DIAG_INFER] step=131 policy_action_max=5.280808 applied_action_max=0.250000 obs_max=5.079081 history_nonzero_rows=13 position_clip=0 torque_clip=1 action=[1.8629353046417236, 2.764305830001831, 1.1721937656402588, -5.280808448791504, 0.4859713912010193, 3.0492520332336426, 4.8134942054748535, -4.573685169219971, 3.7452802658081055, 4.28584098815918, -3.2885875701904297, 1.2367314100265503]
[DIAG_TARGET] step=131 target_error=0.000000000 default=[0.0, -0.7853981852531433, 1.8654682636260986, 0.0, -0.7853981852531433, 1.8654682636260986, 0.0, -0.7853981852531433, 1.8654682636260986, 0.0, -0.7853981852531433, 1.8654682636260986] desired=[-0.06875000149011612, -0.737500011920929, 1.6825000047683716, 0.06875000149011612, -0.737500011920929, 1.6825000047683716, -0.06875000149011612, -0.862500011920929, 1.6825000047683716, 0.13124999403953552, -0.862500011920929, 1.7597051858901978] applied=[-0.06875000149011612, -0.737500011920929, 1.6825000047683716, 0.06875000149011612, -0.737500011920929, 1.6825000047683716, -0.06875000149011612, -0.862500011920929, 1.6825000047683716, 0.13124999403953552, -0.862500011920929, 1.7597051858901978] current=[0.006137268152087927, -0.8335758447647095, 1.8236274719238281, 0.05702212080359459, -0.994647741317749, 1.8981685638427734, -0.1402006894350052, -0.9612481594085693, 1.7412041425704956, 0.1154499426484108, -0.8732680082321167, 1.9539276361465454]
[DIAG_INFER] step=141 policy_action_max=5.141960 applied_action_max=0.250000 obs_max=5.280808 history_nonzero_rows=14 position_clip=0 torque_clip=0 action=[1.5232969522476196, 3.5491113662719727, 1.7841119766235352, -4.3039679527282715, 0.9430536031723022, 1.9007781744003296, 5.1419596672058105, -5.137388706207275, 3.287341833114624, 0.13622945547103882, -2.0121541023254395, 0.6627916693687439]
[DIAG_TARGET] step=141 target_error=0.000000000 default=[0.0, -0.7853981852531433, 1.8654682636260986, 0.0, -0.7853981852531433, 1.8654682636260986, 0.0, -0.7853981852531433, 1.8654682636260986, 0.0, -0.7853981852531433, 1.8654682636260986] desired=[-0.06875000149011612, -0.737500011920929, 1.6825000047683716, 0.06875000149011612, -0.737500011920929, 1.6825000047683716, -0.06875000149011612, -0.862500011920929, 1.6825000047683716, 0.11702868342399597, -0.862500011920929, 1.6825000047683716] applied=[-0.06875000149011612, -0.737500011920929, 1.6825000047683716, 0.06875000149011612, -0.737500011920929, 1.6825000047683716, -0.06875000149011612, -0.862500011920929, 1.6825000047683716, 0.11702868342399597, -0.862500011920929, 1.6825000047683716] current=[0.015473333187401295, -0.8361569046974182, 1.8447608947753906, 0.06640028953552246, -1.004574179649353, 1.9168535470962524, -0.14748136699199677, -0.9723858833312988, 1.7753968238830566, 0.11379201710224152, -0.8696463108062744, 1.9368529319763184]
[DIAG_INFER] step=151 policy_action_max=5.831247 applied_action_max=0.250000 obs_max=5.141960 history_nonzero_rows=15 position_clip=0 torque_clip=0 action=[2.386324644088745, 3.5038201808929443, 2.8039448261260986, -4.960444927215576, 1.4345018863677979, 0.39121487736701965, 3.4037282466888428, -5.831247329711914, 1.715060830116272, -3.5718421936035156, -0.1894519031047821, -0.5662527680397034]
[DIAG_TARGET] step=151 target_error=0.000000000 default=[0.0, -0.7853981852531433, 1.8654682636260986, 0.0, -0.7853981852531433, 1.8654682636260986, 0.0, -0.7853981852531433, 1.8654682636260986, 0.0, -0.7853981852531433, 1.8654682636260986] desired=[-0.06875000149011612, -0.737500011920929, 1.6825000047683716, 0.06875000149011612, -0.737500011920929, 1.6825000047683716, -0.06875000149011612, -0.862500011920929, 1.6825000047683716, 0.06875000149011612, -0.8473629951477051, 1.5575000047683716] applied=[-0.06875000149011612, -0.737500011920929, 1.6825000047683716, 0.06875000149011612, -0.737500011920929, 1.6825000047683716, -0.06875000149011612, -0.862500011920929, 1.6825000047683716, 0.06875000149011612, -0.8473629951477051, 1.5575000047683716] current=[0.01250380091369152, -0.826215922832489, 1.8585643768310547, 0.06330457329750061, -0.9965533018112183, 1.9254419803619385, -0.16059020161628723, -0.9687673449516296, 1.7984071969985962, 0.10452057421207428, -0.8646402359008789, 1.9541473388671875]
[DIAG_INFER] step=161 policy_action_max=6.600973 applied_action_max=0.250000 obs_max=5.831247 history_nonzero_rows=15 position_clip=0 torque_clip=1 action=[3.5116779804229736, 2.3051724433898926, 1.9066195487976074, -4.623257160186768, 2.1347646713256836, -0.1285523772239685, -1.2469127178192139, -4.714961528778076, -1.733168125152588, -6.600972652435303, -1.6971802711486816, 1.179764747619629]
[DIAG_TARGET] step=161 target_error=0.000000000 default=[0.0, -0.7853981852531433, 1.8654682636260986, 0.0, -0.7853981852531433, 1.8654682636260986, 0.0, -0.7853981852531433, 1.8654682636260986, 0.0, -0.7853981852531433, 1.8654682636260986] desired=[-0.06875000149011612, -0.737500011920929, 1.6825000047683716, 0.06875000149011612, -0.737500011920929, 1.5878618955612183, -0.13124999403953552, -0.862500011920929, 1.5575000047683716, 0.06875000149011612, -0.30789077281951904, 1.6825000047683716] applied=[-0.06875000149011612, -0.737500011920929, 1.6825000047683716, 0.06875000149011612, -0.737500011920929, 1.5878618955612183, -0.13124999403953552, -0.862500011920929, 1.5575000047683716, 0.06875000149011612, -0.30789077281951904, 1.6825000047683716] current=[0.00010624690185068175, -0.8034386038780212, 1.8633776903152466, 0.05078371986746788, -0.9701420068740845, 1.9227855205535889, -0.17524339258670807, -0.949731171131134, 1.8079429864883423, 0.09076056629419327, -0.8341271281242371, 1.945757269859314]
[DIAG_INFER] step=171 policy_action_max=7.446302 applied_action_max=0.250000 obs_max=6.600973 history_nonzero_rows=15 position_clip=0 torque_clip=2 action=[7.44630241394043, 0.02011457085609436, 2.9396369457244873, -5.170961380004883, 2.260352373123169, 1.164011836051941, -4.117283344268799, -2.352574110031128, -3.580097198486328, -7.392888069152832, -1.485495924949646, 2.5753884315490723]
[DIAG_TARGET] step=171 target_error=0.000000000 default=[0.0, -0.7853981852531433, 1.8654682636260986, 0.0, -0.7853981852531433, 1.8654682636260986, 0.0, -0.7853981852531433, 1.8654682636260986, 0.0, -0.7853981852531433, 1.8654682636260986] desired=[-0.06875000149011612, -0.7949713468551636, 1.6825000047683716, 0.06875000149011612, -0.737500011920929, 1.6825000047683716, -0.13124999403953552, -0.862500011920929, 1.5575000047683716, 0.011825621128082275, 0.48362094163894653, 1.6825000047683716] applied=[-0.06875000149011612, -0.7949713468551636, 1.6825000047683716, 0.06875000149011612, -0.737500011920929, 1.6825000047683716, -0.13124999403953552, -0.862500011920929, 1.5575000047683716, 0.011825621128082275, 0.48362094163894653, 1.6825000047683716] current=[-0.019184032455086708, -0.7654288411140442, 1.8588294982910156, 0.03161810711026192, -0.9239785075187683, 1.910742163658142, -0.18784183263778687, -0.9118639230728149, 1.8011019229888916, 0.09401285648345947, -0.6521134376525879, 1.8688920736312866]
[DIAG_INFER] step=181 policy_action_max=7.476598 applied_action_max=0.250000 obs_max=7.446302 history_nonzero_rows=15 position_clip=0 torque_clip=2 action=[7.476597785949707, -0.31257542967796326, 2.4729278087615967, -5.569474220275879, 3.078430414199829, 0.938979983329773, -2.392040967941284, -2.00486421585083, -5.6354875564575195, -4.3220391273498535, -1.5970085859298706, 3.445889472961426]
[DIAG_TARGET] step=181 target_error=0.000000000 default=[0.0, -0.7853981852531433, 1.8654682636260986, 0.0, -0.7853981852531433, 1.8654682636260986, 0.0, -0.7853981852531433, 1.8654682636260986, 0.0, -0.7853981852531433, 1.8654682636260986] desired=[-0.06875000149011612, -0.862500011920929, 1.6825000047683716, 0.06875000149011612, -0.737500011920929, 1.6825000047683716, -0.13124999403953552, -0.3512013256549835, 1.5575000047683716, 0.06875000149011612, 0.7233070731163025, 1.6825000047683716] applied=[-0.06875000149011612, -0.862500011920929, 1.6825000047683716, 0.06875000149011612, -0.737500011920929, 1.6825000047683716, -0.13124999403953552, -0.3512013256549835, 1.5575000047683716, 0.06875000149011612, 0.7233070731163025, 1.6825000047683716] current=[-0.031708743423223495, -0.7166041135787964, 1.8476691246032715, 0.01998918689787388, -0.8674478530883789, 1.9009666442871094, -0.18763774633407593, -0.8601906895637512, 1.7838412523269653, 0.06518375128507614, -0.11357154697179794, 1.7257795333862305]
[DIAG_INFER] step=191 policy_action_max=5.477331 applied_action_max=0.250000 obs_max=7.476598 history_nonzero_rows=15 position_clip=0 torque_clip=1 action=[5.083186149597168, 0.28430965542793274, 1.8382318019866943, -4.302299499511719, -0.508202314376831, -1.3474799394607544, -1.2140376567840576, -2.4823105335235596, -5.477330684661865, -0.8056398630142212, -3.1240108013153076, 1.3696285486221313]
[DIAG_TARGET] step=191 target_error=0.000000030 default=[0.0, -0.7853981852531433, 1.8654682636260986, 0.0, -0.7853981852531433, 1.8654682636260986, 0.0, -0.7853981852531433, 1.8654682636260986, 0.0, -0.7853981852531433, 1.8654682636260986] desired=[-0.06875000149011612, -0.737500011920929, 1.6825000047683716, 0.06875000149011612, -0.862500011920929, 1.5575000047683716, -0.13124999403953552, 0.04517599940299988, 1.5575000047683716, 0.06875000149011612, -0.862500011920929, 1.6825000047683716] applied=[-0.06875000149011612, -0.737500011920929, 1.6825000047683716, 0.06875000149011612, -0.862500011920929, 1.5575000047683716, -0.13124999403953552, 0.04517596960067749, 1.5575000047683716, 0.06875000149011612, -0.862500011920929, 1.6825000047683716] current=[-0.02249741554260254, -0.7077544331550598, 1.8317307233810425, 0.05258898437023163, -0.8202804923057556, 1.9062931537628174, -0.17886674404144287, -0.7315154075622559, 1.7317694425582886, 0.03305991739034653, 0.41939833760261536, 1.6849172115325928]
[DIAG_INFER] step=201 policy_action_max=4.741604 applied_action_max=0.250000 obs_max=5.477331 history_nonzero_rows=15 position_clip=0 torque_clip=1 action=[4.741604328155518, -0.7341924905776978, 2.346700429916382, -1.9092967510223389, 1.8245739936828613, 0.03942587226629257, -2.7333405017852783, 1.6247460842132568, -3.1738433837890625, -4.365096569061279, -2.8498706817626953, 0.6983898282051086]
[DIAG_TARGET] step=201 target_error=0.000000000 default=[0.0, -0.7853981852531433, 1.8654682636260986, 0.0, -0.7853981852531433, 1.8654682636260986, 0.0, -0.7853981852531433, 1.8654682636260986, 0.0, -0.7853981852531433, 1.8654682636260986] desired=[-0.06875000149011612, -0.862500011920929, 1.6825000047683716, 0.06875000149011612, -0.737500011920929, 1.6298564672470093, -0.13124999403953552, -0.737500011920929, 1.5575000047683716, -0.1131243109703064, -0.862500011920929, 1.6825000047683716] applied=[-0.06875000149011612, -0.862500011920929, 1.6825000047683716, 0.06875000149011612, -0.737500011920929, 1.6298564672470093, -0.13124999403953552, -0.737500011920929, 1.5575000047683716, -0.1131243109703064, -0.862500011920929, 1.6825000047683716] current=[-0.033823348581790924, -0.6955453753471375, 1.8041071891784668, 0.08629884570837021, -0.7848660945892334, 1.8970357179641724, -0.18178381025791168, -0.3905847668647766, 1.6250625848770142, 0.05164361745119095, 0.21774417161941528, 1.728255033493042]
[DIAG_INFER] step=211 policy_action_max=3.761780 applied_action_max=0.250000 obs_max=4.741604 history_nonzero_rows=15 position_clip=0 torque_clip=2 action=[3.76177978515625, 1.5515886545181274, 2.5630452632904053, -2.8283402919769287, 1.1346549987792969, -0.8560765981674194, -2.327434778213501, -0.7838319540023804, -1.1524733304977417, -2.858098030090332, -3.114564895629883, 0.05180250108242035]
[DIAG_TARGET] step=211 target_error=0.000000000 default=[0.0, -0.7853981852531433, 1.8654682636260986, 0.0, -0.7853981852531433, 1.8654682636260986, 0.0, -0.7853981852531433, 1.8654682636260986, 0.0, -0.7853981852531433, 1.8654682636260986] desired=[-0.06875000149011612, -0.737500011920929, 1.6825000047683716, 0.06875000149011612, -0.737500011920929, 1.5575000047683716, -0.13124999403953552, -0.862500011920929, 1.5575000047683716, -0.22038143873214722, -2.001924514770508, 1.6329506635665894] applied=[-0.06875000149011612, -0.737500011920929, 1.6825000047683716, 0.06875000149011612, -0.737500011920929, 1.5575000047683716, -0.13124999403953552, -0.862500011920929, 1.5575000047683716, -0.22038143873214722, -2.001924514770508, 1.6329506635665894] current=[-0.06087138131260872, -0.7319181561470032, 1.7987103462219238, 0.08157164603471756, -0.7668921947479248, 1.8711563348770142, -0.17447100579738617, -0.395781934261322, 1.6198408603668213, -0.02571764774620533, -0.38676536083221436, 1.7768622636795044]
[DIAG_INFER] step=221 policy_action_max=3.054521 applied_action_max=0.250000 obs_max=3.761780 history_nonzero_rows=15 position_clip=0 torque_clip=1 action=[2.7355504035949707, 0.7828140258789062, 1.6037218570709229, -0.03675314784049988, 2.0003840923309326, -0.8262940049171448, -2.7364444732666016, 1.0672526359558105, 0.5583063364028931, -3.054521322250366, -1.621171236038208, 0.8626893758773804]
[DIAG_TARGET] step=221 target_error=0.000000000 default=[0.0, -0.7853981852531433, 1.8654682636260986, 0.0, -0.7853981852531433, 1.8654682636260986, 0.0, -0.7853981852531433, 1.8654682636260986, 0.0, -0.7853981852531433, 1.8654682636260986] desired=[-0.06875000149011612, -0.737500011920929, 1.6825000047683716, 0.09540586173534393, -0.737500011920929, 1.5575000047683716, -0.13124999403953552, -0.7689248323440552, 1.6825000047683716, 0.06875000149011612, -0.862500011920929, 1.6825000047683716] applied=[-0.06875000149011612, -0.737500011920929, 1.6825000047683716, 0.09540586173534393, -0.737500011920929, 1.5575000047683716, -0.13124999403953552, -0.7689248323440552, 1.6825000047683716, 0.06875000149011612, -0.862500011920929, 1.6825000047683716] current=[-0.07702436298131943, -0.7321677803993225, 1.7882747650146484, 0.06588093191385269, -0.759473443031311, 1.8327690362930298, -0.20288805663585663, -0.5361658930778503, 1.7254712581634521, -0.10047441720962524, -0.9555260539054871, 1.9968973398208618]
[DIAG_INFER] step=231 policy_action_max=3.754195 applied_action_max=0.250000 obs_max=3.054521 history_nonzero_rows=15 position_clip=0 torque_clip=0 action=[3.2075231075286865, 1.2089532613754272, 1.1119232177734375, 0.5229480862617493, 0.24328359961509705, -1.0401517152786255, -3.754194974899292, -1.164090633392334, -1.1138314008712769, -1.8363083600997925, -0.7624670267105103, 1.664743185043335]
[DIAG_TARGET] step=231 target_error=0.000000000 default=[0.0, -0.7853981852531433, 1.8654682636260986, 0.0, -0.7853981852531433, 1.8654682636260986, 0.0, -0.7853981852531433, 1.8654682636260986, 0.0, -0.7853981852531433, 1.8654682636260986] desired=[-0.06875000149011612, -0.737500011920929, 1.6825000047683716, 0.13124999403953552, -0.7391791343688965, 1.5575000047683716, -0.13124999403953552, -0.862500011920929, 1.5575000047683716, 0.06875000149011612, -0.862500011920929, 1.6825000047683716] applied=[-0.06875000149011612, -0.737500011920929, 1.6825000047683716, 0.13124999403953552, -0.7391791343688965, 1.5575000047683716, -0.13124999403953552, -0.862500011920929, 1.5575000047683716, 0.06875000149011612, -0.862500011920929, 1.6825000047683716] current=[-0.07595174014568329, -0.7222601771354675, 1.7699604034423828, 0.0647769495844841, -0.7455601096153259, 1.7943191528320312, -0.2030140608549118, -0.5957664847373962, 1.7856218814849854, -0.05194661766290665, -1.0530263185501099, 2.009878158569336]
[DIAG_INFER] step=241 policy_action_max=4.052579 applied_action_max=0.250000 obs_max=3.754195 history_nonzero_rows=15 position_clip=0 torque_clip=0 action=[4.052578926086426, 2.371807813644409, 1.1752512454986572, 0.5889011025428772, 0.43643397092819214, -1.481807827949524, -3.0694077014923096, -0.3862101435661316, -1.4854060411453247, 1.1763166189193726, -1.8557060956954956, 2.905164957046509]
[DIAG_TARGET] step=241 target_error=0.000000000 default=[0.0, -0.7853981852531433, 1.8654682636260986, 0.0, -0.7853981852531433, 1.8654682636260986, 0.0, -0.7853981852531433, 1.8654682636260986, 0.0, -0.7853981852531433, 1.8654682636260986] desired=[-0.06875000149011612, -0.737500011920929, 1.6825000047683716, 0.13124999403953552, -0.737500011920929, 1.5575000047683716, -0.13124999403953552, -0.862500011920929, 1.5575000047683716, 0.13124999403953552, -0.862500011920929, 1.6825000047683716] applied=[-0.06875000149011612, -0.737500011920929, 1.6825000047683716, 0.13124999403953552, -0.737500011920929, 1.5575000047683716, -0.13124999403953552, -0.862500011920929, 1.5575000047683716, 0.13124999403953552, -0.862500011920929, 1.6825000047683716] current=[-0.06028331443667412, -0.706080436706543, 1.7466486692428589, 0.07852935791015625, -0.7230247259140015, 1.760332465171814, -0.18903231620788574, -0.602339506149292, 1.8057270050048828, -0.033982694149017334, -1.051194190979004, 2.026437282562256]
[DIAG_INFER] step=251 policy_action_max=2.944471 applied_action_max=0.250000 obs_max=4.052579 history_nonzero_rows=15 position_clip=0 torque_clip=0 action=[2.9444713592529297, 1.6477457284927368, 1.1383657455444336, 0.17895260453224182, 0.08673235774040222, -1.1803460121154785, -2.6958229541778564, -1.4612364768981934, -0.4754917621612549, 0.3166984021663666, -2.4324207305908203, 1.6680457592010498]
[DIAG_TARGET] step=251 target_error=0.000000000 default=[0.0, -0.7853981852531433, 1.8654682636260986, 0.0, -0.7853981852531433, 1.8654682636260986, 0.0, -0.7853981852531433, 1.8654682636260986, 0.0, -0.7853981852531433, 1.8654682636260986] desired=[-0.06875000149011612, -0.737500011920929, 1.6825000047683716, 0.12236908078193665, -0.7783169150352478, 1.5575000047683716, -0.13124999403953552, -0.862500011920929, 1.5575000047683716, 0.13124999403953552, -0.862500011920929, 1.6825000047683716] applied=[-0.06875000149011612, -0.737500011920929, 1.6825000047683716, 0.12236908078193665, -0.7783169150352478, 1.5575000047683716, -0.13124999403953552, -0.862500011920929, 1.5575000047683716, 0.13124999403953552, -0.862500011920929, 1.6825000047683716] current=[-0.047978051006793976, -0.7004061937332153, 1.7245181798934937, 0.0950179249048233, -0.6944522261619568, 1.7321444749832153, -0.1604977399110794, -0.6005183458328247, 1.818848729133606, 0.001476795063354075, -1.0332554578781128, 2.030993700027466]
[DIAG_INFER] step=261 policy_action_max=2.614130 applied_action_max=0.250000 obs_max=2.944471 history_nonzero_rows=15 position_clip=0 torque_clip=0 action=[2.5891640186309814, 1.2744723558425903, 1.1838738918304443, 1.0218397378921509, 0.6248701810836792, -1.014016032218933, -2.100198984146118, -1.6679028272628784, -0.6214112639427185, -1.449595332145691, -2.6141300201416016, 0.8999673128128052]
[DIAG_TARGET] step=261 target_error=0.000000000 default=[0.0, -0.7853981852531433, 1.8654682636260986, 0.0, -0.7853981852531433, 1.8654682636260986, 0.0, -0.7853981852531433, 1.8654682636260986, 0.0, -0.7853981852531433, 1.8654682636260986] desired=[-0.06875000149011612, -0.737500011920929, 1.6825000047683716, 0.13124999403953552, -0.737500011920929, 1.5575000047683716, -0.13124999403953552, -0.862500011920929, 1.5575000047683716, 0.06875000149011612, -0.862500011920929, 1.6825000047683716] applied=[-0.06875000149011612, -0.737500011920929, 1.6825000047683716, 0.13124999403953552, -0.737500011920929, 1.5575000047683716, -0.13124999403953552, -0.862500011920929, 1.5575000047683716, 0.06875000149011612, -0.862500011920929, 1.6825000047683716] current=[-0.05082739517092705, -0.7079129815101624, 1.7108373641967773, 0.10215459018945694, -0.6637187600135803, 1.7089604139328003, -0.1348269134759903, -0.6002786755561829, 1.8326901197433472, 0.03802989795804024, -1.0015145540237427, 2.0235342979431152]
[DIAG_INFER] step=271 policy_action_max=3.360250 applied_action_max=0.250000 obs_max=2.614130 history_nonzero_rows=15 position_clip=0 torque_clip=0 action=[2.75128436088562, 0.7148861885070801, 1.4916257858276367, 1.4211410284042358, 1.1173334121704102, 0.019127480685710907, -2.180727481842041, -1.076348066329956, -1.4528403282165527, -3.360250473022461, -1.997862696647644, 1.3917039632797241]
[DIAG_TARGET] step=271 target_error=0.000000000 default=[0.0, -0.7853981852531433, 1.8654682636260986, 0.0, -0.7853981852531433, 1.8654682636260986, 0.0, -0.7853981852531433, 1.8654682636260986, 0.0, -0.7853981852531433, 1.8654682636260986] desired=[-0.06875000149011612, -0.737500011920929, 1.6825000047683716, 0.13124999403953552, -0.737500011920929, 1.624781847000122, -0.13124999403953552, -0.862500011920929, 1.5575000047683716, 0.06875000149011612, -0.862500011920929, 1.6825000047683716] applied=[-0.06875000149011612, -0.737500011920929, 1.6825000047683716, 0.13124999403953552, -0.737500011920929, 1.624781847000122, -0.13124999403953552, -0.862500011920929, 1.5575000047683716, 0.06875000149011612, -0.862500011920929, 1.6825000047683716] current=[-0.0626915767788887, -0.7132993936538696, 1.7092801332473755, 0.09793740510940552, -0.6379304528236389, 1.6886378526687622, -0.11936963349580765, -0.5975027084350586, 1.8490840196609497, 0.06336663663387299, -0.9599984288215637, 2.0055434703826904]
[DIAG_INFER] step=281 policy_action_max=5.061870 applied_action_max=0.250000 obs_max=3.360250 history_nonzero_rows=15 position_clip=0 torque_clip=1 action=[3.379117250442505, -0.12737122178077698, 2.049468755722046, 1.1014009714126587, 1.0798311233520508, 0.19574415683746338, -2.236212968826294, -1.1175756454467773, -1.3498790264129639, -5.0618696212768555, -1.6601347923278809, 1.7518391609191895]
[DIAG_TARGET] step=281 target_error=0.000000000 default=[0.0, -0.7853981852531433, 1.8654682636260986, 0.0, -0.7853981852531433, 1.8654682636260986, 0.0, -0.7853981852531433, 1.8654682636260986, 0.0, -0.7853981852531433, 1.8654682636260986] desired=[-0.06875000149011612, -0.831842839717865, 1.6825000047683716, 0.13124999403953552, -0.737500011920929, 1.668936014175415, -0.13124999403953552, -0.862500011920929, 1.5575000047683716, -0.115459144115448, -0.862500011920929, 1.6825000047683716] applied=[-0.06875000149011612, -0.831842839717865, 1.6825000047683716, 0.13124999403953552, -0.737500011920929, 1.668936014175415, -0.13124999403953552, -0.862500011920929, 1.5575000047683716, -0.115459144115448, -0.862500011920929, 1.6825000047683716] current=[-0.07935278117656708, -0.7098618149757385, 1.7167439460754395, 0.09868542850017548, -0.6494821310043335, 1.6827611923217773, -0.1092243418097496, -0.5922163128852844, 1.8680527210235596, 0.08106837421655655, -0.9137793779373169, 1.982635259628296]
[DIAG_INFER] step=291 policy_action_max=4.688673 applied_action_max=0.250000 obs_max=5.061870 history_nonzero_rows=15 position_clip=0 torque_clip=3 action=[-1.0568379163742065, -0.5097618103027344, 0.11070039868354797, -4.594952583312988, 1.0067079067230225, 0.33184704184532166, -0.8583486676216125, -4.6886725425720215, 4.221912860870361, -3.7972428798675537, -2.6559231281280518, -1.017564058303833]
[DIAG_TARGET] step=291 target_error=0.000000000 default=[0.0, -0.7853981852531433, 1.8654682636260986, 0.0, -0.7853981852531433, 1.8654682636260986, 0.0, -0.7853981852531433, 1.8654682636260986, 0.0, -0.7853981852531433, 1.8654682636260986] desired=[-0.13124999403953552, -0.862500011920929, 1.6476751565933228, 0.06875000149011612, -0.737500011920929, 1.6825000047683716, -0.13124999403953552, -0.862500011920929, 1.6825000047683716, -0.7416649460792542, -0.8907940983772278, 2.378110885620117] applied=[-0.13124999403953552, -0.862500011920929, 1.6476751565933228, 0.06875000149011612, -0.737500011920929, 1.6825000047683716, -0.13124999403953552, -0.862500011920929, 1.6825000047683716, -0.7416649460792542, -0.8907940983772278, 2.378110885620117] current=[-0.11243043839931488, -0.7301482558250427, 1.7482411861419678, 0.09050983935594559, -0.6849249005317688, 1.6793920993804932, -0.12372248619794846, -0.5876839756965637, 1.8937819004058838, 0.0657803863286972, -0.8687458634376526, 1.9707908630371094]
[DIAG_INFER] step=301 policy_action_max=10.390270 applied_action_max=0.250000 obs_max=4.688673 history_nonzero_rows=15 position_clip=0 torque_clip=2 action=[-5.2683868408203125, 2.858815908432007, 0.3403290808200836, -9.323196411132812, 1.9228276014328003, -0.005169577896595001, 0.9272183775901794, -10.390270233154297, 7.344011306762695, -7.023985385894775, -1.0033540725708008, -2.672475814819336]
[DIAG_TARGET] step=301 target_error=0.000000000 default=[0.0, -0.7853981852531433, 1.8654682636260986, 0.0, -0.7853981852531433, 1.8654682636260986, 0.0, -0.7853981852531433, 1.8654682636260986, 0.0, -0.7853981852531433, 1.8654682636260986] desired=[-0.13124999403953552, -0.737500011920929, 1.6825000047683716, 0.06875000149011612, -0.737500011920929, 1.6187076568603516, -0.06875000149011612, -0.862500011920929, 1.6825000047683716, -1.194724202156067, -0.862500011920929, 1.9995962381362915] applied=[-0.13124999403953552, -0.737500011920929, 1.6825000047683716, 0.06875000149011612, -0.737500011920929, 1.6187076568603516, -0.06875000149011612, -0.862500011920929, 1.6825000047683716, -1.194724202156067, -0.862500011920929, 1.9995962381362915] current=[-0.1854129433631897, -0.7341679930686951, 1.7852059602737427, 0.06314601004123688, -0.7183356881141663, 1.6762816905975342, -0.1787051409482956, -0.5837453007698059, 1.9235550165176392, -0.3191697299480438, -0.8806921243667603, 2.189835786819458]
[DIAG_INFER] step=311 policy_action_max=7.213352 applied_action_max=0.250000 obs_max=10.390270 history_nonzero_rows=15 position_clip=0 torque_clip=2 action=[4.82082462310791, 4.074207305908203, 0.5223668813705444, -7.213351726531982, 2.187166213989258, 0.18299221992492676, -0.7572922110557556, -6.8925089836120605, 0.4219406247138977, 4.5612640380859375, -2.093893527984619, -0.5565102696418762]
[DIAG_TARGET] step=311 target_error=0.000000000 default=[0.0, -0.7853981852531433, 1.8654682636260986, 0.0, -0.7853981852531433, 1.8654682636260986, 0.0, -0.7853981852531433, 1.8654682636260986, 0.0, -0.7853981852531433, 1.8654682636260986] desired=[-0.06875000149011612, -0.737500011920929, 1.6825000047683716, 0.06875000149011612, -0.737500011920929, 1.665748119354248, -0.3663471043109894, -0.862500011920929, 1.6825000047683716, 0.34749048948287964, -0.862500011920929, 1.5575000047683716] applied=[-0.06875000149011612, -0.737500011920929, 1.6825000047683716, 0.06875000149011612, -0.737500011920929, 1.665748119354248, -0.3663471043109894, -0.862500011920929, 1.6825000047683716, 0.34749048948287964, -0.862500011920929, 1.5575000047683716] current=[-0.19608978927135468, -0.7291654944419861, 1.8088915348052979, 0.09535879641771317, -0.7397637963294983, 1.6505955457687378, -0.17819416522979736, -0.5774948596954346, 1.9443708658218384, -0.779177725315094, -0.8563423752784729, 2.0548322200775146]
[DIAG_INFER] step=321 policy_action_max=16.987255 applied_action_max=0.250000 obs_max=7.213352 history_nonzero_rows=15 position_clip=0 torque_clip=1 action=[14.340217590332031, 6.5718231201171875, 11.07139778137207, 9.204105377197266, 2.3209993839263916, -11.779276847839355, -7.514188289642334, 2.5103461742401123, -9.212745666503906, -2.4121384620666504, -12.975037574768066, 16.987255096435547]
[DIAG_TARGET] step=321 target_error=0.000000000 default=[0.0, -0.7853981852531433, 1.8654682636260986, 0.0, -0.7853981852531433, 1.8654682636260986, 0.0, -0.7853981852531433, 1.8654682636260986, 0.0, -0.7853981852531433, 1.8654682636260986] desired=[-0.06875000149011612, -0.737500011920929, 1.6825000047683716, 0.13124999403953552, -0.737500011920929, 1.5575000047683716, -0.13124999403953552, -0.737500011920929, 1.5575000047683716, 1.5, -0.862500011920929, 1.6825000047683716] applied=[-0.06875000149011612, -0.737500011920929, 1.6825000047683716, 0.13124999403953552, -0.737500011920929, 1.5575000047683716, -0.13124999403953552, -0.737500011920929, 1.5575000047683716, 1.5, -0.862500011920929, 1.6825000047683716] current=[-0.09771949797868729, -0.7236323356628418, 1.8005728721618652, 0.19889198243618011, -0.7433563470840454, 1.7103900909423828, -0.14378567039966583, -0.6102185845375061, 1.9319859743118286, -0.7009916305541992, -0.8565673828125, 2.037949323654175]
[DIAG_INFER] step=331 policy_action_max=8.286560 applied_action_max=0.250000 obs_max=16.987255 history_nonzero_rows=15 position_clip=0 torque_clip=2 action=[6.694973945617676, -0.3130715787410736, 3.9694082736968994, -3.8268401622772217, -2.406071424484253, -3.2943193912506104, -8.28656005859375, -0.3952176570892334, -7.745891571044922, 2.612337827682495, -5.997776508331299, 6.363454341888428]
[DIAG_TARGET] step=331 target_error=0.000000000 default=[0.0, -0.7853981852531433, 1.8654682636260986, 0.0, -0.7853981852531433, 1.8654682636260986, 0.0, -0.7853981852531433, 1.8654682636260986, 0.0, -0.7853981852531433, 1.8654682636260986] desired=[-0.06875000149011612, -0.862500011920929, 1.6825000047683716, 0.06875000149011612, -0.862500011920929, 1.5575000047683716, -0.13124999403953552, -0.862500011920929, 1.5575000047683716, 0.9681846499443054, -0.862500011920929, -0.14006280899047852] applied=[-0.06875000149011612, -0.862500011920929, 1.6825000047683716, 0.06875000149011612, -0.862500011920929, 1.5575000047683716, -0.13124999403953552, -0.862500011920929, 1.5575000047683716, 0.9681846499443054, -0.862500011920929, -0.14006280899047852] current=[-0.010406591929495335, -0.7078229784965515, 1.7490497827529907, 0.34094205498695374, -0.7249757051467896, 1.7779139280319214, -0.07968219369649887, -0.6073408722877502, 1.8526474237442017, -0.5366120338439941, -0.8524875044822693, 2.1000449657440186]
[DIAG_INFER] step=341 policy_action_max=5.368024 applied_action_max=0.250000 obs_max=8.286560 history_nonzero_rows=15 position_clip=0 torque_clip=3 action=[4.161146640777588, 0.6164510250091553, 3.9176695346832275, -3.8791351318359375, -0.42848992347717285, -2.2639987468719482, -5.3680243492126465, -3.123272657394409, -0.31708836555480957, -3.243074417114258, -5.287738800048828, 0.9552435874938965]
[DIAG_TARGET] step=341 target_error=0.000000000 default=[0.0, -0.7853981852531433, 1.8654682636260986, 0.0, -0.7853981852531433, 1.8654682636260986, 0.0, -0.7853981852531433, 1.8654682636260986, 0.0, -0.7853981852531433, 1.8654682636260986] desired=[-0.06875000149011612, -0.737500011920929, 1.6825000047683716, 0.06875000149011612, -0.862500011920929, 1.5575000047683716, -0.13124999403953552, -0.862500011920929, 1.5575000047683716, -0.6971960663795471, -3.6347432136535645, 1.6344397068023682] applied=[-0.06875000149011612, -0.737500011920929, 1.6825000047683716, 0.06875000149011612, -0.862500011920929, 1.5575000047683716, -0.13124999403953552, -0.862500011920929, 1.5575000047683716, -0.6971960663795471, -3.6347432136535645, 1.6344397068023682] current=[-0.03380732610821724, -0.7638959288597107, 1.7100520133972168, 0.4062202274799347, -0.6755707859992981, 1.8338074684143066, -0.06857286393642426, -0.6626158356666565, 1.7506190538406372, -0.3855624794960022, -0.8095161318778992, 2.0985045433044434]
[DIAG_INFER] step=351 policy_action_max=5.289566 applied_action_max=0.250000 obs_max=5.368024 history_nonzero_rows=15 position_clip=0 torque_clip=1 action=[3.839647054672241, 0.3524529039859772, 1.2822974920272827, -3.8578903675079346, 1.324069619178772, -0.4818252921104431, -5.289565563201904, 3.3292574882507324, -0.47692275047302246, -0.8324780464172363, -1.5293703079223633, 2.076596736907959]
[DIAG_TARGET] step=351 target_error=0.000000000 default=[0.0, -0.7853981852531433, 1.8654682636260986, 0.0, -0.7853981852531433, 1.8654682636260986, 0.0, -0.7853981852531433, 1.8654682636260986, 0.0, -0.7853981852531433, 1.8654682636260986] desired=[-0.06875000149011612, -0.737500011920929, 1.6825000047683716, 0.06875000149011612, -0.737500011920929, 1.5575000047683716, -0.13124999403953552, -1.3855199813842773, 1.5575000047683716, 0.06875000149011612, -0.862500011920929, 1.6825000047683716] applied=[-0.06875000149011612, -0.737500011920929, 1.6825000047683716, 0.06875000149011612, -0.737500011920929, 1.5575000047683716, -0.13124999403953552, -1.3855199813842773, 1.5575000047683716, 0.06875000149011612, -0.862500011920929, 1.6825000047683716] current=[-0.09165316820144653, -0.79285728931427, 1.6881372928619385, 0.35345810651779175, -0.6273080110549927, 1.8551875352859497, -0.13921426236629486, -0.7837333083152771, 1.6516395807266235, -0.5574973821640015, -1.3333094120025635, 1.9156715869903564]
[DIAG_INFER] step=361 policy_action_max=5.745188 applied_action_max=0.250000 obs_max=5.289566 history_nonzero_rows=15 position_clip=0 torque_clip=2 action=[4.62214469909668, 1.241728663444519, 1.677655577659607, -1.9938340187072754, 1.6037431955337524, 0.13563024997711182, -5.745188236236572, -2.605226516723633, 0.2115112543106079, -2.877216339111328, 1.0867664813995361, 1.0767937898635864]
[DIAG_TARGET] step=361 target_error=0.000000000 default=[0.0, -0.7853981852531433, 1.8654682636260986, 0.0, -0.7853981852531433, 1.8654682636260986, 0.0, -0.7853981852531433, 1.8654682636260986, 0.0, -0.7853981852531433, 1.8654682636260986] desired=[-0.06875000149011612, -0.737500011920929, 1.6825000047683716, 0.06875000149011612, -0.737500011920929, 1.6539075374603271, -0.13124999403953552, -0.862500011920929, 1.6728777885437012, -0.008309602737426758, -0.05013275146484375, 1.6825000047683716] applied=[-0.06875000149011612, -0.737500011920929, 1.6825000047683716, 0.06875000149011612, -0.737500011920929, 1.6539075374603271, -0.13124999403953552, -0.862500011920929, 1.6728777885437012, -0.008309602737426758, -0.05013275146484375, 1.6825000047683716] current=[-0.09481306374073029, -0.7706975340843201, 1.6840132474899292, 0.3028309941291809, -0.5599749684333801, 1.8682500123977661, -0.12913937866687775, -1.0636265277862549, 1.6002123355865479, -0.3472844064235687, -1.4685770273208618, 1.7719299793243408]
[DIAG_INFER] step=371 policy_action_max=4.415543 applied_action_max=0.250000 obs_max=5.745188 history_nonzero_rows=15 position_clip=0 torque_clip=1 action=[3.2275586128234863, 1.6267644166946411, -0.05542078614234924, -2.8241703510284424, 1.3584054708480835, 0.011293284595012665, -4.415543079376221, -1.8574528694152832, 0.02139967679977417, -2.109919786453247, 2.071645736694336, 0.5937036275863647]
[DIAG_TARGET] step=371 target_error=0.000000000 default=[0.0, -0.7853981852531433, 1.8654682636260986, 0.0, -0.7853981852531433, 1.8654682636260986, 0.0, -0.7853981852531433, 1.8654682636260986, 0.0, -0.7853981852531433, 1.8654682636260986] desired=[-0.06875000149011612, -0.737500011920929, 1.6061447858810425, 0.06875000149011612, -0.737500011920929, 1.6228233575820923, -0.13124999403953552, -0.862500011920929, 1.6253498792648315, 0.06875000149011612, -0.07186436653137207, 1.6825000047683716] applied=[-0.06875000149011612, -0.737500011920929, 1.6061447858810425, 0.06875000149011612, -0.737500011920929, 1.6228233575820923, -0.13124999403953552, -0.862500011920929, 1.6253498792648315, 0.06875000149011612, -0.07186436653137207, 1.6825000047683716] current=[-0.10389813780784607, -0.7340824007987976, 1.6846323013305664, 0.19870319962501526, -0.5007513761520386, 1.882619857788086, -0.1252758949995041, -1.0851669311523438, 1.6117925643920898, -0.2736055552959442, -1.3699344396591187, 1.7333799600601196]
[DIAG_INFER] step=381 policy_action_max=13.104283 applied_action_max=0.250000 obs_max=4.415543 history_nonzero_rows=15 position_clip=0 torque_clip=2 action=[0.4751632809638977, -0.3076265752315521, 3.783984422683716, -6.096977233886719, 1.5691317319869995, -1.5577338933944702, -9.41476821899414, -9.950393676757812, -0.2282325029373169, -13.104283332824707, -2.0455474853515625, -1.2157481908798218]
[DIAG_TARGET] step=381 target_error=0.000000000 default=[0.0, -0.7853981852531433, 1.8654682636260986, 0.0, -0.7853981852531433, 1.8654682636260986, 0.0, -0.7853981852531433, 1.8654682636260986, 0.0, -0.7853981852531433, 1.8654682636260986] desired=[-0.06875000149011612, -0.862500011920929, 1.6825000047683716, 0.06875000149011612, -0.737500011920929, 1.5575000047683716, -0.13124999403953552, -0.862500011920929, 1.5629419088363647, -1.5, 0.00012826919555664062, 1.5575000047683716] applied=[-0.06875000149011612, -0.862500011920929, 1.6825000047683716, 0.06875000149011612, -0.737500011920929, 1.5575000047683716, -0.13124999403953552, -0.862500011920929, 1.5629419088363647, -1.5, 0.00012826919555664062, 1.5575000047683716] current=[-0.1772167682647705, -0.7065204381942749, 1.7061717510223389, 0.11043030768632889, -0.45328494906425476, 1.9034398794174194, -0.11175740510225296, -0.9435809850692749, 1.6155874729156494, -0.23139548301696777, -1.2118380069732666, 1.649815320968628]
[DIAG_INFER] step=391 policy_action_max=17.597321 applied_action_max=0.250000 obs_max=13.104283 history_nonzero_rows=15 position_clip=0 torque_clip=3 action=[-8.934432983398438, 3.209642171859741, -2.548192024230957, -17.597320556640625, 5.057157039642334, 2.0220694541931152, 2.1140494346618652, -14.631889343261719, 10.410499572753906, -4.661360740661621, -5.678395748138428, -2.310734272003174]
[DIAG_TARGET] step=391 target_error=0.000000000 default=[0.0, -0.7853981852531433, 1.8654682636260986, 0.0, -0.7853981852531433, 1.8654682636260986, 0.0, -0.7853981852531433, 1.8654682636260986, 0.0, -0.7853981852531433, 1.8654682636260986] desired=[-0.13124999403953552, -0.737500011920929, 1.5575000047683716, 0.06875000149011612, -0.737500011920929, 1.6825000047683716, -0.49773669242858887, -0.862500011920929, 1.6825000047683716, -1.5, -0.862500011920929, 2.700000047683716] applied=[-0.13124999403953552, -0.737500011920929, 1.5575000047683716, 0.06875000149011612, -0.737500011920929, 1.6825000047683716, -0.49773669242858887, -0.862500011920929, 1.6825000047683716, -1.5, -0.862500011920929, 2.700000047683716] current=[-0.2850242853164673, -0.7161831855773926, 1.7950396537780762, 0.012788142077624798, -0.4269997477531433, 1.8882062435150146, -0.15448005497455597, -0.8461917638778687, 1.5967729091644287, -0.7425243854522705, -0.7434076070785522, 1.584240436553955]
[DIAG_INFER] step=401 policy_action_max=10.264647 applied_action_max=0.250000 obs_max=17.597321 history_nonzero_rows=15 position_clip=0 torque_clip=2 action=[-2.6538467407226562, 7.1808180809021, -1.1506589651107788, -10.264646530151367, 3.3015477657318115, 1.263821005821228, -0.6882309317588806, -7.940855503082275, 1.547601342201233, -1.2011454105377197, 0.6359508037567139, -4.809138298034668]
[DIAG_TARGET] step=401 target_error=0.000000000 default=[0.0, -0.7853981852531433, 1.8654682636260986, 0.0, -0.7853981852531433, 1.8654682636260986, 0.0, -0.7853981852531433, 1.8654682636260986, 0.0, -0.7853981852531433, 1.8654682636260986] desired=[-0.13124999403953552, -0.737500011920929, 1.5575000047683716, 0.06875000149011612, -0.737500011920929, 1.6825000047683716, -0.871475338935852, -0.862500011920929, 1.6825000047683716, 0.06875000149011612, -0.11619246006011963, 1.5575000047683716] applied=[-0.13124999403953552, -0.737500011920929, 1.5575000047683716, 0.06875000149011612, -0.737500011920929, 1.6825000047683716, -0.871475338935852, -0.862500011920929, 1.6825000047683716, 0.06875000149011612, -0.11619246006011963, 1.5575000047683716] current=[-0.33802828192710876, -0.6810765266418457, 1.8255064487457275, 0.06229458004236221, -0.4992559552192688, 1.8891174793243408, -0.2580873966217041, -0.8383457064628601, 1.641076683998108, -1.2712585926055908, -0.5683457255363464, 2.0786004066467285]
[DIAG_INFER] step=411 policy_action_max=15.526030 applied_action_max=0.250000 obs_max=10.264647 history_nonzero_rows=15 position_clip=0 torque_clip=2 action=[15.526029586791992, 7.667943954467773, 8.175235748291016, 0.8665828704833984, 3.7135772705078125, -8.805713653564453, -5.039782524108887, -2.9072353839874268, -6.876650333404541, -0.496183305978775, -7.312613487243652, 10.25738525390625]
[DIAG_TARGET] step=411 target_error=0.000000000 default=[0.0, -0.7853981852531433, 1.8654682636260986, 0.0, -0.7853981852531433, 1.8654682636260986, 0.0, -0.7853981852531433, 1.8654682636260986, 0.0, -0.7853981852531433, 1.8654682636260986] desired=[-0.06875000149011612, -0.737500011920929, 1.6825000047683716, 0.11114796996116638, -0.737500011920929, 1.5575000047683716, -0.13124999403953552, -0.862500011920929, 1.5575000047683716, 1.5, -0.862500011920929, 1.6825000047683716] applied=[-0.06875000149011612, -0.737500011920929, 1.6825000047683716, 0.11114796996116638, -0.737500011920929, 1.5575000047683716, -0.13124999403953552, -0.862500011920929, 1.5575000047683716, 1.5, -0.862500011920929, 1.6825000047683716] current=[-0.2769649922847748, -0.6599417328834534, 1.8196752071380615, 0.16357962787151337, -0.5462146401405334, 1.9167368412017822, -0.47598496079444885, -0.8456392288208008, 1.646548867225647, -0.9538222551345825, -0.34181317687034607, 1.7577182054519653]
[DIAG_INFER] step=421 policy_action_max=10.293016 applied_action_max=0.250000 obs_max=15.526030 history_nonzero_rows=15 position_clip=0 torque_clip=4 action=[6.884513854980469, 5.662819862365723, 6.420650959014893, 0.8701287508010864, -0.4101489782333374, -7.989271640777588, -2.132683753967285, 1.4895269870758057, -6.093251705169678, 3.182997703552246, -10.29301643371582, 7.973288059234619]
[DIAG_TARGET] step=421 target_error=0.000000000 default=[0.0, -0.7853981852531433, 1.8654682636260986, 0.0, -0.7853981852531433, 1.8654682636260986, 0.0, -0.7853981852531433, 1.8654682636260986, 0.0, -0.7853981852531433, 1.8654682636260986] desired=[-0.06875000149011612, -0.737500011920929, 1.6825000047683716, 0.13124999403953552, -0.862500011920929, 1.5575000047683716, -0.09208370000123978, -0.737500011920929, 1.5575000047683716, 1.5, -1.5684634447097778, -0.49985551834106445] applied=[-0.06875000149011612, -0.737500011920929, 1.6825000047683716, 0.13124999403953552, -0.862500011920929, 1.5575000047683716, -0.09208370000123978, -0.737500011920929, 1.5575000047683716, 1.5, -1.5684634447097778, -0.49985551834106445] current=[-0.13253065943717957, -0.6755115389823914, 1.7611515522003174, 0.32448911666870117, -0.5124251842498779, 1.9692299365997314, -0.4014938473701477, -0.8727409243583679, 1.5984609127044678, -0.1349180042743683, -0.45224642753601074, 1.6491773128509521]
[DIAG_INFER] step=431 policy_action_max=5.197085 applied_action_max=0.250000 obs_max=10.293016 history_nonzero_rows=15 position_clip=0 torque_clip=4 action=[3.6471810340881348, 1.3725181818008423, 3.2818634510040283, -3.6000454425811768, 1.0060582160949707, -3.8354651927948, -4.431725978851318, -0.39240801334381104, -2.720597267150879, 1.9604119062423706, -5.197084903717041, 2.3425979614257812]
[DIAG_TARGET] step=431 target_error=0.000000000 default=[0.0, -0.7853981852531433, 1.8654682636260986, 0.0, -0.7853981852531433, 1.8654682636260986, 0.0, -0.7853981852531433, 1.8654682636260986, 0.0, -0.7853981852531433, 1.8654682636260986] desired=[-0.06875000149011612, -0.737500011920929, 1.6825000047683716, 0.06875000149011612, -0.737500011920929, 1.5575000047683716, 0.1875091940164566, -0.862500011920929, 1.5575000047683716, 0.3409819006919861, -1.60275399684906, 1.4959791898727417] applied=[-0.06875000149011612, -0.737500011920929, 1.6825000047683716, 0.06875000149011612, -0.737500011920929, 1.5575000047683716, 0.1875091940164566, -0.862500011920929, 1.5575000047683716, 0.3409819006919861, -1.60275399684906, 1.4959791898727417] current=[-0.07526135444641113, -0.7099023461341858, 1.712500810623169, 0.4157729148864746, -0.49978354573249817, 2.0048611164093018, -0.23922060430049896, -0.8291693925857544, 1.569290041923523, 0.44249171018600464, -0.6724371314048767, 1.552282452583313]
[DIAG_INFER] step=441 policy_action_max=4.760473 applied_action_max=0.250000 obs_max=5.197085 history_nonzero_rows=15 position_clip=0 torque_clip=3 action=[4.760473251342773, 2.6880807876586914, 2.8159055709838867, -4.08845329284668, 0.7247669696807861, -0.2061445713043213, -0.7336236834526062, 0.4279937744140625, 0.34319067001342773, -4.677191734313965, -2.293220281600952, -0.01852397620677948]
[DIAG_TARGET] step=441 target_error=0.000000000 default=[0.0, -0.7853981852531433, 1.8654682636260986, 0.0, -0.7853981852531433, 1.8654682636260986, 0.0, -0.7853981852531433, 1.8654682636260986, 0.0, -0.7853981852531433, 1.8654682636260986] desired=[-0.06875000149011612, -0.737500011920929, 1.6825000047683716, 0.06875000149011612, -0.737500011920929, 1.5684638023376465, -0.13124999403953552, -0.7952910661697388, 1.6825000047683716, -0.9159454703330994, -0.9616662263870239, 1.6153689622879028] applied=[-0.06875000149011612, -0.737500011920929, 1.6825000047683716, 0.06875000149011612, -0.737500011920929, 1.5684638023376465, -0.13124999403953552, -0.7952910661697388, 1.6825000047683716, -0.9159454703330994, -0.9616662263870239, 1.6153689622879028] current=[-0.1297072321176529, -0.7389073371887207, 1.6966232061386108, 0.35803845524787903, -0.4839935302734375, 1.9847965240478516, -0.09233585745096207, -0.8236857652664185, 1.5724040269851685, 0.5068740248680115, -1.1239467859268188, 1.5159952640533447]
[DIAG_INFER] step=451 policy_action_max=15.625511 applied_action_max=0.250000 obs_max=6.000783 history_nonzero_rows=15 position_clip=0 torque_clip=3 action=[-7.048699378967285, 1.2054284811019897, 1.7282590866088867, -13.21938705444336, 0.6122552156448364, -0.7310177087783813, -2.702390670776367, -14.846534729003906, 7.21507453918457, -15.625511169433594, -4.774481773376465, -3.1283316612243652]
[DIAG_TARGET] step=451 target_error=0.000000119 default=[0.0, -0.7853981852531433, 1.8654682636260986, 0.0, -0.7853981852531433, 1.8654682636260986, 0.0, -0.7853981852531433, 1.8654682636260986, 0.0, -0.7853981852531433, 1.8654682636260986] desired=[-0.13124999403953552, -0.737500011920929, 1.6825000047683716, 0.06875000149011612, -0.737500011920929, 1.5575000047683716, -0.13124999403953552, -0.862500011920929, 1.6825000047683716, -1.5, -1.9529811143875122, 2.700000047683716] applied=[-0.13124999403953552, -0.737500011920929, 1.6825000047683716, 0.06875000149011612, -0.737500011920929, 1.5575000047683716, -0.13124999403953552, -0.862500011920929, 1.6825000047683716, -1.5, -1.9529812335968018, 2.700000047683716] current=[-0.2317742556333542, -0.7606667876243591, 1.7257468700408936, 0.1560710370540619, -0.4738772511482239, 1.9080427885055542, -0.09443772584199905, -0.8078348636627197, 1.6286075115203857, -0.19641678035259247, -1.2714500427246094, 1.5535457134246826]
[DIAG_INFER] step=461 policy_action_max=9.271140 applied_action_max=0.250000 obs_max=15.625511 history_nonzero_rows=15 position_clip=0 torque_clip=4 action=[-8.39514446258545, 4.887419700622559, -5.731977462768555, -9.271140098571777, 2.534113883972168, 2.224083662033081, 0.44000405073165894, -6.173210620880127, 2.136305570602417, -2.3761696815490723, -1.2665878534317017, -0.533452033996582]
[DIAG_TARGET] step=461 target_error=0.000000000 default=[0.0, -0.7853981852531433, 1.8654682636260986, 0.0, -0.7853981852531433, 1.8654682636260986, 0.0, -0.7853981852531433, 1.8654682636260986, 0.0, -0.7853981852531433, 1.8654682636260986] desired=[-0.13124999403953552, -0.737500011920929, 1.5575000047683716, 0.06875000149011612, -0.737500011920929, 1.6825000047683716, -0.8350197076797485, -0.9875262379646301, 1.6825000047683716, -1.118355631828308, -1.356740117073059, 1.5575000047683716] applied=[-0.13124999403953552, -0.737500011920929, 1.5575000047683716, 0.06875000149011612, -0.737500011920929, 1.6825000047683716, -0.8350197076797485, -0.9875262379646301, 1.6825000047683716, -1.118355631828308, -1.356740117073059, 1.5575000047683716] current=[-0.31843242049217224, -0.7929455637931824, 1.7548766136169434, 0.11212240159511566, -0.5291544198989868, 1.8340145349502563, -0.07093173265457153, -0.8137723207473755, 1.6578561067581177, -0.9633946418762207, -1.5198166370391846, 2.0491294860839844]
[DIAG_INFER] step=471 policy_action_max=8.023782 applied_action_max=0.250000 obs_max=9.271140 history_nonzero_rows=15 position_clip=0 torque_clip=3 action=[-6.813034534454346, 0.22161999344825745, -4.1948747634887695, -8.023781776428223, -0.9078654050827026, 2.408111095428467, 2.474858522415161, -5.1279401779174805, 5.435457229614258, -1.820701241493225, -0.39054176211357117, -1.1745911836624146]
[DIAG_TARGET] step=471 target_error=0.000000000 default=[0.0, -0.7853981852531433, 1.8654682636260986, 0.0, -0.7853981852531433, 1.8654682636260986, 0.0, -0.7853981852531433, 1.8654682636260986, 0.0, -0.7853981852531433, 1.8654682636260986] desired=[-0.13124999403953552, -0.7445949912071228, 1.5575000047683716, 0.06875000149011612, -0.862500011920929, 1.6825000047683716, -0.22954124212265015, -0.862500011920929, 1.6825000047683716, -0.5539766550064087, -2.351573944091797, 1.5575000047683716] applied=[-0.13124999403953552, -0.7445949912071228, 1.5575000047683716, 0.06875000149011612, -0.862500011920929, 1.6825000047683716, -0.22954124212265015, -0.862500011920929, 1.6825000047683716, -0.5539766550064087, -2.351573944091797, 1.5575000047683716] current=[-0.3678394854068756, -0.8384064435958862, 1.7638797760009766, 0.11047368496656418, -0.6209654808044434, 1.7844722270965576, -0.34982484579086304, -0.8785661458969116, 1.6613414287567139, -1.1018401384353638, -1.4901759624481201, 1.7674401998519897]
[DIAG_INFER] step=481 policy_action_max=14.902131 applied_action_max=0.250000 obs_max=8.023782 history_nonzero_rows=15 position_clip=0 torque_clip=4 action=[13.975647926330566, 8.901398658752441, 9.603559494018555, 8.476028442382812, -4.179696559906006, -14.902131080627441, -2.644484281539917, -2.1941123008728027, -5.566792011260986, -2.456106424331665, -6.671058177947998, 12.440738677978516]
[DIAG_TARGET] step=481 target_error=0.000000000 default=[0.0, -0.7853981852531433, 1.8654682636260986, 0.0, -0.7853981852531433, 1.8654682636260986, 0.0, -0.7853981852531433, 1.8654682636260986, 0.0, -0.7853981852531433, 1.8654682636260986] desired=[-0.06875000149011612, -0.737500011920929, 1.6825000047683716, 0.13124999403953552, -0.862500011920929, 1.5575000047683716, -0.13124999403953552, -1.4114794731140137, 1.5575000047683716, 1.5, -1.8631391525268555, 1.1202162504196167] applied=[-0.06875000149011612, -0.737500011920929, 1.6825000047683716, 0.13124999403953552, -0.862500011920929, 1.5575000047683716, -0.13124999403953552, -1.4114794731140137, 1.5575000047683716, 1.5, -1.8631391525268555, 1.1202162504196167] current=[-0.2592618465423584, -0.880142331123352, 1.7287566661834717, 0.20573298633098602, -0.7218739986419678, 1.8094310760498047, -0.34459781646728516, -0.9127810001373291, 1.6680219173431396, -0.8024623990058899, -1.8017934560775757, 1.6436412334442139]
[DIAG_INFER] step=491 policy_action_max=9.943417 applied_action_max=0.250000 obs_max=14.902131 history_nonzero_rows=15 position_clip=0 torque_clip=4 action=[7.604699611663818, 0.5618417263031006, 4.560579776763916, -0.4885319173336029, 4.648467063903809, -2.4356577396392822, -9.943416595458984, -0.2808408737182617, -5.146124362945557, 2.3229095935821533, -2.2969906330108643, 8.63378620147705]
[DIAG_TARGET] step=491 target_error=0.000000000 default=[0.0, -0.7853981852531433, 1.8654682636260986, 0.0, -0.7853981852531433, 1.8654682636260986, 0.0, -0.7853981852531433, 1.8654682636260986, 0.0, -0.7853981852531433, 1.8654682636260986] desired=[-0.06875000149011612, -0.737500011920929, 1.6825000047683716, 0.06875000149011612, -0.737500011920929, 1.5575000047683716, 0.05598191171884537, -1.0930159091949463, 1.5575000047683716, 1.5, 1.8285338878631592, 1.6825000047683716] applied=[-0.06875000149011612, -0.737500011920929, 1.6825000047683716, 0.06875000149011612, -0.737500011920929, 1.5575000047683716, 0.05598191171884537, -1.0930159091949463, 1.5575000047683716, 1.5, 1.8285338878631592, 1.6825000047683716] current=[-0.14974719285964966, -0.8442625999450684, 1.6954816579818726, 0.343952476978302, -0.767813503742218, 1.846145749092102, -0.2385072261095047, -1.1086212396621704, 1.6168700456619263, 0.013126721605658531, -1.9283300638198853, 1.345470905303955]
[DIAG_INFER] step=501 policy_action_max=6.121536 applied_action_max=0.250000 obs_max=9.943417 history_nonzero_rows=15 position_clip=0 torque_clip=2 action=[6.028206825256348, 0.14397171139717102, 2.905639410018921, -2.9682867527008057, 1.687835454940796, 0.27931201457977295, -6.1215362548828125, -3.094108819961548, -4.181694030761719, -3.470818042755127, 0.6117408275604248, 2.485272169113159]
[DIAG_TARGET] step=501 target_error=0.000000000 default=[0.0, -0.7853981852531433, 1.8654682636260986, 0.0, -0.7853981852531433, 1.8654682636260986, 0.0, -0.7853981852531433, 1.8654682636260986, 0.0, -0.7853981852531433, 1.8654682636260986] desired=[-0.06875000149011612, -0.7640070915222168, 1.6825000047683716, 0.06875000149011612, -0.737500011920929, 1.6825000047683716, 0.6103114485740662, -0.862500011920929, 1.5575000047683716, 0.06875000149011612, 1.154662847518921, 1.6825000047683716] applied=[-0.06875000149011612, -0.7640070915222168, 1.6825000047683716, 0.06875000149011612, -0.737500011920929, 1.6825000047683716, 0.6103114485740662, -0.862500011920929, 1.5575000047683716, 0.06875000149011612, 1.154662847518921, 1.6825000047683716] current=[-0.14607639610767365, -0.7725864052772522, 1.6907403469085693, 0.36369678378105164, -0.7946696877479553, 1.8605929613113403, -0.12041068822145462, -1.1964855194091797, 1.5677835941314697, 0.7721050977706909, -1.42000412940979, 1.4407973289489746]
[DIAG_INFER] step=511 policy_action_max=4.767294 applied_action_max=0.250000 obs_max=6.121536 history_nonzero_rows=15 position_clip=0 torque_clip=1 action=[3.2707133293151855, 0.6125034093856812, 1.8746342658996582, -4.767293930053711, -1.2270265817642212, -0.9448854327201843, 3.4838039875030518, -4.196288108825684, -1.1462820768356323, 1.0592001676559448, -1.6355044841766357, 0.7643182873725891]
[DIAG_TARGET] step=511 target_error=0.000000000 default=[0.0, -0.7853981852531433, 1.8654682636260986, 0.0, -0.7853981852531433, 1.8654682636260986, 0.0, -0.7853981852531433, 1.8654682636260986, 0.0, -0.7853981852531433, 1.8654682636260986] desired=[-0.06875000149011612, -0.737500011920929, 1.6825000047683716, 0.06875000149011612, -0.862500011920929, 1.5575000047683716, -0.06875000149011612, -0.731611430644989, 1.5575000047683716, 0.13124999403953552, -0.862500011920929, 1.6825000047683716] applied=[-0.06875000149011612, -0.737500011920929, 1.6825000047683716, 0.06875000149011612, -0.862500011920929, 1.5575000047683716, -0.06875000149011612, -0.731611430644989, 1.5575000047683716, 0.13124999403953552, -0.862500011920929, 1.6825000047683716] current=[-0.18094128370285034, -0.7780468463897705, 1.7264758348464966, 0.2906583845615387, -0.7646707892417908, 1.8624358177185059, -0.07428351789712906, -1.296857476234436, 1.668389081954956, 0.6318769454956055, -0.6483502388000488, 1.5434035062789917]
[DIAG_INFER] step=521 policy_action_max=6.549629 applied_action_max=0.250000 obs_max=4.767294 history_nonzero_rows=15 position_clip=0 torque_clip=0 action=[0.2594955563545227, 0.9470630884170532, -0.27963387966156006, -6.549628734588623, 1.459439754486084, 2.528186559677124, 6.227093696594238, -4.983893871307373, 3.0111844539642334, -1.1455249786376953, -1.7374117374420166, -0.027289658784866333]
[DIAG_TARGET] step=521 target_error=0.000000000 default=[0.0, -0.7853981852531433, 1.8654682636260986, 0.0, -0.7853981852531433, 1.8654682636260986, 0.0, -0.7853981852531433, 1.8654682636260986, 0.0, -0.7853981852531433, 1.8654682636260986] desired=[-0.06875000149011612, -0.737500011920929, 1.5575000047683716, 0.06875000149011612, -0.737500011920929, 1.6825000047683716, -0.06875000149011612, -0.862500011920929, 1.6825000047683716, 0.06875000149011612, -0.862500011920929, 1.6131775379180908] applied=[-0.06875000149011612, -0.737500011920929, 1.5575000047683716, 0.06875000149011612, -0.737500011920929, 1.6825000047683716, -0.06875000149011612, -0.862500011920929, 1.6825000047683716, 0.06875000149011612, -0.862500011920929, 1.6131775379180908] current=[-0.20597845315933228, -0.7925172448158264, 1.7402111291885376, 0.26367488503456116, -0.7389256358146667, 1.8644294738769531, -0.04408133402466774, -1.3601129055023193, 1.7393481731414795, 0.4197540581226349, -0.47412583231925964, 1.7148090600967407]
[DIAG_INFER] step=531 policy_action_max=7.906781 applied_action_max=0.250000 obs_max=6.549629 history_nonzero_rows=15 position_clip=0 torque_clip=1 action=[-2.4202182292938232, 3.5031018257141113, 0.2928817570209503, -4.847151756286621, 1.6055104732513428, 0.6306281089782715, 5.330733776092529, -6.503759860992432, 2.9264185428619385, -7.906781196594238, -1.7537277936935425, -1.1983404159545898]
[DIAG_TARGET] step=531 target_error=0.000000000 default=[0.0, -0.7853981852531433, 1.8654682636260986, 0.0, -0.7853981852531433, 1.8654682636260986, 0.0, -0.7853981852531433, 1.8654682636260986, 0.0, -0.7853981852531433, 1.8654682636260986] desired=[-0.13124999403953552, -0.737500011920929, 1.6825000047683716, 0.06875000149011612, -0.737500011920929, 1.6825000047683716, -0.06875000149011612, -0.862500011920929, 1.6825000047683716, -0.45355314016342163, -0.862500011920929, 1.5575000047683716] applied=[-0.13124999403953552, -0.737500011920929, 1.6825000047683716, 0.06875000149011612, -0.737500011920929, 1.6825000047683716, -0.06875000149011612, -0.862500011920929, 1.6825000047683716, -0.45355314016342163, -0.862500011920929, 1.5575000047683716] current=[-0.2312748283147812, -0.7926555275917053, 1.7562750577926636, 0.2391529679298401, -0.7176129221916199, 1.8542132377624512, -0.05356903746724129, -1.3879610300064087, 1.7852020263671875, 0.3319455683231354, -0.5425484776496887, 1.803431749343872]
[DIAG_INFER] step=541 policy_action_max=14.009680 applied_action_max=0.250000 obs_max=7.906781 history_nonzero_rows=15 position_clip=0 torque_clip=3 action=[-4.089091777801514, 2.550823926925659, 3.0109002590179443, -7.934520244598389, 3.437678098678589, -0.7227176427841187, 0.06519800424575806, -12.077329635620117, 2.986029624938965, -14.009679794311523, -1.89536714553833, -2.915130615234375]
[DIAG_TARGET] step=541 target_error=0.000000000 default=[0.0, -0.7853981852531433, 1.8654682636260986, 0.0, -0.7853981852531433, 1.8654682636260986, 0.0, -0.7853981852531433, 1.8654682636260986, 0.0, -0.7853981852531433, 1.8654682636260986] desired=[-0.13124999403953552, -0.737500011920929, 1.6825000047683716, 0.06875000149011612, -0.737500011920929, 1.5575000047683716, -0.09185025095939636, -0.862500011920929, 1.6825000047683716, -1.5, -0.5495742559432983, 2.1982321739196777] applied=[-0.13124999403953552, -0.737500011920929, 1.6825000047683716, 0.06875000149011612, -0.737500011920929, 1.5575000047683716, -0.09185025095939636, -0.862500011920929, 1.6825000047683716, -1.5, -0.5495742559432983, 2.1982321739196777] current=[-0.30737417936325073, -0.7785243988037109, 1.7881966829299927, 0.1664794385433197, -0.6851653456687927, 1.8224785327911377, -0.14177902042865753, -1.3785734176635742, 1.8116497993469238, 0.1315467208623886, -0.5824987292289734, 1.8747763633728027]
[DIAG_INFER] step=551 policy_action_max=10.732948 applied_action_max=0.250000 obs_max=14.009680 history_nonzero_rows=15 position_clip=0 torque_clip=3 action=[7.9683685302734375, 6.658942699432373, 2.4987094402313232, -10.732948303222656, 4.6793904304504395, -3.170483350753784, 0.495819628238678, -9.645849227905273, -2.0580244064331055, -8.623446464538574, -3.5131759643554688, 2.9737701416015625]
[DIAG_TARGET] step=551 target_error=0.000000000 default=[0.0, -0.7853981852531433, 1.8654682636260986, 0.0, -0.7853981852531433, 1.8654682636260986, 0.0, -0.7853981852531433, 1.8654682636260986, 0.0, -0.7853981852531433, 1.8654682636260986] desired=[-0.06875000149011612, -0.737500011920929, 1.6825000047683716, 0.06875000149011612, -0.737500011920929, 1.5575000047683716, -0.5745800733566284, -0.862500011920929, 1.5575000047683716, 0.06875000149011612, 1.4848833084106445, 2.001528263092041] applied=[-0.06875000149011612, -0.737500011920929, 1.6825000047683716, 0.06875000149011612, -0.737500011920929, 1.5575000047683716, -0.5745800733566284, -0.862500011920929, 1.5575000047683716, 0.06875000149011612, 1.4848833084106445, 2.001528263092041] current=[-0.3722411096096039, -0.7321458458900452, 1.8288416862487793, 0.11501692235469818, -0.6498401761054993, 1.777033805847168, -0.2679443359375, -1.2967138290405273, 1.790588140487671, -0.5703180432319641, -0.5599308013916016, 2.0223450660705566]
[DIAG_INFER] step=561 policy_action_max=21.820055 applied_action_max=0.250000 obs_max=10.732948 history_nonzero_rows=15 position_clip=0 torque_clip=3 action=[12.93785285949707, 7.999634265899658, 15.252180099487305, 8.431644439697266, 6.608060836791992, -10.465131759643555, -8.658738136291504, 2.4268147945404053, -13.236400604248047, -9.79733657836914, -16.80104637145996, 21.82005500793457]
[DIAG_TARGET] step=561 target_error=0.000000000 default=[0.0, -0.7853981852531433, 1.8654682636260986, 0.0, -0.7853981852531433, 1.8654682636260986, 0.0, -0.7853981852531433, 1.8654682636260986, 0.0, -0.7853981852531433, 1.8654682636260986] desired=[-0.06875000149011612, -0.737500011920929, 1.6825000047683716, 0.13124999403953552, -0.737500011920929, 1.5575000047683716, -0.13124999403953552, 0.17802423238754272, 1.5575000047683716, 1.5, 0.821479856967926, 1.6825000047683716] applied=[-0.06875000149011612, -0.737500011920929, 1.6825000047683716, 0.13124999403953552, -0.737500011920929, 1.5575000047683716, -0.13124999403953552, 0.17802423238754272, 1.5575000047683716, 1.5, 0.821479856967926, 1.6825000047683716] current=[-0.22242417931556702, -0.6682683229446411, 1.8327763080596924, 0.2709232270717621, -0.6342805027961731, 1.7970079183578491, -0.3457688093185425, -1.0987298488616943, 1.662459135055542, -0.5579731464385986, 0.1338188350200653, 1.914538025856018]
[DIAG_INFER] step=571 policy_action_max=12.468998 applied_action_max=0.250000 obs_max=21.820055 history_nonzero_rows=15 position_clip=0 torque_clip=5 action=[7.8512678146362305, -0.7930573225021362, 4.189955234527588, -6.734869480133057, -3.0923469066619873, -3.3042612075805664, -8.3397798538208, -2.4497132301330566, -12.468997955322266, 0.11217991262674332, -6.600119590759277, 3.509307622909546]
[DIAG_TARGET] step=571 target_error=0.000000000 default=[0.0, -0.7853981852531433, 1.8654682636260986, 0.0, -0.7853981852531433, 1.8654682636260986, 0.0, -0.7853981852531433, 1.8654682636260986, 0.0, -0.7853981852531433, 1.8654682636260986] desired=[-0.06875000149011612, -0.862500011920929, 1.6825000047683716, 0.06875000149011612, -0.720216691493988, 1.5575000047683716, 0.2575412690639496, 0.07352960109710693, 1.5575000047683716, 0.11402249336242676, -1.0330976247787476, -0.228118896484375] applied=[-0.06875000149011612, -0.862500011920929, 1.6825000047683716, 0.06875000149011612, -0.720216691493988, 1.5575000047683716, 0.2575412690639496, 0.07352960109710693, 1.5575000047683716, 0.11402249336242676, -1.0330976247787476, -0.228118896484375] current=[-0.08975207060575485, -0.6546379923820496, 1.7796130180358887, 0.49020805954933167, -0.6300621628761292, 1.842206597328186, -0.2928711175918579, -0.54155033826828, 1.5534547567367554, 0.2059716433286667, 0.6378660202026367, 1.7243554592132568]
[DIAG_INFER] step=581 policy_action_max=8.164496 applied_action_max=0.250000 obs_max=12.468998 history_nonzero_rows=15 position_clip=0 torque_clip=4 action=[-1.5710488557815552, -1.9048923254013062, -0.46522778272628784, -8.164496421813965, 1.3240914344787598, -0.8263118267059326, -0.5267347693443298, -4.215646266937256, 5.587174892425537, -3.3800902366638184, 0.11735799908638, -1.9799038171768188]
[DIAG_TARGET] step=581 target_error=0.000000000 default=[0.0, -0.7853981852531433, 1.8654682636260986, 0.0, -0.7853981852531433, 1.8654682636260986, 0.0, -0.7853981852531433, 1.8654682636260986, 0.0, -0.7853981852531433, 1.8654682636260986] desired=[-0.13124999403953552, -0.862500011920929, 1.5575000047683716, 0.06875000149011612, -0.5699067115783691, 1.5575000047683716, -0.13124999403953552, -0.862500011920929, 1.6825000047683716, -1.5, -3.0826995372772217, 2.700000047683716] applied=[-0.13124999403953552, -0.862500011920929, 1.5575000047683716, 0.06875000149011612, -0.5699067115783691, 1.5575000047683716, -0.13124999403953552, -0.862500011920929, 1.6825000047683716, -1.5, -3.0826995372772217, 2.700000047683716] current=[-0.1771002560853958, -0.7299624085426331, 1.791931390762329, 0.4439587891101837, -0.6151881217956543, 1.8234760761260986, -0.15347909927368164, -0.07681308686733246, 1.5656718015670776, 0.32285088300704956, 0.38233697414398193, 1.258767008781433]
[DIAG_INFER] step=591 policy_action_max=22.923332 applied_action_max=0.250000 obs_max=11.756289 history_nonzero_rows=15 position_clip=0 torque_clip=4 action=[-18.54155921936035, 7.543208122253418, 3.428434133529663, -19.00748634338379, 3.8424229621887207, -3.0691111087799072, -6.706939220428467, -22.488161087036133, 5.304497241973877, -22.92333221435547, -2.1309800148010254, -5.496957302093506]
[DIAG_TARGET] step=591 target_error=0.000000000 default=[0.0, -0.7853981852531433, 1.8654682636260986, 0.0, -0.7853981852531433, 1.8654682636260986, 0.0, -0.7853981852531433, 1.8654682636260986, 0.0, -0.7853981852531433, 1.8654682636260986] desired=[-0.13124999403953552, -0.737500011920929, 1.6825000047683716, 0.06875000149011612, -0.737500011920929, 1.5575000047683716, -0.2704753279685974, -0.862500011920929, 1.6825000047683716, -1.5, -1.120807409286499, 2.4131219387054443] applied=[-0.13124999403953552, -0.737500011920929, 1.6825000047683716, 0.06875000149011612, -0.737500011920929, 1.5575000047683716, -0.2704753279685974, -0.862500011920929, 1.6825000047683716, -1.5, -1.120807409286499, 2.4131219387054443] current=[-0.414074182510376, -0.7557190656661987, 1.8415520191192627, 0.21037989854812622, -0.5940001010894775, 1.724256157875061, -0.16742081940174103, -0.22488445043563843, 1.744663119316101, -0.33348527550697327, -0.2620084285736084, 1.79146409034729]
[DIAG_INFER] step=601 policy_action_max=13.849204 applied_action_max=0.250000 obs_max=22.923332 history_nonzero_rows=15 position_clip=0 torque_clip=2 action=[4.14502477645874, 7.9088335037231445, 0.4369887411594391, -13.849204063415527, 5.57130241394043, 0.3477295935153961, 1.7769949436187744, -9.469488143920898, -2.2606542110443115, 6.1376495361328125, -1.93015456199646, 2.869649887084961]
[DIAG_TARGET] step=601 target_error=0.000000000 default=[0.0, -0.7853981852531433, 1.8654682636260986, 0.0, -0.7853981852531433, 1.8654682636260986, 0.0, -0.7853981852531433, 1.8654682636260986, 0.0, -0.7853981852531433, 1.8654682636260986] desired=[-0.06875000149011612, -0.737500011920929, 1.6825000047683716, 0.06875000149011612, -0.737500011920929, 1.6825000047683716, -0.850527286529541, -0.862500011920929, 1.5575000047683716, 0.40582042932510376, -0.862500011920929, 1.6825000047683716] applied=[-0.06875000149011612, -0.737500011920929, 1.6825000047683716, 0.06875000149011612, -0.737500011920929, 1.6825000047683716, -0.850527286529541, -0.862500011920929, 1.5575000047683716, 0.40582042932510376, -0.862500011920929, 1.6825000047683716] current=[-0.4783559739589691, -0.7668157815933228, 1.8717312812805176, 0.16750752925872803, -0.6500932574272156, 1.6389151811599731, -0.2319663166999817, -0.37360116839408875, 1.9069827795028687, -1.0306715965270996, -0.8121967315673828, 2.067779541015625]
[DIAG_INFER] step=611 policy_action_max=22.786957 applied_action_max=0.250000 obs_max=13.849204 history_nonzero_rows=15 position_clip=0 torque_clip=2 action=[15.736830711364746, 9.63713550567627, 15.11064624786377, 11.277661323547363, 0.48608386516571045, -12.972052574157715, -8.9990816116333, 5.174166202545166, -11.602316856384277, -3.8031280040740967, -14.91203498840332, 22.786956787109375]
[DIAG_TARGET] step=611 target_error=0.000000000 default=[0.0, -0.7853981852531433, 1.8654682636260986, 0.0, -0.7853981852531433, 1.8654682636260986, 0.0, -0.7853981852531433, 1.8654682636260986, 0.0, -0.7853981852531433, 1.8654682636260986] desired=[-0.06875000149011612, -0.737500011920929, 1.6825000047683716, 0.13124999403953552, -0.737500011920929, 1.5575000047683716, -0.13124999403953552, -0.737500011920929, 1.5575000047683716, 1.5, -0.862500011920929, 0.840709924697876] applied=[-0.06875000149011612, -0.737500011920929, 1.6825000047683716, 0.13124999403953552, -0.737500011920929, 1.5575000047683716, -0.13124999403953552, -0.737500011920929, 1.5575000047683716, 1.5, -0.862500011920929, 0.840709924697876] current=[-0.3632010817527771, -0.770178496837616, 1.847267746925354, 0.21525289118289948, -0.7240976095199585, 1.6741377115249634, -0.3691290020942688, -0.47036370635032654, 1.8759198188781738, -0.9902780652046204, -0.9251177906990051, 1.9390276670455933]
[DIAG_INFER] step=621 policy_action_max=17.167774 applied_action_max=0.250000 obs_max=22.786957 history_nonzero_rows=15 position_clip=0 torque_clip=3 action=[10.858806610107422, 3.1912264823913574, 3.4176993370056152, 5.376408576965332, -0.25527822971343994, -8.35003662109375, -11.391363143920898, 4.045219898223877, -17.167774200439453, 9.612069129943848, -12.375129699707031, 15.525625228881836]
[DIAG_TARGET] step=621 target_error=0.000000000 default=[0.0, -0.7853981852531433, 1.8654682636260986, 0.0, -0.7853981852531433, 1.8654682636260986, 0.0, -0.7853981852531433, 1.8654682636260986, 0.0, -0.7853981852531433, 1.8654682636260986] desired=[-0.06875000149011612, -0.737500011920929, 1.6825000047683716, 0.13124999403953552, -0.862500011920929, 1.5575000047683716, -0.13124999403953552, -0.737500011920929, 1.5575000047683716, 1.5, 0.12904220819473267, -0.9290721416473389] applied=[-0.06875000149011612, -0.737500011920929, 1.6825000047683716, 0.13124999403953552, -0.862500011920929, 1.5575000047683716, -0.13124999403953552, -0.737500011920929, 1.5575000047683716, 1.5, 0.12904220819473267, -0.9290721416473389] current=[-0.15753857791423798, -0.7363227009773254, 1.7656737565994263, 0.4100971817970276, -0.7453467845916748, 1.7049689292907715, -0.27889084815979004, -0.5307323336601257, 1.7853647470474243, -0.837550163269043, -0.9487171173095703, 1.9932738542556763]
[DIAG_INFER] step=631 policy_action_max=7.830636 applied_action_max=0.250000 obs_max=17.167774 history_nonzero_rows=15 position_clip=0 torque_clip=3 action=[6.625338554382324, -0.6948100328445435, 1.6734344959259033, -2.3250620365142822, 1.1179685592651367, -0.6864912509918213, -7.830636024475098, 1.6949928998947144, -6.728360176086426, 4.334597587585449, -3.7791361808776855, 5.405110836029053]
[DIAG_TARGET] step=631 target_error=0.000000000 default=[0.0, -0.7853981852531433, 1.8654682636260986, 0.0, -0.7853981852531433, 1.8654682636260986, 0.0, -0.7853981852531433, 1.8654682636260986, 0.0, -0.7853981852531433, 1.8654682636260986] desired=[-0.06875000149011612, -0.862500011920929, 1.6825000047683716, 0.06875000149011612, -0.737500011920929, 1.5575000047683716, -0.13124999403953552, -0.737500011920929, 1.5575000047683716, 0.426238477230072, -0.4979283809661865, 1.6590169668197632] applied=[-0.06875000149011612, -0.862500011920929, 1.6825000047683716, 0.06875000149011612, -0.737500011920929, 1.5575000047683716, -0.13124999403953552, -0.737500011920929, 1.5575000047683716, 0.426238477230072, -0.4979283809661865, 1.6590169668197632] current=[-0.08878859877586365, -0.706627368927002, 1.7193748950958252, 0.49038299918174744, -0.7516518235206604, 1.7443393468856812, -0.18153050541877747, -0.5692837834358215, 1.6881881952285767, -0.7099471688270569, -0.8793940544128418, 1.936661958694458]
[DIAG_INFER] step=641 policy_action_max=7.517376 applied_action_max=0.250000 obs_max=7.830636 history_nonzero_rows=15 position_clip=0 torque_clip=2 action=[4.7602057456970215, 2.517812728881836, 3.3577048778533936, -7.517375946044922, -3.038877248764038, -2.165576696395874, -5.56957483291626, -2.901655673980713, -2.7938954830169678, 5.247097969055176, -3.1571953296661377, 2.125046730041504]
[DIAG_TARGET] step=641 target_error=0.000000000 default=[0.0, -0.7853981852531433, 1.8654682636260986, 0.0, -0.7853981852531433, 1.8654682636260986, 0.0, -0.7853981852531433, 1.8654682636260986, 0.0, -0.7853981852531433, 1.8654682636260986] desired=[-0.06875000149011612, -0.737500011920929, 1.6825000047683716, 0.06875000149011612, -0.862500011920929, 1.5575000047683716, -0.13124999403953552, -0.862500011920929, 1.5575000047683716, 0.2957126498222351, -3.6803598403930664, 1.6825000047683716] applied=[-0.06875000149011612, -0.737500011920929, 1.6825000047683716, 0.06875000149011612, -0.862500011920929, 1.5575000047683716, -0.13124999403953552, -0.862500011920929, 1.5575000047683716, 0.2957126498222351, -3.6803598403930664, 1.6825000047683716] current=[-0.05619996041059494, -0.758191704750061, 1.6989706754684448, 0.5282928943634033, -0.7154719829559326, 1.7741339206695557, -0.10535728186368942, -0.6543568968772888, 1.6108784675598145, -0.582988977432251, -0.774449348449707, 1.8345482349395752]
[DIAG_INFER] step=651 policy_action_max=7.720896 applied_action_max=0.250000 obs_max=7.517376 history_nonzero_rows=15 position_clip=0 torque_clip=1 action=[3.9061431884765625, -0.6961812973022461, 1.4170317649841309, -3.8304402828216553, 3.465348482131958, -1.2213507890701294, -7.720896244049072, 1.667153239250183, -3.3613290786743164, 3.4333441257476807, -2.2961206436157227, 1.981418251991272]
[DIAG_TARGET] step=651 target_error=0.000000000 default=[0.0, -0.7853981852531433, 1.8654682636260986, 0.0, -0.7853981852531433, 1.8654682636260986, 0.0, -0.7853981852531433, 1.8654682636260986, 0.0, -0.7853981852531433, 1.8654682636260986] desired=[-0.06875000149011612, -0.862500011920929, 1.6825000047683716, 0.06875000149011612, -0.737500011920929, 1.5575000047683716, -0.13124999403953552, -1.1998218297958374, 1.5575000047683716, 0.13124999403953552, -0.862500011920929, 1.6825000047683716] applied=[-0.06875000149011612, -0.862500011920929, 1.6825000047683716, 0.06875000149011612, -0.737500011920929, 1.5575000047683716, -0.13124999403953552, -1.1998218297958374, 1.5575000047683716, 0.13124999403953552, -0.862500011920929, 1.6825000047683716] current=[-0.05405518412590027, -0.7902935147285461, 1.6806601285934448, 0.5186604857444763, -0.7047405242919922, 1.8214023113250732, -0.10405690222978592, -0.7913209795951843, 1.5774338245391846, -0.33644720911979675, -1.1958274841308594, 1.875088095664978]
[DIAG_INFER] step=661 policy_action_max=8.952982 applied_action_max=0.250000 obs_max=7.720896 history_nonzero_rows=15 position_clip=0 torque_clip=2 action=[4.484893321990967, 0.9582420587539673, 0.5951954126358032, -8.952981948852539, -0.7395442128181458, 2.5985119342803955, -7.340902805328369, -5.674116611480713, -1.2036476135253906, -4.802868843078613, -1.0557433366775513, -0.5125950574874878]
[DIAG_TARGET] step=661 target_error=0.000000000 default=[0.0, -0.7853981852531433, 1.8654682636260986, 0.0, -0.7853981852531433, 1.8654682636260986, 0.0, -0.7853981852531433, 1.8654682636260986, 0.0, -0.7853981852531433, 1.8654682636260986] desired=[-0.06875000149011612, -0.737500011920929, 1.6825000047683716, 0.06875000149011612, -0.862500011920929, 1.6825000047683716, -0.13124999403953552, -0.862500011920929, 1.5575000047683716, -1.3943634033203125, -1.689077615737915, 1.5575000047683716] applied=[-0.06875000149011612, -0.737500011920929, 1.6825000047683716, 0.06875000149011612, -0.862500011920929, 1.6825000047683716, -0.13124999403953552, -0.862500011920929, 1.5575000047683716, -1.3943634033203125, -1.689077615737915, 1.5575000047683716] current=[-0.11554384231567383, -0.8214573860168457, 1.6856319904327393, 0.42331135272979736, -0.6593116521835327, 1.8234599828720093, -0.16383415460586548, -0.9978960156440735, 1.5650149583816528, -0.12767952680587769, -1.3196336030960083, 1.7823240756988525]
[DIAG_INFER] step=671 policy_action_max=10.191176 applied_action_max=0.250000 obs_max=8.952982 history_nonzero_rows=15 position_clip=0 torque_clip=3 action=[2.428952932357788, -2.010242462158203, 0.5225968360900879, -0.028671951964497566, 3.325352668762207, -1.5528303384780884, -8.111929893493652, 4.044975757598877, -6.146406173706055, 0.7662619352340698, -4.059182643890381, 10.191176414489746]
[DIAG_TARGET] step=671 target_error=0.000000000 default=[0.0, -0.7853981852531433, 1.8654682636260986, 0.0, -0.7853981852531433, 1.8654682636260986, 0.0, -0.7853981852531433, 1.8654682636260986, 0.0, -0.7853981852531433, 1.8654682636260986] desired=[-0.06875000149011612, -0.862500011920929, 1.6825000047683716, 0.09641600400209427, -0.737500011920929, 1.5575000047683716, -0.6379055380821228, -0.737500011920929, 1.5575000047683716, 1.5, 0.6155923008918762, 1.6825000047683716] applied=[-0.06875000149011612, -0.862500011920929, 1.6825000047683716, 0.09641600400209427, -0.737500011920929, 1.5575000047683716, -0.6379055380821228, -0.737500011920929, 1.5575000047683716, 1.5, 0.6155923008918762, 1.6825000047683716] current=[-0.13455982506275177, -0.7976231575012207, 1.6823623180389404, 0.23669953644275665, -0.6869908571243286, 1.806514859199524, -0.1909904032945633, -1.0179250240325928, 1.541724681854248, -0.7580308318138123, -1.4332283735275269, 1.6557317972183228]
[DIAG_INFER] step=681 policy_action_max=6.996852 applied_action_max=0.250000 obs_max=10.191176 history_nonzero_rows=15 position_clip=0 torque_clip=0 action=[0.2798383831977844, -1.0311951637268066, -0.11955028772354126, -6.996852397918701, 0.2556173801422119, -1.0085513591766357, -5.0387725830078125, -4.231525897979736, -1.946314811706543, 5.3577775955200195, 1.096442461013794, 2.122457265853882]
[DIAG_TARGET] step=681 target_error=0.000000000 default=[0.0, -0.7853981852531433, 1.8654682636260986, 0.0, -0.7853981852531433, 1.8654682636260986, 0.0, -0.7853981852531433, 1.8654682636260986, 0.0, -0.7853981852531433, 1.8654682636260986] desired=[-0.06875000149011612, -0.862500011920929, 1.5901124477386475, 0.06875000149011612, -0.737500011920929, 1.5575000047683716, -0.13124999403953552, -0.862500011920929, 1.5575000047683716, 0.13124999403953552, -0.737500011920929, 1.6825000047683716] applied=[-0.06875000149011612, -0.862500011920929, 1.5901124477386475, 0.06875000149011612, -0.737500011920929, 1.5575000047683716, -0.13124999403953552, -0.862500011920929, 1.5575000047683716, 0.13124999403953552, -0.737500011920929, 1.6825000047683716] current=[-0.04986228048801422, -0.8027188181877136, 1.679909586906433, 0.2126878798007965, -0.647932767868042, 1.7989025115966797, -0.31724584102630615, -0.8771220445632935, 1.537079095840454, -0.366881400346756, -0.9429975152015686, 1.5672951936721802]
[DIAG_INFER] step=691 policy_action_max=5.766214 applied_action_max=0.250000 obs_max=6.996852 history_nonzero_rows=15 position_clip=0 torque_clip=2 action=[-2.620927572250366, 1.0380520820617676, -4.410642147064209, -5.766214370727539, 0.33480608463287354, 0.9687865972518921, -0.5725002884864807, -2.9458436965942383, 0.9443728923797607, 3.927335500717163, 0.9062356948852539, -2.483922004699707]
[DIAG_TARGET] step=691 target_error=0.000000000 default=[0.0, -0.7853981852531433, 1.8654682636260986, 0.0, -0.7853981852531433, 1.8654682636260986, 0.0, -0.7853981852531433, 1.8654682636260986, 0.0, -0.7853981852531433, 1.8654682636260986] desired=[-0.13124999403953552, -0.737500011920929, 1.5575000047683716, 0.06875000149011612, -0.737500011920929, 1.6825000047683716, -0.13124999403953552, -0.862500011920929, 1.6825000047683716, 0.13124999403953552, -1.466007947921753, 1.240186095237732] applied=[-0.13124999403953552, -0.737500011920929, 1.5575000047683716, 0.06875000149011612, -0.737500011920929, 1.6825000047683716, -0.13124999403953552, -0.862500011920929, 1.6825000047683716, 0.13124999403953552, -1.466007947921753, 1.240186095237732] current=[-0.014780336990952492, -0.8250903487205505, 1.6247689723968506, 0.20939849317073822, -0.5801433324813843, 1.8103703260421753, -0.2871440649032593, -0.8184751868247986, 1.5656930208206177, -0.18437914550304413, -0.8192837834358215, 1.6314030885696411]
[DIAG_INFER] step=701 policy_action_max=11.698396 applied_action_max=0.250000 obs_max=5.766214 history_nonzero_rows=15 position_clip=0 torque_clip=2 action=[-1.5245579481124878, 2.2293407917022705, -1.0815708637237549, -1.9353500604629517, 0.5277584791183472, -0.7556493282318115, -1.3550384044647217, -7.153217792510986, -1.77384352684021, -11.698395729064941, 1.6708135604858398, -4.253584861755371]
[DIAG_TARGET] step=701 target_error=0.000000000 default=[0.0, -0.7853981852531433, 1.8654682636260986, 0.0, -0.7853981852531433, 1.8654682636260986, 0.0, -0.7853981852531433, 1.8654682636260986, 0.0, -0.7853981852531433, 1.8654682636260986] desired=[-0.13124999403953552, -0.737500011920929, 1.5575000047683716, 0.06875000149011612, -0.737500011920929, 1.5575000047683716, -0.13124999403953552, -0.862500011920929, 1.5575000047683716, -1.5, 0.12003308534622192, 1.5575000047683716] applied=[-0.13124999403953552, -0.737500011920929, 1.5575000047683716, 0.06875000149011612, -0.737500011920929, 1.5575000047683716, -0.13124999403953552, -0.862500011920929, 1.5575000047683716, -1.5, 0.12003308534622192, 1.5575000047683716] current=[-0.06627608835697174, -0.8046045899391174, 1.5797253847122192, 0.1658022403717041, -0.5666120648384094, 1.8424063920974731, -0.20699916779994965, -0.8379272818565369, 1.629108190536499, -0.08092550188302994, -0.9866979122161865, 1.499192714691162]
[DIAG_INFER] step=711 policy_action_max=12.941014 applied_action_max=0.250000 obs_max=11.698396 history_nonzero_rows=15 position_clip=0 torque_clip=3 action=[3.8694846630096436, -1.5456069707870483, 2.100271701812744, -8.852229118347168, 4.309820652008057, 0.14354956150054932, -12.941014289855957, -4.969845294952393, -7.287718772888184, -7.673734188079834, -1.4434555768966675, -1.0414217710494995]
[DIAG_TARGET] step=711 target_error=0.000000000 default=[0.0, -0.7853981852531433, 1.8654682636260986, 0.0, -0.7853981852531433, 1.8654682636260986, 0.0, -0.7853981852531433, 1.8654682636260986, 0.0, -0.7853981852531433, 1.8654682636260986] desired=[-0.06875000149011612, -0.862500011920929, 1.6825000047683716, 0.06875000149011612, -0.737500011920929, 1.6558873653411865, -0.4500904083251953, -0.862500011920929, 1.5575000047683716, -1.1369136571884155, 0.5606959462165833, 1.5575000047683716] applied=[-0.06875000149011612, -0.862500011920929, 1.6825000047683716, 0.06875000149011612, -0.737500011920929, 1.6558873653411865, -0.4500904083251953, -0.862500011920929, 1.5575000047683716, -1.1369136571884155, 0.5606959462165833, 1.5575000047683716] current=[-0.18525095283985138, -0.760711669921875, 1.5778512954711914, 0.03773963078856468, -0.5304440855979919, 1.8276132345199585, -0.21392948925495148, -0.8333511352539062, 1.590247392654419, -0.6006954908370972, -0.754497766494751, 1.4471831321716309]
[DIAG_INFER] step=721 policy_action_max=19.591146 applied_action_max=0.250000 obs_max=12.941014 history_nonzero_rows=15 position_clip=0 torque_clip=5 action=[-0.07762758433818817, -0.14831915497779846, -0.6589174270629883, -19.59114646911621, 4.943400859832764, 0.4822201132774353, 5.009036540985107, -14.485823631286621, 10.189456939697266, 12.328888893127441, -10.046863555908203, 4.405757427215576]
[DIAG_TARGET] step=721 target_error=0.000000030 default=[0.0, -0.7853981852531433, 1.8654682636260986, 0.0, -0.7853981852531433, 1.8654682636260986, 0.0, -0.7853981852531433, 1.8654682636260986, 0.0, -0.7853981852531433, 1.8654682636260986] desired=[-0.10970345139503479, -0.8370798230171204, 1.5575000047683716, 0.06875000149011612, -0.737500011920929, 1.6825000047683716, -0.5135337114334106, -0.13778874278068542, 1.6825000047683716, 1.5, -2.791428327560425, 2.700000047683716] applied=[-0.10970345139503479, -0.8370798230171204, 1.5575000047683716, 0.06875000149011612, -0.737500011920929, 1.6825000047683716, -0.5135337114334106, -0.13778871297836304, 1.6825000047683716, 1.5, -2.791428327560425, 2.700000047683716] current=[-0.12388528883457184, -0.7885438203811646, 1.6508992910385132, 0.03286968916654587, -0.5613107085227966, 1.8359767198562622, -0.26865121722221375, -0.8368804454803467, 1.5690231323242188, -1.0213488340377808, -0.05093647912144661, 1.477283239364624]
[DIAG_INFER] step=731 policy_action_max=15.896048 applied_action_max=0.250000 obs_max=19.591146 history_nonzero_rows=15 position_clip=0 torque_clip=1 action=[15.896047592163086, 3.0937247276306152, 1.3101133108139038, -10.57033634185791, 3.050361156463623, -0.693740725517273, -5.586477756500244, -5.4865522384643555, -3.5140650272369385, 8.99543571472168, -2.031806468963623, -3.620123863220215]
[DIAG_TARGET] step=731 target_error=0.000000000 default=[0.0, -0.7853981852531433, 1.8654682636260986, 0.0, -0.7853981852531433, 1.8654682636260986, 0.0, -0.7853981852531433, 1.8654682636260986, 0.0, -0.7853981852531433, 1.8654682636260986] desired=[-0.06875000149011612, -0.737500011920929, 1.6825000047683716, 0.06875000149011612, -0.737500011920929, 1.5575000047683716, -0.13124999403953552, -0.862500011920929, 1.5575000047683716, 1.5, -0.862500011920929, 1.5575000047683716] applied=[-0.06875000149011612, -0.737500011920929, 1.6825000047683716, 0.06875000149011612, -0.737500011920929, 1.5575000047683716, -0.13124999403953552, -0.862500011920929, 1.5575000047683716, 1.5, -0.862500011920929, 1.5575000047683716] current=[-0.07031881809234619, -0.7890669107437134, 1.6854757070541382, 0.12335719913244247, -0.5917035341262817, 1.89348304271698, -0.3146801292896271, -0.5884149670600891, 1.597466230392456, -0.6956080794334412, -0.03361400589346886, 1.9790589809417725]
[DIAG_INFER] step=741 policy_action_max=5.859981 applied_action_max=0.250000 obs_max=15.896048 history_nonzero_rows=15 position_clip=0 torque_clip=2 action=[5.859980583190918, 1.290640950202942, 3.45031476020813, -3.782379388809204, 3.042344808578491, -0.9489504098892212, -2.6796581745147705, 1.672486424446106, -5.277255058288574, -1.8604763746261597, -2.941638946533203, 1.9009965658187866]
[DIAG_TARGET] step=741 target_error=0.000000000 default=[0.0, -0.7853981852531433, 1.8654682636260986, 0.0, -0.7853981852531433, 1.8654682636260986, 0.0, -0.7853981852531433, 1.8654682636260986, 0.0, -0.7853981852531433, 1.8654682636260986] desired=[-0.06875000149011612, -0.737500011920929, 1.6825000047683716, 0.06875000149011612, -0.737500011920929, 1.5575000047683716, 0.16715791821479797, -0.737500011920929, 1.5575000047683716, 0.06875000149011612, -0.4718360900878906, 1.6825000047683716] applied=[-0.06875000149011612, -0.737500011920929, 1.6825000047683716, 0.06875000149011612, -0.737500011920929, 1.5575000047683716, 0.16715791821479797, -0.737500011920929, 1.5575000047683716, 0.06875000149011612, -0.4718360900878906, 1.6825000047683716] current=[-0.03851912543177605, -0.7707259654998779, 1.6786155700683594, 0.21007730066776276, -0.603536069393158, 1.9700349569320679, -0.27776703238487244, -0.5754151940345764, 1.6049593687057495, 0.11674372106790543, -0.49436160922050476, 1.686669111251831]
[DIAG_INFER] step=751 policy_action_max=9.192408 applied_action_max=0.250000 obs_max=5.859981 history_nonzero_rows=15 position_clip=0 torque_clip=2 action=[9.16916275024414, -0.9360841512680054, 4.435166835784912, -4.886212348937988, 2.2287890911102295, 0.9571715593338013, -9.192407608032227, -1.252577304840088, -4.4495038986206055, -8.046818733215332, -4.08843994140625, 0.8369728326797485]
[DIAG_TARGET] step=751 target_error=0.000000000 default=[0.0, -0.7853981852531433, 1.8654682636260986, 0.0, -0.7853981852531433, 1.8654682636260986, 0.0, -0.7853981852531433, 1.8654682636260986, 0.0, -0.7853981852531433, 1.8654682636260986] desired=[-0.06875000149011612, -0.862500011920929, 1.6825000047683716, 0.06875000149011612, -0.737500011920929, 1.6825000047683716, -0.13124999403953552, -0.862500011920929, 1.5575000047683716, -1.5, -0.5951744318008423, 1.6825000047683716] applied=[-0.06875000149011612, -0.862500011920929, 1.6825000047683716, 0.06875000149011612, -0.737500011920929, 1.6825000047683716, -0.13124999403953552, -0.862500011920929, 1.5575000047683716, -1.5, -0.5951744318008423, 1.6825000047683716] current=[-0.12058394402265549, -0.7451618909835815, 1.6861263513565063, 0.1600726842880249, -0.6080547571182251, 2.005311965942383, -0.15895941853523254, -0.6759805679321289, 1.578640341758728, 0.3316716253757477, -0.6530005931854248, 1.6539407968521118]
[DIAG_INFER] step=761 policy_action_max=19.633652 applied_action_max=0.250000 obs_max=9.201537 history_nonzero_rows=15 position_clip=0 torque_clip=4 action=[-5.90351676940918, 2.05979323387146, 6.183457851409912, -19.497766494750977, 4.8752593994140625, -0.4637422561645508, -7.1462321281433105, -19.633651733398438, 6.416792869567871, -18.7442626953125, -4.32112979888916, -6.470593452453613]
[DIAG_TARGET] step=761 target_error=0.000000000 default=[0.0, -0.7853981852531433, 1.8654682636260986, 0.0, -0.7853981852531433, 1.8654682636260986, 0.0, -0.7853981852531433, 1.8654682636260986, 0.0, -0.7853981852531433, 1.8654682636260986] desired=[-0.13124999403953552, -0.737500011920929, 1.6825000047683716, 0.06875000149011612, -0.737500011920929, 1.5575000047683716, -0.33351466059684753, -0.862500011920929, 1.6825000047683716, -1.5, -1.3932998180389404, 2.700000047683716] applied=[-0.13124999403953552, -0.737500011920929, 1.6825000047683716, 0.06875000149011612, -0.737500011920929, 1.5575000047683716, -0.33351466059684753, -0.862500011920929, 1.6825000047683716, -1.5, -1.3932998180389404, 2.700000047683716] current=[-0.3141005337238312, -0.776829183101654, 1.7862696647644043, -0.015580303966999054, -0.6027663350105286, 1.9734456539154053, -0.14374607801437378, -0.7696304321289062, 1.5650218725204468, -0.3151244521141052, -0.6619768738746643, 1.7620389461517334]
[DIAG_INFER] step=771 policy_action_max=18.911110 applied_action_max=0.250000 obs_max=19.633652 history_nonzero_rows=15 position_clip=0 torque_clip=2 action=[-0.8735596537590027, 7.051000595092773, -2.2798993587493896, -18.911109924316406, 5.756597995758057, 3.7008965015411377, 5.134005069732666, -13.0155668258667, 2.162875175476074, 3.412184476852417, -2.645991086959839, 0.8170635104179382]
[DIAG_TARGET] step=771 target_error=0.000000000 default=[0.0, -0.7853981852531433, 1.8654682636260986, 0.0, -0.7853981852531433, 1.8654682636260986, 0.0, -0.7853981852531433, 1.8654682636260986, 0.0, -0.7853981852531433, 1.8654682636260986] desired=[-0.13124999403953552, -0.737500011920929, 1.5575000047683716, 0.06875000149011612, -0.737500011920929, 1.6825000047683716, -0.9169119596481323, -0.862500011920929, 1.6825000047683716, 0.13124999403953552, -0.862500011920929, 2.6717634201049805] applied=[-0.13124999403953552, -0.737500011920929, 1.5575000047683716, 0.06875000149011612, -0.737500011920929, 1.6825000047683716, -0.9169119596481323, -0.862500011920929, 1.6825000047683716, 0.13124999403953552, -0.862500011920929, 2.6717634201049805] current=[-0.39373788237571716, -0.7826629877090454, 1.850798487663269, 0.010960870422422886, -0.6269257068634033, 1.939395546913147, -0.2304573506116867, -0.8315460681915283, 1.6879078149795532, -1.0681101083755493, -0.927280843257904, 2.234649419784546]
[DIAG_INFER] step=781 policy_action_max=16.070215 applied_action_max=0.250000 obs_max=18.911110 history_nonzero_rows=15 position_clip=0 torque_clip=3 action=[16.070215225219727, 6.598479270935059, 7.23499870300293, -4.888060569763184, 1.4796818494796753, -5.770754337310791, -2.7148988246917725, -5.112485408782959, -2.688227653503418, 5.587699890136719, -5.679605484008789, 5.357098579406738]
[DIAG_TARGET] step=781 target_error=0.000000000 default=[0.0, -0.7853981852531433, 1.8654682636260986, 0.0, -0.7853981852531433, 1.8654682636260986, 0.0, -0.7853981852531433, 1.8654682636260986, 0.0, -0.7853981852531433, 1.8654682636260986] desired=[-0.06875000149011612, -0.737500011920929, 1.6825000047683716, 0.06733289361000061, -0.737500011920929, 1.5575000047683716, -0.13124999403953552, -0.862500011920929, 1.5575000047683716, 1.5, -1.0195006132125854, 1.6825000047683716] applied=[-0.06875000149011612, -0.737500011920929, 1.6825000047683716, 0.06733289361000061, -0.737500011920929, 1.5575000047683716, -0.13124999403953552, -0.862500011920929, 1.5575000047683716, 1.5, -1.0195006132125854, 1.6825000047683716] current=[-0.30818474292755127, -0.7957665920257568, 1.8723255395889282, 0.11326941847801208, -0.662888765335083, 1.9668225049972534, -0.4607750177383423, -0.8392053246498108, 1.6677979230880737, -0.753179132938385, -0.9207856059074402, 2.4140493869781494]
[DIAG_INFER] step=791 policy_action_max=16.737473 applied_action_max=0.250000 obs_max=16.070215 history_nonzero_rows=15 position_clip=0 torque_clip=4 action=[13.426949501037598, 7.419243335723877, 8.779814720153809, 7.808895587921143, 2.085327386856079, -11.177633285522461, -7.481544017791748, 2.8797366619110107, -12.973060607910156, -0.2887960970401764, -16.737472534179688, 16.726537704467773]
[DIAG_TARGET] step=791 target_error=0.000000000 default=[0.0, -0.7853981852531433, 1.8654682636260986, 0.0, -0.7853981852531433, 1.8654682636260986, 0.0, -0.7853981852531433, 1.8654682636260986, 0.0, -0.7853981852531433, 1.8654682636260986] desired=[-0.06875000149011612, -0.737500011920929, 1.6825000047683716, 0.13124999403953552, -0.737500011920929, 1.5575000047683716, 0.025690138339996338, -0.737500011920929, 1.5575000047683716, 1.5, -0.587244987487793, 0.060655832290649414] applied=[-0.06875000149011612, -0.737500011920929, 1.6825000047683716, 0.13124999403953552, -0.737500011920929, 1.5575000047683716, 0.025690138339996338, -0.737500011920929, 1.5575000047683716, 1.5, -0.587244987487793, 0.060655832290649414] current=[-0.14239707589149475, -0.7941644787788391, 1.8406610488891602, 0.2959657907485962, -0.7052405476570129, 2.0081913471221924, -0.4004642367362976, -0.8466836214065552, 1.6104775667190552, 0.03744577616453171, -0.8939695954322815, 2.1126129627227783]
[STAGE] video_encoding_start
[SUMMARY] {"task": "YoboGo-Velocity-Flat-v0", "mode": "smoke", "yobogo_walk_speed_m_s": 0.15, "rapid_walk_speed_m_s": 0.3, "adaptation_weight": "/run/media/pma213x/0C6A8CC86A8CAFCE/Ubuntu2/CodeU/Dog1/mini-cheetah-isaaclab/external_models/rapid-locomotion-rl/runs/rapid-locomotion/example/train/201852.132488/checkpoints/adaptation_module_latest.jit", "body_weight": "/run/media/pma213x/0C6A8CC86A8CAFCE/Ubuntu2/CodeU/Dog1/mini-cheetah-isaaclab/external_models/rapid-locomotion-rl/runs/rapid-locomotion/example/train/201852.132488/checkpoints/body_latest.jit", "completed_steps": 800, "inference_steps": 80, "expected_inference_steps": 80, "reset_count": 0, "safety_clip_count": 153, "position_clip_count": 0, "torque_clip_count": 153, "large_action_inference_count": 26, "official_clip_inference_count": 0, "max_abs_rapid_action": 0.25, "max_abs_policy_action": 22.92333221435547, "ood_guard_count": 909, "base_height_min_m": 0.22185875475406647, "max_abs_roll_deg": 21.59681374750597, "max_abs_pitch_deg": 10.748549414255228, "xy_displacement_m": 0.32167476415634155, "mean_measured_velocity_m_s": 0.20104672759771347, "final_command": [0.0, -0.30000001192092896, 0.0], "final_rapid_from_term": [0.0, -0.3, 0.0], "terminated_steps": 0, "stability_errors": ["direction_incorrect_or_not_dominant"], "interface_ok": true, "stable_walking": false, "scenario_name": "right_probe", "scenario_settle_steps": 200, "scenario_motion_steps": 600, "scenario_command_requested_rapid": [0.0, -0.3, 0.0], "scenario_command_policy": [0.0, -0.3, 0.0], "scenario_command_term": [0.0, -0.30000001192092896, 0.0], "scenario_command_rapid_final": [0.0, -0.3, 0.0], "scenario_metrics": {"start_position_world": [-0.09655026346445084, -0.24132323265075684, 0.2571622133255005], "end_position_world": [-0.359467476606369, -0.4330027103424072, 0.22185875475406647], "displacement_vector_world": [-0.2629172131419182, -0.1916794776916504], "displacement_m": 0.32537130041608886, "start_yaw_deg": -4.499491727505086, "end_yaw_deg": 28.522139774187984, "yaw_change_deg": 33.021631501693065, "start_forward_axis_world": [0.9969180297067786, -0.07845025204264472], "start_left_axis_world": [0.07845025204264472, 0.9969180297067786], "start_forward_projection_m": -0.24706960676512574, "start_lateral_projection_m": -0.21171464887291774, "body_forward_projection_m": -0.3091761289591839, "body_lateral_projection_m": -0.08223549633159159, "mean_body_velocity_m_s": [-0.25087190669612025, -0.08127407631652507], "mean_body_yaw_rate_rad_s": 0.5335203354766903, "primary_axis": "lateral", "primary_projection": -0.08223549633159159, "thresholds": {"displacement_m": 0.1, "projection_dominance_ratio": 0.6, "yaw_change_deg": 10.0}, "command_ok": true, "direction_ok": false, "displacement_ok": true}, "scenario_gate_errors": ["direction_incorrect_or_not_dominant"], "scenario_pass": false, "video": null, "video_frames_written": 0, "leg_motion_stats": {"FR": {"joints": {"haa": {"target": {"min": -0.13124999403953552, "max": -0.06875000149011612, "rms": 0.08547336521408272, "range": 0.0624999925494194, "motion_rms": 0.025068029737607328}, "actual": {"min": -0.48395368456840515, "max": 0.015580961480736732, "rms": 0.1743558223909667, "range": 0.4995346460491419, "motion_rms": 0.11587918472927382}, "raw_action": {"min": -18.54155921936035, "max": 16.070215225219727, "rms": 6.742946644503919, "range": 34.61177444458008, "motion_rms": 5.873758939691442}, "applied_action": {"min": -0.25, "max": 0.25, "rms": 0.2482268549064555, "range": 0.5, "motion_rms": 0.2005442587568363}, "position_clip_count": 0, "torque_clip_count": 0}, "hip": {"target": {"min": -0.862500011920929, "max": -0.737500011920929, "rms": 0.7628543703317202, "range": 0.125, "motion_rms": 0.04748638827489534}, "actual": {"min": -0.8831430077552795, "max": -0.6481388211250305, "rms": 0.7607818062531673, "range": 0.23500418663024902, "motion_rms": 0.04607776733366927}, "raw_action": {"min": -2.010242462158203, "max": 9.63713550567627, "rms": 3.4742073107982425, "range": 11.647377967834473, "motion_rms": 2.7053504652637947}, "applied_action": {"min": -0.25, "max": 0.25, "rms": 0.2448461218554068, "range": 0.5, "motion_rms": 0.18994555003454558}, "position_clip_count": 0, "torque_clip_count": 0}, "knee": {"target": {"min": 1.5575000047683716, "max": 1.6825000047683716, "rms": 1.6633553234491016, "range": 0.125, "motion_rms": 0.04420193765517642}, "actual": {"min": 1.5738577842712402, "max": 1.8723255395889282, "rms": 1.7562280237677552, "range": 0.298467755317688, "motion_rms": 0.06737813015038951}, "raw_action": {"min": -5.731977462768555, "max": 15.252180099487305, "rms": 4.10510593126868, "range": 20.98415756225586, "motion_rms": 3.4102422074627827}, "applied_action": {"min": -0.25, "max": 0.25, "rms": 0.24602129768325226, "range": 0.5, "motion_rms": 0.17680775130413323}, "position_clip_count": 0, "torque_clip_count": 0}}, "target_range_min": 0.0624999925494194, "actual_range_min": 0.23500418663024902, "actual_motion_rms_min": 0.04607776733366927}, "FL": {"joints": {"haa": {"target": {"min": 0.06733289361000061, "max": 0.13124999403953552, "rms": 0.0844583881164572, "range": 0.06391710042953491, "motion_rms": 0.0232696269611283}, "actual": {"min": -0.02711598575115204, "max": 0.5320973992347717, "rms": 0.22079713617694868, "range": 0.5592133849859238, "motion_rms": 0.14880437232005014}, "raw_action": {"min": -19.59114646911621, "max": 11.277661323547363, "rms": 7.332885575099958, "range": 30.868807792663574, "motion_rms": 6.076386899545128}, "applied_action": {"min": -0.25, "max": 0.25, "rms": 0.2406431206974405, "range": 0.5, "motion_rms": 0.18949098274127335}, "position_clip_count": 0, "torque_clip_count": 2}, "hip": {"target": {"min": -0.862500011920929, "max": -0.5699067115783691, "rms": 0.7613228587160119, "range": 0.2925933003425598, "motion_rms": 0.05279797034028827}, "actual": {"min": -1.0046002864837646, "max": -0.4251060485839844, "rms": 0.7160527718244969, "range": 0.5794942378997803, "motion_rms": 0.13497400839794027}, "raw_action": {"min": -4.179696559906006, "max": 6.608060836791992, "rms": 2.434306117595331, "range": 10.787757396697998, "motion_rms": 2.0170066281365973}, "applied_action": {"min": -0.25, "max": 0.25, "rms": 0.2460893929752593, "range": 0.5, "motion_rms": 0.19769686129465852}, "position_clip_count": 0, "torque_clip_count": 2}, "knee": {"target": {"min": 1.5575000047683716, "max": 1.6825000047683716, "rms": 1.6061834872493224, "range": 0.125, "motion_rms": 0.057325985800353196}, "actual": {"min": 1.6389151811599731, "max": 2.0163919925689697, "rms": 1.8379102326663121, "range": 0.3774768114089966, "motion_rms": 0.08631455429725732}, "raw_action": {"min": -14.902131080627441, "max": 3.7008965015411377, "rms": 3.8467896088705427, "range": 18.60302758216858, "motion_rms": 3.612032670797704}, "applied_action": {"min": -0.25, "max": 0.25, "rms": 0.23686248138269772, "range": 0.5, "motion_rms": 0.2293039415404331}, "position_clip_count": 0, "torque_clip_count": 0}}, "target_range_min": 0.06391710042953491, "actual_range_min": 0.3774768114089966, "actual_motion_rms_min": 0.08631455429725732}, "RR": {"joints": {"haa": {"target": {"min": -0.9169119596481323, "max": 0.6103114485740662, "rms": 0.2792990028205326, "range": 1.5272234082221985, "motion_rms": 0.22469782128528953}, "actual": {"min": -0.4837963581085205, "max": -0.0015588829992339015, "rms": 0.20466869388970685, "range": 0.4822374751092866, "motion_rms": 0.09674503262985296}, "raw_action": {"min": -12.941014289855957, "max": 6.227093696594238, "rms": 5.050218843542962, "range": 19.168107986450195, "motion_rms": 4.2920845424422005}, "applied_action": {"min": -0.25, "max": 0.25, "rms": 0.24599266696067515, "range": 0.5, "motion_rms": 0.2073871359530568}, "position_clip_count": 0, "torque_clip_count": 20}, "hip": {"target": {"min": -1.4114794731140137, "max": 0.17802423238754272, "rms": 0.846374442944778, "range": 1.5895037055015564, "motion_rms": 0.2324652383254428}, "actual": {"min": -1.3899164199829102, "max": -0.05505174770951271, "rms": 0.8325755184168061, "range": 1.3348646722733974, "motion_rms": 0.24070429121599796}, "raw_action": {"min": -22.488161087036133, "max": 5.174166202545166, "rms": 6.209654553896564, "range": 27.6623272895813, "motion_rms": 5.10446963375759}, "applied_action": {"min": -0.25, "max": 0.25, "rms": 0.24985481825316203, "range": 0.5, "motion_rms": 0.19485092826241968}, "position_clip_count": 0, "torque_clip_count": 13}, "knee": {"target": {"min": 1.5575000047683716, "max": 1.6825000047683716, "rms": 1.601562331602088, "range": 0.125, "motion_rms": 0.058778147330762934}, "actual": {"min": 1.5344470739364624, "max": 1.948567271232605, "rms": 1.6972790399022866, "range": 0.4141201972961426, "motion_rms": 0.10983983635197944}, "raw_action": {"min": -17.167774200439453, "max": 10.410499572753906, "rms": 5.202419683375238, "range": 27.57827377319336, "motion_rms": 5.009711002086217}, "applied_action": {"min": -0.25, "max": 0.25, "rms": 0.24773435955333825, "range": 0.5, "motion_rms": 0.23511259305570306}, "position_clip_count": 0, "torque_clip_count": 0}}, "target_range_min": 0.125, "actual_range_min": 0.4141201972961426, "actual_motion_rms_min": 0.09674503262985296}, "RL": {"joints": {"haa": {"target": {"min": -1.5, "max": 1.5, "rms": 0.8649908271578932, "range": 3.0, "motion_rms": 0.8637467502829851}, "actual": {"min": -1.2925490140914917, "max": 0.7890639901161194, "rms": 0.4849693358601056, "range": 2.081613004207611, "motion_rms": 0.4384321307022373}, "raw_action": {"min": -22.92333221435547, "max": 12.328888893127441, "rms": 6.198170766920961, "range": 35.25222110748291, "motion_rms": 5.896685076782739}, "applied_action": {"min": -0.25, "max": 0.25, "rms": 0.247326555388873, "range": 0.5, "motion_rms": 0.23654591107086947}, "position_clip_count": 0, "torque_clip_count": 42}, "hip": {"target": {"min": -3.6803598403930664, "max": 1.8285338878631592, "rms": 1.2245238315658782, "range": 5.508893728256226, "motion_rms": 0.9117524089831731}, "actual": {"min": -1.9283300638198853, "max": 0.6608861088752747, "rms": 0.9107700552903899, "range": 2.58921617269516, "motion_rms": 0.451083800975983}, "raw_action": {"min": -16.80104637145996, "max": 2.071645736694336, "rms": 4.951114901786787, "range": 18.872692108154297, "motion_rms": 3.7503855589856347}, "applied_action": {"min": -0.25, "max": 0.25, "rms": 0.2478553113820448, "range": 0.5, "motion_rms": 0.14552201616011615}, "position_clip_count": 0, "torque_clip_count": 44}, "knee": {"target": {"min": -0.9290721416473389, "max": 2.700000047683716, "rms": 1.729652508497187, "range": 3.6290721893310547, "motion_rms": 0.6157635449210827}, "actual": {"min": 1.2419869899749756, "max": 2.427823543548584, "rms": 1.828617378098018, "range": 1.1858365535736084, "motion_rms": 0.19961526098856974}, "raw_action": {"min": -6.470593452453613, "max": 22.786956787109375, "rms": 5.8534609579648516, "range": 29.25755023956299, "motion_rms": 5.3829255324739105}, "applied_action": {"min": -0.25, "max": 0.25, "rms": 0.2453637952686148, "range": 0.5, "motion_rms": 0.22260543738661262}, "position_clip_count": 0, "torque_clip_count": 30}}, "target_range_min": 3.0, "actual_range_min": 1.1858365535736084, "actual_motion_rms_min": 0.19961526098856974}, "_gate": {"front_target_range_min": 0.0624999925494194, "front_actual_range_min": 0.23500418663024902, "front_target_threshold_rad": 0.04, "front_actual_threshold_rad": 0.05, "ok": true}}, "scenario_mean_body_velocity": [-0.25087190669612025, -0.08127407631652507], "scenario_mean_body_yaw_rate": 0.5335203354766903}
Traceback (most recent call last):
  File "/run/media/pma213x/0C6A8CC86A8CAFCE/Ubuntu2/CodeU/Dog1/mini-cheetah-isaaclab/training/scripts/play_rapid.py", line 1188, in <module>
    exit_code = main()
  File "/run/media/pma213x/0C6A8CC86A8CAFCE/Ubuntu2/CodeU/Dog1/mini-cheetah-isaaclab/training/scripts/play_rapid.py", line 1173, in main
    raise RuntimeError(
RuntimeError: 稳定性 Gate 失败：direction_incorrect_or_not_dominant
