[3gH    H    H    H    H    H    H    H    H    H    H    H    H    H    H    H    H    H    H    H   [INFO] Using python from: /home/pma213x/.venvs/minicheetah-isaaclab/bin/python
[INFO][AppLauncher]: Loading experience file: /home/pma213x/IsaacLab/apps/isaaclab.python.headless.kit
[Warning] [simulation_app.simulation_app] Modules: ['omni.kit_app'] were loaded before SimulationApp was started and might not be loaded correctly.
[Warning] [simulation_app.simulation_app] Please check to make sure no extra omniverse or pxr modules are imported before the call to SimulationApp(...)
Loading user config located at: '/home/pma213x/.venvs/minicheetah-isaaclab/lib/python3.10/site-packages/omni/data/Kit/Isaac-Sim/4.5/user.config.json'
[Info] [carb] Logging to file: /home/pma213x/.venvs/minicheetah-isaaclab/lib/python3.10/site-packages/omni/logs/Kit/Isaac-Sim/4.5/kit_20261008_230513.log
2026-10-08 15:05:13 [0ms] [Warning] [omni.kit.app.plugin] No crash reporter present, dumps uploading isn't available.
2026-10-08 15:05:13 [99ms] [Warning] [omni.usd_config.extension] Enable omni.materialx.libs extension to use MaterialX
2026-10-08 15:05:13 [374ms] [Warning] [omni.datastore] OmniHub is inaccessible
2026-10-08 15:05:13 [398ms] [Warning] [omni.isaac.dynamic_control] omni.isaac.dynamic_control is deprecated as of Isaac Sim 4.5. No action is needed from end-users.
Gym has been unmaintained since 2022 and does not support NumPy 2.0 amongst other critical functionality.
Please upgrade to Gymnasium, the maintained drop-in replacement of Gym, or contact the authors of your software and request that they upgrade.
See the migration guide at https://gymnasium.farama.org/introduction/migration_guide/ for additional information.
2026-10-08 15:05:15 [1,960ms] [Warning] [gpu.foundation.plugin] Skipping unsupported non-NVIDIA GPU: Intel(R) UHD Graphics (ADL-S GT0.5)
2026-10-08 15:05:15 [1,960ms] [Warning] [gpu.foundation.plugin] Skipping unsupported non-NVIDIA GPU: Intel(R) UHD Graphics (ADL-S GT0.5)

|---------------------------------------------------------------------------------------------|
| Driver Version: 580.178.04    | Graphics API: Vulkan
|=============================================================================================|
| GPU | Name                             | Active | LDA | GPU Memory | Vendor-ID | LUID       |
|     |                                  |        |     |            | Device-ID | UUID       |
|     |                                  |        |     |            | Bus-ID    |            |
|---------------------------------------------------------------------------------------------|
| 0   | NVIDIA GeForce RTX 4060 Laptop.. | Yes: 0 |     | 8188    MB | 10de      | 0          |
|     |                                  |        |     |            | 28e0      | 4d090564.. |
|     |                                  |        |     |            | 1         |            |
|---------------------------------------------------------------------------------------------|
| 1   | Intel(R) UHD Graphics (ADL-S G.. |        |     | 11374   MB | 8086      | 0          |
|     |                                  |        |     |            | 468b      | 86808b46.. |
|     |                                  |        |     |            | 0         |            |
|=============================================================================================|
| OS: 26.04.1 LTS (Resolute Raccoon) ubuntu, Version: 26.04.1, Kernel: 7.0.0-34-generic
| XServer Vendor: The X.Org Foundation, XServer Version: 12401010 (1.24.1.10)
| Processor: 13th Gen Intel(R) Core(TM) i5-13500HX
| Bare Metal Cores: 14 | Bare Metal Logical Cores: 28
| Available Cores:  20 
|---------------------------------------------------------------------------------------------|
| Total Memory (MB): 15166 | Free Memory: 5447
| Total Page/Swap (MB): 20479 | Free Page/Swap: 14507
|---------------------------------------------------------------------------------------------|
2026-10-08 15:05:15 [2,182ms] [Warning] [gpu.foundation.plugin] IOMMU is enabled.
2026-10-08 15:05:15 [2,183ms] [Warning] [gpu.foundation.plugin] Detected IOMMU is enabled. Running CUDA peer-to-peer bandwidth and latency validation.
Unidirectional P2P=Enabled Bandwidth (P2P Writes) Matrix (GB/s)
   D\D     0 
     0 221.47 
P2P=Enabled Latency (P2P Writes) Matrix (us)
   GPU     0 
     0   1.40 

   CPU     0 
     0   2.08 
[STAGE] config_start
[INFO]: Parsing configuration from: training.envs.velocity_flat_env_cfg:YoboGoVelocityFlatEnvCfg
[STAGE] config_done
[STAGE] environment_create_start
2026-10-08 15:05:15 [2,377ms] [Warning] [isaaclab.envs.manager_based_env] Seed not set for the environment. The environment creation may not be deterministic.
[INFO]: Base environment:
	Environment device    : cuda:0
	Environment seed      : None
	Physics step-size     : 0.0004
	Rendering step-size   : 0.002
	Environment step-size : 0.002
2026-10-08 15:05:15 [2,456ms] [Warning] [isaaclab.terrains.terrain_importer] Visual material specified for ground plane but no diffuse color found. Using default color: (0.0, 0.0, 0.0)
[INFO]: Time taken for scene creation : 3.664041 seconds
[INFO]: Scene manager:  <class InteractiveScene>
	Number of environments: 1
	Environment spacing   : 2.5
	Source prim name      : /World/envs/env_0
	Global prim paths     : ['/World/ground']
	Replicate physics     : True
[INFO]: Starting the simulation. This may take a few seconds. Please wait...
[INFO]: Time taken for simulation start : 0.365478 seconds
2026-10-08 15:05:19 [6,692ms] [Warning] [omni.usd] Warning: in GetNodeDiscoveryResults at line 136 of /builds/omniverse/usd-ci/USD/pxr/usd/usdShade/shaderDefUtils.cpp -- Unable to resolve info:sourceAsset </UsdPreviewSurface.info:mdl:sourceAsset> with value @UsdPreviewSurface.mdl@.

2026-10-08 15:05:19 [6,692ms] [Warning] [omni.usd] Warning: in GetNodeDiscoveryResults at line 136 of /builds/omniverse/usd-ci/USD/pxr/usd/usdShade/shaderDefUtils.cpp -- Unable to resolve info:sourceAsset </UsdUVTexture.info:mdl:sourceAsset> with value @UsdPreviewSurface.mdl@.

2026-10-08 15:05:19 [6,692ms] [Warning] [omni.usd] Warning: in GetNodeDiscoveryResults at line 136 of /builds/omniverse/usd-ci/USD/pxr/usd/usdShade/shaderDefUtils.cpp -- Unable to resolve info:sourceAsset </UsdPrimvarReader_float.info:mdl:sourceAsset> with value @UsdPreviewSurface.mdl@.

2026-10-08 15:05:19 [6,692ms] [Warning] [omni.usd] Warning: in GetNodeDiscoveryResults at line 136 of /builds/omniverse/usd-ci/USD/pxr/usd/usdShade/shaderDefUtils.cpp -- Unable to resolve info:sourceAsset </UsdPrimvarReader_float2.info:mdl:sourceAsset> with value @UsdPreviewSurface.mdl@.

2026-10-08 15:05:19 [6,692ms] [Warning] [omni.usd] Warning: in GetNodeDiscoveryResults at line 136 of /builds/omniverse/usd-ci/USD/pxr/usd/usdShade/shaderDefUtils.cpp -- Unable to resolve info:sourceAsset </UsdPrimvarReader_float3.info:mdl:sourceAsset> with value @UsdPreviewSurface.mdl@.

2026-10-08 15:05:19 [6,692ms] [Warning] [omni.usd] Warning: in GetNodeDiscoveryResults at line 136 of /builds/omniverse/usd-ci/USD/pxr/usd/usdShade/shaderDefUtils.cpp -- Unable to resolve info:sourceAsset </UsdPrimvarReader_float4.info:mdl:sourceAsset> with value @UsdPreviewSurface.mdl@.

2026-10-08 15:05:19 [6,692ms] [Warning] [omni.usd] Warning: in GetNodeDiscoveryResults at line 136 of /builds/omniverse/usd-ci/USD/pxr/usd/usdShade/shaderDefUtils.cpp -- Unable to resolve info:sourceAsset </UsdPrimvarReader_int.info:mdl:sourceAsset> with value @UsdPreviewSurface.mdl@.

2026-10-08 15:05:19 [6,692ms] [Warning] [omni.usd] Warning: in GetNodeDiscoveryResults at line 136 of /builds/omniverse/usd-ci/USD/pxr/usd/usdShade/shaderDefUtils.cpp -- Unable to resolve info:sourceAsset </UsdPrimvarReader_string.info:mdl:sourceAsset> with value @UsdPreviewSurface.mdl@.

2026-10-08 15:05:19 [6,692ms] [Warning] [omni.usd] Warning: in GetNodeDiscoveryResults at line 136 of /builds/omniverse/usd-ci/USD/pxr/usd/usdShade/shaderDefUtils.cpp -- Unable to resolve info:sourceAsset </UsdPrimvarReader_normal.info:mdl:sourceAsset> with value @UsdPreviewSurface.mdl@.

2026-10-08 15:05:19 [6,692ms] [Warning] [omni.usd] Warning: in GetNodeDiscoveryResults at line 136 of /builds/omniverse/usd-ci/USD/pxr/usd/usdShade/shaderDefUtils.cpp -- Unable to resolve info:sourceAsset </UsdPrimvarReader_point.info:mdl:sourceAsset> with value @UsdPreviewSurface.mdl@.

2026-10-08 15:05:19 [6,694ms] [Warning] [omni.usd] Warning: in GetNodeDiscoveryResults at line 136 of /builds/omniverse/usd-ci/USD/pxr/usd/usdShade/shaderDefUtils.cpp -- Unable to resolve info:sourceAsset </UsdPrimvarReader_vector.info:mdl:sourceAsset> with value @UsdPreviewSurface.mdl@.

2026-10-08 15:05:19 [6,694ms] [Warning] [omni.usd] Warning: in GetNodeDiscoveryResults at line 136 of /builds/omniverse/usd-ci/USD/pxr/usd/usdShade/shaderDefUtils.cpp -- Unable to resolve info:sourceAsset </UsdPrimvarReader_matrix.info:mdl:sourceAsset> with value @UsdPreviewSurface.mdl@.

2026-10-08 15:05:19 [6,694ms] [Warning] [omni.usd] Warning: in GetNodeDiscoveryResults at line 136 of /builds/omniverse/usd-ci/USD/pxr/usd/usdShade/shaderDefUtils.cpp -- Unable to resolve info:sourceAsset </UsdTransform2d.info:mdl:sourceAsset> with value @UsdPreviewSurface.mdl@.

[INFO] Command Manager:  <CommandManager> contains 1 active terms.
+------------------------------------------------+
|              Active Command Terms              |
+-------+---------------+------------------------+
| Index | Name          |          Type          |
+-------+---------------+------------------------+
|   0   | base_velocity | UniformVelocityCommand |
+-------+---------------+------------------------+

[INFO] Recorder Manager:  <RecorderManager> contains 0 active terms.
+---------------------+
| Active Recorder Terms |
+-----------+---------+
|   Index   | Name    |
+-----------+---------+
+-----------+---------+

[INFO] Action Manager:  <ActionManager> contains 1 active terms.
+------------------------------------+
|  Active Action Terms (shape: 12)   |
+--------+-------------+-------------+
| Index  | Name        |   Dimension |
+--------+-------------+-------------+
|   0    | joint_pos   |          12 |
+--------+-------------+-------------+

[INFO] Observation Manager: <ObservationManager> contains 1 groups.
+---------------------------------------------------------+
| Active Observation Terms in Group: 'policy' (shape: (48,)) |
+-----------+---------------------------------+-----------+
|   Index   | Name                            |   Shape   |
+-----------+---------------------------------+-----------+
|     0     | base_lin_vel                    |    (3,)   |
|     1     | base_ang_vel                    |    (3,)   |
|     2     | projected_gravity               |    (3,)   |
|     3     | velocity_commands               |    (3,)   |
|     4     | joint_pos                       |   (12,)   |
|     5     | joint_vel                       |   (12,)   |
|     6     | actions                         |   (12,)   |
+-----------+---------------------------------+-----------+

[INFO] Event Manager:  <EventManager> contains 3 active terms.
+--------------------------------------+
| Active Event Terms in Mode: 'startup' |
+----------+---------------------------+
|  Index   | Name                      |
+----------+---------------------------+
|    0     | physics_material          |
+----------+---------------------------+
+---------------------------------------+
|  Active Event Terms in Mode: 'reset'  |
+--------+------------------------------+
| Index  | Name                         |
+--------+------------------------------+
|   0    | base_external_force_torque   |
|   1    | reset_base                   |
|   2    | reset_robot_joints           |
+--------+------------------------------+
+----------------------------------------------+
|    Active Event Terms in Mode: 'interval'    |
+-------+------------+-------------------------+
| Index | Name       | Interval time range (s) |
+-------+------------+-------------------------+
|   0   | push_robot |       (10.0, 15.0)      |
+-------+------------+-------------------------+

[INFO] Termination Manager:  <TerminationManager> contains 2 active terms.
+---------------------------------+
|     Active Termination Terms    |
+-------+--------------+----------+
| Index | Name         | Time Out |
+-------+--------------+----------+
|   0   | time_out     |   True   |
|   1   | base_contact |  False   |
+-------+--------------+----------+

[INFO] Reward Manager:  <RewardManager> contains 11 active terms.
+-----------------------------------------+
|           Active Reward Terms           |
+-------+----------------------+----------+
| Index | Name                 |   Weight |
+-------+----------------------+----------+
|   0   | track_lin_vel_xy_exp |      1.0 |
|   1   | track_ang_vel_z_exp  |      0.5 |
|   2   | lin_vel_z_l2         |     -2.0 |
|   3   | ang_vel_xy_l2        |    -0.05 |
|   4   | dof_torques_l2       | -2.5e-05 |
|   5   | dof_acc_l2           | -2.5e-07 |
|   6   | action_rate_l2       |    -0.01 |
|   7   | feet_air_time        |      0.5 |
|   8   | undesired_contacts   |     -1.0 |
|   9   | flat_orientation_l2  |     -5.0 |
|   10  | dof_pos_limits       |      0.0 |
+-------+----------------------+----------+

[INFO] Curriculum Manager:  <CurriculumManager> contains 0 active terms.
+----------------------+
| Active Curriculum Terms |
+-----------+----------+
|   Index   | Name     |
+-----------+----------+
+-----------+----------+

[INFO]: Completed setting up the environment...
[STAGE] environment_create_done
[STAGE] policy_adapter_setup_start
[STAGE] policy_adapter_setup_done
[INFO] task=YoboGo-Velocity-Flat-v0
[INFO] weights_adaptation=/run/media/pma213x/0C6A8CC86A8CAFCE/Ubuntu2/CodeU/Dog1/mini-cheetah-isaaclab/external_models/rapid-locomotion-rl/runs/rapid-locomotion/example/train/201852.132488/checkpoints/adaptation_module_latest.jit
[INFO] weights_body=/run/media/pma213x/0C6A8CC86A8CAFCE/Ubuntu2/CodeU/Dog1/mini-cheetah-isaaclab/external_models/rapid-locomotion-rl/runs/rapid-locomotion/example/train/201852.132488/checkpoints/body_latest.jit
[INFO] yobogo_observation_dim=48 rapid_observation_dim=42
[INFO] history_dim=630 action_dim=12
[INFO] inference_period=10 control_period_s=0.002 inference_hz=50
[INFO] rapid_replay_actuator_kp=20 kd=0.5 effort=18/18/26
[INFO] scenario=yaw rapid_command_requested=[0.0, 0.0, 0.5] settle_steps=200 motion_steps=600
[INFO] model_dummy_action_shape=(1, 12)
[INFO] model_dummy_latent_shape=(1, 18)
[STAGE] event_loop_start
[DIAG_INFER] step=1 policy_action_max=1.179989 applied_action_max=0.250000 obs_max=1.000000 history_nonzero_rows=0 position_clip=0 torque_clip=0 action=[-0.2197711020708084, 0.8110653162002563, -0.3086051940917969, -0.10791699588298798, 0.7024935483932495, 0.44729381799697876, 0.14830192923545837, -1.1799887418746948, 0.8864452838897705, 0.22358790040016174, -0.5151158571243286, -0.7321033477783203]
[DIAG_TARGET] step=1 target_error=0.000000000 default=[0.0, -0.7853981852531433, 1.8654682636260986, 0.0, -0.7853981852531433, 1.8654682636260986, 0.0, -0.7853981852531433, 1.8654682636260986, 0.0, -0.7853981852531433, 1.8654682636260986] desired=[-0.12747138738632202, -0.737500011920929, 1.5575000047683716, 0.08651037514209747, -0.737500011920929, 1.6825000047683716, -0.08146226406097412, -0.862500011920929, 1.6825000047683716, 0.12794849276542664, -0.862500011920929, 1.5575000047683716] applied=[-0.12747138738632202, -0.737500011920929, 1.5575000047683716, 0.08651037514209747, -0.737500011920929, 1.6825000047683716, -0.08146226406097412, -0.862500011920929, 1.6825000047683716, 0.12794849276542664, -0.862500011920929, 1.5575000047683716] current=[-0.00047753367107361555, -0.786812424659729, 1.8655918836593628, 0.0008707070956006646, -0.7863492369651794, 1.865739107131958, -0.0006835355306975543, -0.7868078351020813, 1.864978551864624, 0.0004412893613334745, -0.7874666452407837, 1.865539789199829]
[STAGE] first_step_done
[DIAG_INFER] step=11 policy_action_max=2.615363 applied_action_max=0.250000 obs_max=1.361067 history_nonzero_rows=1 position_clip=0 torque_clip=1 action=[0.5682142376899719, 1.8469318151474, 0.33727338910102844, -1.5081182718276978, -0.4626316428184509, 0.13610434532165527, 0.841539204120636, -1.3688478469848633, 2.2486705780029297, 2.615363359451294, -1.3680567741394043, -0.5152277946472168]
[DIAG_TARGET] step=11 target_error=0.000000000 default=[0.0, -0.7853981852531433, 1.8654682636260986, 0.0, -0.7853981852531433, 1.8654682636260986, 0.0, -0.7853981852531433, 1.8654682636260986, 0.0, -0.7853981852531433, 1.8654682636260986] desired=[-0.06875000149011612, -0.737500011920929, 1.6825000047683716, 0.06875000149011612, -0.862500011920929, 1.6540260314941406, -0.06875000149011612, -0.862500011920929, 1.6825000047683716, 0.13124999403953552, -1.2586721181869507, 1.5575000047683716] applied=[-0.06875000149011612, -0.737500011920929, 1.6825000047683716, 0.06875000149011612, -0.862500011920929, 1.6540260314941406, -0.06875000149011612, -0.862500011920929, 1.6825000047683716, 0.13124999403953552, -1.2586721181869507, 1.5575000047683716] current=[0.0020179287530481815, -0.8179229497909546, 1.8646488189697266, 0.006432967726141214, -0.8193190097808838, 1.8650879859924316, -0.0046407077461481094, -0.8148751854896545, 1.8559784889221191, -0.002534632571041584, -0.8240745663642883, 1.8634796142578125]
[DIAG_INFER] step=21 policy_action_max=2.024101 applied_action_max=0.250000 obs_max=2.615363 history_nonzero_rows=2 position_clip=0 torque_clip=1 action=[1.7327483892440796, 1.5588029623031616, 1.0891231298446655, -1.1261297464370728, -1.072044014930725, -0.48444920778274536, 1.1927835941314697, -1.319291114807129, 2.0241007804870605, 1.9926358461380005, -0.5461587905883789, -0.6948550939559937]
[DIAG_TARGET] step=21 target_error=0.000000000 default=[0.0, -0.7853981852531433, 1.8654682636260986, 0.0, -0.7853981852531433, 1.8654682636260986, 0.0, -0.7853981852531433, 1.8654682636260986, 0.0, -0.7853981852531433, 1.8654682636260986] desired=[-0.06875000149011612, -0.737500011920929, 1.6825000047683716, 0.06875000149011612, -0.862500011920929, 1.5575000047683716, -0.06875000149011612, -0.862500011920929, 1.6825000047683716, 0.13124999403953552, -1.2403970956802368, 1.5575000047683716] applied=[-0.06875000149011612, -0.737500011920929, 1.6825000047683716, 0.06875000149011612, -0.862500011920929, 1.5575000047683716, -0.06875000149011612, -0.862500011920929, 1.6825000047683716, 0.13124999403953552, -1.2403970956802368, 1.5575000047683716] current=[0.008655049838125706, -0.845940887928009, 1.8527847528457642, 0.013182418420910835, -0.8533443808555603, 1.85675048828125, -0.004813253879547119, -0.8427219390869141, 1.8437060117721558, 0.038514647632837296, -0.9368916749954224, 1.8402780294418335]
[DIAG_INFER] step=31 policy_action_max=2.439448 applied_action_max=0.250000 obs_max=2.024101 history_nonzero_rows=3 position_clip=0 torque_clip=1 action=[1.9983638525009155, 1.0581157207489014, 2.4394476413726807, -0.4991651475429535, -1.0669959783554077, -0.5174427628517151, -0.0698273777961731, -1.445109248161316, 0.5177859663963318, -0.8908157348632812, -0.1896047592163086, -0.34246915578842163]
[DIAG_TARGET] step=31 target_error=0.000000000 default=[0.0, -0.7853981852531433, 1.8654682636260986, 0.0, -0.7853981852531433, 1.8654682636260986, 0.0, -0.7853981852531433, 1.8654682636260986, 0.0, -0.7853981852531433, 1.8654682636260986] desired=[-0.06875000149011612, -0.737500011920929, 1.6825000047683716, 0.06875000149011612, -0.862500011920929, 1.5575000047683716, -0.10872842371463776, -0.862500011920929, 1.6825000047683716, 0.06875000149011612, -1.0939348936080933, 1.5575000047683716] applied=[-0.06875000149011612, -0.737500011920929, 1.6825000047683716, 0.06875000149011612, -0.862500011920929, 1.5575000047683716, -0.10872842371463776, -0.862500011920929, 1.6825000047683716, 0.06875000149011612, -1.0939348936080933, 1.5575000047683716] current=[0.004030069336295128, -0.8718381524085999, 1.8381513357162476, 0.008534860797226429, -0.8834543228149414, 1.835851788520813, -0.02153678610920906, -0.8704900145530701, 1.8331183195114136, 0.07999949157238007, -1.0612746477127075, 1.7707756757736206]
[DIAG_INFER] step=41 policy_action_max=2.483469 applied_action_max=0.250000 obs_max=2.439448 history_nonzero_rows=4 position_clip=0 torque_clip=0 action=[2.3557939529418945, 0.7409864664077759, 2.483469247817993, 0.23613199591636658, -0.24516786634922028, -1.3008935451507568, -1.8146634101867676, -1.3393080234527588, -1.2597894668579102, -1.7398455142974854, -1.7185873985290527, 0.39789342880249023]
[DIAG_TARGET] step=41 target_error=0.000000000 default=[0.0, -0.7853981852531433, 1.8654682636260986, 0.0, -0.7853981852531433, 1.8654682636260986, 0.0, -0.7853981852531433, 1.8654682636260986, 0.0, -0.7853981852531433, 1.8654682636260986] desired=[-0.06875000149011612, -0.737500011920929, 1.6825000047683716, 0.12951649725437164, -0.8612920045852661, 1.5575000047683716, -0.13124999403953552, -0.862500011920929, 1.5575000047683716, 0.06875000149011612, -0.862500011920929, 1.6825000047683716] applied=[-0.06875000149011612, -0.737500011920929, 1.6825000047683716, 0.12951649725437164, -0.8612920045852661, 1.5575000047683716, -0.13124999403953552, -0.862500011920929, 1.5575000047683716, 0.06875000149011612, -0.862500011920929, 1.6825000047683716] current=[-0.011694439686834812, -0.8916350603103638, 1.8236467838287354, -0.007389483042061329, -0.9045283198356628, 1.8040670156478882, -0.05508000776171684, -0.8896526098251343, 1.8182240724563599, 0.06800654530525208, -1.0996956825256348, 1.7190178632736206]
[DIAG_INFER] step=51 policy_action_max=2.893839 applied_action_max=0.250000 obs_max=2.483469 history_nonzero_rows=5 position_clip=0 torque_clip=0 action=[2.893839120864868, 1.130527377128601, 2.0662996768951416, 0.6883217096328735, -0.2976841330528259, -1.083548665046692, -2.183283805847168, -0.5822752118110657, -1.4594241380691528, -0.43356019258499146, -2.1191883087158203, 2.0063321590423584]
[DIAG_TARGET] step=51 target_error=0.000000000 default=[0.0, -0.7853981852531433, 1.8654682636260986, 0.0, -0.7853981852531433, 1.8654682636260986, 0.0, -0.7853981852531433, 1.8654682636260986, 0.0, -0.7853981852531433, 1.8654682636260986] desired=[-0.06875000149011612, -0.737500011920929, 1.6825000047683716, 0.13124999403953552, -0.862500011920929, 1.5575000047683716, -0.13124999403953552, -0.862500011920929, 1.5575000047683716, 0.06875000149011612, -0.862500011920929, 1.6825000047683716] applied=[-0.06875000149011612, -0.737500011920929, 1.6825000047683716, 0.13124999403953552, -0.862500011920929, 1.5575000047683716, -0.13124999403953552, -0.862500011920929, 1.5575000047683716, 0.06875000149011612, -0.862500011920929, 1.6825000047683716] current=[-0.00842451211065054, -0.8977237343788147, 1.804282307624817, -0.003869473235681653, -0.9187952876091003, 1.7756006717681885, -0.07197060436010361, -0.889995276927948, 1.7871102094650269, 0.06310269236564636, -1.0734761953353882, 1.7009937763214111]
[DIAG_INFER] step=61 policy_action_max=3.254073 applied_action_max=0.250000 obs_max=2.893839 history_nonzero_rows=6 position_clip=0 torque_clip=1 action=[3.254073143005371, 1.3821223974227905, 2.026960611343384, 0.6921340227127075, -0.11394231021404266, -0.17145061492919922, -1.7808606624603271, -0.07889126986265182, -1.8078984022140503, -1.7754952907562256, -0.660537838935852, 2.433769464492798]
[DIAG_TARGET] step=61 target_error=0.000000000 default=[0.0, -0.7853981852531433, 1.8654682636260986, 0.0, -0.7853981852531433, 1.8654682636260986, 0.0, -0.7853981852531433, 1.8654682636260986, 0.0, -0.7853981852531433, 1.8654682636260986] desired=[-0.06875000149011612, -0.737500011920929, 1.6825000047683716, 0.13124999403953552, -0.8284856081008911, 1.5771373510360718, -0.13124999403953552, -0.8197228312492371, 1.5575000047683716, 0.06875000149011612, -0.5925078392028809, 1.6825000047683716] applied=[-0.06875000149011612, -0.737500011920929, 1.6825000047683716, 0.13124999403953552, -0.8284856081008911, 1.5771373510360718, -0.13124999403953552, -0.8197228312492371, 1.5575000047683716, 0.06875000149011612, -0.5925078392028809, 1.6825000047683716] current=[-0.004470790270715952, -0.8831827640533447, 1.7837873697280884, 0.008840799331665039, -0.9283528923988342, 1.751770257949829, -0.08244626224040985, -0.8759375810623169, 1.7470234632492065, 0.06736727058887482, -1.0136173963546753, 1.693064570426941]
[DIAG_INFER] step=71 policy_action_max=4.069943 applied_action_max=0.250000 obs_max=3.254073 history_nonzero_rows=7 position_clip=0 torque_clip=1 action=[4.069942951202393, 1.270060658454895, 2.5562758445739746, 0.24930813908576965, 0.160422682762146, 0.06981264799833298, -1.9949686527252197, -1.0102009773254395, -1.8179802894592285, -3.5947113037109375, 0.02854040265083313, 2.5071840286254883]
[DIAG_TARGET] step=71 target_error=0.000000000 default=[0.0, -0.7853981852531433, 1.8654682636260986, 0.0, -0.7853981852531433, 1.8654682636260986, 0.0, -0.7853981852531433, 1.8654682636260986, 0.0, -0.7853981852531433, 1.8654682636260986] desired=[-0.06875000149011612, -0.737500011920929, 1.6825000047683716, 0.13116352260112762, -0.7598943710327148, 1.6374531984329224, -0.13124999403953552, -0.862500011920929, 1.5575000047683716, 0.06875000149011612, -0.29407215118408203, 1.6825000047683716] applied=[-0.06875000149011612, -0.737500011920929, 1.6825000047683716, 0.13116352260112762, -0.7598943710327148, 1.6374531984329224, -0.13124999403953552, -0.862500011920929, 1.5575000047683716, 0.06875000149011612, -0.29407215118408203, 1.6825000047683716] current=[-0.009773297235369682, -0.8553186655044556, 1.7689712047576904, 0.019649062305688858, -0.9327075481414795, 1.7341160774230957, -0.09525514394044876, -0.8512438535690308, 1.7042393684387207, 0.07777149230241776, -0.8731153011322021, 1.6875226497650146]
[DIAG_INFER] step=81 policy_action_max=4.458021 applied_action_max=0.250000 obs_max=4.069943 history_nonzero_rows=8 position_clip=0 torque_clip=0 action=[4.45802116394043, 0.8536316156387329, 2.640481948852539, -1.0338208675384521, 0.39237475395202637, -0.7478019595146179, -0.45855098962783813, -2.379185676574707, -2.036325454711914, -2.727837085723877, -1.1264781951904297, 3.0053024291992188]
[DIAG_TARGET] step=81 target_error=0.000000000 default=[0.0, -0.7853981852531433, 1.8654682636260986, 0.0, -0.7853981852531433, 1.8654682636260986, 0.0, -0.7853981852531433, 1.8654682636260986, 0.0, -0.7853981852531433, 1.8654682636260986] desired=[-0.06875000149011612, -0.737500011920929, 1.6825000047683716, 0.06875000149011612, -0.737500011920929, 1.5575000047683716, -0.13124999403953552, -0.862500011920929, 1.5575000047683716, 0.06875000149011612, -0.862500011920929, 1.6825000047683716] applied=[-0.06875000149011612, -0.737500011920929, 1.6825000047683716, 0.06875000149011612, -0.737500011920929, 1.5575000047683716, -0.13124999403953552, -0.862500011920929, 1.5575000047683716, 0.06875000149011612, -0.862500011920929, 1.6825000047683716] current=[-0.01261513028293848, -0.8346711993217468, 1.7674568891525269, 0.04391542449593544, -0.9185677766799927, 1.7222013473510742, -0.10941784828901291, -0.8238591551780701, 1.6666629314422607, 0.07970743626356125, -0.5875247716903687, 1.6754406690597534]
[DIAG_INFER] step=91 policy_action_max=4.634394 applied_action_max=0.250000 obs_max=4.458021 history_nonzero_rows=9 position_clip=0 torque_clip=0 action=[4.634393692016602, 1.4965437650680542, 2.9835941791534424, -1.915605068206787, 0.1823744922876358, -1.0737987756729126, 0.27192920446395874, -0.7721121311187744, -2.0246291160583496, -0.6975797414779663, -2.849144697189331, 3.1014304161071777]
[DIAG_TARGET] step=91 target_error=0.000000000 default=[0.0, -0.7853981852531433, 1.8654682636260986, 0.0, -0.7853981852531433, 1.8654682636260986, 0.0, -0.7853981852531433, 1.8654682636260986, 0.0, -0.7853981852531433, 1.8654682636260986] desired=[-0.06875000149011612, -0.737500011920929, 1.6825000047683716, 0.06875000149011612, -0.7544063925743103, 1.5575000047683716, -0.06875000149011612, -0.862500011920929, 1.5575000047683716, 0.06875000149011612, -0.862500011920929, 1.6825000047683716] applied=[-0.06875000149011612, -0.737500011920929, 1.6825000047683716, 0.06875000149011612, -0.7544063925743103, 1.5575000047683716, -0.06875000149011612, -0.862500011920929, 1.5575000047683716, 0.06875000149011612, -0.862500011920929, 1.6825000047683716] current=[-0.004181111231446266, -0.8366001844406128, 1.7746590375900269, 0.05093422904610634, -0.9319457411766052, 1.7163028717041016, -0.1304778903722763, -0.8155859112739563, 1.6470288038253784, 0.05335827171802521, -0.5892941355705261, 1.70077383518219]
[DIAG_INFER] step=101 policy_action_max=4.909590 applied_action_max=0.250000 obs_max=4.634394 history_nonzero_rows=10 position_clip=0 torque_clip=0 action=[4.909590244293213, 1.9672203063964844, 3.5029850006103516, -1.6285487413406372, 0.7791180610656738, -1.2520195245742798, -0.6178365349769592, -1.1449646949768066, -1.3909776210784912, 0.44307056069374084, -3.2876293659210205, 3.863402843475342]
[DIAG_TARGET] step=101 target_error=0.000000000 default=[0.0, -0.7853981852531433, 1.8654682636260986, 0.0, -0.7853981852531433, 1.8654682636260986, 0.0, -0.7853981852531433, 1.8654682636260986, 0.0, -0.7853981852531433, 1.8654682636260986] desired=[-0.06875000149011612, -0.737500011920929, 1.6825000047683716, 0.06875000149011612, -0.737500011920929, 1.5575000047683716, -0.13124999403953552, -0.862500011920929, 1.5575000047683716, 0.13124999403953552, -0.862500011920929, 1.6825000047683716] applied=[-0.06875000149011612, -0.737500011920929, 1.6825000047683716, 0.06875000149011612, -0.737500011920929, 1.5575000047683716, -0.13124999403953552, -0.862500011920929, 1.5575000047683716, 0.13124999403953552, -0.862500011920929, 1.6825000047683716] current=[0.010015423409640789, -0.8447309136390686, 1.7820689678192139, 0.06278114765882492, -0.9512691497802734, 1.7138798236846924, -0.143625408411026, -0.8156217336654663, 1.6435446739196777, 0.04641488939523697, -0.7396768927574158, 1.6877329349517822]
[DIAG_INFER] step=111 policy_action_max=4.524825 applied_action_max=0.250000 obs_max=4.909590 history_nonzero_rows=11 position_clip=0 torque_clip=0 action=[4.524825096130371, 1.0804895162582397, 3.3118772506713867, -1.3356287479400635, 0.7783331274986267, -0.5689306259155273, -1.276244878768921, -1.7241016626358032, -1.41602623462677, -0.4865771234035492, -2.6919426918029785, 2.9383437633514404]
[DIAG_TARGET] step=111 target_error=0.000000000 default=[0.0, -0.7853981852531433, 1.8654682636260986, 0.0, -0.7853981852531433, 1.8654682636260986, 0.0, -0.7853981852531433, 1.8654682636260986, 0.0, -0.7853981852531433, 1.8654682636260986] desired=[-0.06875000149011612, -0.737500011920929, 1.6825000047683716, 0.06875000149011612, -0.737500011920929, 1.5575000047683716, -0.13124999403953552, -0.862500011920929, 1.5575000047683716, 0.06875000149011612, -0.862500011920929, 1.6825000047683716] applied=[-0.06875000149011612, -0.737500011920929, 1.6825000047683716, 0.06875000149011612, -0.737500011920929, 1.5575000047683716, -0.13124999403953552, -0.862500011920929, 1.5575000047683716, 0.06875000149011612, -0.862500011920929, 1.6825000047683716] current=[0.017246432602405548, -0.8547316789627075, 1.7920982837677002, 0.06804697960615158, -0.9694092273712158, 1.7144466638565063, -0.1590166687965393, -0.8225069046020508, 1.6519256830215454, 0.07199589163064957, -0.8265008330345154, 1.6932417154312134]
[DIAG_INFER] step=121 policy_action_max=4.017391 applied_action_max=0.250000 obs_max=4.524825 history_nonzero_rows=12 position_clip=0 torque_clip=0 action=[4.017391204833984, 0.6357370018959045, 2.8884003162384033, -1.0332101583480835, 0.4066201448440552, -0.5657702088356018, -1.0221705436706543, -1.695899486541748, -1.3680585622787476, -1.8948405981063843, -2.0542328357696533, 2.411874771118164]
[DIAG_TARGET] step=121 target_error=0.000000000 default=[0.0, -0.7853981852531433, 1.8654682636260986, 0.0, -0.7853981852531433, 1.8654682636260986, 0.0, -0.7853981852531433, 1.8654682636260986, 0.0, -0.7853981852531433, 1.8654682636260986] desired=[-0.06875000149011612, -0.737500011920929, 1.6825000047683716, 0.06875000149011612, -0.737500011920929, 1.5575000047683716, -0.13124999403953552, -0.862500011920929, 1.5575000047683716, 0.06875000149011612, -0.862500011920929, 1.6825000047683716] applied=[-0.06875000149011612, -0.737500011920929, 1.6825000047683716, 0.06875000149011612, -0.737500011920929, 1.5575000047683716, -0.13124999403953552, -0.862500011920929, 1.5575000047683716, 0.06875000149011612, -0.862500011920929, 1.6825000047683716] current=[0.011374480091035366, -0.8639004230499268, 1.8049688339233398, 0.060173045843839645, -0.9823166728019714, 1.7128534317016602, -0.18537361919879913, -0.8305330872535706, 1.666469693183899, 0.06628575921058655, -0.8572670817375183, 1.7047827243804932]
[DIAG_INFER] step=131 policy_action_max=4.364838 applied_action_max=0.250000 obs_max=4.017391 history_nonzero_rows=13 position_clip=0 torque_clip=0 action=[4.364837646484375, 1.2999358177185059, 2.8007400035858154, -1.0644296407699585, 0.16596992313861847, -1.2206907272338867, -1.3848152160644531, -1.7051913738250732, -1.4906150102615356, -1.5420180559158325, -2.067662000656128, 3.142428398132324]
[DIAG_TARGET] step=131 target_error=0.000000000 default=[0.0, -0.7853981852531433, 1.8654682636260986, 0.0, -0.7853981852531433, 1.8654682636260986, 0.0, -0.7853981852531433, 1.8654682636260986, 0.0, -0.7853981852531433, 1.8654682636260986] desired=[-0.06875000149011612, -0.737500011920929, 1.6825000047683716, 0.06875000149011612, -0.7585075497627258, 1.5575000047683716, -0.13124999403953552, -0.862500011920929, 1.5575000047683716, 0.06875000149011612, -0.862500011920929, 1.6825000047683716] applied=[-0.06875000149011612, -0.737500011920929, 1.6825000047683716, 0.06875000149011612, -0.7585075497627258, 1.5575000047683716, -0.13124999403953552, -0.862500011920929, 1.5575000047683716, 0.06875000149011612, -0.862500011920929, 1.6825000047683716] current=[0.011572035029530525, -0.8680921196937561, 1.8138322830200195, 0.058672018349170685, -0.9914410710334778, 1.7133187055587769, -0.20212556421756744, -0.8349751234054565, 1.6790719032287598, 0.051701437681913376, -0.87776118516922, 1.7269569635391235]
[DIAG_INFER] step=141 policy_action_max=4.419953 applied_action_max=0.250000 obs_max=4.364838 history_nonzero_rows=14 position_clip=0 torque_clip=0 action=[4.419952869415283, 1.305533528327942, 2.425354242324829, -1.1351768970489502, 0.31596070528030396, -1.2712501287460327, -2.0601999759674072, -1.5153868198394775, -1.5794661045074463, -1.0807956457138062, -1.9923830032348633, 3.11356520652771]
[DIAG_TARGET] step=141 target_error=0.000000000 default=[0.0, -0.7853981852531433, 1.8654682636260986, 0.0, -0.7853981852531433, 1.8654682636260986, 0.0, -0.7853981852531433, 1.8654682636260986, 0.0, -0.7853981852531433, 1.8654682636260986] desired=[-0.06875000149011612, -0.737500011920929, 1.6825000047683716, 0.06875000149011612, -0.737500011920929, 1.5575000047683716, -0.13124999403953552, -0.862500011920929, 1.5575000047683716, 0.06875000149011612, -0.862500011920929, 1.6825000047683716] applied=[-0.06875000149011612, -0.737500011920929, 1.6825000047683716, 0.06875000149011612, -0.737500011920929, 1.5575000047683716, -0.13124999403953552, -0.862500011920929, 1.5575000047683716, 0.06875000149011612, -0.862500011920929, 1.6825000047683716] current=[0.016015473753213882, -0.8670569658279419, 1.8184337615966797, 0.06191166117787361, -0.9958359599113464, 1.715396523475647, -0.2097783386707306, -0.8358520269393921, 1.6894757747650146, 0.045780546963214874, -0.8911092281341553, 1.7462762594223022]
[DIAG_INFER] step=151 policy_action_max=4.106148 applied_action_max=0.250000 obs_max=4.419953 history_nonzero_rows=15 position_clip=0 torque_clip=0 action=[4.106147766113281, 1.1924337148666382, 2.050097942352295, -0.9334959983825684, 0.19368518888950348, -0.7527751922607422, -2.343106746673584, -1.3171279430389404, -1.5666489601135254, -1.3160748481750488, -1.6383641958236694, 2.8241500854492188]
[DIAG_TARGET] step=151 target_error=0.000000000 default=[0.0, -0.7853981852531433, 1.8654682636260986, 0.0, -0.7853981852531433, 1.8654682636260986, 0.0, -0.7853981852531433, 1.8654682636260986, 0.0, -0.7853981852531433, 1.8654682636260986] desired=[-0.06875000149011612, -0.737500011920929, 1.6825000047683716, 0.06875000149011612, -0.751578688621521, 1.5575000047683716, -0.13124999403953552, -0.862500011920929, 1.5575000047683716, 0.06875000149011612, -0.862500011920929, 1.6825000047683716] applied=[-0.06875000149011612, -0.737500011920929, 1.6825000047683716, 0.06875000149011612, -0.751578688621521, 1.5575000047683716, -0.13124999403953552, -0.862500011920929, 1.5575000047683716, 0.06875000149011612, -0.862500011920929, 1.6825000047683716] current=[0.019281966611742973, -0.861160933971405, 1.8197429180145264, 0.06450319290161133, -0.9940670728683472, 1.7172287702560425, -0.21336160600185394, -0.8334750533103943, 1.698313593864441, 0.043548841029405594, -0.8955420255661011, 1.7601759433746338]
[DIAG_INFER] step=161 policy_action_max=3.914512 applied_action_max=0.250000 obs_max=4.106148 history_nonzero_rows=15 position_clip=0 torque_clip=0 action=[3.9145121574401855, 1.1099269390106201, 1.8898417949676514, -0.7220757603645325, 0.14949944615364075, -0.6777464151382446, -2.3301544189453125, -0.9538555145263672, -1.5621700286865234, -1.9819209575653076, -1.0598286390304565, 2.6898136138916016]
[DIAG_TARGET] step=161 target_error=0.000000000 default=[0.0, -0.7853981852531433, 1.8654682636260986, 0.0, -0.7853981852531433, 1.8654682636260986, 0.0, -0.7853981852531433, 1.8654682636260986, 0.0, -0.7853981852531433, 1.8654682636260986] desired=[-0.06875000149011612, -0.737500011920929, 1.6825000047683716, 0.06875000149011612, -0.7626251578330994, 1.5575000047683716, -0.13124999403953552, -0.862500011920929, 1.5575000047683716, 0.06875000149011612, -0.862500011920929, 1.6825000047683716] applied=[-0.06875000149011612, -0.737500011920929, 1.6825000047683716, 0.06875000149011612, -0.7626251578330994, 1.5575000047683716, -0.13124999403953552, -0.862500011920929, 1.5575000047683716, 0.06875000149011612, -0.862500011920929, 1.6825000047683716] current=[0.020350825041532516, -0.8509195446968079, 1.8181942701339722, 0.06542408466339111, -0.9863290786743164, 1.7184808254241943, -0.21409909427165985, -0.8284075260162354, 1.7061197757720947, 0.04390959441661835, -0.8914698362350464, 1.7687369585037231]
[DIAG_INFER] step=171 policy_action_max=3.824943 applied_action_max=0.250000 obs_max=3.914512 history_nonzero_rows=15 position_clip=0 torque_clip=0 action=[3.8249425888061523, 0.9641236066818237, 1.844484806060791, -0.58819580078125, 0.048748359084129333, -0.4918239116668701, -2.444977045059204, -0.8114287257194519, -1.5859730243682861, -2.4932281970977783, -0.6358808279037476, 2.4812004566192627]
[DIAG_TARGET] step=171 target_error=0.000000000 default=[0.0, -0.7853981852531433, 1.8654682636260986, 0.0, -0.7853981852531433, 1.8654682636260986, 0.0, -0.7853981852531433, 1.8654682636260986, 0.0, -0.7853981852531433, 1.8654682636260986] desired=[-0.06875000149011612, -0.737500011920929, 1.6825000047683716, 0.06875000149011612, -0.7878129482269287, 1.5575000047683716, -0.13124999403953552, -0.862500011920929, 1.5575000047683716, 0.06875000149011612, -0.862500011920929, 1.6825000047683716] applied=[-0.06875000149011612, -0.737500011920929, 1.6825000047683716, 0.06875000149011612, -0.7878129482269287, 1.5575000047683716, -0.13124999403953552, -0.862500011920929, 1.5575000047683716, 0.06875000149011612, -0.862500011920929, 1.6825000047683716] current=[0.019452672451734543, -0.8374395966529846, 1.8141905069351196, 0.06487024575471878, -0.973895251750946, 1.7192188501358032, -0.21250492334365845, -0.8220254778862, 1.7141188383102417, 0.04654919356107712, -0.8810089826583862, 1.773747444152832]
[DIAG_INFER] step=181 policy_action_max=3.836038 applied_action_max=0.250000 obs_max=3.824943 history_nonzero_rows=15 position_clip=0 torque_clip=0 action=[3.83603835105896, 0.9162179231643677, 1.7308356761932373, -0.49684634804725647, 0.011301711201667786, -0.46479880809783936, -2.663148880004883, -0.7681639194488525, -1.6513243913650513, -2.7544329166412354, -0.32918837666511536, 2.284552574157715]
[DIAG_TARGET] step=181 target_error=0.000000000 default=[0.0, -0.7853981852531433, 1.8654682636260986, 0.0, -0.7853981852531433, 1.8654682636260986, 0.0, -0.7853981852531433, 1.8654682636260986, 0.0, -0.7853981852531433, 1.8654682636260986] desired=[-0.06875000149011612, -0.737500011920929, 1.6825000047683716, 0.06875000149011612, -0.7971745729446411, 1.5575000047683716, -0.13124999403953552, -0.862500011920929, 1.5575000047683716, 0.06875000149011612, -0.862500011920929, 1.6825000047683716] applied=[-0.06875000149011612, -0.737500011920929, 1.6825000047683716, 0.06875000149011612, -0.7971745729446411, 1.5575000047683716, -0.13124999403953552, -0.862500011920929, 1.5575000047683716, 0.06875000149011612, -0.862500011920929, 1.6825000047683716] current=[0.017081404104828835, -0.8220803737640381, 1.8083932399749756, 0.06325157731771469, -0.9584276080131531, 1.719946265220642, -0.2089463323354721, -0.8157262802124023, 1.7236478328704834, 0.051317304372787476, -0.8666435480117798, 1.7773857116699219]
[DIAG_INFER] step=191 policy_action_max=3.733842 applied_action_max=0.250000 obs_max=3.836038 history_nonzero_rows=15 position_clip=0 torque_clip=0 action=[3.733842372894287, 0.9634140729904175, 1.5845742225646973, -0.26410016417503357, 0.004525572061538696, -0.35217952728271484, -2.6060967445373535, -0.7214688658714294, -1.495340347290039, -2.980036973953247, -0.22361347079277039, 2.0496573448181152]
[DIAG_TARGET] step=191 target_error=0.000000000 default=[0.0, -0.7853981852531433, 1.8654682636260986, 0.0, -0.7853981852531433, 1.8654682636260986, 0.0, -0.7853981852531433, 1.8654682636260986, 0.0, -0.7853981852531433, 1.8654682636260986] desired=[-0.06875000149011612, -0.737500011920929, 1.6825000047683716, 0.06875000149011612, -0.7988685965538025, 1.5575000047683716, -0.13124999403953552, -0.862500011920929, 1.5575000047683716, 0.06875000149011612, -0.8559033870697021, 1.6825000047683716] applied=[-0.06875000149011612, -0.737500011920929, 1.6825000047683716, 0.06875000149011612, -0.7988685965538025, 1.5575000047683716, -0.13124999403953552, -0.862500011920929, 1.5575000047683716, 0.06875000149011612, -0.8559033870697021, 1.6825000047683716] current=[0.01349478866904974, -0.8059895038604736, 1.801698923110962, 0.06073250249028206, -0.9413474798202515, 1.7209995985031128, -0.20431922376155853, -0.810299813747406, 1.7355543375015259, 0.05747370794415474, -0.8504604697227478, 1.781348466873169]
[DIAG_INFER] step=201 policy_action_max=3.941023 applied_action_max=0.250000 obs_max=3.733842 history_nonzero_rows=15 position_clip=0 torque_clip=0 action=[3.9410228729248047, 0.8142588138580322, 1.5647728443145752, -1.4409373998641968, -0.1486649066209793, -0.5635573267936707, -0.9121273756027222, 0.05319017916917801, -1.351699709892273, -2.8489484786987305, -0.37498143315315247, 2.1591076850891113]
[DIAG_TARGET] step=201 target_error=0.000000000 default=[0.0, -0.7853981852531433, 1.8654682636260986, 0.0, -0.7853981852531433, 1.8654682636260986, 0.0, -0.7853981852531433, 1.8654682636260986, 0.0, -0.7853981852531433, 1.8654682636260986] desired=[-0.06875000149011612, -0.737500011920929, 1.6825000047683716, 0.06875000149011612, -0.8371662497520447, 1.5575000047683716, -0.13124999403953552, -0.7867024540901184, 1.5575000047683716, 0.06875000149011612, -0.862500011920929, 1.6825000047683716] applied=[-0.06875000149011612, -0.737500011920929, 1.6825000047683716, 0.06875000149011612, -0.8371662497520447, 1.5575000047683716, -0.13124999403953552, -0.7867024540901184, 1.5575000047683716, 0.06875000149011612, -0.862500011920929, 1.6825000047683716] current=[0.00889628380537033, -0.7897137403488159, 1.7948347330093384, 0.057432640343904495, -0.9235415458679199, 1.722506046295166, -0.19947099685668945, -0.8057646155357361, 1.749919056892395, 0.06416825950145721, -0.8336321115493774, 1.7864679098129272]
[DIAG_INFER] step=211 policy_action_max=4.035509 applied_action_max=0.250000 obs_max=3.941023 history_nonzero_rows=15 position_clip=0 torque_clip=1 action=[4.03550910949707, 0.871307373046875, 1.7724418640136719, -1.3312610387802124, 0.2969038486480713, -0.4578555226325989, -0.854714572429657, -0.175215482711792, -1.3764879703521729, -2.8640823364257812, -0.3000495731830597, 2.715817451477051]
[DIAG_TARGET] step=211 target_error=0.000000000 default=[0.0, -0.7853981852531433, 1.8654682636260986, 0.0, -0.7853981852531433, 1.8654682636260986, 0.0, -0.7853981852531433, 1.8654682636260986, 0.0, -0.7853981852531433, 1.8654682636260986] desired=[-0.06875000149011612, -0.737500011920929, 1.6825000047683716, 0.06875000149011612, -0.737500011920929, 1.5575000047683716, -0.13124999403953552, -0.843803882598877, 1.5575000047683716, 0.06875000149011612, -0.78824383020401, 1.6825000047683716] applied=[-0.06875000149011612, -0.737500011920929, 1.6825000047683716, 0.06875000149011612, -0.737500011920929, 1.5575000047683716, -0.13124999403953552, -0.843803882598877, 1.5575000047683716, 0.06875000149011612, -0.78824383020401, 1.6825000047683716] current=[0.006289222743362188, -0.7723426222801208, 1.7884472608566284, 0.0558968149125576, -0.9057759642601013, 1.7252435684204102, -0.19400958716869354, -0.7993817329406738, 1.7642680406570435, 0.07157595455646515, -0.8168283700942993, 1.7934627532958984]
[DIAG_INFER] step=221 policy_action_max=4.210723 applied_action_max=0.250000 obs_max=4.035509 history_nonzero_rows=15 position_clip=0 torque_clip=1 action=[4.210722923278809, 0.4393136203289032, 1.7362821102142334, -1.5663756132125854, 0.3105507493019104, 0.13192570209503174, -1.3231852054595947, -0.01625918596982956, -1.5567362308502197, -3.379336357116699, -0.17327246069908142, 2.1785836219787598]
[DIAG_TARGET] step=221 target_error=0.000000000 default=[0.0, -0.7853981852531433, 1.8654682636260986, 0.0, -0.7853981852531433, 1.8654682636260986, 0.0, -0.7853981852531433, 1.8654682636260986, 0.0, -0.7853981852531433, 1.8654682636260986] desired=[-0.06875000149011612, -0.737500011920929, 1.6825000047683716, 0.06875000149011612, -0.737500011920929, 1.6529814004898071, -0.13124999403953552, -0.8040648102760315, 1.5575000047683716, 0.06875000149011612, -0.7127848267555237, 1.6825000047683716] applied=[-0.06875000149011612, -0.737500011920929, 1.6825000047683716, 0.06875000149011612, -0.737500011920929, 1.6529814004898071, -0.13124999403953552, -0.8040648102760315, 1.5575000047683716, 0.06875000149011612, -0.7127848267555237, 1.6825000047683716] current=[0.00025728371110744774, -0.7535186409950256, 1.7834395170211792, 0.050890155136585236, -0.8858150839805603, 1.7276291847229004, -0.1922154426574707, -0.7905411720275879, 1.7786473035812378, 0.07531281560659409, -0.7968580722808838, 1.798615574836731]
[DIAG_INFER] step=231 policy_action_max=4.680904 applied_action_max=0.250000 obs_max=4.210723 history_nonzero_rows=15 position_clip=0 torque_clip=1 action=[4.680904388427734, 0.5217266082763672, 2.040898084640503, -1.2829198837280273, 0.6917163729667664, 0.17650341987609863, -1.0927181243896484, 0.01755649596452713, -1.3823856115341187, -3.630557060241699, -0.06132376194000244, 3.008686065673828]
[DIAG_TARGET] step=231 target_error=0.000000000 default=[0.0, -0.7853981852531433, 1.8654682636260986, 0.0, -0.7853981852531433, 1.8654682636260986, 0.0, -0.7853981852531433, 1.8654682636260986, 0.0, -0.7853981852531433, 1.8654682636260986] desired=[-0.06875000149011612, -0.737500011920929, 1.6825000047683716, 0.06875000149011612, -0.737500011920929, 1.664125919342041, -0.13124999403953552, -0.7956109046936035, 1.5575000047683716, 0.06875000149011612, -0.5351431369781494, 1.6825000047683716] applied=[-0.06875000149011612, -0.737500011920929, 1.6825000047683716, 0.06875000149011612, -0.737500011920929, 1.664125919342041, -0.13124999403953552, -0.7956109046936035, 1.5575000047683716, 0.06875000149011612, -0.5351431369781494, 1.6825000047683716] current=[-0.00533377705141902, -0.7317073345184326, 1.7809562683105469, 0.0466601587831974, -0.8631939888000488, 1.7348884344100952, -0.18784096837043762, -0.7765073776245117, 1.790899634361267, 0.08146467804908752, -0.7697308659553528, 1.8009569644927979]
[DIAG_INFER] step=241 policy_action_max=5.612233 applied_action_max=0.250000 obs_max=4.680904 history_nonzero_rows=15 position_clip=0 torque_clip=1 action=[5.6122331619262695, -0.05138024687767029, 2.502678632736206, -1.813306450843811, 1.141727328300476, 0.5753825902938843, -1.6969361305236816, -0.3010764718055725, -1.7052607536315918, -4.692746639251709, -0.43522050976753235, 3.044363498687744]
[DIAG_TARGET] step=241 target_error=0.000000000 default=[0.0, -0.7853981852531433, 1.8654682636260986, 0.0, -0.7853981852531433, 1.8654682636260986, 0.0, -0.7853981852531433, 1.8654682636260986, 0.0, -0.7853981852531433, 1.8654682636260986] desired=[-0.06875000149011612, -0.8128450512886047, 1.6825000047683716, 0.06875000149011612, -0.737500011920929, 1.6825000047683716, -0.13124999403953552, -0.862500011920929, 1.5575000047683716, 0.06875000149011612, -0.3318983316421509, 1.6825000047683716] applied=[-0.06875000149011612, -0.8128450512886047, 1.6825000047683716, 0.06875000149011612, -0.737500011920929, 1.6825000047683716, -0.13124999403953552, -0.862500011920929, 1.5575000047683716, 0.06875000149011612, -0.3318983316421509, 1.6825000047683716] current=[-0.01373156625777483, -0.7063127160072327, 1.7836042642593384, 0.04032226651906967, -0.8361380100250244, 1.7498801946640015, -0.18198375403881073, -0.7555122375488281, 1.800515055656433, 0.09355528652667999, -0.7031995058059692, 1.787983775138855]
[DIAG_INFER] step=251 policy_action_max=3.652254 applied_action_max=0.250000 obs_max=5.612233 history_nonzero_rows=15 position_clip=0 torque_clip=0 action=[3.652254343032837, -0.768160343170166, 1.5557441711425781, -2.924273729324341, 0.9684798717498779, 0.49374717473983765, 0.5068116784095764, -0.4398568868637085, -1.2663545608520508, -3.10770583152771, -1.6642322540283203, 0.9815033674240112]
[DIAG_TARGET] step=251 target_error=0.000000000 default=[0.0, -0.7853981852531433, 1.8654682636260986, 0.0, -0.7853981852531433, 1.8654682636260986, 0.0, -0.7853981852531433, 1.8654682636260986, 0.0, -0.7853981852531433, 1.8654682636260986] desired=[-0.06875000149011612, -0.862500011920929, 1.6825000047683716, 0.06875000149011612, -0.737500011920929, 1.6825000047683716, -0.06875000149011612, -0.862500011920929, 1.5575000047683716, 0.06875000149011612, -0.862500011920929, 1.6825000047683716] applied=[-0.06875000149011612, -0.862500011920929, 1.6825000047683716, 0.06875000149011612, -0.737500011920929, 1.6825000047683716, -0.06875000149011612, -0.862500011920929, 1.5575000047683716, 0.06875000149011612, -0.862500011920929, 1.6825000047683716] current=[-0.03026071935892105, -0.6986850500106812, 1.7942482233047485, 0.03233920782804489, -0.8071948289871216, 1.7731382846832275, -0.17363034188747406, -0.7330452799797058, 1.812301754951477, 0.10057529807090759, -0.543366551399231, 1.7406724691390991]
[DIAG_INFER] step=261 policy_action_max=3.661196 applied_action_max=0.250000 obs_max=3.652254 history_nonzero_rows=15 position_clip=0 torque_clip=1 action=[1.7491267919540405, 1.7263495922088623, 0.13782960176467896, -3.6611955165863037, 0.4587498903274536, -0.08222008496522903, 1.8917393684387207, -1.3095033168792725, 0.39144378900527954, 0.17988264560699463, -2.264833450317383, 0.6175550818443298]
[DIAG_TARGET] step=261 target_error=0.000000000 default=[0.0, -0.7853981852531433, 1.8654682636260986, 0.0, -0.7853981852531433, 1.8654682636260986, 0.0, -0.7853981852531433, 1.8654682636260986, 0.0, -0.7853981852531433, 1.8654682636260986] desired=[-0.06875000149011612, -0.737500011920929, 1.654457449913025, 0.06875000149011612, -0.737500011920929, 1.5994449853897095, -0.06875000149011612, -0.862500011920929, 1.6825000047683716, 0.12248533219099045, -1.2234680652618408, 1.6825000047683716] applied=[-0.06875000149011612, -0.737500011920929, 1.654457449913025, 0.06875000149011612, -0.737500011920929, 1.5994449853897095, -0.06875000149011612, -0.862500011920929, 1.6825000047683716, 0.12248533219099045, -1.2234680652618408, 1.6825000047683716] current=[-0.03434104844927788, -0.7189837694168091, 1.8046947717666626, 0.04341587796807289, -0.7900723814964294, 1.8030955791473389, -0.14888499677181244, -0.7212412357330322, 1.8319671154022217, 0.10838910192251205, -0.5798020362854004, 1.791755199432373]
[DIAG_INFER] step=271 policy_action_max=2.657960 applied_action_max=0.250000 obs_max=3.661196 history_nonzero_rows=15 position_clip=0 torque_clip=0 action=[2.6579599380493164, 0.36634719371795654, 1.6299285888671875, -2.1571996212005615, 1.1479525566101074, 0.39404988288879395, 0.5312159657478333, -1.4949941635131836, -0.5856488943099976, -0.6509898900985718, -1.1393749713897705, 1.393565058708191]
[DIAG_TARGET] step=271 target_error=0.000000000 default=[0.0, -0.7853981852531433, 1.8654682636260986, 0.0, -0.7853981852531433, 1.8654682636260986, 0.0, -0.7853981852531433, 1.8654682636260986, 0.0, -0.7853981852531433, 1.8654682636260986] desired=[-0.06875000149011612, -0.737500011920929, 1.6825000047683716, 0.06875000149011612, -0.737500011920929, 1.6825000047683716, -0.06875000149011612, -0.862500011920929, 1.5575000047683716, 0.06875000149011612, -0.862500011920929, 1.6825000047683716] applied=[-0.06875000149011612, -0.737500011920929, 1.6825000047683716, 0.06875000149011612, -0.737500011920929, 1.6825000047683716, -0.06875000149011612, -0.862500011920929, 1.5575000047683716, 0.06875000149011612, -0.862500011920929, 1.6825000047683716] current=[-0.03066738322377205, -0.711496114730835, 1.8045706748962402, 0.05198369175195694, -0.7806347012519836, 1.8241242170333862, -0.13008242845535278, -0.7240634560585022, 1.8642034530639648, 0.14309591054916382, -0.7734593749046326, 1.8840365409851074]
[DIAG_INFER] step=281 policy_action_max=3.567301 applied_action_max=0.250000 obs_max=2.657960 history_nonzero_rows=15 position_clip=0 torque_clip=0 action=[3.56730055809021, -0.42313167452812195, 2.4655568599700928, -2.0858566761016846, 1.0646854639053345, 0.38635265827178955, -1.2517430782318115, -1.1293253898620605, -1.8608980178833008, -3.0404200553894043, -1.8741605281829834, 1.9854847192764282]
[DIAG_TARGET] step=281 target_error=0.000000000 default=[0.0, -0.7853981852531433, 1.8654682636260986, 0.0, -0.7853981852531433, 1.8654682636260986, 0.0, -0.7853981852531433, 1.8654682636260986, 0.0, -0.7853981852531433, 1.8654682636260986] desired=[-0.06875000149011612, -0.862500011920929, 1.6825000047683716, 0.06875000149011612, -0.737500011920929, 1.6825000047683716, -0.13124999403953552, -0.862500011920929, 1.5575000047683716, 0.06875000149011612, -0.862500011920929, 1.6825000047683716] applied=[-0.06875000149011612, -0.862500011920929, 1.6825000047683716, 0.06875000149011612, -0.737500011920929, 1.6825000047683716, -0.13124999403953552, -0.862500011920929, 1.5575000047683716, 0.06875000149011612, -0.862500011920929, 1.6825000047683716] current=[-0.04292193055152893, -0.7022348642349243, 1.8054611682891846, 0.04059857875108719, -0.7660441994667053, 1.8334676027297974, -0.13135722279548645, -0.7261481881141663, 1.8968204259872437, 0.15503934025764465, -0.7993093729019165, 1.914228916168213]
[DIAG_INFER] step=291 policy_action_max=3.042506 applied_action_max=0.250000 obs_max=3.567301 history_nonzero_rows=15 position_clip=0 torque_clip=1 action=[3.0425055027008057, 0.16094520688056946, 1.7434542179107666, -2.067073345184326, 0.7237464189529419, -0.6567330360412598, 1.2131669521331787, -0.8405717611312866, -0.9135819673538208, -2.7859880924224854, -2.518433094024658, 0.5700809359550476]
[DIAG_TARGET] step=291 target_error=0.000000000 default=[0.0, -0.7853981852531433, 1.8654682636260986, 0.0, -0.7853981852531433, 1.8654682636260986, 0.0, -0.7853981852531433, 1.8654682636260986, 0.0, -0.7853981852531433, 1.8654682636260986] desired=[-0.06875000149011612, -0.7597637176513672, 1.6825000047683716, 0.06875000149011612, -0.737500011920929, 1.5575000047683716, -0.06875000149011612, -0.862500011920929, 1.5575000047683716, 0.05566298961639404, -0.862500011920929, 1.6825000047683716] applied=[-0.06875000149011612, -0.7597637176513672, 1.6825000047683716, 0.06875000149011612, -0.737500011920929, 1.5575000047683716, -0.06875000149011612, -0.862500011920929, 1.5575000047683716, 0.05566298961639404, -0.862500011920929, 1.6825000047683716] current=[-0.06098869815468788, -0.7130034565925598, 1.810924768447876, 0.024959959089756012, -0.7494739890098572, 1.8377659320831299, -0.13882452249526978, -0.7240055203437805, 1.9240646362304688, 0.15346524119377136, -0.786600649356842, 1.9348609447479248]
[DIAG_INFER] step=301 policy_action_max=3.671627 applied_action_max=0.250000 obs_max=3.042506 history_nonzero_rows=15 position_clip=0 torque_clip=1 action=[3.671626567840576, 0.5320645570755005, 2.132049560546875, -0.749648928642273, 0.5140953660011292, 0.475259006023407, -0.6963549852371216, 0.41698145866394043, -2.360039472579956, -3.5424091815948486, -1.4986103773117065, 2.4692013263702393]
[DIAG_TARGET] step=301 target_error=0.000000000 default=[0.0, -0.7853981852531433, 1.8654682636260986, 0.0, -0.7853981852531433, 1.8654682636260986, 0.0, -0.7853981852531433, 1.8654682636260986, 0.0, -0.7853981852531433, 1.8654682636260986] desired=[-0.06875000149011612, -0.737500011920929, 1.6825000047683716, 0.06875000149011612, -0.737500011920929, 1.6825000047683716, -0.13124999403953552, -0.737500011920929, 1.5575000047683716, 0.06875000149011612, -0.836048424243927, 1.6825000047683716] applied=[-0.06875000149011612, -0.737500011920929, 1.6825000047683716, 0.06875000149011612, -0.737500011920929, 1.6825000047683716, -0.13124999403953552, -0.737500011920929, 1.5575000047683716, 0.06875000149011612, -0.836048424243927, 1.6825000047683716] current=[-0.06863828748464584, -0.6990296244621277, 1.8030312061309814, 0.01734515279531479, -0.7317644357681274, 1.8344876766204834, -0.14187970757484436, -0.7166051268577576, 1.9417999982833862, 0.15501073002815247, -0.7740139961242676, 1.9515056610107422]
[DIAG_INFER] step=311 policy_action_max=3.661710 applied_action_max=0.250000 obs_max=3.671627 history_nonzero_rows=15 position_clip=0 torque_clip=1 action=[3.661710023880005, 0.7304333448410034, 2.295046329498291, 0.02978828363120556, 0.1664573699235916, 0.5837876796722412, -0.27614516019821167, 0.5536547303199768, -1.6374284029006958, -3.04508376121521, -1.2048872709274292, 3.479799747467041]
[DIAG_TARGET] step=311 target_error=0.000000000 default=[0.0, -0.7853981852531433, 1.8654682636260986, 0.0, -0.7853981852531433, 1.8654682636260986, 0.0, -0.7853981852531433, 1.8654682636260986, 0.0, -0.7853981852531433, 1.8654682636260986] desired=[-0.06875000149011612, -0.737500011920929, 1.6825000047683716, 0.10372353345155716, -0.7583856582641602, 1.6825000047683716, -0.13124999403953552, -0.737500011920929, 1.5575000047683716, 0.06875000149011612, -0.48920202255249023, 1.6825000047683716] applied=[-0.06875000149011612, -0.737500011920929, 1.6825000047683716, 0.10372353345155716, -0.7583856582641602, 1.6825000047683716, -0.13124999403953552, -0.737500011920929, 1.5575000047683716, 0.06875000149011612, -0.48920202255249023, 1.6825000047683716] current=[-0.0698838010430336, -0.6776529550552368, 1.7909404039382935, 0.01581428200006485, -0.7114183306694031, 1.8261626958847046, -0.1446634978055954, -0.6992560625076294, 1.9476910829544067, 0.155280202627182, -0.7580184936523438, 1.96243155002594]
[DIAG_INFER] step=321 policy_action_max=3.959538 applied_action_max=0.250000 obs_max=3.661710 history_nonzero_rows=15 position_clip=0 torque_clip=1 action=[3.959538221359253, 0.4237680733203888, 2.440622568130493, -0.15191957354545593, 0.4434243440628052, 0.48912250995635986, -0.43093252182006836, 0.5301721692085266, -1.806159257888794, -3.516057014465332, -1.2429304122924805, 3.8006715774536133]
[DIAG_TARGET] step=321 target_error=0.000000000 default=[0.0, -0.7853981852531433, 1.8654682636260986, 0.0, -0.7853981852531433, 1.8654682636260986, 0.0, -0.7853981852531433, 1.8654682636260986, 0.0, -0.7853981852531433, 1.8654682636260986] desired=[-0.06875000149011612, -0.737500011920929, 1.6825000047683716, 0.08101005852222443, -0.737500011920929, 1.6825000047683716, -0.13124999403953552, -0.737500011920929, 1.5575000047683716, 0.06875000149011612, -0.57691490650177, 1.6825000047683716] applied=[-0.06875000149011612, -0.737500011920929, 1.6825000047683716, 0.08101005852222443, -0.737500011920929, 1.6825000047683716, -0.13124999403953552, -0.737500011920929, 1.5575000047683716, 0.06875000149011612, -0.57691490650177, 1.6825000047683716] current=[-0.06997555494308472, -0.6523704528808594, 1.7822891473770142, 0.022530337795615196, -0.6866548657417297, 1.817796230316162, -0.14740237593650818, -0.6680778861045837, 1.9408462047576904, 0.16087692975997925, -0.6874141097068787, 1.9437466859817505]
[DIAG_INFER] step=331 policy_action_max=3.393213 applied_action_max=0.250000 obs_max=3.959538 history_nonzero_rows=15 position_clip=0 torque_clip=0 action=[3.2824432849884033, 0.19838503003120422, 2.140038251876831, -0.5410409569740295, 0.31519660353660583, 0.4635156989097595, 0.608685314655304, 0.2217639684677124, -1.0341825485229492, -3.3162336349487305, -1.6383366584777832, 3.3932125568389893]
[DIAG_TARGET] step=331 target_error=0.000000000 default=[0.0, -0.7853981852531433, 1.8654682636260986, 0.0, -0.7853981852531433, 1.8654682636260986, 0.0, -0.7853981852531433, 1.8654682636260986, 0.0, -0.7853981852531433, 1.8654682636260986] desired=[-0.06875000149011612, -0.7504037618637085, 1.6825000047683716, 0.06875000149011612, -0.737500011920929, 1.6825000047683716, -0.06875000149011612, -0.7445590496063232, 1.5575000047683716, 0.06875000149011612, -0.862500011920929, 1.6825000047683716] applied=[-0.06875000149011612, -0.7504037618637085, 1.6825000047683716, 0.06875000149011612, -0.737500011920929, 1.6825000047683716, -0.06875000149011612, -0.7445590496063232, 1.5575000047683716, 0.06875000149011612, -0.862500011920929, 1.6825000047683716] current=[-0.07230836153030396, -0.6373470425605774, 1.7816461324691772, 0.02633628062903881, -0.658586323261261, 1.8122227191925049, -0.1519434005022049, -0.6294189691543579, 1.9272606372833252, 0.15814614295959473, -0.6431137919425964, 1.9324499368667603]
[DIAG_INFER] step=341 policy_action_max=2.867451 applied_action_max=0.250000 obs_max=3.393213 history_nonzero_rows=15 position_clip=0 torque_clip=0 action=[2.8674511909484863, 1.1014211177825928, 1.60823392868042, -0.3031303882598877, -0.025789126753807068, -1.1345616579055786, 0.6714960932731628, -0.27833521366119385, -1.9345219135284424, -1.5881229639053345, -2.8287434577941895, 2.5609991550445557]
[DIAG_TARGET] step=341 target_error=0.000000000 default=[0.0, -0.7853981852531433, 1.8654682636260986, 0.0, -0.7853981852531433, 1.8654682636260986, 0.0, -0.7853981852531433, 1.8654682636260986, 0.0, -0.7853981852531433, 1.8654682636260986] desired=[-0.06875000149011612, -0.737500011920929, 1.6825000047683716, 0.06875000149011612, -0.8064472675323486, 1.5575000047683716, -0.06875000149011612, -0.862500011920929, 1.5575000047683716, 0.06875000149011612, -0.862500011920929, 1.6825000047683716] applied=[-0.06875000149011612, -0.737500011920929, 1.6825000047683716, 0.06875000149011612, -0.8064472675323486, 1.5575000047683716, -0.06875000149011612, -0.862500011920929, 1.5575000047683716, 0.06875000149011612, -0.862500011920929, 1.6825000047683716] current=[-0.066490538418293, -0.6363010406494141, 1.7844992876052856, 0.037576112896203995, -0.6355195045471191, 1.8102396726608276, -0.15015625953674316, -0.5929310917854309, 1.9128966331481934, 0.16114826500415802, -0.6205969452857971, 1.935271143913269]
[DIAG_INFER] step=351 policy_action_max=3.194151 applied_action_max=0.250000 obs_max=2.867451 history_nonzero_rows=15 position_clip=0 torque_clip=0 action=[2.819791078567505, 1.3446546792984009, 1.3672430515289307, -0.2317887246608734, 0.44063377380371094, -0.2907593250274658, 0.38643550872802734, -0.18762600421905518, -1.9111024141311646, -1.057120680809021, -3.194150924682617, 1.773795485496521]
[DIAG_TARGET] step=351 target_error=0.000000000 default=[0.0, -0.7853981852531433, 1.8654682636260986, 0.0, -0.7853981852531433, 1.8654682636260986, 0.0, -0.7853981852531433, 1.8654682636260986, 0.0, -0.7853981852531433, 1.8654682636260986] desired=[-0.06875000149011612, -0.737500011920929, 1.6825000047683716, 0.07102641463279724, -0.737500011920929, 1.5575000047683716, -0.06875000149011612, -0.8469065427780151, 1.5575000047683716, 0.06875000149011612, -0.862500011920929, 1.6825000047683716] applied=[-0.06875000149011612, -0.737500011920929, 1.6825000047683716, 0.07102641463279724, -0.737500011920929, 1.5575000047683716, -0.06875000149011612, -0.8469065427780151, 1.5575000047683716, 0.06875000149011612, -0.862500011920929, 1.6825000047683716] current=[-0.06202635541558266, -0.6395134925842285, 1.7820284366607666, 0.04780931770801544, -0.6216464042663574, 1.8022383451461792, -0.1530986726284027, -0.5695236921310425, 1.9076838493347168, 0.16057567298412323, -0.6120584011077881, 1.9488822221755981]
[DIAG_INFER] step=361 policy_action_max=3.394056 applied_action_max=0.250000 obs_max=3.194151 history_nonzero_rows=15 position_clip=0 torque_clip=0 action=[2.796065092086792, 1.4132698774337769, 1.3403671979904175, -0.18564996123313904, 0.3741235136985779, -0.838283360004425, 0.45999008417129517, -0.34354710578918457, -1.6146249771118164, -0.9466373324394226, -3.3940560817718506, 1.3778830766677856]
[DIAG_TARGET] step=361 target_error=0.000000000 default=[0.0, -0.7853981852531433, 1.8654682636260986, 0.0, -0.7853981852531433, 1.8654682636260986, 0.0, -0.7853981852531433, 1.8654682636260986, 0.0, -0.7853981852531433, 1.8654682636260986] desired=[-0.06875000149011612, -0.737500011920929, 1.6825000047683716, 0.07679376006126404, -0.737500011920929, 1.5575000047683716, -0.06875000149011612, -0.862500011920929, 1.5575000047683716, 0.06875000149011612, -0.862500011920929, 1.6825000047683716] applied=[-0.06875000149011612, -0.737500011920929, 1.6825000047683716, 0.07679376006126404, -0.737500011920929, 1.5575000047683716, -0.06875000149011612, -0.862500011920929, 1.5575000047683716, 0.06875000149011612, -0.862500011920929, 1.6825000047683716] current=[-0.058714307844638824, -0.6452576518058777, 1.7734726667404175, 0.05447153002023697, -0.6173238158226013, 1.785408854484558, -0.16233253479003906, -0.559611976146698, 1.9122309684753418, 0.15450550615787506, -0.6186609864234924, 1.9711432456970215]
[DIAG_INFER] step=371 policy_action_max=3.724027 applied_action_max=0.250000 obs_max=3.394056 history_nonzero_rows=15 position_clip=0 torque_clip=0 action=[2.7669129371643066, 1.3713972568511963, 1.4190821647644043, -0.5388508439064026, 0.2763182520866394, -0.8234611749649048, 0.35365569591522217, -0.6634969711303711, -1.419672966003418, -0.6869374513626099, -3.724026918411255, 1.064226746559143]
[DIAG_TARGET] step=371 target_error=0.000000000 default=[0.0, -0.7853981852531433, 1.8654682636260986, 0.0, -0.7853981852531433, 1.8654682636260986, 0.0, -0.7853981852531433, 1.8654682636260986, 0.0, -0.7853981852531433, 1.8654682636260986] desired=[-0.06875000149011612, -0.737500011920929, 1.6825000047683716, 0.06875000149011612, -0.737500011920929, 1.5575000047683716, -0.06875000149011612, -0.862500011920929, 1.5575000047683716, 0.06875000149011612, -0.862500011920929, 1.6825000047683716] applied=[-0.06875000149011612, -0.737500011920929, 1.6825000047683716, 0.06875000149011612, -0.737500011920929, 1.5575000047683716, -0.06875000149011612, -0.862500011920929, 1.5575000047683716, 0.06875000149011612, -0.862500011920929, 1.6825000047683716] current=[-0.05484304204583168, -0.6554657220840454, 1.7601027488708496, 0.060659121721982956, -0.6193665862083435, 1.7623392343521118, -0.17274218797683716, -0.5591893196105957, 1.9228280782699585, 0.14763429760932922, -0.6354572772979736, 1.9986119270324707]
[DIAG_INFER] step=381 policy_action_max=3.945792 applied_action_max=0.250000 obs_max=3.724027 history_nonzero_rows=15 position_clip=0 torque_clip=0 action=[2.8627512454986572, 1.2481071949005127, 1.4979771375656128, -0.7438778877258301, 0.20246808230876923, -0.8721666932106018, 0.20936530828475952, -0.7511239051818848, -1.370863437652588, -0.5298553705215454, -3.9457919597625732, 0.8848484754562378]
[DIAG_TARGET] step=381 target_error=0.000000000 default=[0.0, -0.7853981852531433, 1.8654682636260986, 0.0, -0.7853981852531433, 1.8654682636260986, 0.0, -0.7853981852531433, 1.8654682636260986, 0.0, -0.7853981852531433, 1.8654682636260986] desired=[-0.06875000149011612, -0.737500011920929, 1.6825000047683716, 0.06875000149011612, -0.7493829727172852, 1.5575000047683716, -0.07382933795452118, -0.862500011920929, 1.5575000047683716, 0.06875000149011612, -0.862500011920929, 1.6825000047683716] applied=[-0.06875000149011612, -0.737500011920929, 1.6825000047683716, 0.06875000149011612, -0.7493829727172852, 1.5575000047683716, -0.07382933795452118, -0.862500011920929, 1.5575000047683716, 0.06875000149011612, -0.862500011920929, 1.6825000047683716] current=[-0.05164577066898346, -0.6700016856193542, 1.7437318563461304, 0.06600705534219742, -0.6245681643486023, 1.735466718673706, -0.18267279863357544, -0.5650957822799683, 1.9367972612380981, 0.14131848514080048, -0.6574193835258484, 2.027350902557373]
[DIAG_INFER] step=391 policy_action_max=4.095693 applied_action_max=0.250000 obs_max=3.945792 history_nonzero_rows=15 position_clip=0 torque_clip=0 action=[3.067617893218994, 1.171953797340393, 1.5220251083374023, -0.8753060102462769, 0.21082232892513275, -0.7452635765075684, 0.14339053630828857, -0.7989310026168823, -1.378037452697754, -0.39406993985176086, -4.0956926345825195, 0.8597193956375122]
[DIAG_TARGET] step=391 target_error=0.000000000 default=[0.0, -0.7853981852531433, 1.8654682636260986, 0.0, -0.7853981852531433, 1.8654682636260986, 0.0, -0.7853981852531433, 1.8654682636260986, 0.0, -0.7853981852531433, 1.8654682636260986] desired=[-0.06875000149011612, -0.737500011920929, 1.6825000047683716, 0.06875000149011612, -0.7472944259643555, 1.5575000047683716, -0.08207618445158005, -0.862500011920929, 1.5575000047683716, 0.06875000149011612, -0.862500011920929, 1.6825000047683716] applied=[-0.06875000149011612, -0.737500011920929, 1.6825000047683716, 0.06875000149011612, -0.7472944259643555, 1.5575000047683716, -0.08207618445158005, -0.862500011920929, 1.5575000047683716, 0.06875000149011612, -0.862500011920929, 1.6825000047683716] current=[-0.04910513013601303, -0.6868464946746826, 1.7259958982467651, 0.07088873535394669, -0.6302812099456787, 1.7071819305419922, -0.19088368117809296, -0.5738437175750732, 1.951244592666626, 0.13647499680519104, -0.6804015636444092, 2.0543527603149414]
[DIAG_INFER] step=401 policy_action_max=4.076600 applied_action_max=0.250000 obs_max=4.095693 history_nonzero_rows=15 position_clip=0 torque_clip=0 action=[3.1809771060943604, 1.110388159751892, 1.4843038320541382, -0.7991259098052979, 0.4382714033126831, -0.5943596959114075, 0.29723984003067017, -0.8434890508651733, -1.2467230558395386, -0.4530050456523895, -4.076599597930908, 0.9101735353469849]
[DIAG_TARGET] step=401 target_error=0.000000000 default=[0.0, -0.7853981852531433, 1.8654682636260986, 0.0, -0.7853981852531433, 1.8654682636260986, 0.0, -0.7853981852531433, 1.8654682636260986, 0.0, -0.7853981852531433, 1.8654682636260986] desired=[-0.06875000149011612, -0.737500011920929, 1.6825000047683716, 0.06875000149011612, -0.737500011920929, 1.5575000047683716, -0.06875000149011612, -0.862500011920929, 1.5575000047683716, 0.06875000149011612, -0.862500011920929, 1.6825000047683716] applied=[-0.06875000149011612, -0.737500011920929, 1.6825000047683716, 0.06875000149011612, -0.737500011920929, 1.5575000047683716, -0.06875000149011612, -0.862500011920929, 1.5575000047683716, 0.06875000149011612, -0.862500011920929, 1.6825000047683716] current=[-0.047779593616724014, -0.7038905620574951, 1.7089083194732666, 0.07507447898387909, -0.63449627161026, 1.6799949407577515, -0.1971321403980255, -0.5822454690933228, 1.9637330770492554, 0.13303881883621216, -0.7005571722984314, 2.0769264698028564]
[DIAG_INFER] step=411 policy_action_max=3.938821 applied_action_max=0.250000 obs_max=4.076600 history_nonzero_rows=15 position_clip=0 torque_clip=0 action=[3.2784762382507324, 1.0370454788208008, 1.4081491231918335, -0.5484005808830261, 0.6181334257125854, -0.5279476642608643, 0.3976268768310547, -0.6468243598937988, -1.431172251701355, -0.5320447087287903, -3.9388208389282227, 1.1426249742507935]
[DIAG_TARGET] step=411 target_error=0.000000000 default=[0.0, -0.7853981852531433, 1.8654682636260986, 0.0, -0.7853981852531433, 1.8654682636260986, 0.0, -0.7853981852531433, 1.8654682636260986, 0.0, -0.7853981852531433, 1.8654682636260986] desired=[-0.06875000149011612, -0.737500011920929, 1.6825000047683716, 0.06875000149011612, -0.737500011920929, 1.5575000047683716, -0.06875000149011612, -0.862500011920929, 1.5575000047683716, 0.06875000149011612, -0.862500011920929, 1.6825000047683716] applied=[-0.06875000149011612, -0.737500011920929, 1.6825000047683716, 0.06875000149011612, -0.737500011920929, 1.5575000047683716, -0.06875000149011612, -0.862500011920929, 1.5575000047683716, 0.06875000149011612, -0.862500011920929, 1.6825000047683716] current=[-0.04616643860936165, -0.7191234230995178, 1.6937429904937744, 0.08010876923799515, -0.6369717121124268, 1.657135009765625, -0.19909708201885223, -0.5879684090614319, 1.9722598791122437, 0.1331060826778412, -0.714825451374054, 2.093426465988159]
[DIAG_INFER] step=421 policy_action_max=3.590335 applied_action_max=0.250000 obs_max=3.938821 history_nonzero_rows=15 position_clip=0 torque_clip=0 action=[3.3849987983703613, 0.699453592300415, 1.4420720338821411, -0.3985360562801361, 0.8872277736663818, -0.04193992167711258, 0.19722002744674683, -0.2929861545562744, -1.7695642709732056, -1.0074270963668823, -3.5903353691101074, 1.8159165382385254]
[DIAG_TARGET] step=421 target_error=0.000000000 default=[0.0, -0.7853981852531433, 1.8654682636260986, 0.0, -0.7853981852531433, 1.8654682636260986, 0.0, -0.7853981852531433, 1.8654682636260986, 0.0, -0.7853981852531433, 1.8654682636260986] desired=[-0.06875000149011612, -0.737500011920929, 1.6825000047683716, 0.06875000149011612, -0.737500011920929, 1.6095150709152222, -0.07534749805927277, -0.862500011920929, 1.5575000047683716, 0.06875000149011612, -0.862500011920929, 1.6825000047683716] applied=[-0.06875000149011612, -0.737500011920929, 1.6825000047683716, 0.06875000149011612, -0.737500011920929, 1.6095150709152222, -0.07534749805927277, -0.862500011920929, 1.5575000047683716, 0.06875000149011612, -0.862500011920929, 1.6825000047683716] current=[-0.046490490436553955, -0.7294870018959045, 1.6853861808776855, 0.08337202668190002, -0.6425952315330505, 1.6430398225784302, -0.19809776544570923, -0.5897740721702576, 1.976227879524231, 0.13525640964508057, -0.7215526103973389, 2.1026620864868164]
[DIAG_INFER] step=431 policy_action_max=3.526313 applied_action_max=0.250000 obs_max=3.590335 history_nonzero_rows=15 position_clip=0 torque_clip=0 action=[3.526313304901123, 0.4086909592151642, 1.653688907623291, -0.5824224948883057, 0.7792200446128845, 0.22645747661590576, 0.18969941139221191, -0.1456838846206665, -1.7568533420562744, -1.5332156419754028, -3.401296615600586, 2.660879373550415]
[DIAG_TARGET] step=431 target_error=0.000000000 default=[0.0, -0.7853981852531433, 1.8654682636260986, 0.0, -0.7853981852531433, 1.8654682636260986, 0.0, -0.7853981852531433, 1.8654682636260986, 0.0, -0.7853981852531433, 1.8654682636260986] desired=[-0.06875000149011612, -0.737500011920929, 1.6825000047683716, 0.06875000149011612, -0.737500011920929, 1.6766144037246704, -0.07628757506608963, -0.836421012878418, 1.5575000047683716, 0.06875000149011612, -0.862500011920929, 1.6825000047683716] applied=[-0.06875000149011612, -0.737500011920929, 1.6825000047683716, 0.06875000149011612, -0.737500011920929, 1.6766144037246704, -0.07628757506608963, -0.836421012878418, 1.5575000047683716, 0.06875000149011612, -0.862500011920929, 1.6825000047683716] current=[-0.04791099950671196, -0.7330394983291626, 1.682138442993164, 0.07917667925357819, -0.664635181427002, 1.6486437320709229, -0.19452601671218872, -0.5874524712562561, 1.9757640361785889, 0.13918058574199677, -0.7200846076011658, 2.1046478748321533]
[DIAG_INFER] step=441 policy_action_max=3.550566 applied_action_max=0.250000 obs_max=3.526313 history_nonzero_rows=15 position_clip=0 torque_clip=0 action=[3.5505659580230713, 0.2288983166217804, 1.8330812454223633, -0.4861045777797699, 0.7219918370246887, 0.3283765912055969, 0.22452330589294434, -0.0013517066836357117, -1.7397925853729248, -1.9520372152328491, -3.19690203666687, 3.1903533935546875]
[DIAG_TARGET] step=441 target_error=0.000000000 default=[0.0, -0.7853981852531433, 1.8654682636260986, 0.0, -0.7853981852531433, 1.8654682636260986, 0.0, -0.7853981852531433, 1.8654682636260986, 0.0, -0.7853981852531433, 1.8654682636260986] desired=[-0.06875000149011612, -0.7427754402160645, 1.6825000047683716, 0.06875000149011612, -0.737500011920929, 1.6825000047683716, -0.07193458825349808, -0.8003379106521606, 1.5575000047683716, 0.06875000149011612, -0.862500011920929, 1.6825000047683716] applied=[-0.06875000149011612, -0.7427754402160645, 1.6825000047683716, 0.06875000149011612, -0.737500011920929, 1.6825000047683716, -0.07193458825349808, -0.8003379106521606, 1.5575000047683716, 0.06875000149011612, -0.862500011920929, 1.6825000047683716] current=[-0.048790737986564636, -0.7326945066452026, 1.6811798810958862, 0.06859026849269867, -0.6969965696334839, 1.6701209545135498, -0.18775546550750732, -0.5797839760780334, 1.9703245162963867, 0.14556428790092468, -0.7103277444839478, 2.1004841327667236]
[DIAG_INFER] step=451 policy_action_max=3.454611 applied_action_max=0.250000 obs_max=3.550566 history_nonzero_rows=15 position_clip=0 torque_clip=0 action=[3.454610824584961, 0.24346128106117249, 1.6857283115386963, -0.517257034778595, 0.6524783968925476, 0.15847313404083252, 0.21164053678512573, -0.013966672122478485, -1.8156324625015259, -2.0707929134368896, -3.158266544342041, 2.742374897003174]
[DIAG_TARGET] step=451 target_error=0.000000000 default=[0.0, -0.7853981852531433, 1.8654682636260986, 0.0, -0.7853981852531433, 1.8654682636260986, 0.0, -0.7853981852531433, 1.8654682636260986, 0.0, -0.7853981852531433, 1.8654682636260986] desired=[-0.06875000149011612, -0.739134669303894, 1.6825000047683716, 0.06875000149011612, -0.737500011920929, 1.6596182584762573, -0.0735449343919754, -0.8034916520118713, 1.5575000047683716, 0.06875000149011612, -0.862500011920929, 1.6825000047683716] applied=[-0.06875000149011612, -0.739134669303894, 1.6825000047683716, 0.06875000149011612, -0.737500011920929, 1.6596182584762573, -0.0735449343919754, -0.8034916520118713, 1.5575000047683716, 0.06875000149011612, -0.862500011920929, 1.6825000047683716] current=[-0.0504666343331337, -0.7336689233779907, 1.681168556213379, 0.0643756315112114, -0.7104862928390503, 1.688909649848938, -0.17961259186267853, -0.5664024353027344, 1.9604674577713013, 0.1527712345123291, -0.6927372217178345, 2.091059446334839]
[DIAG_INFER] step=461 policy_action_max=3.421766 applied_action_max=0.250000 obs_max=3.454611 history_nonzero_rows=15 position_clip=0 torque_clip=0 action=[3.4217662811279297, 0.2527814209461212, 1.6549206972122192, -0.4884471595287323, 0.7522342801094055, 0.17358171939849854, 0.3553357720375061, 0.13941776752471924, -1.804673671722412, -2.0810861587524414, -3.107239246368408, 2.806274652481079]
[DIAG_TARGET] step=461 target_error=0.000000000 default=[0.0, -0.7853981852531433, 1.8654682636260986, 0.0, -0.7853981852531433, 1.8654682636260986, 0.0, -0.7853981852531433, 1.8654682636260986, 0.0, -0.7853981852531433, 1.8654682636260986] desired=[-0.06875000149011612, -0.737500011920929, 1.6825000047683716, 0.06875000149011612, -0.737500011920929, 1.6633954048156738, -0.06875000149011612, -0.7651455402374268, 1.5575000047683716, 0.06875000149011612, -0.862500011920929, 1.6825000047683716] applied=[-0.06875000149011612, -0.737500011920929, 1.6825000047683716, 0.06875000149011612, -0.737500011920929, 1.6633954048156738, -0.06875000149011612, -0.7651455402374268, 1.5575000047683716, 0.06875000149011612, -0.862500011920929, 1.6825000047683716] current=[-0.05309782177209854, -0.7348176836967468, 1.680835247039795, 0.06423097848892212, -0.700909435749054, 1.6999130249023438, -0.175090953707695, -0.5494494438171387, 1.948804259300232, 0.15609098970890045, -0.6706399321556091, 2.07807993888855]
[DIAG_INFER] step=471 policy_action_max=5.480983 applied_action_max=0.250000 obs_max=3.421766 history_nonzero_rows=15 position_clip=0 torque_clip=0 action=[4.458707809448242, -1.094954252243042, 3.1172332763671875, -1.1498080492019653, 1.5067662000656128, 0.07168614119291306, 0.5685213208198547, 0.6373047232627869, -1.1446726322174072, -4.010682106018066, -2.5092501640319824, 5.480983257293701]
[DIAG_TARGET] step=471 target_error=0.000000000 default=[0.0, -0.7853981852531433, 1.8654682636260986, 0.0, -0.7853981852531433, 1.8654682636260986, 0.0, -0.7853981852531433, 1.8654682636260986, 0.0, -0.7853981852531433, 1.8654682636260986] desired=[-0.06875000149011612, -0.862500011920929, 1.6825000047683716, 0.06875000149011612, -0.737500011920929, 1.6379215717315674, -0.06875000149011612, -0.737500011920929, 1.5575000047683716, 0.06875000149011612, -0.862500011920929, 1.6825000047683716] applied=[-0.06875000149011612, -0.862500011920929, 1.6825000047683716, 0.06875000149011612, -0.737500011920929, 1.6379215717315674, -0.06875000149011612, -0.737500011920929, 1.5575000047683716, 0.06875000149011612, -0.862500011920929, 1.6825000047683716] current=[-0.054288193583488464, -0.7316727042198181, 1.6894290447235107, 0.06264650076627731, -0.6894916296005249, 1.7141209840774536, -0.17330868542194366, -0.5307591557502747, 1.936680793762207, 0.15669211745262146, -0.6475154161453247, 2.064445734024048]
[DIAG_INFER] step=481 policy_action_max=3.544774 applied_action_max=0.250000 obs_max=5.480983 history_nonzero_rows=15 position_clip=0 torque_clip=2 action=[3.5124073028564453, -0.35672619938850403, 0.9024485349655151, -3.544774293899536, 0.6889384984970093, -0.5044631958007812, 1.6198234558105469, -1.1965707540512085, -0.2691578269004822, -0.9314764142036438, -3.4049901962280273, 1.5889945030212402]
[DIAG_TARGET] step=481 target_error=0.000000000 default=[0.0, -0.7853981852531433, 1.8654682636260986, 0.0, -0.7853981852531433, 1.8654682636260986, 0.0, -0.7853981852531433, 1.8654682636260986, 0.0, -0.7853981852531433, 1.8654682636260986] desired=[-0.06875000149011612, -0.862500011920929, 1.6825000047683716, 0.06875000149011612, -0.737500011920929, 1.5575000047683716, -0.06875000149011612, -0.862500011920929, 1.5575000047683716, 0.06875000149011612, -1.4998626708984375, 2.03242826461792] applied=[-0.06875000149011612, -0.862500011920929, 1.6825000047683716, 0.06875000149011612, -0.737500011920929, 1.5575000047683716, -0.06875000149011612, -0.862500011920929, 1.5575000047683716, 0.06875000149011612, -1.4998626708984375, 2.03242826461792] current=[-0.05675070360302925, -0.7598363161087036, 1.7190030813217163, 0.06117572262883186, -0.6803284883499146, 1.7301448583602905, -0.17317599058151245, -0.5133259296417236, 1.9260057210922241, 0.15488074719905853, -0.6331668496131897, 2.056648015975952]
[DIAG_INFER] step=491 policy_action_max=3.547720 applied_action_max=0.250000 obs_max=3.544774 history_nonzero_rows=15 position_clip=0 torque_clip=1 action=[3.015303373336792, 0.4098564386367798, 0.7478954792022705, -2.929060220718384, 1.516074299812317, -0.280620813369751, 1.876861333847046, -0.03202205151319504, -0.020696699619293213, 1.1668850183486938, -3.547719717025757, 1.6053650379180908]
[DIAG_TARGET] step=491 target_error=0.000000000 default=[0.0, -0.7853981852531433, 1.8654682636260986, 0.0, -0.7853981852531433, 1.8654682636260986, 0.0, -0.7853981852531433, 1.8654682636260986, 0.0, -0.7853981852531433, 1.8654682636260986] desired=[-0.06875000149011612, -0.737500011920929, 1.6825000047683716, 0.06875000149011612, -0.737500011920929, 1.5575000047683716, -0.06875000149011612, -0.8080055117607117, 1.6148258447647095, 0.13124999403953552, -0.9525094032287598, 1.6825000047683716] applied=[-0.06875000149011612, -0.737500011920929, 1.6825000047683716, 0.06875000149011612, -0.737500011920929, 1.5575000047683716, -0.06875000149011612, -0.8080055117607117, 1.6148258447647095, 0.13124999403953552, -0.9525094032287598, 1.6825000047683716] current=[-0.051537688821554184, -0.7854292988777161, 1.735239028930664, 0.07174200564622879, -0.6849371194839478, 1.7442073822021484, -0.16772176325321198, -0.5085217952728271, 1.9246320724487305, 0.14324462413787842, -0.9071521759033203, 2.185741424560547]
[DIAG_INFER] step=501 policy_action_max=3.957550 applied_action_max=0.250000 obs_max=3.547720 history_nonzero_rows=15 position_clip=0 torque_clip=0 action=[3.957550287246704, -0.8780815601348877, 2.866408586502075, -1.6647080183029175, 1.5275236368179321, -0.665818452835083, 0.07467710971832275, -0.4774298667907715, -1.1844274997711182, -2.9345688819885254, -2.9353110790252686, 3.0518906116485596]
[DIAG_TARGET] step=501 target_error=0.000000000 default=[0.0, -0.7853981852531433, 1.8654682636260986, 0.0, -0.7853981852531433, 1.8654682636260986, 0.0, -0.7853981852531433, 1.8654682636260986, 0.0, -0.7853981852531433, 1.8654682636260986] desired=[-0.06875000149011612, -0.862500011920929, 1.6825000047683716, 0.06875000149011612, -0.737500011920929, 1.5575000047683716, -0.09066536277532578, -0.862500011920929, 1.5575000047683716, 0.06875000149011612, -0.862500011920929, 1.6825000047683716] applied=[-0.06875000149011612, -0.862500011920929, 1.6825000047683716, 0.06875000149011612, -0.737500011920929, 1.5575000047683716, -0.09066536277532578, -0.862500011920929, 1.5575000047683716, 0.06875000149011612, -0.862500011920929, 1.6825000047683716] current=[-0.058405570685863495, -0.781230628490448, 1.7385504245758057, 0.06749055534601212, -0.6846055388450623, 1.74821937084198, -0.1714271903038025, -0.5076474547386169, 1.9255110025405884, 0.1545974612236023, -0.9277973771095276, 2.182880163192749]
[DIAG_INFER] step=511 policy_action_max=3.537156 applied_action_max=0.250000 obs_max=3.957550 history_nonzero_rows=15 position_clip=0 torque_clip=0 action=[3.134813070297241, -0.6779166460037231, 2.106884479522705, -1.3627532720565796, 1.2922395467758179, 0.0629274770617485, 1.026068925857544, -0.10051511973142624, -0.80307936668396, -3.537156343460083, -2.587038993835449, 1.7895296812057495]
[DIAG_TARGET] step=511 target_error=0.000000000 default=[0.0, -0.7853981852531433, 1.8654682636260986, 0.0, -0.7853981852531433, 1.8654682636260986, 0.0, -0.7853981852531433, 1.8654682636260986, 0.0, -0.7853981852531433, 1.8654682636260986] desired=[-0.06875000149011612, -0.862500011920929, 1.6825000047683716, 0.06875000149011612, -0.737500011920929, 1.635731816291809, -0.06875000149011612, -0.8251287937164307, 1.5575000047683716, 0.06875000149011612, -0.862500011920929, 1.6825000047683716] applied=[-0.06875000149011612, -0.862500011920929, 1.6825000047683716, 0.06875000149011612, -0.737500011920929, 1.635731816291809, -0.06875000149011612, -0.8251287937164307, 1.5575000047683716, 0.06875000149011612, -0.862500011920929, 1.6825000047683716] current=[-0.0732944905757904, -0.7864967584609985, 1.7442803382873535, 0.05040029436349869, -0.674673318862915, 1.744048833847046, -0.17804083228111267, -0.5069741606712341, 1.9238379001617432, 0.14827941358089447, -0.9100423455238342, 2.161513328552246]
[DIAG_INFER] step=521 policy_action_max=2.916445 applied_action_max=0.250000 obs_max=3.537156 history_nonzero_rows=15 position_clip=0 torque_clip=0 action=[2.555906295776367, -0.16762623190879822, 1.817321538925171, -0.634285569190979, 1.1644047498703003, -0.6865229606628418, 1.536036491394043, -0.2678816318511963, -0.8079391717910767, -2.916444778442383, -2.4987785816192627, 1.8391470909118652]
[DIAG_TARGET] step=521 target_error=0.000000000 default=[0.0, -0.7853981852531433, 1.8654682636260986, 0.0, -0.7853981852531433, 1.8654682636260986, 0.0, -0.7853981852531433, 1.8654682636260986, 0.0, -0.7853981852531433, 1.8654682636260986] desired=[-0.06875000149011612, -0.8419065475463867, 1.6825000047683716, 0.06875000149011612, -0.737500011920929, 1.5575000047683716, -0.06875000149011612, -0.862500011920929, 1.5575000047683716, 0.06875000149011612, -0.862500011920929, 1.6825000047683716] applied=[-0.06875000149011612, -0.8419065475463867, 1.6825000047683716, 0.06875000149011612, -0.737500011920929, 1.5575000047683716, -0.06875000149011612, -0.862500011920929, 1.5575000047683716, 0.06875000149011612, -0.862500011920929, 1.6825000047683716] current=[-0.08232949674129486, -0.791489839553833, 1.7469984292984009, 0.03725745528936386, -0.6602393388748169, 1.7406355142593384, -0.17264604568481445, -0.5061438679695129, 1.9180852174758911, 0.15412960946559906, -0.8827320337295532, 2.130147695541382]
[DIAG_INFER] step=531 policy_action_max=3.021322 applied_action_max=0.250000 obs_max=2.916445 history_nonzero_rows=15 position_clip=0 torque_clip=0 action=[2.7225000858306885, 0.03041580319404602, 1.8330109119415283, -0.2552500069141388, 0.806614339351654, -0.1330077052116394, 0.7840169072151184, 0.18047940731048584, -1.4490525722503662, -3.0213215351104736, -2.473485231399536, 1.7358531951904297]
[DIAG_TARGET] step=531 target_error=0.000000000 default=[0.0, -0.7853981852531433, 1.8654682636260986, 0.0, -0.7853981852531433, 1.8654682636260986, 0.0, -0.7853981852531433, 1.8654682636260986, 0.0, -0.7853981852531433, 1.8654682636260986] desired=[-0.06875000149011612, -0.792396068572998, 1.6825000047683716, 0.06875000149011612, -0.737500011920929, 1.5867481231689453, -0.06875000149011612, -0.7548801898956299, 1.5575000047683716, 0.06875000149011612, -0.862500011920929, 1.6825000047683716] applied=[-0.06875000149011612, -0.792396068572998, 1.6825000047683716, 0.06875000149011612, -0.737500011920929, 1.5867481231689453, -0.06875000149011612, -0.7548801898956299, 1.5575000047683716, 0.06875000149011612, -0.862500011920929, 1.6825000047683716] current=[-0.09151136875152588, -0.7902106642723083, 1.743843913078308, 0.02567283809185028, -0.644070565700531, 1.7364224195480347, -0.16097621619701385, -0.5066404938697815, 1.9109899997711182, 0.16585226356983185, -0.8514163494110107, 2.0925729274749756]
[DIAG_INFER] step=541 policy_action_max=2.746016 applied_action_max=0.250000 obs_max=3.021322 history_nonzero_rows=15 position_clip=0 torque_clip=0 action=[2.5620217323303223, 0.31393662095069885, 1.8384733200073242, 0.1612478792667389, 0.7976438999176025, -0.26338011026382446, 1.0746142864227295, 0.3114891052246094, -1.1311078071594238, -2.7460155487060547, -2.4767308235168457, 2.384847640991211]
[DIAG_TARGET] step=541 target_error=0.000000000 default=[0.0, -0.7853981852531433, 1.8654682636260986, 0.0, -0.7853981852531433, 1.8654682636260986, 0.0, -0.7853981852531433, 1.8654682636260986, 0.0, -0.7853981852531433, 1.8654682636260986] desired=[-0.06875000149011612, -0.737500011920929, 1.6825000047683716, 0.12015599012374878, -0.737500011920929, 1.5575000047683716, -0.06875000149011612, -0.737500011920929, 1.5575000047683716, 0.06875000149011612, -0.862500011920929, 1.6825000047683716] applied=[-0.06875000149011612, -0.737500011920929, 1.6825000047683716, 0.12015599012374878, -0.737500011920929, 1.5575000047683716, -0.06875000149011612, -0.737500011920929, 1.5575000047683716, 0.06875000149011612, -0.862500011920929, 1.6825000047683716] current=[-0.09709363430738449, -0.7871171236038208, 1.7390347719192505, 0.01789449341595173, -0.6277153491973877, 1.7310539484024048, -0.14564870297908783, -0.5060036182403564, 1.9012399911880493, 0.1799013465642929, -0.8197778463363647, 2.0524768829345703]
[DIAG_INFER] step=551 policy_action_max=3.283193 applied_action_max=0.250000 obs_max=2.746016 history_nonzero_rows=15 position_clip=0 torque_clip=0 action=[2.5196099281311035, 0.9085243940353394, 1.9532487392425537, 0.5592483282089233, 0.5014288425445557, -0.4379420280456543, 1.097517967224121, 0.11267686635255814, -1.3420302867889404, -1.869963526725769, -2.6769251823425293, 3.2831926345825195]
[DIAG_TARGET] step=551 target_error=0.000000000 default=[0.0, -0.7853981852531433, 1.8654682636260986, 0.0, -0.7853981852531433, 1.8654682636260986, 0.0, -0.7853981852531433, 1.8654682636260986, 0.0, -0.7853981852531433, 1.8654682636260986] desired=[-0.06875000149011612, -0.737500011920929, 1.6825000047683716, 0.13124999403953552, -0.737500011920929, 1.5575000047683716, -0.06875000149011612, -0.7718307971954346, 1.5575000047683716, 0.06875000149011612, -0.862500011920929, 1.6825000047683716] applied=[-0.06875000149011612, -0.737500011920929, 1.6825000047683716, 0.13124999403953552, -0.737500011920929, 1.5575000047683716, -0.06875000149011612, -0.7718307971954346, 1.5575000047683716, 0.06875000149011612, -0.862500011920929, 1.6825000047683716] current=[-0.09411618858575821, -0.7819421887397766, 1.734480619430542, 0.020515140146017075, -0.6133798956871033, 1.7252273559570312, -0.12660939991474152, -0.5012931227684021, 1.8867828845977783, 0.1959722489118576, -0.7913517951965332, 2.0142319202423096]
[DIAG_INFER] step=561 policy_action_max=3.154577 applied_action_max=0.250000 obs_max=3.283193 history_nonzero_rows=15 position_clip=0 torque_clip=0 action=[2.5322580337524414, 0.8348486423492432, 1.9174001216888428, 0.47892388701438904, 0.4537755846977234, -0.22225415706634521, 1.0626025199890137, -0.00964462012052536, -1.2757437229156494, -1.9046355485916138, -2.6156086921691895, 3.1545772552490234]
[DIAG_TARGET] step=561 target_error=0.000000000 default=[0.0, -0.7853981852531433, 1.8654682636260986, 0.0, -0.7853981852531433, 1.8654682636260986, 0.0, -0.7853981852531433, 1.8654682636260986, 0.0, -0.7853981852531433, 1.8654682636260986] desired=[-0.06875000149011612, -0.737500011920929, 1.6825000047683716, 0.13124999403953552, -0.737500011920929, 1.564436435699463, -0.06875000149011612, -0.8024111390113831, 1.5575000047683716, 0.06875000149011612, -0.862500011920929, 1.6825000047683716] applied=[-0.06875000149011612, -0.737500011920929, 1.6825000047683716, 0.13124999403953552, -0.737500011920929, 1.564436435699463, -0.06875000149011612, -0.8024111390113831, 1.5575000047683716, 0.06875000149011612, -0.862500011920929, 1.6825000047683716] current=[-0.08989820629358292, -0.7777280211448669, 1.7327135801315308, 0.03243505582213402, -0.6066332459449768, 1.7169986963272095, -0.11232203245162964, -0.49578505754470825, 1.8729126453399658, 0.2064591348171234, -0.7695989608764648, 1.980342984199524]
[DIAG_INFER] step=571 policy_action_max=2.681697 applied_action_max=0.250000 obs_max=3.154577 history_nonzero_rows=15 position_clip=0 torque_clip=0 action=[2.5250134468078613, 0.5395246148109436, 1.7482550144195557, 0.33764514327049255, 0.5638935565948486, -0.4358861446380615, 1.2687561511993408, -0.15031564235687256, -1.2225168943405151, -2.399399757385254, -2.4096481800079346, 2.681697130203247]
[DIAG_TARGET] step=571 target_error=0.000000000 default=[0.0, -0.7853981852531433, 1.8654682636260986, 0.0, -0.7853981852531433, 1.8654682636260986, 0.0, -0.7853981852531433, 1.8654682636260986, 0.0, -0.7853981852531433, 1.8654682636260986] desired=[-0.06875000149011612, -0.737500011920929, 1.6825000047683716, 0.13124999403953552, -0.737500011920929, 1.5575000047683716, -0.06875000149011612, -0.8375788927078247, 1.5575000047683716, 0.06875000149011612, -0.862500011920929, 1.6825000047683716] applied=[-0.06875000149011612, -0.737500011920929, 1.6825000047683716, 0.13124999403953552, -0.737500011920929, 1.5575000047683716, -0.06875000149011612, -0.8375788927078247, 1.5575000047683716, 0.06875000149011612, -0.862500011920929, 1.6825000047683716] current=[-0.08921639621257782, -0.7774193286895752, 1.7349516153335571, 0.04772140085697174, -0.6104397773742676, 1.7069547176361084, -0.10675958544015884, -0.49349310994148254, 1.8647657632827759, 0.2082889825105667, -0.7568637132644653, 1.953029751777649]
[DIAG_INFER] step=581 policy_action_max=2.665919 applied_action_max=0.250000 obs_max=2.681697 history_nonzero_rows=15 position_clip=0 torque_clip=0 action=[2.665919303894043, 0.5087971687316895, 1.4021186828613281, 0.07088309526443481, 0.7445801496505737, -0.5935660004615784, 1.6916086673736572, -0.187852144241333, -1.457932949066162, -2.4074010848999023, -2.4753172397613525, 1.9689046144485474]
[DIAG_TARGET] step=581 target_error=0.000000000 default=[0.0, -0.7853981852531433, 1.8654682636260986, 0.0, -0.7853981852531433, 1.8654682636260986, 0.0, -0.7853981852531433, 1.8654682636260986, 0.0, -0.7853981852531433, 1.8654682636260986] desired=[-0.06875000149011612, -0.737500011920929, 1.6825000047683716, 0.10886038839817047, -0.737500011920929, 1.5575000047683716, -0.06875000149011612, -0.8469630479812622, 1.5575000047683716, 0.06875000149011612, -0.862500011920929, 1.6825000047683716] applied=[-0.06875000149011612, -0.737500011920929, 1.6825000047683716, 0.10886038839817047, -0.737500011920929, 1.5575000047683716, -0.06875000149011612, -0.8469630479812622, 1.5575000047683716, 0.06875000149011612, -0.862500011920929, 1.6825000047683716] current=[-0.09086212515830994, -0.7819937467575073, 1.7400809526443481, 0.0614432767033577, -0.6199101805686951, 1.6948307752609253, -0.10759574919939041, -0.49652740359306335, 1.863985300064087, 0.20430774986743927, -0.753894031047821, 1.9335681200027466]
[DIAG_INFER] step=591 policy_action_max=2.828413 applied_action_max=0.250000 obs_max=2.665919 history_nonzero_rows=15 position_clip=0 torque_clip=0 action=[2.8284130096435547, 0.5553280115127563, 1.2536126375198364, -0.19273144006729126, 0.8804868459701538, -0.6293315291404724, 2.12351393699646, -0.19151723384857178, -1.4271855354309082, -2.1694228649139404, -2.6920342445373535, 1.5626033544540405]
[DIAG_TARGET] step=591 target_error=0.000000000 default=[0.0, -0.7853981852531433, 1.8654682636260986, 0.0, -0.7853981852531433, 1.8654682636260986, 0.0, -0.7853981852531433, 1.8654682636260986, 0.0, -0.7853981852531433, 1.8654682636260986] desired=[-0.06875000149011612, -0.737500011920929, 1.6825000047683716, 0.07590857148170471, -0.737500011920929, 1.5575000047683716, -0.06875000149011612, -0.8478792905807495, 1.5575000047683716, 0.06875000149011612, -0.862500011920929, 1.6825000047683716] applied=[-0.06875000149011612, -0.737500011920929, 1.6825000047683716, 0.07590857148170471, -0.737500011920929, 1.5575000047683716, -0.06875000149011612, -0.8478792905807495, 1.5575000047683716, 0.06875000149011612, -0.862500011920929, 1.6825000047683716] current=[-0.09324616938829422, -0.7910112142562866, 1.7463939189910889, 0.06555847823619843, -0.6298503279685974, 1.6831692457199097, -0.11207437515258789, -0.5051754713058472, 1.869964599609375, 0.19739890098571777, -0.759766161441803, 1.9215611219406128]
[DIAG_INFER] step=601 policy_action_max=2.833468 applied_action_max=0.250000 obs_max=2.828413 history_nonzero_rows=15 position_clip=0 torque_clip=0 action=[2.833468437194824, 0.5791881084442139, 1.2175549268722534, -0.254193514585495, 0.9081951379776001, -0.646597146987915, 2.2839038372039795, -0.2189626693725586, -1.320562720298767, -1.9061801433563232, -2.8333122730255127, 1.4109007120132446]
[DIAG_TARGET] step=601 target_error=0.000000000 default=[0.0, -0.7853981852531433, 1.8654682636260986, 0.0, -0.7853981852531433, 1.8654682636260986, 0.0, -0.7853981852531433, 1.8654682636260986, 0.0, -0.7853981852531433, 1.8654682636260986] desired=[-0.06875000149011612, -0.737500011920929, 1.6825000047683716, 0.06875000149011612, -0.737500011920929, 1.5575000047683716, -0.06875000149011612, -0.8547406792640686, 1.5575000047683716, 0.06875000149011612, -0.862500011920929, 1.6825000047683716] applied=[-0.06875000149011612, -0.737500011920929, 1.6825000047683716, 0.06875000149011612, -0.737500011920929, 1.5575000047683716, -0.06875000149011612, -0.8547406792640686, 1.5575000047683716, 0.06875000149011612, -0.862500011920929, 1.6825000047683716] current=[-0.09487523883581161, -0.8030553460121155, 1.7530829906463623, 0.06391902267932892, -0.6381093263626099, 1.6721702814102173, -0.11788643896579742, -0.517835259437561, 1.8804380893707275, 0.1898120492696762, -0.7722684144973755, 1.9156060218811035]
[DIAG_INFER] step=611 policy_action_max=3.019596 applied_action_max=0.250000 obs_max=2.833468 history_nonzero_rows=15 position_clip=0 torque_clip=0 action=[2.8557076454162598, 0.7767674922943115, 1.3093401193618774, 0.02516680769622326, 0.7591528296470642, -0.7695749998092651, 2.2881014347076416, -0.10203277319669724, -1.4198248386383057, -1.7074910402297974, -3.0195960998535156, 1.6410373449325562]
[DIAG_TARGET] step=611 target_error=0.000000000 default=[0.0, -0.7853981852531433, 1.8654682636260986, 0.0, -0.7853981852531433, 1.8654682636260986, 0.0, -0.7853981852531433, 1.8654682636260986, 0.0, -0.7853981852531433, 1.8654682636260986] desired=[-0.06875000149011612, -0.737500011920929, 1.6825000047683716, 0.10314585268497467, -0.737500011920929, 1.5575000047683716, -0.06875000149011612, -0.825508177280426, 1.5575000047683716, 0.06875000149011612, -0.862500011920929, 1.6825000047683716] applied=[-0.06875000149011612, -0.737500011920929, 1.6825000047683716, 0.10314585268497467, -0.737500011920929, 1.5575000047683716, -0.06875000149011612, -0.825508177280426, 1.5575000047683716, 0.06875000149011612, -0.862500011920929, 1.6825000047683716] current=[-0.09438440203666687, -0.8164442777633667, 1.7593134641647339, 0.06435222923755646, -0.6486319899559021, 1.6625703573226929, -0.12232015281915665, -0.5326316356658936, 1.8928041458129883, 0.1840991973876953, -0.7883275151252747, 1.9136587381362915]
[DIAG_INFER] step=621 policy_action_max=3.502090 applied_action_max=0.250000 obs_max=3.019596 history_nonzero_rows=15 position_clip=0 torque_clip=0 action=[3.013731002807617, 1.1117732524871826, 1.6900328397750854, 0.3274339735507965, 0.404102087020874, -0.669445276260376, 2.1573121547698975, -0.29201066493988037, -1.5386966466903687, -0.9705656170845032, -3.502089500427246, 2.5818514823913574]
[DIAG_TARGET] step=621 target_error=0.000000000 default=[0.0, -0.7853981852531433, 1.8654682636260986, 0.0, -0.7853981852531433, 1.8654682636260986, 0.0, -0.7853981852531433, 1.8654682636260986, 0.0, -0.7853981852531433, 1.8654682636260986] desired=[-0.06875000149011612, -0.737500011920929, 1.6825000047683716, 0.13124999403953552, -0.737500011920929, 1.5575000047683716, -0.06875000149011612, -0.862500011920929, 1.5575000047683716, 0.06875000149011612, -0.862500011920929, 1.6825000047683716] applied=[-0.06875000149011612, -0.737500011920929, 1.6825000047683716, 0.13124999403953552, -0.737500011920929, 1.5575000047683716, -0.06875000149011612, -0.862500011920929, 1.5575000047683716, 0.06875000149011612, -0.862500011920929, 1.6825000047683716] current=[-0.08750655502080917, -0.8282713294029236, 1.7642985582351685, 0.0711948499083519, -0.6600441932678223, 1.6554453372955322, -0.12139417976140976, -0.5459511876106262, 1.9026950597763062, 0.18374085426330566, -0.8054291605949402, 1.9141925573349]
[DIAG_INFER] step=631 policy_action_max=3.573387 applied_action_max=0.250000 obs_max=3.502090 history_nonzero_rows=15 position_clip=0 torque_clip=0 action=[3.120292901992798, 1.2202438116073608, 1.8959801197052002, 0.6347325444221497, 0.605980634689331, -0.45101845264434814, 1.47285795211792, -0.13099658489227295, -1.451032042503357, -1.0357474088668823, -3.287032127380371, 3.5733869075775146]
[DIAG_TARGET] step=631 target_error=0.000000000 default=[0.0, -0.7853981852531433, 1.8654682636260986, 0.0, -0.7853981852531433, 1.8654682636260986, 0.0, -0.7853981852531433, 1.8654682636260986, 0.0, -0.7853981852531433, 1.8654682636260986] desired=[-0.06875000149011612, -0.737500011920929, 1.6825000047683716, 0.13124999403953552, -0.737500011920929, 1.5575000047683716, -0.06875000149011612, -0.8327491283416748, 1.5575000047683716, 0.06875000149011612, -0.862500011920929, 1.6825000047683716] applied=[-0.06875000149011612, -0.737500011920929, 1.6825000047683716, 0.13124999403953552, -0.737500011920929, 1.5575000047683716, -0.06875000149011612, -0.8327491283416748, 1.5575000047683716, 0.06875000149011612, -0.862500011920929, 1.6825000047683716] current=[-0.07796545326709747, -0.8340753316879272, 1.767549753189087, 0.08188135176897049, -0.6711814999580383, 1.6500434875488281, -0.11753099411725998, -0.5567634105682373, 1.9094692468643188, 0.1860824078321457, -0.82161945104599, 1.915096640586853]
[DIAG_INFER] step=641 policy_action_max=3.821941 applied_action_max=0.250000 obs_max=3.573387 history_nonzero_rows=15 position_clip=0 torque_clip=0 action=[3.1224358081817627, 1.0744205713272095, 1.9320147037506104, 0.6699628829956055, 0.4765765070915222, -0.2292901873588562, 1.3595705032348633, -0.12365411967039108, -1.3227508068084717, -1.5382341146469116, -2.8250231742858887, 3.821941375732422]
[DIAG_TARGET] step=641 target_error=0.000000000 default=[0.0, -0.7853981852531433, 1.8654682636260986, 0.0, -0.7853981852531433, 1.8654682636260986, 0.0, -0.7853981852531433, 1.8654682636260986, 0.0, -0.7853981852531433, 1.8654682636260986] desired=[-0.06875000149011612, -0.737500011920929, 1.6825000047683716, 0.13124999403953552, -0.737500011920929, 1.5626775026321411, -0.06875000149011612, -0.8309135437011719, 1.5575000047683716, 0.06875000149011612, -0.862500011920929, 1.6825000047683716] applied=[-0.06875000149011612, -0.737500011920929, 1.6825000047683716, 0.13124999403953552, -0.737500011920929, 1.5626775026321411, -0.06875000149011612, -0.8309135437011719, 1.5575000047683716, 0.06875000149011612, -0.862500011920929, 1.6825000047683716] current=[-0.07102252542972565, -0.8346971869468689, 1.7707887887954712, 0.09118708223104477, -0.6806043386459351, 1.6452887058258057, -0.11570002883672714, -0.5641128420829773, 1.9131865501403809, 0.18590568006038666, -0.8352735042572021, 1.914340615272522]
[DIAG_INFER] step=651 policy_action_max=3.725626 applied_action_max=0.250000 obs_max=3.821941 history_nonzero_rows=15 position_clip=0 torque_clip=0 action=[3.2581968307495117, 0.9922600984573364, 1.9006876945495605, 0.4297865927219391, 0.2274945229291916, -0.33803147077560425, 1.3147599697113037, -0.40560734272003174, -1.2796918153762817, -1.6342496871948242, -2.823716402053833, 3.72562575340271]
[DIAG_TARGET] step=651 target_error=0.000000000 default=[0.0, -0.7853981852531433, 1.8654682636260986, 0.0, -0.7853981852531433, 1.8654682636260986, 0.0, -0.7853981852531433, 1.8654682636260986, 0.0, -0.7853981852531433, 1.8654682636260986] desired=[-0.06875000149011612, -0.737500011920929, 1.6825000047683716, 0.13124999403953552, -0.743126392364502, 1.5575000047683716, -0.06875000149011612, -0.862500011920929, 1.5575000047683716, 0.06875000149011612, -0.862500011920929, 1.6825000047683716] applied=[-0.06875000149011612, -0.737500011920929, 1.6825000047683716, 0.13124999403953552, -0.743126392364502, 1.5575000047683716, -0.06875000149011612, -0.862500011920929, 1.5575000047683716, 0.06875000149011612, -0.862500011920929, 1.6825000047683716] current=[-0.06552521884441376, -0.8357682228088379, 1.7764490842819214, 0.09840075671672821, -0.6877426505088806, 1.6416329145431519, -0.11616141349077225, -0.5674243569374084, 1.913456678390503, 0.1829443722963333, -0.8448182940483093, 1.9109184741973877]
[DIAG_INFER] step=661 policy_action_max=3.526401 applied_action_max=0.250000 obs_max=3.725626 history_nonzero_rows=15 position_clip=0 torque_clip=0 action=[3.3597793579101562, 0.8910584449768066, 1.8574974536895752, 0.21153351664543152, 0.21467189490795135, -0.28995227813720703, 1.2459447383880615, -0.4477086067199707, -1.290867805480957, -1.6651040315628052, -2.856048583984375, 3.5264010429382324]
[DIAG_TARGET] step=661 target_error=0.000000000 default=[0.0, -0.7853981852531433, 1.8654682636260986, 0.0, -0.7853981852531433, 1.8654682636260986, 0.0, -0.7853981852531433, 1.8654682636260986, 0.0, -0.7853981852531433, 1.8654682636260986] desired=[-0.06875000149011612, -0.737500011920929, 1.6825000047683716, 0.12644168734550476, -0.746332049369812, 1.5575000047683716, -0.06875000149011612, -0.862500011920929, 1.5575000047683716, 0.06875000149011612, -0.862500011920929, 1.6825000047683716] applied=[-0.06875000149011612, -0.737500011920929, 1.6825000047683716, 0.12644168734550476, -0.746332049369812, 1.5575000047683716, -0.06875000149011612, -0.862500011920929, 1.5575000047683716, 0.06875000149011612, -0.862500011920929, 1.6825000047683716] current=[-0.060566190630197525, -0.8400266766548157, 1.7842628955841064, 0.1035720705986023, -0.6930475234985352, 1.6391282081604004, -0.11795001477003098, -0.568191409111023, 1.9113558530807495, 0.17843616008758545, -0.8507319688796997, 1.9052908420562744]
[DIAG_INFER] step=671 policy_action_max=3.469393 applied_action_max=0.250000 obs_max=3.526401 history_nonzero_rows=15 position_clip=0 torque_clip=0 action=[3.3375391960144043, 0.7944539785385132, 1.8262856006622314, 0.2081376016139984, 0.2934730648994446, -0.24422746896743774, 1.1795575618743896, -0.37643301486968994, -1.240861415863037, -1.9258389472961426, -2.6761040687561035, 3.469392776489258]
[DIAG_TARGET] step=671 target_error=0.000000000 default=[0.0, -0.7853981852531433, 1.8654682636260986, 0.0, -0.7853981852531433, 1.8654682636260986, 0.0, -0.7853981852531433, 1.8654682636260986, 0.0, -0.7853981852531433, 1.8654682636260986] desired=[-0.06875000149011612, -0.737500011920929, 1.6825000047683716, 0.12601719796657562, -0.737500011920929, 1.5589431524276733, -0.06875000149011612, -0.862500011920929, 1.5575000047683716, 0.06875000149011612, -0.862500011920929, 1.6825000047683716] applied=[-0.06875000149011612, -0.737500011920929, 1.6825000047683716, 0.12601719796657562, -0.737500011920929, 1.5589431524276733, -0.06875000149011612, -0.862500011920929, 1.5575000047683716, 0.06875000149011612, -0.862500011920929, 1.6825000047683716] current=[-0.057223740965127945, -0.8437579274177551, 1.7919070720672607, 0.10703890770673752, -0.6970388889312744, 1.6378179788589478, -0.12014855444431305, -0.5677039623260498, 1.9078166484832764, 0.1735638827085495, -0.8537588119506836, 1.8981425762176514]
[DIAG_INFER] step=681 policy_action_max=3.371077 applied_action_max=0.250000 obs_max=3.469393 history_nonzero_rows=15 position_clip=0 torque_clip=0 action=[3.3110976219177246, 0.7846509218215942, 1.7669727802276611, 0.2319560945034027, 0.24518482387065887, -0.29722994565963745, 1.0960965156555176, -0.31681084632873535, -1.3008203506469727, -2.1028501987457275, -2.537936210632324, 3.371077060699463]
[DIAG_TARGET] step=681 target_error=0.000000000 default=[0.0, -0.7853981852531433, 1.8654682636260986, 0.0, -0.7853981852531433, 1.8654682636260986, 0.0, -0.7853981852531433, 1.8654682636260986, 0.0, -0.7853981852531433, 1.8654682636260986] desired=[-0.06875000149011612, -0.737500011920929, 1.6825000047683716, 0.12899450957775116, -0.7387037873268127, 1.5575000047683716, -0.06875000149011612, -0.862500011920929, 1.5575000047683716, 0.06875000149011612, -0.862500011920929, 1.6825000047683716] applied=[-0.06875000149011612, -0.737500011920929, 1.6825000047683716, 0.12899450957775116, -0.7387037873268127, 1.5575000047683716, -0.06875000149011612, -0.862500011920929, 1.5575000047683716, 0.06875000149011612, -0.862500011920929, 1.6825000047683716] current=[-0.054862115532159805, -0.8466357588768005, 1.798585295677185, 0.1095445305109024, -0.6999996304512024, 1.6378505229949951, -0.12168974429368973, -0.5665861368179321, 1.9032564163208008, 0.1695699244737625, -0.8543698787689209, 1.8901150226593018]
[DIAG_INFER] step=691 policy_action_max=3.279832 applied_action_max=0.250000 obs_max=3.371077 history_nonzero_rows=15 position_clip=0 torque_clip=0 action=[3.232586622238159, 0.8454253673553467, 1.6964550018310547, 0.3417205512523651, 0.24119870364665985, -0.2806779742240906, 0.9872155785560608, -0.15999555587768555, -1.3337048292160034, -2.2164316177368164, -2.3735740184783936, 3.279831647872925]
[DIAG_TARGET] step=691 target_error=0.000000000 default=[0.0, -0.7853981852531433, 1.8654682636260986, 0.0, -0.7853981852531433, 1.8654682636260986, 0.0, -0.7853981852531433, 1.8654682636260986, 0.0, -0.7853981852531433, 1.8654682636260986] desired=[-0.06875000149011612, -0.737500011920929, 1.6825000047683716, 0.13124999403953552, -0.7397003173828125, 1.5575000047683716, -0.06875000149011612, -0.8399989008903503, 1.5575000047683716, 0.06875000149011612, -0.862500011920929, 1.6825000047683716] applied=[-0.06875000149011612, -0.737500011920929, 1.6825000047683716, 0.13124999403953552, -0.7397003173828125, 1.5575000047683716, -0.06875000149011612, -0.8399989008903503, 1.5575000047683716, 0.06875000149011612, -0.862500011920929, 1.6825000047683716] current=[-0.05288601666688919, -0.8488370180130005, 1.8039294481277466, 0.11170526593923569, -0.7023015022277832, 1.6391977071762085, -0.1220066249370575, -0.5653234124183655, 1.8980917930603027, 0.16715547442436218, -0.8533449172973633, 1.8819246292114258]
[DIAG_INFER] step=701 policy_action_max=3.197139 applied_action_max=0.250000 obs_max=3.279832 history_nonzero_rows=15 position_clip=0 torque_clip=0 action=[3.197139263153076, 0.9422616958618164, 1.590531349182129, 0.41507473587989807, 0.18748389184474945, -0.39149534702301025, 0.9321500658988953, -0.15764999389648438, -1.380410075187683, -2.160919666290283, -2.3494906425476074, 3.1429991722106934]
[DIAG_TARGET] step=701 target_error=0.000000000 default=[0.0, -0.7853981852531433, 1.8654682636260986, 0.0, -0.7853981852531433, 1.8654682636260986, 0.0, -0.7853981852531433, 1.8654682636260986, 0.0, -0.7853981852531433, 1.8654682636260986] desired=[-0.06875000149011612, -0.737500011920929, 1.6825000047683716, 0.13124999403953552, -0.7531290650367737, 1.5575000047683716, -0.06875000149011612, -0.83941251039505, 1.5575000047683716, 0.06875000149011612, -0.862500011920929, 1.6825000047683716] applied=[-0.06875000149011612, -0.737500011920929, 1.6825000047683716, 0.13124999403953552, -0.7531290650367737, 1.5575000047683716, -0.06875000149011612, -0.83941251039505, 1.5575000047683716, 0.06875000149011612, -0.862500011920929, 1.6825000047683716] current=[-0.05118859186768532, -0.8504118323326111, 1.8079429864883423, 0.11363230645656586, -0.7040643095970154, 1.6416939496994019, -0.12127507477998734, -0.5639388561248779, 1.892480731010437, 0.16612546145915985, -0.8511236906051636, 1.8740630149841309]
[DIAG_INFER] step=711 policy_action_max=3.187136 applied_action_max=0.250000 obs_max=3.197139 history_nonzero_rows=15 position_clip=0 torque_clip=0 action=[3.187135934829712, 0.9818521738052368, 1.4706816673278809, 0.38822534680366516, 0.17394758760929108, -0.38431239128112793, 0.8296907544136047, -0.1438215970993042, -1.450917363166809, -2.0963172912597656, -2.355713367462158, 2.9123053550720215]
[DIAG_TARGET] step=711 target_error=0.000000000 default=[0.0, -0.7853981852531433, 1.8654682636260986, 0.0, -0.7853981852531433, 1.8654682636260986, 0.0, -0.7853981852531433, 1.8654682636260986, 0.0, -0.7853981852531433, 1.8654682636260986] desired=[-0.06875000149011612, -0.737500011920929, 1.6825000047683716, 0.13124999403953552, -0.7565131187438965, 1.5575000047683716, -0.06875000149011612, -0.8359553813934326, 1.5575000047683716, 0.06875000149011612, -0.862500011920929, 1.6825000047683716] applied=[-0.06875000149011612, -0.737500011920929, 1.6825000047683716, 0.13124999403953552, -0.7565131187438965, 1.5575000047683716, -0.06875000149011612, -0.8359553813934326, 1.5575000047683716, 0.06875000149011612, -0.862500011920929, 1.6825000047683716] current=[-0.05000219866633415, -0.8515992164611816, 1.8109605312347412, 0.11510737240314484, -0.7057202458381653, 1.645033597946167, -0.12041415274143219, -0.5625627636909485, 1.8868415355682373, 0.16557243466377258, -0.8487393260002136, 1.867292881011963]
[DIAG_INFER] step=721 policy_action_max=3.174205 applied_action_max=0.250000 obs_max=3.187136 history_nonzero_rows=15 position_clip=0 torque_clip=0 action=[3.1742050647735596, 1.0038740634918213, 1.4018590450286865, 0.3971949517726898, 0.17429451644420624, -0.3681882619857788, 0.7525419592857361, -0.10883962363004684, -1.4626941680908203, -2.1161370277404785, -2.313167095184326, 2.7595620155334473]
[DIAG_TARGET] step=721 target_error=0.000000000 default=[0.0, -0.7853981852531433, 1.8654682636260986, 0.0, -0.7853981852531433, 1.8654682636260986, 0.0, -0.7853981852531433, 1.8654682636260986, 0.0, -0.7853981852531433, 1.8654682636260986] desired=[-0.06875000149011612, -0.737500011920929, 1.6825000047683716, 0.13124999403953552, -0.7564263939857483, 1.5575000047683716, -0.06875000149011612, -0.8272098898887634, 1.5575000047683716, 0.06875000149011612, -0.862500011920929, 1.6825000047683716] applied=[-0.06875000149011612, -0.737500011920929, 1.6825000047683716, 0.13124999403953552, -0.7564263939857483, 1.5575000047683716, -0.06875000149011612, -0.8272098898887634, 1.5575000047683716, 0.06875000149011612, -0.862500011920929, 1.6825000047683716] current=[-0.04971178248524666, -0.8527531027793884, 1.8129985332489014, 0.11575087904930115, -0.7075854539871216, 1.6491109132766724, -0.11980890482664108, -0.5618013143539429, 1.881851315498352, 0.16519345343112946, -0.8467820882797241, 1.8620731830596924]
[DIAG_INFER] step=731 policy_action_max=3.144944 applied_action_max=0.250000 obs_max=3.174205 history_nonzero_rows=15 position_clip=0 torque_clip=0 action=[3.1449437141418457, 1.0377943515777588, 1.3792201280593872, 0.3880280554294586, 0.12443657219409943, -0.368299663066864, 0.7437824606895447, -0.1228625699877739, -1.4188865423202515, -2.1596813201904297, -2.262639045715332, 2.6361377239227295]
[DIAG_TARGET] step=731 target_error=0.000000000 default=[0.0, -0.7853981852531433, 1.8654682636260986, 0.0, -0.7853981852531433, 1.8654682636260986, 0.0, -0.7853981852531433, 1.8654682636260986, 0.0, -0.7853981852531433, 1.8654682636260986] desired=[-0.06875000149011612, -0.737500011920929, 1.6825000047683716, 0.13124999403953552, -0.7688908576965332, 1.5575000047683716, -0.06875000149011612, -0.8307156562805176, 1.5575000047683716, 0.06875000149011612, -0.862500011920929, 1.6825000047683716] applied=[-0.06875000149011612, -0.737500011920929, 1.6825000047683716, 0.13124999403953552, -0.7688908576965332, 1.5575000047683716, -0.06875000149011612, -0.8307156562805176, 1.5575000047683716, 0.06875000149011612, -0.862500011920929, 1.6825000047683716] current=[-0.05008334666490555, -0.8537870049476624, 1.8140491247177124, 0.11577671021223068, -0.7096827626228333, 1.6536519527435303, -0.1195526272058487, -0.5615140199661255, 1.8774306774139404, 0.16483132541179657, -0.8455623388290405, 1.8586041927337646]
[DIAG_INFER] step=741 policy_action_max=3.141882 applied_action_max=0.250000 obs_max=3.144944 history_nonzero_rows=15 position_clip=0 torque_clip=0 action=[3.1418821811676025, 1.1040573120117188, 1.3654530048370361, 0.3186013400554657, 0.0477588027715683, -0.4112299680709839, 0.740274965763092, -0.16852200031280518, -1.383874773979187, -2.110971212387085, -2.2774317264556885, 2.4975852966308594]
[DIAG_TARGET] step=741 target_error=0.000000000 default=[0.0, -0.7853981852531433, 1.8654682636260986, 0.0, -0.7853981852531433, 1.8654682636260986, 0.0, -0.7853981852531433, 1.8654682636260986, 0.0, -0.7853981852531433, 1.8654682636260986] desired=[-0.06875000149011612, -0.737500011920929, 1.6825000047683716, 0.13124999403953552, -0.7880603075027466, 1.5575000047683716, -0.06875000149011612, -0.8421305418014526, 1.5575000047683716, 0.06875000149011612, -0.862500011920929, 1.6825000047683716] applied=[-0.06875000149011612, -0.737500011920929, 1.6825000047683716, 0.13124999403953552, -0.7880603075027466, 1.5575000047683716, -0.06875000149011612, -0.8421305418014526, 1.5575000047683716, 0.06875000149011612, -0.862500011920929, 1.6825000047683716] current=[-0.05090804770588875, -0.8548485636711121, 1.8138400316238403, 0.11537599563598633, -0.7122007012367249, 1.6583197116851807, -0.11951949447393417, -0.5620999932289124, 1.8739514350891113, 0.16465164721012115, -0.8456124663352966, 1.857274055480957]
[DIAG_INFER] step=751 policy_action_max=3.147331 applied_action_max=0.250000 obs_max=3.141882 history_nonzero_rows=15 position_clip=0 torque_clip=0 action=[3.1473309993743896, 1.1227173805236816, 1.368477702140808, 0.2607966959476471, 0.028254851698875427, -0.39189040660858154, 0.7090953588485718, -0.1883528232574463, -1.3351751565933228, -2.1009466648101807, -2.269716262817383, 2.38254451751709]
[DIAG_TARGET] step=751 target_error=0.000000000 default=[0.0, -0.7853981852531433, 1.8654682636260986, 0.0, -0.7853981852531433, 1.8654682636260986, 0.0, -0.7853981852531433, 1.8654682636260986, 0.0, -0.7853981852531433, 1.8654682636260986] desired=[-0.06875000149011612, -0.737500011920929, 1.6825000047683716, 0.13124999403953552, -0.7929363250732422, 1.5575000047683716, -0.06875000149011612, -0.8470882177352905, 1.5575000047683716, 0.06875000149011612, -0.862500011920929, 1.6825000047683716] applied=[-0.06875000149011612, -0.737500011920929, 1.6825000047683716, 0.13124999403953552, -0.7929363250732422, 1.5575000047683716, -0.06875000149011612, -0.8470882177352905, 1.5575000047683716, 0.06875000149011612, -0.862500011920929, 1.6825000047683716] current=[-0.051880333572626114, -0.856255829334259, 1.8125935792922974, 0.11482692509889603, -0.7155389785766602, 1.66349196434021, -0.11945812404155731, -0.5638285279273987, 1.8715542554855347, 0.1648942083120346, -0.8472790122032166, 1.8582462072372437]
[DIAG_INFER] step=761 policy_action_max=3.128479 applied_action_max=0.250000 obs_max=3.147331 history_nonzero_rows=15 position_clip=0 torque_clip=0 action=[3.128478527069092, 1.1321200132369995, 1.3719841241836548, 0.19896721839904785, -0.004818752408027649, -0.427773118019104, 0.71427321434021, -0.2375948429107666, -1.250415563583374, -2.151139974594116, -2.2543203830718994, 2.2364094257354736]
[DIAG_TARGET] step=761 target_error=0.000000000 default=[0.0, -0.7853981852531433, 1.8654682636260986, 0.0, -0.7853981852531433, 1.8654682636260986, 0.0, -0.7853981852531433, 1.8654682636260986, 0.0, -0.7853981852531433, 1.8654682636260986] desired=[-0.06875000149011612, -0.737500011920929, 1.6825000047683716, 0.1248709037899971, -0.8012046813964844, 1.5575000047683716, -0.06875000149011612, -0.8593987226486206, 1.5575000047683716, 0.06875000149011612, -0.862500011920929, 1.6825000047683716] applied=[-0.06875000149011612, -0.737500011920929, 1.6825000047683716, 0.1248709037899971, -0.8012046813964844, 1.5575000047683716, -0.06875000149011612, -0.8593987226486206, 1.5575000047683716, 0.06875000149011612, -0.862500011920929, 1.6825000047683716] current=[-0.05337239429354668, -0.8581535816192627, 1.810172438621521, 0.11373975872993469, -0.7196555733680725, 1.6686474084854126, -0.11973614245653152, -0.5670060515403748, 1.8704755306243896, 0.16516295075416565, -0.8506969213485718, 1.861351490020752]
[DIAG_INFER] step=771 policy_action_max=3.085722 applied_action_max=0.250000 obs_max=3.128479 history_nonzero_rows=15 position_clip=0 torque_clip=0 action=[3.085721731185913, 1.0988986492156982, 1.4007885456085205, 0.13568207621574402, -0.029903873801231384, -0.4272652864456177, 0.7086589932441711, -0.26825904846191406, -1.173279881477356, -2.3097052574157715, -2.1899538040161133, 2.0939159393310547]
[DIAG_TARGET] step=771 target_error=0.000000000 default=[0.0, -0.7853981852531433, 1.8654682636260986, 0.0, -0.7853981852531433, 1.8654682636260986, 0.0, -0.7853981852531433, 1.8654682636260986, 0.0, -0.7853981852531433, 1.8654682636260986] desired=[-0.06875000149011612, -0.737500011920929, 1.6825000047683716, 0.11696025729179382, -0.8074759840965271, 1.5575000047683716, -0.06875000149011612, -0.862500011920929, 1.5575000047683716, 0.06875000149011612, -0.862500011920929, 1.6825000047683716] applied=[-0.06875000149011612, -0.737500011920929, 1.6825000047683716, 0.11696025729179382, -0.8074759840965271, 1.5575000047683716, -0.06875000149011612, -0.862500011920929, 1.5575000047683716, 0.06875000149011612, -0.862500011920929, 1.6825000047683716] current=[-0.05604896694421768, -0.8605237007141113, 1.8065826892852783, 0.1114024966955185, -0.7242514491081238, 1.6733438968658447, -0.12089375406503677, -0.5716285109519958, 1.8706790208816528, 0.16490574181079865, -0.8554375767707825, 1.8659062385559082]
[DIAG_INFER] step=781 policy_action_max=3.041095 applied_action_max=0.250000 obs_max=3.085722 history_nonzero_rows=15 position_clip=0 torque_clip=0 action=[3.041095495223999, 1.064772367477417, 1.4397954940795898, 0.08553948998451233, -0.07987459003925323, -0.45122212171554565, 0.6772697567939758, -0.2812854051589966, -1.1214792728424072, -2.455772876739502, -2.1213278770446777, 1.9930120706558228]
[DIAG_TARGET] step=781 target_error=0.000000000 default=[0.0, -0.7853981852531433, 1.8654682636260986, 0.0, -0.7853981852531433, 1.8654682636260986, 0.0, -0.7853981852531433, 1.8654682636260986, 0.0, -0.7853981852531433, 1.8654682636260986] desired=[-0.06875000149011612, -0.737500011920929, 1.6825000047683716, 0.11069244146347046, -0.8199686408042908, 1.5575000047683716, -0.06875000149011612, -0.862500011920929, 1.5575000047683716, 0.06875000149011612, -0.862500011920929, 1.6825000047683716] applied=[-0.06875000149011612, -0.737500011920929, 1.6825000047683716, 0.11069244146347046, -0.8199686408042908, 1.5575000047683716, -0.06875000149011612, -0.862500011920929, 1.5575000047683716, 0.06875000149011612, -0.862500011920929, 1.6825000047683716] current=[-0.05990421399474144, -0.8631486892700195, 1.8016951084136963, 0.10778240859508514, -0.7289569973945618, 1.6775246858596802, -0.12263313680887222, -0.5774492025375366, 1.8717628717422485, 0.16432654857635498, -0.8608123660087585, 1.8712152242660522]
[DIAG_INFER] step=791 policy_action_max=2.999227 applied_action_max=0.250000 obs_max=3.041095 history_nonzero_rows=15 position_clip=0 torque_clip=0 action=[2.9992270469665527, 1.0688282251358032, 1.4632902145385742, 0.0722815990447998, -0.12738700211048126, -0.4658201336860657, 0.6520970463752747, -0.2931342124938965, -1.07177734375, -2.4736056327819824, -2.094517230987549, 1.9645601511001587]
[DIAG_TARGET] step=791 target_error=0.000000000 default=[0.0, -0.7853981852531433, 1.8654682636260986, 0.0, -0.7853981852531433, 1.8654682636260986, 0.0, -0.7853981852531433, 1.8654682636260986, 0.0, -0.7853981852531433, 1.8654682636260986] desired=[-0.06875000149011612, -0.737500011920929, 1.6825000047683716, 0.1090352013707161, -0.8318467736244202, 1.5575000047683716, -0.06875000149011612, -0.862500011920929, 1.5575000047683716, 0.06875000149011612, -0.862500011920929, 1.6825000047683716] applied=[-0.06875000149011612, -0.737500011920929, 1.6825000047683716, 0.1090352013707161, -0.8318467736244202, 1.5575000047683716, -0.06875000149011612, -0.862500011920929, 1.5575000047683716, 0.06875000149011612, -0.862500011920929, 1.6825000047683716] current=[-0.06413037329912186, -0.8655596971511841, 1.7955615520477295, 0.10369076579809189, -0.7335162162780762, 1.6813865900039673, -0.12425054609775543, -0.5837355256080627, 1.8728872537612915, 0.16398553550243378, -0.8662503957748413, 1.8768123388290405]
[STAGE] video_encoding_start
[SUMMARY] {"task": "YoboGo-Velocity-Flat-v0", "mode": "smoke", "yobogo_walk_speed_m_s": 0.15, "rapid_walk_speed_m_s": 0.3, "adaptation_weight": "/run/media/pma213x/0C6A8CC86A8CAFCE/Ubuntu2/CodeU/Dog1/mini-cheetah-isaaclab/external_models/rapid-locomotion-rl/runs/rapid-locomotion/example/train/201852.132488/checkpoints/adaptation_module_latest.jit", "body_weight": "/run/media/pma213x/0C6A8CC86A8CAFCE/Ubuntu2/CodeU/Dog1/mini-cheetah-isaaclab/external_models/rapid-locomotion-rl/runs/rapid-locomotion/example/train/201852.132488/checkpoints/body_latest.jit", "completed_steps": 800, "inference_steps": 80, "expected_inference_steps": 80, "reset_count": 0, "safety_clip_count": 17, "position_clip_count": 0, "torque_clip_count": 17, "large_action_inference_count": 0, "official_clip_inference_count": 0, "max_abs_rapid_action": 0.25, "max_abs_policy_action": 5.6122331619262695, "ood_guard_count": 840, "base_height_min_m": 0.22852902114391327, "max_abs_roll_deg": 3.5009274572577356, "max_abs_pitch_deg": 12.471900066769571, "xy_displacement_m": 0.05885286256670952, "mean_measured_velocity_m_s": 0.03678303910419345, "final_command": [0.0, 0.0, 0.5], "final_rapid_from_term": [0.0, 0.0, 0.5], "terminated_steps": 0, "stability_errors": ["direction_incorrect_or_not_dominant", "displacement=0.095191<0.10"], "interface_ok": true, "stable_walking": false, "scenario_name": "yaw", "scenario_settle_steps": 200, "scenario_motion_steps": 600, "scenario_command_requested_rapid": [0.0, 0.0, 0.5], "scenario_command_policy": [0.0, 0.0, 0.5], "scenario_command_term": [0.0, 0.0, 0.5], "scenario_command_rapid_final": [0.0, 0.0, 0.5], "scenario_metrics": {"start_position_world": [0.32814109325408936, -0.1815931499004364, 0.270206093788147], "end_position_world": [0.3603074550628662, -0.27118468284606934, 0.2546575665473938], "displacement_vector_world": [0.032166361808776855, -0.08959153294563293], "displacement_m": 0.09519095339138887, "start_yaw_deg": 96.98203164431762, "end_yaw_deg": 99.63539262339414, "yaw_change_deg": 2.653360979076513, "start_forward_axis_world": [-0.12155806802832096, 0.9925843219078276], "start_left_axis_world": [-0.9925843219078276, -0.12155806802832096], "start_forward_projection_m": -0.09283723177449875, "start_lateral_projection_m": -0.021037252767639812, "body_forward_projection_m": -0.09430574648546963, "body_lateral_projection_m": -0.01666461406397231, "mean_body_velocity_m_s": [-0.0773473716903633, -0.013921039754641241], "mean_body_yaw_rate_rad_s": 0.03711626369040459, "primary_axis": "yaw", "primary_projection": 2.653360979076513, "thresholds": {"displacement_m": 0.1, "projection_dominance_ratio": 0.6, "yaw_change_deg": 10.0}, "command_ok": true, "direction_ok": false, "displacement_ok": false}, "scenario_gate_errors": ["direction_incorrect_or_not_dominant", "displacement=0.095191<0.10"], "scenario_pass": false, "video": null, "video_frames_written": 0, "leg_motion_stats": {"FR": {"joints": {"haa": {"target": {"min": -0.12747138738632202, "max": -0.06875000149011612, "rms": 0.06978963106083313, "range": 0.0587213858962059, "motion_rms": 0.006524088678746276}, "actual": {"min": -0.09722276031970978, "max": 0.020350825041532516, "rms": 0.054422786579920474, "range": 0.1175735853612423, "motion_rms": 0.03470068669413072}, "raw_action": {"min": -0.2197711020708084, "max": 5.6122331619262695, "rms": 3.3819576960166104, "range": 5.832004263997078, "motion_rms": 0.8542540180241307}, "applied_action": {"min": -0.2197711020708084, "max": 0.25, "rms": 0.24964473100051146, "range": 0.4697711020708084, "motion_rms": 0.052192711085524514}, "position_clip_count": 0, "torque_clip_count": 0}, "hip": {"target": {"min": -0.862500011920929, "max": -0.737500011920929, "rms": 0.7511737059395586, "range": 0.125, "motion_rms": 0.03550647846127115}, "actual": {"min": -0.8980763554573059, "max": -0.6353017687797546, "rms": 0.7912342817330248, "range": 0.26277458667755127, "motion_rms": 0.07129237603644346}, "raw_action": {"min": -1.094954252243042, "max": 1.9672203063964844, "rms": 0.9676191323929579, "range": 3.0621745586395264, "motion_rms": 0.5907102477420915}, "applied_action": {"min": -0.25, "max": 0.25, "rms": 0.2442102428995259, "range": 0.5, "motion_rms": 0.1420259178807754}, "position_clip_count": 0, "torque_clip_count": 0}, "knee": {"target": {"min": 1.5575000047683716, "max": 1.6825000047683716, "rms": 1.6806469158852988, "range": 0.125, "motion_rms": 0.014194457363640944}, "actual": {"min": 1.6806889772415161, "max": 1.8669557571411133, "rms": 1.776456705666814, "range": 0.18626677989959717, "motion_rms": 0.041946546985059806}, "raw_action": {"min": -0.3086051940917969, "max": 3.5029850006103516, "rms": 1.8995604572657683, "range": 3.8115901947021484, "motion_rms": 0.6334300090497538}, "applied_action": {"min": -0.25, "max": 0.25, "rms": 0.2489100489916641, "range": 0.5, "motion_rms": 0.05677783356913203}, "position_clip_count": 0, "torque_clip_count": 0}}, "target_range_min": 0.0587213858962059, "actual_range_min": 0.1175735853612423, "actual_motion_rms_min": 0.03470068669413072}, "FL": {"joints": {"haa": {"target": {"min": 0.06875000149011612, "max": 0.13124999403953552, "rms": 0.09403344548926898, "range": 0.0624999925494194, "motion_rms": 0.02751900900218894}, "actual": {"min": -0.008449621498584747, "max": 0.11587287485599518, "rms": 0.0685324071165082, "range": 0.12432249635457993, "motion_rms": 0.0320435039742086}, "raw_action": {"min": -3.6611955165863037, "max": 0.6921340227127075, "rms": 1.1265898937297258, "range": 4.353329539299011, "motion_rms": 0.9642559797479807}, "applied_action": {"min": -0.25, "max": 0.25, "rms": 0.23446567890323855, "range": 0.5, "motion_rms": 0.22015209178294057}, "position_clip_count": 0, "torque_clip_count": 0}, "hip": {"target": {"min": -0.862500011920929, "max": -0.737500011920929, "rms": 0.7598481372754239, "range": 0.125, "motion_rms": 0.03689817426942766}, "actual": {"min": -0.9960067272186279, "max": -0.6065478920936584, "rms": 0.766067369682111, "range": 0.3894588351249695, "motion_rms": 0.1220952549811092}, "raw_action": {"min": -1.072044014930725, "max": 1.5275236368179321, "rms": 0.63254783822839, "range": 2.5995676517486572, "motion_rms": 0.48199259568111774}, "applied_action": {"min": -0.25, "max": 0.25, "rms": 0.22077816249981383, "range": 0.5, "motion_rms": 0.14759269240203365}, "position_clip_count": 0, "torque_clip_count": 0}, "knee": {"target": {"min": 1.5575000047683716, "max": 1.6825000047683716, "rms": 1.586602494837296, "range": 0.125, "motion_rms": 0.047722069228154695}, "actual": {"min": 1.6376664638519287, "max": 1.8664987087249756, "rms": 1.7240455037121074, "range": 0.22883224487304688, "motion_rms": 0.06157230130337746}, "raw_action": {"min": -1.3008935451507568, "max": 0.5837876796722412, "rms": 0.5748301810267852, "range": 1.884681224822998, "motion_rms": 0.4565825930193491}, "applied_action": {"min": -0.25, "max": 0.25, "rms": 0.23464882198033737, "range": 0.5, "motion_rms": 0.19088827946300585}, "position_clip_count": 0, "torque_clip_count": 0}}, "target_range_min": 0.0624999925494194, "actual_range_min": 0.12432249635457993, "actual_motion_rms_min": 0.0320435039742086}, "RR": {"joints": {"haa": {"target": {"min": -0.13124999403953552, "max": -0.06875000149011612, "rms": 0.09330942083383555, "range": 0.0624999925494194, "motion_rms": 0.02822213212491499}, "actual": {"min": -0.21414735913276672, "max": -0.0006835355306975543, "rms": 0.15109496753028323, "range": 0.21346382360206917, "motion_rms": 0.04645717777549628}, "raw_action": {"min": -2.663148880004883, "max": 2.2881014347076416, "rms": 1.2719278236965275, "range": 4.951250314712524, "motion_rms": 1.2591843045863602}, "applied_action": {"min": -0.25, "max": 0.25, "rms": 0.24249805956556442, "range": 0.5, "motion_rms": 0.22577708390598908}, "position_clip_count": 0, "torque_clip_count": 0}, "hip": {"target": {"min": -0.862500011920929, "max": -0.737500011920929, "rms": 0.838914079770485, "range": 0.125, "motion_rms": 0.0378546966182006}, "actual": {"min": -0.8923079967498779, "max": -0.49349310994148254, "rms": 0.6647175236189384, "range": 0.3988148868083954, "motion_rms": 0.1291729910514592}, "raw_action": {"min": -2.379185676574707, "max": 0.6373047232627869, "rms": 0.7673275276269647, "range": 3.016490399837494, "motion_rms": 0.5977487165108096}, "applied_action": {"min": -0.25, "max": 0.25, "rms": 0.21471874381868586, "range": 0.5, "motion_rms": 0.1514187852393086}, "position_clip_count": 0, "torque_clip_count": 0}, "knee": {"target": {"min": 1.5575000047683716, "max": 1.6825000047683716, "rms": 1.5663307339060941, "range": 0.125, "motion_rms": 0.03073915358142659}, "actual": {"min": 1.6433067321777344, "max": 1.9766054153442383, "rms": 1.858322829082507, "range": 0.3332986831665039, "motion_rms": 0.0903139556876965}, "raw_action": {"min": -2.360039472579956, "max": 2.2486705780029297, "rms": 1.4527498515992805, "range": 4.608710050582886, "motion_rms": 0.7495182646343747}, "applied_action": {"min": -0.25, "max": 0.25, "rms": 0.24844336259435296, "range": 0.5, "motion_rms": 0.12295661314296627}, "position_clip_count": 0, "torque_clip_count": 0}}, "target_range_min": 0.0624999925494194, "actual_range_min": 0.21346382360206917, "actual_motion_rms_min": 0.04645717777549628}, "RL": {"joints": {"haa": {"target": {"min": 0.05566298961639404, "max": 0.13124999403953552, "rms": 0.07486798072394417, "range": 0.07558700442314148, "motion_rms": 0.01606949892973392}, "actual": {"min": -0.0029986591544002295, "max": 0.2085452377796173, "rms": 0.1403423066409987, "range": 0.21154389693401754, "motion_rms": 0.052193663963146224}, "raw_action": {"min": -4.692746639251709, "max": 2.615363359451294, "rms": 2.2314686057310267, "range": 7.308109998703003, "motion_rms": 1.2714020228383078}, "applied_action": {"min": -0.25, "max": 0.25, "rms": 0.2489314492836312, "range": 0.5, "motion_rms": 0.12765714939121905}, "position_clip_count": 0, "torque_clip_count": 1}, "hip": {"target": {"min": -1.4998626708984375, "max": -0.29407215118408203, "rms": 0.8699887773940419, "range": 1.2057905197143555, "motion_rms": 0.15527718980608984}, "actual": {"min": -1.0998653173446655, "max": -0.5314285159111023, "rms": 0.8038332897986132, "range": 0.5684368014335632, "motion_rms": 0.11038240487170435}, "raw_action": {"min": -4.0956926345825195, "max": 0.02854040265083313, "rms": 2.4395582645809917, "range": 4.124233037233353, "motion_rms": 1.0642821668112876}, "applied_action": {"min": -0.25, "max": 0.02854040265083313, "rms": 0.24515432519731636, "range": 0.27854040265083313, "motion_rms": 0.03847754828100644}, "position_clip_count": 0, "torque_clip_count": 15}, "knee": {"target": {"min": 1.5575000047683716, "max": 2.03242826461792, "rms": 1.6813107225601183, "range": 0.47492825984954834, "motion_rms": 0.048045325989037733}, "actual": {"min": 1.6728447675704956, "max": 2.189387321472168, "rms": 1.9045801990314792, "range": 0.5165425539016724, "motion_rms": 0.13159424112521878}, "raw_action": {"min": -0.7321033477783203, "max": 5.480983257293701, "rms": 2.5263252093662154, "range": 6.2130866050720215, "motion_rms": 1.106177322977398}, "applied_action": {"min": -0.25, "max": 0.25, "rms": 0.25, "range": 0.5, "motion_rms": 0.10897247358851678}, "position_clip_count": 0, "torque_clip_count": 1}}, "target_range_min": 0.07558700442314148, "actual_range_min": 0.21154389693401754, "actual_motion_rms_min": 0.052193663963146224}, "_gate": {"front_target_range_min": 0.0587213858962059, "front_actual_range_min": 0.1175735853612423, "front_target_threshold_rad": 0.04, "front_actual_threshold_rad": 0.05, "ok": true}}, "scenario_mean_body_velocity": [-0.0773473716903633, -0.013921039754641241], "scenario_mean_body_yaw_rate": 0.03711626369040459}
Traceback (most recent call last):
  File "/run/media/pma213x/0C6A8CC86A8CAFCE/Ubuntu2/CodeU/Dog1/mini-cheetah-isaaclab/training/scripts/play_rapid.py", line 1188, in <module>
    exit_code = main()
  File "/run/media/pma213x/0C6A8CC86A8CAFCE/Ubuntu2/CodeU/Dog1/mini-cheetah-isaaclab/training/scripts/play_rapid.py", line 1173, in main
    raise RuntimeError(
RuntimeError: 稳定性 Gate 失败：direction_incorrect_or_not_dominant；displacement=0.095191<0.10
