[3gH    H    H    H    H    H    H    H    H    H    H    H    H    H    H    H    H    H    H    H   [INFO] Using python from: /home/pma213x/.venvs/minicheetah-isaaclab/bin/python
[INFO][AppLauncher]: Loading experience file: /home/pma213x/IsaacLab/apps/isaaclab.python.headless.kit
[Warning] [simulation_app.simulation_app] Modules: ['omni.kit_app'] were loaded before SimulationApp was started and might not be loaded correctly.
[Warning] [simulation_app.simulation_app] Please check to make sure no extra omniverse or pxr modules are imported before the call to SimulationApp(...)
Loading user config located at: '/home/pma213x/.venvs/minicheetah-isaaclab/lib/python3.10/site-packages/omni/data/Kit/Isaac-Sim/4.5/user.config.json'
[Info] [carb] Logging to file: /home/pma213x/.venvs/minicheetah-isaaclab/lib/python3.10/site-packages/omni/logs/Kit/Isaac-Sim/4.5/kit_20261008_230804.log
2026-10-08 15:08:04 [0ms] [Warning] [omni.kit.app.plugin] No crash reporter present, dumps uploading isn't available.
2026-10-08 15:08:04 [119ms] [Warning] [omni.usd_config.extension] Enable omni.materialx.libs extension to use MaterialX
2026-10-08 15:08:05 [465ms] [Warning] [omni.datastore] OmniHub is inaccessible
2026-10-08 15:08:05 [498ms] [Warning] [omni.isaac.dynamic_control] omni.isaac.dynamic_control is deprecated as of Isaac Sim 4.5. No action is needed from end-users.
Gym has been unmaintained since 2022 and does not support NumPy 2.0 amongst other critical functionality.
Please upgrade to Gymnasium, the maintained drop-in replacement of Gym, or contact the authors of your software and request that they upgrade.
See the migration guide at https://gymnasium.farama.org/introduction/migration_guide/ for additional information.
2026-10-08 15:08:07 [2,435ms] [Warning] [gpu.foundation.plugin] Skipping unsupported non-NVIDIA GPU: Intel(R) UHD Graphics (ADL-S GT0.5)
2026-10-08 15:08:07 [2,435ms] [Warning] [gpu.foundation.plugin] Skipping unsupported non-NVIDIA GPU: Intel(R) UHD Graphics (ADL-S GT0.5)

|---------------------------------------------------------------------------------------------|
| Driver Version: 580.178.04    | Graphics API: Vulkan
|=============================================================================================|
| GPU | Name                             | Active | LDA | GPU Memory | Vendor-ID | LUID       |
|     |                                  |        |     |            | Device-ID | UUID       |
|     |                                  |        |     |            | Bus-ID    |            |
|---------------------------------------------------------------------------------------------|
| 0   | NVIDIA GeForce RTX 4060 Laptop.. | Yes: 0 |     | 8188    MB | 10de      | 0          |
|     |                                  |        |     |            | 28e0      | 4d090564.. |
|     |                                  |        |     |            | 1         |            |
|---------------------------------------------------------------------------------------------|
| 1   | Intel(R) UHD Graphics (ADL-S G.. |        |     | 11374   MB | 8086      | 0          |
|     |                                  |        |     |            | 468b      | 86808b46.. |
|     |                                  |        |     |            | 0         |            |
|=============================================================================================|
| OS: 26.04.1 LTS (Resolute Raccoon) ubuntu, Version: 26.04.1, Kernel: 7.0.0-34-generic
| XServer Vendor: The X.Org Foundation, XServer Version: 12401010 (1.24.1.10)
| Processor: 13th Gen Intel(R) Core(TM) i5-13500HX
| Bare Metal Cores: 14 | Bare Metal Logical Cores: 28
| Available Cores:  20 
|---------------------------------------------------------------------------------------------|
| Total Memory (MB): 15166 | Free Memory: 6438
| Total Page/Swap (MB): 20479 | Free Page/Swap: 14492
|---------------------------------------------------------------------------------------------|
2026-10-08 15:08:07 [2,755ms] [Warning] [gpu.foundation.plugin] IOMMU is enabled.
2026-10-08 15:08:07 [2,757ms] [Warning] [gpu.foundation.plugin] Detected IOMMU is enabled. Running CUDA peer-to-peer bandwidth and latency validation.
Unidirectional P2P=Enabled Bandwidth (P2P Writes) Matrix (GB/s)
   D\D     0 
     0 147.13 
P2P=Enabled Latency (P2P Writes) Matrix (us)
   GPU     0 
     0   1.31 

   CPU     0 
     0   2.25 
[STAGE] config_start
[INFO]: Parsing configuration from: training.envs.velocity_flat_env_cfg:YoboGoVelocityFlatEnvCfg
[STAGE] config_done
[STAGE] environment_create_start
2026-10-08 15:08:07 [2,978ms] [Warning] [isaaclab.envs.manager_based_env] Seed not set for the environment. The environment creation may not be deterministic.
[INFO]: Base environment:
	Environment device    : cuda:0
	Environment seed      : None
	Physics step-size     : 0.0004
	Rendering step-size   : 0.002
	Environment step-size : 0.002
2026-10-08 15:08:07 [3,066ms] [Warning] [isaaclab.terrains.terrain_importer] Visual material specified for ground plane but no diffuse color found. Using default color: (0.0, 0.0, 0.0)
[INFO]: Time taken for scene creation : 2.535051 seconds
[INFO]: Scene manager:  <class InteractiveScene>
	Number of environments: 1
	Environment spacing   : 2.5
	Source prim name      : /World/envs/env_0
	Global prim paths     : ['/World/ground']
	Replicate physics     : True
[INFO]: Starting the simulation. This may take a few seconds. Please wait...
[INFO]: Time taken for simulation start : 0.451810 seconds
2026-10-08 15:08:11 [6,252ms] [Warning] [omni.usd] Warning: in GetNodeDiscoveryResults at line 136 of /builds/omniverse/usd-ci/USD/pxr/usd/usdShade/shaderDefUtils.cpp -- Unable to resolve info:sourceAsset </UsdPreviewSurface.info:mdl:sourceAsset> with value @UsdPreviewSurface.mdl@.

2026-10-08 15:08:11 [6,252ms] [Warning] [omni.usd] Warning: in GetNodeDiscoveryResults at line 136 of /builds/omniverse/usd-ci/USD/pxr/usd/usdShade/shaderDefUtils.cpp -- Unable to resolve info:sourceAsset </UsdUVTexture.info:mdl:sourceAsset> with value @UsdPreviewSurface.mdl@.

2026-10-08 15:08:11 [6,252ms] [Warning] [omni.usd] Warning: in GetNodeDiscoveryResults at line 136 of /builds/omniverse/usd-ci/USD/pxr/usd/usdShade/shaderDefUtils.cpp -- Unable to resolve info:sourceAsset </UsdPrimvarReader_float.info:mdl:sourceAsset> with value @UsdPreviewSurface.mdl@.

2026-10-08 15:08:11 [6,252ms] [Warning] [omni.usd] Warning: in GetNodeDiscoveryResults at line 136 of /builds/omniverse/usd-ci/USD/pxr/usd/usdShade/shaderDefUtils.cpp -- Unable to resolve info:sourceAsset </UsdPrimvarReader_float2.info:mdl:sourceAsset> with value @UsdPreviewSurface.mdl@.

2026-10-08 15:08:11 [6,252ms] [Warning] [omni.usd] Warning: in GetNodeDiscoveryResults at line 136 of /builds/omniverse/usd-ci/USD/pxr/usd/usdShade/shaderDefUtils.cpp -- Unable to resolve info:sourceAsset </UsdPrimvarReader_float3.info:mdl:sourceAsset> with value @UsdPreviewSurface.mdl@.

2026-10-08 15:08:11 [6,252ms] [Warning] [omni.usd] Warning: in GetNodeDiscoveryResults at line 136 of /builds/omniverse/usd-ci/USD/pxr/usd/usdShade/shaderDefUtils.cpp -- Unable to resolve info:sourceAsset </UsdPrimvarReader_float4.info:mdl:sourceAsset> with value @UsdPreviewSurface.mdl@.

2026-10-08 15:08:11 [6,252ms] [Warning] [omni.usd] Warning: in GetNodeDiscoveryResults at line 136 of /builds/omniverse/usd-ci/USD/pxr/usd/usdShade/shaderDefUtils.cpp -- Unable to resolve info:sourceAsset </UsdPrimvarReader_int.info:mdl:sourceAsset> with value @UsdPreviewSurface.mdl@.

2026-10-08 15:08:11 [6,252ms] [Warning] [omni.usd] Warning: in GetNodeDiscoveryResults at line 136 of /builds/omniverse/usd-ci/USD/pxr/usd/usdShade/shaderDefUtils.cpp -- Unable to resolve info:sourceAsset </UsdPrimvarReader_string.info:mdl:sourceAsset> with value @UsdPreviewSurface.mdl@.

2026-10-08 15:08:11 [6,253ms] [Warning] [omni.usd] Warning: in GetNodeDiscoveryResults at line 136 of /builds/omniverse/usd-ci/USD/pxr/usd/usdShade/shaderDefUtils.cpp -- Unable to resolve info:sourceAsset </UsdPrimvarReader_normal.info:mdl:sourceAsset> with value @UsdPreviewSurface.mdl@.

2026-10-08 15:08:11 [6,253ms] [Warning] [omni.usd] Warning: in GetNodeDiscoveryResults at line 136 of /builds/omniverse/usd-ci/USD/pxr/usd/usdShade/shaderDefUtils.cpp -- Unable to resolve info:sourceAsset </UsdPrimvarReader_point.info:mdl:sourceAsset> with value @UsdPreviewSurface.mdl@.

2026-10-08 15:08:11 [6,253ms] [Warning] [omni.usd] Warning: in GetNodeDiscoveryResults at line 136 of /builds/omniverse/usd-ci/USD/pxr/usd/usdShade/shaderDefUtils.cpp -- Unable to resolve info:sourceAsset </UsdPrimvarReader_vector.info:mdl:sourceAsset> with value @UsdPreviewSurface.mdl@.

2026-10-08 15:08:11 [6,254ms] [Warning] [omni.usd] Warning: in GetNodeDiscoveryResults at line 136 of /builds/omniverse/usd-ci/USD/pxr/usd/usdShade/shaderDefUtils.cpp -- Unable to resolve info:sourceAsset </UsdPrimvarReader_matrix.info:mdl:sourceAsset> with value @UsdPreviewSurface.mdl@.

2026-10-08 15:08:11 [6,254ms] [Warning] [omni.usd] Warning: in GetNodeDiscoveryResults at line 136 of /builds/omniverse/usd-ci/USD/pxr/usd/usdShade/shaderDefUtils.cpp -- Unable to resolve info:sourceAsset </UsdTransform2d.info:mdl:sourceAsset> with value @UsdPreviewSurface.mdl@.

[INFO] Command Manager:  <CommandManager> contains 1 active terms.
+------------------------------------------------+
|              Active Command Terms              |
+-------+---------------+------------------------+
| Index | Name          |          Type          |
+-------+---------------+------------------------+
|   0   | base_velocity | UniformVelocityCommand |
+-------+---------------+------------------------+

[INFO] Recorder Manager:  <RecorderManager> contains 0 active terms.
+---------------------+
| Active Recorder Terms |
+-----------+---------+
|   Index   | Name    |
+-----------+---------+
+-----------+---------+

[INFO] Action Manager:  <ActionManager> contains 1 active terms.
+------------------------------------+
|  Active Action Terms (shape: 12)   |
+--------+-------------+-------------+
| Index  | Name        |   Dimension |
+--------+-------------+-------------+
|   0    | joint_pos   |          12 |
+--------+-------------+-------------+

[INFO] Observation Manager: <ObservationManager> contains 1 groups.
+---------------------------------------------------------+
| Active Observation Terms in Group: 'policy' (shape: (48,)) |
+-----------+---------------------------------+-----------+
|   Index   | Name                            |   Shape   |
+-----------+---------------------------------+-----------+
|     0     | base_lin_vel                    |    (3,)   |
|     1     | base_ang_vel                    |    (3,)   |
|     2     | projected_gravity               |    (3,)   |
|     3     | velocity_commands               |    (3,)   |
|     4     | joint_pos                       |   (12,)   |
|     5     | joint_vel                       |   (12,)   |
|     6     | actions                         |   (12,)   |
+-----------+---------------------------------+-----------+

[INFO] Event Manager:  <EventManager> contains 3 active terms.
+--------------------------------------+
| Active Event Terms in Mode: 'startup' |
+----------+---------------------------+
|  Index   | Name                      |
+----------+---------------------------+
|    0     | physics_material          |
+----------+---------------------------+
+---------------------------------------+
|  Active Event Terms in Mode: 'reset'  |
+--------+------------------------------+
| Index  | Name                         |
+--------+------------------------------+
|   0    | base_external_force_torque   |
|   1    | reset_base                   |
|   2    | reset_robot_joints           |
+--------+------------------------------+
+----------------------------------------------+
|    Active Event Terms in Mode: 'interval'    |
+-------+------------+-------------------------+
| Index | Name       | Interval time range (s) |
+-------+------------+-------------------------+
|   0   | push_robot |       (10.0, 15.0)      |
+-------+------------+-------------------------+

[INFO] Termination Manager:  <TerminationManager> contains 2 active terms.
+---------------------------------+
|     Active Termination Terms    |
+-------+--------------+----------+
| Index | Name         | Time Out |
+-------+--------------+----------+
|   0   | time_out     |   True   |
|   1   | base_contact |  False   |
+-------+--------------+----------+

[INFO] Reward Manager:  <RewardManager> contains 11 active terms.
+-----------------------------------------+
|           Active Reward Terms           |
+-------+----------------------+----------+
| Index | Name                 |   Weight |
+-------+----------------------+----------+
|   0   | track_lin_vel_xy_exp |      1.0 |
|   1   | track_ang_vel_z_exp  |      0.5 |
|   2   | lin_vel_z_l2         |     -2.0 |
|   3   | ang_vel_xy_l2        |    -0.05 |
|   4   | dof_torques_l2       | -2.5e-05 |
|   5   | dof_acc_l2           | -2.5e-07 |
|   6   | action_rate_l2       |    -0.01 |
|   7   | feet_air_time        |      0.5 |
|   8   | undesired_contacts   |     -1.0 |
|   9   | flat_orientation_l2  |     -5.0 |
|   10  | dof_pos_limits       |      0.0 |
+-------+----------------------+----------+

[INFO] Curriculum Manager:  <CurriculumManager> contains 0 active terms.
+----------------------+
| Active Curriculum Terms |
+-----------+----------+
|   Index   | Name     |
+-----------+----------+
+-----------+----------+

[INFO]: Completed setting up the environment...
[STAGE] environment_create_done
[STAGE] policy_adapter_setup_start
[STAGE] policy_adapter_setup_done
[INFO] task=YoboGo-Velocity-Flat-v0
[INFO] weights_adaptation=/run/media/pma213x/0C6A8CC86A8CAFCE/Ubuntu2/CodeU/Dog1/mini-cheetah-isaaclab/external_models/rapid-locomotion-rl/runs/rapid-locomotion/example/train/201852.132488/checkpoints/adaptation_module_latest.jit
[INFO] weights_body=/run/media/pma213x/0C6A8CC86A8CAFCE/Ubuntu2/CodeU/Dog1/mini-cheetah-isaaclab/external_models/rapid-locomotion-rl/runs/rapid-locomotion/example/train/201852.132488/checkpoints/body_latest.jit
[INFO] yobogo_observation_dim=48 rapid_observation_dim=42
[INFO] history_dim=630 action_dim=12
[INFO] inference_period=10 control_period_s=0.002 inference_hz=50
[INFO] rapid_replay_actuator_kp=20 kd=0.5 effort=18/18/26
[INFO] scenario=yaw_probe rapid_command_requested=[0.0, 0.0, 1.0] settle_steps=200 motion_steps=600
[INFO] model_dummy_action_shape=(1, 12)
[INFO] model_dummy_latent_shape=(1, 18)
[STAGE] event_loop_start
[DIAG_INFER] step=1 policy_action_max=1.179989 applied_action_max=0.250000 obs_max=1.000000 history_nonzero_rows=0 position_clip=0 torque_clip=0 action=[-0.21977098286151886, 0.8110651969909668, -0.30860525369644165, -0.10791721940040588, 0.7024933099746704, 0.44729387760162354, 0.14830182492733002, -1.1799887418746948, 0.886445164680481, 0.22358790040016174, -0.5151159763336182, -0.7321033477783203]
[DIAG_TARGET] step=1 target_error=0.000000000 default=[0.0, -0.7853981852531433, 1.8654682636260986, 0.0, -0.7853981852531433, 1.8654682636260986, 0.0, -0.7853981852531433, 1.8654682636260986, 0.0, -0.7853981852531433, 1.8654682636260986] desired=[-0.12747137248516083, -0.737500011920929, 1.5575000047683716, 0.08651034533977509, -0.737500011920929, 1.6825000047683716, -0.08146227151155472, -0.862500011920929, 1.6825000047683716, 0.12794849276542664, -0.862500011920929, 1.5575000047683716] applied=[-0.12747137248516083, -0.737500011920929, 1.5575000047683716, 0.08651034533977509, -0.737500011920929, 1.6825000047683716, -0.08146227151155472, -0.862500011920929, 1.6825000047683716, 0.12794849276542664, -0.862500011920929, 1.5575000047683716] current=[-0.0035428544506430626, -0.7864254117012024, 1.8706690073013306, -0.0021072642412036657, -0.7862615585327148, 1.8723475933074951, -0.0029888900462538004, -0.78605055809021, 1.869590163230896, -0.002120220335200429, -0.7863764762878418, 1.8711272478103638]
[STAGE] first_step_done
[DIAG_INFER] step=11 policy_action_max=4.376077 applied_action_max=0.250000 obs_max=1.179989 history_nonzero_rows=1 position_clip=0 torque_clip=0 action=[-0.5628439784049988, 1.227741003036499, 0.4217495024204254, -1.9443286657333374, 0.4618985056877136, 0.39857804775238037, 1.4003417491912842, -4.376076698303223, 3.677278518676758, -2.044793128967285, -0.3795873820781708, -0.5412818193435669]
[DIAG_TARGET] step=11 target_error=0.000000000 default=[0.0, -0.7853981852531433, 1.8654682636260986, 0.0, -0.7853981852531433, 1.8654682636260986, 0.0, -0.7853981852531433, 1.8654682636260986, 0.0, -0.7853981852531433, 1.8654682636260986] desired=[-0.13124999403953552, -0.737500011920929, 1.6825000047683716, 0.06875000149011612, -0.737500011920929, 1.6825000047683716, -0.06875000149011612, -0.862500011920929, 1.6825000047683716, 0.06875000149011612, -0.862500011920929, 1.5575000047683716] applied=[-0.13124999403953552, -0.737500011920929, 1.6825000047683716, 0.06875000149011612, -0.737500011920929, 1.6825000047683716, -0.06875000149011612, -0.862500011920929, 1.6825000047683716, 0.06875000149011612, -0.862500011920929, 1.5575000047683716] current=[-0.023836541920900345, -0.7895901799201965, 1.900759220123291, -0.02154773287475109, -0.7994868755340576, 1.9388413429260254, -0.016008548438549042, -0.7864415645599365, 1.893137812614441, -0.01510006282478571, -0.7955322265625, 1.9256179332733154]
[DIAG_INFER] step=21 policy_action_max=4.600780 applied_action_max=0.250000 obs_max=4.376077 history_nonzero_rows=2 position_clip=0 torque_clip=0 action=[-0.40299171209335327, 2.018634557723999, 0.29938003420829773, -2.880354404449463, 1.1949321031570435, 0.07840751856565475, 1.1960585117340088, -4.382670879364014, 2.4095864295959473, -4.600780487060547, 1.9672932624816895, -2.686483860015869]
[DIAG_TARGET] step=21 target_error=0.000000000 default=[0.0, -0.7853981852531433, 1.8654682636260986, 0.0, -0.7853981852531433, 1.8654682636260986, 0.0, -0.7853981852531433, 1.8654682636260986, 0.0, -0.7853981852531433, 1.8654682636260986] desired=[-0.13124999403953552, -0.737500011920929, 1.6825000047683716, 0.06875000149011612, -0.737500011920929, 1.6396018266677856, -0.06875000149011612, -0.862500011920929, 1.6825000047683716, 0.06875000149011612, -0.737500011920929, 1.5575000047683716] applied=[-0.13124999403953552, -0.737500011920929, 1.6825000047683716, 0.06875000149011612, -0.737500011920929, 1.6396018266677856, -0.06875000149011612, -0.862500011920929, 1.6825000047683716, 0.06875000149011612, -0.737500011920929, 1.5575000047683716] current=[-0.03918880969285965, -0.781603991985321, 1.9058973789215088, -0.03860877454280853, -0.800593912601471, 1.9844486713409424, -0.01975153759121895, -0.778255820274353, 1.8979262113571167, -0.019753338769078255, -0.7929151058197021, 1.9613380432128906]
[DIAG_INFER] step=31 policy_action_max=5.806586 applied_action_max=0.250000 obs_max=4.600780 history_nonzero_rows=3 position_clip=0 torque_clip=2 action=[1.8272082805633545, 2.384390115737915, 1.3257828950881958, -0.881952166557312, 1.1472424268722534, -0.45813485980033875, -2.0002214908599854, -1.8759791851043701, -1.8145681619644165, -5.806586265563965, 1.1879081726074219, -0.9368864297866821]
[DIAG_TARGET] step=31 target_error=0.000000000 default=[0.0, -0.7853981852531433, 1.8654682636260986, 0.0, -0.7853981852531433, 1.8654682636260986, 0.0, -0.7853981852531433, 1.8654682636260986, 0.0, -0.7853981852531433, 1.8654682636260986] desired=[-0.06875000149011612, -0.737500011920929, 1.6825000047683716, 0.06875000149011612, -0.737500011920929, 1.5575000047683716, -0.13124999403953552, -0.862500011920929, 1.5575000047683716, 0.04537171125411987, -0.6362565755844116, 1.5575000047683716] applied=[-0.06875000149011612, -0.737500011920929, 1.6825000047683716, 0.06875000149011612, -0.737500011920929, 1.5575000047683716, -0.13124999403953552, -0.862500011920929, 1.5575000047683716, 0.04537171125411987, -0.6362565755844116, 1.5575000047683716] current=[-0.056973155587911606, -0.7642170786857605, 1.8923721313476562, -0.059309862554073334, -0.7879350185394287, 2.008157253265381, -0.022586576640605927, -0.7620671391487122, 1.8877993822097778, -0.023870760574936867, -0.777055561542511, 1.975951075553894]
[DIAG_INFER] step=41 policy_action_max=5.535615 applied_action_max=0.250000 obs_max=5.806586 history_nonzero_rows=4 position_clip=0 torque_clip=2 action=[4.2908854484558105, 1.1551884412765503, 1.781221866607666, -1.4167689085006714, 0.21298848092556, 0.2721046209335327, -4.082033157348633, -0.5755155086517334, -2.275779962539673, -5.535614967346191, -0.058186620473861694, 1.0547269582748413]
[DIAG_TARGET] step=41 target_error=0.000000000 default=[0.0, -0.7853981852531433, 1.8654682636260986, 0.0, -0.7853981852531433, 1.8654682636260986, 0.0, -0.7853981852531433, 1.8654682636260986, 0.0, -0.7853981852531433, 1.8654682636260986] desired=[-0.06875000149011612, -0.737500011920929, 1.6825000047683716, 0.06875000149011612, -0.746752917766571, 1.6825000047683716, -0.13124999403953552, -0.862500011920929, 1.5575000047683716, 0.06875000149011612, -0.03642594814300537, 1.1642825603485107] applied=[-0.06875000149011612, -0.737500011920929, 1.6825000047683716, 0.06875000149011612, -0.746752917766571, 1.6825000047683716, -0.13124999403953552, -0.862500011920929, 1.5575000047683716, 0.06875000149011612, -0.03642594814300537, 1.1642825603485107] current=[-0.07249756157398224, -0.7355118989944458, 1.8600356578826904, -0.0784037783741951, -0.76164311170578, 2.008711814880371, -0.02360358275473118, -0.734620988368988, 1.8592125177383423, -0.026218270882964134, -0.7478387355804443, 1.967807412147522]
[DIAG_INFER] step=51 policy_action_max=7.893782 applied_action_max=0.250000 obs_max=5.535615 history_nonzero_rows=5 position_clip=0 torque_clip=3 action=[6.851289749145508, 0.16422834992408752, 2.3013603687286377, -1.578123688697815, 1.805970549583435, 0.28405237197875977, -5.9748969078063965, 0.05636847764253616, -3.843785285949707, -7.893781661987305, -1.0593082904815674, 1.632043719291687]
[DIAG_TARGET] step=51 target_error=0.000000000 default=[0.0, -0.7853981852531433, 1.8654682636260986, 0.0, -0.7853981852531433, 1.8654682636260986, 0.0, -0.7853981852531433, 1.8654682636260986, 0.0, -0.7853981852531433, 1.8654682636260986] desired=[-0.06875000149011612, -0.7589429020881653, 1.6825000047683716, 0.06875000149011612, -0.737500011920929, 1.6825000047683716, -0.13124999403953552, -0.7859078645706177, 1.5575000047683716, -0.4407140612602234, 0.613727867603302, 1.0265288352966309] applied=[-0.06875000149011612, -0.7589429020881653, 1.6825000047683716, 0.06875000149011612, -0.737500011920929, 1.6825000047683716, -0.13124999403953552, -0.7859078645706177, 1.5575000047683716, -0.4407140612602234, 0.613727867603302, 1.0265288352966309] current=[-0.10008039325475693, -0.69151371717453, 1.8179550170898438, -0.11033394187688828, -0.7082818150520325, 1.9886729717254639, -0.03933378681540489, -0.7002307176589966, 1.800768256187439, -0.023151343688368797, -0.6482172012329102, 1.9030288457870483]
[DIAG_INFER] step=61 policy_action_max=7.007134 applied_action_max=0.250000 obs_max=7.893782 history_nonzero_rows=6 position_clip=0 torque_clip=3 action=[6.409178733825684, -1.4177106618881226, 3.2277779579162598, -1.583011269569397, 1.8841103315353394, 0.6052008867263794, -4.923636436462402, 0.02146650105714798, -4.081082344055176, -7.007133960723877, -1.6318206787109375, 0.925432562828064]
[DIAG_TARGET] step=61 target_error=0.000000000 default=[0.0, -0.7853981852531433, 1.8654682636260986, 0.0, -0.7853981852531433, 1.8654682636260986, 0.0, -0.7853981852531433, 1.8654682636260986, 0.0, -0.7853981852531433, 1.8654682636260986] desired=[-0.06875000149011612, -0.862500011920929, 1.6825000047683716, 0.06875000149011612, -0.737500011920929, 1.6825000047683716, -0.13124999403953552, -0.4486372470855713, 1.5575000047683716, -0.773932158946991, -0.7918018102645874, 1.6825000047683716] applied=[-0.06875000149011612, -0.862500011920929, 1.6825000047683716, 0.06875000149011612, -0.737500011920929, 1.6825000047683716, -0.13124999403953552, -0.4486372470855713, 1.5575000047683716, -0.773932158946991, -0.7918018102645874, 1.6825000047683716] current=[-0.1511712521314621, -0.6646602749824524, 1.8063526153564453, -0.1472860723733902, -0.6361401081085205, 1.9454305171966553, -0.09457314014434814, -0.6737601161003113, 1.7254488468170166, -0.1214459016919136, -0.22003035247325897, 1.6442681550979614]
[DIAG_INFER] step=71 policy_action_max=4.422917 applied_action_max=0.250000 obs_max=7.007134 history_nonzero_rows=7 position_clip=0 torque_clip=2 action=[3.6720969676971436, 4.422916889190674, 3.5614843368530273, -3.8575730323791504, -2.658754348754883, -2.040200710296631, 0.31768637895584106, -1.5360363721847534, -0.6038484573364258, 1.2410897016525269, -3.398385524749756, 1.8072147369384766]
[DIAG_TARGET] step=71 target_error=0.000000000 default=[0.0, -0.7853981852531433, 1.8654682636260986, 0.0, -0.7853981852531433, 1.8654682636260986, 0.0, -0.7853981852531433, 1.8654682636260986, 0.0, -0.7853981852531433, 1.8654682636260986] desired=[-0.06875000149011612, -0.737500011920929, 1.6825000047683716, 0.06875000149011612, -0.862500011920929, 1.5575000047683716, -0.06875000149011612, -0.862500011920929, 1.5575000047683716, 0.2723575234413147, -2.0072293281555176, 1.6825000047683716] applied=[-0.06875000149011612, -0.737500011920929, 1.6825000047683716, 0.06875000149011612, -0.862500011920929, 1.5575000047683716, -0.06875000149011612, -0.862500011920929, 1.5575000047683716, 0.2723575234413147, -2.0072293281555176, 1.6825000047683716] current=[-0.1491757184267044, -0.6950178742408752, 1.8185267448425293, -0.09438546001911163, -0.6179042458534241, 1.902970790863037, -0.12759096920490265, -0.5893517732620239, 1.6466343402862549, -0.42194199562072754, -0.2581480145454407, 1.6983131170272827]
[DIAG_INFER] step=81 policy_action_max=8.355540 applied_action_max=0.250000 obs_max=4.422917 history_nonzero_rows=8 position_clip=0 torque_clip=3 action=[4.645556449890137, 4.750479698181152, 6.1806817054748535, 1.5753837823867798, 0.2713214159011841, -6.7436089515686035, -3.0053319931030273, 3.2980740070343018, -3.8429360389709473, 2.178098440170288, -8.35554027557373, 7.492599010467529]
[DIAG_TARGET] step=81 target_error=0.000000000 default=[0.0, -0.7853981852531433, 1.8654682636260986, 0.0, -0.7853981852531433, 1.8654682636260986, 0.0, -0.7853981852531433, 1.8654682636260986, 0.0, -0.7853981852531433, 1.8654682636260986] desired=[-0.06875000149011612, -0.737500011920929, 1.6825000047683716, 0.13124999403953552, -0.737500011920929, 1.5575000047683716, -0.13124999403953552, -0.9688176512718201, 1.5575000047683716, 1.5, -0.862500011920929, -0.7204914093017578] applied=[-0.06875000149011612, -0.737500011920929, 1.6825000047683716, 0.13124999403953552, -0.737500011920929, 1.5575000047683716, -0.13124999403953552, -0.9688176512718201, 1.5575000047683716, 1.5, -0.862500011920929, -0.7204914093017578] current=[-0.05882788449525833, -0.7070536613464355, 1.7646896839141846, 0.025192542001605034, -0.6376680135726929, 1.9043828248977661, -0.047202445566654205, -0.6793506145477295, 1.6049014329910278, -0.2629721462726593, -0.9487152695655823, 1.7752327919006348]
[DIAG_INFER] step=91 policy_action_max=6.149897 applied_action_max=0.250000 obs_max=8.355540 history_nonzero_rows=9 position_clip=0 torque_clip=1 action=[4.105130672454834, 0.5966763496398926, 2.9517810344696045, -2.55893874168396, 0.46871697902679443, -3.09663987159729, -6.14989709854126, -1.066750407218933, -4.082940578460693, 2.5709965229034424, -3.851043939590454, 2.6760334968566895]
[DIAG_TARGET] step=91 target_error=0.000000000 default=[0.0, -0.7853981852531433, 1.8654682636260986, 0.0, -0.7853981852531433, 1.8654682636260986, 0.0, -0.7853981852531433, 1.8654682636260986, 0.0, -0.7853981852531433, 1.8654682636260986] desired=[-0.06875000149011612, -0.737500011920929, 1.6825000047683716, 0.06875000149011612, -0.737500011920929, 1.5575000047683716, -0.13124999403953552, -0.862500011920929, 1.5575000047683716, 0.13124999403953552, -0.862500011920929, 1.3880889415740967] applied=[-0.06875000149011612, -0.737500011920929, 1.6825000047683716, 0.06875000149011612, -0.737500011920929, 1.5575000047683716, -0.13124999403953552, -0.862500011920929, 1.5575000047683716, 0.13124999403953552, -0.862500011920929, 1.3880889415740967] current=[-0.02647017315030098, -0.7143696546554565, 1.713850736618042, 0.10476627945899963, -0.6053114533424377, 1.9026963710784912, -0.012625428847968578, -0.8274214267730713, 1.5679311752319336, -0.009668432176113129, -1.023459553718567, 1.732615351676941]
[DIAG_INFER] step=101 policy_action_max=4.873417 applied_action_max=0.250000 obs_max=6.149897 history_nonzero_rows=10 position_clip=0 torque_clip=1 action=[3.954446315765381, 1.551204800605774, 2.5527145862579346, -1.889640212059021, 0.5913493633270264, -0.6122021675109863, -4.873417377471924, -2.0312469005584717, -0.9158785343170166, -4.066318511962891, -2.343754529953003, 0.19312022626399994]
[DIAG_TARGET] step=101 target_error=0.000000000 default=[0.0, -0.7853981852531433, 1.8654682636260986, 0.0, -0.7853981852531433, 1.8654682636260986, 0.0, -0.7853981852531433, 1.8654682636260986, 0.0, -0.7853981852531433, 1.8654682636260986] desired=[-0.06875000149011612, -0.737500011920929, 1.6825000047683716, 0.06875000149011612, -0.737500011920929, 1.5575000047683716, -0.13124999403953552, -0.862500011920929, 1.5575000047683716, -0.8901097178459167, -0.862500011920929, 1.668280005455017] applied=[-0.06875000149011612, -0.737500011920929, 1.6825000047683716, 0.06875000149011612, -0.737500011920929, 1.5575000047683716, -0.13124999403953552, -0.862500011920929, 1.5575000047683716, -0.8901097178459167, -0.862500011920929, 1.668280005455017] current=[-0.06939469277858734, -0.7286723256111145, 1.695882797241211, 0.11762822419404984, -0.5551925301551819, 1.8819544315338135, -0.08584821224212646, -0.8940011262893677, 1.551499366760254, 0.05348328500986099, -0.9523892402648926, 1.6788678169250488]
[DIAG_INFER] step=111 policy_action_max=5.474184 applied_action_max=0.250000 obs_max=4.873417 history_nonzero_rows=11 position_clip=0 torque_clip=0 action=[3.165844440460205, 2.666194200515747, 2.105402708053589, -5.474184036254883, -0.4587634801864624, -2.57771372795105, -2.8143770694732666, -2.220918893814087, -3.5576038360595703, 2.615107536315918, -0.40886208415031433, 2.8278698921203613]
[DIAG_TARGET] step=111 target_error=0.000000000 default=[0.0, -0.7853981852531433, 1.8654682636260986, 0.0, -0.7853981852531433, 1.8654682636260986, 0.0, -0.7853981852531433, 1.8654682636260986, 0.0, -0.7853981852531433, 1.8654682636260986] desired=[-0.06875000149011612, -0.737500011920929, 1.6825000047683716, 0.06875000149011612, -0.862500011920929, 1.5575000047683716, -0.13124999403953552, -0.862500011920929, 1.5575000047683716, 0.13124999403953552, -0.862500011920929, 1.6825000047683716] applied=[-0.06875000149011612, -0.737500011920929, 1.6825000047683716, 0.06875000149011612, -0.862500011920929, 1.5575000047683716, -0.13124999403953552, -0.862500011920929, 1.5575000047683716, 0.13124999403953552, -0.862500011920929, 1.6825000047683716] current=[-0.10729856789112091, -0.7363048791885376, 1.6893303394317627, 0.06404105573892593, -0.5196875333786011, 1.837691307067871, -0.16264832019805908, -0.8930016756057739, 1.5534348487854004, -0.35728341341018677, -0.9035283923149109, 1.6635252237319946]
[DIAG_INFER] step=121 policy_action_max=4.769878 applied_action_max=0.250000 obs_max=5.474184 history_nonzero_rows=12 position_clip=0 torque_clip=1 action=[3.5371978282928467, 3.035519599914551, 1.8690941333770752, -2.890775442123413, 1.5540249347686768, -2.316462516784668, -4.241847991943359, -3.1053614616394043, -3.3490357398986816, 4.769877910614014, -2.3725433349609375, 2.271951198577881]
[DIAG_TARGET] step=121 target_error=0.000000000 default=[0.0, -0.7853981852531433, 1.8654682636260986, 0.0, -0.7853981852531433, 1.8654682636260986, 0.0, -0.7853981852531433, 1.8654682636260986, 0.0, -0.7853981852531433, 1.8654682636260986] desired=[-0.06875000149011612, -0.737500011920929, 1.6825000047683716, 0.06875000149011612, -0.737500011920929, 1.5575000047683716, -0.13124999403953552, -0.862500011920929, 1.5575000047683716, 0.7197713255882263, -0.862500011920929, 1.6825000047683716] applied=[-0.06875000149011612, -0.737500011920929, 1.6825000047683716, 0.06875000149011612, -0.737500011920929, 1.5575000047683716, -0.13124999403953552, -0.862500011920929, 1.5575000047683716, 0.7197713255882263, -0.862500011920929, 1.6825000047683716] current=[-0.027507347986102104, -0.7398173213005066, 1.6802226305007935, 0.11274275183677673, -0.557687520980835, 1.8508528470993042, -0.11184953153133392, -0.8839840888977051, 1.5535786151885986, -0.2642943263053894, -0.8432208895683289, 1.6626410484313965]
[DIAG_INFER] step=131 policy_action_max=7.544172 applied_action_max=0.250000 obs_max=4.769878 history_nonzero_rows=13 position_clip=0 torque_clip=2 action=[5.475521087646484, 0.40329208970069885, 2.8434879779815674, -2.36731219291687, 1.7639881372451782, -1.0408523082733154, -7.544172286987305, -3.4303762912750244, -3.5628743171691895, -4.949969291687012, -2.2187538146972656, 0.5789623856544495]
[DIAG_TARGET] step=131 target_error=0.000000000 default=[0.0, -0.7853981852531433, 1.8654682636260986, 0.0, -0.7853981852531433, 1.8654682636260986, 0.0, -0.7853981852531433, 1.8654682636260986, 0.0, -0.7853981852531433, 1.8654682636260986] desired=[-0.06875000149011612, -0.737500011920929, 1.6825000047683716, 0.06875000149011612, -0.737500011920929, 1.5575000047683716, -0.1256767362356186, -0.862500011920929, 1.5575000047683716, -1.061328411102295, -0.862500011920929, 1.6825000047683716] applied=[-0.06875000149011612, -0.737500011920929, 1.6825000047683716, 0.06875000149011612, -0.737500011920929, 1.5575000047683716, -0.1256767362356186, -0.862500011920929, 1.5575000047683716, -1.061328411102295, -0.862500011920929, 1.6825000047683716] current=[-0.02624843642115593, -0.7421626448631287, 1.6786727905273438, 0.16102802753448486, -0.5556827187538147, 1.8698177337646484, -0.12321741133928299, -0.8782227039337158, 1.5546334981918335, 0.20979109406471252, -0.8065152168273926, 1.6597793102264404]
[DIAG_INFER] step=141 policy_action_max=7.416406 applied_action_max=0.250000 obs_max=7.544172 history_nonzero_rows=14 position_clip=0 torque_clip=1 action=[6.789877891540527, -0.5233083963394165, 2.9706945419311523, -7.41640567779541, 1.2716611623764038, -0.1284574270248413, -7.093476295471191, -0.49948638677597046, -2.1053388118743896, -6.4436869621276855, -1.5073952674865723, -1.4883416891098022]
[DIAG_TARGET] step=141 target_error=0.000000000 default=[0.0, -0.7853981852531433, 1.8654682636260986, 0.0, -0.7853981852531433, 1.8654682636260986, 0.0, -0.7853981852531433, 1.8654682636260986, 0.0, -0.7853981852531433, 1.8654682636260986] desired=[-0.06875000149011612, -0.862500011920929, 1.6825000047683716, 0.06875000149011612, -0.737500011920929, 1.5878856182098389, -0.13124999403953552, -0.862500011920929, 1.5575000047683716, -1.35213303565979, -0.862500011920929, 1.5575000047683716] applied=[-0.06875000149011612, -0.862500011920929, 1.6825000047683716, 0.06875000149011612, -0.737500011920929, 1.5878856182098389, -0.13124999403953552, -0.862500011920929, 1.5575000047683716, -1.35213303565979, -0.862500011920929, 1.5575000047683716] current=[-0.14081424474716187, -0.7412875294685364, 1.6865849494934082, 0.049033232033252716, -0.544903039932251, 1.836208462715149, -0.2176458090543747, -0.8670594692230225, 1.5596137046813965, -0.12871071696281433, -0.8451586365699768, 1.6755284070968628]
[DIAG_INFER] step=151 policy_action_max=11.171825 applied_action_max=0.250000 obs_max=7.416406 history_nonzero_rows=15 position_clip=0 torque_clip=3 action=[8.124975204467773, 9.447528839111328, 11.055105209350586, 0.819259762763977, -5.461727619171143, -6.540743350982666, -0.6191651225090027, -2.233534097671509, -1.7207612991333008, -0.8941706418991089, -5.582312107086182, 11.171825408935547]
[DIAG_TARGET] step=151 target_error=0.000000000 default=[0.0, -0.7853981852531433, 1.8654682636260986, 0.0, -0.7853981852531433, 1.8654682636260986, 0.0, -0.7853981852531433, 1.8654682636260986, 0.0, -0.7853981852531433, 1.8654682636260986] desired=[-0.06875000149011612, -0.737500011920929, 1.6825000047683716, 0.13124999403953552, -0.862500011920929, 1.5575000047683716, -0.6282041072845459, -0.862500011920929, 1.5575000047683716, 1.5, -2.832054853439331, 1.6825000047683716] applied=[-0.06875000149011612, -0.737500011920929, 1.6825000047683716, 0.13124999403953552, -0.862500011920929, 1.5575000047683716, -0.6282041072845459, -0.862500011920929, 1.5575000047683716, 1.5, -2.832054853439331, 1.6825000047683716] current=[-0.09707000851631165, -0.7843229174613953, 1.6846227645874023, 0.00033989318762905896, -0.5716227293014526, 1.8047339916229248, -0.17574027180671692, -0.8573732972145081, 1.5569618940353394, -0.8162996768951416, -0.8351472020149231, 1.5820263624191284]
[DIAG_INFER] step=161 policy_action_max=15.915848 applied_action_max=0.250000 obs_max=11.171825 history_nonzero_rows=15 position_clip=0 torque_clip=2 action=[6.1270647048950195, 4.998801231384277, 7.655653953552246, 4.43681526184082, 2.2907354831695557, -9.575540542602539, -6.9777936935424805, 5.535882472991943, -7.589473724365234, 3.6072537899017334, -11.035865783691406, 15.915847778320312]
[DIAG_TARGET] step=161 target_error=0.000000000 default=[0.0, -0.7853981852531433, 1.8654682636260986, 0.0, -0.7853981852531433, 1.8654682636260986, 0.0, -0.7853981852531433, 1.8654682636260986, 0.0, -0.7853981852531433, 1.8654682636260986] desired=[-0.06875000149011612, -0.737500011920929, 1.6825000047683716, 0.13124999403953552, -0.737500011920929, 1.5575000047683716, -0.13124999403953552, -1.4082831144332886, 1.5575000047683716, 1.5, -0.862500011920929, 1.6825000047683716] applied=[-0.06875000149011612, -0.737500011920929, 1.6825000047683716, 0.13124999403953552, -0.737500011920929, 1.5575000047683716, -0.13124999403953552, -1.4082831144332886, 1.5575000047683716, 1.5, -0.862500011920929, 1.6825000047683716] current=[0.013143619522452354, -0.7964112758636475, 1.6685550212860107, 0.07384110242128372, -0.6429264545440674, 1.8281339406967163, -0.26220881938934326, -0.8741711974143982, 1.5505958795547485, -0.6881003975868225, -1.3564571142196655, 1.6348490715026855]
[DIAG_INFER] step=171 policy_action_max=12.398287 applied_action_max=0.250000 obs_max=15.915848 history_nonzero_rows=15 position_clip=0 torque_clip=3 action=[5.845308780670166, -0.5130282640457153, 3.951101064682007, -2.3078455924987793, 4.5021867752075195, 0.05483090132474899, -12.398286819458008, -1.1136857271194458, -3.054725170135498, -5.2110748291015625, -0.29506632685661316, 2.0456109046936035]
[DIAG_TARGET] step=171 target_error=0.000000000 default=[0.0, -0.7853981852531433, 1.8654682636260986, 0.0, -0.7853981852531433, 1.8654682636260986, 0.0, -0.7853981852531433, 1.8654682636260986, 0.0, -0.7853981852531433, 1.8654682636260986] desired=[-0.06875000149011612, -0.862500011920929, 1.6825000047683716, 0.06875000149011612, -0.737500011920929, 1.6337077617645264, 0.17500363290309906, -0.862500011920929, 1.5575000047683716, -1.5, 0.46234947443008423, 1.6825000047683716] applied=[-0.06875000149011612, -0.862500011920929, 1.6825000047683716, 0.06875000149011612, -0.737500011920929, 1.6337077617645264, 0.17500363290309906, -0.862500011920929, 1.5575000047683716, -1.5, 0.46234947443008423, 1.6825000047683716] current=[0.003709668293595314, -0.7592191100120544, 1.6738752126693726, 0.12478282302618027, -0.6935524344444275, 1.883750081062317, -0.27833136916160583, -1.0824042558670044, 1.5682960748672485, 0.1166926771402359, -1.4560275077819824, 1.5774686336517334]
[DIAG_INFER] step=181 policy_action_max=14.170479 applied_action_max=0.250000 obs_max=12.398287 history_nonzero_rows=15 position_clip=0 torque_clip=2 action=[1.9951616525650024, 1.3875795602798462, 5.066492080688477, -11.026118278503418, 0.41965949535369873, -4.491894721984863, -14.170478820800781, -9.796822547912598, -0.12872886657714844, -12.3265380859375, -3.7298953533172607, -4.990533351898193]
[DIAG_TARGET] step=181 target_error=0.000000000 default=[0.0, -0.7853981852531433, 1.8654682636260986, 0.0, -0.7853981852531433, 1.8654682636260986, 0.0, -0.7853981852531433, 1.8654682636260986, 0.0, -0.7853981852531433, 1.8654682636260986] desired=[-0.06875000149011612, -0.737500011920929, 1.6825000047683716, 0.06875000149011612, -0.737500011920929, 1.5575000047683716, -0.13124999403953552, -0.862500011920929, 1.5878177881240845, -1.5, -1.9517836570739746, 1.5575000047683716] applied=[-0.06875000149011612, -0.737500011920929, 1.6825000047683716, 0.06875000149011612, -0.737500011920929, 1.5575000047683716, -0.13124999403953552, -0.862500011920929, 1.5878177881240845, -1.5, -1.9517836570739746, 1.5575000047683716] current=[-0.14477859437465668, -0.7728145122528076, 1.6927801370620728, 0.002982192439958453, -0.6932386755943298, 1.8822085857391357, -0.13999736309051514, -1.0813511610031128, 1.5392042398452759, -0.009477323852479458, -1.3151386976242065, 1.6193171739578247]
[DIAG_INFER] step=191 policy_action_max=14.746390 applied_action_max=0.250000 obs_max=14.170479 history_nonzero_rows=15 position_clip=0 torque_clip=3 action=[0.7962170243263245, -0.2378375232219696, -1.4324620962142944, -14.746390342712402, 2.796172618865967, 1.2298181056976318, 0.17930549383163452, -9.387792587280273, 4.290063381195068, 0.5956821441650391, -3.953342914581299, 1.0946885347366333]
[DIAG_TARGET] step=191 target_error=0.000000000 default=[0.0, -0.7853981852531433, 1.8654682636260986, 0.0, -0.7853981852531433, 1.8654682636260986, 0.0, -0.7853981852531433, 1.8654682636260986, 0.0, -0.7853981852531433, 1.8654682636260986] desired=[-0.06875000149011612, -0.859459400177002, 1.5575000047683716, 0.06875000149011612, -0.737500011920929, 1.6825000047683716, -0.7191027402877808, -1.0057830810546875, 1.6825000047683716, 0.13124999403953552, -0.862500011920929, 2.700000047683716] applied=[-0.06875000149011612, -0.859459400177002, 1.5575000047683716, 0.06875000149011612, -0.737500011920929, 1.6825000047683716, -0.7191027402877808, -1.0057830810546875, 1.6825000047683716, 0.13124999403953552, -0.862500011920929, 2.700000047683716] current=[-0.2527284026145935, -0.7928109765052795, 1.7855247259140015, -0.03525548055768013, -0.6783873438835144, 1.845414161682129, -0.2911079525947571, -1.1078100204467773, 1.6164408922195435, -0.7749717235565186, -1.5679914951324463, 1.6228382587432861]
[DIAG_INFER] step=201 policy_action_max=11.705443 applied_action_max=0.250000 obs_max=14.746390 history_nonzero_rows=15 position_clip=0 torque_clip=2 action=[10.189247131347656, 5.414284706115723, 3.64276123046875, -8.57748794555664, 2.161301851272583, -2.327624797821045, -0.7983261942863464, -8.801958084106445, 0.04711735248565674, 11.705443382263184, -5.67112922668457, -0.8757914304733276]
[DIAG_TARGET] step=201 target_error=0.000000000 default=[0.0, -0.7853981852531433, 1.8654682636260986, 0.0, -0.7853981852531433, 1.8654682636260986, 0.0, -0.7853981852531433, 1.8654682636260986, 0.0, -0.7853981852531433, 1.8654682636260986] desired=[-0.06875000149011612, -0.737500011920929, 1.6825000047683716, 0.06875000149011612, -0.737500011920929, 1.5575000047683716, -0.13124999403953552, -0.862500011920929, 1.6317793130874634, 1.5, -0.862500011920929, 2.6964919567108154] applied=[-0.06875000149011612, -0.737500011920929, 1.6825000047683716, 0.06875000149011612, -0.737500011920929, 1.5575000047683716, -0.13124999403953552, -0.862500011920929, 1.6317793130874634, 1.5, -0.862500011920929, 2.6964919567108154] current=[-0.1712673157453537, -0.8053894639015198, 1.8288137912750244, 0.08102922141551971, -0.6943027973175049, 1.8848994970321655, -0.44997119903564453, -1.05817711353302, 1.642189383506775, -0.39648228883743286, -1.3106001615524292, 2.1398396492004395]
[DIAG_INFER] step=211 policy_action_max=11.729492 applied_action_max=0.250000 obs_max=11.705443 history_nonzero_rows=15 position_clip=0 torque_clip=4 action=[10.64991283416748, 2.505525827407837, 6.170174598693848, -2.076988458633423, 3.6507580280303955, -4.036479949951172, -4.540027141571045, 1.0037202835083008, -11.7294921875, 1.1398632526397705, -9.746384620666504, 8.402525901794434]
[DIAG_TARGET] step=211 target_error=0.000000000 default=[0.0, -0.7853981852531433, 1.8654682636260986, 0.0, -0.7853981852531433, 1.8654682636260986, 0.0, -0.7853981852531433, 1.8654682636260986, 0.0, -0.7853981852531433, 1.8654682636260986] desired=[-0.06875000149011612, -0.737500011920929, 1.6825000047683716, 0.06875000149011612, -0.737500011920929, 1.5575000047683716, 0.4639623761177063, -0.737500011920929, 1.5575000047683716, 1.5, -0.27616703510284424, 1.2040680646896362] applied=[-0.06875000149011612, -0.737500011920929, 1.6825000047683716, 0.06875000149011612, -0.737500011920929, 1.5575000047683716, 0.4639623761177063, -0.737500011920929, 1.5575000047683716, 1.5, -0.27616703510284424, 1.2040680646896362] current=[-0.05642924830317497, -0.795610249042511, 1.8184928894042969, 0.23416978120803833, -0.7200920581817627, 1.950996994972229, -0.3520837724208832, -0.968237042427063, 1.6356018781661987, 0.4231977164745331, -0.8971447944641113, 2.376616954803467]
[DIAG_INFER] step=221 policy_action_max=8.279960 applied_action_max=0.250000 obs_max=11.729492 history_nonzero_rows=15 position_clip=0 torque_clip=3 action=[8.279959678649902, -0.284416526556015, 3.051016092300415, -3.8306832313537598, 1.3177096843719482, -0.9703623056411743, -3.662053346633911, 2.7929604053497314, -7.964369773864746, -1.2302074432373047, -3.925306797027588, 4.061868667602539]
[DIAG_TARGET] step=221 target_error=0.000000000 default=[0.0, -0.7853981852531433, 1.8654682636260986, 0.0, -0.7853981852531433, 1.8654682636260986, 0.0, -0.7853981852531433, 1.8654682636260986, 0.0, -0.7853981852531433, 1.8654682636260986] desired=[-0.06875000149011612, -0.862500011920929, 1.6825000047683716, 0.06875000149011612, -0.737500011920929, 1.5575000047683716, 0.6864655017852783, -0.737500011920929, 1.5575000047683716, 0.06875000149011612, 0.4375982880592346, -0.3790910243988037] applied=[-0.06875000149011612, -0.862500011920929, 1.6825000047683716, 0.06875000149011612, -0.737500011920929, 1.5575000047683716, 0.6864655017852783, -0.737500011920929, 1.5575000047683716, 0.06875000149011612, 0.4375982880592346, -0.3790910243988037] current=[-0.03368831425905228, -0.7542393803596497, 1.7560691833496094, 0.35098201036453247, -0.7337422370910645, 1.998422622680664, -0.22366510331630707, -0.9785155057907104, 1.6864346265792847, 1.0361888408660889, -0.5011672377586365, 1.8406519889831543]
[DIAG_INFER] step=231 policy_action_max=7.398719 applied_action_max=0.250000 obs_max=8.279960 history_nonzero_rows=15 position_clip=0 torque_clip=2 action=[7.398719310760498, -0.39624711871147156, 1.381969690322876, -3.873715400695801, -1.7664371728897095, -2.9421498775482178, 2.296823024749756, 0.7764730453491211, -5.48442268371582, -0.44630178809165955, -1.8001987934112549, 1.6842036247253418]
[DIAG_TARGET] step=231 target_error=0.000000000 default=[0.0, -0.7853981852531433, 1.8654682636260986, 0.0, -0.7853981852531433, 1.8654682636260986, 0.0, -0.7853981852531433, 1.8654682636260986, 0.0, -0.7853981852531433, 1.8654682636260986] desired=[-0.06875000149011612, -0.862500011920929, 1.6825000047683716, 0.06875000149011612, -0.862500011920929, 1.5575000047683716, -0.06875000149011612, -0.36259725689888, 1.5575000047683716, 0.06875000149011612, -1.599761962890625, 1.6825000047683716] applied=[-0.06875000149011612, -0.862500011920929, 1.6825000047683716, 0.06875000149011612, -0.862500011920929, 1.5575000047683716, -0.06875000149011612, -0.36259725689888, 1.5575000047683716, 0.06875000149011612, -1.599761962890625, 1.6825000047683716] current=[-0.07769495993852615, -0.7777233123779297, 1.730914831161499, 0.3555791676044464, -0.6995944976806641, 2.010561227798462, -0.20241253077983856, -1.0073999166488647, 1.7523038387298584, 0.8216613531112671, -0.024884982034564018, 1.3439911603927612]
[DIAG_INFER] step=241 policy_action_max=8.094093 applied_action_max=0.250000 obs_max=7.398719 history_nonzero_rows=15 position_clip=0 torque_clip=0 action=[8.094093322753906, -2.786212682723999, 1.0061273574829102, -6.967493057250977, 0.9717733263969421, -1.0912941694259644, -0.573030412197113, -0.47750023007392883, -5.31049108505249, -0.2322084605693817, -1.7921725511550903, 1.0523309707641602]
[DIAG_TARGET] step=241 target_error=0.000000000 default=[0.0, -0.7853981852531433, 1.8654682636260986, 0.0, -0.7853981852531433, 1.8654682636260986, 0.0, -0.7853981852531433, 1.8654682636260986, 0.0, -0.7853981852531433, 1.8654682636260986] desired=[-0.06875000149011612, -0.862500011920929, 1.6825000047683716, 0.06875000149011612, -0.737500011920929, 1.5575000047683716, -0.13124999403953552, -0.862500011920929, 1.5575000047683716, 0.0709739476442337, -0.862500011920929, 1.6825000047683716] applied=[-0.06875000149011612, -0.862500011920929, 1.6825000047683716, 0.06875000149011612, -0.737500011920929, 1.5575000047683716, -0.13124999403953552, -0.862500011920929, 1.5575000047683716, 0.0709739476442337, -0.862500011920929, 1.6825000047683716] current=[-0.08814006298780441, -0.798275351524353, 1.7413996458053589, 0.3503563404083252, -0.6764223575592041, 1.9960113763809204, -0.2652624845504761, -0.8954196572303772, 1.7363002300262451, 0.48784369230270386, -0.13576768338680267, 1.7336950302124023]
[DIAG_INFER] step=251 policy_action_max=9.601404 applied_action_max=0.250000 obs_max=8.094093 history_nonzero_rows=15 position_clip=0 torque_clip=1 action=[3.089144229888916, -1.507053256034851, 2.9931399822235107, -9.601404190063477, 2.7425360679626465, 1.4060454368591309, -2.7837085723876953, -3.9871528148651123, -2.067204475402832, -6.15347146987915, -4.4410505294799805, 0.1971612125635147]
[DIAG_TARGET] step=251 target_error=0.000000000 default=[0.0, -0.7853981852531433, 1.8654682636260986, 0.0, -0.7853981852531433, 1.8654682636260986, 0.0, -0.7853981852531433, 1.8654682636260986, 0.0, -0.7853981852531433, 1.8654682636260986] desired=[-0.06875000149011612, -0.862500011920929, 1.6825000047683716, 0.06875000149011612, -0.737500011920929, 1.6825000047683716, -0.13124999403953552, -0.862500011920929, 1.5575000047683716, -1.5, -0.862500011920929, 1.66929030418396] applied=[-0.06875000149011612, -0.862500011920929, 1.6825000047683716, 0.06875000149011612, -0.737500011920929, 1.6825000047683716, -0.13124999403953552, -0.862500011920929, 1.5575000047683716, -1.5, -0.862500011920929, 1.66929030418396] current=[-0.14986994862556458, -0.8013180494308472, 1.7619904279708862, 0.27928128838539124, -0.6633896231651306, 1.9430243968963623, -0.3715206980705261, -0.8813165426254272, 1.7639293670654297, 0.402985543012619, -0.23779356479644775, 1.811252474784851]
[DIAG_INFER] step=261 policy_action_max=14.214526 applied_action_max=0.250000 obs_max=9.601404 history_nonzero_rows=15 position_clip=0 torque_clip=2 action=[-8.38619613647461, 1.3355756998062134, 1.5287485122680664, -14.214526176452637, 5.269331455230713, 1.303826093673706, -1.4974353313446045, -13.641247749328613, 5.262807846069336, -12.786250114440918, -2.2913904190063477, -3.588188886642456]
[DIAG_TARGET] step=261 target_error=0.000000000 default=[0.0, -0.7853981852531433, 1.8654682636260986, 0.0, -0.7853981852531433, 1.8654682636260986, 0.0, -0.7853981852531433, 1.8654682636260986, 0.0, -0.7853981852531433, 1.8654682636260986] desired=[-0.13124999403953552, -0.737500011920929, 1.6825000047683716, 0.06875000149011612, -0.737500011920929, 1.6825000047683716, -0.13124999403953552, -0.862500011920929, 1.6825000047683716, -1.5, -0.862500011920929, 2.700000047683716] applied=[-0.13124999403953552, -0.737500011920929, 1.6825000047683716, 0.06875000149011612, -0.737500011920929, 1.6825000047683716, -0.13124999403953552, -0.862500011920929, 1.6825000047683716, -1.5, -0.862500011920929, 2.700000047683716] current=[-0.27183812856674194, -0.8010721206665039, 1.8003337383270264, 0.1417851746082306, -0.6492670178413391, 1.8489998579025269, -0.553769052028656, -0.8640656471252441, 1.7798190116882324, 0.1512322723865509, -0.32072713971138, 1.877010703086853]
[DIAG_INFER] step=271 policy_action_max=9.291183 applied_action_max=0.250000 obs_max=14.214526 history_nonzero_rows=15 position_clip=0 torque_clip=3 action=[9.291183471679688, 7.269674777984619, 1.5387980937957764, -8.759958267211914, 4.918485164642334, -3.94858717918396, -4.888244152069092, -7.698262691497803, -6.309642791748047, -1.6080307960510254, -2.187037706375122, 1.8309170007705688]
[DIAG_TARGET] step=271 target_error=0.000000000 default=[0.0, -0.7853981852531433, 1.8654682636260986, 0.0, -0.7853981852531433, 1.8654682636260986, 0.0, -0.7853981852531433, 1.8654682636260986, 0.0, -0.7853981852531433, 1.8654682636260986] desired=[-0.06875000149011612, -0.737500011920929, 1.6825000047683716, 0.06875000149011612, -0.737500011920929, 1.5575000047683716, -0.6142023205757141, -0.862500011920929, 1.5575000047683716, 0.9433675408363342, 0.7562115788459778, 1.6825000047683716] applied=[-0.06875000149011612, -0.737500011920929, 1.6825000047683716, 0.06875000149011612, -0.737500011920929, 1.5575000047683716, -0.6142023205757141, -0.862500011920929, 1.5575000047683716, 0.9433675408363342, 0.7562115788459778, 1.6825000047683716] current=[-0.32342085242271423, -0.7670411467552185, 1.8158574104309082, 0.11547072976827621, -0.679818868637085, 1.7563979625701904, -0.6096385717391968, -0.8287683129310608, 1.8164798021316528, -0.5727246999740601, -0.5733579397201538, 2.2822253704071045]
[DIAG_INFER] step=281 policy_action_max=18.798347 applied_action_max=0.250000 obs_max=9.291183 history_nonzero_rows=15 position_clip=0 torque_clip=3 action=[12.585479736328125, 6.707633018493652, 9.188088417053223, 8.051668167114258, 1.945419192314148, -9.653618812561035, -6.810608863830566, 3.095710515975952, -15.668661117553711, -2.8075263500213623, -16.493114471435547, 18.79834747314453]
[DIAG_TARGET] step=281 target_error=0.000000000 default=[0.0, -0.7853981852531433, 1.8654682636260986, 0.0, -0.7853981852531433, 1.8654682636260986, 0.0, -0.7853981852531433, 1.8654682636260986, 0.0, -0.7853981852531433, 1.8654682636260986] desired=[-0.06875000149011612, -0.737500011920929, 1.6825000047683716, 0.13124999403953552, -0.737500011920929, 1.5575000047683716, -0.13124999403953552, -0.737500011920929, 1.5575000047683716, 1.5, 0.6202135682106018, 0.7715582847595215] applied=[-0.06875000149011612, -0.737500011920929, 1.6825000047683716, 0.13124999403953552, -0.737500011920929, 1.5575000047683716, -0.13124999403953552, -0.737500011920929, 1.5575000047683716, 1.5, 0.6202135682106018, 0.7715582847595215] current=[-0.1758875995874405, -0.7185590863227844, 1.7786895036697388, 0.2580174505710602, -0.6865702271461487, 1.7402739524841309, -0.5511769652366638, -0.7954407334327698, 1.6972767114639282, -0.5453534722328186, -0.2581515610218048, 2.0344152450561523]
[DIAG_INFER] step=291 policy_action_max=12.332089 applied_action_max=0.250000 obs_max=18.798347 history_nonzero_rows=15 position_clip=0 torque_clip=2 action=[8.381020545959473, 0.4397250711917877, 1.902184009552002, -2.2417242527008057, -1.1978260278701782, -4.409364223480225, -8.097733497619629, 1.9221627712249756, -12.3320894241333, 5.010066032409668, -6.121099948883057, 8.49471664428711]
[DIAG_TARGET] step=291 target_error=0.000000000 default=[0.0, -0.7853981852531433, 1.8654682636260986, 0.0, -0.7853981852531433, 1.8654682636260986, 0.0, -0.7853981852531433, 1.8654682636260986, 0.0, -0.7853981852531433, 1.8654682636260986] desired=[-0.06875000149011612, -0.737500011920929, 1.6825000047683716, 0.06875000149011612, -0.862500011920929, 1.5575000047683716, -0.13124999403953552, -0.737500011920929, 1.5575000047683716, 1.5, -0.862500011920929, 1.043473243713379] applied=[-0.06875000149011612, -0.737500011920929, 1.6825000047683716, 0.06875000149011612, -0.862500011920929, 1.5575000047683716, -0.13124999403953552, -0.737500011920929, 1.5575000047683716, 1.5, -0.862500011920929, 1.043473243713379] current=[-0.07701949775218964, -0.6805437803268433, 1.7298305034637451, 0.3407326936721802, -0.6381180286407471, 1.7380845546722412, -0.3578581213951111, -0.7304831147193909, 1.6421778202056885, -0.3986126184463501, -0.1582418531179428, 1.7192132472991943]
[DIAG_INFER] step=301 policy_action_max=5.247697 applied_action_max=0.250000 obs_max=12.332089 history_nonzero_rows=15 position_clip=0 torque_clip=2 action=[5.247696876525879, 0.9005570411682129, 1.1747138500213623, -4.049025058746338, 0.12043122947216034, -3.161616563796997, -3.8132436275482178, 0.3563586473464966, -4.711805820465088, 4.822121620178223, -4.8487982749938965, 1.7905441522598267]
[DIAG_TARGET] step=301 target_error=0.000000000 default=[0.0, -0.7853981852531433, 1.8654682636260986, 0.0, -0.7853981852531433, 1.8654682636260986, 0.0, -0.7853981852531433, 1.8654682636260986, 0.0, -0.7853981852531433, 1.8654682636260986] desired=[-0.06875000149011612, -0.737500011920929, 1.6825000047683716, 0.06875000149011612, -0.7698922157287598, 1.5575000047683716, -0.13124999403953552, -0.737500011920929, 1.5575000047683716, 1.2265093326568604, -1.592943549156189, 1.6825000047683716] applied=[-0.06875000149011612, -0.737500011920929, 1.6825000047683716, 0.06875000149011612, -0.7698922157287598, 1.5575000047683716, -0.13124999403953552, -0.737500011920929, 1.5575000047683716, 1.2265093326568604, -1.592943549156189, 1.6825000047683716] current=[-0.013292376883327961, -0.7029546499252319, 1.697873592376709, 0.3820039629936218, -0.6322682499885559, 1.787295937538147, -0.16816557943820953, -0.7145166993141174, 1.5933637619018555, -0.07406091690063477, -0.1325450837612152, 1.65126633644104]
[DIAG_INFER] step=311 policy_action_max=6.603596 applied_action_max=0.250000 obs_max=5.247697 history_nonzero_rows=15 position_clip=0 torque_clip=3 action=[6.603596210479736, -0.14653167128562927, 3.1023356914520264, -5.496292591094971, 2.1459076404571533, -1.3741682767868042, -5.534907817840576, -1.1153733730316162, -2.8846254348754883, -4.869616508483887, -2.578765392303467, -0.756566047668457]
[DIAG_TARGET] step=311 target_error=0.000000000 default=[0.0, -0.7853981852531433, 1.8654682636260986, 0.0, -0.7853981852531433, 1.8654682636260986, 0.0, -0.7853981852531433, 1.8654682636260986, 0.0, -0.7853981852531433, 1.8654682636260986] desired=[-0.06875000149011612, -0.8366329073905945, 1.6825000047683716, 0.06875000149011612, -0.737500011920929, 1.5575000047683716, 0.3567962050437927, -0.862500011920929, 1.5575000047683716, -1.5, -1.22759211063385, 1.5575000047683716] applied=[-0.06875000149011612, -0.8366329073905945, 1.6825000047683716, 0.06875000149011612, -0.737500011920929, 1.5575000047683716, 0.3567962050437927, -0.862500011920929, 1.5575000047683716, -1.5, -1.22759211063385, 1.5575000047683716] current=[-0.03582598641514778, -0.7385464310646057, 1.6846405267715454, 0.39111796021461487, -0.6217813491821289, 1.8208754062652588, -0.13633202016353607, -0.7404324412345886, 1.5719695091247559, 0.5330876708030701, -0.6088566184043884, 1.7170581817626953]
[DIAG_INFER] step=321 policy_action_max=10.717638 applied_action_max=0.250000 obs_max=6.603596 history_nonzero_rows=15 position_clip=0 torque_clip=2 action=[4.522542953491211, 1.1281319856643677, 3.205141305923462, -10.71763801574707, 1.358082890510559, -2.5027103424072266, -8.720827102661133, -5.618086338043213, -0.03601646423339844, -9.63732624053955, -2.3675389289855957, -4.397400856018066]
[DIAG_TARGET] step=321 target_error=0.000000000 default=[0.0, -0.7853981852531433, 1.8654682636260986, 0.0, -0.7853981852531433, 1.8654682636260986, 0.0, -0.7853981852531433, 1.8654682636260986, 0.0, -0.7853981852531433, 1.8654682636260986] desired=[-0.06875000149011612, -0.737500011920929, 1.6825000047683716, 0.06875000149011612, -0.737500011920929, 1.5575000047683716, -0.13124999403953552, -0.862500011920929, 1.610995888710022, -1.5, -2.431105852127075, 1.5575000047683716] applied=[-0.06875000149011612, -0.737500011920929, 1.6825000047683716, 0.06875000149011612, -0.737500011920929, 1.5575000047683716, -0.13124999403953552, -0.862500011920929, 1.610995888710022, -1.5, -2.431105852127075, 1.5575000047683716] current=[-0.16407404839992523, -0.7868468761444092, 1.690456748008728, 0.23632556200027466, -0.5868882536888123, 1.7820171117782593, -0.03345402702689171, -0.793729305267334, 1.5699177980422974, 0.277034729719162, -1.112612009048462, 1.5919921398162842]
[DIAG_INFER] step=331 policy_action_max=9.846862 applied_action_max=0.250000 obs_max=10.717638 history_nonzero_rows=15 position_clip=0 torque_clip=4 action=[3.5214059352874756, 0.43925032019615173, 2.633580207824707, -2.243208646774292, -0.43536633253097534, -1.6047226190567017, -5.617393970489502, 3.4692487716674805, -6.097984313964844, 1.7030125856399536, -2.8383378982543945, 9.846861839294434]
[DIAG_TARGET] step=331 target_error=0.000000000 default=[0.0, -0.7853981852531433, 1.8654682636260986, 0.0, -0.7853981852531433, 1.8654682636260986, 0.0, -0.7853981852531433, 1.8654682636260986, 0.0, -0.7853981852531433, 1.8654682636260986] desired=[-0.06875000149011612, -0.737500011920929, 1.6825000047683716, 0.06875000149011612, -0.862500011920929, 1.5575000047683716, -0.5860803723335266, -1.5891883373260498, 1.5575000047683716, 1.5, -0.569115161895752, 1.6825000047683716] applied=[-0.06875000149011612, -0.737500011920929, 1.6825000047683716, 0.06875000149011612, -0.862500011920929, 1.5575000047683716, -0.5860803723335266, -1.5891883373260498, 1.5575000047683716, 1.5, -0.569115161895752, 1.6825000047683716] current=[-0.1419655978679657, -0.7876774072647095, 1.6808167695999146, 0.1339917778968811, -0.6017122864723206, 1.7113304138183594, 0.013629929162561893, -0.8368364572525024, 1.5844961404800415, -0.5242725014686584, -1.7309781312942505, 1.5330692529678345]
[DIAG_INFER] step=341 policy_action_max=9.099532 applied_action_max=0.250000 obs_max=9.846862 history_nonzero_rows=15 position_clip=0 torque_clip=2 action=[4.299448013305664, 1.3762379884719849, 2.4846322536468506, 0.8550621271133423, 3.9677350521087646, -2.9571990966796875, -9.099532127380371, -4.112294673919678, -4.686629295349121, 0.45534655451774597, 1.6193456649780273, 2.9559717178344727]
[DIAG_TARGET] step=341 target_error=0.000000000 default=[0.0, -0.7853981852531433, 1.8654682636260986, 0.0, -0.7853981852531433, 1.8654682636260986, 0.0, -0.7853981852531433, 1.8654682636260986, 0.0, -0.7853981852531433, 1.8654682636260986] desired=[-0.06875000149011612, -0.737500011920929, 1.6825000047683716, 0.13124999403953552, -0.737500011920929, 1.5575000047683716, 0.10112780332565308, -0.862500011920929, 1.5575000047683716, 0.13124999403953552, -0.3784993886947632, 1.6825000047683716] applied=[-0.06875000149011612, -0.737500011920929, 1.6825000047683716, 0.13124999403953552, -0.737500011920929, 1.5575000047683716, 0.10112780332565308, -0.862500011920929, 1.5575000047683716, 0.13124999403953552, -0.3784993886947632, 1.6825000047683716] current=[-0.08150872588157654, -0.7647743225097656, 1.678745985031128, 0.12280596792697906, -0.6960307359695435, 1.6850121021270752, -0.21963472664356232, -1.1338567733764648, 1.5693296194076538, 0.044924505054950714, -1.5624943971633911, 1.5303658246994019]
[DIAG_INFER] step=351 policy_action_max=11.719008 applied_action_max=0.250000 obs_max=9.099532 history_nonzero_rows=15 position_clip=0 torque_clip=3 action=[5.081945896148682, -1.3512133359909058, 2.8914077281951904, -11.719008445739746, 4.580636501312256, 2.309718608856201, -2.281602621078491, -4.767757892608643, 1.8646197319030762, -4.200101852416992, -3.2840285301208496, -2.365748882293701]
[DIAG_TARGET] step=351 target_error=0.000000000 default=[0.0, -0.7853981852531433, 1.8654682636260986, 0.0, -0.7853981852531433, 1.8654682636260986, 0.0, -0.7853981852531433, 1.8654682636260986, 0.0, -0.7853981852531433, 1.8654682636260986] desired=[-0.06875000149011612, -0.862500011920929, 1.6825000047683716, 0.06875000149011612, -0.737500011920929, 1.6825000047683716, -0.13124999403953552, -0.862500011920929, 1.6825000047683716, -0.8273585438728333, 0.34574705362319946, 2.700000047683716] applied=[-0.06875000149011612, -0.862500011920929, 1.6825000047683716, 0.06875000149011612, -0.737500011920929, 1.6825000047683716, -0.13124999403953552, -0.862500011920929, 1.6825000047683716, -0.8273585438728333, 0.34574705362319946, 2.700000047683716] current=[-0.10280972719192505, -0.7264909744262695, 1.7278079986572266, 0.11496130377054214, -0.7102071642875671, 1.636209487915039, -0.1649925857782364, -1.1664538383483887, 1.5357316732406616, 0.17667220532894135, -0.9125944972038269, 1.613491415977478]
[DIAG_INFER] step=361 policy_action_max=19.563211 applied_action_max=0.250000 obs_max=11.719008 history_nonzero_rows=15 position_clip=0 torque_clip=3 action=[-9.022205352783203, 6.978725910186768, -0.954303503036499, -19.56321144104004, 6.4143290519714355, 5.526723861694336, 9.732633590698242, -12.986493110656738, 9.242715835571289, -3.4072394371032715, -8.642605781555176, -0.9203214645385742]
[DIAG_TARGET] step=361 target_error=0.000000015 default=[0.0, -0.7853981852531433, 1.8654682636260986, 0.0, -0.7853981852531433, 1.8654682636260986, 0.0, -0.7853981852531433, 1.8654682636260986, 0.0, -0.7853981852531433, 1.8654682636260986] desired=[-0.13124999403953552, -0.737500011920929, 1.5575000047683716, 0.06875000149011612, -0.737500011920929, 1.6825000047683716, -0.06875000149011612, -0.1987626701593399, 1.6825000047683716, -0.9820638298988342, -0.862500011920929, 2.700000047683716] applied=[-0.13124999403953552, -0.737500011920929, 1.5575000047683716, 0.06875000149011612, -0.737500011920929, 1.6825000047683716, -0.06875000149011612, -0.1987626552581787, 1.6825000047683716, -0.9820638298988342, -0.862500011920929, 2.700000047683716] current=[-0.18390226364135742, -0.7189668416976929, 1.8201556205749512, 0.06940636038780212, -0.7258195281028748, 1.6584752798080444, -0.1301034390926361, -0.9905296564102173, 1.6088520288467407, -0.2873162031173706, -0.16553114354610443, 2.1295480728149414]
[DIAG_INFER] step=371 policy_action_max=16.884169 applied_action_max=0.250000 obs_max=19.563211 history_nonzero_rows=15 position_clip=0 torque_clip=3 action=[3.9056754112243652, 9.096636772155762, 1.334233045578003, -16.88416862487793, 3.8841166496276855, 3.670208692550659, 2.7049808502197266, -13.642394065856934, 3.527545928955078, 6.073516845703125, -1.7077267169952393, -7.515519618988037]
[DIAG_TARGET] step=371 target_error=0.000000000 default=[0.0, -0.7853981852531433, 1.8654682636260986, 0.0, -0.7853981852531433, 1.8654682636260986, 0.0, -0.7853981852531433, 1.8654682636260986, 0.0, -0.7853981852531433, 1.8654682636260986] desired=[-0.06875000149011612, -0.737500011920929, 1.6825000047683716, 0.06875000149011612, -0.737500011920929, 1.6825000047683716, -0.23819676041603088, -0.862500011920929, 1.6825000047683716, 0.13124999403953552, 0.4531915783882141, 2.700000047683716] applied=[-0.06875000149011612, -0.737500011920929, 1.6825000047683716, 0.06875000149011612, -0.737500011920929, 1.6825000047683716, -0.23819676041603088, -0.862500011920929, 1.6825000047683716, 0.13124999403953552, 0.4531915783882141, 2.700000047683716] current=[-0.19627374410629272, -0.6707240343093872, 1.8846096992492676, 0.10259559005498886, -0.7504992485046387, 1.670886516571045, -0.06921757012605667, -0.6177936792373657, 1.6269453763961792, -0.7266798615455627, -0.111331045627594, 2.4568097591400146]
[DIAG_INFER] step=381 policy_action_max=19.621466 applied_action_max=0.250000 obs_max=16.884169 history_nonzero_rows=15 position_clip=0 torque_clip=3 action=[16.655061721801758, 7.774111747741699, 5.798760890960693, -19.6214656829834, 3.80743670463562, 3.8650522232055664, -0.10209912061691284, -11.420097351074219, -0.8322482109069824, 15.185827255249023, -4.3573222160339355, -3.6839911937713623]
[DIAG_TARGET] step=381 target_error=0.000000000 default=[0.0, -0.7853981852531433, 1.8654682636260986, 0.0, -0.7853981852531433, 1.8654682636260986, 0.0, -0.7853981852531433, 1.8654682636260986, 0.0, -0.7853981852531433, 1.8654682636260986] desired=[-0.06875000149011612, -0.737500011920929, 1.6825000047683716, 0.06875000149011612, -0.737500011920929, 1.6825000047683716, -0.11276239156723022, -0.492185115814209, 1.5575000047683716, 1.5, -0.862500011920929, 2.6012678146362305] applied=[-0.06875000149011612, -0.737500011920929, 1.6825000047683716, 0.06875000149011612, -0.737500011920929, 1.6825000047683716, -0.11276239156723022, -0.492185115814209, 1.5575000047683716, 1.5, -0.862500011920929, 2.6012678146362305] current=[-0.11751382052898407, -0.6462846994400024, 1.9244681596755981, 0.14660337567329407, -0.7611135244369507, 1.6799097061157227, -0.042786162346601486, -0.5677410960197449, 1.6753650903701782, -0.4564015865325928, 0.040369272232055664, 2.581592559814453]
[DIAG_INFER] step=391 policy_action_max=14.314041 applied_action_max=0.250000 obs_max=19.621466 history_nonzero_rows=15 position_clip=0 torque_clip=3 action=[13.74997329711914, 6.578975200653076, 9.036506652832031, -14.314041137695312, 2.389246940612793, 3.424673080444336, 2.1375420093536377, -7.255577087402344, -0.2904621362686157, 13.130101203918457, -4.121387481689453, 0.10437454283237457]
[DIAG_TARGET] step=391 target_error=0.000000000 default=[0.0, -0.7853981852531433, 1.8654682636260986, 0.0, -0.7853981852531433, 1.8654682636260986, 0.0, -0.7853981852531433, 1.8654682636260986, 0.0, -0.7853981852531433, 1.8654682636260986] desired=[-0.06875000149011612, -0.737500011920929, 1.6825000047683716, 0.06875000149011612, -0.737500011920929, 1.6825000047683716, 0.39327675104141235, -0.862500011920929, 1.5575000047683716, 1.5, -0.862500011920929, 2.0619559288024902] applied=[-0.06875000149011612, -0.737500011920929, 1.6825000047683716, 0.06875000149011612, -0.737500011920929, 1.6825000047683716, 0.39327675104141235, -0.862500011920929, 1.5575000047683716, 1.5, -0.862500011920929, 2.0619559288024902] current=[-0.00508915213868022, -0.6514273881912231, 1.9520992040634155, 0.22603623569011688, -0.7879696488380432, 1.7447257041931152, -0.07954487204551697, -0.583052933216095, 1.6007508039474487, 0.35044482350349426, -0.2842223644256592, 2.553720474243164]
[DIAG_INFER] step=401 policy_action_max=10.792017 applied_action_max=0.250000 obs_max=14.314041 history_nonzero_rows=15 position_clip=0 torque_clip=3 action=[1.117974877357483, 3.1940581798553467, 4.551245212554932, -10.792016983032227, 3.060619592666626, 3.7558209896087646, 9.138394355773926, -6.382052421569824, 0.38626009225845337, -2.655395984649658, -4.419612884521484, 1.9802392721176147]
[DIAG_TARGET] step=401 target_error=0.000000000 default=[0.0, -0.7853981852531433, 1.8654682636260986, 0.0, -0.7853981852531433, 1.8654682636260986, 0.0, -0.7853981852531433, 1.8654682636260986, 0.0, -0.7853981852531433, 1.8654682636260986] desired=[-0.06875000149011612, -0.737500011920929, 1.6825000047683716, 0.06875000149011612, -0.737500011920929, 1.6825000047683716, 0.7822645902633667, -0.862500011920929, 1.6825000047683716, 0.04940682649612427, -0.862500011920929, 2.161785125732422] applied=[-0.06875000149011612, -0.737500011920929, 1.6825000047683716, 0.06875000149011612, -0.737500011920929, 1.6825000047683716, 0.7822645902633667, -0.862500011920929, 1.6825000047683716, 0.04940682649612427, -0.862500011920929, 2.161785125732422] current=[0.02795303799211979, -0.6621238589286804, 1.9779237508773804, 0.2975175678730011, -0.820156991481781, 1.8186010122299194, 0.042677659541368484, -0.6888608932495117, 1.594640851020813, 1.0480746030807495, -0.6368303298950195, 2.2503018379211426]
[DIAG_INFER] step=411 policy_action_max=17.062908 applied_action_max=0.250000 obs_max=10.792017 history_nonzero_rows=15 position_clip=0 torque_clip=2 action=[-5.30953311920166, 4.395464897155762, 4.141216278076172, -13.371850967407227, 4.254343509674072, 1.7940648794174194, 1.465437650680542, -15.412471771240234, 0.04626131057739258, -17.062908172607422, -5.864768981933594, -3.255125045776367]
[DIAG_TARGET] step=411 target_error=0.000000000 default=[0.0, -0.7853981852531433, 1.8654682636260986, 0.0, -0.7853981852531433, 1.8654682636260986, 0.0, -0.7853981852531433, 1.8654682636260986, 0.0, -0.7853981852531433, 1.8654682636260986] desired=[-0.13124999403953552, -0.737500011920929, 1.6825000047683716, 0.06875000149011612, -0.737500011920929, 1.6825000047683716, -0.06875000149011612, -0.862500011920929, 1.6315653324127197, -1.5, -0.862500011920929, 2.700000047683716] applied=[-0.13124999403953552, -0.737500011920929, 1.6825000047683716, 0.06875000149011612, -0.737500011920929, 1.6825000047683716, -0.06875000149011612, -0.862500011920929, 1.6315653324127197, -1.5, -0.862500011920929, 2.700000047683716] current=[-0.1122898980975151, -0.6783726215362549, 2.0349133014678955, 0.16936767101287842, -0.7933581471443176, 1.8308073282241821, 0.35656115412712097, -0.7962566018104553, 1.6263141632080078, 0.7424168586730957, -0.8208441734313965, 2.2187178134918213]
[DIAG_INFER] step=421 policy_action_max=17.727371 applied_action_max=0.250000 obs_max=17.062908 history_nonzero_rows=15 position_clip=0 torque_clip=2 action=[-7.625541687011719, 5.810120582580566, 2.946911573410034, -16.04499626159668, 6.983053684234619, 0.7046356201171875, -2.196810722351074, -17.727371215820312, 2.1295523643493652, -16.910564422607422, -4.999913215637207, -6.062538146972656]
[DIAG_TARGET] step=421 target_error=0.000000000 default=[0.0, -0.7853981852531433, 1.8654682636260986, 0.0, -0.7853981852531433, 1.8654682636260986, 0.0, -0.7853981852531433, 1.8654682636260986, 0.0, -0.7853981852531433, 1.8654682636260986] desired=[-0.13124999403953552, -0.737500011920929, 1.6825000047683716, 0.06875000149011612, -0.737500011920929, 1.6825000047683716, -0.13124999403953552, -0.862500011920929, 1.6825000047683716, -1.5, -0.862500011920929, 2.700000047683716] applied=[-0.13124999403953552, -0.737500011920929, 1.6825000047683716, 0.06875000149011612, -0.737500011920929, 1.6825000047683716, -0.13124999403953552, -0.862500011920929, 1.6825000047683716, -1.5, -0.862500011920929, 2.700000047683716] current=[-0.324290007352829, -0.6902934312820435, 2.105093240737915, 0.04843951761722565, -0.7481940388679504, 1.7584296464920044, 0.3088148236274719, -0.8314090371131897, 1.648056149482727, -0.0774996355175972, -0.8664032816886902, 2.467888355255127]
[DIAG_INFER] step=431 policy_action_max=19.802378 applied_action_max=0.250000 obs_max=17.727371 history_nonzero_rows=15 position_clip=0 torque_clip=3 action=[-2.674969434738159, 9.072920799255371, 0.18973395228385925, -19.802377700805664, 6.52610445022583, 6.402904033660889, 8.612018585205078, -11.90746021270752, 5.774839401245117, 1.5489171743392944, -0.9788458347320557, -3.7126657962799072]
[DIAG_TARGET] step=431 target_error=0.000000000 default=[0.0, -0.7853981852531433, 1.8654682636260986, 0.0, -0.7853981852531433, 1.8654682636260986, 0.0, -0.7853981852531433, 1.8654682636260986, 0.0, -0.7853981852531433, 1.8654682636260986] desired=[-0.13124999403953552, -0.737500011920929, 1.667433500289917, 0.06875000149011612, -0.737500011920929, 1.6825000047683716, -0.7506723403930664, -0.862500011920929, 1.6825000047683716, -0.5891392230987549, -0.862500011920929, 2.20957088470459] applied=[-0.13124999403953552, -0.737500011920929, 1.667433500289917, 0.06875000149011612, -0.737500011920929, 1.6825000047683716, -0.7506723403930664, -0.862500011920929, 1.6825000047683716, -0.5891392230987549, -0.862500011920929, 2.20957088470459] current=[-0.4137754738330841, -0.6803102493286133, 2.1507413387298584, 0.08293697237968445, -0.7378661036491394, 1.7149194478988647, 0.2404831349849701, -0.8796600103378296, 1.7542803287506104, -0.8479788899421692, -0.815407931804657, 2.5603365898132324]
[DIAG_INFER] step=441 policy_action_max=16.370646 applied_action_max=0.250000 obs_max=19.802378 history_nonzero_rows=15 position_clip=0 torque_clip=0 action=[3.723902463912964, 8.099740028381348, 0.2775929272174835, -16.37064552307129, 3.3737895488739014, 11.669642448425293, 8.48529052734375, -6.597090244293213, 4.414424419403076, 8.669646263122559, -1.7729190587997437, -2.6390790939331055]
[DIAG_TARGET] step=441 target_error=0.000000000 default=[0.0, -0.7853981852531433, 1.8654682636260986, 0.0, -0.7853981852531433, 1.8654682636260986, 0.0, -0.7853981852531433, 1.8654682636260986, 0.0, -0.7853981852531433, 1.8654682636260986] desired=[-0.06875000149011612, -0.737500011920929, 1.6825000047683716, 0.06875000149011612, -0.737500011920929, 1.6825000047683716, -0.06875000149011612, -0.862500011920929, 1.6825000047683716, 0.13124999403953552, -0.862500011920929, 1.5575000047683716] applied=[-0.06875000149011612, -0.737500011920929, 1.6825000047683716, 0.06875000149011612, -0.737500011920929, 1.6825000047683716, -0.06875000149011612, -0.862500011920929, 1.6825000047683716, 0.13124999403953552, -0.862500011920929, 1.5575000047683716] current=[-0.4042418301105499, -0.6758413314819336, 2.1700024604797363, 0.1130128726363182, -0.7409746050834656, 1.6974375247955322, 0.27308592200279236, -0.9309877753257751, 1.847598910331726, -0.8917620778083801, -0.7742951512336731, 2.3211183547973633]
[DIAG_INFER] step=451 policy_action_max=21.027094 applied_action_max=0.250000 obs_max=16.370646 history_nonzero_rows=15 position_clip=0 torque_clip=1 action=[19.545604705810547, 3.7685353755950928, -0.18780705332756042, -21.0270938873291, 1.7431141138076782, 5.889814853668213, -1.8532159328460693, -9.677552223205566, -0.15965807437896729, 18.004751205444336, 0.22384169697761536, -9.51317024230957]
[DIAG_TARGET] step=451 target_error=0.000000000 default=[0.0, -0.7853981852531433, 1.8654682636260986, 0.0, -0.7853981852531433, 1.8654682636260986, 0.0, -0.7853981852531433, 1.8654682636260986, 0.0, -0.7853981852531433, 1.8654682636260986] desired=[-0.06875000149011612, -0.737500011920929, 1.5730482339859009, 0.06875000149011612, -0.737500011920929, 1.6825000047683716, -0.13124999403953552, -0.862500011920929, 1.5800855159759521, 1.5, -0.7440395951271057, 1.5575000047683716] applied=[-0.06875000149011612, -0.737500011920929, 1.5730482339859009, 0.06875000149011612, -0.737500011920929, 1.6825000047683716, -0.13124999403953552, -0.862500011920929, 1.5800855159759521, 1.5, -0.7440395951271057, 1.5575000047683716] current=[-0.3215370774269104, -0.6723890900611877, 2.1677279472351074, 0.12798413634300232, -0.7446224689483643, 1.6974735260009766, 0.3793019950389862, -0.972361147403717, 1.9181652069091797, -0.39775386452674866, -0.7695967555046082, 1.8693149089813232]
[DIAG_INFER] step=461 policy_action_max=19.100710 applied_action_max=0.250000 obs_max=21.027094 history_nonzero_rows=15 position_clip=0 torque_clip=3 action=[19.100709915161133, 4.1047043800354, 5.604812145233154, -12.011866569519043, 3.3083813190460205, 2.352296829223633, -4.05959939956665, -4.80452823638916, -5.970678329467773, 10.984763145446777, -3.289480209350586, -2.532545566558838]
[DIAG_TARGET] step=461 target_error=0.000000000 default=[0.0, -0.7853981852531433, 1.8654682636260986, 0.0, -0.7853981852531433, 1.8654682636260986, 0.0, -0.7853981852531433, 1.8654682636260986, 0.0, -0.7853981852531433, 1.8654682636260986] desired=[-0.06875000149011612, -0.737500011920929, 1.6825000047683716, 0.06875000149011612, -0.737500011920929, 1.6825000047683716, 0.4352550506591797, -0.862500011920929, 1.5575000047683716, 1.5, -0.6402801275253296, 1.5575000047683716] applied=[-0.06875000149011612, -0.737500011920929, 1.6825000047683716, 0.06875000149011612, -0.737500011920929, 1.6825000047683716, 0.4352550506591797, -0.862500011920929, 1.5575000047683716, 1.5, -0.6402801275253296, 1.5575000047683716] current=[-0.21029449999332428, -0.6586927771568298, 2.1461730003356934, 0.23124895989894867, -0.7599947452545166, 1.7312206029891968, 0.5059198141098022, -1.0080052614212036, 1.983855128288269, 0.4061676263809204, -0.7003868222236633, 1.6398364305496216]
[DIAG_INFER] step=471 policy_action_max=8.042517 applied_action_max=0.250000 obs_max=19.100710 history_nonzero_rows=15 position_clip=0 torque_clip=2 action=[8.042516708374023, -1.6651883125305176, 3.1984548568725586, -3.117197275161743, 4.401302814483643, 3.266353130340576, 2.2404420375823975, 0.7871301174163818, -3.8823349475860596, -2.568161964416504, -2.435852289199829, 1.0664161443710327]
[DIAG_TARGET] step=471 target_error=0.000000000 default=[0.0, -0.7853981852531433, 1.8654682636260986, 0.0, -0.7853981852531433, 1.8654682636260986, 0.0, -0.7853981852531433, 1.8654682636260986, 0.0, -0.7853981852531433, 1.8654682636260986] desired=[-0.06875000149011612, -0.862500011920929, 1.6825000047683716, 0.06875000149011612, -0.737500011920929, 1.6825000047683716, 0.7767537832260132, -0.737500011920929, 1.5575000047683716, 0.06875000149011612, 0.16998153924942017, 1.6825000047683716] applied=[-0.06875000149011612, -0.862500011920929, 1.6825000047683716, 0.06875000149011612, -0.737500011920929, 1.6825000047683716, 0.7767537832260132, -0.737500011920929, 1.5575000047683716, 0.06875000149011612, 0.16998153924942017, 1.6825000047683716] current=[-0.17515188455581665, -0.6272048354148865, 2.1197168827056885, 0.25048553943634033, -0.762968897819519, 1.7385531663894653, 0.5387789607048035, -1.0350559949874878, 2.0529942512512207, 1.067028284072876, -0.6041712760925293, 1.5560956001281738]
[DIAG_INFER] step=481 policy_action_max=11.552832 applied_action_max=0.250000 obs_max=8.042517 history_nonzero_rows=15 position_clip=0 torque_clip=2 action=[6.941735744476318, -0.9597958326339722, 2.9079692363739014, -1.1495246887207031, 2.5158474445343018, 1.2057240009307861, -3.497589588165283, -2.514580011367798, -3.1919174194335938, -11.552831649780273, -4.05351448059082, -2.7878427505493164]
[DIAG_TARGET] step=481 target_error=0.000000000 default=[0.0, -0.7853981852531433, 1.8654682636260986, 0.0, -0.7853981852531433, 1.8654682636260986, 0.0, -0.7853981852531433, 1.8654682636260986, 0.0, -0.7853981852531433, 1.8654682636260986] desired=[-0.06875000149011612, -0.862500011920929, 1.6825000047683716, 0.06875000149011612, -0.737500011920929, 1.6825000047683716, -0.13124999403953552, -0.7132331132888794, 1.5575000047683716, -1.5, -0.862500011920929, 1.5575000047683716] applied=[-0.06875000149011612, -0.862500011920929, 1.6825000047683716, 0.06875000149011612, -0.737500011920929, 1.6825000047683716, -0.13124999403953552, -0.7132331132888794, 1.5575000047683716, -1.5, -0.862500011920929, 1.5575000047683716] current=[-0.28593534231185913, -0.6008409261703491, 2.1036367416381836, 0.12238335609436035, -0.7256070375442505, 1.7116625308990479, 0.5963118672370911, -0.9333603978157043, 1.967605710029602, 0.8999603390693665, -0.27736997604370117, 1.6104787588119507]
[DIAG_INFER] step=491 policy_action_max=5.502203 applied_action_max=0.250000 obs_max=11.552832 history_nonzero_rows=15 position_clip=0 torque_clip=2 action=[-0.20772473514080048, -2.06618332862854, -0.8446886539459229, -2.6596903800964355, 4.747978687286377, 1.4680970907211304, 5.50220251083374, -0.18074578046798706, 2.1473870277404785, -1.6630040407180786, -0.2010938823223114, -2.319455146789551]
[DIAG_TARGET] step=491 target_error=0.000000000 default=[0.0, -0.7853981852531433, 1.8654682636260986, 0.0, -0.7853981852531433, 1.8654682636260986, 0.0, -0.7853981852531433, 1.8654682636260986, 0.0, -0.7853981852531433, 1.8654682636260986] desired=[-0.12596559524536133, -0.862500011920929, 1.5575000047683716, 0.06875000149011612, -0.737500011920929, 1.6825000047683716, -0.06875000149011612, -0.8451864719390869, 1.6825000047683716, -0.45192545652389526, -0.8263736963272095, 1.5575000047683716] applied=[-0.12596559524536133, -0.862500011920929, 1.5575000047683716, 0.06875000149011612, -0.737500011920929, 1.6825000047683716, -0.06875000149011612, -0.8451864719390869, 1.6825000047683716, -0.45192545652389526, -0.8263736963272095, 1.5575000047683716] current=[-0.3893301784992218, -0.5833378434181213, 2.120604991912842, 0.019478686153888702, -0.715607762336731, 1.6895427703857422, 0.45691534876823425, -0.8961755633354187, 1.9779199361801147, 0.09963586181402206, -0.3671868145465851, 1.5815072059631348]
[DIAG_INFER] step=501 policy_action_max=4.668034 applied_action_max=0.250000 obs_max=5.502203 history_nonzero_rows=15 position_clip=0 torque_clip=2 action=[4.668033599853516, 1.8786593675613403, 0.4660995304584503, -1.5694650411605835, 2.7323687076568604, 0.13797980546951294, -2.1742489337921143, 1.1012613773345947, -4.086170196533203, -2.5339787006378174, -1.0971300601959229, 0.22197367250919342]
[DIAG_TARGET] step=501 target_error=0.000000000 default=[0.0, -0.7853981852531433, 1.8654682636260986, 0.0, -0.7853981852531433, 1.8654682636260986, 0.0, -0.7853981852531433, 1.8654682636260986, 0.0, -0.7853981852531433, 1.8654682636260986] desired=[-0.06875000149011612, -0.737500011920929, 1.6825000047683716, 0.06875000149011612, -0.737500011920929, 1.6544950008392334, -0.13124999403953552, -0.737500011920929, 1.5575000047683716, 0.06875000149011612, 0.19917434453964233, 0.8485196828842163] applied=[-0.06875000149011612, -0.737500011920929, 1.6825000047683716, 0.06875000149011612, -0.737500011920929, 1.6544950008392334, -0.13124999403953552, -0.737500011920929, 1.5575000047683716, 0.06875000149011612, 0.19917434453964233, 0.8485196828842163] current=[-0.3788307309150696, -0.5447729229927063, 2.0881505012512207, 0.07968755811452866, -0.7329164743423462, 1.6849490404129028, 0.4188280403614044, -0.873434841632843, 1.974062204360962, -0.23552308976650238, -0.5477916598320007, 1.6797915697097778]
[DIAG_INFER] step=511 policy_action_max=8.937235 applied_action_max=0.250000 obs_max=4.668034 history_nonzero_rows=15 position_clip=0 torque_clip=3 action=[5.560111999511719, 4.137732028961182, 4.461191654205322, 5.998241901397705, 1.408054232597351, -5.313002109527588, 1.2594168186187744, 2.122772216796875, -5.456545352935791, -1.1298543214797974, -6.014358043670654, 8.937234878540039]
[DIAG_TARGET] step=511 target_error=0.000000000 default=[0.0, -0.7853981852531433, 1.8654682636260986, 0.0, -0.7853981852531433, 1.8654682636260986, 0.0, -0.7853981852531433, 1.8654682636260986, 0.0, -0.7853981852531433, 1.8654682636260986] desired=[-0.06875000149011612, -0.737500011920929, 1.6825000047683716, 0.13124999403953552, -0.737500011920929, 1.5575000047683716, -0.06875000149011612, -0.737500011920929, 1.5575000047683716, 1.490567684173584, -0.2565973997116089, 1.1743210554122925] applied=[-0.06875000149011612, -0.737500011920929, 1.6825000047683716, 0.13124999403953552, -0.737500011920929, 1.5575000047683716, -0.06875000149011612, -0.737500011920929, 1.5575000047683716, 1.490567684173584, -0.2565973997116089, 1.1743210554122925] current=[-0.33805620670318604, -0.5114606022834778, 2.045182704925537, 0.07684826850891113, -0.7300494909286499, 1.6644881963729858, 0.39603886008262634, -0.8279575705528259, 1.9407049417495728, -0.11492502689361572, -0.28497859835624695, 1.3968123197555542]
[DIAG_INFER] step=521 policy_action_max=13.469280 applied_action_max=0.250000 obs_max=8.937235 history_nonzero_rows=15 position_clip=0 torque_clip=3 action=[5.922938823699951, 6.258604049682617, 4.828505992889404, 10.517269134521484, -0.11998046934604645, -7.171431541442871, 1.1951665878295898, 5.893937587738037, -9.322473526000977, 0.6488741636276245, -12.866911888122559, 13.469280242919922]
[DIAG_TARGET] step=521 target_error=0.000000000 default=[0.0, -0.7853981852531433, 1.8654682636260986, 0.0, -0.7853981852531433, 1.8654682636260986, 0.0, -0.7853981852531433, 1.8654682636260986, 0.0, -0.7853981852531433, 1.8654682636260986] desired=[-0.06875000149011612, -0.737500011920929, 1.6825000047683716, 0.13124999403953552, -0.8299951553344727, 1.5575000047683716, 0.4589523673057556, -0.737500011920929, 1.5575000047683716, 1.5, -0.862500011920929, -0.0929555892944336] applied=[-0.06875000149011612, -0.737500011920929, 1.6825000047683716, 0.13124999403953552, -0.8299951553344727, 1.5575000047683716, 0.4589523673057556, -0.737500011920929, 1.5575000047683716, 1.5, -0.862500011920929, -0.0929555892944336] current=[-0.19343723356723785, -0.49670523405075073, 1.9827935695648193, 0.15182514488697052, -0.7428979873657227, 1.6059619188308716, 0.475801557302475, -0.7856465578079224, 1.8901790380477905, 0.5131711959838867, -0.15353207290172577, 1.2095324993133545]
[DIAG_INFER] step=531 policy_action_max=7.273516 applied_action_max=0.250000 obs_max=13.469280 history_nonzero_rows=15 position_clip=0 torque_clip=4 action=[2.057905912399292, 1.4206148386001587, 0.37104955315589905, 6.516717910766602, -0.2526165246963501, -2.5054094791412354, 2.13228702545166, 7.2735161781311035, -6.861336708068848, 2.984485626220703, -6.978508949279785, 7.238940715789795]
[DIAG_TARGET] step=531 target_error=0.000000000 default=[0.0, -0.7853981852531433, 1.8654682636260986, 0.0, -0.7853981852531433, 1.8654682636260986, 0.0, -0.7853981852531433, 1.8654682636260986, 0.0, -0.7853981852531433, 1.8654682636260986] desired=[-0.06875000149011612, -0.737500011920929, 1.6825000047683716, 0.13124999403953552, -0.862500011920929, 1.5575000047683716, 0.8067530393600464, -0.737500011920929, 1.357161521911621, 1.5, -0.862500011920929, 1.2352890968322754] applied=[-0.06875000149011612, -0.737500011920929, 1.6825000047683716, 0.13124999403953552, -0.862500011920929, 1.5575000047683716, 0.8067530393600464, -0.737500011920929, 1.357161521911621, 1.5, -0.862500011920929, 1.2352890968322754] current=[-0.09977918118238449, -0.4949955344200134, 1.9323456287384033, 0.11520040035247803, -0.7872132062911987, 1.5748339891433716, 0.5096840858459473, -0.7678626775741577, 1.8639978170394897, 1.1318328380584717, -0.369887113571167, 0.722284734249115]
[DIAG_INFER] step=541 policy_action_max=5.201338 applied_action_max=0.250000 obs_max=7.273516 history_nonzero_rows=15 position_clip=0 torque_clip=1 action=[1.0571050643920898, -0.3806019723415375, 0.04135116934776306, 3.7959370613098145, 0.4051995277404785, -1.9519554376602173, 5.201338291168213, 4.139735698699951, -4.5756025314331055, 1.2819693088531494, -2.713951826095581, 2.6090903282165527]
[DIAG_TARGET] step=541 target_error=0.000000000 default=[0.0, -0.7853981852531433, 1.8654682636260986, 0.0, -0.7853981852531433, 1.8654682636260986, 0.0, -0.7853981852531433, 1.8654682636260986, 0.0, -0.7853981852531433, 1.8654682636260986] desired=[-0.06875000149011612, -0.862500011920929, 1.6303378343582153, 0.13124999403953552, -0.737500011920929, 1.5575000047683716, 0.8809523582458496, -0.737500011920929, 1.5575000047683716, 0.13124999403953552, -0.862500011920929, 1.6825000047683716] applied=[-0.06875000149011612, -0.862500011920929, 1.6303378343582153, 0.13124999403953552, -0.737500011920929, 1.5575000047683716, 0.8809523582458496, -0.737500011920929, 1.5575000047683716, 0.13124999403953552, -0.862500011920929, 1.6825000047683716] current=[-0.05592763051390648, -0.5091784596443176, 1.9020813703536987, 0.07366784662008286, -0.8204564452171326, 1.5608786344528198, 0.6266308426856995, -0.7166464924812317, 1.6631112098693848, 1.4856308698654175, -0.7527903318405151, 0.9901204705238342]
[DIAG_INFER] step=551 policy_action_max=4.948552 applied_action_max=0.250000 obs_max=5.201338 history_nonzero_rows=15 position_clip=0 torque_clip=2 action=[1.4332550764083862, 2.522960662841797, -0.2151072919368744, -4.488600254058838, 1.0387980937957764, 0.2483503222465515, 4.282734394073486, -4.464508056640625, 1.4607069492340088, -4.948552131652832, 0.772804856300354, -4.665228366851807]
[DIAG_TARGET] step=551 target_error=0.000000000 default=[0.0, -0.7853981852531433, 1.8654682636260986, 0.0, -0.7853981852531433, 1.8654682636260986, 0.0, -0.7853981852531433, 1.8654682636260986, 0.0, -0.7853981852531433, 1.8654682636260986] desired=[-0.06875000149011612, -0.737500011920929, 1.56622314453125, 0.06875000149011612, -0.737500011920929, 1.6820875406265259, -0.06875000149011612, -0.862500011920929, 1.6825000047683716, -1.5, -2.061051368713379, 1.5575000047683716] applied=[-0.06875000149011612, -0.737500011920929, 1.56622314453125, 0.06875000149011612, -0.737500011920929, 1.6820875406265259, -0.06875000149011612, -0.862500011920929, 1.6825000047683716, -1.5, -2.061051368713379, 1.5575000047683716] current=[-0.1425657570362091, -0.5493630170822144, 1.9163362979888916, -0.003242688486352563, -0.7730990648269653, 1.5526305437088013, 0.7489355802536011, -0.7087053656578064, 1.5984536409378052, 1.0696649551391602, -0.9385570883750916, 1.3613333702087402]
[DIAG_INFER] step=561 policy_action_max=6.318721 applied_action_max=0.250000 obs_max=4.948552 history_nonzero_rows=15 position_clip=0 torque_clip=2 action=[-0.7127988934516907, 2.0838980674743652, -2.7091305255889893, -4.791284561157227, 2.42521071434021, 2.656123399734497, 1.6684081554412842, -3.653531551361084, 2.1498663425445557, 0.02676800638437271, -0.7915399074554443, -6.318721294403076]
[DIAG_TARGET] step=561 target_error=0.000000000 default=[0.0, -0.7853981852531433, 1.8654682636260986, 0.0, -0.7853981852531433, 1.8654682636260986, 0.0, -0.7853981852531433, 1.8654682636260986, 0.0, -0.7853981852531433, 1.8654682636260986] desired=[-0.13124999403953552, -0.737500011920929, 1.5575000047683716, 0.06875000149011612, -0.737500011920929, 1.6825000047683716, -0.06875000149011612, -1.0626912117004395, 1.6825000047683716, -0.31600338220596313, -0.862500011920929, 1.5575000047683716] applied=[-0.13124999403953552, -0.737500011920929, 1.5575000047683716, 0.06875000149011612, -0.737500011920929, 1.6825000047683716, -0.06875000149011612, -1.0626912117004395, 1.6825000047683716, -0.31600338220596313, -0.862500011920929, 1.5575000047683716] current=[-0.22447675466537476, -0.5434437990188599, 1.9236663579940796, 0.004584040492773056, -0.7404540181159973, 1.6211191415786743, 0.45925411581993103, -0.7742350101470947, 1.6365985870361328, 0.25510600209236145, -1.3561681509017944, 1.4703112840652466]
[DIAG_INFER] step=571 policy_action_max=5.475396 applied_action_max=0.250000 obs_max=6.318721 history_nonzero_rows=15 position_clip=0 torque_clip=1 action=[-3.726452350616455, 1.4763346910476685, -2.3490283489227295, -5.475396156311035, 0.9785225987434387, 4.3791985511779785, 3.8274223804473877, -2.8515210151672363, 1.5381944179534912, 1.758346438407898, 0.3947259783744812, -5.2039103507995605]
[DIAG_TARGET] step=571 target_error=0.000000000 default=[0.0, -0.7853981852531433, 1.8654682636260986, 0.0, -0.7853981852531433, 1.8654682636260986, 0.0, -0.7853981852531433, 1.8654682636260986, 0.0, -0.7853981852531433, 1.8654682636260986] desired=[-0.13124999403953552, -0.737500011920929, 1.5575000047683716, 0.06875000149011612, -0.737500011920929, 1.6825000047683716, -0.06875000149011612, -0.862500011920929, 1.6825000047683716, -0.13111889362335205, -0.737500011920929, 1.5575000047683716] applied=[-0.13124999403953552, -0.737500011920929, 1.5575000047683716, 0.06875000149011612, -0.737500011920929, 1.6825000047683716, -0.06875000149011612, -0.862500011920929, 1.6825000047683716, -0.13111889362335205, -0.737500011920929, 1.5575000047683716] current=[-0.23010705411434174, -0.5412890911102295, 1.8973275423049927, 0.07670025527477264, -0.7254117131233215, 1.6582142114639282, 0.33308693766593933, -0.8602486252784729, 1.719425082206726, -0.13422265648841858, -1.3135837316513062, 1.4575682878494263]
[DIAG_INFER] step=581 policy_action_max=7.364525 applied_action_max=0.250000 obs_max=5.475396 history_nonzero_rows=15 position_clip=0 torque_clip=1 action=[2.6536412239074707, 1.4141525030136108, -0.7378777265548706, -4.6714582443237305, -0.8538798093795776, 0.3845623731613159, 2.909857988357544, -2.4217615127563477, 1.4488519430160522, 7.364524841308594, 1.43265700340271, -5.359166622161865]
[DIAG_TARGET] step=581 target_error=0.000000000 default=[0.0, -0.7853981852531433, 1.8654682636260986, 0.0, -0.7853981852531433, 1.8654682636260986, 0.0, -0.7853981852531433, 1.8654682636260986, 0.0, -0.7853981852531433, 1.8654682636260986] desired=[-0.06875000149011612, -0.737500011920929, 1.5575000047683716, 0.06875000149011612, -0.862500011920929, 1.6825000047683716, -0.06875000149011612, -0.862500011920929, 1.6825000047683716, 0.13124999403953552, -0.737500011920929, 0.9141064882278442] applied=[-0.06875000149011612, -0.737500011920929, 1.5575000047683716, 0.06875000149011612, -0.862500011920929, 1.6825000047683716, -0.06875000149011612, -0.862500011920929, 1.6825000047683716, 0.13124999403953552, -0.737500011920929, 0.9141064882278442] current=[-0.23060503602027893, -0.5484797954559326, 1.8586496114730835, 0.08713440597057343, -0.7270920872688293, 1.6736308336257935, 0.30091768503189087, -0.8819761276245117, 1.7558605670928955, -0.18574734032154083, -0.9776192903518677, 1.4765570163726807]
[DIAG_INFER] step=591 policy_action_max=11.404380 applied_action_max=0.250000 obs_max=7.364525 history_nonzero_rows=15 position_clip=0 torque_clip=3 action=[10.863393783569336, 7.4472455978393555, 11.404379844665527, 5.7880706787109375, -4.222524642944336, -11.371749877929688, -0.9125120043754578, -0.6102237701416016, -4.96571683883667, -0.44841447472572327, -4.9990997314453125, 6.740122318267822]
[DIAG_TARGET] step=591 target_error=0.000000119 default=[0.0, -0.7853981852531433, 1.8654682636260986, 0.0, -0.7853981852531433, 1.8654682636260986, 0.0, -0.7853981852531433, 1.8654682636260986, 0.0, -0.7853981852531433, 1.8654682636260986] desired=[-0.06875000149011612, -0.737500011920929, 1.6825000047683716, 0.13124999403953552, -0.862500011920929, 1.5575000047683716, -0.13124999403953552, -0.862500011920929, 1.5575000047683716, 1.5, -1.5848690271377563, -0.6891535520553589] applied=[-0.06875000149011612, -0.737500011920929, 1.6825000047683716, 0.13124999403953552, -0.862500011920929, 1.5575000047683716, -0.13124999403953552, -0.862500011920929, 1.5575000047683716, 1.5, -1.5848690271377563, -0.6891534328460693] current=[-0.16864949464797974, -0.5753567218780518, 1.789514422416687, 0.08284180611371994, -0.7837181687355042, 1.6777585744857788, 0.30492424964904785, -0.9134923815727234, 1.7969858646392822, -0.0728558674454689, -0.7320876717567444, 1.1412670612335205]
[DIAG_INFER] step=601 policy_action_max=10.621118 applied_action_max=0.250000 obs_max=11.404380 history_nonzero_rows=15 position_clip=0 torque_clip=4 action=[4.354056358337402, 0.620042085647583, 4.707297325134277, 2.1369006633758545, -2.6092822551727295, -3.292262315750122, 7.586273670196533, 5.18947172164917, -4.749938488006592, 0.6530261635780334, -10.62111759185791, 6.622344493865967]
[DIAG_TARGET] step=601 target_error=0.000000000 default=[0.0, -0.7853981852531433, 1.8654682636260986, 0.0, -0.7853981852531433, 1.8654682636260986, 0.0, -0.7853981852531433, 1.8654682636260986, 0.0, -0.7853981852531433, 1.8654682636260986] desired=[-0.06875000149011612, -0.737500011920929, 1.6825000047683716, 0.13124999403953552, -0.862500011920929, 1.5575000047683716, 0.48975715041160583, -0.737500011920929, 1.28883957862854, 1.5, -3.3274850845336914, 1.6825000047683716] applied=[-0.06875000149011612, -0.737500011920929, 1.6825000047683716, 0.13124999403953552, -0.862500011920929, 1.5575000047683716, 0.48975715041160583, -0.737500011920929, 1.28883957862854, 1.5, -3.3274850845336914, 1.6825000047683716] current=[-0.04630425572395325, -0.6496973037719727, 1.7329002618789673, 0.14901360869407654, -0.8502453565597534, 1.6091458797454834, 0.3974819779396057, -0.9587539434432983, 1.8405762910842896, 0.5315465927124023, -0.8789792060852051, 0.6823135018348694]
[DIAG_INFER] step=611 policy_action_max=7.398654 applied_action_max=0.250000 obs_max=10.621118 history_nonzero_rows=15 position_clip=0 torque_clip=3 action=[-0.822234570980072, -3.956904649734497, 2.1547086238861084, 7.398654460906982, 4.6532063484191895, -0.6205554008483887, 3.2149651050567627, 5.092798709869385, -2.2052483558654785, -4.857906818389893, -0.28053566813468933, 3.3343403339385986]
[DIAG_TARGET] step=611 target_error=0.000000000 default=[0.0, -0.7853981852531433, 1.8654682636260986, 0.0, -0.7853981852531433, 1.8654682636260986, 0.0, -0.7853981852531433, 1.8654682636260986, 0.0, -0.7853981852531433, 1.8654682636260986] desired=[-0.13124999403953552, -0.862500011920929, 1.6825000047683716, 0.13124999403953552, -0.737500011920929, 1.5575000047683716, 0.9996647834777832, -1.6824520826339722, 1.5575000047683716, -0.8746389746665955, -0.862500011920929, 1.6825000047683716] applied=[-0.13124999403953552, -0.862500011920929, 1.6825000047683716, 0.13124999403953552, -0.737500011920929, 1.5575000047683716, 0.9996647834777832, -1.6824520826339722, 1.5575000047683716, -0.8746389746665955, -0.862500011920929, 1.6825000047683716] current=[-0.027596203610301018, -0.6697558760643005, 1.7397034168243408, 0.09094987064599991, -0.8757647275924683, 1.5690922737121582, 0.4516468048095703, -0.8727025389671326, 1.6422247886657715, 1.2411051988601685, -1.6333184242248535, 1.1777626276016235]
[DIAG_INFER] step=621 policy_action_max=8.298627 applied_action_max=0.250000 obs_max=7.398654 history_nonzero_rows=15 position_clip=0 torque_clip=5 action=[3.874614953994751, 6.6096391677856445, 3.8158719539642334, -6.413900375366211, -2.56292462348938, -2.6584904193878174, 4.7003254890441895, -4.851873397827148, 2.275808811187744, -8.298626899719238, 3.9379968643188477, -4.902672290802002]
[DIAG_TARGET] step=621 target_error=0.000000000 default=[0.0, -0.7853981852531433, 1.8654682636260986, 0.0, -0.7853981852531433, 1.8654682636260986, 0.0, -0.7853981852531433, 1.8654682636260986, 0.0, -0.7853981852531433, 1.8654682636260986] desired=[-0.06875000149011612, -0.737500011920929, 1.6825000047683716, 0.2965458631515503, -0.862500011920929, 1.5575000047683716, -0.06875000149011612, -0.98917156457901, 1.6825000047683716, -1.5, -4.5337910652160645, 1.1924948692321777] applied=[-0.06875000149011612, -0.737500011920929, 1.6825000047683716, 0.2965458631515503, -0.862500011920929, 1.5575000047683716, -0.06875000149011612, -0.98917156457901, 1.6825000047683716, -1.5, -4.5337910652160645, 1.1924948692321777] current=[-0.1295260488986969, -0.7340847253799438, 1.7346068620681763, 0.0010530587751418352, -0.7818503379821777, 1.5538454055786133, 0.7481400370597839, -1.1200486421585083, 1.5955716371536255, 0.6721705198287964, -1.954671859741211, 1.3664195537567139]
[DIAG_INFER] step=631 policy_action_max=7.392965 applied_action_max=0.250000 obs_max=8.298627 history_nonzero_rows=15 position_clip=0 torque_clip=2 action=[3.898425579071045, 7.392965316772461, 6.0978779792785645, -4.08888053894043, 0.2543264627456665, 1.082290530204773, 0.2315400242805481, -0.09117340296506882, 1.9208321571350098, 3.775486707687378, 4.713102340698242, 0.5432493686676025]
[DIAG_TARGET] step=631 target_error=0.000000000 default=[0.0, -0.7853981852531433, 1.8654682636260986, 0.0, -0.7853981852531433, 1.8654682636260986, 0.0, -0.7853981852531433, 1.8654682636260986, 0.0, -0.7853981852531433, 1.8654682636260986] desired=[-0.06875000149011612, -0.737500011920929, 1.6825000047683716, 0.06875000149011612, -0.737500011920929, 1.6825000047683716, -0.18999060988426208, -2.534867286682129, 1.6825000047683716, 0.13124999403953552, -0.737500011920929, 1.6825000047683716] applied=[-0.06875000149011612, -0.737500011920929, 1.6825000047683716, 0.06875000149011612, -0.737500011920929, 1.6825000047683716, -0.18999060988426208, -2.534867286682129, 1.6825000047683716, 0.13124999403953552, -0.737500011920929, 1.6825000047683716] current=[-0.15380115807056427, -0.7661827206611633, 1.6986029148101807, 0.09029322117567062, -0.7571195363998413, 1.555006742477417, 0.46444910764694214, -1.1760042905807495, 1.6116666793823242, -0.1301703304052353, -2.487370729446411, 1.3238948583602905]
[DIAG_INFER] step=641 policy_action_max=11.432458 applied_action_max=0.250000 obs_max=7.392965 history_nonzero_rows=15 position_clip=0 torque_clip=3 action=[0.9156274795532227, 3.0175580978393555, -0.5489327907562256, -11.43245792388916, 2.396012544631958, 9.808972358703613, 0.9617798924446106, -4.673859596252441, 5.718487739562988, 4.75322961807251, 0.14133146405220032, -4.48819637298584]
[DIAG_TARGET] step=641 target_error=0.000000000 default=[0.0, -0.7853981852531433, 1.8654682636260986, 0.0, -0.7853981852531433, 1.8654682636260986, 0.0, -0.7853981852531433, 1.8654682636260986, 0.0, -0.7853981852531433, 1.8654682636260986] desired=[-0.06875000149011612, -0.737500011920929, 1.5575000047683716, 0.06875000149011612, -0.872268795967102, 1.6825000047683716, -0.06875000149011612, -1.3975801467895508, 1.6825000047683716, -0.40355759859085083, -0.7646671533584595, 1.5575000047683716] applied=[-0.06875000149011612, -0.737500011920929, 1.5575000047683716, 0.06875000149011612, -0.872268795967102, 1.6825000047683716, -0.06875000149011612, -1.3975801467895508, 1.6825000047683716, -0.40355759859085083, -0.7646671533584595, 1.5575000047683716] current=[-0.09240516275167465, -0.7471467852592468, 1.678433895111084, 0.16197611391544342, -0.7852952480316162, 1.617988109588623, 0.35380658507347107, -1.3884083032608032, 1.6683697700500488, -0.16202688217163086, -2.63154935836792, 1.426416039466858]
[DIAG_INFER] step=651 policy_action_max=14.479341 applied_action_max=0.250000 obs_max=11.432458 history_nonzero_rows=15 position_clip=0 torque_clip=1 action=[0.4556819796562195, 2.5366036891937256, -2.558950901031494, -14.479340553283691, 0.4285854697227478, 8.776446342468262, 2.6362524032592773, -3.20489764213562, 1.99993896484375, 6.689130783081055, 2.4903533458709717, -8.596857070922852]
[DIAG_TARGET] step=651 target_error=0.000000000 default=[0.0, -0.7853981852531433, 1.8654682636260986, 0.0, -0.7853981852531433, 1.8654682636260986, 0.0, -0.7853981852531433, 1.8654682636260986, 0.0, -0.7853981852531433, 1.8654682636260986] desired=[-0.06875000149011612, -0.737500011920929, 1.5575000047683716, 0.06875000149011612, -0.737500011920929, 1.6825000047683716, -0.06875000149011612, -0.862500011920929, 1.6825000047683716, 0.13124999403953552, -0.737500011920929, 0.4107908010482788] applied=[-0.06875000149011612, -0.737500011920929, 1.5575000047683716, 0.06875000149011612, -0.737500011920929, 1.6825000047683716, -0.06875000149011612, -0.862500011920929, 1.6825000047683716, 0.13124999403953552, -0.737500011920929, 0.4107908010482788] current=[-0.13854719698429108, -0.733167290687561, 1.6085418462753296, 0.08371464163064957, -0.8104188442230225, 1.6513372659683228, 0.09449810534715652, -1.4903407096862793, 1.6557132005691528, -0.16932521760463715, -1.89625084400177, 1.3836350440979004]
[DIAG_INFER] step=661 policy_action_max=14.439857 applied_action_max=0.250000 obs_max=14.479341 history_nonzero_rows=15 position_clip=0 torque_clip=1 action=[11.279899597167969, 0.17314210534095764, -1.3397903442382812, -13.534228324890137, 0.47117292881011963, 2.7417221069335938, -2.2926414012908936, -6.198089122772217, -0.8757013082504272, 14.43985652923584, -0.13728073239326477, -7.758422374725342]
[DIAG_TARGET] step=661 target_error=0.000000000 default=[0.0, -0.7853981852531433, 1.8654682636260986, 0.0, -0.7853981852531433, 1.8654682636260986, 0.0, -0.7853981852531433, 1.8654682636260986, 0.0, -0.7853981852531433, 1.8654682636260986] desired=[-0.06875000149011612, -0.7567144632339478, 1.5575000047683716, 0.06875000149011612, -0.737500011920929, 1.6825000047683716, -0.13124999403953552, -0.862500011920929, 1.5575000047683716, 1.4452316761016846, -0.8343201875686646, 1.5575000047683716] applied=[-0.06875000149011612, -0.7567144632339478, 1.5575000047683716, 0.06875000149011612, -0.737500011920929, 1.6825000047683716, -0.13124999403953552, -0.862500011920929, 1.5575000047683716, 1.4452316761016846, -0.8343201875686646, 1.5575000047683716] current=[-0.08506873995065689, -0.7269256711006165, 1.57004714012146, 0.1102590560913086, -0.7833585143089294, 1.6639251708984375, -0.020903561264276505, -1.2414627075195312, 1.6422367095947266, -0.04124275594949722, -1.168473243713379, 0.9225749373435974]
[DIAG_INFER] step=671 policy_action_max=14.654731 applied_action_max=0.250000 obs_max=14.439857 history_nonzero_rows=15 position_clip=0 torque_clip=2 action=[4.829685211181641, 3.4339029788970947, 0.190200537443161, -10.639655113220215, -0.648762583732605, 1.6691672801971436, 3.680415391921997, -4.450297832489014, -0.689974308013916, 14.654730796813965, -0.7861976623535156, -6.442674160003662]
[DIAG_TARGET] step=671 target_error=0.000000000 default=[0.0, -0.7853981852531433, 1.8654682636260986, 0.0, -0.7853981852531433, 1.8654682636260986, 0.0, -0.7853981852531433, 1.8654682636260986, 0.0, -0.7853981852531433, 1.8654682636260986] desired=[-0.06875000149011612, -0.737500011920929, 1.6675500869750977, 0.06875000149011612, -0.862500011920929, 1.6825000047683716, 0.4049482047557831, -0.862500011920929, 1.5575000047683716, 0.431374728679657, -0.862500011920929, 1.5575000047683716] applied=[-0.06875000149011612, -0.737500011920929, 1.6675500869750977, 0.06875000149011612, -0.862500011920929, 1.6825000047683716, 0.4049482047557831, -0.862500011920929, 1.5575000047683716, 0.431374728679657, -0.862500011920929, 1.5575000047683716] current=[-0.0050569684244692326, -0.7394979000091553, 1.557866096496582, 0.16526885330677032, -0.7633973360061646, 1.678145408630371, -0.05791504681110382, -0.9808138012886047, 1.5946674346923828, 0.5384170413017273, -0.7580669522285461, 1.2643815279006958]
[DIAG_INFER] step=681 policy_action_max=12.683289 applied_action_max=0.250000 obs_max=14.654731 history_nonzero_rows=15 position_clip=0 torque_clip=2 action=[-2.1118125915527344, 7.496792316436768, 3.5025901794433594, -12.68328857421875, 1.6068408489227295, 2.6523101329803467, 8.880515098571777, -9.080626487731934, 2.4776835441589355, -4.058427810668945, -6.448109149932861, -1.5565439462661743]
[DIAG_TARGET] step=681 target_error=0.000000000 default=[0.0, -0.7853981852531433, 1.8654682636260986, 0.0, -0.7853981852531433, 1.8654682636260986, 0.0, -0.7853981852531433, 1.8654682636260986, 0.0, -0.7853981852531433, 1.8654682636260986] desired=[-0.13124999403953552, -0.737500011920929, 1.6825000047683716, 0.06875000149011612, -0.737500011920929, 1.6825000047683716, -0.06875000149011612, -0.862500011920929, 1.6825000047683716, -1.5, -0.862500011920929, 2.700000047683716] applied=[-0.13124999403953552, -0.737500011920929, 1.6825000047683716, 0.06875000149011612, -0.737500011920929, 1.6825000047683716, -0.06875000149011612, -0.862500011920929, 1.6825000047683716, -1.5, -0.862500011920929, 2.700000047683716] current=[-0.05739204213023186, -0.7477162480354309, 1.6187095642089844, 0.07241235673427582, -0.7903584241867065, 1.6795369386672974, 0.07300996035337448, -0.864920973777771, 1.579979419708252, 0.682468593120575, -0.6354435086250305, 1.4953709840774536]
[DIAG_INFER] step=691 policy_action_max=13.970345 applied_action_max=0.250000 obs_max=12.683289 history_nonzero_rows=15 position_clip=0 torque_clip=2 action=[0.11868758499622345, 4.611194610595703, -0.301162451505661, -13.970344543457031, 2.0999555587768555, 6.06099271774292, 7.520106792449951, -6.561034679412842, 3.747300624847412, 2.325500965118408, -1.8974679708480835, -3.5076351165771484]
[DIAG_TARGET] step=691 target_error=0.000000000 default=[0.0, -0.7853981852531433, 1.8654682636260986, 0.0, -0.7853981852531433, 1.8654682636260986, 0.0, -0.7853981852531433, 1.8654682636260986, 0.0, -0.7853981852531433, 1.8654682636260986] desired=[-0.08516405522823334, -0.737500011920929, 1.5575000047683716, 0.06875000149011612, -0.737500011920929, 1.6825000047683716, -0.06875000149011612, -0.862500011920929, 1.6825000047683716, -0.8781924247741699, -0.862500011920929, 1.6199034452438354] applied=[-0.08516405522823334, -0.737500011920929, 1.5575000047683716, 0.06875000149011612, -0.737500011920929, 1.6825000047683716, -0.06875000149011612, -0.862500011920929, 1.6825000047683716, -0.8781924247741699, -0.862500011920929, 1.6199034452438354] current=[-0.17779788374900818, -0.7480803728103638, 1.6514500379562378, -0.013775010593235493, -0.7808480858802795, 1.6677461862564087, 0.00844387523829937, -0.8356118202209473, 1.6339565515518188, -0.0001883083750726655, -0.773681640625, 1.9971028566360474]
[DIAG_INFER] step=695 policy_action_max=2.328577 applied_action_max=0.250000 obs_max=1.000000 history_nonzero_rows=0 position_clip=0 torque_clip=0 action=[-1.6418859958648682, 1.3681631088256836, -0.22756558656692505, -0.9195399880409241, 1.591802954673767, 0.6742672324180603, 1.2823081016540527, -1.205030918121338, 0.6665657162666321, 2.3285768032073975, -1.2621631622314453, -0.3235965967178345]
[DIAG_TARGET] step=695 target_error=0.000000000 default=[0.0, -0.7853981852531433, 1.8654682636260986, 0.0, -0.7853981852531433, 1.8654682636260986, 0.0, -0.7853981852531433, 1.8654682636260986, 0.0, -0.7853981852531433, 1.8654682636260986] desired=[-0.13124999403953552, -0.737500011920929, 1.5631085634231567, 0.06875000149011612, -0.737500011920929, 1.6825000047683716, -0.06875000149011612, -0.862500011920929, 1.6825000047683716, 0.13124999403953552, -0.862500011920929, 1.5575000047683716] applied=[-0.13124999403953552, -0.737500011920929, 1.5631085634231567, 0.06875000149011612, -0.737500011920929, 1.6825000047683716, -0.06875000149011612, -0.862500011920929, 1.6825000047683716, 0.13124999403953552, -0.862500011920929, 1.5575000047683716] current=[-0.001408974057994783, -0.7862729430198669, 1.8639222383499146, -1.1787087714765221e-05, -0.7852783203125, 1.8634445667266846, -0.001152671524323523, -0.7864282727241516, 1.864327073097229, -0.0001798090961528942, -0.7862459421157837, 1.863932728767395]
[DIAG_INFER] step=705 policy_action_max=1.927222 applied_action_max=0.250000 obs_max=2.328577 history_nonzero_rows=1 position_clip=0 torque_clip=0 action=[-0.09620513021945953, 1.2728509902954102, 1.6661624908447266, -1.9272221326828003, 0.22002269327640533, -0.649980902671814, 0.20781326293945312, -0.7736602425575256, -0.6960378885269165, 0.6903544664382935, -1.209807276725769, -0.047641560435295105]
[DIAG_TARGET] step=705 target_error=0.000000000 default=[0.0, -0.7853981852531433, 1.8654682636260986, 0.0, -0.7853981852531433, 1.8654682636260986, 0.0, -0.7853981852531433, 1.8654682636260986, 0.0, -0.7853981852531433, 1.8654682636260986] desired=[-0.11202564090490341, -0.737500011920929, 1.6825000047683716, 0.06875000149011612, -0.7449943423271179, 1.5575000047683716, -0.07402334362268448, -0.862500011920929, 1.5575000047683716, 0.13124999403953552, -0.862500011920929, 1.608089566230774] applied=[-0.11202564090490341, -0.737500011920929, 1.6825000047683716, 0.06875000149011612, -0.7449943423271179, 1.5575000047683716, -0.07402334362268448, -0.862500011920929, 1.5575000047683716, 0.13124999403953552, -0.862500011920929, 1.608089566230774] current=[-0.010548033751547337, -0.7984948754310608, 1.8413341045379639, -0.00600042287260294, -0.795779287815094, 1.8468351364135742, -0.007200377993285656, -0.8011898994445801, 1.8473531007766724, -0.005218353122472763, -0.8012813329696655, 1.8515108823776245]
[DIAG_INFER] step=715 policy_action_max=3.080146 applied_action_max=0.250000 obs_max=1.927222 history_nonzero_rows=2 position_clip=0 torque_clip=1 action=[3.080146312713623, 0.36151495575904846, 1.9428608417510986, -1.978192925453186, 0.31954291462898254, -0.8532281517982483, -1.726518154144287, -0.11176633089780807, -2.0442473888397217, -2.4951870441436768, -1.7230899333953857, 0.37037861347198486]
[DIAG_TARGET] step=715 target_error=0.000000000 default=[0.0, -0.7853981852531433, 1.8654682636260986, 0.0, -0.7853981852531433, 1.8654682636260986, 0.0, -0.7853981852531433, 1.8654682636260986, 0.0, -0.7853981852531433, 1.8654682636260986] desired=[-0.06875000149011612, -0.737500011920929, 1.6825000047683716, 0.06875000149011612, -0.737500011920929, 1.5575000047683716, -0.13124999403953552, -0.8279415965080261, 1.5575000047683716, 0.06875000149011612, -0.862500011920929, 1.0816302299499512] applied=[-0.06875000149011612, -0.737500011920929, 1.6825000047683716, 0.06875000149011612, -0.737500011920929, 1.5575000047683716, -0.13124999403953552, -0.8279415965080261, 1.5575000047683716, 0.06875000149011612, -0.862500011920929, 1.0816302299499512] current=[-0.01852245070040226, -0.7982240319252014, 1.806094765663147, -0.00821779016405344, -0.803581178188324, 1.826617956161499, -0.003994125872850418, -0.8096379041671753, 1.821951985359192, -0.0019494100706651807, -0.8099393844604492, 1.8331708908081055]
[DIAG_INFER] step=725 policy_action_max=4.406808 applied_action_max=0.250000 obs_max=3.080146 history_nonzero_rows=3 position_clip=0 torque_clip=2 action=[3.6322011947631836, 0.1289079487323761, 1.7782750129699707, -2.7325851917266846, 0.05547498166561127, 0.1813490390777588, -1.4102654457092285, -0.04926609247922897, -0.9885077476501465, -4.406807899475098, -1.6840635538101196, -0.0494571179151535]
[DIAG_TARGET] step=725 target_error=0.000000000 default=[0.0, -0.7853981852531433, 1.8654682636260986, 0.0, -0.7853981852531433, 1.8654682636260986, 0.0, -0.7853981852531433, 1.8654682636260986, 0.0, -0.7853981852531433, 1.8654682636260986] desired=[-0.06875000149011612, -0.7677730321884155, 1.6825000047683716, 0.06875000149011612, -0.7861312627792358, 1.665337324142456, -0.13124999403953552, -0.8123165369033813, 1.5575000047683716, -0.4779077172279358, -0.862500011920929, 1.5744147300720215] applied=[-0.06875000149011612, -0.7677730321884155, 1.6825000047683716, 0.06875000149011612, -0.7861312627792358, 1.665337324142456, -0.13124999403953552, -0.8123165369033813, 1.5575000047683716, -0.4779077172279358, -0.862500011920929, 1.5744147300720215] current=[-0.043390896171331406, -0.7917036414146423, 1.7731084823608398, -0.030496465042233467, -0.7956546545028687, 1.7906484603881836, -0.021097561344504356, -0.8032367825508118, 1.7831131219863892, -0.02101360820233822, -0.7970580458641052, 1.7860374450683594]
[DIAG_INFER] step=735 policy_action_max=5.702590 applied_action_max=0.250000 obs_max=4.406808 history_nonzero_rows=4 position_clip=0 torque_clip=1 action=[4.559878826141357, -0.6286123991012573, 2.0689780712127686, -3.9596588611602783, 1.9418028593063354, -0.12028861790895462, -3.1025617122650146, -0.5154098272323608, -1.330474615097046, -5.702589511871338, -2.666264057159424, -0.03383632004261017]
[DIAG_TARGET] step=735 target_error=0.000000000 default=[0.0, -0.7853981852531433, 1.8654682636260986, 0.0, -0.7853981852531433, 1.8654682636260986, 0.0, -0.7853981852531433, 1.8654682636260986, 0.0, -0.7853981852531433, 1.8654682636260986] desired=[-0.06875000149011612, -0.862500011920929, 1.6825000047683716, 0.06875000149011612, -0.737500011920929, 1.5899277925491333, -0.13124999403953552, -0.862500011920929, 1.5575000047683716, -1.412668228149414, -0.862500011920929, 1.6115409135818481] applied=[-0.06875000149011612, -0.862500011920929, 1.6825000047683716, 0.06875000149011612, -0.737500011920929, 1.5899277925491333, -0.13124999403953552, -0.862500011920929, 1.5575000047683716, -1.412668228149414, -0.862500011920929, 1.6115409135818481] current=[-0.09481613337993622, -0.7877577543258667, 1.7606483697891235, -0.03034186363220215, -0.7762476205825806, 1.7261842489242554, -0.07694445550441742, -0.7856170535087585, 1.7421408891677856, -0.17342509329319, -0.8039839863777161, 1.7518424987792969]
[DIAG_INFER] step=745 policy_action_max=7.622623 applied_action_max=0.250000 obs_max=5.702590 history_nonzero_rows=5 position_clip=0 torque_clip=3 action=[1.181036114692688, 0.11053231358528137, 0.1793171465396881, -7.622623443603516, 2.9591476917266846, 2.225522518157959, 1.5152673721313477, -4.224699974060059, 3.9647903442382812, -1.6757543087005615, -0.6883975267410278, -0.4552093744277954]
[DIAG_TARGET] step=745 target_error=0.000000000 default=[0.0, -0.7853981852531433, 1.8654682636260986, 0.0, -0.7853981852531433, 1.8654682636260986, 0.0, -0.7853981852531433, 1.8654682636260986, 0.0, -0.7853981852531433, 1.8654682636260986] desired=[-0.06875000149011612, -0.7723669409751892, 1.6648292541503906, 0.06875000149011612, -0.737500011920929, 1.6825000047683716, -0.5228444933891296, -0.862500011920929, 1.6825000047683716, -0.0619046688079834, -0.862500011920929, 1.8291038274765015] applied=[-0.06875000149011612, -0.7723669409751892, 1.6648292541503906, 0.06875000149011612, -0.737500011920929, 1.6825000047683716, -0.5228444933891296, -0.862500011920929, 1.6825000047683716, -0.0619046688079834, -0.862500011920929, 1.8291038274765015] current=[-0.15793314576148987, -0.7949826717376709, 1.784493088722229, 0.0033560474403202534, -0.7517894506454468, 1.6502336263656616, -0.17242643237113953, -0.7718132734298706, 1.7103383541107178, -0.7265011668205261, -0.8232346773147583, 1.6750386953353882]
[DIAG_INFER] step=755 policy_action_max=10.765290 applied_action_max=0.250000 obs_max=7.622623 history_nonzero_rows=6 position_clip=0 torque_clip=1 action=[10.765290260314941, 6.142555236816406, 3.689563035964966, -1.9871374368667603, 0.5894919037818909, -5.910755634307861, -0.65226811170578, -4.4191107749938965, -0.9667540788650513, 7.083414077758789, -4.126354217529297, 2.4287617206573486]
[DIAG_TARGET] step=755 target_error=0.000000000 default=[0.0, -0.7853981852531433, 1.8654682636260986, 0.0, -0.7853981852531433, 1.8654682636260986, 0.0, -0.7853981852531433, 1.8654682636260986, 0.0, -0.7853981852531433, 1.8654682636260986] desired=[-0.06875000149011612, -0.737500011920929, 1.6825000047683716, 0.06875000149011612, -0.737500011920929, 1.5575000047683716, -0.13124999403953552, -0.862500011920929, 1.5575000047683716, 1.5, -0.862500011920929, 1.6825000047683716] applied=[-0.06875000149011612, -0.737500011920929, 1.6825000047683716, 0.06875000149011612, -0.737500011920929, 1.5575000047683716, -0.13124999403953552, -0.862500011920929, 1.5575000047683716, 1.5, -0.862500011920929, 1.6825000047683716] current=[-0.11086198687553406, -0.8031340837478638, 1.783181071281433, 0.12756383419036865, -0.7532751560211182, 1.668677568435669, -0.2621167004108429, -0.8107490539550781, 1.6849082708358765, -0.6413752436637878, -0.8143772482872009, 1.7344036102294922]
[DIAG_INFER] step=765 policy_action_max=6.777303 applied_action_max=0.250000 obs_max=10.765290 history_nonzero_rows=7 position_clip=0 torque_clip=3 action=[6.7773027420043945, 1.1956909894943237, 2.761267900466919, -3.7828853130340576, 3.4290590286254883, -2.3733632564544678, -2.832862377166748, 1.0757887363433838, -4.2758283615112305, -0.28784748911857605, -3.40348482131958, 2.458655834197998]
[DIAG_TARGET] step=765 target_error=0.000000000 default=[0.0, -0.7853981852531433, 1.8654682636260986, 0.0, -0.7853981852531433, 1.8654682636260986, 0.0, -0.7853981852531433, 1.8654682636260986, 0.0, -0.7853981852531433, 1.8654682636260986] desired=[-0.06875000149011612, -0.737500011920929, 1.6825000047683716, 0.06875000149011612, -0.737500011920929, 1.5575000047683716, 0.18385712802410126, -0.737500011920929, 1.5575000047683716, 0.06875000149011612, -0.09901821613311768, 0.23239898681640625] applied=[-0.06875000149011612, -0.737500011920929, 1.6825000047683716, 0.06875000149011612, -0.737500011920929, 1.5575000047683716, 0.18385712802410126, -0.737500011920929, 1.5575000047683716, 0.06875000149011612, -0.09901821613311768, 0.23239898681640625] current=[-0.024590810760855675, -0.792147696018219, 1.7371875047683716, 0.2463233768939972, -0.7709154486656189, 1.6750849485397339, -0.21590425074100494, -0.8503372669219971, 1.6112449169158936, 0.13217517733573914, -0.7721033096313477, 1.6876436471939087]
[DIAG_INFER] step=775 policy_action_max=8.423238 applied_action_max=0.250000 obs_max=6.777303 history_nonzero_rows=8 position_clip=0 torque_clip=2 action=[4.496872901916504, 0.35871925950050354, 3.384338140487671, -8.145522117614746, 2.186156988143921, 1.169512152671814, -2.9402244091033936, -6.432871341705322, 1.0123438835144043, -8.423237800598145, -3.565938949584961, -1.935367465019226]
[DIAG_TARGET] step=775 target_error=0.000000000 default=[0.0, -0.7853981852531433, 1.8654682636260986, 0.0, -0.7853981852531433, 1.8654682636260986, 0.0, -0.7853981852531433, 1.8654682636260986, 0.0, -0.7853981852531433, 1.8654682636260986] desired=[-0.06875000149011612, -0.737500011920929, 1.6825000047683716, 0.06875000149011612, -0.737500011920929, 1.6825000047683716, -0.13124999403953552, -0.862500011920929, 1.6825000047683716, -1.5, -0.862500011920929, 2.3817105293273926] applied=[-0.06875000149011612, -0.737500011920929, 1.6825000047683716, 0.06875000149011612, -0.737500011920929, 1.6825000047683716, -0.13124999403953552, -0.862500011920929, 1.6825000047683716, -1.5, -0.862500011920929, 2.3817105293273926] current=[-0.1351134032011032, -0.7587598562240601, 1.7225874662399292, 0.19934453070163727, -0.7520904541015625, 1.6994128227233887, -0.10824134945869446, -0.8136215209960938, 1.5997974872589111, 0.18238107860088348, -0.6716353297233582, 1.6036287546157837]
[DIAG_INFER] step=785 policy_action_max=15.236717 applied_action_max=0.250000 obs_max=8.423238 history_nonzero_rows=9 position_clip=0 torque_clip=3 action=[-7.007713317871094, 4.178487777709961, 1.7746379375457764, -15.236717224121094, 6.885714054107666, 2.4473962783813477, 3.230372905731201, -14.951250076293945, 9.731239318847656, -10.835887908935547, -4.455167770385742, -5.224643707275391]
[DIAG_TARGET] step=785 target_error=0.000000000 default=[0.0, -0.7853981852531433, 1.8654682636260986, 0.0, -0.7853981852531433, 1.8654682636260986, 0.0, -0.7853981852531433, 1.8654682636260986, 0.0, -0.7853981852531433, 1.8654682636260986] desired=[-0.13124999403953552, -0.737500011920929, 1.6825000047683716, 0.06875000149011612, -0.737500011920929, 1.6825000047683716, -0.5644803643226624, -0.862500011920929, 1.6825000047683716, -1.5, -0.862500011920929, 2.700000047683716] applied=[-0.13124999403953552, -0.737500011920929, 1.6825000047683716, 0.06875000149011612, -0.737500011920929, 1.6825000047683716, -0.5644803643226624, -0.862500011920929, 1.6825000047683716, -1.5, -0.862500011920929, 2.700000047683716] current=[-0.29603150486946106, -0.765441358089447, 1.7919814586639404, 0.06531555950641632, -0.7223011255264282, 1.6881189346313477, -0.12049990892410278, -0.8028603196144104, 1.6494073867797852, -0.5234203338623047, -0.7451422810554504, 2.0328707695007324]
[DIAG_INFER] step=795 policy_action_max=14.884493 applied_action_max=0.250000 obs_max=15.236717 history_nonzero_rows=10 position_clip=0 torque_clip=2 action=[-2.404531955718994, 10.253230094909668, 1.9311411380767822, -14.884492874145508, 3.9257149696350098, 4.906404972076416, 3.5710694789886475, -10.603714942932129, 4.212812423706055, 4.065182685852051, -3.672456979751587, -1.171099066734314]
[DIAG_TARGET] step=795 target_error=0.000000000 default=[0.0, -0.7853981852531433, 1.8654682636260986, 0.0, -0.7853981852531433, 1.8654682636260986, 0.0, -0.7853981852531433, 1.8654682636260986, 0.0, -0.7853981852531433, 1.8654682636260986] desired=[-0.13124999403953552, -0.737500011920929, 1.6825000047683716, 0.06875000149011612, -0.737500011920929, 1.6825000047683716, -0.8500490188598633, -0.862500011920929, 1.6825000047683716, 0.13124999403953552, -0.862500011920929, 2.700000047683716] applied=[-0.13124999403953552, -0.737500011920929, 1.6825000047683716, 0.06875000149011612, -0.737500011920929, 1.6825000047683716, -0.8500490188598633, -0.862500011920929, 1.6825000047683716, 0.13124999403953552, -0.862500011920929, 2.700000047683716] current=[-0.357251912355423, -0.766910195350647, 1.8505301475524902, 0.10160873085260391, -0.734451413154602, 1.6863359212875366, -0.25119394063949585, -0.8193707466125488, 1.6617811918258667, -1.1824119091033936, -0.7749647498130798, 2.3781003952026367]
[STAGE] video_encoding_start
[SUMMARY] {"task": "YoboGo-Velocity-Flat-v0", "mode": "smoke", "yobogo_walk_speed_m_s": 0.15, "rapid_walk_speed_m_s": 0.3, "adaptation_weight": "/run/media/pma213x/0C6A8CC86A8CAFCE/Ubuntu2/CodeU/Dog1/mini-cheetah-isaaclab/external_models/rapid-locomotion-rl/runs/rapid-locomotion/example/train/201852.132488/checkpoints/adaptation_module_latest.jit", "body_weight": "/run/media/pma213x/0C6A8CC86A8CAFCE/Ubuntu2/CodeU/Dog1/mini-cheetah-isaaclab/external_models/rapid-locomotion-rl/runs/rapid-locomotion/example/train/201852.132488/checkpoints/body_latest.jit", "completed_steps": 800, "inference_steps": 81, "expected_inference_steps": 80, "reset_count": 1, "safety_clip_count": 169, "position_clip_count": 0, "torque_clip_count": 169, "large_action_inference_count": 36, "official_clip_inference_count": 0, "max_abs_rapid_action": 0.25, "max_abs_policy_action": 21.0270938873291, "ood_guard_count": 911, "base_height_min_m": 0.10786783695220947, "max_abs_roll_deg": 145.02992614655497, "max_abs_pitch_deg": 13.438087463394186, "xy_displacement_m": 0.940555214881897, "mean_measured_velocity_m_s": 0.5878470093011856, "final_command": [0.0, 0.0, 1.0], "final_rapid_from_term": [0.0, 0.0, 1.0], "terminated_steps": 1, "stability_errors": ["base_height_min=0.107868<0.15", "max_abs_roll_deg=145.030>=45", "terminated_steps=1>0", "motion_base_height_min=0.107868<0.15", "motion_max_abs_roll_deg=145.030>=45", "motion_terminated_steps=1>0", "motion_reset_count=1>0"], "interface_ok": true, "stable_walking": false, "scenario_name": "yaw_probe", "scenario_settle_steps": 200, "scenario_motion_steps": 600, "scenario_command_requested_rapid": [0.0, 0.0, 1.0], "scenario_command_policy": [0.0, 0.0, 1.0], "scenario_command_term": [0.0, 0.0, 1.0], "scenario_command_rapid_final": [0.0, 0.0, 1.0], "scenario_metrics": {"start_position_world": [-0.1199323758482933, -0.42785409092903137, 0.2500312626361847], "end_position_world": [0.06513504683971405, 0.4357101321220398, 0.28212395310401917], "displacement_vector_world": [0.18506742268800735, 0.8635642230510712], "displacement_m": 0.8831721906141417, "start_yaw_deg": -105.57116429264573, "end_yaw_deg": -11.654290281254916, "yaw_change_deg": 93.91687401139082, "start_forward_axis_world": [-0.2684350480140832, -0.9632977862518303], "start_left_axis_world": [0.9632977862518303, -0.2684350480140832], "start_forward_projection_m": -0.8815480868464766, "start_lateral_projection_m": -0.0535358650952695, "body_forward_projection_m": -0.14990459193509786, "body_lateral_projection_m": 0.280269458748571, "mean_body_velocity_m_s": [-0.22719262456909442, -0.19208929843143172], "mean_body_yaw_rate_rad_s": -0.20718559363352446, "primary_axis": "yaw", "primary_projection": 93.91687401139082, "thresholds": {"displacement_m": 0.1, "projection_dominance_ratio": 0.6, "yaw_change_deg": 10.0}, "command_ok": true, "direction_ok": true, "displacement_ok": true}, "scenario_gate_errors": ["motion_base_height_min=0.107868<0.15", "motion_max_abs_roll_deg=145.030>=45", "motion_terminated_steps=1>0", "motion_reset_count=1>0"], "scenario_pass": false, "video": null, "video_frames_written": 0, "leg_motion_stats": {"FR": {"joints": {"haa": {"target": {"min": -0.13124999403953552, "max": -0.06875000149011612, "rms": 0.08511917174316308, "range": 0.0624999925494194, "motion_rms": 0.024731001640582197}, "actual": {"min": -0.4137754738330841, "max": 0.03268522769212723, "rms": 0.17295522394592025, "range": 0.44646070152521133, "motion_rms": 0.10795704541565572}, "raw_action": {"min": -9.022205352783203, "max": 19.545604705810547, "rms": 6.689390213827439, "range": 28.56781005859375, "motion_rms": 5.369689520594468}, "applied_action": {"min": -0.25, "max": 0.25, "rms": 0.24663891286330958, "range": 0.5, "motion_rms": 0.19861080629974542}, "position_clip_count": 0, "torque_clip_count": 0}, "hip": {"target": {"min": -0.862500011920929, "max": -0.737500011920929, "rms": 0.765035343571944, "range": 0.125, "motion_rms": 0.04905280263578206}, "actual": {"min": -0.8078882694244385, "max": -0.4933851361274719, "rms": 0.7149675647961868, "range": 0.31450313329696655, "motion_rms": 0.08483644318673189}, "raw_action": {"min": -3.956904649734497, "max": 10.253230094909668, "rms": 4.079446624091727, "range": 14.210134744644165, "motion_rms": 3.1648722526782627}, "applied_action": {"min": -0.25, "max": 0.25, "rms": 0.24473018676144703, "range": 0.5, "motion_rms": 0.1953331340564334}, "position_clip_count": 0, "torque_clip_count": 0}, "knee": {"target": {"min": 1.5575000047683716, "max": 1.6825000047683716, "rms": 1.6613188177806277, "range": 0.125, "motion_rms": 0.045781612493305146}, "actual": {"min": 1.5548157691955566, "max": 2.1711559295654297, "rms": 1.8276096067538572, "range": 0.616340160369873, "motion_rms": 0.1481078537419125}, "raw_action": {"min": -2.7091305255889893, "max": 11.404379844665527, "rms": 3.6850333433691254, "range": 14.113510370254517, "motion_rms": 2.7520200508935493}, "applied_action": {"min": -0.25, "max": 0.25, "rms": 0.24505903818417604, "range": 0.5, "motion_rms": 0.18550990533441694}, "position_clip_count": 0, "torque_clip_count": 0}}, "target_range_min": 0.0624999925494194, "actual_range_min": 0.31450313329696655, "actual_motion_rms_min": 0.08483644318673189}, "FL": {"joints": {"haa": {"target": {"min": 0.06875000149011612, "max": 0.2965458631515503, "rms": 0.08761388007548024, "range": 0.22779586166143417, "motion_rms": 0.03291888201966293}, "actual": {"min": -0.14802959561347961, "max": 0.39808133244514465, "rms": 0.15711803643547095, "range": 0.5461109280586243, "motion_rms": 0.11590705535669288}, "raw_action": {"min": -21.0270938873291, "max": 10.517269134521484, "rms": 8.999238350131975, "range": 31.544363021850586, "motion_rms": 6.985550910344511}, "applied_action": {"min": -0.25, "max": 0.25, "rms": 0.24874117953821628, "range": 0.5, "motion_rms": 0.17758477518818175}, "position_clip_count": 0, "torque_clip_count": 1}, "hip": {"target": {"min": -0.872268795967102, "max": -0.737500011920929, "rms": 0.7617594889766746, "range": 0.1347687840461731, "motion_rms": 0.046922758259227315}, "actual": {"min": -0.8786265850067139, "max": -0.5196875333786011, "rms": 0.7241487280726551, "range": 0.3589390516281128, "motion_rms": 0.07609443480984059}, "raw_action": {"min": -5.461727619171143, "max": 6.983053684234619, "rms": 2.8743307335182644, "range": 12.444781303405762, "motion_rms": 2.3181389021170538}, "applied_action": {"min": -0.25, "max": 0.25, "rms": 0.2453455750320164, "range": 0.5, "motion_rms": 0.18017264456693216}, "position_clip_count": 0, "torque_clip_count": 1}, "knee": {"target": {"min": 1.5575000047683716, "max": 1.6825000047683716, "rms": 1.623328079543017, "range": 0.125, "motion_rms": 0.06066085064886733}, "actual": {"min": 1.5490970611572266, "max": 2.011366605758667, "rms": 1.7697412677737454, "range": 0.46226954460144043, "motion_rms": 0.12569226009794893}, "raw_action": {"min": -11.371749877929688, "max": 11.669642448425293, "rms": 4.037277768301753, "range": 23.04139232635498, "motion_rms": 4.035462147225604}, "applied_action": {"min": -0.25, "max": 0.25, "rms": 0.2428922591032776, "range": 0.5, "motion_rms": 0.24260763530041668}, "position_clip_count": 0, "torque_clip_count": 0}}, "target_range_min": 0.125, "actual_range_min": 0.3589390516281128, "actual_motion_rms_min": 0.07609443480984059}, "RR": {"joints": {"haa": {"target": {"min": -0.8500490188598633, "max": 0.9996647834777832, "rms": 0.3442713170300481, "range": 1.8497138023376465, "motion_rms": 0.34250422313627066}, "actual": {"min": -0.6183202862739563, "max": 0.761559009552002, "rms": 0.3100497398334433, "range": 1.3798792958259583, "motion_rms": 0.30874124920398593}, "raw_action": {"min": -14.170478820800781, "max": 9.732633590698242, "rms": 4.87436209750715, "range": 23.903112411499023, "motion_rms": 4.821319486022022}, "applied_action": {"min": -0.25, "max": 0.25, "rms": 0.24624000279069072, "range": 0.5, "motion_rms": 0.24519552041513978}, "position_clip_count": 0, "torque_clip_count": 27}, "hip": {"target": {"min": -2.534867286682129, "max": -0.1987626701593399, "rms": 0.9158255873666777, "range": 2.336104616522789, "motion_rms": 0.271376299458811}, "actual": {"min": -1.4930185079574585, "max": -0.5397692322731018, "rms": 0.8898413264957382, "range": 0.9532492756843567, "motion_rms": 0.16290672141903192}, "raw_action": {"min": -17.727371215820312, "max": 7.2735161781311035, "rms": 6.150323410667941, "range": 25.000887393951416, "motion_rms": 5.239168127719802}, "applied_action": {"min": -0.25, "max": 0.25, "rms": 0.24208555530554488, "range": 0.5, "motion_rms": 0.2074649952690849}, "position_clip_count": 0, "torque_clip_count": 14}, "knee": {"target": {"min": 1.28883957862854, "max": 1.6825000047683716, "rms": 1.5986701688534681, "range": 0.39366042613983154, "motion_rms": 0.07285295542434156}, "actual": {"min": 1.5327794551849365, "max": 2.0562095642089844, "rms": 1.7091616593556171, "range": 0.5234301090240479, "motion_rms": 0.13123436094080618}, "raw_action": {"min": -15.668661117553711, "max": 9.731239318847656, "rms": 4.652697615451285, "range": 25.399900436401367, "motion_rms": 4.450856131713599}, "applied_action": {"min": -0.25, "max": 0.25, "rms": 0.2433744044806732, "range": 0.5, "motion_rms": 0.2346496388483446}, "position_clip_count": 0, "torque_clip_count": 2}}, "target_range_min": 0.39366042613983154, "actual_range_min": 0.5234301090240479, "actual_motion_rms_min": 0.13123436094080618}, "RL": {"joints": {"haa": {"target": {"min": -1.5, "max": 1.5, "rms": 1.0478567997906025, "range": 3.0, "motion_rms": 1.047496669238577}, "actual": {"min": -1.2111845016479492, "max": 1.4912083148956299, "rms": 0.5353926629479441, "range": 2.702392816543579, "motion_rms": 0.5339314189481732}, "raw_action": {"min": -17.062908172607422, "max": 18.004751205444336, "rms": 6.849632482877409, "range": 35.06765937805176, "motion_rms": 6.836055108393366}, "applied_action": {"min": -0.25, "max": 0.25, "rms": 0.2479453555023755, "range": 0.5, "motion_rms": 0.2472695117965121}, "position_clip_count": 0, "torque_clip_count": 57}, "hip": {"target": {"min": -4.5337910652160645, "max": 0.7562115788459778, "rms": 1.1588519972338343, "range": 5.290002644062042, "motion_rms": 0.789596195852145}, "actual": {"min": -2.709887742996216, "max": 0.047996509820222855, "rms": 0.9629777525191321, "range": 2.7578842528164387, "motion_rms": 0.5057120655794946}, "raw_action": {"min": -16.493114471435547, "max": 4.713102340698242, "rms": 4.531496222558559, "range": 21.20621681213379, "motion_rms": 3.4795883972292474}, "applied_action": {"min": -0.25, "max": 0.25, "rms": 0.24552161957137467, "range": 0.5, "motion_rms": 0.16762028070608}, "position_clip_count": 0, "torque_clip_count": 30}, "knee": {"target": {"min": -0.7204914093017578, "max": 2.700000047683716, "rms": 1.739799095980356, "range": 3.4204914569854736, "motion_rms": 0.7049251365072922}, "actual": {"min": 0.6588326096534729, "max": 2.581716299057007, "rms": 1.7645008886033073, "range": 1.922883689403534, "motion_rms": 0.3791281851536339}, "raw_action": {"min": -9.51317024230957, "max": 18.79834747314453, "rms": 5.264034905449992, "range": 28.3115177154541, "motion_rms": 5.248639634273973}, "applied_action": {"min": -0.25, "max": 0.25, "rms": 0.24259896652700566, "range": 0.5, "motion_rms": 0.24259665967059854}, "position_clip_count": 0, "torque_clip_count": 37}}, "target_range_min": 3.0, "actual_range_min": 1.922883689403534, "actual_motion_rms_min": 0.3791281851536339}, "_gate": {"front_target_range_min": 0.0624999925494194, "front_actual_range_min": 0.31450313329696655, "front_target_threshold_rad": 0.04, "front_actual_threshold_rad": 0.05, "ok": true}}, "scenario_mean_body_velocity": [-0.22719262456909442, -0.19208929843143172], "scenario_mean_body_yaw_rate": -0.20718559363352446}
[SCHEDULE] reset_compensated actual=81 base_expected=80 resets=1
Traceback (most recent call last):
  File "/run/media/pma213x/0C6A8CC86A8CAFCE/Ubuntu2/CodeU/Dog1/mini-cheetah-isaaclab/training/scripts/play_rapid.py", line 1188, in <module>
    exit_code = main()
  File "/run/media/pma213x/0C6A8CC86A8CAFCE/Ubuntu2/CodeU/Dog1/mini-cheetah-isaaclab/training/scripts/play_rapid.py", line 1173, in main
    raise RuntimeError(
RuntimeError: 稳定性 Gate 失败：base_height_min=0.107868<0.15；max_abs_roll_deg=145.030>=45；terminated_steps=1>0；motion_base_height_min=0.107868<0.15；motion_max_abs_roll_deg=145.030>=45；motion_terminated_steps=1>0；motion_reset_count=1>0
