[2026-10-04T18:57:37+0800] P1 连续 Gate 批次结果=[True, False, True]
[2026-10-04T23:15:00+0800] R3 新训练断点 steps=0
[2026-10-04T23:15:00+0800] P0 启动：/usr/bin/python3 -m rl.train --phase P0 --total-steps 10000 --device cuda --ckptdir /run/media/pma213x/0C6A8CC86A8CAFCE/Ubuntu2/CodeU/Dog1/official-mini-cheetah/checkpoints/official_mini_cheetah_flat_jump_v1_r3 --ckpt-prefix official_mini_cheetah_flat_jump_v1_r3 --logdir /run/media/pma213x/0C6A8CC86A8CAFCE/Ubuntu2/CodeU/Dog1/official-mini-cheetah/runs/official_mini_cheetah_flat_jump_v1_r3/P0_parallel --bridge-port 11452 --num-envs 4 --checkpoint-interval 20000 --randomization-mode fixed --webots-gui --seed 20261003
[2026-10-04T23:15:04+0800] P0 四 worker 实时健康确认通过
[2026-10-04T23:16:15+0800] P0 验收命令：/usr/bin/python3 -m rl.evaluate --phase P0 --gate --checkpoint /run/media/pma213x/0C6A8CC86A8CAFCE/Ubuntu2/CodeU/Dog1/official-mini-cheetah/checkpoints/official_mini_cheetah_flat_jump_v1_r3/official_mini_cheetah_flat_jump_v1_r3_final.zip --output /run/media/pma213x/0C6A8CC86A8CAFCE/Ubuntu2/CodeU/Dog1/official-mini-cheetah/logs/official_mini_cheetah_flat_jump_v1_r3/P0_gate_attempt_0.json
[2026-10-04T23:16:38+0800] 失败即停：P0 gate 技术故障，退出码=1，无有效报告
[2026-10-04T23:37:21+0800] P1 连续 Gate 批次结果=[True, False, True]
[2026-10-04T23:37:49+0800] P1 连续 Gate 批次结果=[True, False, True]
[2026-10-05T00:02:23+0800] P1 连续 Gate 批次结果=[True, False, True]
[2026-10-05T00:02:42+0800] P1 连续 Gate 批次结果=[True, False, True]
[2026-10-05T00:03:29+0800] R3 新训练断点 steps=10000
[2026-10-05T00:03:29+0800] P0 验收命令：/usr/bin/python3 -m rl.evaluate --phase P0 --gate --checkpoint /run/media/pma213x/0C6A8CC86A8CAFCE/Ubuntu2/CodeU/Dog1/official-mini-cheetah/checkpoints/official_mini_cheetah_flat_jump_v1_r3/official_mini_cheetah_flat_jump_v1_r3_final.zip --output /run/media/pma213x/0C6A8CC86A8CAFCE/Ubuntu2/CodeU/Dog1/official-mini-cheetah/logs/official_mini_cheetah_flat_jump_v1_r3/P0_gate_attempt_0.json
[2026-10-05T00:03:34+0800] P0 验收未通过，report.passed=false
[2026-10-05T00:03:34+0800] P0 验收命令：/usr/bin/python3 -m rl.evaluate --phase P0 --gate --checkpoint /run/media/pma213x/0C6A8CC86A8CAFCE/Ubuntu2/CodeU/Dog1/official-mini-cheetah/checkpoints/official_mini_cheetah_flat_jump_v1_r3/official_mini_cheetah_flat_jump_v1_r3_final.zip --output /run/media/pma213x/0C6A8CC86A8CAFCE/Ubuntu2/CodeU/Dog1/official-mini-cheetah/logs/official_mini_cheetah_flat_jump_v1_r3/P0_gate_attempt_1.json
[2026-10-05T00:03:39+0800] P0 验收未通过，report.passed=false
[2026-10-05T00:03:40+0800] P0 验收命令：/usr/bin/python3 -m rl.evaluate --phase P0 --gate --checkpoint /run/media/pma213x/0C6A8CC86A8CAFCE/Ubuntu2/CodeU/Dog1/official-mini-cheetah/checkpoints/official_mini_cheetah_flat_jump_v1_r3/official_mini_cheetah_flat_jump_v1_r3_final.zip --output /run/media/pma213x/0C6A8CC86A8CAFCE/Ubuntu2/CodeU/Dog1/official-mini-cheetah/logs/official_mini_cheetah_flat_jump_v1_r3/P0_gate_attempt_2.json
[2026-10-05T00:03:45+0800] P0 验收未通过，report.passed=false
[2026-10-05T00:03:45+0800] P0 连续 Gate 批次结果=[False, False, False]
[2026-10-05T00:03:45+0800] 失败即停：P0 Gate 在预算 10000 处失败，按计划停止
[2026-10-05T00:36:39+0800] P1 连续 Gate 批次结果=[True, False, True]
[2026-10-05T00:38:41+0800] P1 连续 Gate 批次结果=[True, False, True]
[2026-10-05T00:39:35+0800] P1 连续 Gate 批次结果=[True, False, True]
[2026-10-05T00:41:41+0800] P1 连续 Gate 批次结果=[True, False, True]
[2026-10-05T00:53:31+0800] P1 连续 Gate 批次结果=[True, False, True]
[2026-10-05T00:57:30+0800] P1 连续 Gate 批次结果=[True, False, True]
[2026-10-05T00:59:45+0800] R3 新训练断点 steps=0 restart_p0_from_zero=True
[2026-10-05T00:59:45+0800] P0 启动：/usr/bin/python3 -m rl.train --phase P0 --total-steps 10000 --device cuda --ckptdir /run/media/pma213x/0C6A8CC86A8CAFCE/Ubuntu2/CodeU/Dog1/official-mini-cheetah/checkpoints/official_mini_cheetah_flat_jump_v1_r3 --ckpt-prefix official_mini_cheetah_flat_jump_v1_r3 --logdir /run/media/pma213x/0C6A8CC86A8CAFCE/Ubuntu2/CodeU/Dog1/official-mini-cheetah/runs/official_mini_cheetah_flat_jump_v1_r3/P0_parallel --bridge-port 11452 --num-envs 4 --checkpoint-interval 20000 --randomization-mode fixed --webots-gui --seed 20261003
[2026-10-05T00:59:49+0800] P0 四 worker 实时健康确认通过
[2026-10-05T01:01:40+0800] 失败即停：P0 训练退出码=1
[2026-10-05T01:09:01+0800] P1 连续 Gate 批次结果=[True, False, True]
[2026-10-05T01:10:05+0800] R3 新训练断点 steps=0 restart_p0_from_zero=True
[2026-10-05T01:10:05+0800] P0 启动：/usr/bin/python3 -m rl.train --phase P0 --total-steps 10000 --device cuda --ckptdir /run/media/pma213x/0C6A8CC86A8CAFCE/Ubuntu2/CodeU/Dog1/official-mini-cheetah/checkpoints/official_mini_cheetah_flat_jump_v1_r3 --ckpt-prefix official_mini_cheetah_flat_jump_v1_r3 --logdir /run/media/pma213x/0C6A8CC86A8CAFCE/Ubuntu2/CodeU/Dog1/official-mini-cheetah/runs/official_mini_cheetah_flat_jump_v1_r3/P0_parallel --bridge-port 11452 --num-envs 4 --checkpoint-interval 20000 --randomization-mode fixed --seed 20261003
[2026-10-05T01:10:09+0800] P0 四 worker 实时健康确认通过
[2026-10-05T01:13:15+0800] 失败即停：P0 训练退出码=1
[2026-10-05T01:15:54+0800] P1 连续 Gate 批次结果=[True, False, True]
[2026-10-05T01:17:36+0800] R3 新训练断点 steps=0 restart_p0_from_zero=True
[2026-10-05T01:17:36+0800] P0 启动：/usr/bin/python3 -m rl.train --phase P0 --total-steps 10000 --device cuda --ckptdir /run/media/pma213x/0C6A8CC86A8CAFCE/Ubuntu2/CodeU/Dog1/official-mini-cheetah/checkpoints/official_mini_cheetah_flat_jump_v1_r3 --ckpt-prefix official_mini_cheetah_flat_jump_v1_r3 --logdir /run/media/pma213x/0C6A8CC86A8CAFCE/Ubuntu2/CodeU/Dog1/official-mini-cheetah/runs/official_mini_cheetah_flat_jump_v1_r3/P0_parallel --bridge-port 11452 --num-envs 4 --checkpoint-interval 20000 --randomization-mode fixed --seed 20261003
[2026-10-05T01:17:42+0800] P0 四 worker 实时健康确认通过
[2026-10-05T01:18:09+0800] P0 验收命令：/usr/bin/python3 -m rl.evaluate --phase P0 --gate --checkpoint /run/media/pma213x/0C6A8CC86A8CAFCE/Ubuntu2/CodeU/Dog1/official-mini-cheetah/checkpoints/official_mini_cheetah_flat_jump_v1_r3/official_mini_cheetah_flat_jump_v1_r3_final.zip --output /run/media/pma213x/0C6A8CC86A8CAFCE/Ubuntu2/CodeU/Dog1/official-mini-cheetah/logs/official_mini_cheetah_flat_jump_v1_r3/P0_gate_attempt_0.json
[2026-10-05T01:18:18+0800] P0 验收通过
[2026-10-05T01:18:18+0800] P0 验收命令：/usr/bin/python3 -m rl.evaluate --phase P0 --gate --checkpoint /run/media/pma213x/0C6A8CC86A8CAFCE/Ubuntu2/CodeU/Dog1/official-mini-cheetah/checkpoints/official_mini_cheetah_flat_jump_v1_r3/official_mini_cheetah_flat_jump_v1_r3_final.zip --output /run/media/pma213x/0C6A8CC86A8CAFCE/Ubuntu2/CodeU/Dog1/official-mini-cheetah/logs/official_mini_cheetah_flat_jump_v1_r3/P0_gate_attempt_1.json
[2026-10-05T01:18:28+0800] P0 验收通过
[2026-10-05T01:18:28+0800] P0 验收命令：/usr/bin/python3 -m rl.evaluate --phase P0 --gate --checkpoint /run/media/pma213x/0C6A8CC86A8CAFCE/Ubuntu2/CodeU/Dog1/official-mini-cheetah/checkpoints/official_mini_cheetah_flat_jump_v1_r3/official_mini_cheetah_flat_jump_v1_r3_final.zip --output /run/media/pma213x/0C6A8CC86A8CAFCE/Ubuntu2/CodeU/Dog1/official-mini-cheetah/logs/official_mini_cheetah_flat_jump_v1_r3/P0_gate_attempt_2.json
[2026-10-05T01:18:38+0800] P0 验收通过
[2026-10-05T01:18:38+0800] P0 gate 后健康确认通过
[2026-10-05T01:18:38+0800] P1 启动：/usr/bin/python3 -m rl.train --phase P1 --total-steps 20000 --device cuda --ckptdir /run/media/pma213x/0C6A8CC86A8CAFCE/Ubuntu2/CodeU/Dog1/official-mini-cheetah/checkpoints/official_mini_cheetah_flat_jump_v1_r3 --ckpt-prefix official_mini_cheetah_flat_jump_v1_r3 --logdir /run/media/pma213x/0C6A8CC86A8CAFCE/Ubuntu2/CodeU/Dog1/official-mini-cheetah/runs/official_mini_cheetah_flat_jump_v1_r3/P1_parallel --bridge-port 11452 --num-envs 4 --checkpoint-interval 20000 --randomization-mode fixed --seed 20261003 --resume /run/media/pma213x/0C6A8CC86A8CAFCE/Ubuntu2/CodeU/Dog1/official-mini-cheetah/checkpoints/official_mini_cheetah_flat_jump_v1_r3/official_mini_cheetah_flat_jump_v1_r3_final.zip
[2026-10-05T01:18:45+0800] P1 四 worker 实时健康确认通过
[2026-10-05T01:19:05+0800] P1 启动：/usr/bin/python3 -m rl.train --phase P1 --total-steps 30000 --device cuda --ckptdir /run/media/pma213x/0C6A8CC86A8CAFCE/Ubuntu2/CodeU/Dog1/official-mini-cheetah/checkpoints/official_mini_cheetah_flat_jump_v1_r3 --ckpt-prefix official_mini_cheetah_flat_jump_v1_r3 --logdir /run/media/pma213x/0C6A8CC86A8CAFCE/Ubuntu2/CodeU/Dog1/official-mini-cheetah/runs/official_mini_cheetah_flat_jump_v1_r3/P1_parallel --bridge-port 11452 --num-envs 4 --checkpoint-interval 20000 --randomization-mode fixed --seed 20261003 --resume /run/media/pma213x/0C6A8CC86A8CAFCE/Ubuntu2/CodeU/Dog1/official-mini-cheetah/checkpoints/official_mini_cheetah_flat_jump_v1_r3/official_mini_cheetah_flat_jump_v1_r3_final.zip
[2026-10-05T01:19:12+0800] P1 四 worker 实时健康确认通过
[2026-10-05T01:19:30+0800] P1 启动：/usr/bin/python3 -m rl.train --phase P1 --total-steps 40000 --device cuda --ckptdir /run/media/pma213x/0C6A8CC86A8CAFCE/Ubuntu2/CodeU/Dog1/official-mini-cheetah/checkpoints/official_mini_cheetah_flat_jump_v1_r3 --ckpt-prefix official_mini_cheetah_flat_jump_v1_r3 --logdir /run/media/pma213x/0C6A8CC86A8CAFCE/Ubuntu2/CodeU/Dog1/official-mini-cheetah/runs/official_mini_cheetah_flat_jump_v1_r3/P1_parallel --bridge-port 11452 --num-envs 4 --checkpoint-interval 20000 --randomization-mode fixed --seed 20261003 --resume /run/media/pma213x/0C6A8CC86A8CAFCE/Ubuntu2/CodeU/Dog1/official-mini-cheetah/checkpoints/official_mini_cheetah_flat_jump_v1_r3/official_mini_cheetah_flat_jump_v1_r3_final.zip
[2026-10-05T01:19:37+0800] P1 四 worker 实时健康确认通过
[2026-10-05T01:19:57+0800] P1 启动：/usr/bin/python3 -m rl.train --phase P1 --total-steps 50000 --device cuda --ckptdir /run/media/pma213x/0C6A8CC86A8CAFCE/Ubuntu2/CodeU/Dog1/official-mini-cheetah/checkpoints/official_mini_cheetah_flat_jump_v1_r3 --ckpt-prefix official_mini_cheetah_flat_jump_v1_r3 --logdir /run/media/pma213x/0C6A8CC86A8CAFCE/Ubuntu2/CodeU/Dog1/official-mini-cheetah/runs/official_mini_cheetah_flat_jump_v1_r3/P1_parallel --bridge-port 11452 --num-envs 4 --checkpoint-interval 20000 --randomization-mode fixed --seed 20261003 --resume /run/media/pma213x/0C6A8CC86A8CAFCE/Ubuntu2/CodeU/Dog1/official-mini-cheetah/checkpoints/official_mini_cheetah_flat_jump_v1_r3/official_mini_cheetah_flat_jump_v1_r3_final.zip
[2026-10-05T01:20:03+0800] P1 四 worker 实时健康确认通过
[2026-10-05T01:20:23+0800] P1 启动：/usr/bin/python3 -m rl.train --phase P1 --total-steps 60000 --device cuda --ckptdir /run/media/pma213x/0C6A8CC86A8CAFCE/Ubuntu2/CodeU/Dog1/official-mini-cheetah/checkpoints/official_mini_cheetah_flat_jump_v1_r3 --ckpt-prefix official_mini_cheetah_flat_jump_v1_r3 --logdir /run/media/pma213x/0C6A8CC86A8CAFCE/Ubuntu2/CodeU/Dog1/official-mini-cheetah/runs/official_mini_cheetah_flat_jump_v1_r3/P1_parallel --bridge-port 11452 --num-envs 4 --checkpoint-interval 20000 --randomization-mode fixed --seed 20261003 --resume /run/media/pma213x/0C6A8CC86A8CAFCE/Ubuntu2/CodeU/Dog1/official-mini-cheetah/checkpoints/official_mini_cheetah_flat_jump_v1_r3/official_mini_cheetah_flat_jump_v1_r3_final.zip
[2026-10-05T01:20:29+0800] P1 四 worker 实时健康确认通过
[2026-10-05T01:20:48+0800] P1 启动：/usr/bin/python3 -m rl.train --phase P1 --total-steps 70000 --device cuda --ckptdir /run/media/pma213x/0C6A8CC86A8CAFCE/Ubuntu2/CodeU/Dog1/official-mini-cheetah/checkpoints/official_mini_cheetah_flat_jump_v1_r3 --ckpt-prefix official_mini_cheetah_flat_jump_v1_r3 --logdir /run/media/pma213x/0C6A8CC86A8CAFCE/Ubuntu2/CodeU/Dog1/official-mini-cheetah/runs/official_mini_cheetah_flat_jump_v1_r3/P1_parallel --bridge-port 11452 --num-envs 4 --checkpoint-interval 20000 --randomization-mode fixed --seed 20261003 --resume /run/media/pma213x/0C6A8CC86A8CAFCE/Ubuntu2/CodeU/Dog1/official-mini-cheetah/checkpoints/official_mini_cheetah_flat_jump_v1_r3/official_mini_cheetah_flat_jump_v1_r3_final.zip
[2026-10-05T01:20:55+0800] P1 四 worker 实时健康确认通过
[2026-10-05T01:21:19+0800] P1 启动：/usr/bin/python3 -m rl.train --phase P1 --total-steps 80000 --device cuda --ckptdir /run/media/pma213x/0C6A8CC86A8CAFCE/Ubuntu2/CodeU/Dog1/official-mini-cheetah/checkpoints/official_mini_cheetah_flat_jump_v1_r3 --ckpt-prefix official_mini_cheetah_flat_jump_v1_r3 --logdir /run/media/pma213x/0C6A8CC86A8CAFCE/Ubuntu2/CodeU/Dog1/official-mini-cheetah/runs/official_mini_cheetah_flat_jump_v1_r3/P1_parallel --bridge-port 11452 --num-envs 4 --checkpoint-interval 20000 --randomization-mode fixed --seed 20261003 --resume /run/media/pma213x/0C6A8CC86A8CAFCE/Ubuntu2/CodeU/Dog1/official-mini-cheetah/checkpoints/official_mini_cheetah_flat_jump_v1_r3/official_mini_cheetah_flat_jump_v1_r3_final.zip
[2026-10-05T01:21:26+0800] P1 四 worker 实时健康确认通过
[2026-10-05T01:21:44+0800] P1 启动：/usr/bin/python3 -m rl.train --phase P1 --total-steps 90000 --device cuda --ckptdir /run/media/pma213x/0C6A8CC86A8CAFCE/Ubuntu2/CodeU/Dog1/official-mini-cheetah/checkpoints/official_mini_cheetah_flat_jump_v1_r3 --ckpt-prefix official_mini_cheetah_flat_jump_v1_r3 --logdir /run/media/pma213x/0C6A8CC86A8CAFCE/Ubuntu2/CodeU/Dog1/official-mini-cheetah/runs/official_mini_cheetah_flat_jump_v1_r3/P1_parallel --bridge-port 11452 --num-envs 4 --checkpoint-interval 20000 --randomization-mode fixed --seed 20261003 --resume /run/media/pma213x/0C6A8CC86A8CAFCE/Ubuntu2/CodeU/Dog1/official-mini-cheetah/checkpoints/official_mini_cheetah_flat_jump_v1_r3/official_mini_cheetah_flat_jump_v1_r3_final.zip
[2026-10-05T01:21:51+0800] P1 四 worker 实时健康确认通过
[2026-10-05T01:22:09+0800] P1 启动：/usr/bin/python3 -m rl.train --phase P1 --total-steps 100000 --device cuda --ckptdir /run/media/pma213x/0C6A8CC86A8CAFCE/Ubuntu2/CodeU/Dog1/official-mini-cheetah/checkpoints/official_mini_cheetah_flat_jump_v1_r3 --ckpt-prefix official_mini_cheetah_flat_jump_v1_r3 --logdir /run/media/pma213x/0C6A8CC86A8CAFCE/Ubuntu2/CodeU/Dog1/official-mini-cheetah/runs/official_mini_cheetah_flat_jump_v1_r3/P1_parallel --bridge-port 11452 --num-envs 4 --checkpoint-interval 20000 --randomization-mode fixed --seed 20261003 --resume /run/media/pma213x/0C6A8CC86A8CAFCE/Ubuntu2/CodeU/Dog1/official-mini-cheetah/checkpoints/official_mini_cheetah_flat_jump_v1_r3/official_mini_cheetah_flat_jump_v1_r3_final.zip
[2026-10-05T01:22:15+0800] P1 四 worker 实时健康确认通过
[2026-10-05T01:22:34+0800] P1 启动：/usr/bin/python3 -m rl.train --phase P1 --total-steps 110000 --device cuda --ckptdir /run/media/pma213x/0C6A8CC86A8CAFCE/Ubuntu2/CodeU/Dog1/official-mini-cheetah/checkpoints/official_mini_cheetah_flat_jump_v1_r3 --ckpt-prefix official_mini_cheetah_flat_jump_v1_r3 --logdir /run/media/pma213x/0C6A8CC86A8CAFCE/Ubuntu2/CodeU/Dog1/official-mini-cheetah/runs/official_mini_cheetah_flat_jump_v1_r3/P1_parallel --bridge-port 11452 --num-envs 4 --checkpoint-interval 20000 --randomization-mode fixed --seed 20261003 --resume /run/media/pma213x/0C6A8CC86A8CAFCE/Ubuntu2/CodeU/Dog1/official-mini-cheetah/checkpoints/official_mini_cheetah_flat_jump_v1_r3/official_mini_cheetah_flat_jump_v1_r3_final.zip
[2026-10-05T01:22:40+0800] P1 四 worker 实时健康确认通过
[2026-10-05T01:23:05+0800] P1 验收命令：/usr/bin/python3 -m rl.evaluate --phase P1 --gate --checkpoint /run/media/pma213x/0C6A8CC86A8CAFCE/Ubuntu2/CodeU/Dog1/official-mini-cheetah/checkpoints/official_mini_cheetah_flat_jump_v1_r3/official_mini_cheetah_flat_jump_v1_r3_final.zip --output /run/media/pma213x/0C6A8CC86A8CAFCE/Ubuntu2/CodeU/Dog1/official-mini-cheetah/logs/official_mini_cheetah_flat_jump_v1_r3/P1_gate_attempt_0.json
[2026-10-05T01:23:36+0800] P1 验收未通过，report.passed=false
[2026-10-05T01:23:37+0800] P1 验收命令：/usr/bin/python3 -m rl.evaluate --phase P1 --gate --checkpoint /run/media/pma213x/0C6A8CC86A8CAFCE/Ubuntu2/CodeU/Dog1/official-mini-cheetah/checkpoints/official_mini_cheetah_flat_jump_v1_r3/official_mini_cheetah_flat_jump_v1_r3_final.zip --output /run/media/pma213x/0C6A8CC86A8CAFCE/Ubuntu2/CodeU/Dog1/official-mini-cheetah/logs/official_mini_cheetah_flat_jump_v1_r3/P1_gate_attempt_1.json
[2026-10-05T01:24:07+0800] P1 验收未通过，report.passed=false
[2026-10-05T01:24:07+0800] P1 验收命令：/usr/bin/python3 -m rl.evaluate --phase P1 --gate --checkpoint /run/media/pma213x/0C6A8CC86A8CAFCE/Ubuntu2/CodeU/Dog1/official-mini-cheetah/checkpoints/official_mini_cheetah_flat_jump_v1_r3/official_mini_cheetah_flat_jump_v1_r3_final.zip --output /run/media/pma213x/0C6A8CC86A8CAFCE/Ubuntu2/CodeU/Dog1/official-mini-cheetah/logs/official_mini_cheetah_flat_jump_v1_r3/P1_gate_attempt_2.json
[2026-10-05T01:24:37+0800] P1 验收未通过，report.passed=false
[2026-10-05T01:24:37+0800] P1 连续 Gate 批次结果=[False, False, False]
[2026-10-05T01:24:37+0800] P1 启动：/usr/bin/python3 -m rl.train --phase P1 --total-steps 120000 --device cuda --ckptdir /run/media/pma213x/0C6A8CC86A8CAFCE/Ubuntu2/CodeU/Dog1/official-mini-cheetah/checkpoints/official_mini_cheetah_flat_jump_v1_r3 --ckpt-prefix official_mini_cheetah_flat_jump_v1_r3 --logdir /run/media/pma213x/0C6A8CC86A8CAFCE/Ubuntu2/CodeU/Dog1/official-mini-cheetah/runs/official_mini_cheetah_flat_jump_v1_r3/P1_parallel --bridge-port 11452 --num-envs 4 --checkpoint-interval 20000 --randomization-mode fixed --seed 20261003 --resume /run/media/pma213x/0C6A8CC86A8CAFCE/Ubuntu2/CodeU/Dog1/official-mini-cheetah/checkpoints/official_mini_cheetah_flat_jump_v1_r3/official_mini_cheetah_flat_jump_v1_r3_final.zip
[2026-10-05T01:24:43+0800] P1 四 worker 实时健康确认通过
[2026-10-05T01:25:02+0800] P1 验收命令：/usr/bin/python3 -m rl.evaluate --phase P1 --gate --checkpoint /run/media/pma213x/0C6A8CC86A8CAFCE/Ubuntu2/CodeU/Dog1/official-mini-cheetah/checkpoints/official_mini_cheetah_flat_jump_v1_r3/official_mini_cheetah_flat_jump_v1_r3_final.zip --output /run/media/pma213x/0C6A8CC86A8CAFCE/Ubuntu2/CodeU/Dog1/official-mini-cheetah/logs/official_mini_cheetah_flat_jump_v1_r3/P1_gate_attempt_0.json
[2026-10-05T01:25:33+0800] P1 验收未通过，report.passed=false
[2026-10-05T01:25:33+0800] P1 验收命令：/usr/bin/python3 -m rl.evaluate --phase P1 --gate --checkpoint /run/media/pma213x/0C6A8CC86A8CAFCE/Ubuntu2/CodeU/Dog1/official-mini-cheetah/checkpoints/official_mini_cheetah_flat_jump_v1_r3/official_mini_cheetah_flat_jump_v1_r3_final.zip --output /run/media/pma213x/0C6A8CC86A8CAFCE/Ubuntu2/CodeU/Dog1/official-mini-cheetah/logs/official_mini_cheetah_flat_jump_v1_r3/P1_gate_attempt_1.json
[2026-10-05T01:26:03+0800] P1 验收未通过，report.passed=false
[2026-10-05T01:26:03+0800] P1 验收命令：/usr/bin/python3 -m rl.evaluate --phase P1 --gate --checkpoint /run/media/pma213x/0C6A8CC86A8CAFCE/Ubuntu2/CodeU/Dog1/official-mini-cheetah/checkpoints/official_mini_cheetah_flat_jump_v1_r3/official_mini_cheetah_flat_jump_v1_r3_final.zip --output /run/media/pma213x/0C6A8CC86A8CAFCE/Ubuntu2/CodeU/Dog1/official-mini-cheetah/logs/official_mini_cheetah_flat_jump_v1_r3/P1_gate_attempt_2.json
[2026-10-05T01:26:33+0800] P1 验收未通过，report.passed=false
[2026-10-05T01:26:33+0800] P1 连续 Gate 批次结果=[False, False, False]
[2026-10-05T01:26:33+0800] P1 启动：/usr/bin/python3 -m rl.train --phase P1 --total-steps 130000 --device cuda --ckptdir /run/media/pma213x/0C6A8CC86A8CAFCE/Ubuntu2/CodeU/Dog1/official-mini-cheetah/checkpoints/official_mini_cheetah_flat_jump_v1_r3 --ckpt-prefix official_mini_cheetah_flat_jump_v1_r3 --logdir /run/media/pma213x/0C6A8CC86A8CAFCE/Ubuntu2/CodeU/Dog1/official-mini-cheetah/runs/official_mini_cheetah_flat_jump_v1_r3/P1_parallel --bridge-port 11452 --num-envs 4 --checkpoint-interval 20000 --randomization-mode fixed --seed 20261003 --resume /run/media/pma213x/0C6A8CC86A8CAFCE/Ubuntu2/CodeU/Dog1/official-mini-cheetah/checkpoints/official_mini_cheetah_flat_jump_v1_r3/official_mini_cheetah_flat_jump_v1_r3_final.zip
[2026-10-05T01:26:39+0800] P1 四 worker 实时健康确认通过
[2026-10-05T01:26:58+0800] P1 验收命令：/usr/bin/python3 -m rl.evaluate --phase P1 --gate --checkpoint /run/media/pma213x/0C6A8CC86A8CAFCE/Ubuntu2/CodeU/Dog1/official-mini-cheetah/checkpoints/official_mini_cheetah_flat_jump_v1_r3/official_mini_cheetah_flat_jump_v1_r3_final.zip --output /run/media/pma213x/0C6A8CC86A8CAFCE/Ubuntu2/CodeU/Dog1/official-mini-cheetah/logs/official_mini_cheetah_flat_jump_v1_r3/P1_gate_attempt_0.json
[2026-10-05T01:27:46+0800] P1 验收未通过，report.passed=false
[2026-10-05T01:27:46+0800] P1 验收命令：/usr/bin/python3 -m rl.evaluate --phase P1 --gate --checkpoint /run/media/pma213x/0C6A8CC86A8CAFCE/Ubuntu2/CodeU/Dog1/official-mini-cheetah/checkpoints/official_mini_cheetah_flat_jump_v1_r3/official_mini_cheetah_flat_jump_v1_r3_final.zip --output /run/media/pma213x/0C6A8CC86A8CAFCE/Ubuntu2/CodeU/Dog1/official-mini-cheetah/logs/official_mini_cheetah_flat_jump_v1_r3/P1_gate_attempt_1.json
[2026-10-05T01:28:17+0800] P1 验收未通过，report.passed=false
[2026-10-05T01:28:17+0800] P1 验收命令：/usr/bin/python3 -m rl.evaluate --phase P1 --gate --checkpoint /run/media/pma213x/0C6A8CC86A8CAFCE/Ubuntu2/CodeU/Dog1/official-mini-cheetah/checkpoints/official_mini_cheetah_flat_jump_v1_r3/official_mini_cheetah_flat_jump_v1_r3_final.zip --output /run/media/pma213x/0C6A8CC86A8CAFCE/Ubuntu2/CodeU/Dog1/official-mini-cheetah/logs/official_mini_cheetah_flat_jump_v1_r3/P1_gate_attempt_2.json
[2026-10-05T01:28:45+0800] P1 验收未通过，report.passed=false
[2026-10-05T01:28:45+0800] P1 连续 Gate 批次结果=[False, False, False]
[2026-10-05T01:28:45+0800] P1 启动：/usr/bin/python3 -m rl.train --phase P1 --total-steps 140000 --device cuda --ckptdir /run/media/pma213x/0C6A8CC86A8CAFCE/Ubuntu2/CodeU/Dog1/official-mini-cheetah/checkpoints/official_mini_cheetah_flat_jump_v1_r3 --ckpt-prefix official_mini_cheetah_flat_jump_v1_r3 --logdir /run/media/pma213x/0C6A8CC86A8CAFCE/Ubuntu2/CodeU/Dog1/official-mini-cheetah/runs/official_mini_cheetah_flat_jump_v1_r3/P1_parallel --bridge-port 11452 --num-envs 4 --checkpoint-interval 20000 --randomization-mode fixed --seed 20261003 --resume /run/media/pma213x/0C6A8CC86A8CAFCE/Ubuntu2/CodeU/Dog1/official-mini-cheetah/checkpoints/official_mini_cheetah_flat_jump_v1_r3/official_mini_cheetah_flat_jump_v1_r3_final.zip
[2026-10-05T01:28:52+0800] P1 四 worker 实时健康确认通过
[2026-10-05T01:29:12+0800] P1 验收命令：/usr/bin/python3 -m rl.evaluate --phase P1 --gate --checkpoint /run/media/pma213x/0C6A8CC86A8CAFCE/Ubuntu2/CodeU/Dog1/official-mini-cheetah/checkpoints/official_mini_cheetah_flat_jump_v1_r3/official_mini_cheetah_flat_jump_v1_r3_final.zip --output /run/media/pma213x/0C6A8CC86A8CAFCE/Ubuntu2/CodeU/Dog1/official-mini-cheetah/logs/official_mini_cheetah_flat_jump_v1_r3/P1_gate_attempt_0.json
[2026-10-05T01:29:40+0800] P1 验收未通过，report.passed=false
[2026-10-05T01:29:40+0800] P1 验收命令：/usr/bin/python3 -m rl.evaluate --phase P1 --gate --checkpoint /run/media/pma213x/0C6A8CC86A8CAFCE/Ubuntu2/CodeU/Dog1/official-mini-cheetah/checkpoints/official_mini_cheetah_flat_jump_v1_r3/official_mini_cheetah_flat_jump_v1_r3_final.zip --output /run/media/pma213x/0C6A8CC86A8CAFCE/Ubuntu2/CodeU/Dog1/official-mini-cheetah/logs/official_mini_cheetah_flat_jump_v1_r3/P1_gate_attempt_1.json
[2026-10-05T01:30:08+0800] P1 验收未通过，report.passed=false
[2026-10-05T01:30:08+0800] P1 验收命令：/usr/bin/python3 -m rl.evaluate --phase P1 --gate --checkpoint /run/media/pma213x/0C6A8CC86A8CAFCE/Ubuntu2/CodeU/Dog1/official-mini-cheetah/checkpoints/official_mini_cheetah_flat_jump_v1_r3/official_mini_cheetah_flat_jump_v1_r3_final.zip --output /run/media/pma213x/0C6A8CC86A8CAFCE/Ubuntu2/CodeU/Dog1/official-mini-cheetah/logs/official_mini_cheetah_flat_jump_v1_r3/P1_gate_attempt_2.json
[2026-10-05T01:30:31+0800] P1 验收未通过，report.passed=false
[2026-10-05T01:30:31+0800] P1 连续 Gate 批次结果=[False, False, False]
[2026-10-05T01:30:31+0800] P1 启动：/usr/bin/python3 -m rl.train --phase P1 --total-steps 150000 --device cuda --ckptdir /run/media/pma213x/0C6A8CC86A8CAFCE/Ubuntu2/CodeU/Dog1/official-mini-cheetah/checkpoints/official_mini_cheetah_flat_jump_v1_r3 --ckpt-prefix official_mini_cheetah_flat_jump_v1_r3 --logdir /run/media/pma213x/0C6A8CC86A8CAFCE/Ubuntu2/CodeU/Dog1/official-mini-cheetah/runs/official_mini_cheetah_flat_jump_v1_r3/P1_parallel --bridge-port 11452 --num-envs 4 --checkpoint-interval 20000 --randomization-mode fixed --seed 20261003 --resume /run/media/pma213x/0C6A8CC86A8CAFCE/Ubuntu2/CodeU/Dog1/official-mini-cheetah/checkpoints/official_mini_cheetah_flat_jump_v1_r3/official_mini_cheetah_flat_jump_v1_r3_final.zip
[2026-10-05T01:30:37+0800] P1 四 worker 实时健康确认通过
[2026-10-05T01:30:51+0800] P1 验收命令：/usr/bin/python3 -m rl.evaluate --phase P1 --gate --checkpoint /run/media/pma213x/0C6A8CC86A8CAFCE/Ubuntu2/CodeU/Dog1/official-mini-cheetah/checkpoints/official_mini_cheetah_flat_jump_v1_r3/official_mini_cheetah_flat_jump_v1_r3_final.zip --output /run/media/pma213x/0C6A8CC86A8CAFCE/Ubuntu2/CodeU/Dog1/official-mini-cheetah/logs/official_mini_cheetah_flat_jump_v1_r3/P1_gate_attempt_0.json
[2026-10-05T01:31:14+0800] P1 验收未通过，report.passed=false
[2026-10-05T01:31:15+0800] P1 验收命令：/usr/bin/python3 -m rl.evaluate --phase P1 --gate --checkpoint /run/media/pma213x/0C6A8CC86A8CAFCE/Ubuntu2/CodeU/Dog1/official-mini-cheetah/checkpoints/official_mini_cheetah_flat_jump_v1_r3/official_mini_cheetah_flat_jump_v1_r3_final.zip --output /run/media/pma213x/0C6A8CC86A8CAFCE/Ubuntu2/CodeU/Dog1/official-mini-cheetah/logs/official_mini_cheetah_flat_jump_v1_r3/P1_gate_attempt_1.json
[2026-10-05T01:31:38+0800] P1 验收未通过，report.passed=false
[2026-10-05T01:31:38+0800] P1 验收命令：/usr/bin/python3 -m rl.evaluate --phase P1 --gate --checkpoint /run/media/pma213x/0C6A8CC86A8CAFCE/Ubuntu2/CodeU/Dog1/official-mini-cheetah/checkpoints/official_mini_cheetah_flat_jump_v1_r3/official_mini_cheetah_flat_jump_v1_r3_final.zip --output /run/media/pma213x/0C6A8CC86A8CAFCE/Ubuntu2/CodeU/Dog1/official-mini-cheetah/logs/official_mini_cheetah_flat_jump_v1_r3/P1_gate_attempt_2.json
[2026-10-05T01:32:03+0800] P1 验收未通过，report.passed=false
[2026-10-05T01:32:03+0800] P1 连续 Gate 批次结果=[False, False, False]
[2026-10-05T01:32:03+0800] P1 启动：/usr/bin/python3 -m rl.train --phase P1 --total-steps 160000 --device cuda --ckptdir /run/media/pma213x/0C6A8CC86A8CAFCE/Ubuntu2/CodeU/Dog1/official-mini-cheetah/checkpoints/official_mini_cheetah_flat_jump_v1_r3 --ckpt-prefix official_mini_cheetah_flat_jump_v1_r3 --logdir /run/media/pma213x/0C6A8CC86A8CAFCE/Ubuntu2/CodeU/Dog1/official-mini-cheetah/runs/official_mini_cheetah_flat_jump_v1_r3/P1_parallel --bridge-port 11452 --num-envs 4 --checkpoint-interval 20000 --randomization-mode fixed --seed 20261003 --resume /run/media/pma213x/0C6A8CC86A8CAFCE/Ubuntu2/CodeU/Dog1/official-mini-cheetah/checkpoints/official_mini_cheetah_flat_jump_v1_r3/official_mini_cheetah_flat_jump_v1_r3_final.zip
[2026-10-05T01:32:09+0800] P1 四 worker 实时健康确认通过
[2026-10-05T01:32:23+0800] P1 验收命令：/usr/bin/python3 -m rl.evaluate --phase P1 --gate --checkpoint /run/media/pma213x/0C6A8CC86A8CAFCE/Ubuntu2/CodeU/Dog1/official-mini-cheetah/checkpoints/official_mini_cheetah_flat_jump_v1_r3/official_mini_cheetah_flat_jump_v1_r3_final.zip --output /run/media/pma213x/0C6A8CC86A8CAFCE/Ubuntu2/CodeU/Dog1/official-mini-cheetah/logs/official_mini_cheetah_flat_jump_v1_r3/P1_gate_attempt_0.json
[2026-10-05T01:32:47+0800] P1 验收未通过，report.passed=false
[2026-10-05T01:32:47+0800] P1 验收命令：/usr/bin/python3 -m rl.evaluate --phase P1 --gate --checkpoint /run/media/pma213x/0C6A8CC86A8CAFCE/Ubuntu2/CodeU/Dog1/official-mini-cheetah/checkpoints/official_mini_cheetah_flat_jump_v1_r3/official_mini_cheetah_flat_jump_v1_r3_final.zip --output /run/media/pma213x/0C6A8CC86A8CAFCE/Ubuntu2/CodeU/Dog1/official-mini-cheetah/logs/official_mini_cheetah_flat_jump_v1_r3/P1_gate_attempt_1.json
[2026-10-05T01:33:11+0800] P1 验收未通过，report.passed=false
[2026-10-05T01:33:11+0800] P1 验收命令：/usr/bin/python3 -m rl.evaluate --phase P1 --gate --checkpoint /run/media/pma213x/0C6A8CC86A8CAFCE/Ubuntu2/CodeU/Dog1/official-mini-cheetah/checkpoints/official_mini_cheetah_flat_jump_v1_r3/official_mini_cheetah_flat_jump_v1_r3_final.zip --output /run/media/pma213x/0C6A8CC86A8CAFCE/Ubuntu2/CodeU/Dog1/official-mini-cheetah/logs/official_mini_cheetah_flat_jump_v1_r3/P1_gate_attempt_2.json
[2026-10-05T01:33:35+0800] P1 验收未通过，report.passed=false
[2026-10-05T01:33:35+0800] P1 连续 Gate 批次结果=[False, False, False]
[2026-10-05T01:33:35+0800] P1 启动：/usr/bin/python3 -m rl.train --phase P1 --total-steps 170000 --device cuda --ckptdir /run/media/pma213x/0C6A8CC86A8CAFCE/Ubuntu2/CodeU/Dog1/official-mini-cheetah/checkpoints/official_mini_cheetah_flat_jump_v1_r3 --ckpt-prefix official_mini_cheetah_flat_jump_v1_r3 --logdir /run/media/pma213x/0C6A8CC86A8CAFCE/Ubuntu2/CodeU/Dog1/official-mini-cheetah/runs/official_mini_cheetah_flat_jump_v1_r3/P1_parallel --bridge-port 11452 --num-envs 4 --checkpoint-interval 20000 --randomization-mode fixed --seed 20261003 --resume /run/media/pma213x/0C6A8CC86A8CAFCE/Ubuntu2/CodeU/Dog1/official-mini-cheetah/checkpoints/official_mini_cheetah_flat_jump_v1_r3/official_mini_cheetah_flat_jump_v1_r3_final.zip
[2026-10-05T01:33:41+0800] P1 四 worker 实时健康确认通过
[2026-10-05T01:33:57+0800] P1 验收命令：/usr/bin/python3 -m rl.evaluate --phase P1 --gate --checkpoint /run/media/pma213x/0C6A8CC86A8CAFCE/Ubuntu2/CodeU/Dog1/official-mini-cheetah/checkpoints/official_mini_cheetah_flat_jump_v1_r3/official_mini_cheetah_flat_jump_v1_r3_final.zip --output /run/media/pma213x/0C6A8CC86A8CAFCE/Ubuntu2/CodeU/Dog1/official-mini-cheetah/logs/official_mini_cheetah_flat_jump_v1_r3/P1_gate_attempt_0.json
[2026-10-05T01:34:23+0800] P1 验收未通过，report.passed=false
[2026-10-05T01:34:23+0800] P1 验收命令：/usr/bin/python3 -m rl.evaluate --phase P1 --gate --checkpoint /run/media/pma213x/0C6A8CC86A8CAFCE/Ubuntu2/CodeU/Dog1/official-mini-cheetah/checkpoints/official_mini_cheetah_flat_jump_v1_r3/official_mini_cheetah_flat_jump_v1_r3_final.zip --output /run/media/pma213x/0C6A8CC86A8CAFCE/Ubuntu2/CodeU/Dog1/official-mini-cheetah/logs/official_mini_cheetah_flat_jump_v1_r3/P1_gate_attempt_1.json
[2026-10-05T01:34:46+0800] P1 验收未通过，report.passed=false
[2026-10-05T01:34:46+0800] P1 验收命令：/usr/bin/python3 -m rl.evaluate --phase P1 --gate --checkpoint /run/media/pma213x/0C6A8CC86A8CAFCE/Ubuntu2/CodeU/Dog1/official-mini-cheetah/checkpoints/official_mini_cheetah_flat_jump_v1_r3/official_mini_cheetah_flat_jump_v1_r3_final.zip --output /run/media/pma213x/0C6A8CC86A8CAFCE/Ubuntu2/CodeU/Dog1/official-mini-cheetah/logs/official_mini_cheetah_flat_jump_v1_r3/P1_gate_attempt_2.json
[2026-10-05T01:35:10+0800] P1 验收未通过，report.passed=false
[2026-10-05T01:35:10+0800] P1 连续 Gate 批次结果=[False, False, False]
[2026-10-05T01:35:10+0800] P1 启动：/usr/bin/python3 -m rl.train --phase P1 --total-steps 180000 --device cuda --ckptdir /run/media/pma213x/0C6A8CC86A8CAFCE/Ubuntu2/CodeU/Dog1/official-mini-cheetah/checkpoints/official_mini_cheetah_flat_jump_v1_r3 --ckpt-prefix official_mini_cheetah_flat_jump_v1_r3 --logdir /run/media/pma213x/0C6A8CC86A8CAFCE/Ubuntu2/CodeU/Dog1/official-mini-cheetah/runs/official_mini_cheetah_flat_jump_v1_r3/P1_parallel --bridge-port 11452 --num-envs 4 --checkpoint-interval 20000 --randomization-mode fixed --seed 20261003 --resume /run/media/pma213x/0C6A8CC86A8CAFCE/Ubuntu2/CodeU/Dog1/official-mini-cheetah/checkpoints/official_mini_cheetah_flat_jump_v1_r3/official_mini_cheetah_flat_jump_v1_r3_final.zip
[2026-10-05T01:35:17+0800] P1 四 worker 实时健康确认通过
[2026-10-05T01:35:30+0800] P1 验收命令：/usr/bin/python3 -m rl.evaluate --phase P1 --gate --checkpoint /run/media/pma213x/0C6A8CC86A8CAFCE/Ubuntu2/CodeU/Dog1/official-mini-cheetah/checkpoints/official_mini_cheetah_flat_jump_v1_r3/official_mini_cheetah_flat_jump_v1_r3_final.zip --output /run/media/pma213x/0C6A8CC86A8CAFCE/Ubuntu2/CodeU/Dog1/official-mini-cheetah/logs/official_mini_cheetah_flat_jump_v1_r3/P1_gate_attempt_0.json
[2026-10-05T01:35:53+0800] P1 验收未通过，report.passed=false
[2026-10-05T01:35:53+0800] P1 验收命令：/usr/bin/python3 -m rl.evaluate --phase P1 --gate --checkpoint /run/media/pma213x/0C6A8CC86A8CAFCE/Ubuntu2/CodeU/Dog1/official-mini-cheetah/checkpoints/official_mini_cheetah_flat_jump_v1_r3/official_mini_cheetah_flat_jump_v1_r3_final.zip --output /run/media/pma213x/0C6A8CC86A8CAFCE/Ubuntu2/CodeU/Dog1/official-mini-cheetah/logs/official_mini_cheetah_flat_jump_v1_r3/P1_gate_attempt_1.json
[2026-10-05T01:36:17+0800] P1 验收未通过，report.passed=false
[2026-10-05T01:36:17+0800] P1 验收命令：/usr/bin/python3 -m rl.evaluate --phase P1 --gate --checkpoint /run/media/pma213x/0C6A8CC86A8CAFCE/Ubuntu2/CodeU/Dog1/official-mini-cheetah/checkpoints/official_mini_cheetah_flat_jump_v1_r3/official_mini_cheetah_flat_jump_v1_r3_final.zip --output /run/media/pma213x/0C6A8CC86A8CAFCE/Ubuntu2/CodeU/Dog1/official-mini-cheetah/logs/official_mini_cheetah_flat_jump_v1_r3/P1_gate_attempt_2.json
[2026-10-05T01:36:43+0800] P1 验收未通过，report.passed=false
[2026-10-05T01:36:43+0800] P1 连续 Gate 批次结果=[False, False, False]
[2026-10-05T01:36:43+0800] P1 启动：/usr/bin/python3 -m rl.train --phase P1 --total-steps 190000 --device cuda --ckptdir /run/media/pma213x/0C6A8CC86A8CAFCE/Ubuntu2/CodeU/Dog1/official-mini-cheetah/checkpoints/official_mini_cheetah_flat_jump_v1_r3 --ckpt-prefix official_mini_cheetah_flat_jump_v1_r3 --logdir /run/media/pma213x/0C6A8CC86A8CAFCE/Ubuntu2/CodeU/Dog1/official-mini-cheetah/runs/official_mini_cheetah_flat_jump_v1_r3/P1_parallel --bridge-port 11452 --num-envs 4 --checkpoint-interval 20000 --randomization-mode fixed --seed 20261003 --resume /run/media/pma213x/0C6A8CC86A8CAFCE/Ubuntu2/CodeU/Dog1/official-mini-cheetah/checkpoints/official_mini_cheetah_flat_jump_v1_r3/official_mini_cheetah_flat_jump_v1_r3_final.zip
[2026-10-05T01:36:50+0800] P1 四 worker 实时健康确认通过
[2026-10-05T01:37:08+0800] P1 验收命令：/usr/bin/python3 -m rl.evaluate --phase P1 --gate --checkpoint /run/media/pma213x/0C6A8CC86A8CAFCE/Ubuntu2/CodeU/Dog1/official-mini-cheetah/checkpoints/official_mini_cheetah_flat_jump_v1_r3/official_mini_cheetah_flat_jump_v1_r3_final.zip --output /run/media/pma213x/0C6A8CC86A8CAFCE/Ubuntu2/CodeU/Dog1/official-mini-cheetah/logs/official_mini_cheetah_flat_jump_v1_r3/P1_gate_attempt_0.json
[2026-10-05T01:37:35+0800] P1 验收未通过，report.passed=false
[2026-10-05T01:37:35+0800] P1 验收命令：/usr/bin/python3 -m rl.evaluate --phase P1 --gate --checkpoint /run/media/pma213x/0C6A8CC86A8CAFCE/Ubuntu2/CodeU/Dog1/official-mini-cheetah/checkpoints/official_mini_cheetah_flat_jump_v1_r3/official_mini_cheetah_flat_jump_v1_r3_final.zip --output /run/media/pma213x/0C6A8CC86A8CAFCE/Ubuntu2/CodeU/Dog1/official-mini-cheetah/logs/official_mini_cheetah_flat_jump_v1_r3/P1_gate_attempt_1.json
[2026-10-05T01:37:58+0800] P1 验收未通过，report.passed=false
[2026-10-05T01:37:58+0800] P1 验收命令：/usr/bin/python3 -m rl.evaluate --phase P1 --gate --checkpoint /run/media/pma213x/0C6A8CC86A8CAFCE/Ubuntu2/CodeU/Dog1/official-mini-cheetah/checkpoints/official_mini_cheetah_flat_jump_v1_r3/official_mini_cheetah_flat_jump_v1_r3_final.zip --output /run/media/pma213x/0C6A8CC86A8CAFCE/Ubuntu2/CodeU/Dog1/official-mini-cheetah/logs/official_mini_cheetah_flat_jump_v1_r3/P1_gate_attempt_2.json
[2026-10-05T01:38:21+0800] P1 验收未通过，report.passed=false
[2026-10-05T01:38:21+0800] P1 连续 Gate 批次结果=[False, False, False]
[2026-10-05T01:38:21+0800] P1 启动：/usr/bin/python3 -m rl.train --phase P1 --total-steps 200000 --device cuda --ckptdir /run/media/pma213x/0C6A8CC86A8CAFCE/Ubuntu2/CodeU/Dog1/official-mini-cheetah/checkpoints/official_mini_cheetah_flat_jump_v1_r3 --ckpt-prefix official_mini_cheetah_flat_jump_v1_r3 --logdir /run/media/pma213x/0C6A8CC86A8CAFCE/Ubuntu2/CodeU/Dog1/official-mini-cheetah/runs/official_mini_cheetah_flat_jump_v1_r3/P1_parallel --bridge-port 11452 --num-envs 4 --checkpoint-interval 20000 --randomization-mode fixed --seed 20261003 --resume /run/media/pma213x/0C6A8CC86A8CAFCE/Ubuntu2/CodeU/Dog1/official-mini-cheetah/checkpoints/official_mini_cheetah_flat_jump_v1_r3/official_mini_cheetah_flat_jump_v1_r3_final.zip
[2026-10-05T01:38:28+0800] P1 四 worker 实时健康确认通过
[2026-10-05T01:38:41+0800] P1 验收命令：/usr/bin/python3 -m rl.evaluate --phase P1 --gate --checkpoint /run/media/pma213x/0C6A8CC86A8CAFCE/Ubuntu2/CodeU/Dog1/official-mini-cheetah/checkpoints/official_mini_cheetah_flat_jump_v1_r3/official_mini_cheetah_flat_jump_v1_r3_final.zip --output /run/media/pma213x/0C6A8CC86A8CAFCE/Ubuntu2/CodeU/Dog1/official-mini-cheetah/logs/official_mini_cheetah_flat_jump_v1_r3/P1_gate_attempt_0.json
[2026-10-05T01:39:04+0800] P1 验收未通过，report.passed=false
[2026-10-05T01:39:04+0800] P1 验收命令：/usr/bin/python3 -m rl.evaluate --phase P1 --gate --checkpoint /run/media/pma213x/0C6A8CC86A8CAFCE/Ubuntu2/CodeU/Dog1/official-mini-cheetah/checkpoints/official_mini_cheetah_flat_jump_v1_r3/official_mini_cheetah_flat_jump_v1_r3_final.zip --output /run/media/pma213x/0C6A8CC86A8CAFCE/Ubuntu2/CodeU/Dog1/official-mini-cheetah/logs/official_mini_cheetah_flat_jump_v1_r3/P1_gate_attempt_1.json
[2026-10-05T01:39:28+0800] P1 验收未通过，report.passed=false
[2026-10-05T01:39:28+0800] P1 验收命令：/usr/bin/python3 -m rl.evaluate --phase P1 --gate --checkpoint /run/media/pma213x/0C6A8CC86A8CAFCE/Ubuntu2/CodeU/Dog1/official-mini-cheetah/checkpoints/official_mini_cheetah_flat_jump_v1_r3/official_mini_cheetah_flat_jump_v1_r3_final.zip --output /run/media/pma213x/0C6A8CC86A8CAFCE/Ubuntu2/CodeU/Dog1/official-mini-cheetah/logs/official_mini_cheetah_flat_jump_v1_r3/P1_gate_attempt_2.json
[2026-10-05T01:39:51+0800] P1 验收未通过，report.passed=false
[2026-10-05T01:39:51+0800] P1 连续 Gate 批次结果=[False, False, False]
[2026-10-05T01:39:51+0800] P1 启动：/usr/bin/python3 -m rl.train --phase P1 --total-steps 210000 --device cuda --ckptdir /run/media/pma213x/0C6A8CC86A8CAFCE/Ubuntu2/CodeU/Dog1/official-mini-cheetah/checkpoints/official_mini_cheetah_flat_jump_v1_r3 --ckpt-prefix official_mini_cheetah_flat_jump_v1_r3 --logdir /run/media/pma213x/0C6A8CC86A8CAFCE/Ubuntu2/CodeU/Dog1/official-mini-cheetah/runs/official_mini_cheetah_flat_jump_v1_r3/P1_parallel --bridge-port 11452 --num-envs 4 --checkpoint-interval 20000 --randomization-mode fixed --seed 20261003 --resume /run/media/pma213x/0C6A8CC86A8CAFCE/Ubuntu2/CodeU/Dog1/official-mini-cheetah/checkpoints/official_mini_cheetah_flat_jump_v1_r3/official_mini_cheetah_flat_jump_v1_r3_final.zip
[2026-10-05T01:39:58+0800] P1 四 worker 实时健康确认通过
[2026-10-05T01:40:11+0800] P1 验收命令：/usr/bin/python3 -m rl.evaluate --phase P1 --gate --checkpoint /run/media/pma213x/0C6A8CC86A8CAFCE/Ubuntu2/CodeU/Dog1/official-mini-cheetah/checkpoints/official_mini_cheetah_flat_jump_v1_r3/official_mini_cheetah_flat_jump_v1_r3_final.zip --output /run/media/pma213x/0C6A8CC86A8CAFCE/Ubuntu2/CodeU/Dog1/official-mini-cheetah/logs/official_mini_cheetah_flat_jump_v1_r3/P1_gate_attempt_0.json
[2026-10-05T01:40:34+0800] P1 验收未通过，report.passed=false
[2026-10-05T01:40:34+0800] P1 验收命令：/usr/bin/python3 -m rl.evaluate --phase P1 --gate --checkpoint /run/media/pma213x/0C6A8CC86A8CAFCE/Ubuntu2/CodeU/Dog1/official-mini-cheetah/checkpoints/official_mini_cheetah_flat_jump_v1_r3/official_mini_cheetah_flat_jump_v1_r3_final.zip --output /run/media/pma213x/0C6A8CC86A8CAFCE/Ubuntu2/CodeU/Dog1/official-mini-cheetah/logs/official_mini_cheetah_flat_jump_v1_r3/P1_gate_attempt_1.json
[2026-10-05T01:40:58+0800] P1 验收未通过，report.passed=false
[2026-10-05T01:40:58+0800] P1 验收命令：/usr/bin/python3 -m rl.evaluate --phase P1 --gate --checkpoint /run/media/pma213x/0C6A8CC86A8CAFCE/Ubuntu2/CodeU/Dog1/official-mini-cheetah/checkpoints/official_mini_cheetah_flat_jump_v1_r3/official_mini_cheetah_flat_jump_v1_r3_final.zip --output /run/media/pma213x/0C6A8CC86A8CAFCE/Ubuntu2/CodeU/Dog1/official-mini-cheetah/logs/official_mini_cheetah_flat_jump_v1_r3/P1_gate_attempt_2.json
[2026-10-05T01:41:21+0800] P1 验收未通过，report.passed=false
[2026-10-05T01:41:21+0800] P1 连续 Gate 批次结果=[False, False, False]
[2026-10-05T01:41:21+0800] P1 启动：/usr/bin/python3 -m rl.train --phase P1 --total-steps 220000 --device cuda --ckptdir /run/media/pma213x/0C6A8CC86A8CAFCE/Ubuntu2/CodeU/Dog1/official-mini-cheetah/checkpoints/official_mini_cheetah_flat_jump_v1_r3 --ckpt-prefix official_mini_cheetah_flat_jump_v1_r3 --logdir /run/media/pma213x/0C6A8CC86A8CAFCE/Ubuntu2/CodeU/Dog1/official-mini-cheetah/runs/official_mini_cheetah_flat_jump_v1_r3/P1_parallel --bridge-port 11452 --num-envs 4 --checkpoint-interval 20000 --randomization-mode fixed --seed 20261003 --resume /run/media/pma213x/0C6A8CC86A8CAFCE/Ubuntu2/CodeU/Dog1/official-mini-cheetah/checkpoints/official_mini_cheetah_flat_jump_v1_r3/official_mini_cheetah_flat_jump_v1_r3_final.zip
[2026-10-05T01:41:27+0800] P1 四 worker 实时健康确认通过
[2026-10-05T01:41:40+0800] P1 验收命令：/usr/bin/python3 -m rl.evaluate --phase P1 --gate --checkpoint /run/media/pma213x/0C6A8CC86A8CAFCE/Ubuntu2/CodeU/Dog1/official-mini-cheetah/checkpoints/official_mini_cheetah_flat_jump_v1_r3/official_mini_cheetah_flat_jump_v1_r3_final.zip --output /run/media/pma213x/0C6A8CC86A8CAFCE/Ubuntu2/CodeU/Dog1/official-mini-cheetah/logs/official_mini_cheetah_flat_jump_v1_r3/P1_gate_attempt_0.json
[2026-10-05T01:42:04+0800] P1 验收未通过，report.passed=false
[2026-10-05T01:42:04+0800] P1 验收命令：/usr/bin/python3 -m rl.evaluate --phase P1 --gate --checkpoint /run/media/pma213x/0C6A8CC86A8CAFCE/Ubuntu2/CodeU/Dog1/official-mini-cheetah/checkpoints/official_mini_cheetah_flat_jump_v1_r3/official_mini_cheetah_flat_jump_v1_r3_final.zip --output /run/media/pma213x/0C6A8CC86A8CAFCE/Ubuntu2/CodeU/Dog1/official-mini-cheetah/logs/official_mini_cheetah_flat_jump_v1_r3/P1_gate_attempt_1.json
[2026-10-05T01:42:28+0800] P1 验收未通过，report.passed=false
[2026-10-05T01:42:28+0800] P1 验收命令：/usr/bin/python3 -m rl.evaluate --phase P1 --gate --checkpoint /run/media/pma213x/0C6A8CC86A8CAFCE/Ubuntu2/CodeU/Dog1/official-mini-cheetah/checkpoints/official_mini_cheetah_flat_jump_v1_r3/official_mini_cheetah_flat_jump_v1_r3_final.zip --output /run/media/pma213x/0C6A8CC86A8CAFCE/Ubuntu2/CodeU/Dog1/official-mini-cheetah/logs/official_mini_cheetah_flat_jump_v1_r3/P1_gate_attempt_2.json
[2026-10-05T01:42:52+0800] P1 验收未通过，report.passed=false
[2026-10-05T01:42:52+0800] P1 连续 Gate 批次结果=[False, False, False]
[2026-10-05T01:42:52+0800] P1 启动：/usr/bin/python3 -m rl.train --phase P1 --total-steps 230000 --device cuda --ckptdir /run/media/pma213x/0C6A8CC86A8CAFCE/Ubuntu2/CodeU/Dog1/official-mini-cheetah/checkpoints/official_mini_cheetah_flat_jump_v1_r3 --ckpt-prefix official_mini_cheetah_flat_jump_v1_r3 --logdir /run/media/pma213x/0C6A8CC86A8CAFCE/Ubuntu2/CodeU/Dog1/official-mini-cheetah/runs/official_mini_cheetah_flat_jump_v1_r3/P1_parallel --bridge-port 11452 --num-envs 4 --checkpoint-interval 20000 --randomization-mode fixed --seed 20261003 --resume /run/media/pma213x/0C6A8CC86A8CAFCE/Ubuntu2/CodeU/Dog1/official-mini-cheetah/checkpoints/official_mini_cheetah_flat_jump_v1_r3/official_mini_cheetah_flat_jump_v1_r3_final.zip
[2026-10-05T01:42:58+0800] P1 四 worker 实时健康确认通过
[2026-10-05T01:43:12+0800] P1 验收命令：/usr/bin/python3 -m rl.evaluate --phase P1 --gate --checkpoint /run/media/pma213x/0C6A8CC86A8CAFCE/Ubuntu2/CodeU/Dog1/official-mini-cheetah/checkpoints/official_mini_cheetah_flat_jump_v1_r3/official_mini_cheetah_flat_jump_v1_r3_final.zip --output /run/media/pma213x/0C6A8CC86A8CAFCE/Ubuntu2/CodeU/Dog1/official-mini-cheetah/logs/official_mini_cheetah_flat_jump_v1_r3/P1_gate_attempt_0.json
[2026-10-05T01:43:36+0800] P1 验收未通过，report.passed=false
[2026-10-05T01:43:36+0800] P1 验收命令：/usr/bin/python3 -m rl.evaluate --phase P1 --gate --checkpoint /run/media/pma213x/0C6A8CC86A8CAFCE/Ubuntu2/CodeU/Dog1/official-mini-cheetah/checkpoints/official_mini_cheetah_flat_jump_v1_r3/official_mini_cheetah_flat_jump_v1_r3_final.zip --output /run/media/pma213x/0C6A8CC86A8CAFCE/Ubuntu2/CodeU/Dog1/official-mini-cheetah/logs/official_mini_cheetah_flat_jump_v1_r3/P1_gate_attempt_1.json
[2026-10-05T01:44:00+0800] P1 验收未通过，report.passed=false
[2026-10-05T01:44:00+0800] P1 验收命令：/usr/bin/python3 -m rl.evaluate --phase P1 --gate --checkpoint /run/media/pma213x/0C6A8CC86A8CAFCE/Ubuntu2/CodeU/Dog1/official-mini-cheetah/checkpoints/official_mini_cheetah_flat_jump_v1_r3/official_mini_cheetah_flat_jump_v1_r3_final.zip --output /run/media/pma213x/0C6A8CC86A8CAFCE/Ubuntu2/CodeU/Dog1/official-mini-cheetah/logs/official_mini_cheetah_flat_jump_v1_r3/P1_gate_attempt_2.json
[2026-10-05T01:44:23+0800] P1 验收未通过，report.passed=false
[2026-10-05T01:44:23+0800] P1 连续 Gate 批次结果=[False, False, False]
[2026-10-05T01:44:23+0800] P1 启动：/usr/bin/python3 -m rl.train --phase P1 --total-steps 240000 --device cuda --ckptdir /run/media/pma213x/0C6A8CC86A8CAFCE/Ubuntu2/CodeU/Dog1/official-mini-cheetah/checkpoints/official_mini_cheetah_flat_jump_v1_r3 --ckpt-prefix official_mini_cheetah_flat_jump_v1_r3 --logdir /run/media/pma213x/0C6A8CC86A8CAFCE/Ubuntu2/CodeU/Dog1/official-mini-cheetah/runs/official_mini_cheetah_flat_jump_v1_r3/P1_parallel --bridge-port 11452 --num-envs 4 --checkpoint-interval 20000 --randomization-mode fixed --seed 20261003 --resume /run/media/pma213x/0C6A8CC86A8CAFCE/Ubuntu2/CodeU/Dog1/official-mini-cheetah/checkpoints/official_mini_cheetah_flat_jump_v1_r3/official_mini_cheetah_flat_jump_v1_r3_final.zip
[2026-10-05T01:44:30+0800] P1 四 worker 实时健康确认通过
[2026-10-05T01:44:43+0800] P1 验收命令：/usr/bin/python3 -m rl.evaluate --phase P1 --gate --checkpoint /run/media/pma213x/0C6A8CC86A8CAFCE/Ubuntu2/CodeU/Dog1/official-mini-cheetah/checkpoints/official_mini_cheetah_flat_jump_v1_r3/official_mini_cheetah_flat_jump_v1_r3_final.zip --output /run/media/pma213x/0C6A8CC86A8CAFCE/Ubuntu2/CodeU/Dog1/official-mini-cheetah/logs/official_mini_cheetah_flat_jump_v1_r3/P1_gate_attempt_0.json
[2026-10-05T01:45:06+0800] P1 验收未通过，report.passed=false
[2026-10-05T01:45:06+0800] P1 验收命令：/usr/bin/python3 -m rl.evaluate --phase P1 --gate --checkpoint /run/media/pma213x/0C6A8CC86A8CAFCE/Ubuntu2/CodeU/Dog1/official-mini-cheetah/checkpoints/official_mini_cheetah_flat_jump_v1_r3/official_mini_cheetah_flat_jump_v1_r3_final.zip --output /run/media/pma213x/0C6A8CC86A8CAFCE/Ubuntu2/CodeU/Dog1/official-mini-cheetah/logs/official_mini_cheetah_flat_jump_v1_r3/P1_gate_attempt_1.json
[2026-10-05T01:45:30+0800] P1 验收未通过，report.passed=false
[2026-10-05T01:45:30+0800] P1 验收命令：/usr/bin/python3 -m rl.evaluate --phase P1 --gate --checkpoint /run/media/pma213x/0C6A8CC86A8CAFCE/Ubuntu2/CodeU/Dog1/official-mini-cheetah/checkpoints/official_mini_cheetah_flat_jump_v1_r3/official_mini_cheetah_flat_jump_v1_r3_final.zip --output /run/media/pma213x/0C6A8CC86A8CAFCE/Ubuntu2/CodeU/Dog1/official-mini-cheetah/logs/official_mini_cheetah_flat_jump_v1_r3/P1_gate_attempt_2.json
[2026-10-05T01:45:53+0800] P1 验收未通过，report.passed=false
[2026-10-05T01:45:53+0800] P1 连续 Gate 批次结果=[False, False, False]
[2026-10-05T01:45:53+0800] P1 启动：/usr/bin/python3 -m rl.train --phase P1 --total-steps 250000 --device cuda --ckptdir /run/media/pma213x/0C6A8CC86A8CAFCE/Ubuntu2/CodeU/Dog1/official-mini-cheetah/checkpoints/official_mini_cheetah_flat_jump_v1_r3 --ckpt-prefix official_mini_cheetah_flat_jump_v1_r3 --logdir /run/media/pma213x/0C6A8CC86A8CAFCE/Ubuntu2/CodeU/Dog1/official-mini-cheetah/runs/official_mini_cheetah_flat_jump_v1_r3/P1_parallel --bridge-port 11452 --num-envs 4 --checkpoint-interval 20000 --randomization-mode fixed --seed 20261003 --resume /run/media/pma213x/0C6A8CC86A8CAFCE/Ubuntu2/CodeU/Dog1/official-mini-cheetah/checkpoints/official_mini_cheetah_flat_jump_v1_r3/official_mini_cheetah_flat_jump_v1_r3_final.zip
[2026-10-05T01:46:00+0800] P1 四 worker 实时健康确认通过
[2026-10-05T01:46:13+0800] P1 验收命令：/usr/bin/python3 -m rl.evaluate --phase P1 --gate --checkpoint /run/media/pma213x/0C6A8CC86A8CAFCE/Ubuntu2/CodeU/Dog1/official-mini-cheetah/checkpoints/official_mini_cheetah_flat_jump_v1_r3/official_mini_cheetah_flat_jump_v1_r3_final.zip --output /run/media/pma213x/0C6A8CC86A8CAFCE/Ubuntu2/CodeU/Dog1/official-mini-cheetah/logs/official_mini_cheetah_flat_jump_v1_r3/P1_gate_attempt_0.json
[2026-10-05T01:46:36+0800] P1 验收未通过，report.passed=false
[2026-10-05T01:46:36+0800] P1 验收命令：/usr/bin/python3 -m rl.evaluate --phase P1 --gate --checkpoint /run/media/pma213x/0C6A8CC86A8CAFCE/Ubuntu2/CodeU/Dog1/official-mini-cheetah/checkpoints/official_mini_cheetah_flat_jump_v1_r3/official_mini_cheetah_flat_jump_v1_r3_final.zip --output /run/media/pma213x/0C6A8CC86A8CAFCE/Ubuntu2/CodeU/Dog1/official-mini-cheetah/logs/official_mini_cheetah_flat_jump_v1_r3/P1_gate_attempt_1.json
[2026-10-05T01:47:00+0800] P1 验收未通过，report.passed=false
[2026-10-05T01:47:00+0800] P1 验收命令：/usr/bin/python3 -m rl.evaluate --phase P1 --gate --checkpoint /run/media/pma213x/0C6A8CC86A8CAFCE/Ubuntu2/CodeU/Dog1/official-mini-cheetah/checkpoints/official_mini_cheetah_flat_jump_v1_r3/official_mini_cheetah_flat_jump_v1_r3_final.zip --output /run/media/pma213x/0C6A8CC86A8CAFCE/Ubuntu2/CodeU/Dog1/official-mini-cheetah/logs/official_mini_cheetah_flat_jump_v1_r3/P1_gate_attempt_2.json
[2026-10-05T01:47:28+0800] P1 验收未通过，report.passed=false
[2026-10-05T01:47:28+0800] P1 连续 Gate 批次结果=[False, False, False]
[2026-10-05T01:47:28+0800] P1 启动：/usr/bin/python3 -m rl.train --phase P1 --total-steps 260000 --device cuda --ckptdir /run/media/pma213x/0C6A8CC86A8CAFCE/Ubuntu2/CodeU/Dog1/official-mini-cheetah/checkpoints/official_mini_cheetah_flat_jump_v1_r3 --ckpt-prefix official_mini_cheetah_flat_jump_v1_r3 --logdir /run/media/pma213x/0C6A8CC86A8CAFCE/Ubuntu2/CodeU/Dog1/official-mini-cheetah/runs/official_mini_cheetah_flat_jump_v1_r3/P1_parallel --bridge-port 11452 --num-envs 4 --checkpoint-interval 20000 --randomization-mode fixed --seed 20261003 --resume /run/media/pma213x/0C6A8CC86A8CAFCE/Ubuntu2/CodeU/Dog1/official-mini-cheetah/checkpoints/official_mini_cheetah_flat_jump_v1_r3/official_mini_cheetah_flat_jump_v1_r3_final.zip
[2026-10-05T01:47:35+0800] P1 四 worker 实时健康确认通过
[2026-10-05T01:47:57+0800] P1 验收命令：/usr/bin/python3 -m rl.evaluate --phase P1 --gate --checkpoint /run/media/pma213x/0C6A8CC86A8CAFCE/Ubuntu2/CodeU/Dog1/official-mini-cheetah/checkpoints/official_mini_cheetah_flat_jump_v1_r3/official_mini_cheetah_flat_jump_v1_r3_final.zip --output /run/media/pma213x/0C6A8CC86A8CAFCE/Ubuntu2/CodeU/Dog1/official-mini-cheetah/logs/official_mini_cheetah_flat_jump_v1_r3/P1_gate_attempt_0.json
[2026-10-05T01:48:21+0800] P1 验收未通过，report.passed=false
[2026-10-05T01:48:21+0800] P1 验收命令：/usr/bin/python3 -m rl.evaluate --phase P1 --gate --checkpoint /run/media/pma213x/0C6A8CC86A8CAFCE/Ubuntu2/CodeU/Dog1/official-mini-cheetah/checkpoints/official_mini_cheetah_flat_jump_v1_r3/official_mini_cheetah_flat_jump_v1_r3_final.zip --output /run/media/pma213x/0C6A8CC86A8CAFCE/Ubuntu2/CodeU/Dog1/official-mini-cheetah/logs/official_mini_cheetah_flat_jump_v1_r3/P1_gate_attempt_1.json
[2026-10-05T01:48:44+0800] P1 验收未通过，report.passed=false
[2026-10-05T01:48:44+0800] P1 验收命令：/usr/bin/python3 -m rl.evaluate --phase P1 --gate --checkpoint /run/media/pma213x/0C6A8CC86A8CAFCE/Ubuntu2/CodeU/Dog1/official-mini-cheetah/checkpoints/official_mini_cheetah_flat_jump_v1_r3/official_mini_cheetah_flat_jump_v1_r3_final.zip --output /run/media/pma213x/0C6A8CC86A8CAFCE/Ubuntu2/CodeU/Dog1/official-mini-cheetah/logs/official_mini_cheetah_flat_jump_v1_r3/P1_gate_attempt_2.json
[2026-10-05T01:49:07+0800] P1 验收未通过，report.passed=false
[2026-10-05T01:49:07+0800] P1 连续 Gate 批次结果=[False, False, False]
[2026-10-05T01:49:07+0800] P1 启动：/usr/bin/python3 -m rl.train --phase P1 --total-steps 270000 --device cuda --ckptdir /run/media/pma213x/0C6A8CC86A8CAFCE/Ubuntu2/CodeU/Dog1/official-mini-cheetah/checkpoints/official_mini_cheetah_flat_jump_v1_r3 --ckpt-prefix official_mini_cheetah_flat_jump_v1_r3 --logdir /run/media/pma213x/0C6A8CC86A8CAFCE/Ubuntu2/CodeU/Dog1/official-mini-cheetah/runs/official_mini_cheetah_flat_jump_v1_r3/P1_parallel --bridge-port 11452 --num-envs 4 --checkpoint-interval 20000 --randomization-mode fixed --seed 20261003 --resume /run/media/pma213x/0C6A8CC86A8CAFCE/Ubuntu2/CodeU/Dog1/official-mini-cheetah/checkpoints/official_mini_cheetah_flat_jump_v1_r3/official_mini_cheetah_flat_jump_v1_r3_final.zip
[2026-10-05T01:49:13+0800] P1 四 worker 实时健康确认通过
[2026-10-05T01:49:27+0800] P1 验收命令：/usr/bin/python3 -m rl.evaluate --phase P1 --gate --checkpoint /run/media/pma213x/0C6A8CC86A8CAFCE/Ubuntu2/CodeU/Dog1/official-mini-cheetah/checkpoints/official_mini_cheetah_flat_jump_v1_r3/official_mini_cheetah_flat_jump_v1_r3_final.zip --output /run/media/pma213x/0C6A8CC86A8CAFCE/Ubuntu2/CodeU/Dog1/official-mini-cheetah/logs/official_mini_cheetah_flat_jump_v1_r3/P1_gate_attempt_0.json
[2026-10-05T01:49:50+0800] P1 验收未通过，report.passed=false
[2026-10-05T01:49:50+0800] P1 验收命令：/usr/bin/python3 -m rl.evaluate --phase P1 --gate --checkpoint /run/media/pma213x/0C6A8CC86A8CAFCE/Ubuntu2/CodeU/Dog1/official-mini-cheetah/checkpoints/official_mini_cheetah_flat_jump_v1_r3/official_mini_cheetah_flat_jump_v1_r3_final.zip --output /run/media/pma213x/0C6A8CC86A8CAFCE/Ubuntu2/CodeU/Dog1/official-mini-cheetah/logs/official_mini_cheetah_flat_jump_v1_r3/P1_gate_attempt_1.json
[2026-10-05T01:50:14+0800] P1 验收未通过，report.passed=false
[2026-10-05T01:50:14+0800] P1 验收命令：/usr/bin/python3 -m rl.evaluate --phase P1 --gate --checkpoint /run/media/pma213x/0C6A8CC86A8CAFCE/Ubuntu2/CodeU/Dog1/official-mini-cheetah/checkpoints/official_mini_cheetah_flat_jump_v1_r3/official_mini_cheetah_flat_jump_v1_r3_final.zip --output /run/media/pma213x/0C6A8CC86A8CAFCE/Ubuntu2/CodeU/Dog1/official-mini-cheetah/logs/official_mini_cheetah_flat_jump_v1_r3/P1_gate_attempt_2.json
[2026-10-05T01:50:37+0800] P1 验收未通过，report.passed=false
[2026-10-05T01:50:37+0800] P1 连续 Gate 批次结果=[False, False, False]
[2026-10-05T01:50:37+0800] P1 启动：/usr/bin/python3 -m rl.train --phase P1 --total-steps 280000 --device cuda --ckptdir /run/media/pma213x/0C6A8CC86A8CAFCE/Ubuntu2/CodeU/Dog1/official-mini-cheetah/checkpoints/official_mini_cheetah_flat_jump_v1_r3 --ckpt-prefix official_mini_cheetah_flat_jump_v1_r3 --logdir /run/media/pma213x/0C6A8CC86A8CAFCE/Ubuntu2/CodeU/Dog1/official-mini-cheetah/runs/official_mini_cheetah_flat_jump_v1_r3/P1_parallel --bridge-port 11452 --num-envs 4 --checkpoint-interval 20000 --randomization-mode fixed --seed 20261003 --resume /run/media/pma213x/0C6A8CC86A8CAFCE/Ubuntu2/CodeU/Dog1/official-mini-cheetah/checkpoints/official_mini_cheetah_flat_jump_v1_r3/official_mini_cheetah_flat_jump_v1_r3_final.zip
[2026-10-05T01:50:44+0800] P1 四 worker 实时健康确认通过
[2026-10-05T01:50:56+0800] P1 验收命令：/usr/bin/python3 -m rl.evaluate --phase P1 --gate --checkpoint /run/media/pma213x/0C6A8CC86A8CAFCE/Ubuntu2/CodeU/Dog1/official-mini-cheetah/checkpoints/official_mini_cheetah_flat_jump_v1_r3/official_mini_cheetah_flat_jump_v1_r3_final.zip --output /run/media/pma213x/0C6A8CC86A8CAFCE/Ubuntu2/CodeU/Dog1/official-mini-cheetah/logs/official_mini_cheetah_flat_jump_v1_r3/P1_gate_attempt_0.json
[2026-10-05T01:51:19+0800] P1 验收未通过，report.passed=false
[2026-10-05T01:51:19+0800] P1 验收命令：/usr/bin/python3 -m rl.evaluate --phase P1 --gate --checkpoint /run/media/pma213x/0C6A8CC86A8CAFCE/Ubuntu2/CodeU/Dog1/official-mini-cheetah/checkpoints/official_mini_cheetah_flat_jump_v1_r3/official_mini_cheetah_flat_jump_v1_r3_final.zip --output /run/media/pma213x/0C6A8CC86A8CAFCE/Ubuntu2/CodeU/Dog1/official-mini-cheetah/logs/official_mini_cheetah_flat_jump_v1_r3/P1_gate_attempt_1.json
[2026-10-05T01:51:42+0800] P1 验收未通过，report.passed=false
[2026-10-05T01:51:42+0800] P1 验收命令：/usr/bin/python3 -m rl.evaluate --phase P1 --gate --checkpoint /run/media/pma213x/0C6A8CC86A8CAFCE/Ubuntu2/CodeU/Dog1/official-mini-cheetah/checkpoints/official_mini_cheetah_flat_jump_v1_r3/official_mini_cheetah_flat_jump_v1_r3_final.zip --output /run/media/pma213x/0C6A8CC86A8CAFCE/Ubuntu2/CodeU/Dog1/official-mini-cheetah/logs/official_mini_cheetah_flat_jump_v1_r3/P1_gate_attempt_2.json
[2026-10-05T01:52:05+0800] P1 验收未通过，report.passed=false
[2026-10-05T01:52:05+0800] P1 连续 Gate 批次结果=[False, False, False]
[2026-10-05T01:52:05+0800] P1 启动：/usr/bin/python3 -m rl.train --phase P1 --total-steps 290000 --device cuda --ckptdir /run/media/pma213x/0C6A8CC86A8CAFCE/Ubuntu2/CodeU/Dog1/official-mini-cheetah/checkpoints/official_mini_cheetah_flat_jump_v1_r3 --ckpt-prefix official_mini_cheetah_flat_jump_v1_r3 --logdir /run/media/pma213x/0C6A8CC86A8CAFCE/Ubuntu2/CodeU/Dog1/official-mini-cheetah/runs/official_mini_cheetah_flat_jump_v1_r3/P1_parallel --bridge-port 11452 --num-envs 4 --checkpoint-interval 20000 --randomization-mode fixed --seed 20261003 --resume /run/media/pma213x/0C6A8CC86A8CAFCE/Ubuntu2/CodeU/Dog1/official-mini-cheetah/checkpoints/official_mini_cheetah_flat_jump_v1_r3/official_mini_cheetah_flat_jump_v1_r3_final.zip
[2026-10-05T01:52:11+0800] P1 四 worker 实时健康确认通过
[2026-10-05T01:52:24+0800] P1 验收命令：/usr/bin/python3 -m rl.evaluate --phase P1 --gate --checkpoint /run/media/pma213x/0C6A8CC86A8CAFCE/Ubuntu2/CodeU/Dog1/official-mini-cheetah/checkpoints/official_mini_cheetah_flat_jump_v1_r3/official_mini_cheetah_flat_jump_v1_r3_final.zip --output /run/media/pma213x/0C6A8CC86A8CAFCE/Ubuntu2/CodeU/Dog1/official-mini-cheetah/logs/official_mini_cheetah_flat_jump_v1_r3/P1_gate_attempt_0.json
[2026-10-05T01:52:48+0800] P1 验收未通过，report.passed=false
[2026-10-05T01:52:49+0800] P1 验收命令：/usr/bin/python3 -m rl.evaluate --phase P1 --gate --checkpoint /run/media/pma213x/0C6A8CC86A8CAFCE/Ubuntu2/CodeU/Dog1/official-mini-cheetah/checkpoints/official_mini_cheetah_flat_jump_v1_r3/official_mini_cheetah_flat_jump_v1_r3_final.zip --output /run/media/pma213x/0C6A8CC86A8CAFCE/Ubuntu2/CodeU/Dog1/official-mini-cheetah/logs/official_mini_cheetah_flat_jump_v1_r3/P1_gate_attempt_1.json
[2026-10-05T01:53:12+0800] P1 验收未通过，report.passed=false
[2026-10-05T01:53:12+0800] P1 验收命令：/usr/bin/python3 -m rl.evaluate --phase P1 --gate --checkpoint /run/media/pma213x/0C6A8CC86A8CAFCE/Ubuntu2/CodeU/Dog1/official-mini-cheetah/checkpoints/official_mini_cheetah_flat_jump_v1_r3/official_mini_cheetah_flat_jump_v1_r3_final.zip --output /run/media/pma213x/0C6A8CC86A8CAFCE/Ubuntu2/CodeU/Dog1/official-mini-cheetah/logs/official_mini_cheetah_flat_jump_v1_r3/P1_gate_attempt_2.json
[2026-10-05T01:53:36+0800] P1 验收未通过，report.passed=false
[2026-10-05T01:53:36+0800] P1 连续 Gate 批次结果=[False, False, False]
[2026-10-05T01:53:36+0800] P1 启动：/usr/bin/python3 -m rl.train --phase P1 --total-steps 300000 --device cuda --ckptdir /run/media/pma213x/0C6A8CC86A8CAFCE/Ubuntu2/CodeU/Dog1/official-mini-cheetah/checkpoints/official_mini_cheetah_flat_jump_v1_r3 --ckpt-prefix official_mini_cheetah_flat_jump_v1_r3 --logdir /run/media/pma213x/0C6A8CC86A8CAFCE/Ubuntu2/CodeU/Dog1/official-mini-cheetah/runs/official_mini_cheetah_flat_jump_v1_r3/P1_parallel --bridge-port 11452 --num-envs 4 --checkpoint-interval 20000 --randomization-mode fixed --seed 20261003 --resume /run/media/pma213x/0C6A8CC86A8CAFCE/Ubuntu2/CodeU/Dog1/official-mini-cheetah/checkpoints/official_mini_cheetah_flat_jump_v1_r3/official_mini_cheetah_flat_jump_v1_r3_final.zip
[2026-10-05T01:53:43+0800] P1 四 worker 实时健康确认通过
[2026-10-05T01:53:56+0800] P1 验收命令：/usr/bin/python3 -m rl.evaluate --phase P1 --gate --checkpoint /run/media/pma213x/0C6A8CC86A8CAFCE/Ubuntu2/CodeU/Dog1/official-mini-cheetah/checkpoints/official_mini_cheetah_flat_jump_v1_r3/official_mini_cheetah_flat_jump_v1_r3_final.zip --output /run/media/pma213x/0C6A8CC86A8CAFCE/Ubuntu2/CodeU/Dog1/official-mini-cheetah/logs/official_mini_cheetah_flat_jump_v1_r3/P1_gate_attempt_0.json
[2026-10-05T01:54:19+0800] P1 验收未通过，report.passed=false
[2026-10-05T01:54:19+0800] P1 验收命令：/usr/bin/python3 -m rl.evaluate --phase P1 --gate --checkpoint /run/media/pma213x/0C6A8CC86A8CAFCE/Ubuntu2/CodeU/Dog1/official-mini-cheetah/checkpoints/official_mini_cheetah_flat_jump_v1_r3/official_mini_cheetah_flat_jump_v1_r3_final.zip --output /run/media/pma213x/0C6A8CC86A8CAFCE/Ubuntu2/CodeU/Dog1/official-mini-cheetah/logs/official_mini_cheetah_flat_jump_v1_r3/P1_gate_attempt_1.json
[2026-10-05T01:54:42+0800] P1 验收未通过，report.passed=false
[2026-10-05T01:54:42+0800] P1 验收命令：/usr/bin/python3 -m rl.evaluate --phase P1 --gate --checkpoint /run/media/pma213x/0C6A8CC86A8CAFCE/Ubuntu2/CodeU/Dog1/official-mini-cheetah/checkpoints/official_mini_cheetah_flat_jump_v1_r3/official_mini_cheetah_flat_jump_v1_r3_final.zip --output /run/media/pma213x/0C6A8CC86A8CAFCE/Ubuntu2/CodeU/Dog1/official-mini-cheetah/logs/official_mini_cheetah_flat_jump_v1_r3/P1_gate_attempt_2.json
[2026-10-05T01:55:05+0800] P1 验收未通过，report.passed=false
[2026-10-05T01:55:05+0800] P1 连续 Gate 批次结果=[False, False, False]
[2026-10-05T01:55:05+0800] P1 启动：/usr/bin/python3 -m rl.train --phase P1 --total-steps 310000 --device cuda --ckptdir /run/media/pma213x/0C6A8CC86A8CAFCE/Ubuntu2/CodeU/Dog1/official-mini-cheetah/checkpoints/official_mini_cheetah_flat_jump_v1_r3 --ckpt-prefix official_mini_cheetah_flat_jump_v1_r3 --logdir /run/media/pma213x/0C6A8CC86A8CAFCE/Ubuntu2/CodeU/Dog1/official-mini-cheetah/runs/official_mini_cheetah_flat_jump_v1_r3/P1_parallel --bridge-port 11452 --num-envs 4 --checkpoint-interval 20000 --randomization-mode fixed --seed 20261003 --resume /run/media/pma213x/0C6A8CC86A8CAFCE/Ubuntu2/CodeU/Dog1/official-mini-cheetah/checkpoints/official_mini_cheetah_flat_jump_v1_r3/official_mini_cheetah_flat_jump_v1_r3_final.zip
[2026-10-05T01:55:12+0800] P1 四 worker 实时健康确认通过
[2026-10-05T01:55:25+0800] P1 验收命令：/usr/bin/python3 -m rl.evaluate --phase P1 --gate --checkpoint /run/media/pma213x/0C6A8CC86A8CAFCE/Ubuntu2/CodeU/Dog1/official-mini-cheetah/checkpoints/official_mini_cheetah_flat_jump_v1_r3/official_mini_cheetah_flat_jump_v1_r3_final.zip --output /run/media/pma213x/0C6A8CC86A8CAFCE/Ubuntu2/CodeU/Dog1/official-mini-cheetah/logs/official_mini_cheetah_flat_jump_v1_r3/P1_gate_attempt_0.json
[2026-10-05T01:55:50+0800] P1 验收未通过，report.passed=false
[2026-10-05T01:55:50+0800] P1 验收命令：/usr/bin/python3 -m rl.evaluate --phase P1 --gate --checkpoint /run/media/pma213x/0C6A8CC86A8CAFCE/Ubuntu2/CodeU/Dog1/official-mini-cheetah/checkpoints/official_mini_cheetah_flat_jump_v1_r3/official_mini_cheetah_flat_jump_v1_r3_final.zip --output /run/media/pma213x/0C6A8CC86A8CAFCE/Ubuntu2/CodeU/Dog1/official-mini-cheetah/logs/official_mini_cheetah_flat_jump_v1_r3/P1_gate_attempt_1.json
[2026-10-05T01:56:13+0800] P1 验收未通过，report.passed=false
[2026-10-05T01:56:13+0800] P1 验收命令：/usr/bin/python3 -m rl.evaluate --phase P1 --gate --checkpoint /run/media/pma213x/0C6A8CC86A8CAFCE/Ubuntu2/CodeU/Dog1/official-mini-cheetah/checkpoints/official_mini_cheetah_flat_jump_v1_r3/official_mini_cheetah_flat_jump_v1_r3_final.zip --output /run/media/pma213x/0C6A8CC86A8CAFCE/Ubuntu2/CodeU/Dog1/official-mini-cheetah/logs/official_mini_cheetah_flat_jump_v1_r3/P1_gate_attempt_2.json
[2026-10-05T01:56:37+0800] P1 验收未通过，report.passed=false
[2026-10-05T01:56:37+0800] P1 连续 Gate 批次结果=[False, False, False]
[2026-10-05T01:56:37+0800] P1 启动：/usr/bin/python3 -m rl.train --phase P1 --total-steps 320000 --device cuda --ckptdir /run/media/pma213x/0C6A8CC86A8CAFCE/Ubuntu2/CodeU/Dog1/official-mini-cheetah/checkpoints/official_mini_cheetah_flat_jump_v1_r3 --ckpt-prefix official_mini_cheetah_flat_jump_v1_r3 --logdir /run/media/pma213x/0C6A8CC86A8CAFCE/Ubuntu2/CodeU/Dog1/official-mini-cheetah/runs/official_mini_cheetah_flat_jump_v1_r3/P1_parallel --bridge-port 11452 --num-envs 4 --checkpoint-interval 20000 --randomization-mode fixed --seed 20261003 --resume /run/media/pma213x/0C6A8CC86A8CAFCE/Ubuntu2/CodeU/Dog1/official-mini-cheetah/checkpoints/official_mini_cheetah_flat_jump_v1_r3/official_mini_cheetah_flat_jump_v1_r3_final.zip
[2026-10-05T01:56:43+0800] P1 四 worker 实时健康确认通过
[2026-10-05T01:56:56+0800] P1 验收命令：/usr/bin/python3 -m rl.evaluate --phase P1 --gate --checkpoint /run/media/pma213x/0C6A8CC86A8CAFCE/Ubuntu2/CodeU/Dog1/official-mini-cheetah/checkpoints/official_mini_cheetah_flat_jump_v1_r3/official_mini_cheetah_flat_jump_v1_r3_final.zip --output /run/media/pma213x/0C6A8CC86A8CAFCE/Ubuntu2/CodeU/Dog1/official-mini-cheetah/logs/official_mini_cheetah_flat_jump_v1_r3/P1_gate_attempt_0.json
[2026-10-05T01:57:21+0800] P1 验收未通过，report.passed=false
[2026-10-05T01:57:21+0800] P1 验收命令：/usr/bin/python3 -m rl.evaluate --phase P1 --gate --checkpoint /run/media/pma213x/0C6A8CC86A8CAFCE/Ubuntu2/CodeU/Dog1/official-mini-cheetah/checkpoints/official_mini_cheetah_flat_jump_v1_r3/official_mini_cheetah_flat_jump_v1_r3_final.zip --output /run/media/pma213x/0C6A8CC86A8CAFCE/Ubuntu2/CodeU/Dog1/official-mini-cheetah/logs/official_mini_cheetah_flat_jump_v1_r3/P1_gate_attempt_1.json
[2026-10-05T01:57:44+0800] P1 验收未通过，report.passed=false
[2026-10-05T01:57:44+0800] P1 验收命令：/usr/bin/python3 -m rl.evaluate --phase P1 --gate --checkpoint /run/media/pma213x/0C6A8CC86A8CAFCE/Ubuntu2/CodeU/Dog1/official-mini-cheetah/checkpoints/official_mini_cheetah_flat_jump_v1_r3/official_mini_cheetah_flat_jump_v1_r3_final.zip --output /run/media/pma213x/0C6A8CC86A8CAFCE/Ubuntu2/CodeU/Dog1/official-mini-cheetah/logs/official_mini_cheetah_flat_jump_v1_r3/P1_gate_attempt_2.json
[2026-10-05T01:58:07+0800] P1 验收未通过，report.passed=false
[2026-10-05T01:58:07+0800] P1 连续 Gate 批次结果=[False, False, False]
[2026-10-05T01:58:07+0800] P1 启动：/usr/bin/python3 -m rl.train --phase P1 --total-steps 330000 --device cuda --ckptdir /run/media/pma213x/0C6A8CC86A8CAFCE/Ubuntu2/CodeU/Dog1/official-mini-cheetah/checkpoints/official_mini_cheetah_flat_jump_v1_r3 --ckpt-prefix official_mini_cheetah_flat_jump_v1_r3 --logdir /run/media/pma213x/0C6A8CC86A8CAFCE/Ubuntu2/CodeU/Dog1/official-mini-cheetah/runs/official_mini_cheetah_flat_jump_v1_r3/P1_parallel --bridge-port 11452 --num-envs 4 --checkpoint-interval 20000 --randomization-mode fixed --seed 20261003 --resume /run/media/pma213x/0C6A8CC86A8CAFCE/Ubuntu2/CodeU/Dog1/official-mini-cheetah/checkpoints/official_mini_cheetah_flat_jump_v1_r3/official_mini_cheetah_flat_jump_v1_r3_final.zip
[2026-10-05T01:58:14+0800] P1 四 worker 实时健康确认通过
[2026-10-05T01:58:27+0800] P1 验收命令：/usr/bin/python3 -m rl.evaluate --phase P1 --gate --checkpoint /run/media/pma213x/0C6A8CC86A8CAFCE/Ubuntu2/CodeU/Dog1/official-mini-cheetah/checkpoints/official_mini_cheetah_flat_jump_v1_r3/official_mini_cheetah_flat_jump_v1_r3_final.zip --output /run/media/pma213x/0C6A8CC86A8CAFCE/Ubuntu2/CodeU/Dog1/official-mini-cheetah/logs/official_mini_cheetah_flat_jump_v1_r3/P1_gate_attempt_0.json
[2026-10-05T01:58:51+0800] P1 验收未通过，report.passed=false
[2026-10-05T01:58:51+0800] P1 验收命令：/usr/bin/python3 -m rl.evaluate --phase P1 --gate --checkpoint /run/media/pma213x/0C6A8CC86A8CAFCE/Ubuntu2/CodeU/Dog1/official-mini-cheetah/checkpoints/official_mini_cheetah_flat_jump_v1_r3/official_mini_cheetah_flat_jump_v1_r3_final.zip --output /run/media/pma213x/0C6A8CC86A8CAFCE/Ubuntu2/CodeU/Dog1/official-mini-cheetah/logs/official_mini_cheetah_flat_jump_v1_r3/P1_gate_attempt_1.json
[2026-10-05T01:59:15+0800] P1 验收未通过，report.passed=false
[2026-10-05T01:59:15+0800] P1 验收命令：/usr/bin/python3 -m rl.evaluate --phase P1 --gate --checkpoint /run/media/pma213x/0C6A8CC86A8CAFCE/Ubuntu2/CodeU/Dog1/official-mini-cheetah/checkpoints/official_mini_cheetah_flat_jump_v1_r3/official_mini_cheetah_flat_jump_v1_r3_final.zip --output /run/media/pma213x/0C6A8CC86A8CAFCE/Ubuntu2/CodeU/Dog1/official-mini-cheetah/logs/official_mini_cheetah_flat_jump_v1_r3/P1_gate_attempt_2.json
[2026-10-05T01:59:38+0800] P1 验收未通过，report.passed=false
[2026-10-05T01:59:38+0800] P1 连续 Gate 批次结果=[False, False, False]
[2026-10-05T01:59:38+0800] P1 启动：/usr/bin/python3 -m rl.train --phase P1 --total-steps 340000 --device cuda --ckptdir /run/media/pma213x/0C6A8CC86A8CAFCE/Ubuntu2/CodeU/Dog1/official-mini-cheetah/checkpoints/official_mini_cheetah_flat_jump_v1_r3 --ckpt-prefix official_mini_cheetah_flat_jump_v1_r3 --logdir /run/media/pma213x/0C6A8CC86A8CAFCE/Ubuntu2/CodeU/Dog1/official-mini-cheetah/runs/official_mini_cheetah_flat_jump_v1_r3/P1_parallel --bridge-port 11452 --num-envs 4 --checkpoint-interval 20000 --randomization-mode fixed --seed 20261003 --resume /run/media/pma213x/0C6A8CC86A8CAFCE/Ubuntu2/CodeU/Dog1/official-mini-cheetah/checkpoints/official_mini_cheetah_flat_jump_v1_r3/official_mini_cheetah_flat_jump_v1_r3_final.zip
[2026-10-05T01:59:45+0800] P1 四 worker 实时健康确认通过
[2026-10-05T01:59:58+0800] P1 验收命令：/usr/bin/python3 -m rl.evaluate --phase P1 --gate --checkpoint /run/media/pma213x/0C6A8CC86A8CAFCE/Ubuntu2/CodeU/Dog1/official-mini-cheetah/checkpoints/official_mini_cheetah_flat_jump_v1_r3/official_mini_cheetah_flat_jump_v1_r3_final.zip --output /run/media/pma213x/0C6A8CC86A8CAFCE/Ubuntu2/CodeU/Dog1/official-mini-cheetah/logs/official_mini_cheetah_flat_jump_v1_r3/P1_gate_attempt_0.json
[2026-10-05T02:00:21+0800] P1 验收未通过，report.passed=false
[2026-10-05T02:00:21+0800] P1 验收命令：/usr/bin/python3 -m rl.evaluate --phase P1 --gate --checkpoint /run/media/pma213x/0C6A8CC86A8CAFCE/Ubuntu2/CodeU/Dog1/official-mini-cheetah/checkpoints/official_mini_cheetah_flat_jump_v1_r3/official_mini_cheetah_flat_jump_v1_r3_final.zip --output /run/media/pma213x/0C6A8CC86A8CAFCE/Ubuntu2/CodeU/Dog1/official-mini-cheetah/logs/official_mini_cheetah_flat_jump_v1_r3/P1_gate_attempt_1.json
[2026-10-05T02:00:45+0800] P1 验收未通过，report.passed=false
[2026-10-05T02:00:45+0800] P1 验收命令：/usr/bin/python3 -m rl.evaluate --phase P1 --gate --checkpoint /run/media/pma213x/0C6A8CC86A8CAFCE/Ubuntu2/CodeU/Dog1/official-mini-cheetah/checkpoints/official_mini_cheetah_flat_jump_v1_r3/official_mini_cheetah_flat_jump_v1_r3_final.zip --output /run/media/pma213x/0C6A8CC86A8CAFCE/Ubuntu2/CodeU/Dog1/official-mini-cheetah/logs/official_mini_cheetah_flat_jump_v1_r3/P1_gate_attempt_2.json
[2026-10-05T02:01:09+0800] P1 验收未通过，report.passed=false
[2026-10-05T02:01:09+0800] P1 连续 Gate 批次结果=[False, False, False]
[2026-10-05T02:01:09+0800] P1 启动：/usr/bin/python3 -m rl.train --phase P1 --total-steps 350000 --device cuda --ckptdir /run/media/pma213x/0C6A8CC86A8CAFCE/Ubuntu2/CodeU/Dog1/official-mini-cheetah/checkpoints/official_mini_cheetah_flat_jump_v1_r3 --ckpt-prefix official_mini_cheetah_flat_jump_v1_r3 --logdir /run/media/pma213x/0C6A8CC86A8CAFCE/Ubuntu2/CodeU/Dog1/official-mini-cheetah/runs/official_mini_cheetah_flat_jump_v1_r3/P1_parallel --bridge-port 11452 --num-envs 4 --checkpoint-interval 20000 --randomization-mode fixed --seed 20261003 --resume /run/media/pma213x/0C6A8CC86A8CAFCE/Ubuntu2/CodeU/Dog1/official-mini-cheetah/checkpoints/official_mini_cheetah_flat_jump_v1_r3/official_mini_cheetah_flat_jump_v1_r3_final.zip
[2026-10-05T02:01:15+0800] P1 四 worker 实时健康确认通过
[2026-10-05T02:01:28+0800] P1 验收命令：/usr/bin/python3 -m rl.evaluate --phase P1 --gate --checkpoint /run/media/pma213x/0C6A8CC86A8CAFCE/Ubuntu2/CodeU/Dog1/official-mini-cheetah/checkpoints/official_mini_cheetah_flat_jump_v1_r3/official_mini_cheetah_flat_jump_v1_r3_final.zip --output /run/media/pma213x/0C6A8CC86A8CAFCE/Ubuntu2/CodeU/Dog1/official-mini-cheetah/logs/official_mini_cheetah_flat_jump_v1_r3/P1_gate_attempt_0.json
[2026-10-05T02:01:50+0800] P1 验收未通过，report.passed=false
[2026-10-05T02:01:50+0800] P1 验收命令：/usr/bin/python3 -m rl.evaluate --phase P1 --gate --checkpoint /run/media/pma213x/0C6A8CC86A8CAFCE/Ubuntu2/CodeU/Dog1/official-mini-cheetah/checkpoints/official_mini_cheetah_flat_jump_v1_r3/official_mini_cheetah_flat_jump_v1_r3_final.zip --output /run/media/pma213x/0C6A8CC86A8CAFCE/Ubuntu2/CodeU/Dog1/official-mini-cheetah/logs/official_mini_cheetah_flat_jump_v1_r3/P1_gate_attempt_1.json
[2026-10-05T02:02:13+0800] P1 验收未通过，report.passed=false
[2026-10-05T02:02:13+0800] P1 验收命令：/usr/bin/python3 -m rl.evaluate --phase P1 --gate --checkpoint /run/media/pma213x/0C6A8CC86A8CAFCE/Ubuntu2/CodeU/Dog1/official-mini-cheetah/checkpoints/official_mini_cheetah_flat_jump_v1_r3/official_mini_cheetah_flat_jump_v1_r3_final.zip --output /run/media/pma213x/0C6A8CC86A8CAFCE/Ubuntu2/CodeU/Dog1/official-mini-cheetah/logs/official_mini_cheetah_flat_jump_v1_r3/P1_gate_attempt_2.json
[2026-10-05T02:02:37+0800] P1 验收未通过，report.passed=false
[2026-10-05T02:02:37+0800] P1 连续 Gate 批次结果=[False, False, False]
[2026-10-05T02:02:37+0800] P1 启动：/usr/bin/python3 -m rl.train --phase P1 --total-steps 360000 --device cuda --ckptdir /run/media/pma213x/0C6A8CC86A8CAFCE/Ubuntu2/CodeU/Dog1/official-mini-cheetah/checkpoints/official_mini_cheetah_flat_jump_v1_r3 --ckpt-prefix official_mini_cheetah_flat_jump_v1_r3 --logdir /run/media/pma213x/0C6A8CC86A8CAFCE/Ubuntu2/CodeU/Dog1/official-mini-cheetah/runs/official_mini_cheetah_flat_jump_v1_r3/P1_parallel --bridge-port 11452 --num-envs 4 --checkpoint-interval 20000 --randomization-mode fixed --seed 20261003 --resume /run/media/pma213x/0C6A8CC86A8CAFCE/Ubuntu2/CodeU/Dog1/official-mini-cheetah/checkpoints/official_mini_cheetah_flat_jump_v1_r3/official_mini_cheetah_flat_jump_v1_r3_final.zip
[2026-10-05T02:02:43+0800] P1 四 worker 实时健康确认通过
[2026-10-05T02:02:56+0800] P1 验收命令：/usr/bin/python3 -m rl.evaluate --phase P1 --gate --checkpoint /run/media/pma213x/0C6A8CC86A8CAFCE/Ubuntu2/CodeU/Dog1/official-mini-cheetah/checkpoints/official_mini_cheetah_flat_jump_v1_r3/official_mini_cheetah_flat_jump_v1_r3_final.zip --output /run/media/pma213x/0C6A8CC86A8CAFCE/Ubuntu2/CodeU/Dog1/official-mini-cheetah/logs/official_mini_cheetah_flat_jump_v1_r3/P1_gate_attempt_0.json
[2026-10-05T02:03:20+0800] P1 验收未通过，report.passed=false
[2026-10-05T02:03:20+0800] P1 验收命令：/usr/bin/python3 -m rl.evaluate --phase P1 --gate --checkpoint /run/media/pma213x/0C6A8CC86A8CAFCE/Ubuntu2/CodeU/Dog1/official-mini-cheetah/checkpoints/official_mini_cheetah_flat_jump_v1_r3/official_mini_cheetah_flat_jump_v1_r3_final.zip --output /run/media/pma213x/0C6A8CC86A8CAFCE/Ubuntu2/CodeU/Dog1/official-mini-cheetah/logs/official_mini_cheetah_flat_jump_v1_r3/P1_gate_attempt_1.json
[2026-10-05T02:03:43+0800] P1 验收未通过，report.passed=false
[2026-10-05T02:03:43+0800] P1 验收命令：/usr/bin/python3 -m rl.evaluate --phase P1 --gate --checkpoint /run/media/pma213x/0C6A8CC86A8CAFCE/Ubuntu2/CodeU/Dog1/official-mini-cheetah/checkpoints/official_mini_cheetah_flat_jump_v1_r3/official_mini_cheetah_flat_jump_v1_r3_final.zip --output /run/media/pma213x/0C6A8CC86A8CAFCE/Ubuntu2/CodeU/Dog1/official-mini-cheetah/logs/official_mini_cheetah_flat_jump_v1_r3/P1_gate_attempt_2.json
[2026-10-05T02:04:06+0800] P1 验收未通过，report.passed=false
[2026-10-05T02:04:06+0800] P1 连续 Gate 批次结果=[False, False, False]
[2026-10-05T02:04:06+0800] P1 启动：/usr/bin/python3 -m rl.train --phase P1 --total-steps 370000 --device cuda --ckptdir /run/media/pma213x/0C6A8CC86A8CAFCE/Ubuntu2/CodeU/Dog1/official-mini-cheetah/checkpoints/official_mini_cheetah_flat_jump_v1_r3 --ckpt-prefix official_mini_cheetah_flat_jump_v1_r3 --logdir /run/media/pma213x/0C6A8CC86A8CAFCE/Ubuntu2/CodeU/Dog1/official-mini-cheetah/runs/official_mini_cheetah_flat_jump_v1_r3/P1_parallel --bridge-port 11452 --num-envs 4 --checkpoint-interval 20000 --randomization-mode fixed --seed 20261003 --resume /run/media/pma213x/0C6A8CC86A8CAFCE/Ubuntu2/CodeU/Dog1/official-mini-cheetah/checkpoints/official_mini_cheetah_flat_jump_v1_r3/official_mini_cheetah_flat_jump_v1_r3_final.zip
[2026-10-05T02:04:10+0800] P1 四 worker 实时健康确认通过
[2026-10-05T02:04:24+0800] P1 验收命令：/usr/bin/python3 -m rl.evaluate --phase P1 --gate --checkpoint /run/media/pma213x/0C6A8CC86A8CAFCE/Ubuntu2/CodeU/Dog1/official-mini-cheetah/checkpoints/official_mini_cheetah_flat_jump_v1_r3/official_mini_cheetah_flat_jump_v1_r3_final.zip --output /run/media/pma213x/0C6A8CC86A8CAFCE/Ubuntu2/CodeU/Dog1/official-mini-cheetah/logs/official_mini_cheetah_flat_jump_v1_r3/P1_gate_attempt_0.json
[2026-10-05T02:04:47+0800] P1 验收未通过，report.passed=false
[2026-10-05T02:04:47+0800] P1 验收命令：/usr/bin/python3 -m rl.evaluate --phase P1 --gate --checkpoint /run/media/pma213x/0C6A8CC86A8CAFCE/Ubuntu2/CodeU/Dog1/official-mini-cheetah/checkpoints/official_mini_cheetah_flat_jump_v1_r3/official_mini_cheetah_flat_jump_v1_r3_final.zip --output /run/media/pma213x/0C6A8CC86A8CAFCE/Ubuntu2/CodeU/Dog1/official-mini-cheetah/logs/official_mini_cheetah_flat_jump_v1_r3/P1_gate_attempt_1.json
[2026-10-05T02:05:10+0800] P1 验收未通过，report.passed=false
[2026-10-05T02:05:10+0800] P1 验收命令：/usr/bin/python3 -m rl.evaluate --phase P1 --gate --checkpoint /run/media/pma213x/0C6A8CC86A8CAFCE/Ubuntu2/CodeU/Dog1/official-mini-cheetah/checkpoints/official_mini_cheetah_flat_jump_v1_r3/official_mini_cheetah_flat_jump_v1_r3_final.zip --output /run/media/pma213x/0C6A8CC86A8CAFCE/Ubuntu2/CodeU/Dog1/official-mini-cheetah/logs/official_mini_cheetah_flat_jump_v1_r3/P1_gate_attempt_2.json
[2026-10-05T02:05:33+0800] P1 验收未通过，report.passed=false
[2026-10-05T02:05:33+0800] P1 连续 Gate 批次结果=[False, False, False]
[2026-10-05T02:05:33+0800] P1 启动：/usr/bin/python3 -m rl.train --phase P1 --total-steps 380000 --device cuda --ckptdir /run/media/pma213x/0C6A8CC86A8CAFCE/Ubuntu2/CodeU/Dog1/official-mini-cheetah/checkpoints/official_mini_cheetah_flat_jump_v1_r3 --ckpt-prefix official_mini_cheetah_flat_jump_v1_r3 --logdir /run/media/pma213x/0C6A8CC86A8CAFCE/Ubuntu2/CodeU/Dog1/official-mini-cheetah/runs/official_mini_cheetah_flat_jump_v1_r3/P1_parallel --bridge-port 11452 --num-envs 4 --checkpoint-interval 20000 --randomization-mode fixed --seed 20261003 --resume /run/media/pma213x/0C6A8CC86A8CAFCE/Ubuntu2/CodeU/Dog1/official-mini-cheetah/checkpoints/official_mini_cheetah_flat_jump_v1_r3/official_mini_cheetah_flat_jump_v1_r3_final.zip
[2026-10-05T02:05:39+0800] P1 四 worker 实时健康确认通过
[2026-10-05T02:05:52+0800] P1 验收命令：/usr/bin/python3 -m rl.evaluate --phase P1 --gate --checkpoint /run/media/pma213x/0C6A8CC86A8CAFCE/Ubuntu2/CodeU/Dog1/official-mini-cheetah/checkpoints/official_mini_cheetah_flat_jump_v1_r3/official_mini_cheetah_flat_jump_v1_r3_final.zip --output /run/media/pma213x/0C6A8CC86A8CAFCE/Ubuntu2/CodeU/Dog1/official-mini-cheetah/logs/official_mini_cheetah_flat_jump_v1_r3/P1_gate_attempt_0.json
[2026-10-05T02:06:16+0800] P1 验收未通过，report.passed=false
[2026-10-05T02:06:16+0800] P1 验收命令：/usr/bin/python3 -m rl.evaluate --phase P1 --gate --checkpoint /run/media/pma213x/0C6A8CC86A8CAFCE/Ubuntu2/CodeU/Dog1/official-mini-cheetah/checkpoints/official_mini_cheetah_flat_jump_v1_r3/official_mini_cheetah_flat_jump_v1_r3_final.zip --output /run/media/pma213x/0C6A8CC86A8CAFCE/Ubuntu2/CodeU/Dog1/official-mini-cheetah/logs/official_mini_cheetah_flat_jump_v1_r3/P1_gate_attempt_1.json
[2026-10-05T02:06:39+0800] P1 验收未通过，report.passed=false
[2026-10-05T02:06:39+0800] P1 验收命令：/usr/bin/python3 -m rl.evaluate --phase P1 --gate --checkpoint /run/media/pma213x/0C6A8CC86A8CAFCE/Ubuntu2/CodeU/Dog1/official-mini-cheetah/checkpoints/official_mini_cheetah_flat_jump_v1_r3/official_mini_cheetah_flat_jump_v1_r3_final.zip --output /run/media/pma213x/0C6A8CC86A8CAFCE/Ubuntu2/CodeU/Dog1/official-mini-cheetah/logs/official_mini_cheetah_flat_jump_v1_r3/P1_gate_attempt_2.json
[2026-10-05T02:07:02+0800] P1 验收未通过，report.passed=false
[2026-10-05T02:07:02+0800] P1 连续 Gate 批次结果=[False, False, False]
[2026-10-05T02:07:02+0800] P1 启动：/usr/bin/python3 -m rl.train --phase P1 --total-steps 390000 --device cuda --ckptdir /run/media/pma213x/0C6A8CC86A8CAFCE/Ubuntu2/CodeU/Dog1/official-mini-cheetah/checkpoints/official_mini_cheetah_flat_jump_v1_r3 --ckpt-prefix official_mini_cheetah_flat_jump_v1_r3 --logdir /run/media/pma213x/0C6A8CC86A8CAFCE/Ubuntu2/CodeU/Dog1/official-mini-cheetah/runs/official_mini_cheetah_flat_jump_v1_r3/P1_parallel --bridge-port 11452 --num-envs 4 --checkpoint-interval 20000 --randomization-mode fixed --seed 20261003 --resume /run/media/pma213x/0C6A8CC86A8CAFCE/Ubuntu2/CodeU/Dog1/official-mini-cheetah/checkpoints/official_mini_cheetah_flat_jump_v1_r3/official_mini_cheetah_flat_jump_v1_r3_final.zip
[2026-10-05T02:07:09+0800] P1 四 worker 实时健康确认通过
[2026-10-05T02:07:21+0800] P1 验收命令：/usr/bin/python3 -m rl.evaluate --phase P1 --gate --checkpoint /run/media/pma213x/0C6A8CC86A8CAFCE/Ubuntu2/CodeU/Dog1/official-mini-cheetah/checkpoints/official_mini_cheetah_flat_jump_v1_r3/official_mini_cheetah_flat_jump_v1_r3_final.zip --output /run/media/pma213x/0C6A8CC86A8CAFCE/Ubuntu2/CodeU/Dog1/official-mini-cheetah/logs/official_mini_cheetah_flat_jump_v1_r3/P1_gate_attempt_0.json
[2026-10-05T02:07:46+0800] P1 验收未通过，report.passed=false
[2026-10-05T02:07:46+0800] P1 验收命令：/usr/bin/python3 -m rl.evaluate --phase P1 --gate --checkpoint /run/media/pma213x/0C6A8CC86A8CAFCE/Ubuntu2/CodeU/Dog1/official-mini-cheetah/checkpoints/official_mini_cheetah_flat_jump_v1_r3/official_mini_cheetah_flat_jump_v1_r3_final.zip --output /run/media/pma213x/0C6A8CC86A8CAFCE/Ubuntu2/CodeU/Dog1/official-mini-cheetah/logs/official_mini_cheetah_flat_jump_v1_r3/P1_gate_attempt_1.json
[2026-10-05T02:08:09+0800] P1 验收未通过，report.passed=false
[2026-10-05T02:08:09+0800] P1 验收命令：/usr/bin/python3 -m rl.evaluate --phase P1 --gate --checkpoint /run/media/pma213x/0C6A8CC86A8CAFCE/Ubuntu2/CodeU/Dog1/official-mini-cheetah/checkpoints/official_mini_cheetah_flat_jump_v1_r3/official_mini_cheetah_flat_jump_v1_r3_final.zip --output /run/media/pma213x/0C6A8CC86A8CAFCE/Ubuntu2/CodeU/Dog1/official-mini-cheetah/logs/official_mini_cheetah_flat_jump_v1_r3/P1_gate_attempt_2.json
[2026-10-05T02:08:33+0800] P1 验收未通过，report.passed=false
[2026-10-05T02:08:33+0800] P1 连续 Gate 批次结果=[False, False, False]
[2026-10-05T02:08:33+0800] P1 启动：/usr/bin/python3 -m rl.train --phase P1 --total-steps 400000 --device cuda --ckptdir /run/media/pma213x/0C6A8CC86A8CAFCE/Ubuntu2/CodeU/Dog1/official-mini-cheetah/checkpoints/official_mini_cheetah_flat_jump_v1_r3 --ckpt-prefix official_mini_cheetah_flat_jump_v1_r3 --logdir /run/media/pma213x/0C6A8CC86A8CAFCE/Ubuntu2/CodeU/Dog1/official-mini-cheetah/runs/official_mini_cheetah_flat_jump_v1_r3/P1_parallel --bridge-port 11452 --num-envs 4 --checkpoint-interval 20000 --randomization-mode fixed --seed 20261003 --resume /run/media/pma213x/0C6A8CC86A8CAFCE/Ubuntu2/CodeU/Dog1/official-mini-cheetah/checkpoints/official_mini_cheetah_flat_jump_v1_r3/official_mini_cheetah_flat_jump_v1_r3_final.zip
[2026-10-05T02:08:40+0800] P1 四 worker 实时健康确认通过
[2026-10-05T02:08:53+0800] P1 验收命令：/usr/bin/python3 -m rl.evaluate --phase P1 --gate --checkpoint /run/media/pma213x/0C6A8CC86A8CAFCE/Ubuntu2/CodeU/Dog1/official-mini-cheetah/checkpoints/official_mini_cheetah_flat_jump_v1_r3/official_mini_cheetah_flat_jump_v1_r3_final.zip --output /run/media/pma213x/0C6A8CC86A8CAFCE/Ubuntu2/CodeU/Dog1/official-mini-cheetah/logs/official_mini_cheetah_flat_jump_v1_r3/P1_gate_attempt_0.json
[2026-10-05T02:09:17+0800] P1 验收未通过，report.passed=false
[2026-10-05T02:09:17+0800] P1 验收命令：/usr/bin/python3 -m rl.evaluate --phase P1 --gate --checkpoint /run/media/pma213x/0C6A8CC86A8CAFCE/Ubuntu2/CodeU/Dog1/official-mini-cheetah/checkpoints/official_mini_cheetah_flat_jump_v1_r3/official_mini_cheetah_flat_jump_v1_r3_final.zip --output /run/media/pma213x/0C6A8CC86A8CAFCE/Ubuntu2/CodeU/Dog1/official-mini-cheetah/logs/official_mini_cheetah_flat_jump_v1_r3/P1_gate_attempt_1.json
[2026-10-05T02:09:41+0800] P1 验收未通过，report.passed=false
[2026-10-05T02:09:41+0800] P1 验收命令：/usr/bin/python3 -m rl.evaluate --phase P1 --gate --checkpoint /run/media/pma213x/0C6A8CC86A8CAFCE/Ubuntu2/CodeU/Dog1/official-mini-cheetah/checkpoints/official_mini_cheetah_flat_jump_v1_r3/official_mini_cheetah_flat_jump_v1_r3_final.zip --output /run/media/pma213x/0C6A8CC86A8CAFCE/Ubuntu2/CodeU/Dog1/official-mini-cheetah/logs/official_mini_cheetah_flat_jump_v1_r3/P1_gate_attempt_2.json
[2026-10-05T02:10:04+0800] P1 验收未通过，report.passed=false
[2026-10-05T02:10:04+0800] P1 连续 Gate 批次结果=[False, False, False]
[2026-10-05T02:10:04+0800] 失败即停：P1 Gate 在预算 400000 处失败，按计划停止且不自动延长
[2026-10-05T12:42:07+0800] P1 连续 Gate 批次结果=[True, False, True]
[2026-10-05T12:47:25+0800] P1 连续 Gate 批次结果=[True, False, True]
[2026-10-05T12:49:04+0800] P1 连续 Gate 批次结果=[True, False, True]
[2026-10-05T12:50:01+0800] P1 连续 Gate 批次结果=[True, False, True]
[2026-10-05T12:58:07+0800] R3 新训练断点 steps=0 restart_p0_from_zero=True
[2026-10-05T12:58:07+0800] P0 启动：/usr/bin/python3 -m rl.train --phase P0 --total-steps 10000 --device cuda --ckptdir /run/media/pma213x/0C6A8CC86A8CAFCE/Ubuntu2/CodeU/Dog1/official-mini-cheetah/checkpoints/official_mini_cheetah_flat_jump_v1_r3 --ckpt-prefix official_mini_cheetah_flat_jump_v1_r3 --logdir /run/media/pma213x/0C6A8CC86A8CAFCE/Ubuntu2/CodeU/Dog1/official-mini-cheetah/runs/official_mini_cheetah_flat_jump_v1_r3/P0_parallel --bridge-port 11452 --num-envs 4 --checkpoint-interval 20000 --randomization-mode fixed --seed 20261003 --phase-step-offset 0
[2026-10-05T12:58:14+0800] P0 四 worker 实时健康确认通过
[2026-10-05T12:58:33+0800] P0 验收命令：/usr/bin/python3 -m rl.evaluate --phase P0 --gate --checkpoint /run/media/pma213x/0C6A8CC86A8CAFCE/Ubuntu2/CodeU/Dog1/official-mini-cheetah/checkpoints/official_mini_cheetah_flat_jump_v1_r3/official_mini_cheetah_flat_jump_v1_r3_final.zip --output /run/media/pma213x/0C6A8CC86A8CAFCE/Ubuntu2/CodeU/Dog1/official-mini-cheetah/logs/official_mini_cheetah_flat_jump_v1_r3/P0_gate_attempt_0.json
[2026-10-05T12:58:43+0800] P0 验收通过
[2026-10-05T12:58:43+0800] P0 验收命令：/usr/bin/python3 -m rl.evaluate --phase P0 --gate --checkpoint /run/media/pma213x/0C6A8CC86A8CAFCE/Ubuntu2/CodeU/Dog1/official-mini-cheetah/checkpoints/official_mini_cheetah_flat_jump_v1_r3/official_mini_cheetah_flat_jump_v1_r3_final.zip --output /run/media/pma213x/0C6A8CC86A8CAFCE/Ubuntu2/CodeU/Dog1/official-mini-cheetah/logs/official_mini_cheetah_flat_jump_v1_r3/P0_gate_attempt_1.json
[2026-10-05T12:58:51+0800] P0 验收通过
[2026-10-05T12:58:51+0800] P0 验收命令：/usr/bin/python3 -m rl.evaluate --phase P0 --gate --checkpoint /run/media/pma213x/0C6A8CC86A8CAFCE/Ubuntu2/CodeU/Dog1/official-mini-cheetah/checkpoints/official_mini_cheetah_flat_jump_v1_r3/official_mini_cheetah_flat_jump_v1_r3_final.zip --output /run/media/pma213x/0C6A8CC86A8CAFCE/Ubuntu2/CodeU/Dog1/official-mini-cheetah/logs/official_mini_cheetah_flat_jump_v1_r3/P0_gate_attempt_2.json
[2026-10-05T12:59:01+0800] P0 验收通过
[2026-10-05T12:59:01+0800] P0 gate 后健康确认通过
[2026-10-05T12:59:01+0800] P1 启动：/usr/bin/python3 -m rl.train --phase P1 --total-steps 20000 --device cuda --ckptdir /run/media/pma213x/0C6A8CC86A8CAFCE/Ubuntu2/CodeU/Dog1/official-mini-cheetah/checkpoints/official_mini_cheetah_flat_jump_v1_r3 --ckpt-prefix official_mini_cheetah_flat_jump_v1_r3 --logdir /run/media/pma213x/0C6A8CC86A8CAFCE/Ubuntu2/CodeU/Dog1/official-mini-cheetah/runs/official_mini_cheetah_flat_jump_v1_r3/P1_parallel --bridge-port 11452 --num-envs 4 --checkpoint-interval 20000 --randomization-mode fixed --seed 20261003 --phase-step-offset 0 --resume /run/media/pma213x/0C6A8CC86A8CAFCE/Ubuntu2/CodeU/Dog1/official-mini-cheetah/checkpoints/official_mini_cheetah_flat_jump_v1_r3/official_mini_cheetah_flat_jump_v1_r3_final.zip
[2026-10-05T12:59:07+0800] P1 四 worker 实时健康确认通过
[2026-10-05T12:59:27+0800] P1 启动：/usr/bin/python3 -m rl.train --phase P1 --total-steps 30000 --device cuda --ckptdir /run/media/pma213x/0C6A8CC86A8CAFCE/Ubuntu2/CodeU/Dog1/official-mini-cheetah/checkpoints/official_mini_cheetah_flat_jump_v1_r3 --ckpt-prefix official_mini_cheetah_flat_jump_v1_r3 --logdir /run/media/pma213x/0C6A8CC86A8CAFCE/Ubuntu2/CodeU/Dog1/official-mini-cheetah/runs/official_mini_cheetah_flat_jump_v1_r3/P1_parallel --bridge-port 11452 --num-envs 4 --checkpoint-interval 20000 --randomization-mode fixed --seed 20261003 --phase-step-offset 10000 --resume /run/media/pma213x/0C6A8CC86A8CAFCE/Ubuntu2/CodeU/Dog1/official-mini-cheetah/checkpoints/official_mini_cheetah_flat_jump_v1_r3/official_mini_cheetah_flat_jump_v1_r3_final.zip
[2026-10-05T12:59:33+0800] P1 四 worker 实时健康确认通过
[2026-10-05T12:59:53+0800] P1 启动：/usr/bin/python3 -m rl.train --phase P1 --total-steps 40000 --device cuda --ckptdir /run/media/pma213x/0C6A8CC86A8CAFCE/Ubuntu2/CodeU/Dog1/official-mini-cheetah/checkpoints/official_mini_cheetah_flat_jump_v1_r3 --ckpt-prefix official_mini_cheetah_flat_jump_v1_r3 --logdir /run/media/pma213x/0C6A8CC86A8CAFCE/Ubuntu2/CodeU/Dog1/official-mini-cheetah/runs/official_mini_cheetah_flat_jump_v1_r3/P1_parallel --bridge-port 11452 --num-envs 4 --checkpoint-interval 20000 --randomization-mode fixed --seed 20261003 --phase-step-offset 20000 --resume /run/media/pma213x/0C6A8CC86A8CAFCE/Ubuntu2/CodeU/Dog1/official-mini-cheetah/checkpoints/official_mini_cheetah_flat_jump_v1_r3/official_mini_cheetah_flat_jump_v1_r3_final.zip
[2026-10-05T12:59:59+0800] P1 四 worker 实时健康确认通过
[2026-10-05T13:00:19+0800] P1 启动：/usr/bin/python3 -m rl.train --phase P1 --total-steps 50000 --device cuda --ckptdir /run/media/pma213x/0C6A8CC86A8CAFCE/Ubuntu2/CodeU/Dog1/official-mini-cheetah/checkpoints/official_mini_cheetah_flat_jump_v1_r3 --ckpt-prefix official_mini_cheetah_flat_jump_v1_r3 --logdir /run/media/pma213x/0C6A8CC86A8CAFCE/Ubuntu2/CodeU/Dog1/official-mini-cheetah/runs/official_mini_cheetah_flat_jump_v1_r3/P1_parallel --bridge-port 11452 --num-envs 4 --checkpoint-interval 20000 --randomization-mode fixed --seed 20261003 --phase-step-offset 30000 --resume /run/media/pma213x/0C6A8CC86A8CAFCE/Ubuntu2/CodeU/Dog1/official-mini-cheetah/checkpoints/official_mini_cheetah_flat_jump_v1_r3/official_mini_cheetah_flat_jump_v1_r3_final.zip
[2026-10-05T13:00:26+0800] P1 四 worker 实时健康确认通过
[2026-10-05T13:00:44+0800] P1 启动：/usr/bin/python3 -m rl.train --phase P1 --total-steps 60000 --device cuda --ckptdir /run/media/pma213x/0C6A8CC86A8CAFCE/Ubuntu2/CodeU/Dog1/official-mini-cheetah/checkpoints/official_mini_cheetah_flat_jump_v1_r3 --ckpt-prefix official_mini_cheetah_flat_jump_v1_r3 --logdir /run/media/pma213x/0C6A8CC86A8CAFCE/Ubuntu2/CodeU/Dog1/official-mini-cheetah/runs/official_mini_cheetah_flat_jump_v1_r3/P1_parallel --bridge-port 11452 --num-envs 4 --checkpoint-interval 20000 --randomization-mode fixed --seed 20261003 --phase-step-offset 40000 --resume /run/media/pma213x/0C6A8CC86A8CAFCE/Ubuntu2/CodeU/Dog1/official-mini-cheetah/checkpoints/official_mini_cheetah_flat_jump_v1_r3/official_mini_cheetah_flat_jump_v1_r3_final.zip
[2026-10-05T13:00:50+0800] P1 四 worker 实时健康确认通过
[2026-10-05T13:01:09+0800] P1 启动：/usr/bin/python3 -m rl.train --phase P1 --total-steps 70000 --device cuda --ckptdir /run/media/pma213x/0C6A8CC86A8CAFCE/Ubuntu2/CodeU/Dog1/official-mini-cheetah/checkpoints/official_mini_cheetah_flat_jump_v1_r3 --ckpt-prefix official_mini_cheetah_flat_jump_v1_r3 --logdir /run/media/pma213x/0C6A8CC86A8CAFCE/Ubuntu2/CodeU/Dog1/official-mini-cheetah/runs/official_mini_cheetah_flat_jump_v1_r3/P1_parallel --bridge-port 11452 --num-envs 4 --checkpoint-interval 20000 --randomization-mode fixed --seed 20261003 --phase-step-offset 50000 --resume /run/media/pma213x/0C6A8CC86A8CAFCE/Ubuntu2/CodeU/Dog1/official-mini-cheetah/checkpoints/official_mini_cheetah_flat_jump_v1_r3/official_mini_cheetah_flat_jump_v1_r3_final.zip
[2026-10-05T13:01:16+0800] P1 四 worker 实时健康确认通过
[2026-10-05T13:01:36+0800] P1 启动：/usr/bin/python3 -m rl.train --phase P1 --total-steps 80000 --device cuda --ckptdir /run/media/pma213x/0C6A8CC86A8CAFCE/Ubuntu2/CodeU/Dog1/official-mini-cheetah/checkpoints/official_mini_cheetah_flat_jump_v1_r3 --ckpt-prefix official_mini_cheetah_flat_jump_v1_r3 --logdir /run/media/pma213x/0C6A8CC86A8CAFCE/Ubuntu2/CodeU/Dog1/official-mini-cheetah/runs/official_mini_cheetah_flat_jump_v1_r3/P1_parallel --bridge-port 11452 --num-envs 4 --checkpoint-interval 20000 --randomization-mode fixed --seed 20261003 --phase-step-offset 60000 --resume /run/media/pma213x/0C6A8CC86A8CAFCE/Ubuntu2/CodeU/Dog1/official-mini-cheetah/checkpoints/official_mini_cheetah_flat_jump_v1_r3/official_mini_cheetah_flat_jump_v1_r3_final.zip
[2026-10-05T13:01:42+0800] P1 四 worker 实时健康确认通过
[2026-10-05T13:02:03+0800] P1 启动：/usr/bin/python3 -m rl.train --phase P1 --total-steps 90000 --device cuda --ckptdir /run/media/pma213x/0C6A8CC86A8CAFCE/Ubuntu2/CodeU/Dog1/official-mini-cheetah/checkpoints/official_mini_cheetah_flat_jump_v1_r3 --ckpt-prefix official_mini_cheetah_flat_jump_v1_r3 --logdir /run/media/pma213x/0C6A8CC86A8CAFCE/Ubuntu2/CodeU/Dog1/official-mini-cheetah/runs/official_mini_cheetah_flat_jump_v1_r3/P1_parallel --bridge-port 11452 --num-envs 4 --checkpoint-interval 20000 --randomization-mode fixed --seed 20261003 --phase-step-offset 70000 --resume /run/media/pma213x/0C6A8CC86A8CAFCE/Ubuntu2/CodeU/Dog1/official-mini-cheetah/checkpoints/official_mini_cheetah_flat_jump_v1_r3/official_mini_cheetah_flat_jump_v1_r3_final.zip
[2026-10-05T13:02:09+0800] P1 四 worker 实时健康确认通过
[2026-10-05T13:02:28+0800] P1 启动：/usr/bin/python3 -m rl.train --phase P1 --total-steps 100000 --device cuda --ckptdir /run/media/pma213x/0C6A8CC86A8CAFCE/Ubuntu2/CodeU/Dog1/official-mini-cheetah/checkpoints/official_mini_cheetah_flat_jump_v1_r3 --ckpt-prefix official_mini_cheetah_flat_jump_v1_r3 --logdir /run/media/pma213x/0C6A8CC86A8CAFCE/Ubuntu2/CodeU/Dog1/official-mini-cheetah/runs/official_mini_cheetah_flat_jump_v1_r3/P1_parallel --bridge-port 11452 --num-envs 4 --checkpoint-interval 20000 --randomization-mode fixed --seed 20261003 --phase-step-offset 80000 --resume /run/media/pma213x/0C6A8CC86A8CAFCE/Ubuntu2/CodeU/Dog1/official-mini-cheetah/checkpoints/official_mini_cheetah_flat_jump_v1_r3/official_mini_cheetah_flat_jump_v1_r3_final.zip
[2026-10-05T13:02:34+0800] P1 四 worker 实时健康确认通过
[2026-10-05T13:02:52+0800] P1 启动：/usr/bin/python3 -m rl.train --phase P1 --total-steps 110000 --device cuda --ckptdir /run/media/pma213x/0C6A8CC86A8CAFCE/Ubuntu2/CodeU/Dog1/official-mini-cheetah/checkpoints/official_mini_cheetah_flat_jump_v1_r3 --ckpt-prefix official_mini_cheetah_flat_jump_v1_r3 --logdir /run/media/pma213x/0C6A8CC86A8CAFCE/Ubuntu2/CodeU/Dog1/official-mini-cheetah/runs/official_mini_cheetah_flat_jump_v1_r3/P1_parallel --bridge-port 11452 --num-envs 4 --checkpoint-interval 20000 --randomization-mode fixed --seed 20261003 --phase-step-offset 90000 --resume /run/media/pma213x/0C6A8CC86A8CAFCE/Ubuntu2/CodeU/Dog1/official-mini-cheetah/checkpoints/official_mini_cheetah_flat_jump_v1_r3/official_mini_cheetah_flat_jump_v1_r3_final.zip
[2026-10-05T13:02:59+0800] P1 四 worker 实时健康确认通过
[2026-10-05T13:03:17+0800] P1 验收命令：/usr/bin/python3 -m rl.evaluate --phase P1 --gate --checkpoint /run/media/pma213x/0C6A8CC86A8CAFCE/Ubuntu2/CodeU/Dog1/official-mini-cheetah/checkpoints/official_mini_cheetah_flat_jump_v1_r3/official_mini_cheetah_flat_jump_v1_r3_final.zip --output /run/media/pma213x/0C6A8CC86A8CAFCE/Ubuntu2/CodeU/Dog1/official-mini-cheetah/logs/official_mini_cheetah_flat_jump_v1_r3/P1_gate_attempt_0.json
[2026-10-05T13:03:48+0800] P1 验收未通过，report.passed=false
[2026-10-05T13:03:48+0800] P1 验收命令：/usr/bin/python3 -m rl.evaluate --phase P1 --gate --checkpoint /run/media/pma213x/0C6A8CC86A8CAFCE/Ubuntu2/CodeU/Dog1/official-mini-cheetah/checkpoints/official_mini_cheetah_flat_jump_v1_r3/official_mini_cheetah_flat_jump_v1_r3_final.zip --output /run/media/pma213x/0C6A8CC86A8CAFCE/Ubuntu2/CodeU/Dog1/official-mini-cheetah/logs/official_mini_cheetah_flat_jump_v1_r3/P1_gate_attempt_1.json
[2026-10-05T13:04:18+0800] P1 验收未通过，report.passed=false
[2026-10-05T13:04:18+0800] P1 验收命令：/usr/bin/python3 -m rl.evaluate --phase P1 --gate --checkpoint /run/media/pma213x/0C6A8CC86A8CAFCE/Ubuntu2/CodeU/Dog1/official-mini-cheetah/checkpoints/official_mini_cheetah_flat_jump_v1_r3/official_mini_cheetah_flat_jump_v1_r3_final.zip --output /run/media/pma213x/0C6A8CC86A8CAFCE/Ubuntu2/CodeU/Dog1/official-mini-cheetah/logs/official_mini_cheetah_flat_jump_v1_r3/P1_gate_attempt_2.json
[2026-10-05T13:04:53+0800] P1 验收未通过，report.passed=false
[2026-10-05T13:04:53+0800] P1 连续 Gate 批次结果=[False, False, False]
[2026-10-05T13:04:53+0800] P1 启动：/usr/bin/python3 -m rl.train --phase P1 --total-steps 120000 --device cuda --ckptdir /run/media/pma213x/0C6A8CC86A8CAFCE/Ubuntu2/CodeU/Dog1/official-mini-cheetah/checkpoints/official_mini_cheetah_flat_jump_v1_r3 --ckpt-prefix official_mini_cheetah_flat_jump_v1_r3 --logdir /run/media/pma213x/0C6A8CC86A8CAFCE/Ubuntu2/CodeU/Dog1/official-mini-cheetah/runs/official_mini_cheetah_flat_jump_v1_r3/P1_parallel --bridge-port 11452 --num-envs 4 --checkpoint-interval 20000 --randomization-mode fixed --seed 20261003 --phase-step-offset 100000 --resume /run/media/pma213x/0C6A8CC86A8CAFCE/Ubuntu2/CodeU/Dog1/official-mini-cheetah/checkpoints/official_mini_cheetah_flat_jump_v1_r3/official_mini_cheetah_flat_jump_v1_r3_final.zip
[2026-10-05T13:05:00+0800] P1 四 worker 实时健康确认通过
[2026-10-05T13:05:20+0800] P1 验收命令：/usr/bin/python3 -m rl.evaluate --phase P1 --gate --checkpoint /run/media/pma213x/0C6A8CC86A8CAFCE/Ubuntu2/CodeU/Dog1/official-mini-cheetah/checkpoints/official_mini_cheetah_flat_jump_v1_r3/official_mini_cheetah_flat_jump_v1_r3_final.zip --output /run/media/pma213x/0C6A8CC86A8CAFCE/Ubuntu2/CodeU/Dog1/official-mini-cheetah/logs/official_mini_cheetah_flat_jump_v1_r3/P1_gate_attempt_0.json
[2026-10-05T13:05:52+0800] P1 验收未通过，report.passed=false
[2026-10-05T13:05:52+0800] P1 验收命令：/usr/bin/python3 -m rl.evaluate --phase P1 --gate --checkpoint /run/media/pma213x/0C6A8CC86A8CAFCE/Ubuntu2/CodeU/Dog1/official-mini-cheetah/checkpoints/official_mini_cheetah_flat_jump_v1_r3/official_mini_cheetah_flat_jump_v1_r3_final.zip --output /run/media/pma213x/0C6A8CC86A8CAFCE/Ubuntu2/CodeU/Dog1/official-mini-cheetah/logs/official_mini_cheetah_flat_jump_v1_r3/P1_gate_attempt_1.json
[2026-10-05T13:06:22+0800] P1 验收未通过，report.passed=false
[2026-10-05T13:06:22+0800] P1 验收命令：/usr/bin/python3 -m rl.evaluate --phase P1 --gate --checkpoint /run/media/pma213x/0C6A8CC86A8CAFCE/Ubuntu2/CodeU/Dog1/official-mini-cheetah/checkpoints/official_mini_cheetah_flat_jump_v1_r3/official_mini_cheetah_flat_jump_v1_r3_final.zip --output /run/media/pma213x/0C6A8CC86A8CAFCE/Ubuntu2/CodeU/Dog1/official-mini-cheetah/logs/official_mini_cheetah_flat_jump_v1_r3/P1_gate_attempt_2.json
[2026-10-05T13:06:52+0800] P1 验收未通过，report.passed=false
[2026-10-05T13:06:52+0800] P1 连续 Gate 批次结果=[False, False, False]
[2026-10-05T13:06:52+0800] P1 启动：/usr/bin/python3 -m rl.train --phase P1 --total-steps 130000 --device cuda --ckptdir /run/media/pma213x/0C6A8CC86A8CAFCE/Ubuntu2/CodeU/Dog1/official-mini-cheetah/checkpoints/official_mini_cheetah_flat_jump_v1_r3 --ckpt-prefix official_mini_cheetah_flat_jump_v1_r3 --logdir /run/media/pma213x/0C6A8CC86A8CAFCE/Ubuntu2/CodeU/Dog1/official-mini-cheetah/runs/official_mini_cheetah_flat_jump_v1_r3/P1_parallel --bridge-port 11452 --num-envs 4 --checkpoint-interval 20000 --randomization-mode fixed --seed 20261003 --phase-step-offset 110000 --resume /run/media/pma213x/0C6A8CC86A8CAFCE/Ubuntu2/CodeU/Dog1/official-mini-cheetah/checkpoints/official_mini_cheetah_flat_jump_v1_r3/official_mini_cheetah_flat_jump_v1_r3_final.zip
[2026-10-05T13:17:15+0800] P1 连续 Gate 批次结果=[True, False, True]
[2026-10-05T13:23:53+0800] R3 新训练断点 steps=0 restart_p0_from_zero=True
[2026-10-05T13:23:53+0800] P0 启动：/usr/bin/python3 -m rl.train --phase P0 --total-steps 10000 --device cuda --ckptdir /run/media/pma213x/0C6A8CC86A8CAFCE/Ubuntu2/CodeU/Dog1/official-mini-cheetah/checkpoints/official_mini_cheetah_flat_jump_v1_r3 --ckpt-prefix official_mini_cheetah_flat_jump_v1_r3 --logdir /run/media/pma213x/0C6A8CC86A8CAFCE/Ubuntu2/CodeU/Dog1/official-mini-cheetah/runs/official_mini_cheetah_flat_jump_v1_r3/P0_parallel --bridge-port 11452 --num-envs 4 --checkpoint-interval 20000 --randomization-mode fixed --seed 20261003 --phase-step-offset 0
[2026-10-05T13:23:59+0800] P0 四 worker 实时健康确认通过
[2026-10-05T13:24:18+0800] P0 验收命令：/usr/bin/python3 -m rl.evaluate --phase P0 --gate --checkpoint /run/media/pma213x/0C6A8CC86A8CAFCE/Ubuntu2/CodeU/Dog1/official-mini-cheetah/checkpoints/official_mini_cheetah_flat_jump_v1_r3/official_mini_cheetah_flat_jump_v1_r3_final.zip --output /run/media/pma213x/0C6A8CC86A8CAFCE/Ubuntu2/CodeU/Dog1/official-mini-cheetah/logs/official_mini_cheetah_flat_jump_v1_r3/P0_gate_attempt_0.json
[2026-10-05T13:24:28+0800] P0 验收通过
[2026-10-05T13:24:28+0800] P0 验收命令：/usr/bin/python3 -m rl.evaluate --phase P0 --gate --checkpoint /run/media/pma213x/0C6A8CC86A8CAFCE/Ubuntu2/CodeU/Dog1/official-mini-cheetah/checkpoints/official_mini_cheetah_flat_jump_v1_r3/official_mini_cheetah_flat_jump_v1_r3_final.zip --output /run/media/pma213x/0C6A8CC86A8CAFCE/Ubuntu2/CodeU/Dog1/official-mini-cheetah/logs/official_mini_cheetah_flat_jump_v1_r3/P0_gate_attempt_1.json
[2026-10-05T13:24:36+0800] P0 验收通过
[2026-10-05T13:24:36+0800] P0 验收命令：/usr/bin/python3 -m rl.evaluate --phase P0 --gate --checkpoint /run/media/pma213x/0C6A8CC86A8CAFCE/Ubuntu2/CodeU/Dog1/official-mini-cheetah/checkpoints/official_mini_cheetah_flat_jump_v1_r3/official_mini_cheetah_flat_jump_v1_r3_final.zip --output /run/media/pma213x/0C6A8CC86A8CAFCE/Ubuntu2/CodeU/Dog1/official-mini-cheetah/logs/official_mini_cheetah_flat_jump_v1_r3/P0_gate_attempt_2.json
[2026-10-05T13:24:46+0800] P0 验收通过
[2026-10-05T13:24:46+0800] P0 gate 后健康确认通过
[2026-10-05T13:24:46+0800] P1 启动：/usr/bin/python3 -m rl.train --phase P1 --total-steps 20000 --device cuda --ckptdir /run/media/pma213x/0C6A8CC86A8CAFCE/Ubuntu2/CodeU/Dog1/official-mini-cheetah/checkpoints/official_mini_cheetah_flat_jump_v1_r3 --ckpt-prefix official_mini_cheetah_flat_jump_v1_r3 --logdir /run/media/pma213x/0C6A8CC86A8CAFCE/Ubuntu2/CodeU/Dog1/official-mini-cheetah/runs/official_mini_cheetah_flat_jump_v1_r3/P1_parallel --bridge-port 11452 --num-envs 4 --checkpoint-interval 20000 --randomization-mode fixed --seed 20261003 --phase-step-offset 0 --resume /run/media/pma213x/0C6A8CC86A8CAFCE/Ubuntu2/CodeU/Dog1/official-mini-cheetah/checkpoints/official_mini_cheetah_flat_jump_v1_r3/official_mini_cheetah_flat_jump_v1_r3_final.zip
[2026-10-05T13:24:52+0800] P1 四 worker 实时健康确认通过
[2026-10-05T13:25:11+0800] P1 启动：/usr/bin/python3 -m rl.train --phase P1 --total-steps 30000 --device cuda --ckptdir /run/media/pma213x/0C6A8CC86A8CAFCE/Ubuntu2/CodeU/Dog1/official-mini-cheetah/checkpoints/official_mini_cheetah_flat_jump_v1_r3 --ckpt-prefix official_mini_cheetah_flat_jump_v1_r3 --logdir /run/media/pma213x/0C6A8CC86A8CAFCE/Ubuntu2/CodeU/Dog1/official-mini-cheetah/runs/official_mini_cheetah_flat_jump_v1_r3/P1_parallel --bridge-port 11452 --num-envs 4 --checkpoint-interval 20000 --randomization-mode fixed --seed 20261003 --phase-step-offset 10000 --resume /run/media/pma213x/0C6A8CC86A8CAFCE/Ubuntu2/CodeU/Dog1/official-mini-cheetah/checkpoints/official_mini_cheetah_flat_jump_v1_r3/official_mini_cheetah_flat_jump_v1_r3_final.zip
[2026-10-05T13:25:18+0800] P1 四 worker 实时健康确认通过
[2026-10-05T13:25:38+0800] P1 启动：/usr/bin/python3 -m rl.train --phase P1 --total-steps 40000 --device cuda --ckptdir /run/media/pma213x/0C6A8CC86A8CAFCE/Ubuntu2/CodeU/Dog1/official-mini-cheetah/checkpoints/official_mini_cheetah_flat_jump_v1_r3 --ckpt-prefix official_mini_cheetah_flat_jump_v1_r3 --logdir /run/media/pma213x/0C6A8CC86A8CAFCE/Ubuntu2/CodeU/Dog1/official-mini-cheetah/runs/official_mini_cheetah_flat_jump_v1_r3/P1_parallel --bridge-port 11452 --num-envs 4 --checkpoint-interval 20000 --randomization-mode fixed --seed 20261003 --phase-step-offset 20000 --resume /run/media/pma213x/0C6A8CC86A8CAFCE/Ubuntu2/CodeU/Dog1/official-mini-cheetah/checkpoints/official_mini_cheetah_flat_jump_v1_r3/official_mini_cheetah_flat_jump_v1_r3_final.zip
[2026-10-05T13:25:44+0800] P1 四 worker 实时健康确认通过
[2026-10-05T13:26:09+0800] P1 启动：/usr/bin/python3 -m rl.train --phase P1 --total-steps 50000 --device cuda --ckptdir /run/media/pma213x/0C6A8CC86A8CAFCE/Ubuntu2/CodeU/Dog1/official-mini-cheetah/checkpoints/official_mini_cheetah_flat_jump_v1_r3 --ckpt-prefix official_mini_cheetah_flat_jump_v1_r3 --logdir /run/media/pma213x/0C6A8CC86A8CAFCE/Ubuntu2/CodeU/Dog1/official-mini-cheetah/runs/official_mini_cheetah_flat_jump_v1_r3/P1_parallel --bridge-port 11452 --num-envs 4 --checkpoint-interval 20000 --randomization-mode fixed --seed 20261003 --phase-step-offset 30000 --resume /run/media/pma213x/0C6A8CC86A8CAFCE/Ubuntu2/CodeU/Dog1/official-mini-cheetah/checkpoints/official_mini_cheetah_flat_jump_v1_r3/official_mini_cheetah_flat_jump_v1_r3_final.zip
[2026-10-05T13:26:15+0800] P1 四 worker 实时健康确认通过
[2026-10-05T13:26:34+0800] P1 启动：/usr/bin/python3 -m rl.train --phase P1 --total-steps 60000 --device cuda --ckptdir /run/media/pma213x/0C6A8CC86A8CAFCE/Ubuntu2/CodeU/Dog1/official-mini-cheetah/checkpoints/official_mini_cheetah_flat_jump_v1_r3 --ckpt-prefix official_mini_cheetah_flat_jump_v1_r3 --logdir /run/media/pma213x/0C6A8CC86A8CAFCE/Ubuntu2/CodeU/Dog1/official-mini-cheetah/runs/official_mini_cheetah_flat_jump_v1_r3/P1_parallel --bridge-port 11452 --num-envs 4 --checkpoint-interval 20000 --randomization-mode fixed --seed 20261003 --phase-step-offset 40000 --resume /run/media/pma213x/0C6A8CC86A8CAFCE/Ubuntu2/CodeU/Dog1/official-mini-cheetah/checkpoints/official_mini_cheetah_flat_jump_v1_r3/official_mini_cheetah_flat_jump_v1_r3_final.zip
[2026-10-05T13:26:40+0800] P1 四 worker 实时健康确认通过
[2026-10-05T13:27:00+0800] P1 启动：/usr/bin/python3 -m rl.train --phase P1 --total-steps 70000 --device cuda --ckptdir /run/media/pma213x/0C6A8CC86A8CAFCE/Ubuntu2/CodeU/Dog1/official-mini-cheetah/checkpoints/official_mini_cheetah_flat_jump_v1_r3 --ckpt-prefix official_mini_cheetah_flat_jump_v1_r3 --logdir /run/media/pma213x/0C6A8CC86A8CAFCE/Ubuntu2/CodeU/Dog1/official-mini-cheetah/runs/official_mini_cheetah_flat_jump_v1_r3/P1_parallel --bridge-port 11452 --num-envs 4 --checkpoint-interval 20000 --randomization-mode fixed --seed 20261003 --phase-step-offset 50000 --resume /run/media/pma213x/0C6A8CC86A8CAFCE/Ubuntu2/CodeU/Dog1/official-mini-cheetah/checkpoints/official_mini_cheetah_flat_jump_v1_r3/official_mini_cheetah_flat_jump_v1_r3_final.zip
[2026-10-05T13:27:06+0800] P1 四 worker 实时健康确认通过
[2026-10-05T13:27:25+0800] P1 启动：/usr/bin/python3 -m rl.train --phase P1 --total-steps 80000 --device cuda --ckptdir /run/media/pma213x/0C6A8CC86A8CAFCE/Ubuntu2/CodeU/Dog1/official-mini-cheetah/checkpoints/official_mini_cheetah_flat_jump_v1_r3 --ckpt-prefix official_mini_cheetah_flat_jump_v1_r3 --logdir /run/media/pma213x/0C6A8CC86A8CAFCE/Ubuntu2/CodeU/Dog1/official-mini-cheetah/runs/official_mini_cheetah_flat_jump_v1_r3/P1_parallel --bridge-port 11452 --num-envs 4 --checkpoint-interval 20000 --randomization-mode fixed --seed 20261003 --phase-step-offset 60000 --resume /run/media/pma213x/0C6A8CC86A8CAFCE/Ubuntu2/CodeU/Dog1/official-mini-cheetah/checkpoints/official_mini_cheetah_flat_jump_v1_r3/official_mini_cheetah_flat_jump_v1_r3_final.zip
[2026-10-05T13:27:32+0800] P1 四 worker 实时健康确认通过
[2026-10-05T13:27:50+0800] P1 启动：/usr/bin/python3 -m rl.train --phase P1 --total-steps 90000 --device cuda --ckptdir /run/media/pma213x/0C6A8CC86A8CAFCE/Ubuntu2/CodeU/Dog1/official-mini-cheetah/checkpoints/official_mini_cheetah_flat_jump_v1_r3 --ckpt-prefix official_mini_cheetah_flat_jump_v1_r3 --logdir /run/media/pma213x/0C6A8CC86A8CAFCE/Ubuntu2/CodeU/Dog1/official-mini-cheetah/runs/official_mini_cheetah_flat_jump_v1_r3/P1_parallel --bridge-port 11452 --num-envs 4 --checkpoint-interval 20000 --randomization-mode fixed --seed 20261003 --phase-step-offset 70000 --resume /run/media/pma213x/0C6A8CC86A8CAFCE/Ubuntu2/CodeU/Dog1/official-mini-cheetah/checkpoints/official_mini_cheetah_flat_jump_v1_r3/official_mini_cheetah_flat_jump_v1_r3_final.zip
[2026-10-05T13:27:56+0800] P1 四 worker 实时健康确认通过
[2026-10-05T13:28:15+0800] P1 启动：/usr/bin/python3 -m rl.train --phase P1 --total-steps 100000 --device cuda --ckptdir /run/media/pma213x/0C6A8CC86A8CAFCE/Ubuntu2/CodeU/Dog1/official-mini-cheetah/checkpoints/official_mini_cheetah_flat_jump_v1_r3 --ckpt-prefix official_mini_cheetah_flat_jump_v1_r3 --logdir /run/media/pma213x/0C6A8CC86A8CAFCE/Ubuntu2/CodeU/Dog1/official-mini-cheetah/runs/official_mini_cheetah_flat_jump_v1_r3/P1_parallel --bridge-port 11452 --num-envs 4 --checkpoint-interval 20000 --randomization-mode fixed --seed 20261003 --phase-step-offset 80000 --resume /run/media/pma213x/0C6A8CC86A8CAFCE/Ubuntu2/CodeU/Dog1/official-mini-cheetah/checkpoints/official_mini_cheetah_flat_jump_v1_r3/official_mini_cheetah_flat_jump_v1_r3_final.zip
[2026-10-05T13:28:21+0800] P1 四 worker 实时健康确认通过
[2026-10-05T13:28:40+0800] P1 启动：/usr/bin/python3 -m rl.train --phase P1 --total-steps 110000 --device cuda --ckptdir /run/media/pma213x/0C6A8CC86A8CAFCE/Ubuntu2/CodeU/Dog1/official-mini-cheetah/checkpoints/official_mini_cheetah_flat_jump_v1_r3 --ckpt-prefix official_mini_cheetah_flat_jump_v1_r3 --logdir /run/media/pma213x/0C6A8CC86A8CAFCE/Ubuntu2/CodeU/Dog1/official-mini-cheetah/runs/official_mini_cheetah_flat_jump_v1_r3/P1_parallel --bridge-port 11452 --num-envs 4 --checkpoint-interval 20000 --randomization-mode fixed --seed 20261003 --phase-step-offset 90000 --resume /run/media/pma213x/0C6A8CC86A8CAFCE/Ubuntu2/CodeU/Dog1/official-mini-cheetah/checkpoints/official_mini_cheetah_flat_jump_v1_r3/official_mini_cheetah_flat_jump_v1_r3_final.zip
[2026-10-05T13:28:46+0800] P1 四 worker 实时健康确认通过
[2026-10-05T13:29:06+0800] P1 验收命令：/usr/bin/python3 -m rl.evaluate --phase P1 --gate --checkpoint /run/media/pma213x/0C6A8CC86A8CAFCE/Ubuntu2/CodeU/Dog1/official-mini-cheetah/checkpoints/official_mini_cheetah_flat_jump_v1_r3/official_mini_cheetah_flat_jump_v1_r3_final.zip --output /run/media/pma213x/0C6A8CC86A8CAFCE/Ubuntu2/CodeU/Dog1/official-mini-cheetah/logs/official_mini_cheetah_flat_jump_v1_r3/P1_gate_attempt_0.json
[2026-10-05T13:29:36+0800] P1 验收未通过，report.passed=false
[2026-10-05T13:29:36+0800] P1 验收命令：/usr/bin/python3 -m rl.evaluate --phase P1 --gate --checkpoint /run/media/pma213x/0C6A8CC86A8CAFCE/Ubuntu2/CodeU/Dog1/official-mini-cheetah/checkpoints/official_mini_cheetah_flat_jump_v1_r3/official_mini_cheetah_flat_jump_v1_r3_final.zip --output /run/media/pma213x/0C6A8CC86A8CAFCE/Ubuntu2/CodeU/Dog1/official-mini-cheetah/logs/official_mini_cheetah_flat_jump_v1_r3/P1_gate_attempt_1.json
[2026-10-05T13:30:06+0800] P1 验收未通过，report.passed=false
[2026-10-05T13:30:06+0800] P1 验收命令：/usr/bin/python3 -m rl.evaluate --phase P1 --gate --checkpoint /run/media/pma213x/0C6A8CC86A8CAFCE/Ubuntu2/CodeU/Dog1/official-mini-cheetah/checkpoints/official_mini_cheetah_flat_jump_v1_r3/official_mini_cheetah_flat_jump_v1_r3_final.zip --output /run/media/pma213x/0C6A8CC86A8CAFCE/Ubuntu2/CodeU/Dog1/official-mini-cheetah/logs/official_mini_cheetah_flat_jump_v1_r3/P1_gate_attempt_2.json
[2026-10-05T13:30:37+0800] P1 验收未通过，report.passed=false
[2026-10-05T13:30:37+0800] P1 连续 Gate 批次结果=[False, False, False]
[2026-10-05T13:30:37+0800] P1 启动：/usr/bin/python3 -m rl.train --phase P1 --total-steps 120000 --device cuda --ckptdir /run/media/pma213x/0C6A8CC86A8CAFCE/Ubuntu2/CodeU/Dog1/official-mini-cheetah/checkpoints/official_mini_cheetah_flat_jump_v1_r3 --ckpt-prefix official_mini_cheetah_flat_jump_v1_r3 --logdir /run/media/pma213x/0C6A8CC86A8CAFCE/Ubuntu2/CodeU/Dog1/official-mini-cheetah/runs/official_mini_cheetah_flat_jump_v1_r3/P1_parallel --bridge-port 11452 --num-envs 4 --checkpoint-interval 20000 --randomization-mode fixed --seed 20261003 --phase-step-offset 100000 --resume /run/media/pma213x/0C6A8CC86A8CAFCE/Ubuntu2/CodeU/Dog1/official-mini-cheetah/checkpoints/official_mini_cheetah_flat_jump_v1_r3/official_mini_cheetah_flat_jump_v1_r3_final.zip
[2026-10-05T13:30:43+0800] P1 四 worker 实时健康确认通过
[2026-10-05T13:31:03+0800] P1 验收命令：/usr/bin/python3 -m rl.evaluate --phase P1 --gate --checkpoint /run/media/pma213x/0C6A8CC86A8CAFCE/Ubuntu2/CodeU/Dog1/official-mini-cheetah/checkpoints/official_mini_cheetah_flat_jump_v1_r3/official_mini_cheetah_flat_jump_v1_r3_final.zip --output /run/media/pma213x/0C6A8CC86A8CAFCE/Ubuntu2/CodeU/Dog1/official-mini-cheetah/logs/official_mini_cheetah_flat_jump_v1_r3/P1_gate_attempt_0.json
[2026-10-05T13:31:34+0800] P1 验收未通过，report.passed=false
[2026-10-05T13:31:34+0800] P1 验收命令：/usr/bin/python3 -m rl.evaluate --phase P1 --gate --checkpoint /run/media/pma213x/0C6A8CC86A8CAFCE/Ubuntu2/CodeU/Dog1/official-mini-cheetah/checkpoints/official_mini_cheetah_flat_jump_v1_r3/official_mini_cheetah_flat_jump_v1_r3_final.zip --output /run/media/pma213x/0C6A8CC86A8CAFCE/Ubuntu2/CodeU/Dog1/official-mini-cheetah/logs/official_mini_cheetah_flat_jump_v1_r3/P1_gate_attempt_1.json
[2026-10-05T13:32:04+0800] P1 验收未通过，report.passed=false
[2026-10-05T13:32:04+0800] P1 验收命令：/usr/bin/python3 -m rl.evaluate --phase P1 --gate --checkpoint /run/media/pma213x/0C6A8CC86A8CAFCE/Ubuntu2/CodeU/Dog1/official-mini-cheetah/checkpoints/official_mini_cheetah_flat_jump_v1_r3/official_mini_cheetah_flat_jump_v1_r3_final.zip --output /run/media/pma213x/0C6A8CC86A8CAFCE/Ubuntu2/CodeU/Dog1/official-mini-cheetah/logs/official_mini_cheetah_flat_jump_v1_r3/P1_gate_attempt_2.json
[2026-10-05T13:32:29+0800] P1 验收未通过，report.passed=false
[2026-10-05T13:32:29+0800] P1 连续 Gate 批次结果=[False, False, False]
[2026-10-05T13:32:29+0800] P1 启动：/usr/bin/python3 -m rl.train --phase P1 --total-steps 130000 --device cuda --ckptdir /run/media/pma213x/0C6A8CC86A8CAFCE/Ubuntu2/CodeU/Dog1/official-mini-cheetah/checkpoints/official_mini_cheetah_flat_jump_v1_r3 --ckpt-prefix official_mini_cheetah_flat_jump_v1_r3 --logdir /run/media/pma213x/0C6A8CC86A8CAFCE/Ubuntu2/CodeU/Dog1/official-mini-cheetah/runs/official_mini_cheetah_flat_jump_v1_r3/P1_parallel --bridge-port 11452 --num-envs 4 --checkpoint-interval 20000 --randomization-mode fixed --seed 20261003 --phase-step-offset 110000 --resume /run/media/pma213x/0C6A8CC86A8CAFCE/Ubuntu2/CodeU/Dog1/official-mini-cheetah/checkpoints/official_mini_cheetah_flat_jump_v1_r3/official_mini_cheetah_flat_jump_v1_r3_final.zip
[2026-10-05T13:32:36+0800] P1 四 worker 实时健康确认通过
[2026-10-05T13:32:55+0800] P1 验收命令：/usr/bin/python3 -m rl.evaluate --phase P1 --gate --checkpoint /run/media/pma213x/0C6A8CC86A8CAFCE/Ubuntu2/CodeU/Dog1/official-mini-cheetah/checkpoints/official_mini_cheetah_flat_jump_v1_r3/official_mini_cheetah_flat_jump_v1_r3_final.zip --output /run/media/pma213x/0C6A8CC86A8CAFCE/Ubuntu2/CodeU/Dog1/official-mini-cheetah/logs/official_mini_cheetah_flat_jump_v1_r3/P1_gate_attempt_0.json
[2026-10-05T13:33:20+0800] P1 验收未通过，report.passed=false
[2026-10-05T13:33:20+0800] P1 验收命令：/usr/bin/python3 -m rl.evaluate --phase P1 --gate --checkpoint /run/media/pma213x/0C6A8CC86A8CAFCE/Ubuntu2/CodeU/Dog1/official-mini-cheetah/checkpoints/official_mini_cheetah_flat_jump_v1_r3/official_mini_cheetah_flat_jump_v1_r3_final.zip --output /run/media/pma213x/0C6A8CC86A8CAFCE/Ubuntu2/CodeU/Dog1/official-mini-cheetah/logs/official_mini_cheetah_flat_jump_v1_r3/P1_gate_attempt_1.json
[2026-10-05T13:33:45+0800] P1 验收未通过，report.passed=false
[2026-10-05T13:33:45+0800] P1 验收命令：/usr/bin/python3 -m rl.evaluate --phase P1 --gate --checkpoint /run/media/pma213x/0C6A8CC86A8CAFCE/Ubuntu2/CodeU/Dog1/official-mini-cheetah/checkpoints/official_mini_cheetah_flat_jump_v1_r3/official_mini_cheetah_flat_jump_v1_r3_final.zip --output /run/media/pma213x/0C6A8CC86A8CAFCE/Ubuntu2/CodeU/Dog1/official-mini-cheetah/logs/official_mini_cheetah_flat_jump_v1_r3/P1_gate_attempt_2.json
[2026-10-05T13:34:09+0800] P1 验收未通过，report.passed=false
[2026-10-05T13:34:09+0800] P1 连续 Gate 批次结果=[False, False, False]
[2026-10-05T13:34:09+0800] P1 启动：/usr/bin/python3 -m rl.train --phase P1 --total-steps 140000 --device cuda --ckptdir /run/media/pma213x/0C6A8CC86A8CAFCE/Ubuntu2/CodeU/Dog1/official-mini-cheetah/checkpoints/official_mini_cheetah_flat_jump_v1_r3 --ckpt-prefix official_mini_cheetah_flat_jump_v1_r3 --logdir /run/media/pma213x/0C6A8CC86A8CAFCE/Ubuntu2/CodeU/Dog1/official-mini-cheetah/runs/official_mini_cheetah_flat_jump_v1_r3/P1_parallel --bridge-port 11452 --num-envs 4 --checkpoint-interval 20000 --randomization-mode fixed --seed 20261003 --phase-step-offset 120000 --resume /run/media/pma213x/0C6A8CC86A8CAFCE/Ubuntu2/CodeU/Dog1/official-mini-cheetah/checkpoints/official_mini_cheetah_flat_jump_v1_r3/official_mini_cheetah_flat_jump_v1_r3_final.zip
[2026-10-05T13:34:15+0800] P1 四 worker 实时健康确认通过
[2026-10-05T13:34:28+0800] P1 验收命令：/usr/bin/python3 -m rl.evaluate --phase P1 --gate --checkpoint /run/media/pma213x/0C6A8CC86A8CAFCE/Ubuntu2/CodeU/Dog1/official-mini-cheetah/checkpoints/official_mini_cheetah_flat_jump_v1_r3/official_mini_cheetah_flat_jump_v1_r3_final.zip --output /run/media/pma213x/0C6A8CC86A8CAFCE/Ubuntu2/CodeU/Dog1/official-mini-cheetah/logs/official_mini_cheetah_flat_jump_v1_r3/P1_gate_attempt_0.json
[2026-10-05T13:34:52+0800] P1 验收未通过，report.passed=false
[2026-10-05T13:34:52+0800] P1 验收命令：/usr/bin/python3 -m rl.evaluate --phase P1 --gate --checkpoint /run/media/pma213x/0C6A8CC86A8CAFCE/Ubuntu2/CodeU/Dog1/official-mini-cheetah/checkpoints/official_mini_cheetah_flat_jump_v1_r3/official_mini_cheetah_flat_jump_v1_r3_final.zip --output /run/media/pma213x/0C6A8CC86A8CAFCE/Ubuntu2/CodeU/Dog1/official-mini-cheetah/logs/official_mini_cheetah_flat_jump_v1_r3/P1_gate_attempt_1.json
[2026-10-05T13:35:16+0800] P1 验收未通过，report.passed=false
[2026-10-05T13:35:16+0800] P1 验收命令：/usr/bin/python3 -m rl.evaluate --phase P1 --gate --checkpoint /run/media/pma213x/0C6A8CC86A8CAFCE/Ubuntu2/CodeU/Dog1/official-mini-cheetah/checkpoints/official_mini_cheetah_flat_jump_v1_r3/official_mini_cheetah_flat_jump_v1_r3_final.zip --output /run/media/pma213x/0C6A8CC86A8CAFCE/Ubuntu2/CodeU/Dog1/official-mini-cheetah/logs/official_mini_cheetah_flat_jump_v1_r3/P1_gate_attempt_2.json
[2026-10-05T13:35:39+0800] P1 验收未通过，report.passed=false
[2026-10-05T13:35:39+0800] P1 连续 Gate 批次结果=[False, False, False]
[2026-10-05T13:35:39+0800] P1 启动：/usr/bin/python3 -m rl.train --phase P1 --total-steps 150000 --device cuda --ckptdir /run/media/pma213x/0C6A8CC86A8CAFCE/Ubuntu2/CodeU/Dog1/official-mini-cheetah/checkpoints/official_mini_cheetah_flat_jump_v1_r3 --ckpt-prefix official_mini_cheetah_flat_jump_v1_r3 --logdir /run/media/pma213x/0C6A8CC86A8CAFCE/Ubuntu2/CodeU/Dog1/official-mini-cheetah/runs/official_mini_cheetah_flat_jump_v1_r3/P1_parallel --bridge-port 11452 --num-envs 4 --checkpoint-interval 20000 --randomization-mode fixed --seed 20261003 --phase-step-offset 130000 --resume /run/media/pma213x/0C6A8CC86A8CAFCE/Ubuntu2/CodeU/Dog1/official-mini-cheetah/checkpoints/official_mini_cheetah_flat_jump_v1_r3/official_mini_cheetah_flat_jump_v1_r3_final.zip
[2026-10-05T13:35:46+0800] P1 四 worker 实时健康确认通过
[2026-10-05T13:36:00+0800] P1 验收命令：/usr/bin/python3 -m rl.evaluate --phase P1 --gate --checkpoint /run/media/pma213x/0C6A8CC86A8CAFCE/Ubuntu2/CodeU/Dog1/official-mini-cheetah/checkpoints/official_mini_cheetah_flat_jump_v1_r3/official_mini_cheetah_flat_jump_v1_r3_final.zip --output /run/media/pma213x/0C6A8CC86A8CAFCE/Ubuntu2/CodeU/Dog1/official-mini-cheetah/logs/official_mini_cheetah_flat_jump_v1_r3/P1_gate_attempt_0.json
[2026-10-05T13:36:23+0800] P1 验收未通过，report.passed=false
[2026-10-05T13:36:23+0800] P1 验收命令：/usr/bin/python3 -m rl.evaluate --phase P1 --gate --checkpoint /run/media/pma213x/0C6A8CC86A8CAFCE/Ubuntu2/CodeU/Dog1/official-mini-cheetah/checkpoints/official_mini_cheetah_flat_jump_v1_r3/official_mini_cheetah_flat_jump_v1_r3_final.zip --output /run/media/pma213x/0C6A8CC86A8CAFCE/Ubuntu2/CodeU/Dog1/official-mini-cheetah/logs/official_mini_cheetah_flat_jump_v1_r3/P1_gate_attempt_1.json
[2026-10-05T13:36:47+0800] P1 验收未通过，report.passed=false
[2026-10-05T13:36:47+0800] P1 验收命令：/usr/bin/python3 -m rl.evaluate --phase P1 --gate --checkpoint /run/media/pma213x/0C6A8CC86A8CAFCE/Ubuntu2/CodeU/Dog1/official-mini-cheetah/checkpoints/official_mini_cheetah_flat_jump_v1_r3/official_mini_cheetah_flat_jump_v1_r3_final.zip --output /run/media/pma213x/0C6A8CC86A8CAFCE/Ubuntu2/CodeU/Dog1/official-mini-cheetah/logs/official_mini_cheetah_flat_jump_v1_r3/P1_gate_attempt_2.json
[2026-10-05T13:37:11+0800] P1 验收未通过，report.passed=false
[2026-10-05T13:37:11+0800] P1 连续 Gate 批次结果=[False, False, False]
[2026-10-05T13:37:11+0800] P1 启动：/usr/bin/python3 -m rl.train --phase P1 --total-steps 160000 --device cuda --ckptdir /run/media/pma213x/0C6A8CC86A8CAFCE/Ubuntu2/CodeU/Dog1/official-mini-cheetah/checkpoints/official_mini_cheetah_flat_jump_v1_r3 --ckpt-prefix official_mini_cheetah_flat_jump_v1_r3 --logdir /run/media/pma213x/0C6A8CC86A8CAFCE/Ubuntu2/CodeU/Dog1/official-mini-cheetah/runs/official_mini_cheetah_flat_jump_v1_r3/P1_parallel --bridge-port 11452 --num-envs 4 --checkpoint-interval 20000 --randomization-mode fixed --seed 20261003 --phase-step-offset 140000 --resume /run/media/pma213x/0C6A8CC86A8CAFCE/Ubuntu2/CodeU/Dog1/official-mini-cheetah/checkpoints/official_mini_cheetah_flat_jump_v1_r3/official_mini_cheetah_flat_jump_v1_r3_final.zip
[2026-10-05T13:37:17+0800] P1 四 worker 实时健康确认通过
[2026-10-05T13:37:31+0800] P1 验收命令：/usr/bin/python3 -m rl.evaluate --phase P1 --gate --checkpoint /run/media/pma213x/0C6A8CC86A8CAFCE/Ubuntu2/CodeU/Dog1/official-mini-cheetah/checkpoints/official_mini_cheetah_flat_jump_v1_r3/official_mini_cheetah_flat_jump_v1_r3_final.zip --output /run/media/pma213x/0C6A8CC86A8CAFCE/Ubuntu2/CodeU/Dog1/official-mini-cheetah/logs/official_mini_cheetah_flat_jump_v1_r3/P1_gate_attempt_0.json
[2026-10-05T13:37:55+0800] P1 验收未通过，report.passed=false
[2026-10-05T13:37:55+0800] P1 验收命令：/usr/bin/python3 -m rl.evaluate --phase P1 --gate --checkpoint /run/media/pma213x/0C6A8CC86A8CAFCE/Ubuntu2/CodeU/Dog1/official-mini-cheetah/checkpoints/official_mini_cheetah_flat_jump_v1_r3/official_mini_cheetah_flat_jump_v1_r3_final.zip --output /run/media/pma213x/0C6A8CC86A8CAFCE/Ubuntu2/CodeU/Dog1/official-mini-cheetah/logs/official_mini_cheetah_flat_jump_v1_r3/P1_gate_attempt_1.json
[2026-10-05T13:38:20+0800] P1 验收未通过，report.passed=false
[2026-10-05T13:38:20+0800] P1 验收命令：/usr/bin/python3 -m rl.evaluate --phase P1 --gate --checkpoint /run/media/pma213x/0C6A8CC86A8CAFCE/Ubuntu2/CodeU/Dog1/official-mini-cheetah/checkpoints/official_mini_cheetah_flat_jump_v1_r3/official_mini_cheetah_flat_jump_v1_r3_final.zip --output /run/media/pma213x/0C6A8CC86A8CAFCE/Ubuntu2/CodeU/Dog1/official-mini-cheetah/logs/official_mini_cheetah_flat_jump_v1_r3/P1_gate_attempt_2.json
[2026-10-05T13:38:44+0800] P1 验收未通过，report.passed=false
[2026-10-05T13:38:44+0800] P1 连续 Gate 批次结果=[False, False, False]
[2026-10-05T13:38:44+0800] P1 启动：/usr/bin/python3 -m rl.train --phase P1 --total-steps 170000 --device cuda --ckptdir /run/media/pma213x/0C6A8CC86A8CAFCE/Ubuntu2/CodeU/Dog1/official-mini-cheetah/checkpoints/official_mini_cheetah_flat_jump_v1_r3 --ckpt-prefix official_mini_cheetah_flat_jump_v1_r3 --logdir /run/media/pma213x/0C6A8CC86A8CAFCE/Ubuntu2/CodeU/Dog1/official-mini-cheetah/runs/official_mini_cheetah_flat_jump_v1_r3/P1_parallel --bridge-port 11452 --num-envs 4 --checkpoint-interval 20000 --randomization-mode fixed --seed 20261003 --phase-step-offset 150000 --resume /run/media/pma213x/0C6A8CC86A8CAFCE/Ubuntu2/CodeU/Dog1/official-mini-cheetah/checkpoints/official_mini_cheetah_flat_jump_v1_r3/official_mini_cheetah_flat_jump_v1_r3_final.zip
[2026-10-05T13:38:50+0800] P1 四 worker 实时健康确认通过
[2026-10-05T13:39:03+0800] P1 验收命令：/usr/bin/python3 -m rl.evaluate --phase P1 --gate --checkpoint /run/media/pma213x/0C6A8CC86A8CAFCE/Ubuntu2/CodeU/Dog1/official-mini-cheetah/checkpoints/official_mini_cheetah_flat_jump_v1_r3/official_mini_cheetah_flat_jump_v1_r3_final.zip --output /run/media/pma213x/0C6A8CC86A8CAFCE/Ubuntu2/CodeU/Dog1/official-mini-cheetah/logs/official_mini_cheetah_flat_jump_v1_r3/P1_gate_attempt_0.json
[2026-10-05T13:39:27+0800] P1 验收未通过，report.passed=false
[2026-10-05T13:39:27+0800] P1 验收命令：/usr/bin/python3 -m rl.evaluate --phase P1 --gate --checkpoint /run/media/pma213x/0C6A8CC86A8CAFCE/Ubuntu2/CodeU/Dog1/official-mini-cheetah/checkpoints/official_mini_cheetah_flat_jump_v1_r3/official_mini_cheetah_flat_jump_v1_r3_final.zip --output /run/media/pma213x/0C6A8CC86A8CAFCE/Ubuntu2/CodeU/Dog1/official-mini-cheetah/logs/official_mini_cheetah_flat_jump_v1_r3/P1_gate_attempt_1.json
[2026-10-05T13:39:50+0800] P1 验收未通过，report.passed=false
[2026-10-05T13:39:50+0800] P1 验收命令：/usr/bin/python3 -m rl.evaluate --phase P1 --gate --checkpoint /run/media/pma213x/0C6A8CC86A8CAFCE/Ubuntu2/CodeU/Dog1/official-mini-cheetah/checkpoints/official_mini_cheetah_flat_jump_v1_r3/official_mini_cheetah_flat_jump_v1_r3_final.zip --output /run/media/pma213x/0C6A8CC86A8CAFCE/Ubuntu2/CodeU/Dog1/official-mini-cheetah/logs/official_mini_cheetah_flat_jump_v1_r3/P1_gate_attempt_2.json
[2026-10-05T13:40:14+0800] P1 验收未通过，report.passed=false
[2026-10-05T13:40:14+0800] P1 连续 Gate 批次结果=[False, False, False]
[2026-10-05T13:40:14+0800] P1 启动：/usr/bin/python3 -m rl.train --phase P1 --total-steps 180000 --device cuda --ckptdir /run/media/pma213x/0C6A8CC86A8CAFCE/Ubuntu2/CodeU/Dog1/official-mini-cheetah/checkpoints/official_mini_cheetah_flat_jump_v1_r3 --ckpt-prefix official_mini_cheetah_flat_jump_v1_r3 --logdir /run/media/pma213x/0C6A8CC86A8CAFCE/Ubuntu2/CodeU/Dog1/official-mini-cheetah/runs/official_mini_cheetah_flat_jump_v1_r3/P1_parallel --bridge-port 11452 --num-envs 4 --checkpoint-interval 20000 --randomization-mode fixed --seed 20261003 --phase-step-offset 160000 --resume /run/media/pma213x/0C6A8CC86A8CAFCE/Ubuntu2/CodeU/Dog1/official-mini-cheetah/checkpoints/official_mini_cheetah_flat_jump_v1_r3/official_mini_cheetah_flat_jump_v1_r3_final.zip
[2026-10-05T13:40:20+0800] P1 四 worker 实时健康确认通过
[2026-10-05T13:40:33+0800] P1 验收命令：/usr/bin/python3 -m rl.evaluate --phase P1 --gate --checkpoint /run/media/pma213x/0C6A8CC86A8CAFCE/Ubuntu2/CodeU/Dog1/official-mini-cheetah/checkpoints/official_mini_cheetah_flat_jump_v1_r3/official_mini_cheetah_flat_jump_v1_r3_final.zip --output /run/media/pma213x/0C6A8CC86A8CAFCE/Ubuntu2/CodeU/Dog1/official-mini-cheetah/logs/official_mini_cheetah_flat_jump_v1_r3/P1_gate_attempt_0.json
[2026-10-05T13:40:56+0800] P1 验收未通过，report.passed=false
[2026-10-05T13:40:56+0800] P1 验收命令：/usr/bin/python3 -m rl.evaluate --phase P1 --gate --checkpoint /run/media/pma213x/0C6A8CC86A8CAFCE/Ubuntu2/CodeU/Dog1/official-mini-cheetah/checkpoints/official_mini_cheetah_flat_jump_v1_r3/official_mini_cheetah_flat_jump_v1_r3_final.zip --output /run/media/pma213x/0C6A8CC86A8CAFCE/Ubuntu2/CodeU/Dog1/official-mini-cheetah/logs/official_mini_cheetah_flat_jump_v1_r3/P1_gate_attempt_1.json
[2026-10-05T13:41:19+0800] P1 验收未通过，report.passed=false
[2026-10-05T13:41:19+0800] P1 验收命令：/usr/bin/python3 -m rl.evaluate --phase P1 --gate --checkpoint /run/media/pma213x/0C6A8CC86A8CAFCE/Ubuntu2/CodeU/Dog1/official-mini-cheetah/checkpoints/official_mini_cheetah_flat_jump_v1_r3/official_mini_cheetah_flat_jump_v1_r3_final.zip --output /run/media/pma213x/0C6A8CC86A8CAFCE/Ubuntu2/CodeU/Dog1/official-mini-cheetah/logs/official_mini_cheetah_flat_jump_v1_r3/P1_gate_attempt_2.json
[2026-10-05T13:41:42+0800] P1 验收未通过，report.passed=false
[2026-10-05T13:41:42+0800] P1 连续 Gate 批次结果=[False, False, False]
[2026-10-05T13:41:42+0800] P1 启动：/usr/bin/python3 -m rl.train --phase P1 --total-steps 190000 --device cuda --ckptdir /run/media/pma213x/0C6A8CC86A8CAFCE/Ubuntu2/CodeU/Dog1/official-mini-cheetah/checkpoints/official_mini_cheetah_flat_jump_v1_r3 --ckpt-prefix official_mini_cheetah_flat_jump_v1_r3 --logdir /run/media/pma213x/0C6A8CC86A8CAFCE/Ubuntu2/CodeU/Dog1/official-mini-cheetah/runs/official_mini_cheetah_flat_jump_v1_r3/P1_parallel --bridge-port 11452 --num-envs 4 --checkpoint-interval 20000 --randomization-mode fixed --seed 20261003 --phase-step-offset 170000 --resume /run/media/pma213x/0C6A8CC86A8CAFCE/Ubuntu2/CodeU/Dog1/official-mini-cheetah/checkpoints/official_mini_cheetah_flat_jump_v1_r3/official_mini_cheetah_flat_jump_v1_r3_final.zip
[2026-10-05T13:41:48+0800] P1 四 worker 实时健康确认通过
[2026-10-05T13:42:01+0800] P1 验收命令：/usr/bin/python3 -m rl.evaluate --phase P1 --gate --checkpoint /run/media/pma213x/0C6A8CC86A8CAFCE/Ubuntu2/CodeU/Dog1/official-mini-cheetah/checkpoints/official_mini_cheetah_flat_jump_v1_r3/official_mini_cheetah_flat_jump_v1_r3_final.zip --output /run/media/pma213x/0C6A8CC86A8CAFCE/Ubuntu2/CodeU/Dog1/official-mini-cheetah/logs/official_mini_cheetah_flat_jump_v1_r3/P1_gate_attempt_0.json
[2026-10-05T13:42:25+0800] P1 验收未通过，report.passed=false
[2026-10-05T13:42:25+0800] P1 验收命令：/usr/bin/python3 -m rl.evaluate --phase P1 --gate --checkpoint /run/media/pma213x/0C6A8CC86A8CAFCE/Ubuntu2/CodeU/Dog1/official-mini-cheetah/checkpoints/official_mini_cheetah_flat_jump_v1_r3/official_mini_cheetah_flat_jump_v1_r3_final.zip --output /run/media/pma213x/0C6A8CC86A8CAFCE/Ubuntu2/CodeU/Dog1/official-mini-cheetah/logs/official_mini_cheetah_flat_jump_v1_r3/P1_gate_attempt_1.json
[2026-10-05T13:42:48+0800] P1 验收未通过，report.passed=false
[2026-10-05T13:42:48+0800] P1 验收命令：/usr/bin/python3 -m rl.evaluate --phase P1 --gate --checkpoint /run/media/pma213x/0C6A8CC86A8CAFCE/Ubuntu2/CodeU/Dog1/official-mini-cheetah/checkpoints/official_mini_cheetah_flat_jump_v1_r3/official_mini_cheetah_flat_jump_v1_r3_final.zip --output /run/media/pma213x/0C6A8CC86A8CAFCE/Ubuntu2/CodeU/Dog1/official-mini-cheetah/logs/official_mini_cheetah_flat_jump_v1_r3/P1_gate_attempt_2.json
[2026-10-05T13:43:11+0800] P1 验收未通过，report.passed=false
[2026-10-05T13:43:11+0800] P1 连续 Gate 批次结果=[False, False, False]
[2026-10-05T13:43:11+0800] P1 启动：/usr/bin/python3 -m rl.train --phase P1 --total-steps 200000 --device cuda --ckptdir /run/media/pma213x/0C6A8CC86A8CAFCE/Ubuntu2/CodeU/Dog1/official-mini-cheetah/checkpoints/official_mini_cheetah_flat_jump_v1_r3 --ckpt-prefix official_mini_cheetah_flat_jump_v1_r3 --logdir /run/media/pma213x/0C6A8CC86A8CAFCE/Ubuntu2/CodeU/Dog1/official-mini-cheetah/runs/official_mini_cheetah_flat_jump_v1_r3/P1_parallel --bridge-port 11452 --num-envs 4 --checkpoint-interval 20000 --randomization-mode fixed --seed 20261003 --phase-step-offset 180000 --resume /run/media/pma213x/0C6A8CC86A8CAFCE/Ubuntu2/CodeU/Dog1/official-mini-cheetah/checkpoints/official_mini_cheetah_flat_jump_v1_r3/official_mini_cheetah_flat_jump_v1_r3_final.zip
[2026-10-05T13:43:15+0800] P1 四 worker 实时健康确认通过
[2026-10-05T13:43:29+0800] P1 验收命令：/usr/bin/python3 -m rl.evaluate --phase P1 --gate --checkpoint /run/media/pma213x/0C6A8CC86A8CAFCE/Ubuntu2/CodeU/Dog1/official-mini-cheetah/checkpoints/official_mini_cheetah_flat_jump_v1_r3/official_mini_cheetah_flat_jump_v1_r3_final.zip --output /run/media/pma213x/0C6A8CC86A8CAFCE/Ubuntu2/CodeU/Dog1/official-mini-cheetah/logs/official_mini_cheetah_flat_jump_v1_r3/P1_gate_attempt_0.json
[2026-10-05T13:43:52+0800] P1 验收未通过，report.passed=false
[2026-10-05T13:43:52+0800] P1 验收命令：/usr/bin/python3 -m rl.evaluate --phase P1 --gate --checkpoint /run/media/pma213x/0C6A8CC86A8CAFCE/Ubuntu2/CodeU/Dog1/official-mini-cheetah/checkpoints/official_mini_cheetah_flat_jump_v1_r3/official_mini_cheetah_flat_jump_v1_r3_final.zip --output /run/media/pma213x/0C6A8CC86A8CAFCE/Ubuntu2/CodeU/Dog1/official-mini-cheetah/logs/official_mini_cheetah_flat_jump_v1_r3/P1_gate_attempt_1.json
[2026-10-05T13:44:15+0800] P1 验收未通过，report.passed=false
[2026-10-05T13:44:15+0800] P1 验收命令：/usr/bin/python3 -m rl.evaluate --phase P1 --gate --checkpoint /run/media/pma213x/0C6A8CC86A8CAFCE/Ubuntu2/CodeU/Dog1/official-mini-cheetah/checkpoints/official_mini_cheetah_flat_jump_v1_r3/official_mini_cheetah_flat_jump_v1_r3_final.zip --output /run/media/pma213x/0C6A8CC86A8CAFCE/Ubuntu2/CodeU/Dog1/official-mini-cheetah/logs/official_mini_cheetah_flat_jump_v1_r3/P1_gate_attempt_2.json
[2026-10-05T13:44:39+0800] P1 验收未通过，report.passed=false
[2026-10-05T13:44:39+0800] P1 连续 Gate 批次结果=[False, False, False]
[2026-10-05T13:44:39+0800] P1 启动：/usr/bin/python3 -m rl.train --phase P1 --total-steps 210000 --device cuda --ckptdir /run/media/pma213x/0C6A8CC86A8CAFCE/Ubuntu2/CodeU/Dog1/official-mini-cheetah/checkpoints/official_mini_cheetah_flat_jump_v1_r3 --ckpt-prefix official_mini_cheetah_flat_jump_v1_r3 --logdir /run/media/pma213x/0C6A8CC86A8CAFCE/Ubuntu2/CodeU/Dog1/official-mini-cheetah/runs/official_mini_cheetah_flat_jump_v1_r3/P1_parallel --bridge-port 11452 --num-envs 4 --checkpoint-interval 20000 --randomization-mode fixed --seed 20261003 --phase-step-offset 190000 --resume /run/media/pma213x/0C6A8CC86A8CAFCE/Ubuntu2/CodeU/Dog1/official-mini-cheetah/checkpoints/official_mini_cheetah_flat_jump_v1_r3/official_mini_cheetah_flat_jump_v1_r3_final.zip
[2026-10-05T13:44:45+0800] P1 四 worker 实时健康确认通过
[2026-10-05T13:44:58+0800] P1 验收命令：/usr/bin/python3 -m rl.evaluate --phase P1 --gate --checkpoint /run/media/pma213x/0C6A8CC86A8CAFCE/Ubuntu2/CodeU/Dog1/official-mini-cheetah/checkpoints/official_mini_cheetah_flat_jump_v1_r3/official_mini_cheetah_flat_jump_v1_r3_final.zip --output /run/media/pma213x/0C6A8CC86A8CAFCE/Ubuntu2/CodeU/Dog1/official-mini-cheetah/logs/official_mini_cheetah_flat_jump_v1_r3/P1_gate_attempt_0.json
[2026-10-05T13:45:22+0800] P1 验收未通过，report.passed=false
[2026-10-05T13:45:22+0800] P1 验收命令：/usr/bin/python3 -m rl.evaluate --phase P1 --gate --checkpoint /run/media/pma213x/0C6A8CC86A8CAFCE/Ubuntu2/CodeU/Dog1/official-mini-cheetah/checkpoints/official_mini_cheetah_flat_jump_v1_r3/official_mini_cheetah_flat_jump_v1_r3_final.zip --output /run/media/pma213x/0C6A8CC86A8CAFCE/Ubuntu2/CodeU/Dog1/official-mini-cheetah/logs/official_mini_cheetah_flat_jump_v1_r3/P1_gate_attempt_1.json
[2026-10-05T13:45:47+0800] P1 验收未通过，report.passed=false
[2026-10-05T13:45:47+0800] P1 验收命令：/usr/bin/python3 -m rl.evaluate --phase P1 --gate --checkpoint /run/media/pma213x/0C6A8CC86A8CAFCE/Ubuntu2/CodeU/Dog1/official-mini-cheetah/checkpoints/official_mini_cheetah_flat_jump_v1_r3/official_mini_cheetah_flat_jump_v1_r3_final.zip --output /run/media/pma213x/0C6A8CC86A8CAFCE/Ubuntu2/CodeU/Dog1/official-mini-cheetah/logs/official_mini_cheetah_flat_jump_v1_r3/P1_gate_attempt_2.json
[2026-10-05T13:46:11+0800] P1 验收未通过，report.passed=false
[2026-10-05T13:46:11+0800] P1 连续 Gate 批次结果=[False, False, False]
[2026-10-05T13:46:11+0800] P1 启动：/usr/bin/python3 -m rl.train --phase P1 --total-steps 220000 --device cuda --ckptdir /run/media/pma213x/0C6A8CC86A8CAFCE/Ubuntu2/CodeU/Dog1/official-mini-cheetah/checkpoints/official_mini_cheetah_flat_jump_v1_r3 --ckpt-prefix official_mini_cheetah_flat_jump_v1_r3 --logdir /run/media/pma213x/0C6A8CC86A8CAFCE/Ubuntu2/CodeU/Dog1/official-mini-cheetah/runs/official_mini_cheetah_flat_jump_v1_r3/P1_parallel --bridge-port 11452 --num-envs 4 --checkpoint-interval 20000 --randomization-mode fixed --seed 20261003 --phase-step-offset 200000 --resume /run/media/pma213x/0C6A8CC86A8CAFCE/Ubuntu2/CodeU/Dog1/official-mini-cheetah/checkpoints/official_mini_cheetah_flat_jump_v1_r3/official_mini_cheetah_flat_jump_v1_r3_final.zip
[2026-10-05T13:46:17+0800] P1 四 worker 实时健康确认通过
[2026-10-05T13:46:31+0800] P1 验收命令：/usr/bin/python3 -m rl.evaluate --phase P1 --gate --checkpoint /run/media/pma213x/0C6A8CC86A8CAFCE/Ubuntu2/CodeU/Dog1/official-mini-cheetah/checkpoints/official_mini_cheetah_flat_jump_v1_r3/official_mini_cheetah_flat_jump_v1_r3_final.zip --output /run/media/pma213x/0C6A8CC86A8CAFCE/Ubuntu2/CodeU/Dog1/official-mini-cheetah/logs/official_mini_cheetah_flat_jump_v1_r3/P1_gate_attempt_0.json
[2026-10-05T13:46:54+0800] P1 验收未通过，report.passed=false
[2026-10-05T13:46:54+0800] P1 验收命令：/usr/bin/python3 -m rl.evaluate --phase P1 --gate --checkpoint /run/media/pma213x/0C6A8CC86A8CAFCE/Ubuntu2/CodeU/Dog1/official-mini-cheetah/checkpoints/official_mini_cheetah_flat_jump_v1_r3/official_mini_cheetah_flat_jump_v1_r3_final.zip --output /run/media/pma213x/0C6A8CC86A8CAFCE/Ubuntu2/CodeU/Dog1/official-mini-cheetah/logs/official_mini_cheetah_flat_jump_v1_r3/P1_gate_attempt_1.json
[2026-10-05T13:47:18+0800] P1 验收未通过，report.passed=false
[2026-10-05T13:47:18+0800] P1 验收命令：/usr/bin/python3 -m rl.evaluate --phase P1 --gate --checkpoint /run/media/pma213x/0C6A8CC86A8CAFCE/Ubuntu2/CodeU/Dog1/official-mini-cheetah/checkpoints/official_mini_cheetah_flat_jump_v1_r3/official_mini_cheetah_flat_jump_v1_r3_final.zip --output /run/media/pma213x/0C6A8CC86A8CAFCE/Ubuntu2/CodeU/Dog1/official-mini-cheetah/logs/official_mini_cheetah_flat_jump_v1_r3/P1_gate_attempt_2.json
[2026-10-05T13:47:42+0800] P1 验收未通过，report.passed=false
[2026-10-05T13:47:42+0800] P1 连续 Gate 批次结果=[False, False, False]
[2026-10-05T13:47:42+0800] P1 启动：/usr/bin/python3 -m rl.train --phase P1 --total-steps 230000 --device cuda --ckptdir /run/media/pma213x/0C6A8CC86A8CAFCE/Ubuntu2/CodeU/Dog1/official-mini-cheetah/checkpoints/official_mini_cheetah_flat_jump_v1_r3 --ckpt-prefix official_mini_cheetah_flat_jump_v1_r3 --logdir /run/media/pma213x/0C6A8CC86A8CAFCE/Ubuntu2/CodeU/Dog1/official-mini-cheetah/runs/official_mini_cheetah_flat_jump_v1_r3/P1_parallel --bridge-port 11452 --num-envs 4 --checkpoint-interval 20000 --randomization-mode fixed --seed 20261003 --phase-step-offset 210000 --resume /run/media/pma213x/0C6A8CC86A8CAFCE/Ubuntu2/CodeU/Dog1/official-mini-cheetah/checkpoints/official_mini_cheetah_flat_jump_v1_r3/official_mini_cheetah_flat_jump_v1_r3_final.zip
[2026-10-05T13:47:48+0800] P1 四 worker 实时健康确认通过
[2026-10-05T13:48:03+0800] P1 验收命令：/usr/bin/python3 -m rl.evaluate --phase P1 --gate --checkpoint /run/media/pma213x/0C6A8CC86A8CAFCE/Ubuntu2/CodeU/Dog1/official-mini-cheetah/checkpoints/official_mini_cheetah_flat_jump_v1_r3/official_mini_cheetah_flat_jump_v1_r3_final.zip --output /run/media/pma213x/0C6A8CC86A8CAFCE/Ubuntu2/CodeU/Dog1/official-mini-cheetah/logs/official_mini_cheetah_flat_jump_v1_r3/P1_gate_attempt_0.json
[2026-10-05T13:48:27+0800] P1 验收未通过，report.passed=false
[2026-10-05T13:48:27+0800] P1 验收命令：/usr/bin/python3 -m rl.evaluate --phase P1 --gate --checkpoint /run/media/pma213x/0C6A8CC86A8CAFCE/Ubuntu2/CodeU/Dog1/official-mini-cheetah/checkpoints/official_mini_cheetah_flat_jump_v1_r3/official_mini_cheetah_flat_jump_v1_r3_final.zip --output /run/media/pma213x/0C6A8CC86A8CAFCE/Ubuntu2/CodeU/Dog1/official-mini-cheetah/logs/official_mini_cheetah_flat_jump_v1_r3/P1_gate_attempt_1.json
[2026-10-05T13:48:51+0800] P1 验收未通过，report.passed=false
[2026-10-05T13:48:51+0800] P1 验收命令：/usr/bin/python3 -m rl.evaluate --phase P1 --gate --checkpoint /run/media/pma213x/0C6A8CC86A8CAFCE/Ubuntu2/CodeU/Dog1/official-mini-cheetah/checkpoints/official_mini_cheetah_flat_jump_v1_r3/official_mini_cheetah_flat_jump_v1_r3_final.zip --output /run/media/pma213x/0C6A8CC86A8CAFCE/Ubuntu2/CodeU/Dog1/official-mini-cheetah/logs/official_mini_cheetah_flat_jump_v1_r3/P1_gate_attempt_2.json
[2026-10-05T13:49:14+0800] P1 验收未通过，report.passed=false
[2026-10-05T13:49:14+0800] P1 连续 Gate 批次结果=[False, False, False]
[2026-10-05T13:49:14+0800] P1 启动：/usr/bin/python3 -m rl.train --phase P1 --total-steps 240000 --device cuda --ckptdir /run/media/pma213x/0C6A8CC86A8CAFCE/Ubuntu2/CodeU/Dog1/official-mini-cheetah/checkpoints/official_mini_cheetah_flat_jump_v1_r3 --ckpt-prefix official_mini_cheetah_flat_jump_v1_r3 --logdir /run/media/pma213x/0C6A8CC86A8CAFCE/Ubuntu2/CodeU/Dog1/official-mini-cheetah/runs/official_mini_cheetah_flat_jump_v1_r3/P1_parallel --bridge-port 11452 --num-envs 4 --checkpoint-interval 20000 --randomization-mode fixed --seed 20261003 --phase-step-offset 220000 --resume /run/media/pma213x/0C6A8CC86A8CAFCE/Ubuntu2/CodeU/Dog1/official-mini-cheetah/checkpoints/official_mini_cheetah_flat_jump_v1_r3/official_mini_cheetah_flat_jump_v1_r3_final.zip
[2026-10-05T13:49:21+0800] P1 四 worker 实时健康确认通过
[2026-10-05T13:49:34+0800] P1 验收命令：/usr/bin/python3 -m rl.evaluate --phase P1 --gate --checkpoint /run/media/pma213x/0C6A8CC86A8CAFCE/Ubuntu2/CodeU/Dog1/official-mini-cheetah/checkpoints/official_mini_cheetah_flat_jump_v1_r3/official_mini_cheetah_flat_jump_v1_r3_final.zip --output /run/media/pma213x/0C6A8CC86A8CAFCE/Ubuntu2/CodeU/Dog1/official-mini-cheetah/logs/official_mini_cheetah_flat_jump_v1_r3/P1_gate_attempt_0.json
[2026-10-05T13:49:58+0800] P1 验收未通过，report.passed=false
[2026-10-05T13:49:58+0800] P1 验收命令：/usr/bin/python3 -m rl.evaluate --phase P1 --gate --checkpoint /run/media/pma213x/0C6A8CC86A8CAFCE/Ubuntu2/CodeU/Dog1/official-mini-cheetah/checkpoints/official_mini_cheetah_flat_jump_v1_r3/official_mini_cheetah_flat_jump_v1_r3_final.zip --output /run/media/pma213x/0C6A8CC86A8CAFCE/Ubuntu2/CodeU/Dog1/official-mini-cheetah/logs/official_mini_cheetah_flat_jump_v1_r3/P1_gate_attempt_1.json
[2026-10-05T13:50:23+0800] P1 验收未通过，report.passed=false
[2026-10-05T13:50:23+0800] P1 验收命令：/usr/bin/python3 -m rl.evaluate --phase P1 --gate --checkpoint /run/media/pma213x/0C6A8CC86A8CAFCE/Ubuntu2/CodeU/Dog1/official-mini-cheetah/checkpoints/official_mini_cheetah_flat_jump_v1_r3/official_mini_cheetah_flat_jump_v1_r3_final.zip --output /run/media/pma213x/0C6A8CC86A8CAFCE/Ubuntu2/CodeU/Dog1/official-mini-cheetah/logs/official_mini_cheetah_flat_jump_v1_r3/P1_gate_attempt_2.json
[2026-10-05T13:50:46+0800] P1 验收未通过，report.passed=false
[2026-10-05T13:50:46+0800] P1 连续 Gate 批次结果=[False, False, False]
[2026-10-05T13:50:46+0800] P1 启动：/usr/bin/python3 -m rl.train --phase P1 --total-steps 250000 --device cuda --ckptdir /run/media/pma213x/0C6A8CC86A8CAFCE/Ubuntu2/CodeU/Dog1/official-mini-cheetah/checkpoints/official_mini_cheetah_flat_jump_v1_r3 --ckpt-prefix official_mini_cheetah_flat_jump_v1_r3 --logdir /run/media/pma213x/0C6A8CC86A8CAFCE/Ubuntu2/CodeU/Dog1/official-mini-cheetah/runs/official_mini_cheetah_flat_jump_v1_r3/P1_parallel --bridge-port 11452 --num-envs 4 --checkpoint-interval 20000 --randomization-mode fixed --seed 20261003 --phase-step-offset 230000 --resume /run/media/pma213x/0C6A8CC86A8CAFCE/Ubuntu2/CodeU/Dog1/official-mini-cheetah/checkpoints/official_mini_cheetah_flat_jump_v1_r3/official_mini_cheetah_flat_jump_v1_r3_final.zip
[2026-10-05T13:50:53+0800] P1 四 worker 实时健康确认通过
[2026-10-05T13:51:07+0800] P1 验收命令：/usr/bin/python3 -m rl.evaluate --phase P1 --gate --checkpoint /run/media/pma213x/0C6A8CC86A8CAFCE/Ubuntu2/CodeU/Dog1/official-mini-cheetah/checkpoints/official_mini_cheetah_flat_jump_v1_r3/official_mini_cheetah_flat_jump_v1_r3_final.zip --output /run/media/pma213x/0C6A8CC86A8CAFCE/Ubuntu2/CodeU/Dog1/official-mini-cheetah/logs/official_mini_cheetah_flat_jump_v1_r3/P1_gate_attempt_0.json
[2026-10-05T13:51:31+0800] P1 验收未通过，report.passed=false
[2026-10-05T13:51:31+0800] P1 验收命令：/usr/bin/python3 -m rl.evaluate --phase P1 --gate --checkpoint /run/media/pma213x/0C6A8CC86A8CAFCE/Ubuntu2/CodeU/Dog1/official-mini-cheetah/checkpoints/official_mini_cheetah_flat_jump_v1_r3/official_mini_cheetah_flat_jump_v1_r3_final.zip --output /run/media/pma213x/0C6A8CC86A8CAFCE/Ubuntu2/CodeU/Dog1/official-mini-cheetah/logs/official_mini_cheetah_flat_jump_v1_r3/P1_gate_attempt_1.json
[2026-10-05T13:51:55+0800] P1 验收未通过，report.passed=false
[2026-10-05T13:51:55+0800] P1 验收命令：/usr/bin/python3 -m rl.evaluate --phase P1 --gate --checkpoint /run/media/pma213x/0C6A8CC86A8CAFCE/Ubuntu2/CodeU/Dog1/official-mini-cheetah/checkpoints/official_mini_cheetah_flat_jump_v1_r3/official_mini_cheetah_flat_jump_v1_r3_final.zip --output /run/media/pma213x/0C6A8CC86A8CAFCE/Ubuntu2/CodeU/Dog1/official-mini-cheetah/logs/official_mini_cheetah_flat_jump_v1_r3/P1_gate_attempt_2.json
[2026-10-05T13:52:20+0800] P1 验收未通过，report.passed=false
[2026-10-05T13:52:20+0800] P1 连续 Gate 批次结果=[False, False, False]
[2026-10-05T13:52:20+0800] P1 启动：/usr/bin/python3 -m rl.train --phase P1 --total-steps 260000 --device cuda --ckptdir /run/media/pma213x/0C6A8CC86A8CAFCE/Ubuntu2/CodeU/Dog1/official-mini-cheetah/checkpoints/official_mini_cheetah_flat_jump_v1_r3 --ckpt-prefix official_mini_cheetah_flat_jump_v1_r3 --logdir /run/media/pma213x/0C6A8CC86A8CAFCE/Ubuntu2/CodeU/Dog1/official-mini-cheetah/runs/official_mini_cheetah_flat_jump_v1_r3/P1_parallel --bridge-port 11452 --num-envs 4 --checkpoint-interval 20000 --randomization-mode fixed --seed 20261003 --phase-step-offset 240000 --resume /run/media/pma213x/0C6A8CC86A8CAFCE/Ubuntu2/CodeU/Dog1/official-mini-cheetah/checkpoints/official_mini_cheetah_flat_jump_v1_r3/official_mini_cheetah_flat_jump_v1_r3_final.zip
[2026-10-05T13:52:26+0800] P1 四 worker 实时健康确认通过
[2026-10-05T13:52:41+0800] P1 验收命令：/usr/bin/python3 -m rl.evaluate --phase P1 --gate --checkpoint /run/media/pma213x/0C6A8CC86A8CAFCE/Ubuntu2/CodeU/Dog1/official-mini-cheetah/checkpoints/official_mini_cheetah_flat_jump_v1_r3/official_mini_cheetah_flat_jump_v1_r3_final.zip --output /run/media/pma213x/0C6A8CC86A8CAFCE/Ubuntu2/CodeU/Dog1/official-mini-cheetah/logs/official_mini_cheetah_flat_jump_v1_r3/P1_gate_attempt_0.json
[2026-10-05T13:53:06+0800] P1 验收未通过，report.passed=false
[2026-10-05T13:53:06+0800] P1 验收命令：/usr/bin/python3 -m rl.evaluate --phase P1 --gate --checkpoint /run/media/pma213x/0C6A8CC86A8CAFCE/Ubuntu2/CodeU/Dog1/official-mini-cheetah/checkpoints/official_mini_cheetah_flat_jump_v1_r3/official_mini_cheetah_flat_jump_v1_r3_final.zip --output /run/media/pma213x/0C6A8CC86A8CAFCE/Ubuntu2/CodeU/Dog1/official-mini-cheetah/logs/official_mini_cheetah_flat_jump_v1_r3/P1_gate_attempt_1.json
[2026-10-05T13:53:29+0800] P1 验收未通过，report.passed=false
[2026-10-05T13:53:29+0800] P1 验收命令：/usr/bin/python3 -m rl.evaluate --phase P1 --gate --checkpoint /run/media/pma213x/0C6A8CC86A8CAFCE/Ubuntu2/CodeU/Dog1/official-mini-cheetah/checkpoints/official_mini_cheetah_flat_jump_v1_r3/official_mini_cheetah_flat_jump_v1_r3_final.zip --output /run/media/pma213x/0C6A8CC86A8CAFCE/Ubuntu2/CodeU/Dog1/official-mini-cheetah/logs/official_mini_cheetah_flat_jump_v1_r3/P1_gate_attempt_2.json
[2026-10-05T13:53:53+0800] P1 验收未通过，report.passed=false
[2026-10-05T13:53:53+0800] P1 连续 Gate 批次结果=[False, False, False]
[2026-10-05T13:53:53+0800] P1 启动：/usr/bin/python3 -m rl.train --phase P1 --total-steps 270000 --device cuda --ckptdir /run/media/pma213x/0C6A8CC86A8CAFCE/Ubuntu2/CodeU/Dog1/official-mini-cheetah/checkpoints/official_mini_cheetah_flat_jump_v1_r3 --ckpt-prefix official_mini_cheetah_flat_jump_v1_r3 --logdir /run/media/pma213x/0C6A8CC86A8CAFCE/Ubuntu2/CodeU/Dog1/official-mini-cheetah/runs/official_mini_cheetah_flat_jump_v1_r3/P1_parallel --bridge-port 11452 --num-envs 4 --checkpoint-interval 20000 --randomization-mode fixed --seed 20261003 --phase-step-offset 250000 --resume /run/media/pma213x/0C6A8CC86A8CAFCE/Ubuntu2/CodeU/Dog1/official-mini-cheetah/checkpoints/official_mini_cheetah_flat_jump_v1_r3/official_mini_cheetah_flat_jump_v1_r3_final.zip
[2026-10-05T13:54:00+0800] P1 四 worker 实时健康确认通过
[2026-10-05T13:54:13+0800] P1 验收命令：/usr/bin/python3 -m rl.evaluate --phase P1 --gate --checkpoint /run/media/pma213x/0C6A8CC86A8CAFCE/Ubuntu2/CodeU/Dog1/official-mini-cheetah/checkpoints/official_mini_cheetah_flat_jump_v1_r3/official_mini_cheetah_flat_jump_v1_r3_final.zip --output /run/media/pma213x/0C6A8CC86A8CAFCE/Ubuntu2/CodeU/Dog1/official-mini-cheetah/logs/official_mini_cheetah_flat_jump_v1_r3/P1_gate_attempt_0.json
[2026-10-05T13:54:38+0800] P1 验收未通过，report.passed=false
[2026-10-05T13:54:38+0800] P1 验收命令：/usr/bin/python3 -m rl.evaluate --phase P1 --gate --checkpoint /run/media/pma213x/0C6A8CC86A8CAFCE/Ubuntu2/CodeU/Dog1/official-mini-cheetah/checkpoints/official_mini_cheetah_flat_jump_v1_r3/official_mini_cheetah_flat_jump_v1_r3_final.zip --output /run/media/pma213x/0C6A8CC86A8CAFCE/Ubuntu2/CodeU/Dog1/official-mini-cheetah/logs/official_mini_cheetah_flat_jump_v1_r3/P1_gate_attempt_1.json
[2026-10-05T13:55:01+0800] P1 验收未通过，report.passed=false
[2026-10-05T13:55:01+0800] P1 验收命令：/usr/bin/python3 -m rl.evaluate --phase P1 --gate --checkpoint /run/media/pma213x/0C6A8CC86A8CAFCE/Ubuntu2/CodeU/Dog1/official-mini-cheetah/checkpoints/official_mini_cheetah_flat_jump_v1_r3/official_mini_cheetah_flat_jump_v1_r3_final.zip --output /run/media/pma213x/0C6A8CC86A8CAFCE/Ubuntu2/CodeU/Dog1/official-mini-cheetah/logs/official_mini_cheetah_flat_jump_v1_r3/P1_gate_attempt_2.json
[2026-10-05T13:55:24+0800] P1 验收未通过，report.passed=false
[2026-10-05T13:55:24+0800] P1 连续 Gate 批次结果=[False, False, False]
[2026-10-05T13:55:24+0800] P1 启动：/usr/bin/python3 -m rl.train --phase P1 --total-steps 280000 --device cuda --ckptdir /run/media/pma213x/0C6A8CC86A8CAFCE/Ubuntu2/CodeU/Dog1/official-mini-cheetah/checkpoints/official_mini_cheetah_flat_jump_v1_r3 --ckpt-prefix official_mini_cheetah_flat_jump_v1_r3 --logdir /run/media/pma213x/0C6A8CC86A8CAFCE/Ubuntu2/CodeU/Dog1/official-mini-cheetah/runs/official_mini_cheetah_flat_jump_v1_r3/P1_parallel --bridge-port 11452 --num-envs 4 --checkpoint-interval 20000 --randomization-mode fixed --seed 20261003 --phase-step-offset 260000 --resume /run/media/pma213x/0C6A8CC86A8CAFCE/Ubuntu2/CodeU/Dog1/official-mini-cheetah/checkpoints/official_mini_cheetah_flat_jump_v1_r3/official_mini_cheetah_flat_jump_v1_r3_final.zip
[2026-10-05T13:55:30+0800] P1 四 worker 实时健康确认通过
[2026-10-05T13:55:44+0800] P1 验收命令：/usr/bin/python3 -m rl.evaluate --phase P1 --gate --checkpoint /run/media/pma213x/0C6A8CC86A8CAFCE/Ubuntu2/CodeU/Dog1/official-mini-cheetah/checkpoints/official_mini_cheetah_flat_jump_v1_r3/official_mini_cheetah_flat_jump_v1_r3_final.zip --output /run/media/pma213x/0C6A8CC86A8CAFCE/Ubuntu2/CodeU/Dog1/official-mini-cheetah/logs/official_mini_cheetah_flat_jump_v1_r3/P1_gate_attempt_0.json
[2026-10-05T13:56:08+0800] P1 验收未通过，report.passed=false
[2026-10-05T13:56:08+0800] P1 验收命令：/usr/bin/python3 -m rl.evaluate --phase P1 --gate --checkpoint /run/media/pma213x/0C6A8CC86A8CAFCE/Ubuntu2/CodeU/Dog1/official-mini-cheetah/checkpoints/official_mini_cheetah_flat_jump_v1_r3/official_mini_cheetah_flat_jump_v1_r3_final.zip --output /run/media/pma213x/0C6A8CC86A8CAFCE/Ubuntu2/CodeU/Dog1/official-mini-cheetah/logs/official_mini_cheetah_flat_jump_v1_r3/P1_gate_attempt_1.json
[2026-10-05T13:56:32+0800] P1 验收未通过，report.passed=false
[2026-10-05T13:56:32+0800] P1 验收命令：/usr/bin/python3 -m rl.evaluate --phase P1 --gate --checkpoint /run/media/pma213x/0C6A8CC86A8CAFCE/Ubuntu2/CodeU/Dog1/official-mini-cheetah/checkpoints/official_mini_cheetah_flat_jump_v1_r3/official_mini_cheetah_flat_jump_v1_r3_final.zip --output /run/media/pma213x/0C6A8CC86A8CAFCE/Ubuntu2/CodeU/Dog1/official-mini-cheetah/logs/official_mini_cheetah_flat_jump_v1_r3/P1_gate_attempt_2.json
[2026-10-05T13:56:55+0800] P1 验收未通过，report.passed=false
[2026-10-05T13:56:55+0800] P1 连续 Gate 批次结果=[False, False, False]
[2026-10-05T13:56:55+0800] P1 启动：/usr/bin/python3 -m rl.train --phase P1 --total-steps 290000 --device cuda --ckptdir /run/media/pma213x/0C6A8CC86A8CAFCE/Ubuntu2/CodeU/Dog1/official-mini-cheetah/checkpoints/official_mini_cheetah_flat_jump_v1_r3 --ckpt-prefix official_mini_cheetah_flat_jump_v1_r3 --logdir /run/media/pma213x/0C6A8CC86A8CAFCE/Ubuntu2/CodeU/Dog1/official-mini-cheetah/runs/official_mini_cheetah_flat_jump_v1_r3/P1_parallel --bridge-port 11452 --num-envs 4 --checkpoint-interval 20000 --randomization-mode fixed --seed 20261003 --phase-step-offset 270000 --resume /run/media/pma213x/0C6A8CC86A8CAFCE/Ubuntu2/CodeU/Dog1/official-mini-cheetah/checkpoints/official_mini_cheetah_flat_jump_v1_r3/official_mini_cheetah_flat_jump_v1_r3_final.zip
[2026-10-05T13:57:01+0800] P1 四 worker 实时健康确认通过
[2026-10-05T13:57:14+0800] P1 验收命令：/usr/bin/python3 -m rl.evaluate --phase P1 --gate --checkpoint /run/media/pma213x/0C6A8CC86A8CAFCE/Ubuntu2/CodeU/Dog1/official-mini-cheetah/checkpoints/official_mini_cheetah_flat_jump_v1_r3/official_mini_cheetah_flat_jump_v1_r3_final.zip --output /run/media/pma213x/0C6A8CC86A8CAFCE/Ubuntu2/CodeU/Dog1/official-mini-cheetah/logs/official_mini_cheetah_flat_jump_v1_r3/P1_gate_attempt_0.json
[2026-10-05T13:57:38+0800] P1 验收未通过，report.passed=false
[2026-10-05T13:57:38+0800] P1 验收命令：/usr/bin/python3 -m rl.evaluate --phase P1 --gate --checkpoint /run/media/pma213x/0C6A8CC86A8CAFCE/Ubuntu2/CodeU/Dog1/official-mini-cheetah/checkpoints/official_mini_cheetah_flat_jump_v1_r3/official_mini_cheetah_flat_jump_v1_r3_final.zip --output /run/media/pma213x/0C6A8CC86A8CAFCE/Ubuntu2/CodeU/Dog1/official-mini-cheetah/logs/official_mini_cheetah_flat_jump_v1_r3/P1_gate_attempt_1.json
[2026-10-05T13:58:02+0800] P1 验收未通过，report.passed=false
[2026-10-05T13:58:02+0800] P1 验收命令：/usr/bin/python3 -m rl.evaluate --phase P1 --gate --checkpoint /run/media/pma213x/0C6A8CC86A8CAFCE/Ubuntu2/CodeU/Dog1/official-mini-cheetah/checkpoints/official_mini_cheetah_flat_jump_v1_r3/official_mini_cheetah_flat_jump_v1_r3_final.zip --output /run/media/pma213x/0C6A8CC86A8CAFCE/Ubuntu2/CodeU/Dog1/official-mini-cheetah/logs/official_mini_cheetah_flat_jump_v1_r3/P1_gate_attempt_2.json
[2026-10-05T13:58:25+0800] P1 验收未通过，report.passed=false
[2026-10-05T13:58:25+0800] P1 连续 Gate 批次结果=[False, False, False]
[2026-10-05T13:58:25+0800] P1 启动：/usr/bin/python3 -m rl.train --phase P1 --total-steps 300000 --device cuda --ckptdir /run/media/pma213x/0C6A8CC86A8CAFCE/Ubuntu2/CodeU/Dog1/official-mini-cheetah/checkpoints/official_mini_cheetah_flat_jump_v1_r3 --ckpt-prefix official_mini_cheetah_flat_jump_v1_r3 --logdir /run/media/pma213x/0C6A8CC86A8CAFCE/Ubuntu2/CodeU/Dog1/official-mini-cheetah/runs/official_mini_cheetah_flat_jump_v1_r3/P1_parallel --bridge-port 11452 --num-envs 4 --checkpoint-interval 20000 --randomization-mode fixed --seed 20261003 --phase-step-offset 280000 --resume /run/media/pma213x/0C6A8CC86A8CAFCE/Ubuntu2/CodeU/Dog1/official-mini-cheetah/checkpoints/official_mini_cheetah_flat_jump_v1_r3/official_mini_cheetah_flat_jump_v1_r3_final.zip
[2026-10-05T13:58:32+0800] P1 四 worker 实时健康确认通过
[2026-10-05T13:58:45+0800] P1 验收命令：/usr/bin/python3 -m rl.evaluate --phase P1 --gate --checkpoint /run/media/pma213x/0C6A8CC86A8CAFCE/Ubuntu2/CodeU/Dog1/official-mini-cheetah/checkpoints/official_mini_cheetah_flat_jump_v1_r3/official_mini_cheetah_flat_jump_v1_r3_final.zip --output /run/media/pma213x/0C6A8CC86A8CAFCE/Ubuntu2/CodeU/Dog1/official-mini-cheetah/logs/official_mini_cheetah_flat_jump_v1_r3/P1_gate_attempt_0.json
[2026-10-05T13:59:09+0800] P1 验收未通过，report.passed=false
[2026-10-05T13:59:09+0800] P1 验收命令：/usr/bin/python3 -m rl.evaluate --phase P1 --gate --checkpoint /run/media/pma213x/0C6A8CC86A8CAFCE/Ubuntu2/CodeU/Dog1/official-mini-cheetah/checkpoints/official_mini_cheetah_flat_jump_v1_r3/official_mini_cheetah_flat_jump_v1_r3_final.zip --output /run/media/pma213x/0C6A8CC86A8CAFCE/Ubuntu2/CodeU/Dog1/official-mini-cheetah/logs/official_mini_cheetah_flat_jump_v1_r3/P1_gate_attempt_1.json
[2026-10-05T13:59:33+0800] P1 验收未通过，report.passed=false
[2026-10-05T13:59:34+0800] P1 验收命令：/usr/bin/python3 -m rl.evaluate --phase P1 --gate --checkpoint /run/media/pma213x/0C6A8CC86A8CAFCE/Ubuntu2/CodeU/Dog1/official-mini-cheetah/checkpoints/official_mini_cheetah_flat_jump_v1_r3/official_mini_cheetah_flat_jump_v1_r3_final.zip --output /run/media/pma213x/0C6A8CC86A8CAFCE/Ubuntu2/CodeU/Dog1/official-mini-cheetah/logs/official_mini_cheetah_flat_jump_v1_r3/P1_gate_attempt_2.json
[2026-10-05T13:59:58+0800] P1 验收未通过，report.passed=false
[2026-10-05T13:59:58+0800] P1 连续 Gate 批次结果=[False, False, False]
[2026-10-05T13:59:58+0800] P1 启动：/usr/bin/python3 -m rl.train --phase P1 --total-steps 310000 --device cuda --ckptdir /run/media/pma213x/0C6A8CC86A8CAFCE/Ubuntu2/CodeU/Dog1/official-mini-cheetah/checkpoints/official_mini_cheetah_flat_jump_v1_r3 --ckpt-prefix official_mini_cheetah_flat_jump_v1_r3 --logdir /run/media/pma213x/0C6A8CC86A8CAFCE/Ubuntu2/CodeU/Dog1/official-mini-cheetah/runs/official_mini_cheetah_flat_jump_v1_r3/P1_parallel --bridge-port 11452 --num-envs 4 --checkpoint-interval 20000 --randomization-mode fixed --seed 20261003 --phase-step-offset 290000 --resume /run/media/pma213x/0C6A8CC86A8CAFCE/Ubuntu2/CodeU/Dog1/official-mini-cheetah/checkpoints/official_mini_cheetah_flat_jump_v1_r3/official_mini_cheetah_flat_jump_v1_r3_final.zip
[2026-10-05T14:00:04+0800] P1 四 worker 实时健康确认通过
[2026-10-05T14:00:20+0800] P1 验收命令：/usr/bin/python3 -m rl.evaluate --phase P1 --gate --checkpoint /run/media/pma213x/0C6A8CC86A8CAFCE/Ubuntu2/CodeU/Dog1/official-mini-cheetah/checkpoints/official_mini_cheetah_flat_jump_v1_r3/official_mini_cheetah_flat_jump_v1_r3_final.zip --output /run/media/pma213x/0C6A8CC86A8CAFCE/Ubuntu2/CodeU/Dog1/official-mini-cheetah/logs/official_mini_cheetah_flat_jump_v1_r3/P1_gate_attempt_0.json
[2026-10-05T14:00:44+0800] P1 验收未通过，report.passed=false
[2026-10-05T14:00:44+0800] P1 验收命令：/usr/bin/python3 -m rl.evaluate --phase P1 --gate --checkpoint /run/media/pma213x/0C6A8CC86A8CAFCE/Ubuntu2/CodeU/Dog1/official-mini-cheetah/checkpoints/official_mini_cheetah_flat_jump_v1_r3/official_mini_cheetah_flat_jump_v1_r3_final.zip --output /run/media/pma213x/0C6A8CC86A8CAFCE/Ubuntu2/CodeU/Dog1/official-mini-cheetah/logs/official_mini_cheetah_flat_jump_v1_r3/P1_gate_attempt_1.json
[2026-10-05T14:01:09+0800] P1 验收未通过，report.passed=false
[2026-10-05T14:01:09+0800] P1 验收命令：/usr/bin/python3 -m rl.evaluate --phase P1 --gate --checkpoint /run/media/pma213x/0C6A8CC86A8CAFCE/Ubuntu2/CodeU/Dog1/official-mini-cheetah/checkpoints/official_mini_cheetah_flat_jump_v1_r3/official_mini_cheetah_flat_jump_v1_r3_final.zip --output /run/media/pma213x/0C6A8CC86A8CAFCE/Ubuntu2/CodeU/Dog1/official-mini-cheetah/logs/official_mini_cheetah_flat_jump_v1_r3/P1_gate_attempt_2.json
[2026-10-05T14:01:33+0800] P1 验收未通过，report.passed=false
[2026-10-05T14:01:33+0800] P1 连续 Gate 批次结果=[False, False, False]
[2026-10-05T14:01:33+0800] P1 启动：/usr/bin/python3 -m rl.train --phase P1 --total-steps 320000 --device cuda --ckptdir /run/media/pma213x/0C6A8CC86A8CAFCE/Ubuntu2/CodeU/Dog1/official-mini-cheetah/checkpoints/official_mini_cheetah_flat_jump_v1_r3 --ckpt-prefix official_mini_cheetah_flat_jump_v1_r3 --logdir /run/media/pma213x/0C6A8CC86A8CAFCE/Ubuntu2/CodeU/Dog1/official-mini-cheetah/runs/official_mini_cheetah_flat_jump_v1_r3/P1_parallel --bridge-port 11452 --num-envs 4 --checkpoint-interval 20000 --randomization-mode fixed --seed 20261003 --phase-step-offset 300000 --resume /run/media/pma213x/0C6A8CC86A8CAFCE/Ubuntu2/CodeU/Dog1/official-mini-cheetah/checkpoints/official_mini_cheetah_flat_jump_v1_r3/official_mini_cheetah_flat_jump_v1_r3_final.zip
[2026-10-05T14:01:39+0800] P1 四 worker 实时健康确认通过
[2026-10-05T14:01:52+0800] P1 验收命令：/usr/bin/python3 -m rl.evaluate --phase P1 --gate --checkpoint /run/media/pma213x/0C6A8CC86A8CAFCE/Ubuntu2/CodeU/Dog1/official-mini-cheetah/checkpoints/official_mini_cheetah_flat_jump_v1_r3/official_mini_cheetah_flat_jump_v1_r3_final.zip --output /run/media/pma213x/0C6A8CC86A8CAFCE/Ubuntu2/CodeU/Dog1/official-mini-cheetah/logs/official_mini_cheetah_flat_jump_v1_r3/P1_gate_attempt_0.json
[2026-10-05T14:02:16+0800] P1 验收未通过，report.passed=false
[2026-10-05T14:02:16+0800] P1 验收命令：/usr/bin/python3 -m rl.evaluate --phase P1 --gate --checkpoint /run/media/pma213x/0C6A8CC86A8CAFCE/Ubuntu2/CodeU/Dog1/official-mini-cheetah/checkpoints/official_mini_cheetah_flat_jump_v1_r3/official_mini_cheetah_flat_jump_v1_r3_final.zip --output /run/media/pma213x/0C6A8CC86A8CAFCE/Ubuntu2/CodeU/Dog1/official-mini-cheetah/logs/official_mini_cheetah_flat_jump_v1_r3/P1_gate_attempt_1.json
[2026-10-05T14:02:40+0800] P1 验收未通过，report.passed=false
[2026-10-05T14:02:40+0800] P1 验收命令：/usr/bin/python3 -m rl.evaluate --phase P1 --gate --checkpoint /run/media/pma213x/0C6A8CC86A8CAFCE/Ubuntu2/CodeU/Dog1/official-mini-cheetah/checkpoints/official_mini_cheetah_flat_jump_v1_r3/official_mini_cheetah_flat_jump_v1_r3_final.zip --output /run/media/pma213x/0C6A8CC86A8CAFCE/Ubuntu2/CodeU/Dog1/official-mini-cheetah/logs/official_mini_cheetah_flat_jump_v1_r3/P1_gate_attempt_2.json
[2026-10-05T14:03:05+0800] P1 验收未通过，report.passed=false
[2026-10-05T14:03:05+0800] P1 连续 Gate 批次结果=[False, False, False]
[2026-10-05T14:03:05+0800] P1 启动：/usr/bin/python3 -m rl.train --phase P1 --total-steps 330000 --device cuda --ckptdir /run/media/pma213x/0C6A8CC86A8CAFCE/Ubuntu2/CodeU/Dog1/official-mini-cheetah/checkpoints/official_mini_cheetah_flat_jump_v1_r3 --ckpt-prefix official_mini_cheetah_flat_jump_v1_r3 --logdir /run/media/pma213x/0C6A8CC86A8CAFCE/Ubuntu2/CodeU/Dog1/official-mini-cheetah/runs/official_mini_cheetah_flat_jump_v1_r3/P1_parallel --bridge-port 11452 --num-envs 4 --checkpoint-interval 20000 --randomization-mode fixed --seed 20261003 --phase-step-offset 310000 --resume /run/media/pma213x/0C6A8CC86A8CAFCE/Ubuntu2/CodeU/Dog1/official-mini-cheetah/checkpoints/official_mini_cheetah_flat_jump_v1_r3/official_mini_cheetah_flat_jump_v1_r3_final.zip
[2026-10-05T14:03:11+0800] P1 四 worker 实时健康确认通过
[2026-10-05T14:03:24+0800] P1 验收命令：/usr/bin/python3 -m rl.evaluate --phase P1 --gate --checkpoint /run/media/pma213x/0C6A8CC86A8CAFCE/Ubuntu2/CodeU/Dog1/official-mini-cheetah/checkpoints/official_mini_cheetah_flat_jump_v1_r3/official_mini_cheetah_flat_jump_v1_r3_final.zip --output /run/media/pma213x/0C6A8CC86A8CAFCE/Ubuntu2/CodeU/Dog1/official-mini-cheetah/logs/official_mini_cheetah_flat_jump_v1_r3/P1_gate_attempt_0.json
[2026-10-05T14:03:48+0800] P1 验收未通过，report.passed=false
[2026-10-05T14:03:48+0800] P1 验收命令：/usr/bin/python3 -m rl.evaluate --phase P1 --gate --checkpoint /run/media/pma213x/0C6A8CC86A8CAFCE/Ubuntu2/CodeU/Dog1/official-mini-cheetah/checkpoints/official_mini_cheetah_flat_jump_v1_r3/official_mini_cheetah_flat_jump_v1_r3_final.zip --output /run/media/pma213x/0C6A8CC86A8CAFCE/Ubuntu2/CodeU/Dog1/official-mini-cheetah/logs/official_mini_cheetah_flat_jump_v1_r3/P1_gate_attempt_1.json
[2026-10-05T14:04:12+0800] P1 验收未通过，report.passed=false
[2026-10-05T14:04:12+0800] P1 验收命令：/usr/bin/python3 -m rl.evaluate --phase P1 --gate --checkpoint /run/media/pma213x/0C6A8CC86A8CAFCE/Ubuntu2/CodeU/Dog1/official-mini-cheetah/checkpoints/official_mini_cheetah_flat_jump_v1_r3/official_mini_cheetah_flat_jump_v1_r3_final.zip --output /run/media/pma213x/0C6A8CC86A8CAFCE/Ubuntu2/CodeU/Dog1/official-mini-cheetah/logs/official_mini_cheetah_flat_jump_v1_r3/P1_gate_attempt_2.json
[2026-10-05T14:04:36+0800] P1 验收未通过，report.passed=false
[2026-10-05T14:04:36+0800] P1 连续 Gate 批次结果=[False, False, False]
[2026-10-05T14:04:36+0800] P1 启动：/usr/bin/python3 -m rl.train --phase P1 --total-steps 340000 --device cuda --ckptdir /run/media/pma213x/0C6A8CC86A8CAFCE/Ubuntu2/CodeU/Dog1/official-mini-cheetah/checkpoints/official_mini_cheetah_flat_jump_v1_r3 --ckpt-prefix official_mini_cheetah_flat_jump_v1_r3 --logdir /run/media/pma213x/0C6A8CC86A8CAFCE/Ubuntu2/CodeU/Dog1/official-mini-cheetah/runs/official_mini_cheetah_flat_jump_v1_r3/P1_parallel --bridge-port 11452 --num-envs 4 --checkpoint-interval 20000 --randomization-mode fixed --seed 20261003 --phase-step-offset 320000 --resume /run/media/pma213x/0C6A8CC86A8CAFCE/Ubuntu2/CodeU/Dog1/official-mini-cheetah/checkpoints/official_mini_cheetah_flat_jump_v1_r3/official_mini_cheetah_flat_jump_v1_r3_final.zip
[2026-10-05T14:04:42+0800] P1 四 worker 实时健康确认通过
[2026-10-05T14:04:56+0800] P1 验收命令：/usr/bin/python3 -m rl.evaluate --phase P1 --gate --checkpoint /run/media/pma213x/0C6A8CC86A8CAFCE/Ubuntu2/CodeU/Dog1/official-mini-cheetah/checkpoints/official_mini_cheetah_flat_jump_v1_r3/official_mini_cheetah_flat_jump_v1_r3_final.zip --output /run/media/pma213x/0C6A8CC86A8CAFCE/Ubuntu2/CodeU/Dog1/official-mini-cheetah/logs/official_mini_cheetah_flat_jump_v1_r3/P1_gate_attempt_0.json
[2026-10-05T14:05:21+0800] P1 验收未通过，report.passed=false
[2026-10-05T14:05:21+0800] P1 验收命令：/usr/bin/python3 -m rl.evaluate --phase P1 --gate --checkpoint /run/media/pma213x/0C6A8CC86A8CAFCE/Ubuntu2/CodeU/Dog1/official-mini-cheetah/checkpoints/official_mini_cheetah_flat_jump_v1_r3/official_mini_cheetah_flat_jump_v1_r3_final.zip --output /run/media/pma213x/0C6A8CC86A8CAFCE/Ubuntu2/CodeU/Dog1/official-mini-cheetah/logs/official_mini_cheetah_flat_jump_v1_r3/P1_gate_attempt_1.json
[2026-10-05T14:05:45+0800] P1 验收未通过，report.passed=false
[2026-10-05T14:05:45+0800] P1 验收命令：/usr/bin/python3 -m rl.evaluate --phase P1 --gate --checkpoint /run/media/pma213x/0C6A8CC86A8CAFCE/Ubuntu2/CodeU/Dog1/official-mini-cheetah/checkpoints/official_mini_cheetah_flat_jump_v1_r3/official_mini_cheetah_flat_jump_v1_r3_final.zip --output /run/media/pma213x/0C6A8CC86A8CAFCE/Ubuntu2/CodeU/Dog1/official-mini-cheetah/logs/official_mini_cheetah_flat_jump_v1_r3/P1_gate_attempt_2.json
[2026-10-05T14:06:08+0800] P1 验收未通过，report.passed=false
[2026-10-05T14:06:08+0800] P1 连续 Gate 批次结果=[False, False, False]
[2026-10-05T14:06:08+0800] P1 启动：/usr/bin/python3 -m rl.train --phase P1 --total-steps 350000 --device cuda --ckptdir /run/media/pma213x/0C6A8CC86A8CAFCE/Ubuntu2/CodeU/Dog1/official-mini-cheetah/checkpoints/official_mini_cheetah_flat_jump_v1_r3 --ckpt-prefix official_mini_cheetah_flat_jump_v1_r3 --logdir /run/media/pma213x/0C6A8CC86A8CAFCE/Ubuntu2/CodeU/Dog1/official-mini-cheetah/runs/official_mini_cheetah_flat_jump_v1_r3/P1_parallel --bridge-port 11452 --num-envs 4 --checkpoint-interval 20000 --randomization-mode fixed --seed 20261003 --phase-step-offset 330000 --resume /run/media/pma213x/0C6A8CC86A8CAFCE/Ubuntu2/CodeU/Dog1/official-mini-cheetah/checkpoints/official_mini_cheetah_flat_jump_v1_r3/official_mini_cheetah_flat_jump_v1_r3_final.zip
[2026-10-05T14:06:15+0800] P1 四 worker 实时健康确认通过
[2026-10-05T14:06:28+0800] P1 验收命令：/usr/bin/python3 -m rl.evaluate --phase P1 --gate --checkpoint /run/media/pma213x/0C6A8CC86A8CAFCE/Ubuntu2/CodeU/Dog1/official-mini-cheetah/checkpoints/official_mini_cheetah_flat_jump_v1_r3/official_mini_cheetah_flat_jump_v1_r3_final.zip --output /run/media/pma213x/0C6A8CC86A8CAFCE/Ubuntu2/CodeU/Dog1/official-mini-cheetah/logs/official_mini_cheetah_flat_jump_v1_r3/P1_gate_attempt_0.json
[2026-10-05T14:06:52+0800] P1 验收未通过，report.passed=false
[2026-10-05T14:06:52+0800] P1 验收命令：/usr/bin/python3 -m rl.evaluate --phase P1 --gate --checkpoint /run/media/pma213x/0C6A8CC86A8CAFCE/Ubuntu2/CodeU/Dog1/official-mini-cheetah/checkpoints/official_mini_cheetah_flat_jump_v1_r3/official_mini_cheetah_flat_jump_v1_r3_final.zip --output /run/media/pma213x/0C6A8CC86A8CAFCE/Ubuntu2/CodeU/Dog1/official-mini-cheetah/logs/official_mini_cheetah_flat_jump_v1_r3/P1_gate_attempt_1.json
[2026-10-05T14:07:16+0800] P1 验收未通过，report.passed=false
[2026-10-05T14:07:16+0800] P1 验收命令：/usr/bin/python3 -m rl.evaluate --phase P1 --gate --checkpoint /run/media/pma213x/0C6A8CC86A8CAFCE/Ubuntu2/CodeU/Dog1/official-mini-cheetah/checkpoints/official_mini_cheetah_flat_jump_v1_r3/official_mini_cheetah_flat_jump_v1_r3_final.zip --output /run/media/pma213x/0C6A8CC86A8CAFCE/Ubuntu2/CodeU/Dog1/official-mini-cheetah/logs/official_mini_cheetah_flat_jump_v1_r3/P1_gate_attempt_2.json
[2026-10-05T14:07:39+0800] P1 验收未通过，report.passed=false
[2026-10-05T14:07:39+0800] P1 连续 Gate 批次结果=[False, False, False]
[2026-10-05T14:07:39+0800] P1 启动：/usr/bin/python3 -m rl.train --phase P1 --total-steps 360000 --device cuda --ckptdir /run/media/pma213x/0C6A8CC86A8CAFCE/Ubuntu2/CodeU/Dog1/official-mini-cheetah/checkpoints/official_mini_cheetah_flat_jump_v1_r3 --ckpt-prefix official_mini_cheetah_flat_jump_v1_r3 --logdir /run/media/pma213x/0C6A8CC86A8CAFCE/Ubuntu2/CodeU/Dog1/official-mini-cheetah/runs/official_mini_cheetah_flat_jump_v1_r3/P1_parallel --bridge-port 11452 --num-envs 4 --checkpoint-interval 20000 --randomization-mode fixed --seed 20261003 --phase-step-offset 340000 --resume /run/media/pma213x/0C6A8CC86A8CAFCE/Ubuntu2/CodeU/Dog1/official-mini-cheetah/checkpoints/official_mini_cheetah_flat_jump_v1_r3/official_mini_cheetah_flat_jump_v1_r3_final.zip
[2026-10-05T14:07:45+0800] P1 四 worker 实时健康确认通过
[2026-10-05T14:07:59+0800] P1 验收命令：/usr/bin/python3 -m rl.evaluate --phase P1 --gate --checkpoint /run/media/pma213x/0C6A8CC86A8CAFCE/Ubuntu2/CodeU/Dog1/official-mini-cheetah/checkpoints/official_mini_cheetah_flat_jump_v1_r3/official_mini_cheetah_flat_jump_v1_r3_final.zip --output /run/media/pma213x/0C6A8CC86A8CAFCE/Ubuntu2/CodeU/Dog1/official-mini-cheetah/logs/official_mini_cheetah_flat_jump_v1_r3/P1_gate_attempt_0.json
[2026-10-05T14:08:23+0800] P1 验收未通过，report.passed=false
[2026-10-05T14:08:23+0800] P1 验收命令：/usr/bin/python3 -m rl.evaluate --phase P1 --gate --checkpoint /run/media/pma213x/0C6A8CC86A8CAFCE/Ubuntu2/CodeU/Dog1/official-mini-cheetah/checkpoints/official_mini_cheetah_flat_jump_v1_r3/official_mini_cheetah_flat_jump_v1_r3_final.zip --output /run/media/pma213x/0C6A8CC86A8CAFCE/Ubuntu2/CodeU/Dog1/official-mini-cheetah/logs/official_mini_cheetah_flat_jump_v1_r3/P1_gate_attempt_1.json
[2026-10-05T14:08:46+0800] P1 验收未通过，report.passed=false
[2026-10-05T14:08:46+0800] P1 验收命令：/usr/bin/python3 -m rl.evaluate --phase P1 --gate --checkpoint /run/media/pma213x/0C6A8CC86A8CAFCE/Ubuntu2/CodeU/Dog1/official-mini-cheetah/checkpoints/official_mini_cheetah_flat_jump_v1_r3/official_mini_cheetah_flat_jump_v1_r3_final.zip --output /run/media/pma213x/0C6A8CC86A8CAFCE/Ubuntu2/CodeU/Dog1/official-mini-cheetah/logs/official_mini_cheetah_flat_jump_v1_r3/P1_gate_attempt_2.json
[2026-10-05T14:09:14+0800] P1 验收未通过，report.passed=false
[2026-10-05T14:09:14+0800] P1 连续 Gate 批次结果=[False, False, False]
[2026-10-05T14:09:14+0800] P1 启动：/usr/bin/python3 -m rl.train --phase P1 --total-steps 370000 --device cuda --ckptdir /run/media/pma213x/0C6A8CC86A8CAFCE/Ubuntu2/CodeU/Dog1/official-mini-cheetah/checkpoints/official_mini_cheetah_flat_jump_v1_r3 --ckpt-prefix official_mini_cheetah_flat_jump_v1_r3 --logdir /run/media/pma213x/0C6A8CC86A8CAFCE/Ubuntu2/CodeU/Dog1/official-mini-cheetah/runs/official_mini_cheetah_flat_jump_v1_r3/P1_parallel --bridge-port 11452 --num-envs 4 --checkpoint-interval 20000 --randomization-mode fixed --seed 20261003 --phase-step-offset 350000 --resume /run/media/pma213x/0C6A8CC86A8CAFCE/Ubuntu2/CodeU/Dog1/official-mini-cheetah/checkpoints/official_mini_cheetah_flat_jump_v1_r3/official_mini_cheetah_flat_jump_v1_r3_final.zip
[2026-10-05T14:09:20+0800] P1 四 worker 实时健康确认通过
[2026-10-05T14:09:34+0800] P1 验收命令：/usr/bin/python3 -m rl.evaluate --phase P1 --gate --checkpoint /run/media/pma213x/0C6A8CC86A8CAFCE/Ubuntu2/CodeU/Dog1/official-mini-cheetah/checkpoints/official_mini_cheetah_flat_jump_v1_r3/official_mini_cheetah_flat_jump_v1_r3_final.zip --output /run/media/pma213x/0C6A8CC86A8CAFCE/Ubuntu2/CodeU/Dog1/official-mini-cheetah/logs/official_mini_cheetah_flat_jump_v1_r3/P1_gate_attempt_0.json
[2026-10-05T14:09:57+0800] P1 验收未通过，report.passed=false
[2026-10-05T14:09:57+0800] P1 验收命令：/usr/bin/python3 -m rl.evaluate --phase P1 --gate --checkpoint /run/media/pma213x/0C6A8CC86A8CAFCE/Ubuntu2/CodeU/Dog1/official-mini-cheetah/checkpoints/official_mini_cheetah_flat_jump_v1_r3/official_mini_cheetah_flat_jump_v1_r3_final.zip --output /run/media/pma213x/0C6A8CC86A8CAFCE/Ubuntu2/CodeU/Dog1/official-mini-cheetah/logs/official_mini_cheetah_flat_jump_v1_r3/P1_gate_attempt_1.json
[2026-10-05T14:10:20+0800] P1 验收未通过，report.passed=false
[2026-10-05T14:10:20+0800] P1 验收命令：/usr/bin/python3 -m rl.evaluate --phase P1 --gate --checkpoint /run/media/pma213x/0C6A8CC86A8CAFCE/Ubuntu2/CodeU/Dog1/official-mini-cheetah/checkpoints/official_mini_cheetah_flat_jump_v1_r3/official_mini_cheetah_flat_jump_v1_r3_final.zip --output /run/media/pma213x/0C6A8CC86A8CAFCE/Ubuntu2/CodeU/Dog1/official-mini-cheetah/logs/official_mini_cheetah_flat_jump_v1_r3/P1_gate_attempt_2.json
[2026-10-05T14:10:45+0800] P1 验收未通过，report.passed=false
[2026-10-05T14:10:45+0800] P1 连续 Gate 批次结果=[False, False, False]
[2026-10-05T14:10:45+0800] P1 启动：/usr/bin/python3 -m rl.train --phase P1 --total-steps 380000 --device cuda --ckptdir /run/media/pma213x/0C6A8CC86A8CAFCE/Ubuntu2/CodeU/Dog1/official-mini-cheetah/checkpoints/official_mini_cheetah_flat_jump_v1_r3 --ckpt-prefix official_mini_cheetah_flat_jump_v1_r3 --logdir /run/media/pma213x/0C6A8CC86A8CAFCE/Ubuntu2/CodeU/Dog1/official-mini-cheetah/runs/official_mini_cheetah_flat_jump_v1_r3/P1_parallel --bridge-port 11452 --num-envs 4 --checkpoint-interval 20000 --randomization-mode fixed --seed 20261003 --phase-step-offset 360000 --resume /run/media/pma213x/0C6A8CC86A8CAFCE/Ubuntu2/CodeU/Dog1/official-mini-cheetah/checkpoints/official_mini_cheetah_flat_jump_v1_r3/official_mini_cheetah_flat_jump_v1_r3_final.zip
[2026-10-05T14:10:51+0800] P1 四 worker 实时健康确认通过
[2026-10-05T14:11:05+0800] P1 验收命令：/usr/bin/python3 -m rl.evaluate --phase P1 --gate --checkpoint /run/media/pma213x/0C6A8CC86A8CAFCE/Ubuntu2/CodeU/Dog1/official-mini-cheetah/checkpoints/official_mini_cheetah_flat_jump_v1_r3/official_mini_cheetah_flat_jump_v1_r3_final.zip --output /run/media/pma213x/0C6A8CC86A8CAFCE/Ubuntu2/CodeU/Dog1/official-mini-cheetah/logs/official_mini_cheetah_flat_jump_v1_r3/P1_gate_attempt_0.json
[2026-10-05T14:11:28+0800] P1 验收未通过，report.passed=false
[2026-10-05T14:11:28+0800] P1 验收命令：/usr/bin/python3 -m rl.evaluate --phase P1 --gate --checkpoint /run/media/pma213x/0C6A8CC86A8CAFCE/Ubuntu2/CodeU/Dog1/official-mini-cheetah/checkpoints/official_mini_cheetah_flat_jump_v1_r3/official_mini_cheetah_flat_jump_v1_r3_final.zip --output /run/media/pma213x/0C6A8CC86A8CAFCE/Ubuntu2/CodeU/Dog1/official-mini-cheetah/logs/official_mini_cheetah_flat_jump_v1_r3/P1_gate_attempt_1.json
[2026-10-05T14:11:56+0800] P1 验收未通过，report.passed=false
[2026-10-05T14:11:56+0800] P1 验收命令：/usr/bin/python3 -m rl.evaluate --phase P1 --gate --checkpoint /run/media/pma213x/0C6A8CC86A8CAFCE/Ubuntu2/CodeU/Dog1/official-mini-cheetah/checkpoints/official_mini_cheetah_flat_jump_v1_r3/official_mini_cheetah_flat_jump_v1_r3_final.zip --output /run/media/pma213x/0C6A8CC86A8CAFCE/Ubuntu2/CodeU/Dog1/official-mini-cheetah/logs/official_mini_cheetah_flat_jump_v1_r3/P1_gate_attempt_2.json
[2026-10-05T14:12:20+0800] P1 验收未通过，report.passed=false
[2026-10-05T14:12:20+0800] P1 连续 Gate 批次结果=[False, False, False]
[2026-10-05T14:12:20+0800] P1 启动：/usr/bin/python3 -m rl.train --phase P1 --total-steps 390000 --device cuda --ckptdir /run/media/pma213x/0C6A8CC86A8CAFCE/Ubuntu2/CodeU/Dog1/official-mini-cheetah/checkpoints/official_mini_cheetah_flat_jump_v1_r3 --ckpt-prefix official_mini_cheetah_flat_jump_v1_r3 --logdir /run/media/pma213x/0C6A8CC86A8CAFCE/Ubuntu2/CodeU/Dog1/official-mini-cheetah/runs/official_mini_cheetah_flat_jump_v1_r3/P1_parallel --bridge-port 11452 --num-envs 4 --checkpoint-interval 20000 --randomization-mode fixed --seed 20261003 --phase-step-offset 370000 --resume /run/media/pma213x/0C6A8CC86A8CAFCE/Ubuntu2/CodeU/Dog1/official-mini-cheetah/checkpoints/official_mini_cheetah_flat_jump_v1_r3/official_mini_cheetah_flat_jump_v1_r3_final.zip
[2026-10-05T14:12:27+0800] P1 四 worker 实时健康确认通过
[2026-10-05T14:12:40+0800] P1 验收命令：/usr/bin/python3 -m rl.evaluate --phase P1 --gate --checkpoint /run/media/pma213x/0C6A8CC86A8CAFCE/Ubuntu2/CodeU/Dog1/official-mini-cheetah/checkpoints/official_mini_cheetah_flat_jump_v1_r3/official_mini_cheetah_flat_jump_v1_r3_final.zip --output /run/media/pma213x/0C6A8CC86A8CAFCE/Ubuntu2/CodeU/Dog1/official-mini-cheetah/logs/official_mini_cheetah_flat_jump_v1_r3/P1_gate_attempt_0.json
[2026-10-05T14:13:04+0800] P1 验收未通过，report.passed=false
[2026-10-05T14:13:04+0800] P1 验收命令：/usr/bin/python3 -m rl.evaluate --phase P1 --gate --checkpoint /run/media/pma213x/0C6A8CC86A8CAFCE/Ubuntu2/CodeU/Dog1/official-mini-cheetah/checkpoints/official_mini_cheetah_flat_jump_v1_r3/official_mini_cheetah_flat_jump_v1_r3_final.zip --output /run/media/pma213x/0C6A8CC86A8CAFCE/Ubuntu2/CodeU/Dog1/official-mini-cheetah/logs/official_mini_cheetah_flat_jump_v1_r3/P1_gate_attempt_1.json
[2026-10-05T14:13:27+0800] P1 验收未通过，report.passed=false
[2026-10-05T14:13:27+0800] P1 验收命令：/usr/bin/python3 -m rl.evaluate --phase P1 --gate --checkpoint /run/media/pma213x/0C6A8CC86A8CAFCE/Ubuntu2/CodeU/Dog1/official-mini-cheetah/checkpoints/official_mini_cheetah_flat_jump_v1_r3/official_mini_cheetah_flat_jump_v1_r3_final.zip --output /run/media/pma213x/0C6A8CC86A8CAFCE/Ubuntu2/CodeU/Dog1/official-mini-cheetah/logs/official_mini_cheetah_flat_jump_v1_r3/P1_gate_attempt_2.json
[2026-10-05T14:13:51+0800] P1 验收未通过，report.passed=false
[2026-10-05T14:13:51+0800] P1 连续 Gate 批次结果=[False, False, False]
[2026-10-05T14:13:51+0800] P1 启动：/usr/bin/python3 -m rl.train --phase P1 --total-steps 400000 --device cuda --ckptdir /run/media/pma213x/0C6A8CC86A8CAFCE/Ubuntu2/CodeU/Dog1/official-mini-cheetah/checkpoints/official_mini_cheetah_flat_jump_v1_r3 --ckpt-prefix official_mini_cheetah_flat_jump_v1_r3 --logdir /run/media/pma213x/0C6A8CC86A8CAFCE/Ubuntu2/CodeU/Dog1/official-mini-cheetah/runs/official_mini_cheetah_flat_jump_v1_r3/P1_parallel --bridge-port 11452 --num-envs 4 --checkpoint-interval 20000 --randomization-mode fixed --seed 20261003 --phase-step-offset 380000 --resume /run/media/pma213x/0C6A8CC86A8CAFCE/Ubuntu2/CodeU/Dog1/official-mini-cheetah/checkpoints/official_mini_cheetah_flat_jump_v1_r3/official_mini_cheetah_flat_jump_v1_r3_final.zip
[2026-10-05T14:13:57+0800] P1 四 worker 实时健康确认通过
[2026-10-05T14:14:10+0800] P1 验收命令：/usr/bin/python3 -m rl.evaluate --phase P1 --gate --checkpoint /run/media/pma213x/0C6A8CC86A8CAFCE/Ubuntu2/CodeU/Dog1/official-mini-cheetah/checkpoints/official_mini_cheetah_flat_jump_v1_r3/official_mini_cheetah_flat_jump_v1_r3_final.zip --output /run/media/pma213x/0C6A8CC86A8CAFCE/Ubuntu2/CodeU/Dog1/official-mini-cheetah/logs/official_mini_cheetah_flat_jump_v1_r3/P1_gate_attempt_0.json
[2026-10-05T14:14:33+0800] P1 验收未通过，report.passed=false
[2026-10-05T14:14:33+0800] P1 验收命令：/usr/bin/python3 -m rl.evaluate --phase P1 --gate --checkpoint /run/media/pma213x/0C6A8CC86A8CAFCE/Ubuntu2/CodeU/Dog1/official-mini-cheetah/checkpoints/official_mini_cheetah_flat_jump_v1_r3/official_mini_cheetah_flat_jump_v1_r3_final.zip --output /run/media/pma213x/0C6A8CC86A8CAFCE/Ubuntu2/CodeU/Dog1/official-mini-cheetah/logs/official_mini_cheetah_flat_jump_v1_r3/P1_gate_attempt_1.json
[2026-10-05T14:14:57+0800] P1 验收未通过，report.passed=false
[2026-10-05T14:14:57+0800] P1 验收命令：/usr/bin/python3 -m rl.evaluate --phase P1 --gate --checkpoint /run/media/pma213x/0C6A8CC86A8CAFCE/Ubuntu2/CodeU/Dog1/official-mini-cheetah/checkpoints/official_mini_cheetah_flat_jump_v1_r3/official_mini_cheetah_flat_jump_v1_r3_final.zip --output /run/media/pma213x/0C6A8CC86A8CAFCE/Ubuntu2/CodeU/Dog1/official-mini-cheetah/logs/official_mini_cheetah_flat_jump_v1_r3/P1_gate_attempt_2.json
[2026-10-05T14:15:22+0800] P1 验收未通过，report.passed=false
[2026-10-05T14:15:22+0800] P1 连续 Gate 批次结果=[False, False, False]
[2026-10-05T14:15:22+0800] 失败即停：P1 Gate 在预算 400000 处失败，按计划停止且不自动延长
[2026-10-05T14:41:53+0800] P1 连续 Gate 批次结果=[True, False, True]
[2026-10-05T14:49:42+0800] P1 连续 Gate 批次结果=[True, False, True]
[2026-10-05T14:52:36+0800] P1 连续 Gate 批次结果=[True, False, True]
[2026-10-05T14:55:02+0800] R3 新训练断点 steps=0 restart_p0_from_zero=True
[2026-10-05T14:55:02+0800] P0 启动：/usr/bin/python3 -m rl.train --phase P0 --total-steps 10000 --device cuda --ckptdir /run/media/pma213x/0C6A8CC86A8CAFCE/Ubuntu2/CodeU/Dog1/official-mini-cheetah/checkpoints/official_mini_cheetah_flat_jump_v1_r3 --ckpt-prefix official_mini_cheetah_flat_jump_v1_r3 --logdir /run/media/pma213x/0C6A8CC86A8CAFCE/Ubuntu2/CodeU/Dog1/official-mini-cheetah/runs/official_mini_cheetah_flat_jump_v1_r3/P0_parallel --bridge-port 11452 --num-envs 4 --checkpoint-interval 20000 --randomization-mode fixed --seed 20261003 --phase-step-offset 0
[2026-10-05T14:55:09+0800] P0 四 worker 实时健康确认通过
[2026-10-05T14:55:50+0800] P0 验收命令：/usr/bin/python3 -m rl.evaluate --phase P0 --gate --checkpoint /run/media/pma213x/0C6A8CC86A8CAFCE/Ubuntu2/CodeU/Dog1/official-mini-cheetah/checkpoints/official_mini_cheetah_flat_jump_v1_r3/official_mini_cheetah_flat_jump_v1_r3_final.zip --output /run/media/pma213x/0C6A8CC86A8CAFCE/Ubuntu2/CodeU/Dog1/official-mini-cheetah/logs/official_mini_cheetah_flat_jump_v1_r3/P0_gate_attempt_0.json
[2026-10-05T14:56:00+0800] P0 验收通过
[2026-10-05T14:56:00+0800] P0 验收命令：/usr/bin/python3 -m rl.evaluate --phase P0 --gate --checkpoint /run/media/pma213x/0C6A8CC86A8CAFCE/Ubuntu2/CodeU/Dog1/official-mini-cheetah/checkpoints/official_mini_cheetah_flat_jump_v1_r3/official_mini_cheetah_flat_jump_v1_r3_final.zip --output /run/media/pma213x/0C6A8CC86A8CAFCE/Ubuntu2/CodeU/Dog1/official-mini-cheetah/logs/official_mini_cheetah_flat_jump_v1_r3/P0_gate_attempt_1.json
[2026-10-05T14:56:09+0800] P0 验收通过
[2026-10-05T14:56:10+0800] P0 验收命令：/usr/bin/python3 -m rl.evaluate --phase P0 --gate --checkpoint /run/media/pma213x/0C6A8CC86A8CAFCE/Ubuntu2/CodeU/Dog1/official-mini-cheetah/checkpoints/official_mini_cheetah_flat_jump_v1_r3/official_mini_cheetah_flat_jump_v1_r3_final.zip --output /run/media/pma213x/0C6A8CC86A8CAFCE/Ubuntu2/CodeU/Dog1/official-mini-cheetah/logs/official_mini_cheetah_flat_jump_v1_r3/P0_gate_attempt_2.json
[2026-10-05T14:56:19+0800] P0 验收通过
[2026-10-05T14:56:19+0800] P0 gate 后健康确认通过
[2026-10-05T14:56:19+0800] P1 启动：/usr/bin/python3 -m rl.train --phase P1 --total-steps 20000 --device cuda --ckptdir /run/media/pma213x/0C6A8CC86A8CAFCE/Ubuntu2/CodeU/Dog1/official-mini-cheetah/checkpoints/official_mini_cheetah_flat_jump_v1_r3 --ckpt-prefix official_mini_cheetah_flat_jump_v1_r3 --logdir /run/media/pma213x/0C6A8CC86A8CAFCE/Ubuntu2/CodeU/Dog1/official-mini-cheetah/runs/official_mini_cheetah_flat_jump_v1_r3/P1_parallel --bridge-port 11452 --num-envs 4 --checkpoint-interval 20000 --randomization-mode fixed --seed 20261003 --phase-step-offset 0 --resume /run/media/pma213x/0C6A8CC86A8CAFCE/Ubuntu2/CodeU/Dog1/official-mini-cheetah/checkpoints/official_mini_cheetah_flat_jump_v1_r3/official_mini_cheetah_flat_jump_v1_r3_final.zip
[2026-10-05T14:56:25+0800] P1 四 worker 实时健康确认通过
[2026-10-05T14:56:48+0800] P1 启动：/usr/bin/python3 -m rl.train --phase P1 --total-steps 30000 --device cuda --ckptdir /run/media/pma213x/0C6A8CC86A8CAFCE/Ubuntu2/CodeU/Dog1/official-mini-cheetah/checkpoints/official_mini_cheetah_flat_jump_v1_r3 --ckpt-prefix official_mini_cheetah_flat_jump_v1_r3 --logdir /run/media/pma213x/0C6A8CC86A8CAFCE/Ubuntu2/CodeU/Dog1/official-mini-cheetah/runs/official_mini_cheetah_flat_jump_v1_r3/P1_parallel --bridge-port 11452 --num-envs 4 --checkpoint-interval 20000 --randomization-mode fixed --seed 20261003 --phase-step-offset 10000 --resume /run/media/pma213x/0C6A8CC86A8CAFCE/Ubuntu2/CodeU/Dog1/official-mini-cheetah/checkpoints/official_mini_cheetah_flat_jump_v1_r3/official_mini_cheetah_flat_jump_v1_r3_final.zip
[2026-10-05T14:56:54+0800] P1 四 worker 实时健康确认通过
[2026-10-05T14:57:18+0800] P1 启动：/usr/bin/python3 -m rl.train --phase P1 --total-steps 40000 --device cuda --ckptdir /run/media/pma213x/0C6A8CC86A8CAFCE/Ubuntu2/CodeU/Dog1/official-mini-cheetah/checkpoints/official_mini_cheetah_flat_jump_v1_r3 --ckpt-prefix official_mini_cheetah_flat_jump_v1_r3 --logdir /run/media/pma213x/0C6A8CC86A8CAFCE/Ubuntu2/CodeU/Dog1/official-mini-cheetah/runs/official_mini_cheetah_flat_jump_v1_r3/P1_parallel --bridge-port 11452 --num-envs 4 --checkpoint-interval 20000 --randomization-mode fixed --seed 20261003 --phase-step-offset 20000 --resume /run/media/pma213x/0C6A8CC86A8CAFCE/Ubuntu2/CodeU/Dog1/official-mini-cheetah/checkpoints/official_mini_cheetah_flat_jump_v1_r3/official_mini_cheetah_flat_jump_v1_r3_final.zip
[2026-10-05T14:57:24+0800] P1 四 worker 实时健康确认通过
[2026-10-05T14:57:43+0800] P1 启动：/usr/bin/python3 -m rl.train --phase P1 --total-steps 50000 --device cuda --ckptdir /run/media/pma213x/0C6A8CC86A8CAFCE/Ubuntu2/CodeU/Dog1/official-mini-cheetah/checkpoints/official_mini_cheetah_flat_jump_v1_r3 --ckpt-prefix official_mini_cheetah_flat_jump_v1_r3 --logdir /run/media/pma213x/0C6A8CC86A8CAFCE/Ubuntu2/CodeU/Dog1/official-mini-cheetah/runs/official_mini_cheetah_flat_jump_v1_r3/P1_parallel --bridge-port 11452 --num-envs 4 --checkpoint-interval 20000 --randomization-mode fixed --seed 20261003 --phase-step-offset 30000 --resume /run/media/pma213x/0C6A8CC86A8CAFCE/Ubuntu2/CodeU/Dog1/official-mini-cheetah/checkpoints/official_mini_cheetah_flat_jump_v1_r3/official_mini_cheetah_flat_jump_v1_r3_final.zip
[2026-10-05T14:57:50+0800] P1 四 worker 实时健康确认通过
[2026-10-05T14:58:11+0800] P1 启动：/usr/bin/python3 -m rl.train --phase P1 --total-steps 60000 --device cuda --ckptdir /run/media/pma213x/0C6A8CC86A8CAFCE/Ubuntu2/CodeU/Dog1/official-mini-cheetah/checkpoints/official_mini_cheetah_flat_jump_v1_r3 --ckpt-prefix official_mini_cheetah_flat_jump_v1_r3 --logdir /run/media/pma213x/0C6A8CC86A8CAFCE/Ubuntu2/CodeU/Dog1/official-mini-cheetah/runs/official_mini_cheetah_flat_jump_v1_r3/P1_parallel --bridge-port 11452 --num-envs 4 --checkpoint-interval 20000 --randomization-mode fixed --seed 20261003 --phase-step-offset 40000 --resume /run/media/pma213x/0C6A8CC86A8CAFCE/Ubuntu2/CodeU/Dog1/official-mini-cheetah/checkpoints/official_mini_cheetah_flat_jump_v1_r3/official_mini_cheetah_flat_jump_v1_r3_final.zip
[2026-10-05T14:58:17+0800] P1 四 worker 实时健康确认通过
[2026-10-05T14:58:39+0800] P1 启动：/usr/bin/python3 -m rl.train --phase P1 --total-steps 70000 --device cuda --ckptdir /run/media/pma213x/0C6A8CC86A8CAFCE/Ubuntu2/CodeU/Dog1/official-mini-cheetah/checkpoints/official_mini_cheetah_flat_jump_v1_r3 --ckpt-prefix official_mini_cheetah_flat_jump_v1_r3 --logdir /run/media/pma213x/0C6A8CC86A8CAFCE/Ubuntu2/CodeU/Dog1/official-mini-cheetah/runs/official_mini_cheetah_flat_jump_v1_r3/P1_parallel --bridge-port 11452 --num-envs 4 --checkpoint-interval 20000 --randomization-mode fixed --seed 20261003 --phase-step-offset 50000 --resume /run/media/pma213x/0C6A8CC86A8CAFCE/Ubuntu2/CodeU/Dog1/official-mini-cheetah/checkpoints/official_mini_cheetah_flat_jump_v1_r3/official_mini_cheetah_flat_jump_v1_r3_final.zip
[2026-10-05T14:58:45+0800] P1 四 worker 实时健康确认通过
[2026-10-05T14:59:08+0800] P1 启动：/usr/bin/python3 -m rl.train --phase P1 --total-steps 80000 --device cuda --ckptdir /run/media/pma213x/0C6A8CC86A8CAFCE/Ubuntu2/CodeU/Dog1/official-mini-cheetah/checkpoints/official_mini_cheetah_flat_jump_v1_r3 --ckpt-prefix official_mini_cheetah_flat_jump_v1_r3 --logdir /run/media/pma213x/0C6A8CC86A8CAFCE/Ubuntu2/CodeU/Dog1/official-mini-cheetah/runs/official_mini_cheetah_flat_jump_v1_r3/P1_parallel --bridge-port 11452 --num-envs 4 --checkpoint-interval 20000 --randomization-mode fixed --seed 20261003 --phase-step-offset 60000 --resume /run/media/pma213x/0C6A8CC86A8CAFCE/Ubuntu2/CodeU/Dog1/official-mini-cheetah/checkpoints/official_mini_cheetah_flat_jump_v1_r3/official_mini_cheetah_flat_jump_v1_r3_final.zip
[2026-10-05T14:59:14+0800] P1 四 worker 实时健康确认通过
[2026-10-05T14:59:35+0800] P1 启动：/usr/bin/python3 -m rl.train --phase P1 --total-steps 90000 --device cuda --ckptdir /run/media/pma213x/0C6A8CC86A8CAFCE/Ubuntu2/CodeU/Dog1/official-mini-cheetah/checkpoints/official_mini_cheetah_flat_jump_v1_r3 --ckpt-prefix official_mini_cheetah_flat_jump_v1_r3 --logdir /run/media/pma213x/0C6A8CC86A8CAFCE/Ubuntu2/CodeU/Dog1/official-mini-cheetah/runs/official_mini_cheetah_flat_jump_v1_r3/P1_parallel --bridge-port 11452 --num-envs 4 --checkpoint-interval 20000 --randomization-mode fixed --seed 20261003 --phase-step-offset 70000 --resume /run/media/pma213x/0C6A8CC86A8CAFCE/Ubuntu2/CodeU/Dog1/official-mini-cheetah/checkpoints/official_mini_cheetah_flat_jump_v1_r3/official_mini_cheetah_flat_jump_v1_r3_final.zip
[2026-10-05T14:59:41+0800] P1 四 worker 实时健康确认通过
[2026-10-05T14:59:59+0800] P1 启动：/usr/bin/python3 -m rl.train --phase P1 --total-steps 100000 --device cuda --ckptdir /run/media/pma213x/0C6A8CC86A8CAFCE/Ubuntu2/CodeU/Dog1/official-mini-cheetah/checkpoints/official_mini_cheetah_flat_jump_v1_r3 --ckpt-prefix official_mini_cheetah_flat_jump_v1_r3 --logdir /run/media/pma213x/0C6A8CC86A8CAFCE/Ubuntu2/CodeU/Dog1/official-mini-cheetah/runs/official_mini_cheetah_flat_jump_v1_r3/P1_parallel --bridge-port 11452 --num-envs 4 --checkpoint-interval 20000 --randomization-mode fixed --seed 20261003 --phase-step-offset 80000 --resume /run/media/pma213x/0C6A8CC86A8CAFCE/Ubuntu2/CodeU/Dog1/official-mini-cheetah/checkpoints/official_mini_cheetah_flat_jump_v1_r3/official_mini_cheetah_flat_jump_v1_r3_final.zip
[2026-10-05T15:00:06+0800] P1 四 worker 实时健康确认通过
[2026-10-05T15:00:27+0800] P1 启动：/usr/bin/python3 -m rl.train --phase P1 --total-steps 110000 --device cuda --ckptdir /run/media/pma213x/0C6A8CC86A8CAFCE/Ubuntu2/CodeU/Dog1/official-mini-cheetah/checkpoints/official_mini_cheetah_flat_jump_v1_r3 --ckpt-prefix official_mini_cheetah_flat_jump_v1_r3 --logdir /run/media/pma213x/0C6A8CC86A8CAFCE/Ubuntu2/CodeU/Dog1/official-mini-cheetah/runs/official_mini_cheetah_flat_jump_v1_r3/P1_parallel --bridge-port 11452 --num-envs 4 --checkpoint-interval 20000 --randomization-mode fixed --seed 20261003 --phase-step-offset 90000 --resume /run/media/pma213x/0C6A8CC86A8CAFCE/Ubuntu2/CodeU/Dog1/official-mini-cheetah/checkpoints/official_mini_cheetah_flat_jump_v1_r3/official_mini_cheetah_flat_jump_v1_r3_final.zip
[2026-10-05T15:00:33+0800] P1 四 worker 实时健康确认通过
[2026-10-05T15:00:52+0800] P1 验收命令：/usr/bin/python3 -m rl.evaluate --phase P1 --gate --checkpoint /run/media/pma213x/0C6A8CC86A8CAFCE/Ubuntu2/CodeU/Dog1/official-mini-cheetah/checkpoints/official_mini_cheetah_flat_jump_v1_r3/official_mini_cheetah_flat_jump_v1_r3_final.zip --output /run/media/pma213x/0C6A8CC86A8CAFCE/Ubuntu2/CodeU/Dog1/official-mini-cheetah/logs/official_mini_cheetah_flat_jump_v1_r3/P1_gate_attempt_0.json
[2026-10-05T15:01:16+0800] P1 验收未通过，report.passed=false
[2026-10-05T15:01:16+0800] P1 验收命令：/usr/bin/python3 -m rl.evaluate --phase P1 --gate --checkpoint /run/media/pma213x/0C6A8CC86A8CAFCE/Ubuntu2/CodeU/Dog1/official-mini-cheetah/checkpoints/official_mini_cheetah_flat_jump_v1_r3/official_mini_cheetah_flat_jump_v1_r3_final.zip --output /run/media/pma213x/0C6A8CC86A8CAFCE/Ubuntu2/CodeU/Dog1/official-mini-cheetah/logs/official_mini_cheetah_flat_jump_v1_r3/P1_gate_attempt_1.json
[2026-10-05T15:01:43+0800] P1 验收未通过，report.passed=false
[2026-10-05T15:01:43+0800] P1 验收命令：/usr/bin/python3 -m rl.evaluate --phase P1 --gate --checkpoint /run/media/pma213x/0C6A8CC86A8CAFCE/Ubuntu2/CodeU/Dog1/official-mini-cheetah/checkpoints/official_mini_cheetah_flat_jump_v1_r3/official_mini_cheetah_flat_jump_v1_r3_final.zip --output /run/media/pma213x/0C6A8CC86A8CAFCE/Ubuntu2/CodeU/Dog1/official-mini-cheetah/logs/official_mini_cheetah_flat_jump_v1_r3/P1_gate_attempt_2.json
[2026-10-05T15:02:11+0800] P1 验收未通过，report.passed=false
[2026-10-05T15:02:11+0800] P1 连续 Gate 批次结果=[False, False, False]
[2026-10-05T15:02:11+0800] P1 启动：/usr/bin/python3 -m rl.train --phase P1 --total-steps 120000 --device cuda --ckptdir /run/media/pma213x/0C6A8CC86A8CAFCE/Ubuntu2/CodeU/Dog1/official-mini-cheetah/checkpoints/official_mini_cheetah_flat_jump_v1_r3 --ckpt-prefix official_mini_cheetah_flat_jump_v1_r3 --logdir /run/media/pma213x/0C6A8CC86A8CAFCE/Ubuntu2/CodeU/Dog1/official-mini-cheetah/runs/official_mini_cheetah_flat_jump_v1_r3/P1_parallel --bridge-port 11452 --num-envs 4 --checkpoint-interval 20000 --randomization-mode fixed --seed 20261003 --phase-step-offset 100000 --resume /run/media/pma213x/0C6A8CC86A8CAFCE/Ubuntu2/CodeU/Dog1/official-mini-cheetah/checkpoints/official_mini_cheetah_flat_jump_v1_r3/official_mini_cheetah_flat_jump_v1_r3_final.zip
[2026-10-05T15:02:18+0800] P1 四 worker 实时健康确认通过
[2026-10-05T15:02:38+0800] P1 验收命令：/usr/bin/python3 -m rl.evaluate --phase P1 --gate --checkpoint /run/media/pma213x/0C6A8CC86A8CAFCE/Ubuntu2/CodeU/Dog1/official-mini-cheetah/checkpoints/official_mini_cheetah_flat_jump_v1_r3/official_mini_cheetah_flat_jump_v1_r3_final.zip --output /run/media/pma213x/0C6A8CC86A8CAFCE/Ubuntu2/CodeU/Dog1/official-mini-cheetah/logs/official_mini_cheetah_flat_jump_v1_r3/P1_gate_attempt_0.json
[2026-10-05T15:03:00+0800] P1 验收未通过，report.passed=false
[2026-10-05T15:03:00+0800] P1 验收命令：/usr/bin/python3 -m rl.evaluate --phase P1 --gate --checkpoint /run/media/pma213x/0C6A8CC86A8CAFCE/Ubuntu2/CodeU/Dog1/official-mini-cheetah/checkpoints/official_mini_cheetah_flat_jump_v1_r3/official_mini_cheetah_flat_jump_v1_r3_final.zip --output /run/media/pma213x/0C6A8CC86A8CAFCE/Ubuntu2/CodeU/Dog1/official-mini-cheetah/logs/official_mini_cheetah_flat_jump_v1_r3/P1_gate_attempt_1.json
[2026-10-05T15:03:21+0800] P1 验收未通过，report.passed=false
[2026-10-05T15:03:21+0800] P1 验收命令：/usr/bin/python3 -m rl.evaluate --phase P1 --gate --checkpoint /run/media/pma213x/0C6A8CC86A8CAFCE/Ubuntu2/CodeU/Dog1/official-mini-cheetah/checkpoints/official_mini_cheetah_flat_jump_v1_r3/official_mini_cheetah_flat_jump_v1_r3_final.zip --output /run/media/pma213x/0C6A8CC86A8CAFCE/Ubuntu2/CodeU/Dog1/official-mini-cheetah/logs/official_mini_cheetah_flat_jump_v1_r3/P1_gate_attempt_2.json
[2026-10-05T15:03:41+0800] P1 验收未通过，report.passed=false
[2026-10-05T15:03:41+0800] P1 连续 Gate 批次结果=[False, False, False]
[2026-10-05T15:03:41+0800] P1 启动：/usr/bin/python3 -m rl.train --phase P1 --total-steps 130000 --device cuda --ckptdir /run/media/pma213x/0C6A8CC86A8CAFCE/Ubuntu2/CodeU/Dog1/official-mini-cheetah/checkpoints/official_mini_cheetah_flat_jump_v1_r3 --ckpt-prefix official_mini_cheetah_flat_jump_v1_r3 --logdir /run/media/pma213x/0C6A8CC86A8CAFCE/Ubuntu2/CodeU/Dog1/official-mini-cheetah/runs/official_mini_cheetah_flat_jump_v1_r3/P1_parallel --bridge-port 11452 --num-envs 4 --checkpoint-interval 20000 --randomization-mode fixed --seed 20261003 --phase-step-offset 110000 --resume /run/media/pma213x/0C6A8CC86A8CAFCE/Ubuntu2/CodeU/Dog1/official-mini-cheetah/checkpoints/official_mini_cheetah_flat_jump_v1_r3/official_mini_cheetah_flat_jump_v1_r3_final.zip
[2026-10-05T15:03:47+0800] P1 四 worker 实时健康确认通过
[2026-10-05T15:04:15+0800] P1 验收命令：/usr/bin/python3 -m rl.evaluate --phase P1 --gate --checkpoint /run/media/pma213x/0C6A8CC86A8CAFCE/Ubuntu2/CodeU/Dog1/official-mini-cheetah/checkpoints/official_mini_cheetah_flat_jump_v1_r3/official_mini_cheetah_flat_jump_v1_r3_final.zip --output /run/media/pma213x/0C6A8CC86A8CAFCE/Ubuntu2/CodeU/Dog1/official-mini-cheetah/logs/official_mini_cheetah_flat_jump_v1_r3/P1_gate_attempt_0.json
[2026-10-05T15:04:33+0800] P1 验收未通过，report.passed=false
[2026-10-05T15:04:33+0800] P1 验收命令：/usr/bin/python3 -m rl.evaluate --phase P1 --gate --checkpoint /run/media/pma213x/0C6A8CC86A8CAFCE/Ubuntu2/CodeU/Dog1/official-mini-cheetah/checkpoints/official_mini_cheetah_flat_jump_v1_r3/official_mini_cheetah_flat_jump_v1_r3_final.zip --output /run/media/pma213x/0C6A8CC86A8CAFCE/Ubuntu2/CodeU/Dog1/official-mini-cheetah/logs/official_mini_cheetah_flat_jump_v1_r3/P1_gate_attempt_1.json
[2026-10-05T15:04:53+0800] P1 验收未通过，report.passed=false
[2026-10-05T15:04:53+0800] P1 验收命令：/usr/bin/python3 -m rl.evaluate --phase P1 --gate --checkpoint /run/media/pma213x/0C6A8CC86A8CAFCE/Ubuntu2/CodeU/Dog1/official-mini-cheetah/checkpoints/official_mini_cheetah_flat_jump_v1_r3/official_mini_cheetah_flat_jump_v1_r3_final.zip --output /run/media/pma213x/0C6A8CC86A8CAFCE/Ubuntu2/CodeU/Dog1/official-mini-cheetah/logs/official_mini_cheetah_flat_jump_v1_r3/P1_gate_attempt_2.json
[2026-10-05T15:05:15+0800] P1 验收未通过，report.passed=false
[2026-10-05T15:05:15+0800] P1 连续 Gate 批次结果=[False, False, False]
[2026-10-05T15:05:15+0800] P1 启动：/usr/bin/python3 -m rl.train --phase P1 --total-steps 140000 --device cuda --ckptdir /run/media/pma213x/0C6A8CC86A8CAFCE/Ubuntu2/CodeU/Dog1/official-mini-cheetah/checkpoints/official_mini_cheetah_flat_jump_v1_r3 --ckpt-prefix official_mini_cheetah_flat_jump_v1_r3 --logdir /run/media/pma213x/0C6A8CC86A8CAFCE/Ubuntu2/CodeU/Dog1/official-mini-cheetah/runs/official_mini_cheetah_flat_jump_v1_r3/P1_parallel --bridge-port 11452 --num-envs 4 --checkpoint-interval 20000 --randomization-mode fixed --seed 20261003 --phase-step-offset 120000 --resume /run/media/pma213x/0C6A8CC86A8CAFCE/Ubuntu2/CodeU/Dog1/official-mini-cheetah/checkpoints/official_mini_cheetah_flat_jump_v1_r3/official_mini_cheetah_flat_jump_v1_r3_final.zip
[2026-10-05T15:05:22+0800] P1 四 worker 实时健康确认通过
[2026-10-05T15:05:55+0800] P1 验收命令：/usr/bin/python3 -m rl.evaluate --phase P1 --gate --checkpoint /run/media/pma213x/0C6A8CC86A8CAFCE/Ubuntu2/CodeU/Dog1/official-mini-cheetah/checkpoints/official_mini_cheetah_flat_jump_v1_r3/official_mini_cheetah_flat_jump_v1_r3_final.zip --output /run/media/pma213x/0C6A8CC86A8CAFCE/Ubuntu2/CodeU/Dog1/official-mini-cheetah/logs/official_mini_cheetah_flat_jump_v1_r3/P1_gate_attempt_0.json
[2026-10-05T15:06:10+0800] P1 验收未通过，report.passed=false
[2026-10-05T15:06:10+0800] P1 验收命令：/usr/bin/python3 -m rl.evaluate --phase P1 --gate --checkpoint /run/media/pma213x/0C6A8CC86A8CAFCE/Ubuntu2/CodeU/Dog1/official-mini-cheetah/checkpoints/official_mini_cheetah_flat_jump_v1_r3/official_mini_cheetah_flat_jump_v1_r3_final.zip --output /run/media/pma213x/0C6A8CC86A8CAFCE/Ubuntu2/CodeU/Dog1/official-mini-cheetah/logs/official_mini_cheetah_flat_jump_v1_r3/P1_gate_attempt_1.json
[2026-10-05T15:06:25+0800] P1 验收未通过，report.passed=false
[2026-10-05T15:06:25+0800] P1 验收命令：/usr/bin/python3 -m rl.evaluate --phase P1 --gate --checkpoint /run/media/pma213x/0C6A8CC86A8CAFCE/Ubuntu2/CodeU/Dog1/official-mini-cheetah/checkpoints/official_mini_cheetah_flat_jump_v1_r3/official_mini_cheetah_flat_jump_v1_r3_final.zip --output /run/media/pma213x/0C6A8CC86A8CAFCE/Ubuntu2/CodeU/Dog1/official-mini-cheetah/logs/official_mini_cheetah_flat_jump_v1_r3/P1_gate_attempt_2.json
[2026-10-05T15:06:40+0800] P1 验收未通过，report.passed=false
[2026-10-05T15:06:40+0800] P1 连续 Gate 批次结果=[False, False, False]
[2026-10-05T15:06:40+0800] P1 启动：/usr/bin/python3 -m rl.train --phase P1 --total-steps 150000 --device cuda --ckptdir /run/media/pma213x/0C6A8CC86A8CAFCE/Ubuntu2/CodeU/Dog1/official-mini-cheetah/checkpoints/official_mini_cheetah_flat_jump_v1_r3 --ckpt-prefix official_mini_cheetah_flat_jump_v1_r3 --logdir /run/media/pma213x/0C6A8CC86A8CAFCE/Ubuntu2/CodeU/Dog1/official-mini-cheetah/runs/official_mini_cheetah_flat_jump_v1_r3/P1_parallel --bridge-port 11452 --num-envs 4 --checkpoint-interval 20000 --randomization-mode fixed --seed 20261003 --phase-step-offset 130000 --resume /run/media/pma213x/0C6A8CC86A8CAFCE/Ubuntu2/CodeU/Dog1/official-mini-cheetah/checkpoints/official_mini_cheetah_flat_jump_v1_r3/official_mini_cheetah_flat_jump_v1_r3_final.zip
[2026-10-05T15:06:46+0800] P1 四 worker 实时健康确认通过
[2026-10-05T15:07:35+0800] P1 验收命令：/usr/bin/python3 -m rl.evaluate --phase P1 --gate --checkpoint /run/media/pma213x/0C6A8CC86A8CAFCE/Ubuntu2/CodeU/Dog1/official-mini-cheetah/checkpoints/official_mini_cheetah_flat_jump_v1_r3/official_mini_cheetah_flat_jump_v1_r3_final.zip --output /run/media/pma213x/0C6A8CC86A8CAFCE/Ubuntu2/CodeU/Dog1/official-mini-cheetah/logs/official_mini_cheetah_flat_jump_v1_r3/P1_gate_attempt_0.json
[2026-10-05T15:07:47+0800] P1 验收未通过，report.passed=false
[2026-10-05T15:07:47+0800] P1 验收命令：/usr/bin/python3 -m rl.evaluate --phase P1 --gate --checkpoint /run/media/pma213x/0C6A8CC86A8CAFCE/Ubuntu2/CodeU/Dog1/official-mini-cheetah/checkpoints/official_mini_cheetah_flat_jump_v1_r3/official_mini_cheetah_flat_jump_v1_r3_final.zip --output /run/media/pma213x/0C6A8CC86A8CAFCE/Ubuntu2/CodeU/Dog1/official-mini-cheetah/logs/official_mini_cheetah_flat_jump_v1_r3/P1_gate_attempt_1.json
[2026-10-05T15:07:58+0800] P1 验收未通过，report.passed=false
[2026-10-05T15:07:58+0800] P1 验收命令：/usr/bin/python3 -m rl.evaluate --phase P1 --gate --checkpoint /run/media/pma213x/0C6A8CC86A8CAFCE/Ubuntu2/CodeU/Dog1/official-mini-cheetah/checkpoints/official_mini_cheetah_flat_jump_v1_r3/official_mini_cheetah_flat_jump_v1_r3_final.zip --output /run/media/pma213x/0C6A8CC86A8CAFCE/Ubuntu2/CodeU/Dog1/official-mini-cheetah/logs/official_mini_cheetah_flat_jump_v1_r3/P1_gate_attempt_2.json
[2026-10-05T15:08:10+0800] P1 验收未通过，report.passed=false
[2026-10-05T15:08:10+0800] P1 连续 Gate 批次结果=[False, False, False]
[2026-10-05T15:08:10+0800] P1 启动：/usr/bin/python3 -m rl.train --phase P1 --total-steps 160000 --device cuda --ckptdir /run/media/pma213x/0C6A8CC86A8CAFCE/Ubuntu2/CodeU/Dog1/official-mini-cheetah/checkpoints/official_mini_cheetah_flat_jump_v1_r3 --ckpt-prefix official_mini_cheetah_flat_jump_v1_r3 --logdir /run/media/pma213x/0C6A8CC86A8CAFCE/Ubuntu2/CodeU/Dog1/official-mini-cheetah/runs/official_mini_cheetah_flat_jump_v1_r3/P1_parallel --bridge-port 11452 --num-envs 4 --checkpoint-interval 20000 --randomization-mode fixed --seed 20261003 --phase-step-offset 140000 --resume /run/media/pma213x/0C6A8CC86A8CAFCE/Ubuntu2/CodeU/Dog1/official-mini-cheetah/checkpoints/official_mini_cheetah_flat_jump_v1_r3/official_mini_cheetah_flat_jump_v1_r3_final.zip
[2026-10-05T15:08:16+0800] P1 四 worker 实时健康确认通过
[2026-10-05T15:09:14+0800] P1 验收命令：/usr/bin/python3 -m rl.evaluate --phase P1 --gate --checkpoint /run/media/pma213x/0C6A8CC86A8CAFCE/Ubuntu2/CodeU/Dog1/official-mini-cheetah/checkpoints/official_mini_cheetah_flat_jump_v1_r3/official_mini_cheetah_flat_jump_v1_r3_final.zip --output /run/media/pma213x/0C6A8CC86A8CAFCE/Ubuntu2/CodeU/Dog1/official-mini-cheetah/logs/official_mini_cheetah_flat_jump_v1_r3/P1_gate_attempt_0.json
[2026-10-05T15:09:23+0800] P1 验收未通过，report.passed=false
[2026-10-05T15:09:23+0800] P1 验收命令：/usr/bin/python3 -m rl.evaluate --phase P1 --gate --checkpoint /run/media/pma213x/0C6A8CC86A8CAFCE/Ubuntu2/CodeU/Dog1/official-mini-cheetah/checkpoints/official_mini_cheetah_flat_jump_v1_r3/official_mini_cheetah_flat_jump_v1_r3_final.zip --output /run/media/pma213x/0C6A8CC86A8CAFCE/Ubuntu2/CodeU/Dog1/official-mini-cheetah/logs/official_mini_cheetah_flat_jump_v1_r3/P1_gate_attempt_1.json
[2026-10-05T15:09:32+0800] P1 验收未通过，report.passed=false
[2026-10-05T15:09:32+0800] P1 验收命令：/usr/bin/python3 -m rl.evaluate --phase P1 --gate --checkpoint /run/media/pma213x/0C6A8CC86A8CAFCE/Ubuntu2/CodeU/Dog1/official-mini-cheetah/checkpoints/official_mini_cheetah_flat_jump_v1_r3/official_mini_cheetah_flat_jump_v1_r3_final.zip --output /run/media/pma213x/0C6A8CC86A8CAFCE/Ubuntu2/CodeU/Dog1/official-mini-cheetah/logs/official_mini_cheetah_flat_jump_v1_r3/P1_gate_attempt_2.json
[2026-10-05T15:09:41+0800] P1 验收未通过，report.passed=false
[2026-10-05T15:09:41+0800] P1 连续 Gate 批次结果=[False, False, False]
[2026-10-05T15:09:41+0800] P1 启动：/usr/bin/python3 -m rl.train --phase P1 --total-steps 170000 --device cuda --ckptdir /run/media/pma213x/0C6A8CC86A8CAFCE/Ubuntu2/CodeU/Dog1/official-mini-cheetah/checkpoints/official_mini_cheetah_flat_jump_v1_r3 --ckpt-prefix official_mini_cheetah_flat_jump_v1_r3 --logdir /run/media/pma213x/0C6A8CC86A8CAFCE/Ubuntu2/CodeU/Dog1/official-mini-cheetah/runs/official_mini_cheetah_flat_jump_v1_r3/P1_parallel --bridge-port 11452 --num-envs 4 --checkpoint-interval 20000 --randomization-mode fixed --seed 20261003 --phase-step-offset 150000 --resume /run/media/pma213x/0C6A8CC86A8CAFCE/Ubuntu2/CodeU/Dog1/official-mini-cheetah/checkpoints/official_mini_cheetah_flat_jump_v1_r3/official_mini_cheetah_flat_jump_v1_r3_final.zip
[2026-10-05T15:09:48+0800] P1 四 worker 实时健康确认通过
[2026-10-05T15:10:58+0800] P1 验收命令：/usr/bin/python3 -m rl.evaluate --phase P1 --gate --checkpoint /run/media/pma213x/0C6A8CC86A8CAFCE/Ubuntu2/CodeU/Dog1/official-mini-cheetah/checkpoints/official_mini_cheetah_flat_jump_v1_r3/official_mini_cheetah_flat_jump_v1_r3_final.zip --output /run/media/pma213x/0C6A8CC86A8CAFCE/Ubuntu2/CodeU/Dog1/official-mini-cheetah/logs/official_mini_cheetah_flat_jump_v1_r3/P1_gate_attempt_0.json
[2026-10-05T15:11:06+0800] P1 验收未通过，report.passed=false
[2026-10-05T15:11:06+0800] P1 验收命令：/usr/bin/python3 -m rl.evaluate --phase P1 --gate --checkpoint /run/media/pma213x/0C6A8CC86A8CAFCE/Ubuntu2/CodeU/Dog1/official-mini-cheetah/checkpoints/official_mini_cheetah_flat_jump_v1_r3/official_mini_cheetah_flat_jump_v1_r3_final.zip --output /run/media/pma213x/0C6A8CC86A8CAFCE/Ubuntu2/CodeU/Dog1/official-mini-cheetah/logs/official_mini_cheetah_flat_jump_v1_r3/P1_gate_attempt_1.json
[2026-10-05T15:11:15+0800] P1 验收未通过，report.passed=false
[2026-10-05T15:11:15+0800] P1 验收命令：/usr/bin/python3 -m rl.evaluate --phase P1 --gate --checkpoint /run/media/pma213x/0C6A8CC86A8CAFCE/Ubuntu2/CodeU/Dog1/official-mini-cheetah/checkpoints/official_mini_cheetah_flat_jump_v1_r3/official_mini_cheetah_flat_jump_v1_r3_final.zip --output /run/media/pma213x/0C6A8CC86A8CAFCE/Ubuntu2/CodeU/Dog1/official-mini-cheetah/logs/official_mini_cheetah_flat_jump_v1_r3/P1_gate_attempt_2.json
[2026-10-05T15:11:23+0800] P1 验收未通过，report.passed=false
[2026-10-05T15:11:23+0800] P1 连续 Gate 批次结果=[False, False, False]
[2026-10-05T15:11:23+0800] P1 启动：/usr/bin/python3 -m rl.train --phase P1 --total-steps 180000 --device cuda --ckptdir /run/media/pma213x/0C6A8CC86A8CAFCE/Ubuntu2/CodeU/Dog1/official-mini-cheetah/checkpoints/official_mini_cheetah_flat_jump_v1_r3 --ckpt-prefix official_mini_cheetah_flat_jump_v1_r3 --logdir /run/media/pma213x/0C6A8CC86A8CAFCE/Ubuntu2/CodeU/Dog1/official-mini-cheetah/runs/official_mini_cheetah_flat_jump_v1_r3/P1_parallel --bridge-port 11452 --num-envs 4 --checkpoint-interval 20000 --randomization-mode fixed --seed 20261003 --phase-step-offset 160000 --resume /run/media/pma213x/0C6A8CC86A8CAFCE/Ubuntu2/CodeU/Dog1/official-mini-cheetah/checkpoints/official_mini_cheetah_flat_jump_v1_r3/official_mini_cheetah_flat_jump_v1_r3_final.zip
[2026-10-05T15:11:29+0800] P1 四 worker 实时健康确认通过
[2026-10-05T15:12:54+0800] P1 验收命令：/usr/bin/python3 -m rl.evaluate --phase P1 --gate --checkpoint /run/media/pma213x/0C6A8CC86A8CAFCE/Ubuntu2/CodeU/Dog1/official-mini-cheetah/checkpoints/official_mini_cheetah_flat_jump_v1_r3/official_mini_cheetah_flat_jump_v1_r3_final.zip --output /run/media/pma213x/0C6A8CC86A8CAFCE/Ubuntu2/CodeU/Dog1/official-mini-cheetah/logs/official_mini_cheetah_flat_jump_v1_r3/P1_gate_attempt_0.json
[2026-10-05T15:13:02+0800] P1 验收未通过，report.passed=false
[2026-10-05T15:13:02+0800] P1 验收命令：/usr/bin/python3 -m rl.evaluate --phase P1 --gate --checkpoint /run/media/pma213x/0C6A8CC86A8CAFCE/Ubuntu2/CodeU/Dog1/official-mini-cheetah/checkpoints/official_mini_cheetah_flat_jump_v1_r3/official_mini_cheetah_flat_jump_v1_r3_final.zip --output /run/media/pma213x/0C6A8CC86A8CAFCE/Ubuntu2/CodeU/Dog1/official-mini-cheetah/logs/official_mini_cheetah_flat_jump_v1_r3/P1_gate_attempt_1.json
[2026-10-05T15:13:10+0800] P1 验收未通过，report.passed=false
[2026-10-05T15:13:10+0800] P1 验收命令：/usr/bin/python3 -m rl.evaluate --phase P1 --gate --checkpoint /run/media/pma213x/0C6A8CC86A8CAFCE/Ubuntu2/CodeU/Dog1/official-mini-cheetah/checkpoints/official_mini_cheetah_flat_jump_v1_r3/official_mini_cheetah_flat_jump_v1_r3_final.zip --output /run/media/pma213x/0C6A8CC86A8CAFCE/Ubuntu2/CodeU/Dog1/official-mini-cheetah/logs/official_mini_cheetah_flat_jump_v1_r3/P1_gate_attempt_2.json
[2026-10-05T15:13:18+0800] P1 验收未通过，report.passed=false
[2026-10-05T15:13:18+0800] P1 连续 Gate 批次结果=[False, False, False]
[2026-10-05T15:13:18+0800] P1 启动：/usr/bin/python3 -m rl.train --phase P1 --total-steps 190000 --device cuda --ckptdir /run/media/pma213x/0C6A8CC86A8CAFCE/Ubuntu2/CodeU/Dog1/official-mini-cheetah/checkpoints/official_mini_cheetah_flat_jump_v1_r3 --ckpt-prefix official_mini_cheetah_flat_jump_v1_r3 --logdir /run/media/pma213x/0C6A8CC86A8CAFCE/Ubuntu2/CodeU/Dog1/official-mini-cheetah/runs/official_mini_cheetah_flat_jump_v1_r3/P1_parallel --bridge-port 11452 --num-envs 4 --checkpoint-interval 20000 --randomization-mode fixed --seed 20261003 --phase-step-offset 170000 --resume /run/media/pma213x/0C6A8CC86A8CAFCE/Ubuntu2/CodeU/Dog1/official-mini-cheetah/checkpoints/official_mini_cheetah_flat_jump_v1_r3/official_mini_cheetah_flat_jump_v1_r3_final.zip
[2026-10-05T15:13:25+0800] P1 四 worker 实时健康确认通过
[2026-10-05T15:15:01+0800] P1 验收命令：/usr/bin/python3 -m rl.evaluate --phase P1 --gate --checkpoint /run/media/pma213x/0C6A8CC86A8CAFCE/Ubuntu2/CodeU/Dog1/official-mini-cheetah/checkpoints/official_mini_cheetah_flat_jump_v1_r3/official_mini_cheetah_flat_jump_v1_r3_final.zip --output /run/media/pma213x/0C6A8CC86A8CAFCE/Ubuntu2/CodeU/Dog1/official-mini-cheetah/logs/official_mini_cheetah_flat_jump_v1_r3/P1_gate_attempt_0.json
[2026-10-05T15:15:09+0800] P1 验收未通过，report.passed=false
[2026-10-05T15:15:09+0800] P1 验收命令：/usr/bin/python3 -m rl.evaluate --phase P1 --gate --checkpoint /run/media/pma213x/0C6A8CC86A8CAFCE/Ubuntu2/CodeU/Dog1/official-mini-cheetah/checkpoints/official_mini_cheetah_flat_jump_v1_r3/official_mini_cheetah_flat_jump_v1_r3_final.zip --output /run/media/pma213x/0C6A8CC86A8CAFCE/Ubuntu2/CodeU/Dog1/official-mini-cheetah/logs/official_mini_cheetah_flat_jump_v1_r3/P1_gate_attempt_1.json
[2026-10-05T15:15:17+0800] P1 验收未通过，report.passed=false
[2026-10-05T15:15:17+0800] P1 验收命令：/usr/bin/python3 -m rl.evaluate --phase P1 --gate --checkpoint /run/media/pma213x/0C6A8CC86A8CAFCE/Ubuntu2/CodeU/Dog1/official-mini-cheetah/checkpoints/official_mini_cheetah_flat_jump_v1_r3/official_mini_cheetah_flat_jump_v1_r3_final.zip --output /run/media/pma213x/0C6A8CC86A8CAFCE/Ubuntu2/CodeU/Dog1/official-mini-cheetah/logs/official_mini_cheetah_flat_jump_v1_r3/P1_gate_attempt_2.json
[2026-10-05T15:15:25+0800] P1 验收未通过，report.passed=false
[2026-10-05T15:15:25+0800] P1 连续 Gate 批次结果=[False, False, False]
[2026-10-05T15:15:25+0800] P1 启动：/usr/bin/python3 -m rl.train --phase P1 --total-steps 200000 --device cuda --ckptdir /run/media/pma213x/0C6A8CC86A8CAFCE/Ubuntu2/CodeU/Dog1/official-mini-cheetah/checkpoints/official_mini_cheetah_flat_jump_v1_r3 --ckpt-prefix official_mini_cheetah_flat_jump_v1_r3 --logdir /run/media/pma213x/0C6A8CC86A8CAFCE/Ubuntu2/CodeU/Dog1/official-mini-cheetah/runs/official_mini_cheetah_flat_jump_v1_r3/P1_parallel --bridge-port 11452 --num-envs 4 --checkpoint-interval 20000 --randomization-mode fixed --seed 20261003 --phase-step-offset 180000 --resume /run/media/pma213x/0C6A8CC86A8CAFCE/Ubuntu2/CodeU/Dog1/official-mini-cheetah/checkpoints/official_mini_cheetah_flat_jump_v1_r3/official_mini_cheetah_flat_jump_v1_r3_final.zip
[2026-10-05T15:15:32+0800] P1 四 worker 实时健康确认通过
[2026-10-05T15:17:18+0800] P1 验收命令：/usr/bin/python3 -m rl.evaluate --phase P1 --gate --checkpoint /run/media/pma213x/0C6A8CC86A8CAFCE/Ubuntu2/CodeU/Dog1/official-mini-cheetah/checkpoints/official_mini_cheetah_flat_jump_v1_r3/official_mini_cheetah_flat_jump_v1_r3_final.zip --output /run/media/pma213x/0C6A8CC86A8CAFCE/Ubuntu2/CodeU/Dog1/official-mini-cheetah/logs/official_mini_cheetah_flat_jump_v1_r3/P1_gate_attempt_0.json
[2026-10-05T15:17:26+0800] P1 验收未通过，report.passed=false
[2026-10-05T15:17:26+0800] P1 验收命令：/usr/bin/python3 -m rl.evaluate --phase P1 --gate --checkpoint /run/media/pma213x/0C6A8CC86A8CAFCE/Ubuntu2/CodeU/Dog1/official-mini-cheetah/checkpoints/official_mini_cheetah_flat_jump_v1_r3/official_mini_cheetah_flat_jump_v1_r3_final.zip --output /run/media/pma213x/0C6A8CC86A8CAFCE/Ubuntu2/CodeU/Dog1/official-mini-cheetah/logs/official_mini_cheetah_flat_jump_v1_r3/P1_gate_attempt_1.json
[2026-10-05T15:17:34+0800] P1 验收未通过，report.passed=false
[2026-10-05T15:17:34+0800] P1 验收命令：/usr/bin/python3 -m rl.evaluate --phase P1 --gate --checkpoint /run/media/pma213x/0C6A8CC86A8CAFCE/Ubuntu2/CodeU/Dog1/official-mini-cheetah/checkpoints/official_mini_cheetah_flat_jump_v1_r3/official_mini_cheetah_flat_jump_v1_r3_final.zip --output /run/media/pma213x/0C6A8CC86A8CAFCE/Ubuntu2/CodeU/Dog1/official-mini-cheetah/logs/official_mini_cheetah_flat_jump_v1_r3/P1_gate_attempt_2.json
[2026-10-05T15:17:42+0800] P1 验收未通过，report.passed=false
[2026-10-05T15:17:42+0800] P1 连续 Gate 批次结果=[False, False, False]
[2026-10-05T15:17:42+0800] P1 启动：/usr/bin/python3 -m rl.train --phase P1 --total-steps 210000 --device cuda --ckptdir /run/media/pma213x/0C6A8CC86A8CAFCE/Ubuntu2/CodeU/Dog1/official-mini-cheetah/checkpoints/official_mini_cheetah_flat_jump_v1_r3 --ckpt-prefix official_mini_cheetah_flat_jump_v1_r3 --logdir /run/media/pma213x/0C6A8CC86A8CAFCE/Ubuntu2/CodeU/Dog1/official-mini-cheetah/runs/official_mini_cheetah_flat_jump_v1_r3/P1_parallel --bridge-port 11452 --num-envs 4 --checkpoint-interval 20000 --randomization-mode fixed --seed 20261003 --phase-step-offset 190000 --resume /run/media/pma213x/0C6A8CC86A8CAFCE/Ubuntu2/CodeU/Dog1/official-mini-cheetah/checkpoints/official_mini_cheetah_flat_jump_v1_r3/official_mini_cheetah_flat_jump_v1_r3_final.zip
[2026-10-05T15:17:49+0800] P1 四 worker 实时健康确认通过
[2026-10-05T15:19:43+0800] P1 验收命令：/usr/bin/python3 -m rl.evaluate --phase P1 --gate --checkpoint /run/media/pma213x/0C6A8CC86A8CAFCE/Ubuntu2/CodeU/Dog1/official-mini-cheetah/checkpoints/official_mini_cheetah_flat_jump_v1_r3/official_mini_cheetah_flat_jump_v1_r3_final.zip --output /run/media/pma213x/0C6A8CC86A8CAFCE/Ubuntu2/CodeU/Dog1/official-mini-cheetah/logs/official_mini_cheetah_flat_jump_v1_r3/P1_gate_attempt_0.json
[2026-10-05T15:19:50+0800] P1 验收未通过，report.passed=false
[2026-10-05T15:19:50+0800] P1 验收命令：/usr/bin/python3 -m rl.evaluate --phase P1 --gate --checkpoint /run/media/pma213x/0C6A8CC86A8CAFCE/Ubuntu2/CodeU/Dog1/official-mini-cheetah/checkpoints/official_mini_cheetah_flat_jump_v1_r3/official_mini_cheetah_flat_jump_v1_r3_final.zip --output /run/media/pma213x/0C6A8CC86A8CAFCE/Ubuntu2/CodeU/Dog1/official-mini-cheetah/logs/official_mini_cheetah_flat_jump_v1_r3/P1_gate_attempt_1.json
[2026-10-05T15:19:58+0800] P1 验收未通过，report.passed=false
[2026-10-05T15:19:58+0800] P1 验收命令：/usr/bin/python3 -m rl.evaluate --phase P1 --gate --checkpoint /run/media/pma213x/0C6A8CC86A8CAFCE/Ubuntu2/CodeU/Dog1/official-mini-cheetah/checkpoints/official_mini_cheetah_flat_jump_v1_r3/official_mini_cheetah_flat_jump_v1_r3_final.zip --output /run/media/pma213x/0C6A8CC86A8CAFCE/Ubuntu2/CodeU/Dog1/official-mini-cheetah/logs/official_mini_cheetah_flat_jump_v1_r3/P1_gate_attempt_2.json
[2026-10-05T15:20:06+0800] P1 验收未通过，report.passed=false
[2026-10-05T15:20:06+0800] P1 连续 Gate 批次结果=[False, False, False]
[2026-10-05T15:20:06+0800] P1 启动：/usr/bin/python3 -m rl.train --phase P1 --total-steps 220000 --device cuda --ckptdir /run/media/pma213x/0C6A8CC86A8CAFCE/Ubuntu2/CodeU/Dog1/official-mini-cheetah/checkpoints/official_mini_cheetah_flat_jump_v1_r3 --ckpt-prefix official_mini_cheetah_flat_jump_v1_r3 --logdir /run/media/pma213x/0C6A8CC86A8CAFCE/Ubuntu2/CodeU/Dog1/official-mini-cheetah/runs/official_mini_cheetah_flat_jump_v1_r3/P1_parallel --bridge-port 11452 --num-envs 4 --checkpoint-interval 20000 --randomization-mode fixed --seed 20261003 --phase-step-offset 200000 --resume /run/media/pma213x/0C6A8CC86A8CAFCE/Ubuntu2/CodeU/Dog1/official-mini-cheetah/checkpoints/official_mini_cheetah_flat_jump_v1_r3/official_mini_cheetah_flat_jump_v1_r3_final.zip
[2026-10-05T15:20:13+0800] P1 四 worker 实时健康确认通过
[2026-10-05T15:22:29+0800] P1 验收命令：/usr/bin/python3 -m rl.evaluate --phase P1 --gate --checkpoint /run/media/pma213x/0C6A8CC86A8CAFCE/Ubuntu2/CodeU/Dog1/official-mini-cheetah/checkpoints/official_mini_cheetah_flat_jump_v1_r3/official_mini_cheetah_flat_jump_v1_r3_final.zip --output /run/media/pma213x/0C6A8CC86A8CAFCE/Ubuntu2/CodeU/Dog1/official-mini-cheetah/logs/official_mini_cheetah_flat_jump_v1_r3/P1_gate_attempt_0.json
[2026-10-05T15:22:37+0800] P1 验收未通过，report.passed=false
[2026-10-05T15:22:37+0800] P1 验收命令：/usr/bin/python3 -m rl.evaluate --phase P1 --gate --checkpoint /run/media/pma213x/0C6A8CC86A8CAFCE/Ubuntu2/CodeU/Dog1/official-mini-cheetah/checkpoints/official_mini_cheetah_flat_jump_v1_r3/official_mini_cheetah_flat_jump_v1_r3_final.zip --output /run/media/pma213x/0C6A8CC86A8CAFCE/Ubuntu2/CodeU/Dog1/official-mini-cheetah/logs/official_mini_cheetah_flat_jump_v1_r3/P1_gate_attempt_1.json
[2026-10-05T15:22:45+0800] P1 验收未通过，report.passed=false
[2026-10-05T15:22:45+0800] P1 验收命令：/usr/bin/python3 -m rl.evaluate --phase P1 --gate --checkpoint /run/media/pma213x/0C6A8CC86A8CAFCE/Ubuntu2/CodeU/Dog1/official-mini-cheetah/checkpoints/official_mini_cheetah_flat_jump_v1_r3/official_mini_cheetah_flat_jump_v1_r3_final.zip --output /run/media/pma213x/0C6A8CC86A8CAFCE/Ubuntu2/CodeU/Dog1/official-mini-cheetah/logs/official_mini_cheetah_flat_jump_v1_r3/P1_gate_attempt_2.json
[2026-10-05T15:22:53+0800] P1 验收未通过，report.passed=false
[2026-10-05T15:22:53+0800] P1 连续 Gate 批次结果=[False, False, False]
[2026-10-05T15:22:53+0800] P1 启动：/usr/bin/python3 -m rl.train --phase P1 --total-steps 230000 --device cuda --ckptdir /run/media/pma213x/0C6A8CC86A8CAFCE/Ubuntu2/CodeU/Dog1/official-mini-cheetah/checkpoints/official_mini_cheetah_flat_jump_v1_r3 --ckpt-prefix official_mini_cheetah_flat_jump_v1_r3 --logdir /run/media/pma213x/0C6A8CC86A8CAFCE/Ubuntu2/CodeU/Dog1/official-mini-cheetah/runs/official_mini_cheetah_flat_jump_v1_r3/P1_parallel --bridge-port 11452 --num-envs 4 --checkpoint-interval 20000 --randomization-mode fixed --seed 20261003 --phase-step-offset 210000 --resume /run/media/pma213x/0C6A8CC86A8CAFCE/Ubuntu2/CodeU/Dog1/official-mini-cheetah/checkpoints/official_mini_cheetah_flat_jump_v1_r3/official_mini_cheetah_flat_jump_v1_r3_final.zip
[2026-10-05T15:22:59+0800] P1 四 worker 实时健康确认通过
[2026-10-05T15:25:21+0800] P1 验收命令：/usr/bin/python3 -m rl.evaluate --phase P1 --gate --checkpoint /run/media/pma213x/0C6A8CC86A8CAFCE/Ubuntu2/CodeU/Dog1/official-mini-cheetah/checkpoints/official_mini_cheetah_flat_jump_v1_r3/official_mini_cheetah_flat_jump_v1_r3_final.zip --output /run/media/pma213x/0C6A8CC86A8CAFCE/Ubuntu2/CodeU/Dog1/official-mini-cheetah/logs/official_mini_cheetah_flat_jump_v1_r3/P1_gate_attempt_0.json
[2026-10-05T15:25:29+0800] P1 验收未通过，report.passed=false
[2026-10-05T15:25:29+0800] P1 验收命令：/usr/bin/python3 -m rl.evaluate --phase P1 --gate --checkpoint /run/media/pma213x/0C6A8CC86A8CAFCE/Ubuntu2/CodeU/Dog1/official-mini-cheetah/checkpoints/official_mini_cheetah_flat_jump_v1_r3/official_mini_cheetah_flat_jump_v1_r3_final.zip --output /run/media/pma213x/0C6A8CC86A8CAFCE/Ubuntu2/CodeU/Dog1/official-mini-cheetah/logs/official_mini_cheetah_flat_jump_v1_r3/P1_gate_attempt_1.json
[2026-10-05T15:25:37+0800] P1 验收未通过，report.passed=false
[2026-10-05T15:25:37+0800] P1 验收命令：/usr/bin/python3 -m rl.evaluate --phase P1 --gate --checkpoint /run/media/pma213x/0C6A8CC86A8CAFCE/Ubuntu2/CodeU/Dog1/official-mini-cheetah/checkpoints/official_mini_cheetah_flat_jump_v1_r3/official_mini_cheetah_flat_jump_v1_r3_final.zip --output /run/media/pma213x/0C6A8CC86A8CAFCE/Ubuntu2/CodeU/Dog1/official-mini-cheetah/logs/official_mini_cheetah_flat_jump_v1_r3/P1_gate_attempt_2.json
[2026-10-05T15:25:45+0800] P1 验收未通过，report.passed=false
[2026-10-05T15:25:45+0800] P1 连续 Gate 批次结果=[False, False, False]
[2026-10-05T15:25:45+0800] P1 启动：/usr/bin/python3 -m rl.train --phase P1 --total-steps 240000 --device cuda --ckptdir /run/media/pma213x/0C6A8CC86A8CAFCE/Ubuntu2/CodeU/Dog1/official-mini-cheetah/checkpoints/official_mini_cheetah_flat_jump_v1_r3 --ckpt-prefix official_mini_cheetah_flat_jump_v1_r3 --logdir /run/media/pma213x/0C6A8CC86A8CAFCE/Ubuntu2/CodeU/Dog1/official-mini-cheetah/runs/official_mini_cheetah_flat_jump_v1_r3/P1_parallel --bridge-port 11452 --num-envs 4 --checkpoint-interval 20000 --randomization-mode fixed --seed 20261003 --phase-step-offset 220000 --resume /run/media/pma213x/0C6A8CC86A8CAFCE/Ubuntu2/CodeU/Dog1/official-mini-cheetah/checkpoints/official_mini_cheetah_flat_jump_v1_r3/official_mini_cheetah_flat_jump_v1_r3_final.zip
[2026-10-05T15:25:51+0800] P1 四 worker 实时健康确认通过
[2026-10-05T15:28:04+0800] P1 验收命令：/usr/bin/python3 -m rl.evaluate --phase P1 --gate --checkpoint /run/media/pma213x/0C6A8CC86A8CAFCE/Ubuntu2/CodeU/Dog1/official-mini-cheetah/checkpoints/official_mini_cheetah_flat_jump_v1_r3/official_mini_cheetah_flat_jump_v1_r3_final.zip --output /run/media/pma213x/0C6A8CC86A8CAFCE/Ubuntu2/CodeU/Dog1/official-mini-cheetah/logs/official_mini_cheetah_flat_jump_v1_r3/P1_gate_attempt_0.json
[2026-10-05T15:28:12+0800] P1 验收未通过，report.passed=false
[2026-10-05T15:28:12+0800] P1 验收命令：/usr/bin/python3 -m rl.evaluate --phase P1 --gate --checkpoint /run/media/pma213x/0C6A8CC86A8CAFCE/Ubuntu2/CodeU/Dog1/official-mini-cheetah/checkpoints/official_mini_cheetah_flat_jump_v1_r3/official_mini_cheetah_flat_jump_v1_r3_final.zip --output /run/media/pma213x/0C6A8CC86A8CAFCE/Ubuntu2/CodeU/Dog1/official-mini-cheetah/logs/official_mini_cheetah_flat_jump_v1_r3/P1_gate_attempt_1.json
[2026-10-05T15:28:20+0800] P1 验收未通过，report.passed=false
[2026-10-05T15:28:20+0800] P1 验收命令：/usr/bin/python3 -m rl.evaluate --phase P1 --gate --checkpoint /run/media/pma213x/0C6A8CC86A8CAFCE/Ubuntu2/CodeU/Dog1/official-mini-cheetah/checkpoints/official_mini_cheetah_flat_jump_v1_r3/official_mini_cheetah_flat_jump_v1_r3_final.zip --output /run/media/pma213x/0C6A8CC86A8CAFCE/Ubuntu2/CodeU/Dog1/official-mini-cheetah/logs/official_mini_cheetah_flat_jump_v1_r3/P1_gate_attempt_2.json
[2026-10-05T15:28:27+0800] P1 验收未通过，report.passed=false
[2026-10-05T15:28:27+0800] P1 连续 Gate 批次结果=[False, False, False]
[2026-10-05T15:28:27+0800] P1 启动：/usr/bin/python3 -m rl.train --phase P1 --total-steps 250000 --device cuda --ckptdir /run/media/pma213x/0C6A8CC86A8CAFCE/Ubuntu2/CodeU/Dog1/official-mini-cheetah/checkpoints/official_mini_cheetah_flat_jump_v1_r3 --ckpt-prefix official_mini_cheetah_flat_jump_v1_r3 --logdir /run/media/pma213x/0C6A8CC86A8CAFCE/Ubuntu2/CodeU/Dog1/official-mini-cheetah/runs/official_mini_cheetah_flat_jump_v1_r3/P1_parallel --bridge-port 11452 --num-envs 4 --checkpoint-interval 20000 --randomization-mode fixed --seed 20261003 --phase-step-offset 230000 --resume /run/media/pma213x/0C6A8CC86A8CAFCE/Ubuntu2/CodeU/Dog1/official-mini-cheetah/checkpoints/official_mini_cheetah_flat_jump_v1_r3/official_mini_cheetah_flat_jump_v1_r3_final.zip
[2026-10-05T15:28:34+0800] P1 四 worker 实时健康确认通过
[2026-10-05T15:30:55+0800] P1 验收命令：/usr/bin/python3 -m rl.evaluate --phase P1 --gate --checkpoint /run/media/pma213x/0C6A8CC86A8CAFCE/Ubuntu2/CodeU/Dog1/official-mini-cheetah/checkpoints/official_mini_cheetah_flat_jump_v1_r3/official_mini_cheetah_flat_jump_v1_r3_final.zip --output /run/media/pma213x/0C6A8CC86A8CAFCE/Ubuntu2/CodeU/Dog1/official-mini-cheetah/logs/official_mini_cheetah_flat_jump_v1_r3/P1_gate_attempt_0.json
[2026-10-05T15:31:03+0800] P1 验收未通过，report.passed=false
[2026-10-05T15:31:03+0800] P1 验收命令：/usr/bin/python3 -m rl.evaluate --phase P1 --gate --checkpoint /run/media/pma213x/0C6A8CC86A8CAFCE/Ubuntu2/CodeU/Dog1/official-mini-cheetah/checkpoints/official_mini_cheetah_flat_jump_v1_r3/official_mini_cheetah_flat_jump_v1_r3_final.zip --output /run/media/pma213x/0C6A8CC86A8CAFCE/Ubuntu2/CodeU/Dog1/official-mini-cheetah/logs/official_mini_cheetah_flat_jump_v1_r3/P1_gate_attempt_1.json
[2026-10-05T15:31:11+0800] P1 验收未通过，report.passed=false
[2026-10-05T15:31:11+0800] P1 验收命令：/usr/bin/python3 -m rl.evaluate --phase P1 --gate --checkpoint /run/media/pma213x/0C6A8CC86A8CAFCE/Ubuntu2/CodeU/Dog1/official-mini-cheetah/checkpoints/official_mini_cheetah_flat_jump_v1_r3/official_mini_cheetah_flat_jump_v1_r3_final.zip --output /run/media/pma213x/0C6A8CC86A8CAFCE/Ubuntu2/CodeU/Dog1/official-mini-cheetah/logs/official_mini_cheetah_flat_jump_v1_r3/P1_gate_attempt_2.json
[2026-10-05T15:31:19+0800] P1 验收未通过，report.passed=false
[2026-10-05T15:31:19+0800] P1 连续 Gate 批次结果=[False, False, False]
[2026-10-05T15:31:19+0800] P1 启动：/usr/bin/python3 -m rl.train --phase P1 --total-steps 260000 --device cuda --ckptdir /run/media/pma213x/0C6A8CC86A8CAFCE/Ubuntu2/CodeU/Dog1/official-mini-cheetah/checkpoints/official_mini_cheetah_flat_jump_v1_r3 --ckpt-prefix official_mini_cheetah_flat_jump_v1_r3 --logdir /run/media/pma213x/0C6A8CC86A8CAFCE/Ubuntu2/CodeU/Dog1/official-mini-cheetah/runs/official_mini_cheetah_flat_jump_v1_r3/P1_parallel --bridge-port 11452 --num-envs 4 --checkpoint-interval 20000 --randomization-mode fixed --seed 20261003 --phase-step-offset 240000 --resume /run/media/pma213x/0C6A8CC86A8CAFCE/Ubuntu2/CodeU/Dog1/official-mini-cheetah/checkpoints/official_mini_cheetah_flat_jump_v1_r3/official_mini_cheetah_flat_jump_v1_r3_final.zip
[2026-10-05T15:31:25+0800] P1 四 worker 实时健康确认通过
[2026-10-05T15:33:51+0800] P1 验收命令：/usr/bin/python3 -m rl.evaluate --phase P1 --gate --checkpoint /run/media/pma213x/0C6A8CC86A8CAFCE/Ubuntu2/CodeU/Dog1/official-mini-cheetah/checkpoints/official_mini_cheetah_flat_jump_v1_r3/official_mini_cheetah_flat_jump_v1_r3_final.zip --output /run/media/pma213x/0C6A8CC86A8CAFCE/Ubuntu2/CodeU/Dog1/official-mini-cheetah/logs/official_mini_cheetah_flat_jump_v1_r3/P1_gate_attempt_0.json
[2026-10-05T15:33:59+0800] P1 验收未通过，report.passed=false
[2026-10-05T15:33:59+0800] P1 验收命令：/usr/bin/python3 -m rl.evaluate --phase P1 --gate --checkpoint /run/media/pma213x/0C6A8CC86A8CAFCE/Ubuntu2/CodeU/Dog1/official-mini-cheetah/checkpoints/official_mini_cheetah_flat_jump_v1_r3/official_mini_cheetah_flat_jump_v1_r3_final.zip --output /run/media/pma213x/0C6A8CC86A8CAFCE/Ubuntu2/CodeU/Dog1/official-mini-cheetah/logs/official_mini_cheetah_flat_jump_v1_r3/P1_gate_attempt_1.json
[2026-10-05T15:34:06+0800] P1 验收未通过，report.passed=false
[2026-10-05T15:34:06+0800] P1 验收命令：/usr/bin/python3 -m rl.evaluate --phase P1 --gate --checkpoint /run/media/pma213x/0C6A8CC86A8CAFCE/Ubuntu2/CodeU/Dog1/official-mini-cheetah/checkpoints/official_mini_cheetah_flat_jump_v1_r3/official_mini_cheetah_flat_jump_v1_r3_final.zip --output /run/media/pma213x/0C6A8CC86A8CAFCE/Ubuntu2/CodeU/Dog1/official-mini-cheetah/logs/official_mini_cheetah_flat_jump_v1_r3/P1_gate_attempt_2.json
[2026-10-05T15:34:14+0800] P1 验收未通过，report.passed=false
[2026-10-05T15:34:14+0800] P1 连续 Gate 批次结果=[False, False, False]
[2026-10-05T15:34:14+0800] P1 启动：/usr/bin/python3 -m rl.train --phase P1 --total-steps 270000 --device cuda --ckptdir /run/media/pma213x/0C6A8CC86A8CAFCE/Ubuntu2/CodeU/Dog1/official-mini-cheetah/checkpoints/official_mini_cheetah_flat_jump_v1_r3 --ckpt-prefix official_mini_cheetah_flat_jump_v1_r3 --logdir /run/media/pma213x/0C6A8CC86A8CAFCE/Ubuntu2/CodeU/Dog1/official-mini-cheetah/runs/official_mini_cheetah_flat_jump_v1_r3/P1_parallel --bridge-port 11452 --num-envs 4 --checkpoint-interval 20000 --randomization-mode fixed --seed 20261003 --phase-step-offset 250000 --resume /run/media/pma213x/0C6A8CC86A8CAFCE/Ubuntu2/CodeU/Dog1/official-mini-cheetah/checkpoints/official_mini_cheetah_flat_jump_v1_r3/official_mini_cheetah_flat_jump_v1_r3_final.zip
[2026-10-05T15:34:20+0800] P1 四 worker 实时健康确认通过
[2026-10-05T15:36:51+0800] P1 验收命令：/usr/bin/python3 -m rl.evaluate --phase P1 --gate --checkpoint /run/media/pma213x/0C6A8CC86A8CAFCE/Ubuntu2/CodeU/Dog1/official-mini-cheetah/checkpoints/official_mini_cheetah_flat_jump_v1_r3/official_mini_cheetah_flat_jump_v1_r3_final.zip --output /run/media/pma213x/0C6A8CC86A8CAFCE/Ubuntu2/CodeU/Dog1/official-mini-cheetah/logs/official_mini_cheetah_flat_jump_v1_r3/P1_gate_attempt_0.json
[2026-10-05T15:36:58+0800] P1 验收未通过，report.passed=false
[2026-10-05T15:36:58+0800] P1 验收命令：/usr/bin/python3 -m rl.evaluate --phase P1 --gate --checkpoint /run/media/pma213x/0C6A8CC86A8CAFCE/Ubuntu2/CodeU/Dog1/official-mini-cheetah/checkpoints/official_mini_cheetah_flat_jump_v1_r3/official_mini_cheetah_flat_jump_v1_r3_final.zip --output /run/media/pma213x/0C6A8CC86A8CAFCE/Ubuntu2/CodeU/Dog1/official-mini-cheetah/logs/official_mini_cheetah_flat_jump_v1_r3/P1_gate_attempt_1.json
[2026-10-05T15:37:06+0800] P1 验收未通过，report.passed=false
[2026-10-05T15:37:06+0800] P1 验收命令：/usr/bin/python3 -m rl.evaluate --phase P1 --gate --checkpoint /run/media/pma213x/0C6A8CC86A8CAFCE/Ubuntu2/CodeU/Dog1/official-mini-cheetah/checkpoints/official_mini_cheetah_flat_jump_v1_r3/official_mini_cheetah_flat_jump_v1_r3_final.zip --output /run/media/pma213x/0C6A8CC86A8CAFCE/Ubuntu2/CodeU/Dog1/official-mini-cheetah/logs/official_mini_cheetah_flat_jump_v1_r3/P1_gate_attempt_2.json
[2026-10-05T15:37:14+0800] P1 验收未通过，report.passed=false
[2026-10-05T15:37:14+0800] P1 连续 Gate 批次结果=[False, False, False]
[2026-10-05T15:37:14+0800] P1 启动：/usr/bin/python3 -m rl.train --phase P1 --total-steps 280000 --device cuda --ckptdir /run/media/pma213x/0C6A8CC86A8CAFCE/Ubuntu2/CodeU/Dog1/official-mini-cheetah/checkpoints/official_mini_cheetah_flat_jump_v1_r3 --ckpt-prefix official_mini_cheetah_flat_jump_v1_r3 --logdir /run/media/pma213x/0C6A8CC86A8CAFCE/Ubuntu2/CodeU/Dog1/official-mini-cheetah/runs/official_mini_cheetah_flat_jump_v1_r3/P1_parallel --bridge-port 11452 --num-envs 4 --checkpoint-interval 20000 --randomization-mode fixed --seed 20261003 --phase-step-offset 260000 --resume /run/media/pma213x/0C6A8CC86A8CAFCE/Ubuntu2/CodeU/Dog1/official-mini-cheetah/checkpoints/official_mini_cheetah_flat_jump_v1_r3/official_mini_cheetah_flat_jump_v1_r3_final.zip
[2026-10-05T15:37:20+0800] P1 四 worker 实时健康确认通过
[2026-10-05T15:39:56+0800] P1 验收命令：/usr/bin/python3 -m rl.evaluate --phase P1 --gate --checkpoint /run/media/pma213x/0C6A8CC86A8CAFCE/Ubuntu2/CodeU/Dog1/official-mini-cheetah/checkpoints/official_mini_cheetah_flat_jump_v1_r3/official_mini_cheetah_flat_jump_v1_r3_final.zip --output /run/media/pma213x/0C6A8CC86A8CAFCE/Ubuntu2/CodeU/Dog1/official-mini-cheetah/logs/official_mini_cheetah_flat_jump_v1_r3/P1_gate_attempt_0.json
[2026-10-05T15:40:04+0800] P1 验收未通过，report.passed=false
[2026-10-05T15:40:04+0800] P1 验收命令：/usr/bin/python3 -m rl.evaluate --phase P1 --gate --checkpoint /run/media/pma213x/0C6A8CC86A8CAFCE/Ubuntu2/CodeU/Dog1/official-mini-cheetah/checkpoints/official_mini_cheetah_flat_jump_v1_r3/official_mini_cheetah_flat_jump_v1_r3_final.zip --output /run/media/pma213x/0C6A8CC86A8CAFCE/Ubuntu2/CodeU/Dog1/official-mini-cheetah/logs/official_mini_cheetah_flat_jump_v1_r3/P1_gate_attempt_1.json
[2026-10-05T15:40:12+0800] P1 验收未通过，report.passed=false
[2026-10-05T15:40:12+0800] P1 验收命令：/usr/bin/python3 -m rl.evaluate --phase P1 --gate --checkpoint /run/media/pma213x/0C6A8CC86A8CAFCE/Ubuntu2/CodeU/Dog1/official-mini-cheetah/checkpoints/official_mini_cheetah_flat_jump_v1_r3/official_mini_cheetah_flat_jump_v1_r3_final.zip --output /run/media/pma213x/0C6A8CC86A8CAFCE/Ubuntu2/CodeU/Dog1/official-mini-cheetah/logs/official_mini_cheetah_flat_jump_v1_r3/P1_gate_attempt_2.json
[2026-10-05T15:40:22+0800] P1 验收未通过，report.passed=false
[2026-10-05T15:40:22+0800] P1 连续 Gate 批次结果=[False, False, False]
[2026-10-05T15:40:22+0800] P1 启动：/usr/bin/python3 -m rl.train --phase P1 --total-steps 290000 --device cuda --ckptdir /run/media/pma213x/0C6A8CC86A8CAFCE/Ubuntu2/CodeU/Dog1/official-mini-cheetah/checkpoints/official_mini_cheetah_flat_jump_v1_r3 --ckpt-prefix official_mini_cheetah_flat_jump_v1_r3 --logdir /run/media/pma213x/0C6A8CC86A8CAFCE/Ubuntu2/CodeU/Dog1/official-mini-cheetah/runs/official_mini_cheetah_flat_jump_v1_r3/P1_parallel --bridge-port 11452 --num-envs 4 --checkpoint-interval 20000 --randomization-mode fixed --seed 20261003 --phase-step-offset 270000 --resume /run/media/pma213x/0C6A8CC86A8CAFCE/Ubuntu2/CodeU/Dog1/official-mini-cheetah/checkpoints/official_mini_cheetah_flat_jump_v1_r3/official_mini_cheetah_flat_jump_v1_r3_final.zip
[2026-10-05T15:40:28+0800] P1 四 worker 实时健康确认通过
[2026-10-05T15:43:27+0800] P1 验收命令：/usr/bin/python3 -m rl.evaluate --phase P1 --gate --checkpoint /run/media/pma213x/0C6A8CC86A8CAFCE/Ubuntu2/CodeU/Dog1/official-mini-cheetah/checkpoints/official_mini_cheetah_flat_jump_v1_r3/official_mini_cheetah_flat_jump_v1_r3_final.zip --output /run/media/pma213x/0C6A8CC86A8CAFCE/Ubuntu2/CodeU/Dog1/official-mini-cheetah/logs/official_mini_cheetah_flat_jump_v1_r3/P1_gate_attempt_0.json
[2026-10-05T15:43:35+0800] P1 验收未通过，report.passed=false
[2026-10-05T15:43:35+0800] P1 验收命令：/usr/bin/python3 -m rl.evaluate --phase P1 --gate --checkpoint /run/media/pma213x/0C6A8CC86A8CAFCE/Ubuntu2/CodeU/Dog1/official-mini-cheetah/checkpoints/official_mini_cheetah_flat_jump_v1_r3/official_mini_cheetah_flat_jump_v1_r3_final.zip --output /run/media/pma213x/0C6A8CC86A8CAFCE/Ubuntu2/CodeU/Dog1/official-mini-cheetah/logs/official_mini_cheetah_flat_jump_v1_r3/P1_gate_attempt_1.json
[2026-10-05T15:43:43+0800] P1 验收未通过，report.passed=false
[2026-10-05T15:43:43+0800] P1 验收命令：/usr/bin/python3 -m rl.evaluate --phase P1 --gate --checkpoint /run/media/pma213x/0C6A8CC86A8CAFCE/Ubuntu2/CodeU/Dog1/official-mini-cheetah/checkpoints/official_mini_cheetah_flat_jump_v1_r3/official_mini_cheetah_flat_jump_v1_r3_final.zip --output /run/media/pma213x/0C6A8CC86A8CAFCE/Ubuntu2/CodeU/Dog1/official-mini-cheetah/logs/official_mini_cheetah_flat_jump_v1_r3/P1_gate_attempt_2.json
[2026-10-05T15:43:51+0800] P1 验收未通过，report.passed=false
[2026-10-05T15:43:51+0800] P1 连续 Gate 批次结果=[False, False, False]
[2026-10-05T15:43:51+0800] P1 启动：/usr/bin/python3 -m rl.train --phase P1 --total-steps 300000 --device cuda --ckptdir /run/media/pma213x/0C6A8CC86A8CAFCE/Ubuntu2/CodeU/Dog1/official-mini-cheetah/checkpoints/official_mini_cheetah_flat_jump_v1_r3 --ckpt-prefix official_mini_cheetah_flat_jump_v1_r3 --logdir /run/media/pma213x/0C6A8CC86A8CAFCE/Ubuntu2/CodeU/Dog1/official-mini-cheetah/runs/official_mini_cheetah_flat_jump_v1_r3/P1_parallel --bridge-port 11452 --num-envs 4 --checkpoint-interval 20000 --randomization-mode fixed --seed 20261003 --phase-step-offset 280000 --resume /run/media/pma213x/0C6A8CC86A8CAFCE/Ubuntu2/CodeU/Dog1/official-mini-cheetah/checkpoints/official_mini_cheetah_flat_jump_v1_r3/official_mini_cheetah_flat_jump_v1_r3_final.zip
[2026-10-05T15:43:57+0800] P1 四 worker 实时健康确认通过
[2026-10-05T15:46:50+0800] P1 验收命令：/usr/bin/python3 -m rl.evaluate --phase P1 --gate --checkpoint /run/media/pma213x/0C6A8CC86A8CAFCE/Ubuntu2/CodeU/Dog1/official-mini-cheetah/checkpoints/official_mini_cheetah_flat_jump_v1_r3/official_mini_cheetah_flat_jump_v1_r3_final.zip --output /run/media/pma213x/0C6A8CC86A8CAFCE/Ubuntu2/CodeU/Dog1/official-mini-cheetah/logs/official_mini_cheetah_flat_jump_v1_r3/P1_gate_attempt_0.json
[2026-10-05T15:46:58+0800] P1 验收未通过，report.passed=false
[2026-10-05T15:46:58+0800] P1 验收命令：/usr/bin/python3 -m rl.evaluate --phase P1 --gate --checkpoint /run/media/pma213x/0C6A8CC86A8CAFCE/Ubuntu2/CodeU/Dog1/official-mini-cheetah/checkpoints/official_mini_cheetah_flat_jump_v1_r3/official_mini_cheetah_flat_jump_v1_r3_final.zip --output /run/media/pma213x/0C6A8CC86A8CAFCE/Ubuntu2/CodeU/Dog1/official-mini-cheetah/logs/official_mini_cheetah_flat_jump_v1_r3/P1_gate_attempt_1.json
[2026-10-05T15:47:05+0800] P1 验收未通过，report.passed=false
[2026-10-05T15:47:05+0800] P1 验收命令：/usr/bin/python3 -m rl.evaluate --phase P1 --gate --checkpoint /run/media/pma213x/0C6A8CC86A8CAFCE/Ubuntu2/CodeU/Dog1/official-mini-cheetah/checkpoints/official_mini_cheetah_flat_jump_v1_r3/official_mini_cheetah_flat_jump_v1_r3_final.zip --output /run/media/pma213x/0C6A8CC86A8CAFCE/Ubuntu2/CodeU/Dog1/official-mini-cheetah/logs/official_mini_cheetah_flat_jump_v1_r3/P1_gate_attempt_2.json
[2026-10-05T15:47:13+0800] P1 验收未通过，report.passed=false
[2026-10-05T15:47:13+0800] P1 连续 Gate 批次结果=[False, False, False]
[2026-10-05T15:47:13+0800] P1 启动：/usr/bin/python3 -m rl.train --phase P1 --total-steps 310000 --device cuda --ckptdir /run/media/pma213x/0C6A8CC86A8CAFCE/Ubuntu2/CodeU/Dog1/official-mini-cheetah/checkpoints/official_mini_cheetah_flat_jump_v1_r3 --ckpt-prefix official_mini_cheetah_flat_jump_v1_r3 --logdir /run/media/pma213x/0C6A8CC86A8CAFCE/Ubuntu2/CodeU/Dog1/official-mini-cheetah/runs/official_mini_cheetah_flat_jump_v1_r3/P1_parallel --bridge-port 11452 --num-envs 4 --checkpoint-interval 20000 --randomization-mode fixed --seed 20261003 --phase-step-offset 290000 --resume /run/media/pma213x/0C6A8CC86A8CAFCE/Ubuntu2/CodeU/Dog1/official-mini-cheetah/checkpoints/official_mini_cheetah_flat_jump_v1_r3/official_mini_cheetah_flat_jump_v1_r3_final.zip
[2026-10-05T15:47:19+0800] P1 四 worker 实时健康确认通过
[2026-10-05T15:50:14+0800] P1 验收命令：/usr/bin/python3 -m rl.evaluate --phase P1 --gate --checkpoint /run/media/pma213x/0C6A8CC86A8CAFCE/Ubuntu2/CodeU/Dog1/official-mini-cheetah/checkpoints/official_mini_cheetah_flat_jump_v1_r3/official_mini_cheetah_flat_jump_v1_r3_final.zip --output /run/media/pma213x/0C6A8CC86A8CAFCE/Ubuntu2/CodeU/Dog1/official-mini-cheetah/logs/official_mini_cheetah_flat_jump_v1_r3/P1_gate_attempt_0.json
[2026-10-05T15:50:21+0800] P1 验收未通过，report.passed=false
[2026-10-05T15:50:21+0800] P1 验收命令：/usr/bin/python3 -m rl.evaluate --phase P1 --gate --checkpoint /run/media/pma213x/0C6A8CC86A8CAFCE/Ubuntu2/CodeU/Dog1/official-mini-cheetah/checkpoints/official_mini_cheetah_flat_jump_v1_r3/official_mini_cheetah_flat_jump_v1_r3_final.zip --output /run/media/pma213x/0C6A8CC86A8CAFCE/Ubuntu2/CodeU/Dog1/official-mini-cheetah/logs/official_mini_cheetah_flat_jump_v1_r3/P1_gate_attempt_1.json
[2026-10-05T15:50:29+0800] P1 验收未通过，report.passed=false
[2026-10-05T15:50:29+0800] P1 验收命令：/usr/bin/python3 -m rl.evaluate --phase P1 --gate --checkpoint /run/media/pma213x/0C6A8CC86A8CAFCE/Ubuntu2/CodeU/Dog1/official-mini-cheetah/checkpoints/official_mini_cheetah_flat_jump_v1_r3/official_mini_cheetah_flat_jump_v1_r3_final.zip --output /run/media/pma213x/0C6A8CC86A8CAFCE/Ubuntu2/CodeU/Dog1/official-mini-cheetah/logs/official_mini_cheetah_flat_jump_v1_r3/P1_gate_attempt_2.json
[2026-10-05T15:50:37+0800] P1 验收未通过，report.passed=false
[2026-10-05T15:50:37+0800] P1 连续 Gate 批次结果=[False, False, False]
[2026-10-05T15:50:37+0800] P1 启动：/usr/bin/python3 -m rl.train --phase P1 --total-steps 320000 --device cuda --ckptdir /run/media/pma213x/0C6A8CC86A8CAFCE/Ubuntu2/CodeU/Dog1/official-mini-cheetah/checkpoints/official_mini_cheetah_flat_jump_v1_r3 --ckpt-prefix official_mini_cheetah_flat_jump_v1_r3 --logdir /run/media/pma213x/0C6A8CC86A8CAFCE/Ubuntu2/CodeU/Dog1/official-mini-cheetah/runs/official_mini_cheetah_flat_jump_v1_r3/P1_parallel --bridge-port 11452 --num-envs 4 --checkpoint-interval 20000 --randomization-mode fixed --seed 20261003 --phase-step-offset 300000 --resume /run/media/pma213x/0C6A8CC86A8CAFCE/Ubuntu2/CodeU/Dog1/official-mini-cheetah/checkpoints/official_mini_cheetah_flat_jump_v1_r3/official_mini_cheetah_flat_jump_v1_r3_final.zip
[2026-10-05T15:50:43+0800] P1 四 worker 实时健康确认通过
[2026-10-05T15:53:44+0800] P1 验收命令：/usr/bin/python3 -m rl.evaluate --phase P1 --gate --checkpoint /run/media/pma213x/0C6A8CC86A8CAFCE/Ubuntu2/CodeU/Dog1/official-mini-cheetah/checkpoints/official_mini_cheetah_flat_jump_v1_r3/official_mini_cheetah_flat_jump_v1_r3_final.zip --output /run/media/pma213x/0C6A8CC86A8CAFCE/Ubuntu2/CodeU/Dog1/official-mini-cheetah/logs/official_mini_cheetah_flat_jump_v1_r3/P1_gate_attempt_0.json
[2026-10-05T15:53:52+0800] P1 验收未通过，report.passed=false
[2026-10-05T15:53:52+0800] P1 验收命令：/usr/bin/python3 -m rl.evaluate --phase P1 --gate --checkpoint /run/media/pma213x/0C6A8CC86A8CAFCE/Ubuntu2/CodeU/Dog1/official-mini-cheetah/checkpoints/official_mini_cheetah_flat_jump_v1_r3/official_mini_cheetah_flat_jump_v1_r3_final.zip --output /run/media/pma213x/0C6A8CC86A8CAFCE/Ubuntu2/CodeU/Dog1/official-mini-cheetah/logs/official_mini_cheetah_flat_jump_v1_r3/P1_gate_attempt_1.json
[2026-10-05T15:54:00+0800] P1 验收未通过，report.passed=false
[2026-10-05T15:54:00+0800] P1 验收命令：/usr/bin/python3 -m rl.evaluate --phase P1 --gate --checkpoint /run/media/pma213x/0C6A8CC86A8CAFCE/Ubuntu2/CodeU/Dog1/official-mini-cheetah/checkpoints/official_mini_cheetah_flat_jump_v1_r3/official_mini_cheetah_flat_jump_v1_r3_final.zip --output /run/media/pma213x/0C6A8CC86A8CAFCE/Ubuntu2/CodeU/Dog1/official-mini-cheetah/logs/official_mini_cheetah_flat_jump_v1_r3/P1_gate_attempt_2.json
[2026-10-05T15:54:08+0800] P1 验收未通过，report.passed=false
[2026-10-05T15:54:08+0800] P1 连续 Gate 批次结果=[False, False, False]
[2026-10-05T15:54:08+0800] P1 启动：/usr/bin/python3 -m rl.train --phase P1 --total-steps 330000 --device cuda --ckptdir /run/media/pma213x/0C6A8CC86A8CAFCE/Ubuntu2/CodeU/Dog1/official-mini-cheetah/checkpoints/official_mini_cheetah_flat_jump_v1_r3 --ckpt-prefix official_mini_cheetah_flat_jump_v1_r3 --logdir /run/media/pma213x/0C6A8CC86A8CAFCE/Ubuntu2/CodeU/Dog1/official-mini-cheetah/runs/official_mini_cheetah_flat_jump_v1_r3/P1_parallel --bridge-port 11452 --num-envs 4 --checkpoint-interval 20000 --randomization-mode fixed --seed 20261003 --phase-step-offset 310000 --resume /run/media/pma213x/0C6A8CC86A8CAFCE/Ubuntu2/CodeU/Dog1/official-mini-cheetah/checkpoints/official_mini_cheetah_flat_jump_v1_r3/official_mini_cheetah_flat_jump_v1_r3_final.zip
[2026-10-05T15:54:14+0800] P1 四 worker 实时健康确认通过
[2026-10-05T15:57:25+0800] P1 验收命令：/usr/bin/python3 -m rl.evaluate --phase P1 --gate --checkpoint /run/media/pma213x/0C6A8CC86A8CAFCE/Ubuntu2/CodeU/Dog1/official-mini-cheetah/checkpoints/official_mini_cheetah_flat_jump_v1_r3/official_mini_cheetah_flat_jump_v1_r3_final.zip --output /run/media/pma213x/0C6A8CC86A8CAFCE/Ubuntu2/CodeU/Dog1/official-mini-cheetah/logs/official_mini_cheetah_flat_jump_v1_r3/P1_gate_attempt_0.json
[2026-10-05T15:57:33+0800] P1 验收未通过，report.passed=false
[2026-10-05T15:57:33+0800] P1 验收命令：/usr/bin/python3 -m rl.evaluate --phase P1 --gate --checkpoint /run/media/pma213x/0C6A8CC86A8CAFCE/Ubuntu2/CodeU/Dog1/official-mini-cheetah/checkpoints/official_mini_cheetah_flat_jump_v1_r3/official_mini_cheetah_flat_jump_v1_r3_final.zip --output /run/media/pma213x/0C6A8CC86A8CAFCE/Ubuntu2/CodeU/Dog1/official-mini-cheetah/logs/official_mini_cheetah_flat_jump_v1_r3/P1_gate_attempt_1.json
[2026-10-05T15:57:40+0800] P1 验收未通过，report.passed=false
[2026-10-05T15:57:40+0800] P1 验收命令：/usr/bin/python3 -m rl.evaluate --phase P1 --gate --checkpoint /run/media/pma213x/0C6A8CC86A8CAFCE/Ubuntu2/CodeU/Dog1/official-mini-cheetah/checkpoints/official_mini_cheetah_flat_jump_v1_r3/official_mini_cheetah_flat_jump_v1_r3_final.zip --output /run/media/pma213x/0C6A8CC86A8CAFCE/Ubuntu2/CodeU/Dog1/official-mini-cheetah/logs/official_mini_cheetah_flat_jump_v1_r3/P1_gate_attempt_2.json
[2026-10-05T15:57:48+0800] P1 验收未通过，report.passed=false
[2026-10-05T15:57:48+0800] P1 连续 Gate 批次结果=[False, False, False]
[2026-10-05T15:57:48+0800] P1 启动：/usr/bin/python3 -m rl.train --phase P1 --total-steps 340000 --device cuda --ckptdir /run/media/pma213x/0C6A8CC86A8CAFCE/Ubuntu2/CodeU/Dog1/official-mini-cheetah/checkpoints/official_mini_cheetah_flat_jump_v1_r3 --ckpt-prefix official_mini_cheetah_flat_jump_v1_r3 --logdir /run/media/pma213x/0C6A8CC86A8CAFCE/Ubuntu2/CodeU/Dog1/official-mini-cheetah/runs/official_mini_cheetah_flat_jump_v1_r3/P1_parallel --bridge-port 11452 --num-envs 4 --checkpoint-interval 20000 --randomization-mode fixed --seed 20261003 --phase-step-offset 320000 --resume /run/media/pma213x/0C6A8CC86A8CAFCE/Ubuntu2/CodeU/Dog1/official-mini-cheetah/checkpoints/official_mini_cheetah_flat_jump_v1_r3/official_mini_cheetah_flat_jump_v1_r3_final.zip
[2026-10-05T15:57:54+0800] P1 四 worker 实时健康确认通过
[2026-10-05T16:01:07+0800] P1 验收命令：/usr/bin/python3 -m rl.evaluate --phase P1 --gate --checkpoint /run/media/pma213x/0C6A8CC86A8CAFCE/Ubuntu2/CodeU/Dog1/official-mini-cheetah/checkpoints/official_mini_cheetah_flat_jump_v1_r3/official_mini_cheetah_flat_jump_v1_r3_final.zip --output /run/media/pma213x/0C6A8CC86A8CAFCE/Ubuntu2/CodeU/Dog1/official-mini-cheetah/logs/official_mini_cheetah_flat_jump_v1_r3/P1_gate_attempt_0.json
[2026-10-05T16:01:14+0800] P1 验收未通过，report.passed=false
[2026-10-05T16:01:14+0800] P1 验收命令：/usr/bin/python3 -m rl.evaluate --phase P1 --gate --checkpoint /run/media/pma213x/0C6A8CC86A8CAFCE/Ubuntu2/CodeU/Dog1/official-mini-cheetah/checkpoints/official_mini_cheetah_flat_jump_v1_r3/official_mini_cheetah_flat_jump_v1_r3_final.zip --output /run/media/pma213x/0C6A8CC86A8CAFCE/Ubuntu2/CodeU/Dog1/official-mini-cheetah/logs/official_mini_cheetah_flat_jump_v1_r3/P1_gate_attempt_1.json
[2026-10-05T16:01:22+0800] P1 验收未通过，report.passed=false
[2026-10-05T16:01:22+0800] P1 验收命令：/usr/bin/python3 -m rl.evaluate --phase P1 --gate --checkpoint /run/media/pma213x/0C6A8CC86A8CAFCE/Ubuntu2/CodeU/Dog1/official-mini-cheetah/checkpoints/official_mini_cheetah_flat_jump_v1_r3/official_mini_cheetah_flat_jump_v1_r3_final.zip --output /run/media/pma213x/0C6A8CC86A8CAFCE/Ubuntu2/CodeU/Dog1/official-mini-cheetah/logs/official_mini_cheetah_flat_jump_v1_r3/P1_gate_attempt_2.json
[2026-10-05T16:01:32+0800] P1 验收未通过，report.passed=false
[2026-10-05T16:01:32+0800] P1 连续 Gate 批次结果=[False, False, False]
[2026-10-05T16:01:32+0800] P1 启动：/usr/bin/python3 -m rl.train --phase P1 --total-steps 350000 --device cuda --ckptdir /run/media/pma213x/0C6A8CC86A8CAFCE/Ubuntu2/CodeU/Dog1/official-mini-cheetah/checkpoints/official_mini_cheetah_flat_jump_v1_r3 --ckpt-prefix official_mini_cheetah_flat_jump_v1_r3 --logdir /run/media/pma213x/0C6A8CC86A8CAFCE/Ubuntu2/CodeU/Dog1/official-mini-cheetah/runs/official_mini_cheetah_flat_jump_v1_r3/P1_parallel --bridge-port 11452 --num-envs 4 --checkpoint-interval 20000 --randomization-mode fixed --seed 20261003 --phase-step-offset 330000 --resume /run/media/pma213x/0C6A8CC86A8CAFCE/Ubuntu2/CodeU/Dog1/official-mini-cheetah/checkpoints/official_mini_cheetah_flat_jump_v1_r3/official_mini_cheetah_flat_jump_v1_r3_final.zip
[2026-10-05T16:01:39+0800] P1 四 worker 实时健康确认通过
[2026-10-05T16:05:05+0800] P1 验收命令：/usr/bin/python3 -m rl.evaluate --phase P1 --gate --checkpoint /run/media/pma213x/0C6A8CC86A8CAFCE/Ubuntu2/CodeU/Dog1/official-mini-cheetah/checkpoints/official_mini_cheetah_flat_jump_v1_r3/official_mini_cheetah_flat_jump_v1_r3_final.zip --output /run/media/pma213x/0C6A8CC86A8CAFCE/Ubuntu2/CodeU/Dog1/official-mini-cheetah/logs/official_mini_cheetah_flat_jump_v1_r3/P1_gate_attempt_0.json
[2026-10-05T16:05:14+0800] P1 验收未通过，report.passed=false
[2026-10-05T16:05:14+0800] P1 验收命令：/usr/bin/python3 -m rl.evaluate --phase P1 --gate --checkpoint /run/media/pma213x/0C6A8CC86A8CAFCE/Ubuntu2/CodeU/Dog1/official-mini-cheetah/checkpoints/official_mini_cheetah_flat_jump_v1_r3/official_mini_cheetah_flat_jump_v1_r3_final.zip --output /run/media/pma213x/0C6A8CC86A8CAFCE/Ubuntu2/CodeU/Dog1/official-mini-cheetah/logs/official_mini_cheetah_flat_jump_v1_r3/P1_gate_attempt_1.json
[2026-10-05T16:05:22+0800] P1 验收未通过，report.passed=false
[2026-10-05T16:05:22+0800] P1 验收命令：/usr/bin/python3 -m rl.evaluate --phase P1 --gate --checkpoint /run/media/pma213x/0C6A8CC86A8CAFCE/Ubuntu2/CodeU/Dog1/official-mini-cheetah/checkpoints/official_mini_cheetah_flat_jump_v1_r3/official_mini_cheetah_flat_jump_v1_r3_final.zip --output /run/media/pma213x/0C6A8CC86A8CAFCE/Ubuntu2/CodeU/Dog1/official-mini-cheetah/logs/official_mini_cheetah_flat_jump_v1_r3/P1_gate_attempt_2.json
[2026-10-05T16:05:32+0800] P1 验收未通过，report.passed=false
[2026-10-05T16:05:32+0800] P1 连续 Gate 批次结果=[False, False, False]
[2026-10-05T16:05:32+0800] P1 启动：/usr/bin/python3 -m rl.train --phase P1 --total-steps 360000 --device cuda --ckptdir /run/media/pma213x/0C6A8CC86A8CAFCE/Ubuntu2/CodeU/Dog1/official-mini-cheetah/checkpoints/official_mini_cheetah_flat_jump_v1_r3 --ckpt-prefix official_mini_cheetah_flat_jump_v1_r3 --logdir /run/media/pma213x/0C6A8CC86A8CAFCE/Ubuntu2/CodeU/Dog1/official-mini-cheetah/runs/official_mini_cheetah_flat_jump_v1_r3/P1_parallel --bridge-port 11452 --num-envs 4 --checkpoint-interval 20000 --randomization-mode fixed --seed 20261003 --phase-step-offset 340000 --resume /run/media/pma213x/0C6A8CC86A8CAFCE/Ubuntu2/CodeU/Dog1/official-mini-cheetah/checkpoints/official_mini_cheetah_flat_jump_v1_r3/official_mini_cheetah_flat_jump_v1_r3_final.zip
[2026-10-05T16:05:38+0800] P1 四 worker 实时健康确认通过
[2026-10-05T16:09:19+0800] P1 验收命令：/usr/bin/python3 -m rl.evaluate --phase P1 --gate --checkpoint /run/media/pma213x/0C6A8CC86A8CAFCE/Ubuntu2/CodeU/Dog1/official-mini-cheetah/checkpoints/official_mini_cheetah_flat_jump_v1_r3/official_mini_cheetah_flat_jump_v1_r3_final.zip --output /run/media/pma213x/0C6A8CC86A8CAFCE/Ubuntu2/CodeU/Dog1/official-mini-cheetah/logs/official_mini_cheetah_flat_jump_v1_r3/P1_gate_attempt_0.json
[2026-10-05T16:09:27+0800] P1 验收未通过，report.passed=false
[2026-10-05T16:09:27+0800] P1 验收命令：/usr/bin/python3 -m rl.evaluate --phase P1 --gate --checkpoint /run/media/pma213x/0C6A8CC86A8CAFCE/Ubuntu2/CodeU/Dog1/official-mini-cheetah/checkpoints/official_mini_cheetah_flat_jump_v1_r3/official_mini_cheetah_flat_jump_v1_r3_final.zip --output /run/media/pma213x/0C6A8CC86A8CAFCE/Ubuntu2/CodeU/Dog1/official-mini-cheetah/logs/official_mini_cheetah_flat_jump_v1_r3/P1_gate_attempt_1.json
[2026-10-05T16:09:35+0800] P1 验收未通过，report.passed=false
[2026-10-05T16:09:35+0800] P1 验收命令：/usr/bin/python3 -m rl.evaluate --phase P1 --gate --checkpoint /run/media/pma213x/0C6A8CC86A8CAFCE/Ubuntu2/CodeU/Dog1/official-mini-cheetah/checkpoints/official_mini_cheetah_flat_jump_v1_r3/official_mini_cheetah_flat_jump_v1_r3_final.zip --output /run/media/pma213x/0C6A8CC86A8CAFCE/Ubuntu2/CodeU/Dog1/official-mini-cheetah/logs/official_mini_cheetah_flat_jump_v1_r3/P1_gate_attempt_2.json
[2026-10-05T16:09:42+0800] P1 验收未通过，report.passed=false
[2026-10-05T16:09:42+0800] P1 连续 Gate 批次结果=[False, False, False]
[2026-10-05T16:09:42+0800] P1 启动：/usr/bin/python3 -m rl.train --phase P1 --total-steps 370000 --device cuda --ckptdir /run/media/pma213x/0C6A8CC86A8CAFCE/Ubuntu2/CodeU/Dog1/official-mini-cheetah/checkpoints/official_mini_cheetah_flat_jump_v1_r3 --ckpt-prefix official_mini_cheetah_flat_jump_v1_r3 --logdir /run/media/pma213x/0C6A8CC86A8CAFCE/Ubuntu2/CodeU/Dog1/official-mini-cheetah/runs/official_mini_cheetah_flat_jump_v1_r3/P1_parallel --bridge-port 11452 --num-envs 4 --checkpoint-interval 20000 --randomization-mode fixed --seed 20261003 --phase-step-offset 350000 --resume /run/media/pma213x/0C6A8CC86A8CAFCE/Ubuntu2/CodeU/Dog1/official-mini-cheetah/checkpoints/official_mini_cheetah_flat_jump_v1_r3/official_mini_cheetah_flat_jump_v1_r3_final.zip
[2026-10-05T16:09:49+0800] P1 四 worker 实时健康确认通过
[2026-10-05T16:13:20+0800] P1 验收命令：/usr/bin/python3 -m rl.evaluate --phase P1 --gate --checkpoint /run/media/pma213x/0C6A8CC86A8CAFCE/Ubuntu2/CodeU/Dog1/official-mini-cheetah/checkpoints/official_mini_cheetah_flat_jump_v1_r3/official_mini_cheetah_flat_jump_v1_r3_final.zip --output /run/media/pma213x/0C6A8CC86A8CAFCE/Ubuntu2/CodeU/Dog1/official-mini-cheetah/logs/official_mini_cheetah_flat_jump_v1_r3/P1_gate_attempt_0.json
[2026-10-05T16:13:28+0800] P1 验收未通过，report.passed=false
[2026-10-05T16:13:28+0800] P1 验收命令：/usr/bin/python3 -m rl.evaluate --phase P1 --gate --checkpoint /run/media/pma213x/0C6A8CC86A8CAFCE/Ubuntu2/CodeU/Dog1/official-mini-cheetah/checkpoints/official_mini_cheetah_flat_jump_v1_r3/official_mini_cheetah_flat_jump_v1_r3_final.zip --output /run/media/pma213x/0C6A8CC86A8CAFCE/Ubuntu2/CodeU/Dog1/official-mini-cheetah/logs/official_mini_cheetah_flat_jump_v1_r3/P1_gate_attempt_1.json
[2026-10-05T16:13:37+0800] P1 验收未通过，report.passed=false
[2026-10-05T16:13:37+0800] P1 验收命令：/usr/bin/python3 -m rl.evaluate --phase P1 --gate --checkpoint /run/media/pma213x/0C6A8CC86A8CAFCE/Ubuntu2/CodeU/Dog1/official-mini-cheetah/checkpoints/official_mini_cheetah_flat_jump_v1_r3/official_mini_cheetah_flat_jump_v1_r3_final.zip --output /run/media/pma213x/0C6A8CC86A8CAFCE/Ubuntu2/CodeU/Dog1/official-mini-cheetah/logs/official_mini_cheetah_flat_jump_v1_r3/P1_gate_attempt_2.json
[2026-10-05T16:13:45+0800] P1 验收未通过，report.passed=false
[2026-10-05T16:13:45+0800] P1 连续 Gate 批次结果=[False, False, False]
[2026-10-05T16:13:45+0800] P1 启动：/usr/bin/python3 -m rl.train --phase P1 --total-steps 380000 --device cuda --ckptdir /run/media/pma213x/0C6A8CC86A8CAFCE/Ubuntu2/CodeU/Dog1/official-mini-cheetah/checkpoints/official_mini_cheetah_flat_jump_v1_r3 --ckpt-prefix official_mini_cheetah_flat_jump_v1_r3 --logdir /run/media/pma213x/0C6A8CC86A8CAFCE/Ubuntu2/CodeU/Dog1/official-mini-cheetah/runs/official_mini_cheetah_flat_jump_v1_r3/P1_parallel --bridge-port 11452 --num-envs 4 --checkpoint-interval 20000 --randomization-mode fixed --seed 20261003 --phase-step-offset 360000 --resume /run/media/pma213x/0C6A8CC86A8CAFCE/Ubuntu2/CodeU/Dog1/official-mini-cheetah/checkpoints/official_mini_cheetah_flat_jump_v1_r3/official_mini_cheetah_flat_jump_v1_r3_final.zip
[2026-10-05T16:13:51+0800] P1 四 worker 实时健康确认通过
[2026-10-05T16:17:36+0800] P1 验收命令：/usr/bin/python3 -m rl.evaluate --phase P1 --gate --checkpoint /run/media/pma213x/0C6A8CC86A8CAFCE/Ubuntu2/CodeU/Dog1/official-mini-cheetah/checkpoints/official_mini_cheetah_flat_jump_v1_r3/official_mini_cheetah_flat_jump_v1_r3_final.zip --output /run/media/pma213x/0C6A8CC86A8CAFCE/Ubuntu2/CodeU/Dog1/official-mini-cheetah/logs/official_mini_cheetah_flat_jump_v1_r3/P1_gate_attempt_0.json
[2026-10-05T16:17:44+0800] P1 验收未通过，report.passed=false
[2026-10-05T16:17:44+0800] P1 验收命令：/usr/bin/python3 -m rl.evaluate --phase P1 --gate --checkpoint /run/media/pma213x/0C6A8CC86A8CAFCE/Ubuntu2/CodeU/Dog1/official-mini-cheetah/checkpoints/official_mini_cheetah_flat_jump_v1_r3/official_mini_cheetah_flat_jump_v1_r3_final.zip --output /run/media/pma213x/0C6A8CC86A8CAFCE/Ubuntu2/CodeU/Dog1/official-mini-cheetah/logs/official_mini_cheetah_flat_jump_v1_r3/P1_gate_attempt_1.json
[2026-10-05T16:17:52+0800] P1 验收未通过，report.passed=false
[2026-10-05T16:17:52+0800] P1 验收命令：/usr/bin/python3 -m rl.evaluate --phase P1 --gate --checkpoint /run/media/pma213x/0C6A8CC86A8CAFCE/Ubuntu2/CodeU/Dog1/official-mini-cheetah/checkpoints/official_mini_cheetah_flat_jump_v1_r3/official_mini_cheetah_flat_jump_v1_r3_final.zip --output /run/media/pma213x/0C6A8CC86A8CAFCE/Ubuntu2/CodeU/Dog1/official-mini-cheetah/logs/official_mini_cheetah_flat_jump_v1_r3/P1_gate_attempt_2.json
[2026-10-05T16:17:59+0800] P1 验收未通过，report.passed=false
[2026-10-05T16:17:59+0800] P1 连续 Gate 批次结果=[False, False, False]
[2026-10-05T16:17:59+0800] P1 启动：/usr/bin/python3 -m rl.train --phase P1 --total-steps 390000 --device cuda --ckptdir /run/media/pma213x/0C6A8CC86A8CAFCE/Ubuntu2/CodeU/Dog1/official-mini-cheetah/checkpoints/official_mini_cheetah_flat_jump_v1_r3 --ckpt-prefix official_mini_cheetah_flat_jump_v1_r3 --logdir /run/media/pma213x/0C6A8CC86A8CAFCE/Ubuntu2/CodeU/Dog1/official-mini-cheetah/runs/official_mini_cheetah_flat_jump_v1_r3/P1_parallel --bridge-port 11452 --num-envs 4 --checkpoint-interval 20000 --randomization-mode fixed --seed 20261003 --phase-step-offset 370000 --resume /run/media/pma213x/0C6A8CC86A8CAFCE/Ubuntu2/CodeU/Dog1/official-mini-cheetah/checkpoints/official_mini_cheetah_flat_jump_v1_r3/official_mini_cheetah_flat_jump_v1_r3_final.zip
[2026-10-05T16:18:06+0800] P1 四 worker 实时健康确认通过
[2026-10-05T16:21:53+0800] P1 验收命令：/usr/bin/python3 -m rl.evaluate --phase P1 --gate --checkpoint /run/media/pma213x/0C6A8CC86A8CAFCE/Ubuntu2/CodeU/Dog1/official-mini-cheetah/checkpoints/official_mini_cheetah_flat_jump_v1_r3/official_mini_cheetah_flat_jump_v1_r3_final.zip --output /run/media/pma213x/0C6A8CC86A8CAFCE/Ubuntu2/CodeU/Dog1/official-mini-cheetah/logs/official_mini_cheetah_flat_jump_v1_r3/P1_gate_attempt_0.json
[2026-10-05T16:22:01+0800] P1 验收未通过，report.passed=false
[2026-10-05T16:22:01+0800] P1 验收命令：/usr/bin/python3 -m rl.evaluate --phase P1 --gate --checkpoint /run/media/pma213x/0C6A8CC86A8CAFCE/Ubuntu2/CodeU/Dog1/official-mini-cheetah/checkpoints/official_mini_cheetah_flat_jump_v1_r3/official_mini_cheetah_flat_jump_v1_r3_final.zip --output /run/media/pma213x/0C6A8CC86A8CAFCE/Ubuntu2/CodeU/Dog1/official-mini-cheetah/logs/official_mini_cheetah_flat_jump_v1_r3/P1_gate_attempt_1.json
[2026-10-05T16:22:08+0800] P1 验收未通过，report.passed=false
[2026-10-05T16:22:08+0800] P1 验收命令：/usr/bin/python3 -m rl.evaluate --phase P1 --gate --checkpoint /run/media/pma213x/0C6A8CC86A8CAFCE/Ubuntu2/CodeU/Dog1/official-mini-cheetah/checkpoints/official_mini_cheetah_flat_jump_v1_r3/official_mini_cheetah_flat_jump_v1_r3_final.zip --output /run/media/pma213x/0C6A8CC86A8CAFCE/Ubuntu2/CodeU/Dog1/official-mini-cheetah/logs/official_mini_cheetah_flat_jump_v1_r3/P1_gate_attempt_2.json
[2026-10-05T16:22:16+0800] P1 验收未通过，report.passed=false
[2026-10-05T16:22:16+0800] P1 连续 Gate 批次结果=[False, False, False]
[2026-10-05T16:22:16+0800] P1 启动：/usr/bin/python3 -m rl.train --phase P1 --total-steps 400000 --device cuda --ckptdir /run/media/pma213x/0C6A8CC86A8CAFCE/Ubuntu2/CodeU/Dog1/official-mini-cheetah/checkpoints/official_mini_cheetah_flat_jump_v1_r3 --ckpt-prefix official_mini_cheetah_flat_jump_v1_r3 --logdir /run/media/pma213x/0C6A8CC86A8CAFCE/Ubuntu2/CodeU/Dog1/official-mini-cheetah/runs/official_mini_cheetah_flat_jump_v1_r3/P1_parallel --bridge-port 11452 --num-envs 4 --checkpoint-interval 20000 --randomization-mode fixed --seed 20261003 --phase-step-offset 380000 --resume /run/media/pma213x/0C6A8CC86A8CAFCE/Ubuntu2/CodeU/Dog1/official-mini-cheetah/checkpoints/official_mini_cheetah_flat_jump_v1_r3/official_mini_cheetah_flat_jump_v1_r3_final.zip
[2026-10-05T16:22:22+0800] P1 四 worker 实时健康确认通过
[2026-10-05T16:26:07+0800] P1 验收命令：/usr/bin/python3 -m rl.evaluate --phase P1 --gate --checkpoint /run/media/pma213x/0C6A8CC86A8CAFCE/Ubuntu2/CodeU/Dog1/official-mini-cheetah/checkpoints/official_mini_cheetah_flat_jump_v1_r3/official_mini_cheetah_flat_jump_v1_r3_final.zip --output /run/media/pma213x/0C6A8CC86A8CAFCE/Ubuntu2/CodeU/Dog1/official-mini-cheetah/logs/official_mini_cheetah_flat_jump_v1_r3/P1_gate_attempt_0.json
[2026-10-05T16:26:15+0800] P1 验收未通过，report.passed=false
[2026-10-05T16:26:15+0800] P1 验收命令：/usr/bin/python3 -m rl.evaluate --phase P1 --gate --checkpoint /run/media/pma213x/0C6A8CC86A8CAFCE/Ubuntu2/CodeU/Dog1/official-mini-cheetah/checkpoints/official_mini_cheetah_flat_jump_v1_r3/official_mini_cheetah_flat_jump_v1_r3_final.zip --output /run/media/pma213x/0C6A8CC86A8CAFCE/Ubuntu2/CodeU/Dog1/official-mini-cheetah/logs/official_mini_cheetah_flat_jump_v1_r3/P1_gate_attempt_1.json
[2026-10-05T16:26:22+0800] P1 验收未通过，report.passed=false
[2026-10-05T16:26:22+0800] P1 验收命令：/usr/bin/python3 -m rl.evaluate --phase P1 --gate --checkpoint /run/media/pma213x/0C6A8CC86A8CAFCE/Ubuntu2/CodeU/Dog1/official-mini-cheetah/checkpoints/official_mini_cheetah_flat_jump_v1_r3/official_mini_cheetah_flat_jump_v1_r3_final.zip --output /run/media/pma213x/0C6A8CC86A8CAFCE/Ubuntu2/CodeU/Dog1/official-mini-cheetah/logs/official_mini_cheetah_flat_jump_v1_r3/P1_gate_attempt_2.json
[2026-10-05T16:26:30+0800] P1 验收未通过，report.passed=false
[2026-10-05T16:26:30+0800] P1 连续 Gate 批次结果=[False, False, False]
[2026-10-05T16:26:30+0800] 失败即停：P1 Gate 在预算 400000 处失败，按计划停止且不自动延长
[2026-10-05T16:45:25+0800] P1 连续 Gate 批次结果=[True, False, True]
[2026-10-05T16:48:04+0800] R3 新训练断点 steps=0 restart_p0_from_zero=True
[2026-10-05T16:48:04+0800] P0 启动：/usr/bin/python3 -m rl.train --phase P0 --total-steps 10000 --device cuda --ckptdir /run/media/pma213x/0C6A8CC86A8CAFCE/Ubuntu2/CodeU/Dog1/official-mini-cheetah/checkpoints/official_mini_cheetah_flat_jump_v1_r3 --ckpt-prefix official_mini_cheetah_flat_jump_v1_r3 --logdir /run/media/pma213x/0C6A8CC86A8CAFCE/Ubuntu2/CodeU/Dog1/official-mini-cheetah/runs/official_mini_cheetah_flat_jump_v1_r3/P0_parallel --bridge-port 11452 --num-envs 4 --checkpoint-interval 20000 --randomization-mode fixed --seed 20261003 --phase-step-offset 0
[2026-10-05T16:48:11+0800] P0 四 worker 实时健康确认通过
[2026-10-05T16:48:30+0800] P0 验收命令：/usr/bin/python3 -m rl.evaluate --phase P0 --gate --checkpoint /run/media/pma213x/0C6A8CC86A8CAFCE/Ubuntu2/CodeU/Dog1/official-mini-cheetah/checkpoints/official_mini_cheetah_flat_jump_v1_r3/official_mini_cheetah_flat_jump_v1_r3_final.zip --output /run/media/pma213x/0C6A8CC86A8CAFCE/Ubuntu2/CodeU/Dog1/official-mini-cheetah/logs/official_mini_cheetah_flat_jump_v1_r3/P0_gate_attempt_0.json
[2026-10-05T16:48:40+0800] P0 验收通过
[2026-10-05T16:48:40+0800] P0 验收命令：/usr/bin/python3 -m rl.evaluate --phase P0 --gate --checkpoint /run/media/pma213x/0C6A8CC86A8CAFCE/Ubuntu2/CodeU/Dog1/official-mini-cheetah/checkpoints/official_mini_cheetah_flat_jump_v1_r3/official_mini_cheetah_flat_jump_v1_r3_final.zip --output /run/media/pma213x/0C6A8CC86A8CAFCE/Ubuntu2/CodeU/Dog1/official-mini-cheetah/logs/official_mini_cheetah_flat_jump_v1_r3/P0_gate_attempt_1.json
[2026-10-05T16:48:49+0800] P0 验收通过
[2026-10-05T16:48:49+0800] P0 验收命令：/usr/bin/python3 -m rl.evaluate --phase P0 --gate --checkpoint /run/media/pma213x/0C6A8CC86A8CAFCE/Ubuntu2/CodeU/Dog1/official-mini-cheetah/checkpoints/official_mini_cheetah_flat_jump_v1_r3/official_mini_cheetah_flat_jump_v1_r3_final.zip --output /run/media/pma213x/0C6A8CC86A8CAFCE/Ubuntu2/CodeU/Dog1/official-mini-cheetah/logs/official_mini_cheetah_flat_jump_v1_r3/P0_gate_attempt_2.json
[2026-10-05T16:48:58+0800] P0 验收通过
[2026-10-05T16:48:58+0800] P0 gate 后健康确认通过
[2026-10-05T16:48:58+0800] P1 启动：/usr/bin/python3 -m rl.train --phase P1 --total-steps 20000 --device cuda --ckptdir /run/media/pma213x/0C6A8CC86A8CAFCE/Ubuntu2/CodeU/Dog1/official-mini-cheetah/checkpoints/official_mini_cheetah_flat_jump_v1_r3 --ckpt-prefix official_mini_cheetah_flat_jump_v1_r3 --logdir /run/media/pma213x/0C6A8CC86A8CAFCE/Ubuntu2/CodeU/Dog1/official-mini-cheetah/runs/official_mini_cheetah_flat_jump_v1_r3/P1_parallel --bridge-port 11452 --num-envs 4 --checkpoint-interval 20000 --randomization-mode fixed --seed 20261003 --phase-step-offset 0 --resume /run/media/pma213x/0C6A8CC86A8CAFCE/Ubuntu2/CodeU/Dog1/official-mini-cheetah/checkpoints/official_mini_cheetah_flat_jump_v1_r3/official_mini_cheetah_flat_jump_v1_r3_final.zip
[2026-10-05T16:49:05+0800] P1 四 worker 实时健康确认通过
[2026-10-05T16:49:28+0800] P1 启动：/usr/bin/python3 -m rl.train --phase P1 --total-steps 30000 --device cuda --ckptdir /run/media/pma213x/0C6A8CC86A8CAFCE/Ubuntu2/CodeU/Dog1/official-mini-cheetah/checkpoints/official_mini_cheetah_flat_jump_v1_r3 --ckpt-prefix official_mini_cheetah_flat_jump_v1_r3 --logdir /run/media/pma213x/0C6A8CC86A8CAFCE/Ubuntu2/CodeU/Dog1/official-mini-cheetah/runs/official_mini_cheetah_flat_jump_v1_r3/P1_parallel --bridge-port 11452 --num-envs 4 --checkpoint-interval 20000 --randomization-mode fixed --seed 20261003 --phase-step-offset 10000 --resume /run/media/pma213x/0C6A8CC86A8CAFCE/Ubuntu2/CodeU/Dog1/official-mini-cheetah/checkpoints/official_mini_cheetah_flat_jump_v1_r3/official_mini_cheetah_flat_jump_v1_r3_final.zip
[2026-10-05T16:49:34+0800] P1 四 worker 实时健康确认通过
[2026-10-05T16:49:56+0800] P1 启动：/usr/bin/python3 -m rl.train --phase P1 --total-steps 40000 --device cuda --ckptdir /run/media/pma213x/0C6A8CC86A8CAFCE/Ubuntu2/CodeU/Dog1/official-mini-cheetah/checkpoints/official_mini_cheetah_flat_jump_v1_r3 --ckpt-prefix official_mini_cheetah_flat_jump_v1_r3 --logdir /run/media/pma213x/0C6A8CC86A8CAFCE/Ubuntu2/CodeU/Dog1/official-mini-cheetah/runs/official_mini_cheetah_flat_jump_v1_r3/P1_parallel --bridge-port 11452 --num-envs 4 --checkpoint-interval 20000 --randomization-mode fixed --seed 20261003 --phase-step-offset 20000 --resume /run/media/pma213x/0C6A8CC86A8CAFCE/Ubuntu2/CodeU/Dog1/official-mini-cheetah/checkpoints/official_mini_cheetah_flat_jump_v1_r3/official_mini_cheetah_flat_jump_v1_r3_final.zip
[2026-10-05T16:50:03+0800] P1 四 worker 实时健康确认通过
[2026-10-05T16:50:28+0800] P1 启动：/usr/bin/python3 -m rl.train --phase P1 --total-steps 50000 --device cuda --ckptdir /run/media/pma213x/0C6A8CC86A8CAFCE/Ubuntu2/CodeU/Dog1/official-mini-cheetah/checkpoints/official_mini_cheetah_flat_jump_v1_r3 --ckpt-prefix official_mini_cheetah_flat_jump_v1_r3 --logdir /run/media/pma213x/0C6A8CC86A8CAFCE/Ubuntu2/CodeU/Dog1/official-mini-cheetah/runs/official_mini_cheetah_flat_jump_v1_r3/P1_parallel --bridge-port 11452 --num-envs 4 --checkpoint-interval 20000 --randomization-mode fixed --seed 20261003 --phase-step-offset 30000 --resume /run/media/pma213x/0C6A8CC86A8CAFCE/Ubuntu2/CodeU/Dog1/official-mini-cheetah/checkpoints/official_mini_cheetah_flat_jump_v1_r3/official_mini_cheetah_flat_jump_v1_r3_final.zip
[2026-10-05T16:50:34+0800] P1 四 worker 实时健康确认通过
[2026-10-05T16:50:59+0800] P1 启动：/usr/bin/python3 -m rl.train --phase P1 --total-steps 60000 --device cuda --ckptdir /run/media/pma213x/0C6A8CC86A8CAFCE/Ubuntu2/CodeU/Dog1/official-mini-cheetah/checkpoints/official_mini_cheetah_flat_jump_v1_r3 --ckpt-prefix official_mini_cheetah_flat_jump_v1_r3 --logdir /run/media/pma213x/0C6A8CC86A8CAFCE/Ubuntu2/CodeU/Dog1/official-mini-cheetah/runs/official_mini_cheetah_flat_jump_v1_r3/P1_parallel --bridge-port 11452 --num-envs 4 --checkpoint-interval 20000 --randomization-mode fixed --seed 20261003 --phase-step-offset 40000 --resume /run/media/pma213x/0C6A8CC86A8CAFCE/Ubuntu2/CodeU/Dog1/official-mini-cheetah/checkpoints/official_mini_cheetah_flat_jump_v1_r3/official_mini_cheetah_flat_jump_v1_r3_final.zip
[2026-10-05T16:51:06+0800] P1 四 worker 实时健康确认通过
[2026-10-05T16:51:30+0800] P1 启动：/usr/bin/python3 -m rl.train --phase P1 --total-steps 70000 --device cuda --ckptdir /run/media/pma213x/0C6A8CC86A8CAFCE/Ubuntu2/CodeU/Dog1/official-mini-cheetah/checkpoints/official_mini_cheetah_flat_jump_v1_r3 --ckpt-prefix official_mini_cheetah_flat_jump_v1_r3 --logdir /run/media/pma213x/0C6A8CC86A8CAFCE/Ubuntu2/CodeU/Dog1/official-mini-cheetah/runs/official_mini_cheetah_flat_jump_v1_r3/P1_parallel --bridge-port 11452 --num-envs 4 --checkpoint-interval 20000 --randomization-mode fixed --seed 20261003 --phase-step-offset 50000 --resume /run/media/pma213x/0C6A8CC86A8CAFCE/Ubuntu2/CodeU/Dog1/official-mini-cheetah/checkpoints/official_mini_cheetah_flat_jump_v1_r3/official_mini_cheetah_flat_jump_v1_r3_final.zip
[2026-10-05T16:51:37+0800] P1 四 worker 实时健康确认通过
[2026-10-05T16:52:01+0800] P1 启动：/usr/bin/python3 -m rl.train --phase P1 --total-steps 80000 --device cuda --ckptdir /run/media/pma213x/0C6A8CC86A8CAFCE/Ubuntu2/CodeU/Dog1/official-mini-cheetah/checkpoints/official_mini_cheetah_flat_jump_v1_r3 --ckpt-prefix official_mini_cheetah_flat_jump_v1_r3 --logdir /run/media/pma213x/0C6A8CC86A8CAFCE/Ubuntu2/CodeU/Dog1/official-mini-cheetah/runs/official_mini_cheetah_flat_jump_v1_r3/P1_parallel --bridge-port 11452 --num-envs 4 --checkpoint-interval 20000 --randomization-mode fixed --seed 20261003 --phase-step-offset 60000 --resume /run/media/pma213x/0C6A8CC86A8CAFCE/Ubuntu2/CodeU/Dog1/official-mini-cheetah/checkpoints/official_mini_cheetah_flat_jump_v1_r3/official_mini_cheetah_flat_jump_v1_r3_final.zip
[2026-10-05T16:52:08+0800] P1 四 worker 实时健康确认通过
[2026-10-05T16:52:32+0800] P1 启动：/usr/bin/python3 -m rl.train --phase P1 --total-steps 90000 --device cuda --ckptdir /run/media/pma213x/0C6A8CC86A8CAFCE/Ubuntu2/CodeU/Dog1/official-mini-cheetah/checkpoints/official_mini_cheetah_flat_jump_v1_r3 --ckpt-prefix official_mini_cheetah_flat_jump_v1_r3 --logdir /run/media/pma213x/0C6A8CC86A8CAFCE/Ubuntu2/CodeU/Dog1/official-mini-cheetah/runs/official_mini_cheetah_flat_jump_v1_r3/P1_parallel --bridge-port 11452 --num-envs 4 --checkpoint-interval 20000 --randomization-mode fixed --seed 20261003 --phase-step-offset 70000 --resume /run/media/pma213x/0C6A8CC86A8CAFCE/Ubuntu2/CodeU/Dog1/official-mini-cheetah/checkpoints/official_mini_cheetah_flat_jump_v1_r3/official_mini_cheetah_flat_jump_v1_r3_final.zip
[2026-10-05T16:52:38+0800] P1 四 worker 实时健康确认通过
[2026-10-05T16:53:01+0800] P1 启动：/usr/bin/python3 -m rl.train --phase P1 --total-steps 100000 --device cuda --ckptdir /run/media/pma213x/0C6A8CC86A8CAFCE/Ubuntu2/CodeU/Dog1/official-mini-cheetah/checkpoints/official_mini_cheetah_flat_jump_v1_r3 --ckpt-prefix official_mini_cheetah_flat_jump_v1_r3 --logdir /run/media/pma213x/0C6A8CC86A8CAFCE/Ubuntu2/CodeU/Dog1/official-mini-cheetah/runs/official_mini_cheetah_flat_jump_v1_r3/P1_parallel --bridge-port 11452 --num-envs 4 --checkpoint-interval 20000 --randomization-mode fixed --seed 20261003 --phase-step-offset 80000 --resume /run/media/pma213x/0C6A8CC86A8CAFCE/Ubuntu2/CodeU/Dog1/official-mini-cheetah/checkpoints/official_mini_cheetah_flat_jump_v1_r3/official_mini_cheetah_flat_jump_v1_r3_final.zip
[2026-10-05T16:53:07+0800] P1 四 worker 实时健康确认通过
[2026-10-05T16:53:30+0800] P1 启动：/usr/bin/python3 -m rl.train --phase P1 --total-steps 110000 --device cuda --ckptdir /run/media/pma213x/0C6A8CC86A8CAFCE/Ubuntu2/CodeU/Dog1/official-mini-cheetah/checkpoints/official_mini_cheetah_flat_jump_v1_r3 --ckpt-prefix official_mini_cheetah_flat_jump_v1_r3 --logdir /run/media/pma213x/0C6A8CC86A8CAFCE/Ubuntu2/CodeU/Dog1/official-mini-cheetah/runs/official_mini_cheetah_flat_jump_v1_r3/P1_parallel --bridge-port 11452 --num-envs 4 --checkpoint-interval 20000 --randomization-mode fixed --seed 20261003 --phase-step-offset 90000 --resume /run/media/pma213x/0C6A8CC86A8CAFCE/Ubuntu2/CodeU/Dog1/official-mini-cheetah/checkpoints/official_mini_cheetah_flat_jump_v1_r3/official_mini_cheetah_flat_jump_v1_r3_final.zip
[2026-10-05T16:53:37+0800] P1 四 worker 实时健康确认通过
[2026-10-05T16:54:00+0800] P1 启动：/usr/bin/python3 -m rl.train --phase P1 --total-steps 120000 --device cuda --ckptdir /run/media/pma213x/0C6A8CC86A8CAFCE/Ubuntu2/CodeU/Dog1/official-mini-cheetah/checkpoints/official_mini_cheetah_flat_jump_v1_r3 --ckpt-prefix official_mini_cheetah_flat_jump_v1_r3 --logdir /run/media/pma213x/0C6A8CC86A8CAFCE/Ubuntu2/CodeU/Dog1/official-mini-cheetah/runs/official_mini_cheetah_flat_jump_v1_r3/P1_parallel --bridge-port 11452 --num-envs 4 --checkpoint-interval 20000 --randomization-mode fixed --seed 20261003 --phase-step-offset 100000 --resume /run/media/pma213x/0C6A8CC86A8CAFCE/Ubuntu2/CodeU/Dog1/official-mini-cheetah/checkpoints/official_mini_cheetah_flat_jump_v1_r3/official_mini_cheetah_flat_jump_v1_r3_final.zip
[2026-10-05T16:54:06+0800] P1 四 worker 实时健康确认通过
[2026-10-05T16:54:29+0800] P1 启动：/usr/bin/python3 -m rl.train --phase P1 --total-steps 130000 --device cuda --ckptdir /run/media/pma213x/0C6A8CC86A8CAFCE/Ubuntu2/CodeU/Dog1/official-mini-cheetah/checkpoints/official_mini_cheetah_flat_jump_v1_r3 --ckpt-prefix official_mini_cheetah_flat_jump_v1_r3 --logdir /run/media/pma213x/0C6A8CC86A8CAFCE/Ubuntu2/CodeU/Dog1/official-mini-cheetah/runs/official_mini_cheetah_flat_jump_v1_r3/P1_parallel --bridge-port 11452 --num-envs 4 --checkpoint-interval 20000 --randomization-mode fixed --seed 20261003 --phase-step-offset 110000 --resume /run/media/pma213x/0C6A8CC86A8CAFCE/Ubuntu2/CodeU/Dog1/official-mini-cheetah/checkpoints/official_mini_cheetah_flat_jump_v1_r3/official_mini_cheetah_flat_jump_v1_r3_final.zip
[2026-10-05T16:54:35+0800] P1 四 worker 实时健康确认通过
[2026-10-05T16:54:53+0800] P1 启动：/usr/bin/python3 -m rl.train --phase P1 --total-steps 140000 --device cuda --ckptdir /run/media/pma213x/0C6A8CC86A8CAFCE/Ubuntu2/CodeU/Dog1/official-mini-cheetah/checkpoints/official_mini_cheetah_flat_jump_v1_r3 --ckpt-prefix official_mini_cheetah_flat_jump_v1_r3 --logdir /run/media/pma213x/0C6A8CC86A8CAFCE/Ubuntu2/CodeU/Dog1/official-mini-cheetah/runs/official_mini_cheetah_flat_jump_v1_r3/P1_parallel --bridge-port 11452 --num-envs 4 --checkpoint-interval 20000 --randomization-mode fixed --seed 20261003 --phase-step-offset 120000 --resume /run/media/pma213x/0C6A8CC86A8CAFCE/Ubuntu2/CodeU/Dog1/official-mini-cheetah/checkpoints/official_mini_cheetah_flat_jump_v1_r3/official_mini_cheetah_flat_jump_v1_r3_final.zip
[2026-10-05T16:54:59+0800] P1 四 worker 实时健康确认通过
[2026-10-05T16:55:18+0800] P1 启动：/usr/bin/python3 -m rl.train --phase P1 --total-steps 150000 --device cuda --ckptdir /run/media/pma213x/0C6A8CC86A8CAFCE/Ubuntu2/CodeU/Dog1/official-mini-cheetah/checkpoints/official_mini_cheetah_flat_jump_v1_r3 --ckpt-prefix official_mini_cheetah_flat_jump_v1_r3 --logdir /run/media/pma213x/0C6A8CC86A8CAFCE/Ubuntu2/CodeU/Dog1/official-mini-cheetah/runs/official_mini_cheetah_flat_jump_v1_r3/P1_parallel --bridge-port 11452 --num-envs 4 --checkpoint-interval 20000 --randomization-mode fixed --seed 20261003 --phase-step-offset 130000 --resume /run/media/pma213x/0C6A8CC86A8CAFCE/Ubuntu2/CodeU/Dog1/official-mini-cheetah/checkpoints/official_mini_cheetah_flat_jump_v1_r3/official_mini_cheetah_flat_jump_v1_r3_final.zip
[2026-10-05T16:55:24+0800] P1 四 worker 实时健康确认通过
[2026-10-05T16:55:41+0800] P1 启动：/usr/bin/python3 -m rl.train --phase P1 --total-steps 160000 --device cuda --ckptdir /run/media/pma213x/0C6A8CC86A8CAFCE/Ubuntu2/CodeU/Dog1/official-mini-cheetah/checkpoints/official_mini_cheetah_flat_jump_v1_r3 --ckpt-prefix official_mini_cheetah_flat_jump_v1_r3 --logdir /run/media/pma213x/0C6A8CC86A8CAFCE/Ubuntu2/CodeU/Dog1/official-mini-cheetah/runs/official_mini_cheetah_flat_jump_v1_r3/P1_parallel --bridge-port 11452 --num-envs 4 --checkpoint-interval 20000 --randomization-mode fixed --seed 20261003 --phase-step-offset 140000 --resume /run/media/pma213x/0C6A8CC86A8CAFCE/Ubuntu2/CodeU/Dog1/official-mini-cheetah/checkpoints/official_mini_cheetah_flat_jump_v1_r3/official_mini_cheetah_flat_jump_v1_r3_final.zip
[2026-10-05T16:55:48+0800] P1 四 worker 实时健康确认通过
[2026-10-05T16:56:05+0800] P1 启动：/usr/bin/python3 -m rl.train --phase P1 --total-steps 170000 --device cuda --ckptdir /run/media/pma213x/0C6A8CC86A8CAFCE/Ubuntu2/CodeU/Dog1/official-mini-cheetah/checkpoints/official_mini_cheetah_flat_jump_v1_r3 --ckpt-prefix official_mini_cheetah_flat_jump_v1_r3 --logdir /run/media/pma213x/0C6A8CC86A8CAFCE/Ubuntu2/CodeU/Dog1/official-mini-cheetah/runs/official_mini_cheetah_flat_jump_v1_r3/P1_parallel --bridge-port 11452 --num-envs 4 --checkpoint-interval 20000 --randomization-mode fixed --seed 20261003 --phase-step-offset 150000 --resume /run/media/pma213x/0C6A8CC86A8CAFCE/Ubuntu2/CodeU/Dog1/official-mini-cheetah/checkpoints/official_mini_cheetah_flat_jump_v1_r3/official_mini_cheetah_flat_jump_v1_r3_final.zip
[2026-10-05T16:56:11+0800] P1 四 worker 实时健康确认通过
[2026-10-05T16:56:28+0800] P1 启动：/usr/bin/python3 -m rl.train --phase P1 --total-steps 180000 --device cuda --ckptdir /run/media/pma213x/0C6A8CC86A8CAFCE/Ubuntu2/CodeU/Dog1/official-mini-cheetah/checkpoints/official_mini_cheetah_flat_jump_v1_r3 --ckpt-prefix official_mini_cheetah_flat_jump_v1_r3 --logdir /run/media/pma213x/0C6A8CC86A8CAFCE/Ubuntu2/CodeU/Dog1/official-mini-cheetah/runs/official_mini_cheetah_flat_jump_v1_r3/P1_parallel --bridge-port 11452 --num-envs 4 --checkpoint-interval 20000 --randomization-mode fixed --seed 20261003 --phase-step-offset 160000 --resume /run/media/pma213x/0C6A8CC86A8CAFCE/Ubuntu2/CodeU/Dog1/official-mini-cheetah/checkpoints/official_mini_cheetah_flat_jump_v1_r3/official_mini_cheetah_flat_jump_v1_r3_final.zip
[2026-10-05T16:56:34+0800] P1 四 worker 实时健康确认通过
[2026-10-05T16:56:51+0800] P1 启动：/usr/bin/python3 -m rl.train --phase P1 --total-steps 190000 --device cuda --ckptdir /run/media/pma213x/0C6A8CC86A8CAFCE/Ubuntu2/CodeU/Dog1/official-mini-cheetah/checkpoints/official_mini_cheetah_flat_jump_v1_r3 --ckpt-prefix official_mini_cheetah_flat_jump_v1_r3 --logdir /run/media/pma213x/0C6A8CC86A8CAFCE/Ubuntu2/CodeU/Dog1/official-mini-cheetah/runs/official_mini_cheetah_flat_jump_v1_r3/P1_parallel --bridge-port 11452 --num-envs 4 --checkpoint-interval 20000 --randomization-mode fixed --seed 20261003 --phase-step-offset 170000 --resume /run/media/pma213x/0C6A8CC86A8CAFCE/Ubuntu2/CodeU/Dog1/official-mini-cheetah/checkpoints/official_mini_cheetah_flat_jump_v1_r3/official_mini_cheetah_flat_jump_v1_r3_final.zip
[2026-10-05T16:56:58+0800] P1 四 worker 实时健康确认通过
[2026-10-05T16:57:17+0800] P1 启动：/usr/bin/python3 -m rl.train --phase P1 --total-steps 200000 --device cuda --ckptdir /run/media/pma213x/0C6A8CC86A8CAFCE/Ubuntu2/CodeU/Dog1/official-mini-cheetah/checkpoints/official_mini_cheetah_flat_jump_v1_r3 --ckpt-prefix official_mini_cheetah_flat_jump_v1_r3 --logdir /run/media/pma213x/0C6A8CC86A8CAFCE/Ubuntu2/CodeU/Dog1/official-mini-cheetah/runs/official_mini_cheetah_flat_jump_v1_r3/P1_parallel --bridge-port 11452 --num-envs 4 --checkpoint-interval 20000 --randomization-mode fixed --seed 20261003 --phase-step-offset 180000 --resume /run/media/pma213x/0C6A8CC86A8CAFCE/Ubuntu2/CodeU/Dog1/official-mini-cheetah/checkpoints/official_mini_cheetah_flat_jump_v1_r3/official_mini_cheetah_flat_jump_v1_r3_final.zip
[2026-10-05T16:57:24+0800] P1 四 worker 实时健康确认通过
[2026-10-05T16:57:44+0800] P1 启动：/usr/bin/python3 -m rl.train --phase P1 --total-steps 210000 --device cuda --ckptdir /run/media/pma213x/0C6A8CC86A8CAFCE/Ubuntu2/CodeU/Dog1/official-mini-cheetah/checkpoints/official_mini_cheetah_flat_jump_v1_r3 --ckpt-prefix official_mini_cheetah_flat_jump_v1_r3 --logdir /run/media/pma213x/0C6A8CC86A8CAFCE/Ubuntu2/CodeU/Dog1/official-mini-cheetah/runs/official_mini_cheetah_flat_jump_v1_r3/P1_parallel --bridge-port 11452 --num-envs 4 --checkpoint-interval 20000 --randomization-mode fixed --seed 20261003 --phase-step-offset 190000 --resume /run/media/pma213x/0C6A8CC86A8CAFCE/Ubuntu2/CodeU/Dog1/official-mini-cheetah/checkpoints/official_mini_cheetah_flat_jump_v1_r3/official_mini_cheetah_flat_jump_v1_r3_final.zip
[2026-10-05T16:57:51+0800] P1 四 worker 实时健康确认通过
[2026-10-05T16:58:13+0800] P1 启动：/usr/bin/python3 -m rl.train --phase P1 --total-steps 220000 --device cuda --ckptdir /run/media/pma213x/0C6A8CC86A8CAFCE/Ubuntu2/CodeU/Dog1/official-mini-cheetah/checkpoints/official_mini_cheetah_flat_jump_v1_r3 --ckpt-prefix official_mini_cheetah_flat_jump_v1_r3 --logdir /run/media/pma213x/0C6A8CC86A8CAFCE/Ubuntu2/CodeU/Dog1/official-mini-cheetah/runs/official_mini_cheetah_flat_jump_v1_r3/P1_parallel --bridge-port 11452 --num-envs 4 --checkpoint-interval 20000 --randomization-mode fixed --seed 20261003 --phase-step-offset 200000 --resume /run/media/pma213x/0C6A8CC86A8CAFCE/Ubuntu2/CodeU/Dog1/official-mini-cheetah/checkpoints/official_mini_cheetah_flat_jump_v1_r3/official_mini_cheetah_flat_jump_v1_r3_final.zip
[2026-10-05T16:58:19+0800] P1 四 worker 实时健康确认通过
[2026-10-05T16:58:41+0800] P1 启动：/usr/bin/python3 -m rl.train --phase P1 --total-steps 230000 --device cuda --ckptdir /run/media/pma213x/0C6A8CC86A8CAFCE/Ubuntu2/CodeU/Dog1/official-mini-cheetah/checkpoints/official_mini_cheetah_flat_jump_v1_r3 --ckpt-prefix official_mini_cheetah_flat_jump_v1_r3 --logdir /run/media/pma213x/0C6A8CC86A8CAFCE/Ubuntu2/CodeU/Dog1/official-mini-cheetah/runs/official_mini_cheetah_flat_jump_v1_r3/P1_parallel --bridge-port 11452 --num-envs 4 --checkpoint-interval 20000 --randomization-mode fixed --seed 20261003 --phase-step-offset 210000 --resume /run/media/pma213x/0C6A8CC86A8CAFCE/Ubuntu2/CodeU/Dog1/official-mini-cheetah/checkpoints/official_mini_cheetah_flat_jump_v1_r3/official_mini_cheetah_flat_jump_v1_r3_final.zip
[2026-10-05T16:58:47+0800] P1 四 worker 实时健康确认通过
[2026-10-05T16:59:08+0800] P1 启动：/usr/bin/python3 -m rl.train --phase P1 --total-steps 240000 --device cuda --ckptdir /run/media/pma213x/0C6A8CC86A8CAFCE/Ubuntu2/CodeU/Dog1/official-mini-cheetah/checkpoints/official_mini_cheetah_flat_jump_v1_r3 --ckpt-prefix official_mini_cheetah_flat_jump_v1_r3 --logdir /run/media/pma213x/0C6A8CC86A8CAFCE/Ubuntu2/CodeU/Dog1/official-mini-cheetah/runs/official_mini_cheetah_flat_jump_v1_r3/P1_parallel --bridge-port 11452 --num-envs 4 --checkpoint-interval 20000 --randomization-mode fixed --seed 20261003 --phase-step-offset 220000 --resume /run/media/pma213x/0C6A8CC86A8CAFCE/Ubuntu2/CodeU/Dog1/official-mini-cheetah/checkpoints/official_mini_cheetah_flat_jump_v1_r3/official_mini_cheetah_flat_jump_v1_r3_final.zip
[2026-10-05T16:59:15+0800] P1 四 worker 实时健康确认通过
[2026-10-05T16:59:35+0800] P1 启动：/usr/bin/python3 -m rl.train --phase P1 --total-steps 250000 --device cuda --ckptdir /run/media/pma213x/0C6A8CC86A8CAFCE/Ubuntu2/CodeU/Dog1/official-mini-cheetah/checkpoints/official_mini_cheetah_flat_jump_v1_r3 --ckpt-prefix official_mini_cheetah_flat_jump_v1_r3 --logdir /run/media/pma213x/0C6A8CC86A8CAFCE/Ubuntu2/CodeU/Dog1/official-mini-cheetah/runs/official_mini_cheetah_flat_jump_v1_r3/P1_parallel --bridge-port 11452 --num-envs 4 --checkpoint-interval 20000 --randomization-mode fixed --seed 20261003 --phase-step-offset 230000 --resume /run/media/pma213x/0C6A8CC86A8CAFCE/Ubuntu2/CodeU/Dog1/official-mini-cheetah/checkpoints/official_mini_cheetah_flat_jump_v1_r3/official_mini_cheetah_flat_jump_v1_r3_final.zip
[2026-10-05T16:59:42+0800] P1 四 worker 实时健康确认通过
[2026-10-05T17:00:04+0800] P1 启动：/usr/bin/python3 -m rl.train --phase P1 --total-steps 260000 --device cuda --ckptdir /run/media/pma213x/0C6A8CC86A8CAFCE/Ubuntu2/CodeU/Dog1/official-mini-cheetah/checkpoints/official_mini_cheetah_flat_jump_v1_r3 --ckpt-prefix official_mini_cheetah_flat_jump_v1_r3 --logdir /run/media/pma213x/0C6A8CC86A8CAFCE/Ubuntu2/CodeU/Dog1/official-mini-cheetah/runs/official_mini_cheetah_flat_jump_v1_r3/P1_parallel --bridge-port 11452 --num-envs 4 --checkpoint-interval 20000 --randomization-mode fixed --seed 20261003 --phase-step-offset 240000 --resume /run/media/pma213x/0C6A8CC86A8CAFCE/Ubuntu2/CodeU/Dog1/official-mini-cheetah/checkpoints/official_mini_cheetah_flat_jump_v1_r3/official_mini_cheetah_flat_jump_v1_r3_final.zip
[2026-10-05T17:00:10+0800] P1 四 worker 实时健康确认通过
[2026-10-05T17:00:35+0800] P1 启动：/usr/bin/python3 -m rl.train --phase P1 --total-steps 270000 --device cuda --ckptdir /run/media/pma213x/0C6A8CC86A8CAFCE/Ubuntu2/CodeU/Dog1/official-mini-cheetah/checkpoints/official_mini_cheetah_flat_jump_v1_r3 --ckpt-prefix official_mini_cheetah_flat_jump_v1_r3 --logdir /run/media/pma213x/0C6A8CC86A8CAFCE/Ubuntu2/CodeU/Dog1/official-mini-cheetah/runs/official_mini_cheetah_flat_jump_v1_r3/P1_parallel --bridge-port 11452 --num-envs 4 --checkpoint-interval 20000 --randomization-mode fixed --seed 20261003 --phase-step-offset 250000 --resume /run/media/pma213x/0C6A8CC86A8CAFCE/Ubuntu2/CodeU/Dog1/official-mini-cheetah/checkpoints/official_mini_cheetah_flat_jump_v1_r3/official_mini_cheetah_flat_jump_v1_r3_final.zip
[2026-10-05T17:00:41+0800] P1 四 worker 实时健康确认通过
[2026-10-05T17:01:05+0800] P1 启动：/usr/bin/python3 -m rl.train --phase P1 --total-steps 280000 --device cuda --ckptdir /run/media/pma213x/0C6A8CC86A8CAFCE/Ubuntu2/CodeU/Dog1/official-mini-cheetah/checkpoints/official_mini_cheetah_flat_jump_v1_r3 --ckpt-prefix official_mini_cheetah_flat_jump_v1_r3 --logdir /run/media/pma213x/0C6A8CC86A8CAFCE/Ubuntu2/CodeU/Dog1/official-mini-cheetah/runs/official_mini_cheetah_flat_jump_v1_r3/P1_parallel --bridge-port 11452 --num-envs 4 --checkpoint-interval 20000 --randomization-mode fixed --seed 20261003 --phase-step-offset 260000 --resume /run/media/pma213x/0C6A8CC86A8CAFCE/Ubuntu2/CodeU/Dog1/official-mini-cheetah/checkpoints/official_mini_cheetah_flat_jump_v1_r3/official_mini_cheetah_flat_jump_v1_r3_final.zip
[2026-10-05T17:01:12+0800] P1 四 worker 实时健康确认通过
[2026-10-05T17:01:36+0800] P1 启动：/usr/bin/python3 -m rl.train --phase P1 --total-steps 290000 --device cuda --ckptdir /run/media/pma213x/0C6A8CC86A8CAFCE/Ubuntu2/CodeU/Dog1/official-mini-cheetah/checkpoints/official_mini_cheetah_flat_jump_v1_r3 --ckpt-prefix official_mini_cheetah_flat_jump_v1_r3 --logdir /run/media/pma213x/0C6A8CC86A8CAFCE/Ubuntu2/CodeU/Dog1/official-mini-cheetah/runs/official_mini_cheetah_flat_jump_v1_r3/P1_parallel --bridge-port 11452 --num-envs 4 --checkpoint-interval 20000 --randomization-mode fixed --seed 20261003 --phase-step-offset 270000 --resume /run/media/pma213x/0C6A8CC86A8CAFCE/Ubuntu2/CodeU/Dog1/official-mini-cheetah/checkpoints/official_mini_cheetah_flat_jump_v1_r3/official_mini_cheetah_flat_jump_v1_r3_final.zip
[2026-10-05T17:01:43+0800] P1 四 worker 实时健康确认通过
[2026-10-05T17:02:07+0800] P1 启动：/usr/bin/python3 -m rl.train --phase P1 --total-steps 300000 --device cuda --ckptdir /run/media/pma213x/0C6A8CC86A8CAFCE/Ubuntu2/CodeU/Dog1/official-mini-cheetah/checkpoints/official_mini_cheetah_flat_jump_v1_r3 --ckpt-prefix official_mini_cheetah_flat_jump_v1_r3 --logdir /run/media/pma213x/0C6A8CC86A8CAFCE/Ubuntu2/CodeU/Dog1/official-mini-cheetah/runs/official_mini_cheetah_flat_jump_v1_r3/P1_parallel --bridge-port 11452 --num-envs 4 --checkpoint-interval 20000 --randomization-mode fixed --seed 20261003 --phase-step-offset 280000 --resume /run/media/pma213x/0C6A8CC86A8CAFCE/Ubuntu2/CodeU/Dog1/official-mini-cheetah/checkpoints/official_mini_cheetah_flat_jump_v1_r3/official_mini_cheetah_flat_jump_v1_r3_final.zip
[2026-10-05T17:02:13+0800] P1 四 worker 实时健康确认通过
[2026-10-05T17:02:36+0800] P1 启动：/usr/bin/python3 -m rl.train --phase P1 --total-steps 310000 --device cuda --ckptdir /run/media/pma213x/0C6A8CC86A8CAFCE/Ubuntu2/CodeU/Dog1/official-mini-cheetah/checkpoints/official_mini_cheetah_flat_jump_v1_r3 --ckpt-prefix official_mini_cheetah_flat_jump_v1_r3 --logdir /run/media/pma213x/0C6A8CC86A8CAFCE/Ubuntu2/CodeU/Dog1/official-mini-cheetah/runs/official_mini_cheetah_flat_jump_v1_r3/P1_parallel --bridge-port 11452 --num-envs 4 --checkpoint-interval 20000 --randomization-mode fixed --seed 20261003 --phase-step-offset 290000 --resume /run/media/pma213x/0C6A8CC86A8CAFCE/Ubuntu2/CodeU/Dog1/official-mini-cheetah/checkpoints/official_mini_cheetah_flat_jump_v1_r3/official_mini_cheetah_flat_jump_v1_r3_final.zip
[2026-10-05T17:02:42+0800] P1 四 worker 实时健康确认通过
[2026-10-05T17:03:02+0800] P1 验收命令：/usr/bin/python3 -m rl.evaluate --phase P1 --gate --checkpoint /run/media/pma213x/0C6A8CC86A8CAFCE/Ubuntu2/CodeU/Dog1/official-mini-cheetah/checkpoints/official_mini_cheetah_flat_jump_v1_r3/official_mini_cheetah_flat_jump_v1_r3_final.zip --output /run/media/pma213x/0C6A8CC86A8CAFCE/Ubuntu2/CodeU/Dog1/official-mini-cheetah/logs/official_mini_cheetah_flat_jump_v1_r3/P1_gate_attempt_0.json
[2026-10-05T17:03:27+0800] P1 验收未通过，report.passed=false
[2026-10-05T17:03:27+0800] P1 验收命令：/usr/bin/python3 -m rl.evaluate --phase P1 --gate --checkpoint /run/media/pma213x/0C6A8CC86A8CAFCE/Ubuntu2/CodeU/Dog1/official-mini-cheetah/checkpoints/official_mini_cheetah_flat_jump_v1_r3/official_mini_cheetah_flat_jump_v1_r3_final.zip --output /run/media/pma213x/0C6A8CC86A8CAFCE/Ubuntu2/CodeU/Dog1/official-mini-cheetah/logs/official_mini_cheetah_flat_jump_v1_r3/P1_gate_attempt_1.json
[2026-10-05T17:03:55+0800] P1 验收未通过，report.passed=false
[2026-10-05T17:03:55+0800] P1 验收命令：/usr/bin/python3 -m rl.evaluate --phase P1 --gate --checkpoint /run/media/pma213x/0C6A8CC86A8CAFCE/Ubuntu2/CodeU/Dog1/official-mini-cheetah/checkpoints/official_mini_cheetah_flat_jump_v1_r3/official_mini_cheetah_flat_jump_v1_r3_final.zip --output /run/media/pma213x/0C6A8CC86A8CAFCE/Ubuntu2/CodeU/Dog1/official-mini-cheetah/logs/official_mini_cheetah_flat_jump_v1_r3/P1_gate_attempt_2.json
[2026-10-05T17:04:22+0800] P1 验收未通过，report.passed=false
[2026-10-05T17:04:22+0800] P1 连续 Gate 批次结果=[False, False, False]
[2026-10-05T17:04:22+0800] P1 启动：/usr/bin/python3 -m rl.train --phase P1 --total-steps 320000 --device cuda --ckptdir /run/media/pma213x/0C6A8CC86A8CAFCE/Ubuntu2/CodeU/Dog1/official-mini-cheetah/checkpoints/official_mini_cheetah_flat_jump_v1_r3 --ckpt-prefix official_mini_cheetah_flat_jump_v1_r3 --logdir /run/media/pma213x/0C6A8CC86A8CAFCE/Ubuntu2/CodeU/Dog1/official-mini-cheetah/runs/official_mini_cheetah_flat_jump_v1_r3/P1_parallel --bridge-port 11452 --num-envs 4 --checkpoint-interval 20000 --randomization-mode fixed --seed 20261003 --phase-step-offset 300000 --resume /run/media/pma213x/0C6A8CC86A8CAFCE/Ubuntu2/CodeU/Dog1/official-mini-cheetah/checkpoints/official_mini_cheetah_flat_jump_v1_r3/official_mini_cheetah_flat_jump_v1_r3_final.zip
[2026-10-05T17:04:28+0800] P1 四 worker 实时健康确认通过
[2026-10-05T17:04:47+0800] P1 验收命令：/usr/bin/python3 -m rl.evaluate --phase P1 --gate --checkpoint /run/media/pma213x/0C6A8CC86A8CAFCE/Ubuntu2/CodeU/Dog1/official-mini-cheetah/checkpoints/official_mini_cheetah_flat_jump_v1_r3/official_mini_cheetah_flat_jump_v1_r3_final.zip --output /run/media/pma213x/0C6A8CC86A8CAFCE/Ubuntu2/CodeU/Dog1/official-mini-cheetah/logs/official_mini_cheetah_flat_jump_v1_r3/P1_gate_attempt_0.json
[2026-10-05T17:05:15+0800] P1 验收未通过，report.passed=false
[2026-10-05T17:05:15+0800] P1 验收命令：/usr/bin/python3 -m rl.evaluate --phase P1 --gate --checkpoint /run/media/pma213x/0C6A8CC86A8CAFCE/Ubuntu2/CodeU/Dog1/official-mini-cheetah/checkpoints/official_mini_cheetah_flat_jump_v1_r3/official_mini_cheetah_flat_jump_v1_r3_final.zip --output /run/media/pma213x/0C6A8CC86A8CAFCE/Ubuntu2/CodeU/Dog1/official-mini-cheetah/logs/official_mini_cheetah_flat_jump_v1_r3/P1_gate_attempt_1.json
[2026-10-05T17:05:43+0800] P1 验收未通过，report.passed=false
[2026-10-05T17:05:43+0800] P1 验收命令：/usr/bin/python3 -m rl.evaluate --phase P1 --gate --checkpoint /run/media/pma213x/0C6A8CC86A8CAFCE/Ubuntu2/CodeU/Dog1/official-mini-cheetah/checkpoints/official_mini_cheetah_flat_jump_v1_r3/official_mini_cheetah_flat_jump_v1_r3_final.zip --output /run/media/pma213x/0C6A8CC86A8CAFCE/Ubuntu2/CodeU/Dog1/official-mini-cheetah/logs/official_mini_cheetah_flat_jump_v1_r3/P1_gate_attempt_2.json
[2026-10-05T17:06:18+0800] P1 验收未通过，report.passed=false
[2026-10-05T17:06:18+0800] P1 连续 Gate 批次结果=[False, False, False]
[2026-10-05T17:06:18+0800] P1 启动：/usr/bin/python3 -m rl.train --phase P1 --total-steps 330000 --device cuda --ckptdir /run/media/pma213x/0C6A8CC86A8CAFCE/Ubuntu2/CodeU/Dog1/official-mini-cheetah/checkpoints/official_mini_cheetah_flat_jump_v1_r3 --ckpt-prefix official_mini_cheetah_flat_jump_v1_r3 --logdir /run/media/pma213x/0C6A8CC86A8CAFCE/Ubuntu2/CodeU/Dog1/official-mini-cheetah/runs/official_mini_cheetah_flat_jump_v1_r3/P1_parallel --bridge-port 11452 --num-envs 4 --checkpoint-interval 20000 --randomization-mode fixed --seed 20261003 --phase-step-offset 310000 --resume /run/media/pma213x/0C6A8CC86A8CAFCE/Ubuntu2/CodeU/Dog1/official-mini-cheetah/checkpoints/official_mini_cheetah_flat_jump_v1_r3/official_mini_cheetah_flat_jump_v1_r3_final.zip
[2026-10-05T17:06:24+0800] P1 四 worker 实时健康确认通过
[2026-10-05T17:06:46+0800] P1 验收命令：/usr/bin/python3 -m rl.evaluate --phase P1 --gate --checkpoint /run/media/pma213x/0C6A8CC86A8CAFCE/Ubuntu2/CodeU/Dog1/official-mini-cheetah/checkpoints/official_mini_cheetah_flat_jump_v1_r3/official_mini_cheetah_flat_jump_v1_r3_final.zip --output /run/media/pma213x/0C6A8CC86A8CAFCE/Ubuntu2/CodeU/Dog1/official-mini-cheetah/logs/official_mini_cheetah_flat_jump_v1_r3/P1_gate_attempt_0.json
[2026-10-05T17:07:14+0800] P1 验收未通过，report.passed=false
[2026-10-05T17:07:14+0800] P1 验收命令：/usr/bin/python3 -m rl.evaluate --phase P1 --gate --checkpoint /run/media/pma213x/0C6A8CC86A8CAFCE/Ubuntu2/CodeU/Dog1/official-mini-cheetah/checkpoints/official_mini_cheetah_flat_jump_v1_r3/official_mini_cheetah_flat_jump_v1_r3_final.zip --output /run/media/pma213x/0C6A8CC86A8CAFCE/Ubuntu2/CodeU/Dog1/official-mini-cheetah/logs/official_mini_cheetah_flat_jump_v1_r3/P1_gate_attempt_1.json
[2026-10-05T17:07:45+0800] P1 验收未通过，report.passed=false
[2026-10-05T17:07:45+0800] P1 验收命令：/usr/bin/python3 -m rl.evaluate --phase P1 --gate --checkpoint /run/media/pma213x/0C6A8CC86A8CAFCE/Ubuntu2/CodeU/Dog1/official-mini-cheetah/checkpoints/official_mini_cheetah_flat_jump_v1_r3/official_mini_cheetah_flat_jump_v1_r3_final.zip --output /run/media/pma213x/0C6A8CC86A8CAFCE/Ubuntu2/CodeU/Dog1/official-mini-cheetah/logs/official_mini_cheetah_flat_jump_v1_r3/P1_gate_attempt_2.json
[2026-10-05T17:08:15+0800] P1 验收未通过，report.passed=false
[2026-10-05T17:08:15+0800] P1 连续 Gate 批次结果=[False, False, False]
[2026-10-05T17:08:15+0800] P1 启动：/usr/bin/python3 -m rl.train --phase P1 --total-steps 340000 --device cuda --ckptdir /run/media/pma213x/0C6A8CC86A8CAFCE/Ubuntu2/CodeU/Dog1/official-mini-cheetah/checkpoints/official_mini_cheetah_flat_jump_v1_r3 --ckpt-prefix official_mini_cheetah_flat_jump_v1_r3 --logdir /run/media/pma213x/0C6A8CC86A8CAFCE/Ubuntu2/CodeU/Dog1/official-mini-cheetah/runs/official_mini_cheetah_flat_jump_v1_r3/P1_parallel --bridge-port 11452 --num-envs 4 --checkpoint-interval 20000 --randomization-mode fixed --seed 20261003 --phase-step-offset 320000 --resume /run/media/pma213x/0C6A8CC86A8CAFCE/Ubuntu2/CodeU/Dog1/official-mini-cheetah/checkpoints/official_mini_cheetah_flat_jump_v1_r3/official_mini_cheetah_flat_jump_v1_r3_final.zip
[2026-10-05T17:08:21+0800] P1 四 worker 实时健康确认通过
[2026-10-05T17:08:44+0800] P1 验收命令：/usr/bin/python3 -m rl.evaluate --phase P1 --gate --checkpoint /run/media/pma213x/0C6A8CC86A8CAFCE/Ubuntu2/CodeU/Dog1/official-mini-cheetah/checkpoints/official_mini_cheetah_flat_jump_v1_r3/official_mini_cheetah_flat_jump_v1_r3_final.zip --output /run/media/pma213x/0C6A8CC86A8CAFCE/Ubuntu2/CodeU/Dog1/official-mini-cheetah/logs/official_mini_cheetah_flat_jump_v1_r3/P1_gate_attempt_0.json
[2026-10-05T17:09:22+0800] P1 验收未通过，report.passed=false
[2026-10-05T17:09:22+0800] P1 验收命令：/usr/bin/python3 -m rl.evaluate --phase P1 --gate --checkpoint /run/media/pma213x/0C6A8CC86A8CAFCE/Ubuntu2/CodeU/Dog1/official-mini-cheetah/checkpoints/official_mini_cheetah_flat_jump_v1_r3/official_mini_cheetah_flat_jump_v1_r3_final.zip --output /run/media/pma213x/0C6A8CC86A8CAFCE/Ubuntu2/CodeU/Dog1/official-mini-cheetah/logs/official_mini_cheetah_flat_jump_v1_r3/P1_gate_attempt_1.json
[2026-10-05T17:09:53+0800] P1 验收未通过，report.passed=false
[2026-10-05T17:09:53+0800] P1 验收命令：/usr/bin/python3 -m rl.evaluate --phase P1 --gate --checkpoint /run/media/pma213x/0C6A8CC86A8CAFCE/Ubuntu2/CodeU/Dog1/official-mini-cheetah/checkpoints/official_mini_cheetah_flat_jump_v1_r3/official_mini_cheetah_flat_jump_v1_r3_final.zip --output /run/media/pma213x/0C6A8CC86A8CAFCE/Ubuntu2/CodeU/Dog1/official-mini-cheetah/logs/official_mini_cheetah_flat_jump_v1_r3/P1_gate_attempt_2.json
[2026-10-05T17:33:24+0800] P1 连续 Gate 批次结果=[True, False, True]
[2026-10-05T17:39:47+0800] P1 连续 Gate 批次结果=[True, False, True]
[2026-10-05T18:37:28+0800] P1 连续 Gate 批次结果=[True, False, True]
[2026-10-05T18:49:00+0800] P1 连续 Gate 批次结果=[True, False, True]
[2026-10-05T18:57:03+0800] P1 连续 Gate 批次结果=[True, False, True]
[2026-10-05T19:01:34+0800] P1 连续 Gate 批次结果=[True, False, True]
[2026-10-05T19:07:59+0800] R3 新训练断点 steps=0 restart_p0_from_zero=True
[2026-10-05T19:07:59+0800] P0 启动：/usr/bin/python3 -m rl.train --phase P0 --total-steps 10000 --device cuda --ckptdir /run/media/pma213x/0C6A8CC86A8CAFCE/Ubuntu2/CodeU/Dog1/official-mini-cheetah/checkpoints/official_mini_cheetah_flat_jump_v1_r3 --ckpt-prefix official_mini_cheetah_flat_jump_v1_r3 --logdir /run/media/pma213x/0C6A8CC86A8CAFCE/Ubuntu2/CodeU/Dog1/official-mini-cheetah/runs/official_mini_cheetah_flat_jump_v1_r3/P0_parallel --bridge-port 11452 --num-envs 4 --checkpoint-interval 20000 --randomization-mode fixed --seed 20261003 --phase-step-offset 0
[2026-10-05T19:08:05+0800] P0 四 worker 实时健康确认通过
[2026-10-05T19:08:25+0800] P0 验收命令：/usr/bin/python3 -m rl.evaluate --phase P0 --gate --checkpoint /run/media/pma213x/0C6A8CC86A8CAFCE/Ubuntu2/CodeU/Dog1/official-mini-cheetah/checkpoints/official_mini_cheetah_flat_jump_v1_r3/official_mini_cheetah_flat_jump_v1_r3_final.zip --output /run/media/pma213x/0C6A8CC86A8CAFCE/Ubuntu2/CodeU/Dog1/official-mini-cheetah/logs/official_mini_cheetah_flat_jump_v1_r3/P0_gate_attempt_0.json
[2026-10-05T19:08:35+0800] P0 验收通过
[2026-10-05T19:08:35+0800] P0 验收命令：/usr/bin/python3 -m rl.evaluate --phase P0 --gate --checkpoint /run/media/pma213x/0C6A8CC86A8CAFCE/Ubuntu2/CodeU/Dog1/official-mini-cheetah/checkpoints/official_mini_cheetah_flat_jump_v1_r3/official_mini_cheetah_flat_jump_v1_r3_final.zip --output /run/media/pma213x/0C6A8CC86A8CAFCE/Ubuntu2/CodeU/Dog1/official-mini-cheetah/logs/official_mini_cheetah_flat_jump_v1_r3/P0_gate_attempt_1.json
[2026-10-05T19:08:44+0800] P0 验收通过
[2026-10-05T19:08:44+0800] P0 验收命令：/usr/bin/python3 -m rl.evaluate --phase P0 --gate --checkpoint /run/media/pma213x/0C6A8CC86A8CAFCE/Ubuntu2/CodeU/Dog1/official-mini-cheetah/checkpoints/official_mini_cheetah_flat_jump_v1_r3/official_mini_cheetah_flat_jump_v1_r3_final.zip --output /run/media/pma213x/0C6A8CC86A8CAFCE/Ubuntu2/CodeU/Dog1/official-mini-cheetah/logs/official_mini_cheetah_flat_jump_v1_r3/P0_gate_attempt_2.json
[2026-10-05T19:08:54+0800] P0 验收通过
[2026-10-05T19:08:55+0800] P0 gate 后健康确认通过
[2026-10-05T19:08:55+0800] P1 启动：/usr/bin/python3 -m rl.train --phase P1 --total-steps 20000 --device cuda --ckptdir /run/media/pma213x/0C6A8CC86A8CAFCE/Ubuntu2/CodeU/Dog1/official-mini-cheetah/checkpoints/official_mini_cheetah_flat_jump_v1_r3 --ckpt-prefix official_mini_cheetah_flat_jump_v1_r3 --logdir /run/media/pma213x/0C6A8CC86A8CAFCE/Ubuntu2/CodeU/Dog1/official-mini-cheetah/runs/official_mini_cheetah_flat_jump_v1_r3/P1_parallel --bridge-port 11452 --num-envs 4 --checkpoint-interval 20000 --randomization-mode fixed --seed 20261003 --phase-step-offset 0 --resume /run/media/pma213x/0C6A8CC86A8CAFCE/Ubuntu2/CodeU/Dog1/official-mini-cheetah/checkpoints/official_mini_cheetah_flat_jump_v1_r3/official_mini_cheetah_flat_jump_v1_r3_final.zip
[2026-10-05T19:09:01+0800] P1 四 worker 实时健康确认通过
[2026-10-05T19:09:24+0800] P1 启动：/usr/bin/python3 -m rl.train --phase P1 --total-steps 30000 --device cuda --ckptdir /run/media/pma213x/0C6A8CC86A8CAFCE/Ubuntu2/CodeU/Dog1/official-mini-cheetah/checkpoints/official_mini_cheetah_flat_jump_v1_r3 --ckpt-prefix official_mini_cheetah_flat_jump_v1_r3 --logdir /run/media/pma213x/0C6A8CC86A8CAFCE/Ubuntu2/CodeU/Dog1/official-mini-cheetah/runs/official_mini_cheetah_flat_jump_v1_r3/P1_parallel --bridge-port 11452 --num-envs 4 --checkpoint-interval 20000 --randomization-mode fixed --seed 20261003 --phase-step-offset 10000 --resume /run/media/pma213x/0C6A8CC86A8CAFCE/Ubuntu2/CodeU/Dog1/official-mini-cheetah/checkpoints/official_mini_cheetah_flat_jump_v1_r3/official_mini_cheetah_flat_jump_v1_r3_final.zip
[2026-10-05T19:09:30+0800] P1 四 worker 实时健康确认通过
[2026-10-05T19:09:54+0800] P1 启动：/usr/bin/python3 -m rl.train --phase P1 --total-steps 40000 --device cuda --ckptdir /run/media/pma213x/0C6A8CC86A8CAFCE/Ubuntu2/CodeU/Dog1/official-mini-cheetah/checkpoints/official_mini_cheetah_flat_jump_v1_r3 --ckpt-prefix official_mini_cheetah_flat_jump_v1_r3 --logdir /run/media/pma213x/0C6A8CC86A8CAFCE/Ubuntu2/CodeU/Dog1/official-mini-cheetah/runs/official_mini_cheetah_flat_jump_v1_r3/P1_parallel --bridge-port 11452 --num-envs 4 --checkpoint-interval 20000 --randomization-mode fixed --seed 20261003 --phase-step-offset 20000 --resume /run/media/pma213x/0C6A8CC86A8CAFCE/Ubuntu2/CodeU/Dog1/official-mini-cheetah/checkpoints/official_mini_cheetah_flat_jump_v1_r3/official_mini_cheetah_flat_jump_v1_r3_final.zip
[2026-10-05T19:10:01+0800] P1 四 worker 实时健康确认通过
[2026-10-05T19:10:23+0800] P1 启动：/usr/bin/python3 -m rl.train --phase P1 --total-steps 50000 --device cuda --ckptdir /run/media/pma213x/0C6A8CC86A8CAFCE/Ubuntu2/CodeU/Dog1/official-mini-cheetah/checkpoints/official_mini_cheetah_flat_jump_v1_r3 --ckpt-prefix official_mini_cheetah_flat_jump_v1_r3 --logdir /run/media/pma213x/0C6A8CC86A8CAFCE/Ubuntu2/CodeU/Dog1/official-mini-cheetah/runs/official_mini_cheetah_flat_jump_v1_r3/P1_parallel --bridge-port 11452 --num-envs 4 --checkpoint-interval 20000 --randomization-mode fixed --seed 20261003 --phase-step-offset 30000 --resume /run/media/pma213x/0C6A8CC86A8CAFCE/Ubuntu2/CodeU/Dog1/official-mini-cheetah/checkpoints/official_mini_cheetah_flat_jump_v1_r3/official_mini_cheetah_flat_jump_v1_r3_final.zip
[2026-10-05T19:10:30+0800] P1 四 worker 实时健康确认通过
[2026-10-05T19:10:52+0800] P1 启动：/usr/bin/python3 -m rl.train --phase P1 --total-steps 60000 --device cuda --ckptdir /run/media/pma213x/0C6A8CC86A8CAFCE/Ubuntu2/CodeU/Dog1/official-mini-cheetah/checkpoints/official_mini_cheetah_flat_jump_v1_r3 --ckpt-prefix official_mini_cheetah_flat_jump_v1_r3 --logdir /run/media/pma213x/0C6A8CC86A8CAFCE/Ubuntu2/CodeU/Dog1/official-mini-cheetah/runs/official_mini_cheetah_flat_jump_v1_r3/P1_parallel --bridge-port 11452 --num-envs 4 --checkpoint-interval 20000 --randomization-mode fixed --seed 20261003 --phase-step-offset 40000 --resume /run/media/pma213x/0C6A8CC86A8CAFCE/Ubuntu2/CodeU/Dog1/official-mini-cheetah/checkpoints/official_mini_cheetah_flat_jump_v1_r3/official_mini_cheetah_flat_jump_v1_r3_final.zip
[2026-10-05T19:10:58+0800] P1 四 worker 实时健康确认通过
[2026-10-05T19:11:20+0800] P1 启动：/usr/bin/python3 -m rl.train --phase P1 --total-steps 70000 --device cuda --ckptdir /run/media/pma213x/0C6A8CC86A8CAFCE/Ubuntu2/CodeU/Dog1/official-mini-cheetah/checkpoints/official_mini_cheetah_flat_jump_v1_r3 --ckpt-prefix official_mini_cheetah_flat_jump_v1_r3 --logdir /run/media/pma213x/0C6A8CC86A8CAFCE/Ubuntu2/CodeU/Dog1/official-mini-cheetah/runs/official_mini_cheetah_flat_jump_v1_r3/P1_parallel --bridge-port 11452 --num-envs 4 --checkpoint-interval 20000 --randomization-mode fixed --seed 20261003 --phase-step-offset 50000 --resume /run/media/pma213x/0C6A8CC86A8CAFCE/Ubuntu2/CodeU/Dog1/official-mini-cheetah/checkpoints/official_mini_cheetah_flat_jump_v1_r3/official_mini_cheetah_flat_jump_v1_r3_final.zip
[2026-10-05T19:11:27+0800] P1 四 worker 实时健康确认通过
[2026-10-05T19:11:49+0800] P1 启动：/usr/bin/python3 -m rl.train --phase P1 --total-steps 80000 --device cuda --ckptdir /run/media/pma213x/0C6A8CC86A8CAFCE/Ubuntu2/CodeU/Dog1/official-mini-cheetah/checkpoints/official_mini_cheetah_flat_jump_v1_r3 --ckpt-prefix official_mini_cheetah_flat_jump_v1_r3 --logdir /run/media/pma213x/0C6A8CC86A8CAFCE/Ubuntu2/CodeU/Dog1/official-mini-cheetah/runs/official_mini_cheetah_flat_jump_v1_r3/P1_parallel --bridge-port 11452 --num-envs 4 --checkpoint-interval 20000 --randomization-mode fixed --seed 20261003 --phase-step-offset 60000 --resume /run/media/pma213x/0C6A8CC86A8CAFCE/Ubuntu2/CodeU/Dog1/official-mini-cheetah/checkpoints/official_mini_cheetah_flat_jump_v1_r3/official_mini_cheetah_flat_jump_v1_r3_final.zip
[2026-10-05T19:11:56+0800] P1 四 worker 实时健康确认通过
[2026-10-05T19:12:18+0800] P1 启动：/usr/bin/python3 -m rl.train --phase P1 --total-steps 90000 --device cuda --ckptdir /run/media/pma213x/0C6A8CC86A8CAFCE/Ubuntu2/CodeU/Dog1/official-mini-cheetah/checkpoints/official_mini_cheetah_flat_jump_v1_r3 --ckpt-prefix official_mini_cheetah_flat_jump_v1_r3 --logdir /run/media/pma213x/0C6A8CC86A8CAFCE/Ubuntu2/CodeU/Dog1/official-mini-cheetah/runs/official_mini_cheetah_flat_jump_v1_r3/P1_parallel --bridge-port 11452 --num-envs 4 --checkpoint-interval 20000 --randomization-mode fixed --seed 20261003 --phase-step-offset 70000 --resume /run/media/pma213x/0C6A8CC86A8CAFCE/Ubuntu2/CodeU/Dog1/official-mini-cheetah/checkpoints/official_mini_cheetah_flat_jump_v1_r3/official_mini_cheetah_flat_jump_v1_r3_final.zip
[2026-10-05T19:12:25+0800] P1 四 worker 实时健康确认通过
[2026-10-05T19:12:47+0800] P1 启动：/usr/bin/python3 -m rl.train --phase P1 --total-steps 100000 --device cuda --ckptdir /run/media/pma213x/0C6A8CC86A8CAFCE/Ubuntu2/CodeU/Dog1/official-mini-cheetah/checkpoints/official_mini_cheetah_flat_jump_v1_r3 --ckpt-prefix official_mini_cheetah_flat_jump_v1_r3 --logdir /run/media/pma213x/0C6A8CC86A8CAFCE/Ubuntu2/CodeU/Dog1/official-mini-cheetah/runs/official_mini_cheetah_flat_jump_v1_r3/P1_parallel --bridge-port 11452 --num-envs 4 --checkpoint-interval 20000 --randomization-mode fixed --seed 20261003 --phase-step-offset 80000 --resume /run/media/pma213x/0C6A8CC86A8CAFCE/Ubuntu2/CodeU/Dog1/official-mini-cheetah/checkpoints/official_mini_cheetah_flat_jump_v1_r3/official_mini_cheetah_flat_jump_v1_r3_final.zip
[2026-10-05T19:12:54+0800] P1 四 worker 实时健康确认通过
[2026-10-05T19:13:17+0800] P1 启动：/usr/bin/python3 -m rl.train --phase P1 --total-steps 110000 --device cuda --ckptdir /run/media/pma213x/0C6A8CC86A8CAFCE/Ubuntu2/CodeU/Dog1/official-mini-cheetah/checkpoints/official_mini_cheetah_flat_jump_v1_r3 --ckpt-prefix official_mini_cheetah_flat_jump_v1_r3 --logdir /run/media/pma213x/0C6A8CC86A8CAFCE/Ubuntu2/CodeU/Dog1/official-mini-cheetah/runs/official_mini_cheetah_flat_jump_v1_r3/P1_parallel --bridge-port 11452 --num-envs 4 --checkpoint-interval 20000 --randomization-mode fixed --seed 20261003 --phase-step-offset 90000 --resume /run/media/pma213x/0C6A8CC86A8CAFCE/Ubuntu2/CodeU/Dog1/official-mini-cheetah/checkpoints/official_mini_cheetah_flat_jump_v1_r3/official_mini_cheetah_flat_jump_v1_r3_final.zip
[2026-10-05T19:13:23+0800] P1 四 worker 实时健康确认通过
[2026-10-05T19:13:47+0800] P1 启动：/usr/bin/python3 -m rl.train --phase P1 --total-steps 120000 --device cuda --ckptdir /run/media/pma213x/0C6A8CC86A8CAFCE/Ubuntu2/CodeU/Dog1/official-mini-cheetah/checkpoints/official_mini_cheetah_flat_jump_v1_r3 --ckpt-prefix official_mini_cheetah_flat_jump_v1_r3 --logdir /run/media/pma213x/0C6A8CC86A8CAFCE/Ubuntu2/CodeU/Dog1/official-mini-cheetah/runs/official_mini_cheetah_flat_jump_v1_r3/P1_parallel --bridge-port 11452 --num-envs 4 --checkpoint-interval 20000 --randomization-mode fixed --seed 20261003 --phase-step-offset 100000 --resume /run/media/pma213x/0C6A8CC86A8CAFCE/Ubuntu2/CodeU/Dog1/official-mini-cheetah/checkpoints/official_mini_cheetah_flat_jump_v1_r3/official_mini_cheetah_flat_jump_v1_r3_final.zip
[2026-10-05T19:13:54+0800] P1 四 worker 实时健康确认通过
[2026-10-05T19:14:17+0800] P1 启动：/usr/bin/python3 -m rl.train --phase P1 --total-steps 130000 --device cuda --ckptdir /run/media/pma213x/0C6A8CC86A8CAFCE/Ubuntu2/CodeU/Dog1/official-mini-cheetah/checkpoints/official_mini_cheetah_flat_jump_v1_r3 --ckpt-prefix official_mini_cheetah_flat_jump_v1_r3 --logdir /run/media/pma213x/0C6A8CC86A8CAFCE/Ubuntu2/CodeU/Dog1/official-mini-cheetah/runs/official_mini_cheetah_flat_jump_v1_r3/P1_parallel --bridge-port 11452 --num-envs 4 --checkpoint-interval 20000 --randomization-mode fixed --seed 20261003 --phase-step-offset 110000 --resume /run/media/pma213x/0C6A8CC86A8CAFCE/Ubuntu2/CodeU/Dog1/official-mini-cheetah/checkpoints/official_mini_cheetah_flat_jump_v1_r3/official_mini_cheetah_flat_jump_v1_r3_final.zip
[2026-10-05T19:14:23+0800] P1 四 worker 实时健康确认通过
[2026-10-05T19:14:47+0800] P1 启动：/usr/bin/python3 -m rl.train --phase P1 --total-steps 140000 --device cuda --ckptdir /run/media/pma213x/0C6A8CC86A8CAFCE/Ubuntu2/CodeU/Dog1/official-mini-cheetah/checkpoints/official_mini_cheetah_flat_jump_v1_r3 --ckpt-prefix official_mini_cheetah_flat_jump_v1_r3 --logdir /run/media/pma213x/0C6A8CC86A8CAFCE/Ubuntu2/CodeU/Dog1/official-mini-cheetah/runs/official_mini_cheetah_flat_jump_v1_r3/P1_parallel --bridge-port 11452 --num-envs 4 --checkpoint-interval 20000 --randomization-mode fixed --seed 20261003 --phase-step-offset 120000 --resume /run/media/pma213x/0C6A8CC86A8CAFCE/Ubuntu2/CodeU/Dog1/official-mini-cheetah/checkpoints/official_mini_cheetah_flat_jump_v1_r3/official_mini_cheetah_flat_jump_v1_r3_final.zip
[2026-10-05T19:14:53+0800] P1 四 worker 实时健康确认通过
[2026-10-05T19:15:17+0800] P1 启动：/usr/bin/python3 -m rl.train --phase P1 --total-steps 150000 --device cuda --ckptdir /run/media/pma213x/0C6A8CC86A8CAFCE/Ubuntu2/CodeU/Dog1/official-mini-cheetah/checkpoints/official_mini_cheetah_flat_jump_v1_r3 --ckpt-prefix official_mini_cheetah_flat_jump_v1_r3 --logdir /run/media/pma213x/0C6A8CC86A8CAFCE/Ubuntu2/CodeU/Dog1/official-mini-cheetah/runs/official_mini_cheetah_flat_jump_v1_r3/P1_parallel --bridge-port 11452 --num-envs 4 --checkpoint-interval 20000 --randomization-mode fixed --seed 20261003 --phase-step-offset 130000 --resume /run/media/pma213x/0C6A8CC86A8CAFCE/Ubuntu2/CodeU/Dog1/official-mini-cheetah/checkpoints/official_mini_cheetah_flat_jump_v1_r3/official_mini_cheetah_flat_jump_v1_r3_final.zip
[2026-10-05T19:15:23+0800] P1 四 worker 实时健康确认通过
[2026-10-05T19:15:46+0800] P1 启动：/usr/bin/python3 -m rl.train --phase P1 --total-steps 160000 --device cuda --ckptdir /run/media/pma213x/0C6A8CC86A8CAFCE/Ubuntu2/CodeU/Dog1/official-mini-cheetah/checkpoints/official_mini_cheetah_flat_jump_v1_r3 --ckpt-prefix official_mini_cheetah_flat_jump_v1_r3 --logdir /run/media/pma213x/0C6A8CC86A8CAFCE/Ubuntu2/CodeU/Dog1/official-mini-cheetah/runs/official_mini_cheetah_flat_jump_v1_r3/P1_parallel --bridge-port 11452 --num-envs 4 --checkpoint-interval 20000 --randomization-mode fixed --seed 20261003 --phase-step-offset 140000 --resume /run/media/pma213x/0C6A8CC86A8CAFCE/Ubuntu2/CodeU/Dog1/official-mini-cheetah/checkpoints/official_mini_cheetah_flat_jump_v1_r3/official_mini_cheetah_flat_jump_v1_r3_final.zip
[2026-10-05T19:15:53+0800] P1 四 worker 实时健康确认通过
[2026-10-05T19:16:17+0800] P1 启动：/usr/bin/python3 -m rl.train --phase P1 --total-steps 170000 --device cuda --ckptdir /run/media/pma213x/0C6A8CC86A8CAFCE/Ubuntu2/CodeU/Dog1/official-mini-cheetah/checkpoints/official_mini_cheetah_flat_jump_v1_r3 --ckpt-prefix official_mini_cheetah_flat_jump_v1_r3 --logdir /run/media/pma213x/0C6A8CC86A8CAFCE/Ubuntu2/CodeU/Dog1/official-mini-cheetah/runs/official_mini_cheetah_flat_jump_v1_r3/P1_parallel --bridge-port 11452 --num-envs 4 --checkpoint-interval 20000 --randomization-mode fixed --seed 20261003 --phase-step-offset 150000 --resume /run/media/pma213x/0C6A8CC86A8CAFCE/Ubuntu2/CodeU/Dog1/official-mini-cheetah/checkpoints/official_mini_cheetah_flat_jump_v1_r3/official_mini_cheetah_flat_jump_v1_r3_final.zip
[2026-10-05T19:16:24+0800] P1 四 worker 实时健康确认通过
[2026-10-05T19:16:50+0800] P1 启动：/usr/bin/python3 -m rl.train --phase P1 --total-steps 180000 --device cuda --ckptdir /run/media/pma213x/0C6A8CC86A8CAFCE/Ubuntu2/CodeU/Dog1/official-mini-cheetah/checkpoints/official_mini_cheetah_flat_jump_v1_r3 --ckpt-prefix official_mini_cheetah_flat_jump_v1_r3 --logdir /run/media/pma213x/0C6A8CC86A8CAFCE/Ubuntu2/CodeU/Dog1/official-mini-cheetah/runs/official_mini_cheetah_flat_jump_v1_r3/P1_parallel --bridge-port 11452 --num-envs 4 --checkpoint-interval 20000 --randomization-mode fixed --seed 20261003 --phase-step-offset 160000 --resume /run/media/pma213x/0C6A8CC86A8CAFCE/Ubuntu2/CodeU/Dog1/official-mini-cheetah/checkpoints/official_mini_cheetah_flat_jump_v1_r3/official_mini_cheetah_flat_jump_v1_r3_final.zip
[2026-10-05T19:16:57+0800] P1 四 worker 实时健康确认通过
[2026-10-05T19:17:20+0800] P1 启动：/usr/bin/python3 -m rl.train --phase P1 --total-steps 190000 --device cuda --ckptdir /run/media/pma213x/0C6A8CC86A8CAFCE/Ubuntu2/CodeU/Dog1/official-mini-cheetah/checkpoints/official_mini_cheetah_flat_jump_v1_r3 --ckpt-prefix official_mini_cheetah_flat_jump_v1_r3 --logdir /run/media/pma213x/0C6A8CC86A8CAFCE/Ubuntu2/CodeU/Dog1/official-mini-cheetah/runs/official_mini_cheetah_flat_jump_v1_r3/P1_parallel --bridge-port 11452 --num-envs 4 --checkpoint-interval 20000 --randomization-mode fixed --seed 20261003 --phase-step-offset 170000 --resume /run/media/pma213x/0C6A8CC86A8CAFCE/Ubuntu2/CodeU/Dog1/official-mini-cheetah/checkpoints/official_mini_cheetah_flat_jump_v1_r3/official_mini_cheetah_flat_jump_v1_r3_final.zip
[2026-10-05T19:17:26+0800] P1 四 worker 实时健康确认通过
[2026-10-05T19:17:45+0800] P1 启动：/usr/bin/python3 -m rl.train --phase P1 --total-steps 200000 --device cuda --ckptdir /run/media/pma213x/0C6A8CC86A8CAFCE/Ubuntu2/CodeU/Dog1/official-mini-cheetah/checkpoints/official_mini_cheetah_flat_jump_v1_r3 --ckpt-prefix official_mini_cheetah_flat_jump_v1_r3 --logdir /run/media/pma213x/0C6A8CC86A8CAFCE/Ubuntu2/CodeU/Dog1/official-mini-cheetah/runs/official_mini_cheetah_flat_jump_v1_r3/P1_parallel --bridge-port 11452 --num-envs 4 --checkpoint-interval 20000 --randomization-mode fixed --seed 20261003 --phase-step-offset 180000 --resume /run/media/pma213x/0C6A8CC86A8CAFCE/Ubuntu2/CodeU/Dog1/official-mini-cheetah/checkpoints/official_mini_cheetah_flat_jump_v1_r3/official_mini_cheetah_flat_jump_v1_r3_final.zip
[2026-10-05T19:17:51+0800] P1 四 worker 实时健康确认通过
[2026-10-05T19:18:19+0800] P1 启动：/usr/bin/python3 -m rl.train --phase P1 --total-steps 210000 --device cuda --ckptdir /run/media/pma213x/0C6A8CC86A8CAFCE/Ubuntu2/CodeU/Dog1/official-mini-cheetah/checkpoints/official_mini_cheetah_flat_jump_v1_r3 --ckpt-prefix official_mini_cheetah_flat_jump_v1_r3 --logdir /run/media/pma213x/0C6A8CC86A8CAFCE/Ubuntu2/CodeU/Dog1/official-mini-cheetah/runs/official_mini_cheetah_flat_jump_v1_r3/P1_parallel --bridge-port 11452 --num-envs 4 --checkpoint-interval 20000 --randomization-mode fixed --seed 20261003 --phase-step-offset 190000 --resume /run/media/pma213x/0C6A8CC86A8CAFCE/Ubuntu2/CodeU/Dog1/official-mini-cheetah/checkpoints/official_mini_cheetah_flat_jump_v1_r3/official_mini_cheetah_flat_jump_v1_r3_final.zip
[2026-10-05T19:18:25+0800] P1 四 worker 实时健康确认通过
[2026-10-05T19:18:43+0800] P1 启动：/usr/bin/python3 -m rl.train --phase P1 --total-steps 220000 --device cuda --ckptdir /run/media/pma213x/0C6A8CC86A8CAFCE/Ubuntu2/CodeU/Dog1/official-mini-cheetah/checkpoints/official_mini_cheetah_flat_jump_v1_r3 --ckpt-prefix official_mini_cheetah_flat_jump_v1_r3 --logdir /run/media/pma213x/0C6A8CC86A8CAFCE/Ubuntu2/CodeU/Dog1/official-mini-cheetah/runs/official_mini_cheetah_flat_jump_v1_r3/P1_parallel --bridge-port 11452 --num-envs 4 --checkpoint-interval 20000 --randomization-mode fixed --seed 20261003 --phase-step-offset 200000 --resume /run/media/pma213x/0C6A8CC86A8CAFCE/Ubuntu2/CodeU/Dog1/official-mini-cheetah/checkpoints/official_mini_cheetah_flat_jump_v1_r3/official_mini_cheetah_flat_jump_v1_r3_final.zip
[2026-10-05T19:18:49+0800] P1 四 worker 实时健康确认通过
[2026-10-05T19:19:13+0800] P1 启动：/usr/bin/python3 -m rl.train --phase P1 --total-steps 230000 --device cuda --ckptdir /run/media/pma213x/0C6A8CC86A8CAFCE/Ubuntu2/CodeU/Dog1/official-mini-cheetah/checkpoints/official_mini_cheetah_flat_jump_v1_r3 --ckpt-prefix official_mini_cheetah_flat_jump_v1_r3 --logdir /run/media/pma213x/0C6A8CC86A8CAFCE/Ubuntu2/CodeU/Dog1/official-mini-cheetah/runs/official_mini_cheetah_flat_jump_v1_r3/P1_parallel --bridge-port 11452 --num-envs 4 --checkpoint-interval 20000 --randomization-mode fixed --seed 20261003 --phase-step-offset 210000 --resume /run/media/pma213x/0C6A8CC86A8CAFCE/Ubuntu2/CodeU/Dog1/official-mini-cheetah/checkpoints/official_mini_cheetah_flat_jump_v1_r3/official_mini_cheetah_flat_jump_v1_r3_final.zip
[2026-10-05T19:19:19+0800] P1 四 worker 实时健康确认通过
[2026-10-05T19:19:42+0800] P1 启动：/usr/bin/python3 -m rl.train --phase P1 --total-steps 240000 --device cuda --ckptdir /run/media/pma213x/0C6A8CC86A8CAFCE/Ubuntu2/CodeU/Dog1/official-mini-cheetah/checkpoints/official_mini_cheetah_flat_jump_v1_r3 --ckpt-prefix official_mini_cheetah_flat_jump_v1_r3 --logdir /run/media/pma213x/0C6A8CC86A8CAFCE/Ubuntu2/CodeU/Dog1/official-mini-cheetah/runs/official_mini_cheetah_flat_jump_v1_r3/P1_parallel --bridge-port 11452 --num-envs 4 --checkpoint-interval 20000 --randomization-mode fixed --seed 20261003 --phase-step-offset 220000 --resume /run/media/pma213x/0C6A8CC86A8CAFCE/Ubuntu2/CodeU/Dog1/official-mini-cheetah/checkpoints/official_mini_cheetah_flat_jump_v1_r3/official_mini_cheetah_flat_jump_v1_r3_final.zip
[2026-10-05T19:19:48+0800] P1 四 worker 实时健康确认通过
[2026-10-05T19:20:07+0800] P1 启动：/usr/bin/python3 -m rl.train --phase P1 --total-steps 250000 --device cuda --ckptdir /run/media/pma213x/0C6A8CC86A8CAFCE/Ubuntu2/CodeU/Dog1/official-mini-cheetah/checkpoints/official_mini_cheetah_flat_jump_v1_r3 --ckpt-prefix official_mini_cheetah_flat_jump_v1_r3 --logdir /run/media/pma213x/0C6A8CC86A8CAFCE/Ubuntu2/CodeU/Dog1/official-mini-cheetah/runs/official_mini_cheetah_flat_jump_v1_r3/P1_parallel --bridge-port 11452 --num-envs 4 --checkpoint-interval 20000 --randomization-mode fixed --seed 20261003 --phase-step-offset 230000 --resume /run/media/pma213x/0C6A8CC86A8CAFCE/Ubuntu2/CodeU/Dog1/official-mini-cheetah/checkpoints/official_mini_cheetah_flat_jump_v1_r3/official_mini_cheetah_flat_jump_v1_r3_final.zip
[2026-10-05T19:20:13+0800] P1 四 worker 实时健康确认通过
[2026-10-05T19:20:30+0800] P1 启动：/usr/bin/python3 -m rl.train --phase P1 --total-steps 260000 --device cuda --ckptdir /run/media/pma213x/0C6A8CC86A8CAFCE/Ubuntu2/CodeU/Dog1/official-mini-cheetah/checkpoints/official_mini_cheetah_flat_jump_v1_r3 --ckpt-prefix official_mini_cheetah_flat_jump_v1_r3 --logdir /run/media/pma213x/0C6A8CC86A8CAFCE/Ubuntu2/CodeU/Dog1/official-mini-cheetah/runs/official_mini_cheetah_flat_jump_v1_r3/P1_parallel --bridge-port 11452 --num-envs 4 --checkpoint-interval 20000 --randomization-mode fixed --seed 20261003 --phase-step-offset 240000 --resume /run/media/pma213x/0C6A8CC86A8CAFCE/Ubuntu2/CodeU/Dog1/official-mini-cheetah/checkpoints/official_mini_cheetah_flat_jump_v1_r3/official_mini_cheetah_flat_jump_v1_r3_final.zip
[2026-10-05T19:20:36+0800] P1 四 worker 实时健康确认通过
[2026-10-05T19:21:04+0800] P1 启动：/usr/bin/python3 -m rl.train --phase P1 --total-steps 270000 --device cuda --ckptdir /run/media/pma213x/0C6A8CC86A8CAFCE/Ubuntu2/CodeU/Dog1/official-mini-cheetah/checkpoints/official_mini_cheetah_flat_jump_v1_r3 --ckpt-prefix official_mini_cheetah_flat_jump_v1_r3 --logdir /run/media/pma213x/0C6A8CC86A8CAFCE/Ubuntu2/CodeU/Dog1/official-mini-cheetah/runs/official_mini_cheetah_flat_jump_v1_r3/P1_parallel --bridge-port 11452 --num-envs 4 --checkpoint-interval 20000 --randomization-mode fixed --seed 20261003 --phase-step-offset 250000 --resume /run/media/pma213x/0C6A8CC86A8CAFCE/Ubuntu2/CodeU/Dog1/official-mini-cheetah/checkpoints/official_mini_cheetah_flat_jump_v1_r3/official_mini_cheetah_flat_jump_v1_r3_final.zip
[2026-10-05T19:21:10+0800] P1 四 worker 实时健康确认通过
[2026-10-05T19:21:34+0800] P1 启动：/usr/bin/python3 -m rl.train --phase P1 --total-steps 280000 --device cuda --ckptdir /run/media/pma213x/0C6A8CC86A8CAFCE/Ubuntu2/CodeU/Dog1/official-mini-cheetah/checkpoints/official_mini_cheetah_flat_jump_v1_r3 --ckpt-prefix official_mini_cheetah_flat_jump_v1_r3 --logdir /run/media/pma213x/0C6A8CC86A8CAFCE/Ubuntu2/CodeU/Dog1/official-mini-cheetah/runs/official_mini_cheetah_flat_jump_v1_r3/P1_parallel --bridge-port 11452 --num-envs 4 --checkpoint-interval 20000 --randomization-mode fixed --seed 20261003 --phase-step-offset 260000 --resume /run/media/pma213x/0C6A8CC86A8CAFCE/Ubuntu2/CodeU/Dog1/official-mini-cheetah/checkpoints/official_mini_cheetah_flat_jump_v1_r3/official_mini_cheetah_flat_jump_v1_r3_final.zip
[2026-10-05T19:21:41+0800] P1 四 worker 实时健康确认通过
[2026-10-05T19:21:58+0800] P1 启动：/usr/bin/python3 -m rl.train --phase P1 --total-steps 290000 --device cuda --ckptdir /run/media/pma213x/0C6A8CC86A8CAFCE/Ubuntu2/CodeU/Dog1/official-mini-cheetah/checkpoints/official_mini_cheetah_flat_jump_v1_r3 --ckpt-prefix official_mini_cheetah_flat_jump_v1_r3 --logdir /run/media/pma213x/0C6A8CC86A8CAFCE/Ubuntu2/CodeU/Dog1/official-mini-cheetah/runs/official_mini_cheetah_flat_jump_v1_r3/P1_parallel --bridge-port 11452 --num-envs 4 --checkpoint-interval 20000 --randomization-mode fixed --seed 20261003 --phase-step-offset 270000 --resume /run/media/pma213x/0C6A8CC86A8CAFCE/Ubuntu2/CodeU/Dog1/official-mini-cheetah/checkpoints/official_mini_cheetah_flat_jump_v1_r3/official_mini_cheetah_flat_jump_v1_r3_final.zip
[2026-10-05T19:22:04+0800] P1 四 worker 实时健康确认通过
[2026-10-05T19:22:22+0800] P1 启动：/usr/bin/python3 -m rl.train --phase P1 --total-steps 300000 --device cuda --ckptdir /run/media/pma213x/0C6A8CC86A8CAFCE/Ubuntu2/CodeU/Dog1/official-mini-cheetah/checkpoints/official_mini_cheetah_flat_jump_v1_r3 --ckpt-prefix official_mini_cheetah_flat_jump_v1_r3 --logdir /run/media/pma213x/0C6A8CC86A8CAFCE/Ubuntu2/CodeU/Dog1/official-mini-cheetah/runs/official_mini_cheetah_flat_jump_v1_r3/P1_parallel --bridge-port 11452 --num-envs 4 --checkpoint-interval 20000 --randomization-mode fixed --seed 20261003 --phase-step-offset 280000 --resume /run/media/pma213x/0C6A8CC86A8CAFCE/Ubuntu2/CodeU/Dog1/official-mini-cheetah/checkpoints/official_mini_cheetah_flat_jump_v1_r3/official_mini_cheetah_flat_jump_v1_r3_final.zip
[2026-10-05T19:22:28+0800] P1 四 worker 实时健康确认通过
[2026-10-05T19:22:46+0800] P1 启动：/usr/bin/python3 -m rl.train --phase P1 --total-steps 310000 --device cuda --ckptdir /run/media/pma213x/0C6A8CC86A8CAFCE/Ubuntu2/CodeU/Dog1/official-mini-cheetah/checkpoints/official_mini_cheetah_flat_jump_v1_r3 --ckpt-prefix official_mini_cheetah_flat_jump_v1_r3 --logdir /run/media/pma213x/0C6A8CC86A8CAFCE/Ubuntu2/CodeU/Dog1/official-mini-cheetah/runs/official_mini_cheetah_flat_jump_v1_r3/P1_parallel --bridge-port 11452 --num-envs 4 --checkpoint-interval 20000 --randomization-mode fixed --seed 20261003 --phase-step-offset 290000 --resume /run/media/pma213x/0C6A8CC86A8CAFCE/Ubuntu2/CodeU/Dog1/official-mini-cheetah/checkpoints/official_mini_cheetah_flat_jump_v1_r3/official_mini_cheetah_flat_jump_v1_r3_final.zip
[2026-10-05T19:22:52+0800] P1 四 worker 实时健康确认通过
[2026-10-05T19:23:10+0800] P1 验收命令：/usr/bin/python3 -m rl.evaluate --phase P1 --gate --checkpoint /run/media/pma213x/0C6A8CC86A8CAFCE/Ubuntu2/CodeU/Dog1/official-mini-cheetah/checkpoints/official_mini_cheetah_flat_jump_v1_r3/official_mini_cheetah_flat_jump_v1_r3_final.zip --output /run/media/pma213x/0C6A8CC86A8CAFCE/Ubuntu2/CodeU/Dog1/official-mini-cheetah/logs/official_mini_cheetah_flat_jump_v1_r3/P1_gate_attempt_0.json
[2026-10-05T19:23:35+0800] P1 验收未通过，report.passed=false
[2026-10-05T19:23:35+0800] P1 验收命令：/usr/bin/python3 -m rl.evaluate --phase P1 --gate --checkpoint /run/media/pma213x/0C6A8CC86A8CAFCE/Ubuntu2/CodeU/Dog1/official-mini-cheetah/checkpoints/official_mini_cheetah_flat_jump_v1_r3/official_mini_cheetah_flat_jump_v1_r3_final.zip --output /run/media/pma213x/0C6A8CC86A8CAFCE/Ubuntu2/CodeU/Dog1/official-mini-cheetah/logs/official_mini_cheetah_flat_jump_v1_r3/P1_gate_attempt_1.json
[2026-10-05T19:24:02+0800] P1 验收未通过，report.passed=false
[2026-10-05T19:24:02+0800] P1 验收命令：/usr/bin/python3 -m rl.evaluate --phase P1 --gate --checkpoint /run/media/pma213x/0C6A8CC86A8CAFCE/Ubuntu2/CodeU/Dog1/official-mini-cheetah/checkpoints/official_mini_cheetah_flat_jump_v1_r3/official_mini_cheetah_flat_jump_v1_r3_final.zip --output /run/media/pma213x/0C6A8CC86A8CAFCE/Ubuntu2/CodeU/Dog1/official-mini-cheetah/logs/official_mini_cheetah_flat_jump_v1_r3/P1_gate_attempt_2.json
[2026-10-05T19:24:36+0800] P1 验收未通过，report.passed=false
[2026-10-05T19:24:36+0800] P1 连续 Gate 批次结果=[False, False, False]
[2026-10-05T19:24:36+0800] P1 启动：/usr/bin/python3 -m rl.train --phase P1 --total-steps 320000 --device cuda --ckptdir /run/media/pma213x/0C6A8CC86A8CAFCE/Ubuntu2/CodeU/Dog1/official-mini-cheetah/checkpoints/official_mini_cheetah_flat_jump_v1_r3 --ckpt-prefix official_mini_cheetah_flat_jump_v1_r3 --logdir /run/media/pma213x/0C6A8CC86A8CAFCE/Ubuntu2/CodeU/Dog1/official-mini-cheetah/runs/official_mini_cheetah_flat_jump_v1_r3/P1_parallel --bridge-port 11452 --num-envs 4 --checkpoint-interval 20000 --randomization-mode fixed --seed 20261003 --phase-step-offset 300000 --resume /run/media/pma213x/0C6A8CC86A8CAFCE/Ubuntu2/CodeU/Dog1/official-mini-cheetah/checkpoints/official_mini_cheetah_flat_jump_v1_r3/official_mini_cheetah_flat_jump_v1_r3_final.zip
[2026-10-05T19:24:42+0800] P1 四 worker 实时健康确认通过
[2026-10-05T19:25:02+0800] P1 验收命令：/usr/bin/python3 -m rl.evaluate --phase P1 --gate --checkpoint /run/media/pma213x/0C6A8CC86A8CAFCE/Ubuntu2/CodeU/Dog1/official-mini-cheetah/checkpoints/official_mini_cheetah_flat_jump_v1_r3/official_mini_cheetah_flat_jump_v1_r3_final.zip --output /run/media/pma213x/0C6A8CC86A8CAFCE/Ubuntu2/CodeU/Dog1/official-mini-cheetah/logs/official_mini_cheetah_flat_jump_v1_r3/P1_gate_attempt_0.json
[2026-10-05T19:25:27+0800] P1 验收未通过，report.passed=false
[2026-10-05T19:25:28+0800] P1 验收命令：/usr/bin/python3 -m rl.evaluate --phase P1 --gate --checkpoint /run/media/pma213x/0C6A8CC86A8CAFCE/Ubuntu2/CodeU/Dog1/official-mini-cheetah/checkpoints/official_mini_cheetah_flat_jump_v1_r3/official_mini_cheetah_flat_jump_v1_r3_final.zip --output /run/media/pma213x/0C6A8CC86A8CAFCE/Ubuntu2/CodeU/Dog1/official-mini-cheetah/logs/official_mini_cheetah_flat_jump_v1_r3/P1_gate_attempt_1.json
[2026-10-05T19:25:53+0800] P1 验收未通过，report.passed=false
[2026-10-05T19:25:53+0800] P1 验收命令：/usr/bin/python3 -m rl.evaluate --phase P1 --gate --checkpoint /run/media/pma213x/0C6A8CC86A8CAFCE/Ubuntu2/CodeU/Dog1/official-mini-cheetah/checkpoints/official_mini_cheetah_flat_jump_v1_r3/official_mini_cheetah_flat_jump_v1_r3_final.zip --output /run/media/pma213x/0C6A8CC86A8CAFCE/Ubuntu2/CodeU/Dog1/official-mini-cheetah/logs/official_mini_cheetah_flat_jump_v1_r3/P1_gate_attempt_2.json
[2026-10-05T19:26:18+0800] P1 验收未通过，report.passed=false
[2026-10-05T19:26:18+0800] P1 连续 Gate 批次结果=[False, False, False]
[2026-10-05T19:26:18+0800] P1 启动：/usr/bin/python3 -m rl.train --phase P1 --total-steps 330000 --device cuda --ckptdir /run/media/pma213x/0C6A8CC86A8CAFCE/Ubuntu2/CodeU/Dog1/official-mini-cheetah/checkpoints/official_mini_cheetah_flat_jump_v1_r3 --ckpt-prefix official_mini_cheetah_flat_jump_v1_r3 --logdir /run/media/pma213x/0C6A8CC86A8CAFCE/Ubuntu2/CodeU/Dog1/official-mini-cheetah/runs/official_mini_cheetah_flat_jump_v1_r3/P1_parallel --bridge-port 11452 --num-envs 4 --checkpoint-interval 20000 --randomization-mode fixed --seed 20261003 --phase-step-offset 310000 --resume /run/media/pma213x/0C6A8CC86A8CAFCE/Ubuntu2/CodeU/Dog1/official-mini-cheetah/checkpoints/official_mini_cheetah_flat_jump_v1_r3/official_mini_cheetah_flat_jump_v1_r3_final.zip
[2026-10-05T19:26:25+0800] P1 四 worker 实时健康确认通过
[2026-10-05T19:26:45+0800] P1 验收命令：/usr/bin/python3 -m rl.evaluate --phase P1 --gate --checkpoint /run/media/pma213x/0C6A8CC86A8CAFCE/Ubuntu2/CodeU/Dog1/official-mini-cheetah/checkpoints/official_mini_cheetah_flat_jump_v1_r3/official_mini_cheetah_flat_jump_v1_r3_final.zip --output /run/media/pma213x/0C6A8CC86A8CAFCE/Ubuntu2/CodeU/Dog1/official-mini-cheetah/logs/official_mini_cheetah_flat_jump_v1_r3/P1_gate_attempt_0.json
[2026-10-05T19:27:18+0800] P1 验收未通过，report.passed=false
[2026-10-05T19:27:18+0800] P1 验收命令：/usr/bin/python3 -m rl.evaluate --phase P1 --gate --checkpoint /run/media/pma213x/0C6A8CC86A8CAFCE/Ubuntu2/CodeU/Dog1/official-mini-cheetah/checkpoints/official_mini_cheetah_flat_jump_v1_r3/official_mini_cheetah_flat_jump_v1_r3_final.zip --output /run/media/pma213x/0C6A8CC86A8CAFCE/Ubuntu2/CodeU/Dog1/official-mini-cheetah/logs/official_mini_cheetah_flat_jump_v1_r3/P1_gate_attempt_1.json
[2026-10-05T19:27:44+0800] P1 验收未通过，report.passed=false
[2026-10-05T19:27:44+0800] P1 验收命令：/usr/bin/python3 -m rl.evaluate --phase P1 --gate --checkpoint /run/media/pma213x/0C6A8CC86A8CAFCE/Ubuntu2/CodeU/Dog1/official-mini-cheetah/checkpoints/official_mini_cheetah_flat_jump_v1_r3/official_mini_cheetah_flat_jump_v1_r3_final.zip --output /run/media/pma213x/0C6A8CC86A8CAFCE/Ubuntu2/CodeU/Dog1/official-mini-cheetah/logs/official_mini_cheetah_flat_jump_v1_r3/P1_gate_attempt_2.json
[2026-10-05T19:28:09+0800] P1 验收未通过，report.passed=false
[2026-10-05T19:28:09+0800] P1 连续 Gate 批次结果=[False, False, False]
[2026-10-05T19:28:09+0800] P1 启动：/usr/bin/python3 -m rl.train --phase P1 --total-steps 340000 --device cuda --ckptdir /run/media/pma213x/0C6A8CC86A8CAFCE/Ubuntu2/CodeU/Dog1/official-mini-cheetah/checkpoints/official_mini_cheetah_flat_jump_v1_r3 --ckpt-prefix official_mini_cheetah_flat_jump_v1_r3 --logdir /run/media/pma213x/0C6A8CC86A8CAFCE/Ubuntu2/CodeU/Dog1/official-mini-cheetah/runs/official_mini_cheetah_flat_jump_v1_r3/P1_parallel --bridge-port 11452 --num-envs 4 --checkpoint-interval 20000 --randomization-mode fixed --seed 20261003 --phase-step-offset 320000 --resume /run/media/pma213x/0C6A8CC86A8CAFCE/Ubuntu2/CodeU/Dog1/official-mini-cheetah/checkpoints/official_mini_cheetah_flat_jump_v1_r3/official_mini_cheetah_flat_jump_v1_r3_final.zip
[2026-10-05T19:28:15+0800] P1 四 worker 实时健康确认通过
[2026-10-05T19:28:32+0800] P1 验收命令：/usr/bin/python3 -m rl.evaluate --phase P1 --gate --checkpoint /run/media/pma213x/0C6A8CC86A8CAFCE/Ubuntu2/CodeU/Dog1/official-mini-cheetah/checkpoints/official_mini_cheetah_flat_jump_v1_r3/official_mini_cheetah_flat_jump_v1_r3_final.zip --output /run/media/pma213x/0C6A8CC86A8CAFCE/Ubuntu2/CodeU/Dog1/official-mini-cheetah/logs/official_mini_cheetah_flat_jump_v1_r3/P1_gate_attempt_0.json
[2026-10-05T19:28:58+0800] P1 验收未通过，report.passed=false
[2026-10-05T19:28:58+0800] P1 验收命令：/usr/bin/python3 -m rl.evaluate --phase P1 --gate --checkpoint /run/media/pma213x/0C6A8CC86A8CAFCE/Ubuntu2/CodeU/Dog1/official-mini-cheetah/checkpoints/official_mini_cheetah_flat_jump_v1_r3/official_mini_cheetah_flat_jump_v1_r3_final.zip --output /run/media/pma213x/0C6A8CC86A8CAFCE/Ubuntu2/CodeU/Dog1/official-mini-cheetah/logs/official_mini_cheetah_flat_jump_v1_r3/P1_gate_attempt_1.json
[2026-10-05T19:29:24+0800] P1 验收未通过，report.passed=false
[2026-10-05T19:29:24+0800] P1 验收命令：/usr/bin/python3 -m rl.evaluate --phase P1 --gate --checkpoint /run/media/pma213x/0C6A8CC86A8CAFCE/Ubuntu2/CodeU/Dog1/official-mini-cheetah/checkpoints/official_mini_cheetah_flat_jump_v1_r3/official_mini_cheetah_flat_jump_v1_r3_final.zip --output /run/media/pma213x/0C6A8CC86A8CAFCE/Ubuntu2/CodeU/Dog1/official-mini-cheetah/logs/official_mini_cheetah_flat_jump_v1_r3/P1_gate_attempt_2.json
[2026-10-05T19:29:49+0800] P1 验收未通过，report.passed=false
[2026-10-05T19:29:49+0800] P1 连续 Gate 批次结果=[False, False, False]
[2026-10-05T19:29:49+0800] P1 启动：/usr/bin/python3 -m rl.train --phase P1 --total-steps 350000 --device cuda --ckptdir /run/media/pma213x/0C6A8CC86A8CAFCE/Ubuntu2/CodeU/Dog1/official-mini-cheetah/checkpoints/official_mini_cheetah_flat_jump_v1_r3 --ckpt-prefix official_mini_cheetah_flat_jump_v1_r3 --logdir /run/media/pma213x/0C6A8CC86A8CAFCE/Ubuntu2/CodeU/Dog1/official-mini-cheetah/runs/official_mini_cheetah_flat_jump_v1_r3/P1_parallel --bridge-port 11452 --num-envs 4 --checkpoint-interval 20000 --randomization-mode fixed --seed 20261003 --phase-step-offset 330000 --resume /run/media/pma213x/0C6A8CC86A8CAFCE/Ubuntu2/CodeU/Dog1/official-mini-cheetah/checkpoints/official_mini_cheetah_flat_jump_v1_r3/official_mini_cheetah_flat_jump_v1_r3_final.zip
[2026-10-05T19:29:55+0800] P1 四 worker 实时健康确认通过
[2026-10-05T19:30:13+0800] P1 验收命令：/usr/bin/python3 -m rl.evaluate --phase P1 --gate --checkpoint /run/media/pma213x/0C6A8CC86A8CAFCE/Ubuntu2/CodeU/Dog1/official-mini-cheetah/checkpoints/official_mini_cheetah_flat_jump_v1_r3/official_mini_cheetah_flat_jump_v1_r3_final.zip --output /run/media/pma213x/0C6A8CC86A8CAFCE/Ubuntu2/CodeU/Dog1/official-mini-cheetah/logs/official_mini_cheetah_flat_jump_v1_r3/P1_gate_attempt_0.json
[2026-10-05T19:30:40+0800] P1 验收未通过，report.passed=false
[2026-10-05T19:30:40+0800] P1 验收命令：/usr/bin/python3 -m rl.evaluate --phase P1 --gate --checkpoint /run/media/pma213x/0C6A8CC86A8CAFCE/Ubuntu2/CodeU/Dog1/official-mini-cheetah/checkpoints/official_mini_cheetah_flat_jump_v1_r3/official_mini_cheetah_flat_jump_v1_r3_final.zip --output /run/media/pma213x/0C6A8CC86A8CAFCE/Ubuntu2/CodeU/Dog1/official-mini-cheetah/logs/official_mini_cheetah_flat_jump_v1_r3/P1_gate_attempt_1.json
[2026-10-05T19:31:05+0800] P1 验收未通过，report.passed=false
[2026-10-05T19:31:05+0800] P1 验收命令：/usr/bin/python3 -m rl.evaluate --phase P1 --gate --checkpoint /run/media/pma213x/0C6A8CC86A8CAFCE/Ubuntu2/CodeU/Dog1/official-mini-cheetah/checkpoints/official_mini_cheetah_flat_jump_v1_r3/official_mini_cheetah_flat_jump_v1_r3_final.zip --output /run/media/pma213x/0C6A8CC86A8CAFCE/Ubuntu2/CodeU/Dog1/official-mini-cheetah/logs/official_mini_cheetah_flat_jump_v1_r3/P1_gate_attempt_2.json
[2026-10-05T19:31:30+0800] P1 验收未通过，report.passed=false
[2026-10-05T19:31:30+0800] P1 连续 Gate 批次结果=[False, False, False]
[2026-10-05T19:31:30+0800] P1 启动：/usr/bin/python3 -m rl.train --phase P1 --total-steps 360000 --device cuda --ckptdir /run/media/pma213x/0C6A8CC86A8CAFCE/Ubuntu2/CodeU/Dog1/official-mini-cheetah/checkpoints/official_mini_cheetah_flat_jump_v1_r3 --ckpt-prefix official_mini_cheetah_flat_jump_v1_r3 --logdir /run/media/pma213x/0C6A8CC86A8CAFCE/Ubuntu2/CodeU/Dog1/official-mini-cheetah/runs/official_mini_cheetah_flat_jump_v1_r3/P1_parallel --bridge-port 11452 --num-envs 4 --checkpoint-interval 20000 --randomization-mode fixed --seed 20261003 --phase-step-offset 340000 --resume /run/media/pma213x/0C6A8CC86A8CAFCE/Ubuntu2/CodeU/Dog1/official-mini-cheetah/checkpoints/official_mini_cheetah_flat_jump_v1_r3/official_mini_cheetah_flat_jump_v1_r3_final.zip
[2026-10-05T19:31:36+0800] P1 四 worker 实时健康确认通过
[2026-10-05T19:31:53+0800] P1 验收命令：/usr/bin/python3 -m rl.evaluate --phase P1 --gate --checkpoint /run/media/pma213x/0C6A8CC86A8CAFCE/Ubuntu2/CodeU/Dog1/official-mini-cheetah/checkpoints/official_mini_cheetah_flat_jump_v1_r3/official_mini_cheetah_flat_jump_v1_r3_final.zip --output /run/media/pma213x/0C6A8CC86A8CAFCE/Ubuntu2/CodeU/Dog1/official-mini-cheetah/logs/official_mini_cheetah_flat_jump_v1_r3/P1_gate_attempt_0.json
[2026-10-05T19:32:19+0800] P1 验收未通过，report.passed=false
[2026-10-05T19:32:19+0800] P1 验收命令：/usr/bin/python3 -m rl.evaluate --phase P1 --gate --checkpoint /run/media/pma213x/0C6A8CC86A8CAFCE/Ubuntu2/CodeU/Dog1/official-mini-cheetah/checkpoints/official_mini_cheetah_flat_jump_v1_r3/official_mini_cheetah_flat_jump_v1_r3_final.zip --output /run/media/pma213x/0C6A8CC86A8CAFCE/Ubuntu2/CodeU/Dog1/official-mini-cheetah/logs/official_mini_cheetah_flat_jump_v1_r3/P1_gate_attempt_1.json
[2026-10-05T19:32:44+0800] P1 验收未通过，report.passed=false
[2026-10-05T19:32:44+0800] P1 验收命令：/usr/bin/python3 -m rl.evaluate --phase P1 --gate --checkpoint /run/media/pma213x/0C6A8CC86A8CAFCE/Ubuntu2/CodeU/Dog1/official-mini-cheetah/checkpoints/official_mini_cheetah_flat_jump_v1_r3/official_mini_cheetah_flat_jump_v1_r3_final.zip --output /run/media/pma213x/0C6A8CC86A8CAFCE/Ubuntu2/CodeU/Dog1/official-mini-cheetah/logs/official_mini_cheetah_flat_jump_v1_r3/P1_gate_attempt_2.json
[2026-10-05T19:33:09+0800] P1 验收未通过，report.passed=false
[2026-10-05T19:33:09+0800] P1 连续 Gate 批次结果=[False, False, False]
[2026-10-05T19:33:09+0800] P1 启动：/usr/bin/python3 -m rl.train --phase P1 --total-steps 370000 --device cuda --ckptdir /run/media/pma213x/0C6A8CC86A8CAFCE/Ubuntu2/CodeU/Dog1/official-mini-cheetah/checkpoints/official_mini_cheetah_flat_jump_v1_r3 --ckpt-prefix official_mini_cheetah_flat_jump_v1_r3 --logdir /run/media/pma213x/0C6A8CC86A8CAFCE/Ubuntu2/CodeU/Dog1/official-mini-cheetah/runs/official_mini_cheetah_flat_jump_v1_r3/P1_parallel --bridge-port 11452 --num-envs 4 --checkpoint-interval 20000 --randomization-mode fixed --seed 20261003 --phase-step-offset 350000 --resume /run/media/pma213x/0C6A8CC86A8CAFCE/Ubuntu2/CodeU/Dog1/official-mini-cheetah/checkpoints/official_mini_cheetah_flat_jump_v1_r3/official_mini_cheetah_flat_jump_v1_r3_final.zip
[2026-10-05T19:33:16+0800] P1 四 worker 实时健康确认通过
[2026-10-05T19:33:32+0800] P1 验收命令：/usr/bin/python3 -m rl.evaluate --phase P1 --gate --checkpoint /run/media/pma213x/0C6A8CC86A8CAFCE/Ubuntu2/CodeU/Dog1/official-mini-cheetah/checkpoints/official_mini_cheetah_flat_jump_v1_r3/official_mini_cheetah_flat_jump_v1_r3_final.zip --output /run/media/pma213x/0C6A8CC86A8CAFCE/Ubuntu2/CodeU/Dog1/official-mini-cheetah/logs/official_mini_cheetah_flat_jump_v1_r3/P1_gate_attempt_0.json
[2026-10-05T19:33:57+0800] P1 验收未通过，report.passed=false
[2026-10-05T19:33:57+0800] P1 验收命令：/usr/bin/python3 -m rl.evaluate --phase P1 --gate --checkpoint /run/media/pma213x/0C6A8CC86A8CAFCE/Ubuntu2/CodeU/Dog1/official-mini-cheetah/checkpoints/official_mini_cheetah_flat_jump_v1_r3/official_mini_cheetah_flat_jump_v1_r3_final.zip --output /run/media/pma213x/0C6A8CC86A8CAFCE/Ubuntu2/CodeU/Dog1/official-mini-cheetah/logs/official_mini_cheetah_flat_jump_v1_r3/P1_gate_attempt_1.json
[2026-10-05T19:34:23+0800] P1 验收未通过，report.passed=false
[2026-10-05T19:34:23+0800] P1 验收命令：/usr/bin/python3 -m rl.evaluate --phase P1 --gate --checkpoint /run/media/pma213x/0C6A8CC86A8CAFCE/Ubuntu2/CodeU/Dog1/official-mini-cheetah/checkpoints/official_mini_cheetah_flat_jump_v1_r3/official_mini_cheetah_flat_jump_v1_r3_final.zip --output /run/media/pma213x/0C6A8CC86A8CAFCE/Ubuntu2/CodeU/Dog1/official-mini-cheetah/logs/official_mini_cheetah_flat_jump_v1_r3/P1_gate_attempt_2.json
[2026-10-05T19:34:49+0800] P1 验收未通过，report.passed=false
[2026-10-05T19:34:49+0800] P1 连续 Gate 批次结果=[False, False, False]
[2026-10-05T19:34:49+0800] P1 启动：/usr/bin/python3 -m rl.train --phase P1 --total-steps 380000 --device cuda --ckptdir /run/media/pma213x/0C6A8CC86A8CAFCE/Ubuntu2/CodeU/Dog1/official-mini-cheetah/checkpoints/official_mini_cheetah_flat_jump_v1_r3 --ckpt-prefix official_mini_cheetah_flat_jump_v1_r3 --logdir /run/media/pma213x/0C6A8CC86A8CAFCE/Ubuntu2/CodeU/Dog1/official-mini-cheetah/runs/official_mini_cheetah_flat_jump_v1_r3/P1_parallel --bridge-port 11452 --num-envs 4 --checkpoint-interval 20000 --randomization-mode fixed --seed 20261003 --phase-step-offset 360000 --resume /run/media/pma213x/0C6A8CC86A8CAFCE/Ubuntu2/CodeU/Dog1/official-mini-cheetah/checkpoints/official_mini_cheetah_flat_jump_v1_r3/official_mini_cheetah_flat_jump_v1_r3_final.zip
[2026-10-05T19:34:55+0800] P1 四 worker 实时健康确认通过
[2026-10-05T19:35:12+0800] P1 验收命令：/usr/bin/python3 -m rl.evaluate --phase P1 --gate --checkpoint /run/media/pma213x/0C6A8CC86A8CAFCE/Ubuntu2/CodeU/Dog1/official-mini-cheetah/checkpoints/official_mini_cheetah_flat_jump_v1_r3/official_mini_cheetah_flat_jump_v1_r3_final.zip --output /run/media/pma213x/0C6A8CC86A8CAFCE/Ubuntu2/CodeU/Dog1/official-mini-cheetah/logs/official_mini_cheetah_flat_jump_v1_r3/P1_gate_attempt_0.json
[2026-10-05T19:35:38+0800] P1 验收未通过，report.passed=false
[2026-10-05T19:35:38+0800] P1 验收命令：/usr/bin/python3 -m rl.evaluate --phase P1 --gate --checkpoint /run/media/pma213x/0C6A8CC86A8CAFCE/Ubuntu2/CodeU/Dog1/official-mini-cheetah/checkpoints/official_mini_cheetah_flat_jump_v1_r3/official_mini_cheetah_flat_jump_v1_r3_final.zip --output /run/media/pma213x/0C6A8CC86A8CAFCE/Ubuntu2/CodeU/Dog1/official-mini-cheetah/logs/official_mini_cheetah_flat_jump_v1_r3/P1_gate_attempt_1.json
[2026-10-05T19:36:03+0800] P1 验收未通过，report.passed=false
[2026-10-05T19:36:03+0800] P1 验收命令：/usr/bin/python3 -m rl.evaluate --phase P1 --gate --checkpoint /run/media/pma213x/0C6A8CC86A8CAFCE/Ubuntu2/CodeU/Dog1/official-mini-cheetah/checkpoints/official_mini_cheetah_flat_jump_v1_r3/official_mini_cheetah_flat_jump_v1_r3_final.zip --output /run/media/pma213x/0C6A8CC86A8CAFCE/Ubuntu2/CodeU/Dog1/official-mini-cheetah/logs/official_mini_cheetah_flat_jump_v1_r3/P1_gate_attempt_2.json
[2026-10-05T19:36:28+0800] P1 验收未通过，report.passed=false
[2026-10-05T19:36:28+0800] P1 连续 Gate 批次结果=[False, False, False]
[2026-10-05T19:36:28+0800] P1 启动：/usr/bin/python3 -m rl.train --phase P1 --total-steps 390000 --device cuda --ckptdir /run/media/pma213x/0C6A8CC86A8CAFCE/Ubuntu2/CodeU/Dog1/official-mini-cheetah/checkpoints/official_mini_cheetah_flat_jump_v1_r3 --ckpt-prefix official_mini_cheetah_flat_jump_v1_r3 --logdir /run/media/pma213x/0C6A8CC86A8CAFCE/Ubuntu2/CodeU/Dog1/official-mini-cheetah/runs/official_mini_cheetah_flat_jump_v1_r3/P1_parallel --bridge-port 11452 --num-envs 4 --checkpoint-interval 20000 --randomization-mode fixed --seed 20261003 --phase-step-offset 370000 --resume /run/media/pma213x/0C6A8CC86A8CAFCE/Ubuntu2/CodeU/Dog1/official-mini-cheetah/checkpoints/official_mini_cheetah_flat_jump_v1_r3/official_mini_cheetah_flat_jump_v1_r3_final.zip
[2026-10-05T19:36:35+0800] P1 四 worker 实时健康确认通过
[2026-10-05T19:36:51+0800] P1 验收命令：/usr/bin/python3 -m rl.evaluate --phase P1 --gate --checkpoint /run/media/pma213x/0C6A8CC86A8CAFCE/Ubuntu2/CodeU/Dog1/official-mini-cheetah/checkpoints/official_mini_cheetah_flat_jump_v1_r3/official_mini_cheetah_flat_jump_v1_r3_final.zip --output /run/media/pma213x/0C6A8CC86A8CAFCE/Ubuntu2/CodeU/Dog1/official-mini-cheetah/logs/official_mini_cheetah_flat_jump_v1_r3/P1_gate_attempt_0.json
[2026-10-05T19:37:17+0800] P1 验收未通过，report.passed=false
[2026-10-05T19:37:17+0800] P1 验收命令：/usr/bin/python3 -m rl.evaluate --phase P1 --gate --checkpoint /run/media/pma213x/0C6A8CC86A8CAFCE/Ubuntu2/CodeU/Dog1/official-mini-cheetah/checkpoints/official_mini_cheetah_flat_jump_v1_r3/official_mini_cheetah_flat_jump_v1_r3_final.zip --output /run/media/pma213x/0C6A8CC86A8CAFCE/Ubuntu2/CodeU/Dog1/official-mini-cheetah/logs/official_mini_cheetah_flat_jump_v1_r3/P1_gate_attempt_1.json
[2026-10-05T19:37:43+0800] P1 验收未通过，report.passed=false
[2026-10-05T19:37:43+0800] P1 验收命令：/usr/bin/python3 -m rl.evaluate --phase P1 --gate --checkpoint /run/media/pma213x/0C6A8CC86A8CAFCE/Ubuntu2/CodeU/Dog1/official-mini-cheetah/checkpoints/official_mini_cheetah_flat_jump_v1_r3/official_mini_cheetah_flat_jump_v1_r3_final.zip --output /run/media/pma213x/0C6A8CC86A8CAFCE/Ubuntu2/CodeU/Dog1/official-mini-cheetah/logs/official_mini_cheetah_flat_jump_v1_r3/P1_gate_attempt_2.json
[2026-10-05T19:38:09+0800] P1 验收未通过，report.passed=false
[2026-10-05T19:38:09+0800] P1 连续 Gate 批次结果=[False, False, False]
[2026-10-05T19:38:09+0800] P1 启动：/usr/bin/python3 -m rl.train --phase P1 --total-steps 400000 --device cuda --ckptdir /run/media/pma213x/0C6A8CC86A8CAFCE/Ubuntu2/CodeU/Dog1/official-mini-cheetah/checkpoints/official_mini_cheetah_flat_jump_v1_r3 --ckpt-prefix official_mini_cheetah_flat_jump_v1_r3 --logdir /run/media/pma213x/0C6A8CC86A8CAFCE/Ubuntu2/CodeU/Dog1/official-mini-cheetah/runs/official_mini_cheetah_flat_jump_v1_r3/P1_parallel --bridge-port 11452 --num-envs 4 --checkpoint-interval 20000 --randomization-mode fixed --seed 20261003 --phase-step-offset 380000 --resume /run/media/pma213x/0C6A8CC86A8CAFCE/Ubuntu2/CodeU/Dog1/official-mini-cheetah/checkpoints/official_mini_cheetah_flat_jump_v1_r3/official_mini_cheetah_flat_jump_v1_r3_final.zip
[2026-10-05T19:38:15+0800] P1 四 worker 实时健康确认通过
[2026-10-05T19:38:32+0800] P1 验收命令：/usr/bin/python3 -m rl.evaluate --phase P1 --gate --checkpoint /run/media/pma213x/0C6A8CC86A8CAFCE/Ubuntu2/CodeU/Dog1/official-mini-cheetah/checkpoints/official_mini_cheetah_flat_jump_v1_r3/official_mini_cheetah_flat_jump_v1_r3_final.zip --output /run/media/pma213x/0C6A8CC86A8CAFCE/Ubuntu2/CodeU/Dog1/official-mini-cheetah/logs/official_mini_cheetah_flat_jump_v1_r3/P1_gate_attempt_0.json
[2026-10-05T19:38:57+0800] P1 验收未通过，report.passed=false
[2026-10-05T19:38:57+0800] P1 验收命令：/usr/bin/python3 -m rl.evaluate --phase P1 --gate --checkpoint /run/media/pma213x/0C6A8CC86A8CAFCE/Ubuntu2/CodeU/Dog1/official-mini-cheetah/checkpoints/official_mini_cheetah_flat_jump_v1_r3/official_mini_cheetah_flat_jump_v1_r3_final.zip --output /run/media/pma213x/0C6A8CC86A8CAFCE/Ubuntu2/CodeU/Dog1/official-mini-cheetah/logs/official_mini_cheetah_flat_jump_v1_r3/P1_gate_attempt_1.json
[2026-10-05T19:39:23+0800] P1 验收未通过，report.passed=false
[2026-10-05T19:39:23+0800] P1 验收命令：/usr/bin/python3 -m rl.evaluate --phase P1 --gate --checkpoint /run/media/pma213x/0C6A8CC86A8CAFCE/Ubuntu2/CodeU/Dog1/official-mini-cheetah/checkpoints/official_mini_cheetah_flat_jump_v1_r3/official_mini_cheetah_flat_jump_v1_r3_final.zip --output /run/media/pma213x/0C6A8CC86A8CAFCE/Ubuntu2/CodeU/Dog1/official-mini-cheetah/logs/official_mini_cheetah_flat_jump_v1_r3/P1_gate_attempt_2.json
[2026-10-05T19:39:48+0800] P1 验收未通过，report.passed=false
[2026-10-05T19:39:48+0800] P1 连续 Gate 批次结果=[False, False, False]
[2026-10-05T19:39:48+0800] 失败即停：P1 Gate 在预算 400000 处失败，按计划停止且不自动延长
[2026-10-05T22:44:37+0800] P1 连续 Gate 批次结果=[True, False, True]
[2026-10-05T22:53:00+0800] R3 新训练断点 steps=0 restart_p0_from_zero=True
[2026-10-05T22:53:00+0800] P0 启动：/usr/bin/python3 -m rl.train --phase P0 --total-steps 10000 --device cuda --ckptdir /run/media/pma213x/0C6A8CC86A8CAFCE/Ubuntu2/CodeU/Dog1/official-mini-cheetah/checkpoints/official_mini_cheetah_flat_jump_v1_r3 --ckpt-prefix official_mini_cheetah_flat_jump_v1_r3 --logdir /run/media/pma213x/0C6A8CC86A8CAFCE/Ubuntu2/CodeU/Dog1/official-mini-cheetah/runs/official_mini_cheetah_flat_jump_v1_r3/P0_parallel --bridge-port 11452 --num-envs 4 --checkpoint-interval 20000 --randomization-mode fixed --seed 20261003 --phase-step-offset 0
[2026-10-05T22:53:07+0800] P0 四 worker 实时健康确认通过
[2026-10-05T22:53:25+0800] P0 验收命令：/usr/bin/python3 -m rl.evaluate --phase P0 --gate --checkpoint /run/media/pma213x/0C6A8CC86A8CAFCE/Ubuntu2/CodeU/Dog1/official-mini-cheetah/checkpoints/official_mini_cheetah_flat_jump_v1_r3/official_mini_cheetah_flat_jump_v1_r3_final.zip --output /run/media/pma213x/0C6A8CC86A8CAFCE/Ubuntu2/CodeU/Dog1/official-mini-cheetah/logs/official_mini_cheetah_flat_jump_v1_r3/P0_gate_attempt_0.json
[2026-10-05T22:53:33+0800] P0 验收通过
[2026-10-05T22:53:33+0800] P0 验收命令：/usr/bin/python3 -m rl.evaluate --phase P0 --gate --checkpoint /run/media/pma213x/0C6A8CC86A8CAFCE/Ubuntu2/CodeU/Dog1/official-mini-cheetah/checkpoints/official_mini_cheetah_flat_jump_v1_r3/official_mini_cheetah_flat_jump_v1_r3_final.zip --output /run/media/pma213x/0C6A8CC86A8CAFCE/Ubuntu2/CodeU/Dog1/official-mini-cheetah/logs/official_mini_cheetah_flat_jump_v1_r3/P0_gate_attempt_1.json
[2026-10-05T22:53:41+0800] P0 验收通过
[2026-10-05T22:53:42+0800] P0 验收命令：/usr/bin/python3 -m rl.evaluate --phase P0 --gate --checkpoint /run/media/pma213x/0C6A8CC86A8CAFCE/Ubuntu2/CodeU/Dog1/official-mini-cheetah/checkpoints/official_mini_cheetah_flat_jump_v1_r3/official_mini_cheetah_flat_jump_v1_r3_final.zip --output /run/media/pma213x/0C6A8CC86A8CAFCE/Ubuntu2/CodeU/Dog1/official-mini-cheetah/logs/official_mini_cheetah_flat_jump_v1_r3/P0_gate_attempt_2.json
[2026-10-05T22:53:50+0800] P0 验收通过
[2026-10-05T22:53:50+0800] P0 gate 后健康确认通过
[2026-10-05T22:53:50+0800] P1 启动：/usr/bin/python3 -m rl.train --phase P1 --total-steps 20000 --device cuda --ckptdir /run/media/pma213x/0C6A8CC86A8CAFCE/Ubuntu2/CodeU/Dog1/official-mini-cheetah/checkpoints/official_mini_cheetah_flat_jump_v1_r3 --ckpt-prefix official_mini_cheetah_flat_jump_v1_r3 --logdir /run/media/pma213x/0C6A8CC86A8CAFCE/Ubuntu2/CodeU/Dog1/official-mini-cheetah/runs/official_mini_cheetah_flat_jump_v1_r3/P1_parallel --bridge-port 11452 --num-envs 4 --checkpoint-interval 20000 --randomization-mode fixed --seed 20261003 --phase-step-offset 0 --resume /run/media/pma213x/0C6A8CC86A8CAFCE/Ubuntu2/CodeU/Dog1/official-mini-cheetah/checkpoints/official_mini_cheetah_flat_jump_v1_r3/official_mini_cheetah_flat_jump_v1_r3_final.zip
[2026-10-05T22:53:56+0800] P1 四 worker 实时健康确认通过
[2026-10-05T22:54:19+0800] P1 启动：/usr/bin/python3 -m rl.train --phase P1 --total-steps 30000 --device cuda --ckptdir /run/media/pma213x/0C6A8CC86A8CAFCE/Ubuntu2/CodeU/Dog1/official-mini-cheetah/checkpoints/official_mini_cheetah_flat_jump_v1_r3 --ckpt-prefix official_mini_cheetah_flat_jump_v1_r3 --logdir /run/media/pma213x/0C6A8CC86A8CAFCE/Ubuntu2/CodeU/Dog1/official-mini-cheetah/runs/official_mini_cheetah_flat_jump_v1_r3/P1_parallel --bridge-port 11452 --num-envs 4 --checkpoint-interval 20000 --randomization-mode fixed --seed 20261003 --phase-step-offset 10000 --resume /run/media/pma213x/0C6A8CC86A8CAFCE/Ubuntu2/CodeU/Dog1/official-mini-cheetah/checkpoints/official_mini_cheetah_flat_jump_v1_r3/official_mini_cheetah_flat_jump_v1_r3_final.zip
[2026-10-05T22:54:25+0800] P1 四 worker 实时健康确认通过
[2026-10-05T22:54:48+0800] P1 启动：/usr/bin/python3 -m rl.train --phase P1 --total-steps 40000 --device cuda --ckptdir /run/media/pma213x/0C6A8CC86A8CAFCE/Ubuntu2/CodeU/Dog1/official-mini-cheetah/checkpoints/official_mini_cheetah_flat_jump_v1_r3 --ckpt-prefix official_mini_cheetah_flat_jump_v1_r3 --logdir /run/media/pma213x/0C6A8CC86A8CAFCE/Ubuntu2/CodeU/Dog1/official-mini-cheetah/runs/official_mini_cheetah_flat_jump_v1_r3/P1_parallel --bridge-port 11452 --num-envs 4 --checkpoint-interval 20000 --randomization-mode fixed --seed 20261003 --phase-step-offset 20000 --resume /run/media/pma213x/0C6A8CC86A8CAFCE/Ubuntu2/CodeU/Dog1/official-mini-cheetah/checkpoints/official_mini_cheetah_flat_jump_v1_r3/official_mini_cheetah_flat_jump_v1_r3_final.zip
[2026-10-05T22:54:54+0800] P1 四 worker 实时健康确认通过
[2026-10-05T22:55:17+0800] P1 启动：/usr/bin/python3 -m rl.train --phase P1 --total-steps 50000 --device cuda --ckptdir /run/media/pma213x/0C6A8CC86A8CAFCE/Ubuntu2/CodeU/Dog1/official-mini-cheetah/checkpoints/official_mini_cheetah_flat_jump_v1_r3 --ckpt-prefix official_mini_cheetah_flat_jump_v1_r3 --logdir /run/media/pma213x/0C6A8CC86A8CAFCE/Ubuntu2/CodeU/Dog1/official-mini-cheetah/runs/official_mini_cheetah_flat_jump_v1_r3/P1_parallel --bridge-port 11452 --num-envs 4 --checkpoint-interval 20000 --randomization-mode fixed --seed 20261003 --phase-step-offset 30000 --resume /run/media/pma213x/0C6A8CC86A8CAFCE/Ubuntu2/CodeU/Dog1/official-mini-cheetah/checkpoints/official_mini_cheetah_flat_jump_v1_r3/official_mini_cheetah_flat_jump_v1_r3_final.zip
[2026-10-05T22:55:23+0800] P1 四 worker 实时健康确认通过
[2026-10-05T22:55:45+0800] P1 启动：/usr/bin/python3 -m rl.train --phase P1 --total-steps 60000 --device cuda --ckptdir /run/media/pma213x/0C6A8CC86A8CAFCE/Ubuntu2/CodeU/Dog1/official-mini-cheetah/checkpoints/official_mini_cheetah_flat_jump_v1_r3 --ckpt-prefix official_mini_cheetah_flat_jump_v1_r3 --logdir /run/media/pma213x/0C6A8CC86A8CAFCE/Ubuntu2/CodeU/Dog1/official-mini-cheetah/runs/official_mini_cheetah_flat_jump_v1_r3/P1_parallel --bridge-port 11452 --num-envs 4 --checkpoint-interval 20000 --randomization-mode fixed --seed 20261003 --phase-step-offset 40000 --resume /run/media/pma213x/0C6A8CC86A8CAFCE/Ubuntu2/CodeU/Dog1/official-mini-cheetah/checkpoints/official_mini_cheetah_flat_jump_v1_r3/official_mini_cheetah_flat_jump_v1_r3_final.zip
[2026-10-05T22:55:51+0800] P1 四 worker 实时健康确认通过
[2026-10-05T22:56:13+0800] P1 启动：/usr/bin/python3 -m rl.train --phase P1 --total-steps 70000 --device cuda --ckptdir /run/media/pma213x/0C6A8CC86A8CAFCE/Ubuntu2/CodeU/Dog1/official-mini-cheetah/checkpoints/official_mini_cheetah_flat_jump_v1_r3 --ckpt-prefix official_mini_cheetah_flat_jump_v1_r3 --logdir /run/media/pma213x/0C6A8CC86A8CAFCE/Ubuntu2/CodeU/Dog1/official-mini-cheetah/runs/official_mini_cheetah_flat_jump_v1_r3/P1_parallel --bridge-port 11452 --num-envs 4 --checkpoint-interval 20000 --randomization-mode fixed --seed 20261003 --phase-step-offset 50000 --resume /run/media/pma213x/0C6A8CC86A8CAFCE/Ubuntu2/CodeU/Dog1/official-mini-cheetah/checkpoints/official_mini_cheetah_flat_jump_v1_r3/official_mini_cheetah_flat_jump_v1_r3_final.zip
[2026-10-05T22:56:20+0800] P1 四 worker 实时健康确认通过
[2026-10-05T22:56:42+0800] P1 启动：/usr/bin/python3 -m rl.train --phase P1 --total-steps 80000 --device cuda --ckptdir /run/media/pma213x/0C6A8CC86A8CAFCE/Ubuntu2/CodeU/Dog1/official-mini-cheetah/checkpoints/official_mini_cheetah_flat_jump_v1_r3 --ckpt-prefix official_mini_cheetah_flat_jump_v1_r3 --logdir /run/media/pma213x/0C6A8CC86A8CAFCE/Ubuntu2/CodeU/Dog1/official-mini-cheetah/runs/official_mini_cheetah_flat_jump_v1_r3/P1_parallel --bridge-port 11452 --num-envs 4 --checkpoint-interval 20000 --randomization-mode fixed --seed 20261003 --phase-step-offset 60000 --resume /run/media/pma213x/0C6A8CC86A8CAFCE/Ubuntu2/CodeU/Dog1/official-mini-cheetah/checkpoints/official_mini_cheetah_flat_jump_v1_r3/official_mini_cheetah_flat_jump_v1_r3_final.zip
[2026-10-05T22:56:48+0800] P1 四 worker 实时健康确认通过
[2026-10-05T22:57:10+0800] P1 启动：/usr/bin/python3 -m rl.train --phase P1 --total-steps 90000 --device cuda --ckptdir /run/media/pma213x/0C6A8CC86A8CAFCE/Ubuntu2/CodeU/Dog1/official-mini-cheetah/checkpoints/official_mini_cheetah_flat_jump_v1_r3 --ckpt-prefix official_mini_cheetah_flat_jump_v1_r3 --logdir /run/media/pma213x/0C6A8CC86A8CAFCE/Ubuntu2/CodeU/Dog1/official-mini-cheetah/runs/official_mini_cheetah_flat_jump_v1_r3/P1_parallel --bridge-port 11452 --num-envs 4 --checkpoint-interval 20000 --randomization-mode fixed --seed 20261003 --phase-step-offset 70000 --resume /run/media/pma213x/0C6A8CC86A8CAFCE/Ubuntu2/CodeU/Dog1/official-mini-cheetah/checkpoints/official_mini_cheetah_flat_jump_v1_r3/official_mini_cheetah_flat_jump_v1_r3_final.zip
[2026-10-05T22:57:17+0800] P1 四 worker 实时健康确认通过
[2026-10-05T22:57:39+0800] P1 启动：/usr/bin/python3 -m rl.train --phase P1 --total-steps 100000 --device cuda --ckptdir /run/media/pma213x/0C6A8CC86A8CAFCE/Ubuntu2/CodeU/Dog1/official-mini-cheetah/checkpoints/official_mini_cheetah_flat_jump_v1_r3 --ckpt-prefix official_mini_cheetah_flat_jump_v1_r3 --logdir /run/media/pma213x/0C6A8CC86A8CAFCE/Ubuntu2/CodeU/Dog1/official-mini-cheetah/runs/official_mini_cheetah_flat_jump_v1_r3/P1_parallel --bridge-port 11452 --num-envs 4 --checkpoint-interval 20000 --randomization-mode fixed --seed 20261003 --phase-step-offset 80000 --resume /run/media/pma213x/0C6A8CC86A8CAFCE/Ubuntu2/CodeU/Dog1/official-mini-cheetah/checkpoints/official_mini_cheetah_flat_jump_v1_r3/official_mini_cheetah_flat_jump_v1_r3_final.zip
[2026-10-05T22:57:46+0800] P1 四 worker 实时健康确认通过
[2026-10-05T22:58:07+0800] P1 启动：/usr/bin/python3 -m rl.train --phase P1 --total-steps 110000 --device cuda --ckptdir /run/media/pma213x/0C6A8CC86A8CAFCE/Ubuntu2/CodeU/Dog1/official-mini-cheetah/checkpoints/official_mini_cheetah_flat_jump_v1_r3 --ckpt-prefix official_mini_cheetah_flat_jump_v1_r3 --logdir /run/media/pma213x/0C6A8CC86A8CAFCE/Ubuntu2/CodeU/Dog1/official-mini-cheetah/runs/official_mini_cheetah_flat_jump_v1_r3/P1_parallel --bridge-port 11452 --num-envs 4 --checkpoint-interval 20000 --randomization-mode fixed --seed 20261003 --phase-step-offset 90000 --resume /run/media/pma213x/0C6A8CC86A8CAFCE/Ubuntu2/CodeU/Dog1/official-mini-cheetah/checkpoints/official_mini_cheetah_flat_jump_v1_r3/official_mini_cheetah_flat_jump_v1_r3_final.zip
[2026-10-05T22:58:14+0800] P1 四 worker 实时健康确认通过
[2026-10-05T22:58:30+0800] P1 启动：/usr/bin/python3 -m rl.train --phase P1 --total-steps 120000 --device cuda --ckptdir /run/media/pma213x/0C6A8CC86A8CAFCE/Ubuntu2/CodeU/Dog1/official-mini-cheetah/checkpoints/official_mini_cheetah_flat_jump_v1_r3 --ckpt-prefix official_mini_cheetah_flat_jump_v1_r3 --logdir /run/media/pma213x/0C6A8CC86A8CAFCE/Ubuntu2/CodeU/Dog1/official-mini-cheetah/runs/official_mini_cheetah_flat_jump_v1_r3/P1_parallel --bridge-port 11452 --num-envs 4 --checkpoint-interval 20000 --randomization-mode fixed --seed 20261003 --phase-step-offset 100000 --resume /run/media/pma213x/0C6A8CC86A8CAFCE/Ubuntu2/CodeU/Dog1/official-mini-cheetah/checkpoints/official_mini_cheetah_flat_jump_v1_r3/official_mini_cheetah_flat_jump_v1_r3_final.zip
[2026-10-05T22:58:36+0800] P1 四 worker 实时健康确认通过
[2026-10-05T22:58:53+0800] P1 启动：/usr/bin/python3 -m rl.train --phase P1 --total-steps 130000 --device cuda --ckptdir /run/media/pma213x/0C6A8CC86A8CAFCE/Ubuntu2/CodeU/Dog1/official-mini-cheetah/checkpoints/official_mini_cheetah_flat_jump_v1_r3 --ckpt-prefix official_mini_cheetah_flat_jump_v1_r3 --logdir /run/media/pma213x/0C6A8CC86A8CAFCE/Ubuntu2/CodeU/Dog1/official-mini-cheetah/runs/official_mini_cheetah_flat_jump_v1_r3/P1_parallel --bridge-port 11452 --num-envs 4 --checkpoint-interval 20000 --randomization-mode fixed --seed 20261003 --phase-step-offset 110000 --resume /run/media/pma213x/0C6A8CC86A8CAFCE/Ubuntu2/CodeU/Dog1/official-mini-cheetah/checkpoints/official_mini_cheetah_flat_jump_v1_r3/official_mini_cheetah_flat_jump_v1_r3_final.zip
[2026-10-05T22:58:59+0800] P1 四 worker 实时健康确认通过
[2026-10-05T22:59:15+0800] P1 启动：/usr/bin/python3 -m rl.train --phase P1 --total-steps 140000 --device cuda --ckptdir /run/media/pma213x/0C6A8CC86A8CAFCE/Ubuntu2/CodeU/Dog1/official-mini-cheetah/checkpoints/official_mini_cheetah_flat_jump_v1_r3 --ckpt-prefix official_mini_cheetah_flat_jump_v1_r3 --logdir /run/media/pma213x/0C6A8CC86A8CAFCE/Ubuntu2/CodeU/Dog1/official-mini-cheetah/runs/official_mini_cheetah_flat_jump_v1_r3/P1_parallel --bridge-port 11452 --num-envs 4 --checkpoint-interval 20000 --randomization-mode fixed --seed 20261003 --phase-step-offset 120000 --resume /run/media/pma213x/0C6A8CC86A8CAFCE/Ubuntu2/CodeU/Dog1/official-mini-cheetah/checkpoints/official_mini_cheetah_flat_jump_v1_r3/official_mini_cheetah_flat_jump_v1_r3_final.zip
[2026-10-05T22:59:22+0800] P1 四 worker 实时健康确认通过
[2026-10-05T22:59:38+0800] P1 启动：/usr/bin/python3 -m rl.train --phase P1 --total-steps 150000 --device cuda --ckptdir /run/media/pma213x/0C6A8CC86A8CAFCE/Ubuntu2/CodeU/Dog1/official-mini-cheetah/checkpoints/official_mini_cheetah_flat_jump_v1_r3 --ckpt-prefix official_mini_cheetah_flat_jump_v1_r3 --logdir /run/media/pma213x/0C6A8CC86A8CAFCE/Ubuntu2/CodeU/Dog1/official-mini-cheetah/runs/official_mini_cheetah_flat_jump_v1_r3/P1_parallel --bridge-port 11452 --num-envs 4 --checkpoint-interval 20000 --randomization-mode fixed --seed 20261003 --phase-step-offset 130000 --resume /run/media/pma213x/0C6A8CC86A8CAFCE/Ubuntu2/CodeU/Dog1/official-mini-cheetah/checkpoints/official_mini_cheetah_flat_jump_v1_r3/official_mini_cheetah_flat_jump_v1_r3_final.zip
[2026-10-05T22:59:44+0800] P1 四 worker 实时健康确认通过
[2026-10-05T23:00:01+0800] P1 启动：/usr/bin/python3 -m rl.train --phase P1 --total-steps 160000 --device cuda --ckptdir /run/media/pma213x/0C6A8CC86A8CAFCE/Ubuntu2/CodeU/Dog1/official-mini-cheetah/checkpoints/official_mini_cheetah_flat_jump_v1_r3 --ckpt-prefix official_mini_cheetah_flat_jump_v1_r3 --logdir /run/media/pma213x/0C6A8CC86A8CAFCE/Ubuntu2/CodeU/Dog1/official-mini-cheetah/runs/official_mini_cheetah_flat_jump_v1_r3/P1_parallel --bridge-port 11452 --num-envs 4 --checkpoint-interval 20000 --randomization-mode fixed --seed 20261003 --phase-step-offset 140000 --resume /run/media/pma213x/0C6A8CC86A8CAFCE/Ubuntu2/CodeU/Dog1/official-mini-cheetah/checkpoints/official_mini_cheetah_flat_jump_v1_r3/official_mini_cheetah_flat_jump_v1_r3_final.zip
[2026-10-05T23:00:07+0800] P1 四 worker 实时健康确认通过
[2026-10-05T23:00:23+0800] P1 启动：/usr/bin/python3 -m rl.train --phase P1 --total-steps 170000 --device cuda --ckptdir /run/media/pma213x/0C6A8CC86A8CAFCE/Ubuntu2/CodeU/Dog1/official-mini-cheetah/checkpoints/official_mini_cheetah_flat_jump_v1_r3 --ckpt-prefix official_mini_cheetah_flat_jump_v1_r3 --logdir /run/media/pma213x/0C6A8CC86A8CAFCE/Ubuntu2/CodeU/Dog1/official-mini-cheetah/runs/official_mini_cheetah_flat_jump_v1_r3/P1_parallel --bridge-port 11452 --num-envs 4 --checkpoint-interval 20000 --randomization-mode fixed --seed 20261003 --phase-step-offset 150000 --resume /run/media/pma213x/0C6A8CC86A8CAFCE/Ubuntu2/CodeU/Dog1/official-mini-cheetah/checkpoints/official_mini_cheetah_flat_jump_v1_r3/official_mini_cheetah_flat_jump_v1_r3_final.zip
[2026-10-05T23:00:30+0800] P1 四 worker 实时健康确认通过
[2026-10-05T23:00:46+0800] P1 启动：/usr/bin/python3 -m rl.train --phase P1 --total-steps 180000 --device cuda --ckptdir /run/media/pma213x/0C6A8CC86A8CAFCE/Ubuntu2/CodeU/Dog1/official-mini-cheetah/checkpoints/official_mini_cheetah_flat_jump_v1_r3 --ckpt-prefix official_mini_cheetah_flat_jump_v1_r3 --logdir /run/media/pma213x/0C6A8CC86A8CAFCE/Ubuntu2/CodeU/Dog1/official-mini-cheetah/runs/official_mini_cheetah_flat_jump_v1_r3/P1_parallel --bridge-port 11452 --num-envs 4 --checkpoint-interval 20000 --randomization-mode fixed --seed 20261003 --phase-step-offset 160000 --resume /run/media/pma213x/0C6A8CC86A8CAFCE/Ubuntu2/CodeU/Dog1/official-mini-cheetah/checkpoints/official_mini_cheetah_flat_jump_v1_r3/official_mini_cheetah_flat_jump_v1_r3_final.zip
[2026-10-05T23:00:52+0800] P1 四 worker 实时健康确认通过
[2026-10-05T23:01:09+0800] P1 启动：/usr/bin/python3 -m rl.train --phase P1 --total-steps 190000 --device cuda --ckptdir /run/media/pma213x/0C6A8CC86A8CAFCE/Ubuntu2/CodeU/Dog1/official-mini-cheetah/checkpoints/official_mini_cheetah_flat_jump_v1_r3 --ckpt-prefix official_mini_cheetah_flat_jump_v1_r3 --logdir /run/media/pma213x/0C6A8CC86A8CAFCE/Ubuntu2/CodeU/Dog1/official-mini-cheetah/runs/official_mini_cheetah_flat_jump_v1_r3/P1_parallel --bridge-port 11452 --num-envs 4 --checkpoint-interval 20000 --randomization-mode fixed --seed 20261003 --phase-step-offset 170000 --resume /run/media/pma213x/0C6A8CC86A8CAFCE/Ubuntu2/CodeU/Dog1/official-mini-cheetah/checkpoints/official_mini_cheetah_flat_jump_v1_r3/official_mini_cheetah_flat_jump_v1_r3_final.zip
[2026-10-05T23:01:15+0800] P1 四 worker 实时健康确认通过
[2026-10-05T23:01:33+0800] P1 启动：/usr/bin/python3 -m rl.train --phase P1 --total-steps 200000 --device cuda --ckptdir /run/media/pma213x/0C6A8CC86A8CAFCE/Ubuntu2/CodeU/Dog1/official-mini-cheetah/checkpoints/official_mini_cheetah_flat_jump_v1_r3 --ckpt-prefix official_mini_cheetah_flat_jump_v1_r3 --logdir /run/media/pma213x/0C6A8CC86A8CAFCE/Ubuntu2/CodeU/Dog1/official-mini-cheetah/runs/official_mini_cheetah_flat_jump_v1_r3/P1_parallel --bridge-port 11452 --num-envs 4 --checkpoint-interval 20000 --randomization-mode fixed --seed 20261003 --phase-step-offset 180000 --resume /run/media/pma213x/0C6A8CC86A8CAFCE/Ubuntu2/CodeU/Dog1/official-mini-cheetah/checkpoints/official_mini_cheetah_flat_jump_v1_r3/official_mini_cheetah_flat_jump_v1_r3_final.zip
[2026-10-05T23:01:39+0800] P1 四 worker 实时健康确认通过
[2026-10-05T23:01:56+0800] P1 启动：/usr/bin/python3 -m rl.train --phase P1 --total-steps 210000 --device cuda --ckptdir /run/media/pma213x/0C6A8CC86A8CAFCE/Ubuntu2/CodeU/Dog1/official-mini-cheetah/checkpoints/official_mini_cheetah_flat_jump_v1_r3 --ckpt-prefix official_mini_cheetah_flat_jump_v1_r3 --logdir /run/media/pma213x/0C6A8CC86A8CAFCE/Ubuntu2/CodeU/Dog1/official-mini-cheetah/runs/official_mini_cheetah_flat_jump_v1_r3/P1_parallel --bridge-port 11452 --num-envs 4 --checkpoint-interval 20000 --randomization-mode fixed --seed 20261003 --phase-step-offset 190000 --resume /run/media/pma213x/0C6A8CC86A8CAFCE/Ubuntu2/CodeU/Dog1/official-mini-cheetah/checkpoints/official_mini_cheetah_flat_jump_v1_r3/official_mini_cheetah_flat_jump_v1_r3_final.zip
[2026-10-05T23:02:02+0800] P1 四 worker 实时健康确认通过
[2026-10-05T23:02:19+0800] P1 启动：/usr/bin/python3 -m rl.train --phase P1 --total-steps 220000 --device cuda --ckptdir /run/media/pma213x/0C6A8CC86A8CAFCE/Ubuntu2/CodeU/Dog1/official-mini-cheetah/checkpoints/official_mini_cheetah_flat_jump_v1_r3 --ckpt-prefix official_mini_cheetah_flat_jump_v1_r3 --logdir /run/media/pma213x/0C6A8CC86A8CAFCE/Ubuntu2/CodeU/Dog1/official-mini-cheetah/runs/official_mini_cheetah_flat_jump_v1_r3/P1_parallel --bridge-port 11452 --num-envs 4 --checkpoint-interval 20000 --randomization-mode fixed --seed 20261003 --phase-step-offset 200000 --resume /run/media/pma213x/0C6A8CC86A8CAFCE/Ubuntu2/CodeU/Dog1/official-mini-cheetah/checkpoints/official_mini_cheetah_flat_jump_v1_r3/official_mini_cheetah_flat_jump_v1_r3_final.zip
[2026-10-05T23:02:25+0800] P1 四 worker 实时健康确认通过
[2026-10-05T23:02:41+0800] P1 启动：/usr/bin/python3 -m rl.train --phase P1 --total-steps 230000 --device cuda --ckptdir /run/media/pma213x/0C6A8CC86A8CAFCE/Ubuntu2/CodeU/Dog1/official-mini-cheetah/checkpoints/official_mini_cheetah_flat_jump_v1_r3 --ckpt-prefix official_mini_cheetah_flat_jump_v1_r3 --logdir /run/media/pma213x/0C6A8CC86A8CAFCE/Ubuntu2/CodeU/Dog1/official-mini-cheetah/runs/official_mini_cheetah_flat_jump_v1_r3/P1_parallel --bridge-port 11452 --num-envs 4 --checkpoint-interval 20000 --randomization-mode fixed --seed 20261003 --phase-step-offset 210000 --resume /run/media/pma213x/0C6A8CC86A8CAFCE/Ubuntu2/CodeU/Dog1/official-mini-cheetah/checkpoints/official_mini_cheetah_flat_jump_v1_r3/official_mini_cheetah_flat_jump_v1_r3_final.zip
[2026-10-05T23:02:48+0800] P1 四 worker 实时健康确认通过
[2026-10-05T23:03:04+0800] P1 启动：/usr/bin/python3 -m rl.train --phase P1 --total-steps 240000 --device cuda --ckptdir /run/media/pma213x/0C6A8CC86A8CAFCE/Ubuntu2/CodeU/Dog1/official-mini-cheetah/checkpoints/official_mini_cheetah_flat_jump_v1_r3 --ckpt-prefix official_mini_cheetah_flat_jump_v1_r3 --logdir /run/media/pma213x/0C6A8CC86A8CAFCE/Ubuntu2/CodeU/Dog1/official-mini-cheetah/runs/official_mini_cheetah_flat_jump_v1_r3/P1_parallel --bridge-port 11452 --num-envs 4 --checkpoint-interval 20000 --randomization-mode fixed --seed 20261003 --phase-step-offset 220000 --resume /run/media/pma213x/0C6A8CC86A8CAFCE/Ubuntu2/CodeU/Dog1/official-mini-cheetah/checkpoints/official_mini_cheetah_flat_jump_v1_r3/official_mini_cheetah_flat_jump_v1_r3_final.zip
[2026-10-05T23:03:11+0800] P1 四 worker 实时健康确认通过
[2026-10-05T23:03:27+0800] P1 启动：/usr/bin/python3 -m rl.train --phase P1 --total-steps 250000 --device cuda --ckptdir /run/media/pma213x/0C6A8CC86A8CAFCE/Ubuntu2/CodeU/Dog1/official-mini-cheetah/checkpoints/official_mini_cheetah_flat_jump_v1_r3 --ckpt-prefix official_mini_cheetah_flat_jump_v1_r3 --logdir /run/media/pma213x/0C6A8CC86A8CAFCE/Ubuntu2/CodeU/Dog1/official-mini-cheetah/runs/official_mini_cheetah_flat_jump_v1_r3/P1_parallel --bridge-port 11452 --num-envs 4 --checkpoint-interval 20000 --randomization-mode fixed --seed 20261003 --phase-step-offset 230000 --resume /run/media/pma213x/0C6A8CC86A8CAFCE/Ubuntu2/CodeU/Dog1/official-mini-cheetah/checkpoints/official_mini_cheetah_flat_jump_v1_r3/official_mini_cheetah_flat_jump_v1_r3_final.zip
[2026-10-05T23:03:34+0800] P1 四 worker 实时健康确认通过
[2026-10-05T23:03:50+0800] P1 启动：/usr/bin/python3 -m rl.train --phase P1 --total-steps 260000 --device cuda --ckptdir /run/media/pma213x/0C6A8CC86A8CAFCE/Ubuntu2/CodeU/Dog1/official-mini-cheetah/checkpoints/official_mini_cheetah_flat_jump_v1_r3 --ckpt-prefix official_mini_cheetah_flat_jump_v1_r3 --logdir /run/media/pma213x/0C6A8CC86A8CAFCE/Ubuntu2/CodeU/Dog1/official-mini-cheetah/runs/official_mini_cheetah_flat_jump_v1_r3/P1_parallel --bridge-port 11452 --num-envs 4 --checkpoint-interval 20000 --randomization-mode fixed --seed 20261003 --phase-step-offset 240000 --resume /run/media/pma213x/0C6A8CC86A8CAFCE/Ubuntu2/CodeU/Dog1/official-mini-cheetah/checkpoints/official_mini_cheetah_flat_jump_v1_r3/official_mini_cheetah_flat_jump_v1_r3_final.zip
[2026-10-05T23:03:57+0800] P1 四 worker 实时健康确认通过
[2026-10-05T23:04:13+0800] P1 启动：/usr/bin/python3 -m rl.train --phase P1 --total-steps 270000 --device cuda --ckptdir /run/media/pma213x/0C6A8CC86A8CAFCE/Ubuntu2/CodeU/Dog1/official-mini-cheetah/checkpoints/official_mini_cheetah_flat_jump_v1_r3 --ckpt-prefix official_mini_cheetah_flat_jump_v1_r3 --logdir /run/media/pma213x/0C6A8CC86A8CAFCE/Ubuntu2/CodeU/Dog1/official-mini-cheetah/runs/official_mini_cheetah_flat_jump_v1_r3/P1_parallel --bridge-port 11452 --num-envs 4 --checkpoint-interval 20000 --randomization-mode fixed --seed 20261003 --phase-step-offset 250000 --resume /run/media/pma213x/0C6A8CC86A8CAFCE/Ubuntu2/CodeU/Dog1/official-mini-cheetah/checkpoints/official_mini_cheetah_flat_jump_v1_r3/official_mini_cheetah_flat_jump_v1_r3_final.zip
[2026-10-05T23:04:20+0800] P1 四 worker 实时健康确认通过
[2026-10-05T23:04:37+0800] P1 启动：/usr/bin/python3 -m rl.train --phase P1 --total-steps 280000 --device cuda --ckptdir /run/media/pma213x/0C6A8CC86A8CAFCE/Ubuntu2/CodeU/Dog1/official-mini-cheetah/checkpoints/official_mini_cheetah_flat_jump_v1_r3 --ckpt-prefix official_mini_cheetah_flat_jump_v1_r3 --logdir /run/media/pma213x/0C6A8CC86A8CAFCE/Ubuntu2/CodeU/Dog1/official-mini-cheetah/runs/official_mini_cheetah_flat_jump_v1_r3/P1_parallel --bridge-port 11452 --num-envs 4 --checkpoint-interval 20000 --randomization-mode fixed --seed 20261003 --phase-step-offset 260000 --resume /run/media/pma213x/0C6A8CC86A8CAFCE/Ubuntu2/CodeU/Dog1/official-mini-cheetah/checkpoints/official_mini_cheetah_flat_jump_v1_r3/official_mini_cheetah_flat_jump_v1_r3_final.zip
[2026-10-05T23:04:43+0800] P1 四 worker 实时健康确认通过
[2026-10-05T23:05:00+0800] P1 启动：/usr/bin/python3 -m rl.train --phase P1 --total-steps 290000 --device cuda --ckptdir /run/media/pma213x/0C6A8CC86A8CAFCE/Ubuntu2/CodeU/Dog1/official-mini-cheetah/checkpoints/official_mini_cheetah_flat_jump_v1_r3 --ckpt-prefix official_mini_cheetah_flat_jump_v1_r3 --logdir /run/media/pma213x/0C6A8CC86A8CAFCE/Ubuntu2/CodeU/Dog1/official-mini-cheetah/runs/official_mini_cheetah_flat_jump_v1_r3/P1_parallel --bridge-port 11452 --num-envs 4 --checkpoint-interval 20000 --randomization-mode fixed --seed 20261003 --phase-step-offset 270000 --resume /run/media/pma213x/0C6A8CC86A8CAFCE/Ubuntu2/CodeU/Dog1/official-mini-cheetah/checkpoints/official_mini_cheetah_flat_jump_v1_r3/official_mini_cheetah_flat_jump_v1_r3_final.zip
[2026-10-05T23:05:06+0800] P1 四 worker 实时健康确认通过
[2026-10-05T23:05:22+0800] P1 启动：/usr/bin/python3 -m rl.train --phase P1 --total-steps 300000 --device cuda --ckptdir /run/media/pma213x/0C6A8CC86A8CAFCE/Ubuntu2/CodeU/Dog1/official-mini-cheetah/checkpoints/official_mini_cheetah_flat_jump_v1_r3 --ckpt-prefix official_mini_cheetah_flat_jump_v1_r3 --logdir /run/media/pma213x/0C6A8CC86A8CAFCE/Ubuntu2/CodeU/Dog1/official-mini-cheetah/runs/official_mini_cheetah_flat_jump_v1_r3/P1_parallel --bridge-port 11452 --num-envs 4 --checkpoint-interval 20000 --randomization-mode fixed --seed 20261003 --phase-step-offset 280000 --resume /run/media/pma213x/0C6A8CC86A8CAFCE/Ubuntu2/CodeU/Dog1/official-mini-cheetah/checkpoints/official_mini_cheetah_flat_jump_v1_r3/official_mini_cheetah_flat_jump_v1_r3_final.zip
[2026-10-05T23:05:29+0800] P1 四 worker 实时健康确认通过
[2026-10-05T23:05:45+0800] P1 启动：/usr/bin/python3 -m rl.train --phase P1 --total-steps 310000 --device cuda --ckptdir /run/media/pma213x/0C6A8CC86A8CAFCE/Ubuntu2/CodeU/Dog1/official-mini-cheetah/checkpoints/official_mini_cheetah_flat_jump_v1_r3 --ckpt-prefix official_mini_cheetah_flat_jump_v1_r3 --logdir /run/media/pma213x/0C6A8CC86A8CAFCE/Ubuntu2/CodeU/Dog1/official-mini-cheetah/runs/official_mini_cheetah_flat_jump_v1_r3/P1_parallel --bridge-port 11452 --num-envs 4 --checkpoint-interval 20000 --randomization-mode fixed --seed 20261003 --phase-step-offset 290000 --resume /run/media/pma213x/0C6A8CC86A8CAFCE/Ubuntu2/CodeU/Dog1/official-mini-cheetah/checkpoints/official_mini_cheetah_flat_jump_v1_r3/official_mini_cheetah_flat_jump_v1_r3_final.zip
[2026-10-05T23:05:52+0800] P1 四 worker 实时健康确认通过
[2026-10-05T23:06:08+0800] P1 验收命令：/usr/bin/python3 -m rl.evaluate --phase P1 --gate --checkpoint /run/media/pma213x/0C6A8CC86A8CAFCE/Ubuntu2/CodeU/Dog1/official-mini-cheetah/checkpoints/official_mini_cheetah_flat_jump_v1_r3/official_mini_cheetah_flat_jump_v1_r3_final.zip --output /run/media/pma213x/0C6A8CC86A8CAFCE/Ubuntu2/CodeU/Dog1/official-mini-cheetah/logs/official_mini_cheetah_flat_jump_v1_r3/P1_gate_attempt_0.json
[2026-10-05T23:06:33+0800] P1 验收通过
[2026-10-05T23:06:33+0800] P1 验收命令：/usr/bin/python3 -m rl.evaluate --phase P1 --gate --checkpoint /run/media/pma213x/0C6A8CC86A8CAFCE/Ubuntu2/CodeU/Dog1/official-mini-cheetah/checkpoints/official_mini_cheetah_flat_jump_v1_r3/official_mini_cheetah_flat_jump_v1_r3_final.zip --output /run/media/pma213x/0C6A8CC86A8CAFCE/Ubuntu2/CodeU/Dog1/official-mini-cheetah/logs/official_mini_cheetah_flat_jump_v1_r3/P1_gate_attempt_1.json
[2026-10-05T23:06:58+0800] P1 验收通过
[2026-10-05T23:06:58+0800] P1 验收命令：/usr/bin/python3 -m rl.evaluate --phase P1 --gate --checkpoint /run/media/pma213x/0C6A8CC86A8CAFCE/Ubuntu2/CodeU/Dog1/official-mini-cheetah/checkpoints/official_mini_cheetah_flat_jump_v1_r3/official_mini_cheetah_flat_jump_v1_r3_final.zip --output /run/media/pma213x/0C6A8CC86A8CAFCE/Ubuntu2/CodeU/Dog1/official-mini-cheetah/logs/official_mini_cheetah_flat_jump_v1_r3/P1_gate_attempt_2.json
[2026-10-05T23:07:22+0800] P1 验收通过
[2026-10-05T23:07:22+0800] P1 gate 后健康确认通过
[2026-10-05T23:07:22+0800] P2 启动：/usr/bin/python3 -m rl.train --phase P2 --total-steps 320000 --device cuda --ckptdir /run/media/pma213x/0C6A8CC86A8CAFCE/Ubuntu2/CodeU/Dog1/official-mini-cheetah/checkpoints/official_mini_cheetah_flat_jump_v1_r3 --ckpt-prefix official_mini_cheetah_flat_jump_v1_r3 --logdir /run/media/pma213x/0C6A8CC86A8CAFCE/Ubuntu2/CodeU/Dog1/official-mini-cheetah/runs/official_mini_cheetah_flat_jump_v1_r3/P2_parallel --bridge-port 11452 --num-envs 4 --checkpoint-interval 20000 --randomization-mode fixed --seed 20261003 --phase-step-offset 0 --resume /run/media/pma213x/0C6A8CC86A8CAFCE/Ubuntu2/CodeU/Dog1/official-mini-cheetah/checkpoints/official_mini_cheetah_flat_jump_v1_r3/official_mini_cheetah_flat_jump_v1_r3_final.zip
[2026-10-05T23:07:26+0800] P2 四 worker 实时健康确认通过
[2026-10-05T23:07:40+0800] P2 验收命令：/usr/bin/python3 -m rl.evaluate --phase P2 --gate --checkpoint /run/media/pma213x/0C6A8CC86A8CAFCE/Ubuntu2/CodeU/Dog1/official-mini-cheetah/checkpoints/official_mini_cheetah_flat_jump_v1_r3/official_mini_cheetah_flat_jump_v1_r3_final.zip --output /run/media/pma213x/0C6A8CC86A8CAFCE/Ubuntu2/CodeU/Dog1/official-mini-cheetah/logs/official_mini_cheetah_flat_jump_v1_r3/P2_gate_attempt_0.json
[2026-10-05T23:08:00+0800] P2 验收未通过，report.passed=false
[2026-10-05T23:08:00+0800] P2 验收命令：/usr/bin/python3 -m rl.evaluate --phase P2 --gate --checkpoint /run/media/pma213x/0C6A8CC86A8CAFCE/Ubuntu2/CodeU/Dog1/official-mini-cheetah/checkpoints/official_mini_cheetah_flat_jump_v1_r3/official_mini_cheetah_flat_jump_v1_r3_final.zip --output /run/media/pma213x/0C6A8CC86A8CAFCE/Ubuntu2/CodeU/Dog1/official-mini-cheetah/logs/official_mini_cheetah_flat_jump_v1_r3/P2_gate_attempt_1.json
[2026-10-05T23:08:21+0800] P2 验收未通过，report.passed=false
[2026-10-05T23:08:21+0800] P2 验收命令：/usr/bin/python3 -m rl.evaluate --phase P2 --gate --checkpoint /run/media/pma213x/0C6A8CC86A8CAFCE/Ubuntu2/CodeU/Dog1/official-mini-cheetah/checkpoints/official_mini_cheetah_flat_jump_v1_r3/official_mini_cheetah_flat_jump_v1_r3_final.zip --output /run/media/pma213x/0C6A8CC86A8CAFCE/Ubuntu2/CodeU/Dog1/official-mini-cheetah/logs/official_mini_cheetah_flat_jump_v1_r3/P2_gate_attempt_2.json
[2026-10-05T23:08:41+0800] P2 验收未通过，report.passed=false
[2026-10-05T23:08:41+0800] P2 连续 Gate 批次结果=[False, False, False]
[2026-10-05T23:08:41+0800] P2 启动：/usr/bin/python3 -m rl.train --phase P2 --total-steps 330000 --device cuda --ckptdir /run/media/pma213x/0C6A8CC86A8CAFCE/Ubuntu2/CodeU/Dog1/official-mini-cheetah/checkpoints/official_mini_cheetah_flat_jump_v1_r3 --ckpt-prefix official_mini_cheetah_flat_jump_v1_r3 --logdir /run/media/pma213x/0C6A8CC86A8CAFCE/Ubuntu2/CodeU/Dog1/official-mini-cheetah/runs/official_mini_cheetah_flat_jump_v1_r3/P2_parallel --bridge-port 11452 --num-envs 4 --checkpoint-interval 20000 --randomization-mode fixed --seed 20261003 --phase-step-offset 0 --resume /run/media/pma213x/0C6A8CC86A8CAFCE/Ubuntu2/CodeU/Dog1/official-mini-cheetah/checkpoints/official_mini_cheetah_flat_jump_v1_r3/official_mini_cheetah_flat_jump_v1_r3_final.zip
[2026-10-05T23:08:45+0800] P2 四 worker 实时健康确认通过
[2026-10-05T23:08:59+0800] P2 验收命令：/usr/bin/python3 -m rl.evaluate --phase P2 --gate --checkpoint /run/media/pma213x/0C6A8CC86A8CAFCE/Ubuntu2/CodeU/Dog1/official-mini-cheetah/checkpoints/official_mini_cheetah_flat_jump_v1_r3/official_mini_cheetah_flat_jump_v1_r3_final.zip --output /run/media/pma213x/0C6A8CC86A8CAFCE/Ubuntu2/CodeU/Dog1/official-mini-cheetah/logs/official_mini_cheetah_flat_jump_v1_r3/P2_gate_attempt_0.json
[2026-10-05T23:09:20+0800] P2 验收未通过，report.passed=false
[2026-10-05T23:09:20+0800] P2 验收命令：/usr/bin/python3 -m rl.evaluate --phase P2 --gate --checkpoint /run/media/pma213x/0C6A8CC86A8CAFCE/Ubuntu2/CodeU/Dog1/official-mini-cheetah/checkpoints/official_mini_cheetah_flat_jump_v1_r3/official_mini_cheetah_flat_jump_v1_r3_final.zip --output /run/media/pma213x/0C6A8CC86A8CAFCE/Ubuntu2/CodeU/Dog1/official-mini-cheetah/logs/official_mini_cheetah_flat_jump_v1_r3/P2_gate_attempt_1.json
[2026-10-05T23:09:41+0800] P2 验收未通过，report.passed=false
[2026-10-05T23:09:41+0800] P2 验收命令：/usr/bin/python3 -m rl.evaluate --phase P2 --gate --checkpoint /run/media/pma213x/0C6A8CC86A8CAFCE/Ubuntu2/CodeU/Dog1/official-mini-cheetah/checkpoints/official_mini_cheetah_flat_jump_v1_r3/official_mini_cheetah_flat_jump_v1_r3_final.zip --output /run/media/pma213x/0C6A8CC86A8CAFCE/Ubuntu2/CodeU/Dog1/official-mini-cheetah/logs/official_mini_cheetah_flat_jump_v1_r3/P2_gate_attempt_2.json
[2026-10-05T23:10:01+0800] P2 验收未通过，report.passed=false
[2026-10-05T23:10:01+0800] P2 连续 Gate 批次结果=[False, False, False]
[2026-10-05T23:10:01+0800] P2 启动：/usr/bin/python3 -m rl.train --phase P2 --total-steps 340000 --device cuda --ckptdir /run/media/pma213x/0C6A8CC86A8CAFCE/Ubuntu2/CodeU/Dog1/official-mini-cheetah/checkpoints/official_mini_cheetah_flat_jump_v1_r3 --ckpt-prefix official_mini_cheetah_flat_jump_v1_r3 --logdir /run/media/pma213x/0C6A8CC86A8CAFCE/Ubuntu2/CodeU/Dog1/official-mini-cheetah/runs/official_mini_cheetah_flat_jump_v1_r3/P2_parallel --bridge-port 11452 --num-envs 4 --checkpoint-interval 20000 --randomization-mode fixed --seed 20261003 --phase-step-offset 0 --resume /run/media/pma213x/0C6A8CC86A8CAFCE/Ubuntu2/CodeU/Dog1/official-mini-cheetah/checkpoints/official_mini_cheetah_flat_jump_v1_r3/official_mini_cheetah_flat_jump_v1_r3_final.zip
[2026-10-05T23:10:06+0800] P2 四 worker 实时健康确认通过
[2026-10-05T23:10:19+0800] P2 验收命令：/usr/bin/python3 -m rl.evaluate --phase P2 --gate --checkpoint /run/media/pma213x/0C6A8CC86A8CAFCE/Ubuntu2/CodeU/Dog1/official-mini-cheetah/checkpoints/official_mini_cheetah_flat_jump_v1_r3/official_mini_cheetah_flat_jump_v1_r3_final.zip --output /run/media/pma213x/0C6A8CC86A8CAFCE/Ubuntu2/CodeU/Dog1/official-mini-cheetah/logs/official_mini_cheetah_flat_jump_v1_r3/P2_gate_attempt_0.json
[2026-10-05T23:10:40+0800] P2 验收未通过，report.passed=false
[2026-10-05T23:10:40+0800] P2 验收命令：/usr/bin/python3 -m rl.evaluate --phase P2 --gate --checkpoint /run/media/pma213x/0C6A8CC86A8CAFCE/Ubuntu2/CodeU/Dog1/official-mini-cheetah/checkpoints/official_mini_cheetah_flat_jump_v1_r3/official_mini_cheetah_flat_jump_v1_r3_final.zip --output /run/media/pma213x/0C6A8CC86A8CAFCE/Ubuntu2/CodeU/Dog1/official-mini-cheetah/logs/official_mini_cheetah_flat_jump_v1_r3/P2_gate_attempt_1.json
[2026-10-05T23:11:00+0800] P2 验收未通过，report.passed=false
[2026-10-05T23:11:00+0800] P2 验收命令：/usr/bin/python3 -m rl.evaluate --phase P2 --gate --checkpoint /run/media/pma213x/0C6A8CC86A8CAFCE/Ubuntu2/CodeU/Dog1/official-mini-cheetah/checkpoints/official_mini_cheetah_flat_jump_v1_r3/official_mini_cheetah_flat_jump_v1_r3_final.zip --output /run/media/pma213x/0C6A8CC86A8CAFCE/Ubuntu2/CodeU/Dog1/official-mini-cheetah/logs/official_mini_cheetah_flat_jump_v1_r3/P2_gate_attempt_2.json
[2026-10-05T23:11:21+0800] P2 验收未通过，report.passed=false
[2026-10-05T23:11:21+0800] P2 连续 Gate 批次结果=[False, False, False]
[2026-10-05T23:11:21+0800] P2 启动：/usr/bin/python3 -m rl.train --phase P2 --total-steps 350000 --device cuda --ckptdir /run/media/pma213x/0C6A8CC86A8CAFCE/Ubuntu2/CodeU/Dog1/official-mini-cheetah/checkpoints/official_mini_cheetah_flat_jump_v1_r3 --ckpt-prefix official_mini_cheetah_flat_jump_v1_r3 --logdir /run/media/pma213x/0C6A8CC86A8CAFCE/Ubuntu2/CodeU/Dog1/official-mini-cheetah/runs/official_mini_cheetah_flat_jump_v1_r3/P2_parallel --bridge-port 11452 --num-envs 4 --checkpoint-interval 20000 --randomization-mode fixed --seed 20261003 --phase-step-offset 0 --resume /run/media/pma213x/0C6A8CC86A8CAFCE/Ubuntu2/CodeU/Dog1/official-mini-cheetah/checkpoints/official_mini_cheetah_flat_jump_v1_r3/official_mini_cheetah_flat_jump_v1_r3_final.zip
[2026-10-05T23:11:25+0800] P2 四 worker 实时健康确认通过
[2026-10-05T23:11:39+0800] P2 验收命令：/usr/bin/python3 -m rl.evaluate --phase P2 --gate --checkpoint /run/media/pma213x/0C6A8CC86A8CAFCE/Ubuntu2/CodeU/Dog1/official-mini-cheetah/checkpoints/official_mini_cheetah_flat_jump_v1_r3/official_mini_cheetah_flat_jump_v1_r3_final.zip --output /run/media/pma213x/0C6A8CC86A8CAFCE/Ubuntu2/CodeU/Dog1/official-mini-cheetah/logs/official_mini_cheetah_flat_jump_v1_r3/P2_gate_attempt_0.json
[2026-10-05T23:11:59+0800] P2 验收未通过，report.passed=false
[2026-10-05T23:11:59+0800] P2 验收命令：/usr/bin/python3 -m rl.evaluate --phase P2 --gate --checkpoint /run/media/pma213x/0C6A8CC86A8CAFCE/Ubuntu2/CodeU/Dog1/official-mini-cheetah/checkpoints/official_mini_cheetah_flat_jump_v1_r3/official_mini_cheetah_flat_jump_v1_r3_final.zip --output /run/media/pma213x/0C6A8CC86A8CAFCE/Ubuntu2/CodeU/Dog1/official-mini-cheetah/logs/official_mini_cheetah_flat_jump_v1_r3/P2_gate_attempt_1.json
[2026-10-05T23:12:19+0800] P2 验收未通过，report.passed=false
[2026-10-05T23:12:19+0800] P2 验收命令：/usr/bin/python3 -m rl.evaluate --phase P2 --gate --checkpoint /run/media/pma213x/0C6A8CC86A8CAFCE/Ubuntu2/CodeU/Dog1/official-mini-cheetah/checkpoints/official_mini_cheetah_flat_jump_v1_r3/official_mini_cheetah_flat_jump_v1_r3_final.zip --output /run/media/pma213x/0C6A8CC86A8CAFCE/Ubuntu2/CodeU/Dog1/official-mini-cheetah/logs/official_mini_cheetah_flat_jump_v1_r3/P2_gate_attempt_2.json
[2026-10-05T23:12:40+0800] P2 验收未通过，report.passed=false
[2026-10-05T23:12:40+0800] P2 连续 Gate 批次结果=[False, False, False]
[2026-10-05T23:12:40+0800] P2 启动：/usr/bin/python3 -m rl.train --phase P2 --total-steps 360000 --device cuda --ckptdir /run/media/pma213x/0C6A8CC86A8CAFCE/Ubuntu2/CodeU/Dog1/official-mini-cheetah/checkpoints/official_mini_cheetah_flat_jump_v1_r3 --ckpt-prefix official_mini_cheetah_flat_jump_v1_r3 --logdir /run/media/pma213x/0C6A8CC86A8CAFCE/Ubuntu2/CodeU/Dog1/official-mini-cheetah/runs/official_mini_cheetah_flat_jump_v1_r3/P2_parallel --bridge-port 11452 --num-envs 4 --checkpoint-interval 20000 --randomization-mode fixed --seed 20261003 --phase-step-offset 0 --resume /run/media/pma213x/0C6A8CC86A8CAFCE/Ubuntu2/CodeU/Dog1/official-mini-cheetah/checkpoints/official_mini_cheetah_flat_jump_v1_r3/official_mini_cheetah_flat_jump_v1_r3_final.zip
[2026-10-05T23:12:44+0800] P2 四 worker 实时健康确认通过
[2026-10-05T23:12:58+0800] P2 验收命令：/usr/bin/python3 -m rl.evaluate --phase P2 --gate --checkpoint /run/media/pma213x/0C6A8CC86A8CAFCE/Ubuntu2/CodeU/Dog1/official-mini-cheetah/checkpoints/official_mini_cheetah_flat_jump_v1_r3/official_mini_cheetah_flat_jump_v1_r3_final.zip --output /run/media/pma213x/0C6A8CC86A8CAFCE/Ubuntu2/CodeU/Dog1/official-mini-cheetah/logs/official_mini_cheetah_flat_jump_v1_r3/P2_gate_attempt_0.json
[2026-10-05T23:13:18+0800] P2 验收未通过，report.passed=false
[2026-10-05T23:13:18+0800] P2 验收命令：/usr/bin/python3 -m rl.evaluate --phase P2 --gate --checkpoint /run/media/pma213x/0C6A8CC86A8CAFCE/Ubuntu2/CodeU/Dog1/official-mini-cheetah/checkpoints/official_mini_cheetah_flat_jump_v1_r3/official_mini_cheetah_flat_jump_v1_r3_final.zip --output /run/media/pma213x/0C6A8CC86A8CAFCE/Ubuntu2/CodeU/Dog1/official-mini-cheetah/logs/official_mini_cheetah_flat_jump_v1_r3/P2_gate_attempt_1.json
[2026-10-05T23:13:39+0800] P2 验收未通过，report.passed=false
[2026-10-05T23:13:39+0800] P2 验收命令：/usr/bin/python3 -m rl.evaluate --phase P2 --gate --checkpoint /run/media/pma213x/0C6A8CC86A8CAFCE/Ubuntu2/CodeU/Dog1/official-mini-cheetah/checkpoints/official_mini_cheetah_flat_jump_v1_r3/official_mini_cheetah_flat_jump_v1_r3_final.zip --output /run/media/pma213x/0C6A8CC86A8CAFCE/Ubuntu2/CodeU/Dog1/official-mini-cheetah/logs/official_mini_cheetah_flat_jump_v1_r3/P2_gate_attempt_2.json
[2026-10-05T23:13:59+0800] P2 验收未通过，report.passed=false
[2026-10-05T23:13:59+0800] P2 连续 Gate 批次结果=[False, False, False]
[2026-10-05T23:13:59+0800] P2 启动：/usr/bin/python3 -m rl.train --phase P2 --total-steps 370000 --device cuda --ckptdir /run/media/pma213x/0C6A8CC86A8CAFCE/Ubuntu2/CodeU/Dog1/official-mini-cheetah/checkpoints/official_mini_cheetah_flat_jump_v1_r3 --ckpt-prefix official_mini_cheetah_flat_jump_v1_r3 --logdir /run/media/pma213x/0C6A8CC86A8CAFCE/Ubuntu2/CodeU/Dog1/official-mini-cheetah/runs/official_mini_cheetah_flat_jump_v1_r3/P2_parallel --bridge-port 11452 --num-envs 4 --checkpoint-interval 20000 --randomization-mode fixed --seed 20261003 --phase-step-offset 0 --resume /run/media/pma213x/0C6A8CC86A8CAFCE/Ubuntu2/CodeU/Dog1/official-mini-cheetah/checkpoints/official_mini_cheetah_flat_jump_v1_r3/official_mini_cheetah_flat_jump_v1_r3_final.zip
[2026-10-05T23:14:03+0800] P2 四 worker 实时健康确认通过
[2026-10-05T23:14:17+0800] P2 验收命令：/usr/bin/python3 -m rl.evaluate --phase P2 --gate --checkpoint /run/media/pma213x/0C6A8CC86A8CAFCE/Ubuntu2/CodeU/Dog1/official-mini-cheetah/checkpoints/official_mini_cheetah_flat_jump_v1_r3/official_mini_cheetah_flat_jump_v1_r3_final.zip --output /run/media/pma213x/0C6A8CC86A8CAFCE/Ubuntu2/CodeU/Dog1/official-mini-cheetah/logs/official_mini_cheetah_flat_jump_v1_r3/P2_gate_attempt_0.json
[2026-10-05T23:14:37+0800] P2 验收未通过，report.passed=false
[2026-10-05T23:14:37+0800] P2 验收命令：/usr/bin/python3 -m rl.evaluate --phase P2 --gate --checkpoint /run/media/pma213x/0C6A8CC86A8CAFCE/Ubuntu2/CodeU/Dog1/official-mini-cheetah/checkpoints/official_mini_cheetah_flat_jump_v1_r3/official_mini_cheetah_flat_jump_v1_r3_final.zip --output /run/media/pma213x/0C6A8CC86A8CAFCE/Ubuntu2/CodeU/Dog1/official-mini-cheetah/logs/official_mini_cheetah_flat_jump_v1_r3/P2_gate_attempt_1.json
[2026-10-05T23:14:57+0800] P2 验收未通过，report.passed=false
[2026-10-05T23:14:57+0800] P2 验收命令：/usr/bin/python3 -m rl.evaluate --phase P2 --gate --checkpoint /run/media/pma213x/0C6A8CC86A8CAFCE/Ubuntu2/CodeU/Dog1/official-mini-cheetah/checkpoints/official_mini_cheetah_flat_jump_v1_r3/official_mini_cheetah_flat_jump_v1_r3_final.zip --output /run/media/pma213x/0C6A8CC86A8CAFCE/Ubuntu2/CodeU/Dog1/official-mini-cheetah/logs/official_mini_cheetah_flat_jump_v1_r3/P2_gate_attempt_2.json
[2026-10-05T23:15:18+0800] P2 验收未通过，report.passed=false
[2026-10-05T23:15:18+0800] P2 连续 Gate 批次结果=[False, False, False]
[2026-10-05T23:15:18+0800] P2 启动：/usr/bin/python3 -m rl.train --phase P2 --total-steps 380000 --device cuda --ckptdir /run/media/pma213x/0C6A8CC86A8CAFCE/Ubuntu2/CodeU/Dog1/official-mini-cheetah/checkpoints/official_mini_cheetah_flat_jump_v1_r3 --ckpt-prefix official_mini_cheetah_flat_jump_v1_r3 --logdir /run/media/pma213x/0C6A8CC86A8CAFCE/Ubuntu2/CodeU/Dog1/official-mini-cheetah/runs/official_mini_cheetah_flat_jump_v1_r3/P2_parallel --bridge-port 11452 --num-envs 4 --checkpoint-interval 20000 --randomization-mode fixed --seed 20261003 --phase-step-offset 0 --resume /run/media/pma213x/0C6A8CC86A8CAFCE/Ubuntu2/CodeU/Dog1/official-mini-cheetah/checkpoints/official_mini_cheetah_flat_jump_v1_r3/official_mini_cheetah_flat_jump_v1_r3_final.zip
[2026-10-05T23:15:22+0800] P2 四 worker 实时健康确认通过
[2026-10-05T23:15:35+0800] P2 验收命令：/usr/bin/python3 -m rl.evaluate --phase P2 --gate --checkpoint /run/media/pma213x/0C6A8CC86A8CAFCE/Ubuntu2/CodeU/Dog1/official-mini-cheetah/checkpoints/official_mini_cheetah_flat_jump_v1_r3/official_mini_cheetah_flat_jump_v1_r3_final.zip --output /run/media/pma213x/0C6A8CC86A8CAFCE/Ubuntu2/CodeU/Dog1/official-mini-cheetah/logs/official_mini_cheetah_flat_jump_v1_r3/P2_gate_attempt_0.json
[2026-10-05T23:15:56+0800] P2 验收未通过，report.passed=false
[2026-10-05T23:15:56+0800] P2 验收命令：/usr/bin/python3 -m rl.evaluate --phase P2 --gate --checkpoint /run/media/pma213x/0C6A8CC86A8CAFCE/Ubuntu2/CodeU/Dog1/official-mini-cheetah/checkpoints/official_mini_cheetah_flat_jump_v1_r3/official_mini_cheetah_flat_jump_v1_r3_final.zip --output /run/media/pma213x/0C6A8CC86A8CAFCE/Ubuntu2/CodeU/Dog1/official-mini-cheetah/logs/official_mini_cheetah_flat_jump_v1_r3/P2_gate_attempt_1.json
[2026-10-05T23:16:15+0800] P2 验收未通过，report.passed=false
[2026-10-05T23:16:15+0800] P2 验收命令：/usr/bin/python3 -m rl.evaluate --phase P2 --gate --checkpoint /run/media/pma213x/0C6A8CC86A8CAFCE/Ubuntu2/CodeU/Dog1/official-mini-cheetah/checkpoints/official_mini_cheetah_flat_jump_v1_r3/official_mini_cheetah_flat_jump_v1_r3_final.zip --output /run/media/pma213x/0C6A8CC86A8CAFCE/Ubuntu2/CodeU/Dog1/official-mini-cheetah/logs/official_mini_cheetah_flat_jump_v1_r3/P2_gate_attempt_2.json
[2026-10-05T23:16:35+0800] P2 验收未通过，report.passed=false
[2026-10-05T23:16:35+0800] P2 连续 Gate 批次结果=[False, False, False]
[2026-10-05T23:16:35+0800] P2 启动：/usr/bin/python3 -m rl.train --phase P2 --total-steps 390000 --device cuda --ckptdir /run/media/pma213x/0C6A8CC86A8CAFCE/Ubuntu2/CodeU/Dog1/official-mini-cheetah/checkpoints/official_mini_cheetah_flat_jump_v1_r3 --ckpt-prefix official_mini_cheetah_flat_jump_v1_r3 --logdir /run/media/pma213x/0C6A8CC86A8CAFCE/Ubuntu2/CodeU/Dog1/official-mini-cheetah/runs/official_mini_cheetah_flat_jump_v1_r3/P2_parallel --bridge-port 11452 --num-envs 4 --checkpoint-interval 20000 --randomization-mode fixed --seed 20261003 --phase-step-offset 0 --resume /run/media/pma213x/0C6A8CC86A8CAFCE/Ubuntu2/CodeU/Dog1/official-mini-cheetah/checkpoints/official_mini_cheetah_flat_jump_v1_r3/official_mini_cheetah_flat_jump_v1_r3_final.zip
[2026-10-05T23:16:40+0800] P2 四 worker 实时健康确认通过
[2026-10-05T23:16:53+0800] P2 验收命令：/usr/bin/python3 -m rl.evaluate --phase P2 --gate --checkpoint /run/media/pma213x/0C6A8CC86A8CAFCE/Ubuntu2/CodeU/Dog1/official-mini-cheetah/checkpoints/official_mini_cheetah_flat_jump_v1_r3/official_mini_cheetah_flat_jump_v1_r3_final.zip --output /run/media/pma213x/0C6A8CC86A8CAFCE/Ubuntu2/CodeU/Dog1/official-mini-cheetah/logs/official_mini_cheetah_flat_jump_v1_r3/P2_gate_attempt_0.json
[2026-10-05T23:17:14+0800] P2 验收未通过，report.passed=false
[2026-10-05T23:17:14+0800] P2 验收命令：/usr/bin/python3 -m rl.evaluate --phase P2 --gate --checkpoint /run/media/pma213x/0C6A8CC86A8CAFCE/Ubuntu2/CodeU/Dog1/official-mini-cheetah/checkpoints/official_mini_cheetah_flat_jump_v1_r3/official_mini_cheetah_flat_jump_v1_r3_final.zip --output /run/media/pma213x/0C6A8CC86A8CAFCE/Ubuntu2/CodeU/Dog1/official-mini-cheetah/logs/official_mini_cheetah_flat_jump_v1_r3/P2_gate_attempt_1.json
[2026-10-05T23:17:34+0800] P2 验收未通过，report.passed=false
[2026-10-05T23:17:34+0800] P2 验收命令：/usr/bin/python3 -m rl.evaluate --phase P2 --gate --checkpoint /run/media/pma213x/0C6A8CC86A8CAFCE/Ubuntu2/CodeU/Dog1/official-mini-cheetah/checkpoints/official_mini_cheetah_flat_jump_v1_r3/official_mini_cheetah_flat_jump_v1_r3_final.zip --output /run/media/pma213x/0C6A8CC86A8CAFCE/Ubuntu2/CodeU/Dog1/official-mini-cheetah/logs/official_mini_cheetah_flat_jump_v1_r3/P2_gate_attempt_2.json
[2026-10-05T23:17:54+0800] P2 验收未通过，report.passed=false
[2026-10-05T23:17:54+0800] P2 连续 Gate 批次结果=[False, False, False]
[2026-10-05T23:17:54+0800] P2 启动：/usr/bin/python3 -m rl.train --phase P2 --total-steps 400000 --device cuda --ckptdir /run/media/pma213x/0C6A8CC86A8CAFCE/Ubuntu2/CodeU/Dog1/official-mini-cheetah/checkpoints/official_mini_cheetah_flat_jump_v1_r3 --ckpt-prefix official_mini_cheetah_flat_jump_v1_r3 --logdir /run/media/pma213x/0C6A8CC86A8CAFCE/Ubuntu2/CodeU/Dog1/official-mini-cheetah/runs/official_mini_cheetah_flat_jump_v1_r3/P2_parallel --bridge-port 11452 --num-envs 4 --checkpoint-interval 20000 --randomization-mode fixed --seed 20261003 --phase-step-offset 0 --resume /run/media/pma213x/0C6A8CC86A8CAFCE/Ubuntu2/CodeU/Dog1/official-mini-cheetah/checkpoints/official_mini_cheetah_flat_jump_v1_r3/official_mini_cheetah_flat_jump_v1_r3_final.zip
[2026-10-05T23:17:59+0800] P2 四 worker 实时健康确认通过
[2026-10-05T23:18:12+0800] P2 验收命令：/usr/bin/python3 -m rl.evaluate --phase P2 --gate --checkpoint /run/media/pma213x/0C6A8CC86A8CAFCE/Ubuntu2/CodeU/Dog1/official-mini-cheetah/checkpoints/official_mini_cheetah_flat_jump_v1_r3/official_mini_cheetah_flat_jump_v1_r3_final.zip --output /run/media/pma213x/0C6A8CC86A8CAFCE/Ubuntu2/CodeU/Dog1/official-mini-cheetah/logs/official_mini_cheetah_flat_jump_v1_r3/P2_gate_attempt_0.json
[2026-10-05T23:18:32+0800] P2 验收未通过，report.passed=false
[2026-10-05T23:18:32+0800] P2 验收命令：/usr/bin/python3 -m rl.evaluate --phase P2 --gate --checkpoint /run/media/pma213x/0C6A8CC86A8CAFCE/Ubuntu2/CodeU/Dog1/official-mini-cheetah/checkpoints/official_mini_cheetah_flat_jump_v1_r3/official_mini_cheetah_flat_jump_v1_r3_final.zip --output /run/media/pma213x/0C6A8CC86A8CAFCE/Ubuntu2/CodeU/Dog1/official-mini-cheetah/logs/official_mini_cheetah_flat_jump_v1_r3/P2_gate_attempt_1.json
[2026-10-05T23:18:52+0800] P2 验收未通过，report.passed=false
[2026-10-05T23:18:52+0800] P2 验收命令：/usr/bin/python3 -m rl.evaluate --phase P2 --gate --checkpoint /run/media/pma213x/0C6A8CC86A8CAFCE/Ubuntu2/CodeU/Dog1/official-mini-cheetah/checkpoints/official_mini_cheetah_flat_jump_v1_r3/official_mini_cheetah_flat_jump_v1_r3_final.zip --output /run/media/pma213x/0C6A8CC86A8CAFCE/Ubuntu2/CodeU/Dog1/official-mini-cheetah/logs/official_mini_cheetah_flat_jump_v1_r3/P2_gate_attempt_2.json
[2026-10-05T23:19:12+0800] P2 验收未通过，report.passed=false
[2026-10-05T23:19:12+0800] P2 连续 Gate 批次结果=[False, False, False]
[2026-10-05T23:19:12+0800] P2 启动：/usr/bin/python3 -m rl.train --phase P2 --total-steps 410000 --device cuda --ckptdir /run/media/pma213x/0C6A8CC86A8CAFCE/Ubuntu2/CodeU/Dog1/official-mini-cheetah/checkpoints/official_mini_cheetah_flat_jump_v1_r3 --ckpt-prefix official_mini_cheetah_flat_jump_v1_r3 --logdir /run/media/pma213x/0C6A8CC86A8CAFCE/Ubuntu2/CodeU/Dog1/official-mini-cheetah/runs/official_mini_cheetah_flat_jump_v1_r3/P2_parallel --bridge-port 11452 --num-envs 4 --checkpoint-interval 20000 --randomization-mode fixed --seed 20261003 --phase-step-offset 0 --resume /run/media/pma213x/0C6A8CC86A8CAFCE/Ubuntu2/CodeU/Dog1/official-mini-cheetah/checkpoints/official_mini_cheetah_flat_jump_v1_r3/official_mini_cheetah_flat_jump_v1_r3_final.zip
[2026-10-05T23:19:16+0800] P2 四 worker 实时健康确认通过
[2026-10-05T23:19:29+0800] P2 验收命令：/usr/bin/python3 -m rl.evaluate --phase P2 --gate --checkpoint /run/media/pma213x/0C6A8CC86A8CAFCE/Ubuntu2/CodeU/Dog1/official-mini-cheetah/checkpoints/official_mini_cheetah_flat_jump_v1_r3/official_mini_cheetah_flat_jump_v1_r3_final.zip --output /run/media/pma213x/0C6A8CC86A8CAFCE/Ubuntu2/CodeU/Dog1/official-mini-cheetah/logs/official_mini_cheetah_flat_jump_v1_r3/P2_gate_attempt_0.json
[2026-10-05T23:19:49+0800] P2 验收未通过，report.passed=false
[2026-10-05T23:19:49+0800] P2 验收命令：/usr/bin/python3 -m rl.evaluate --phase P2 --gate --checkpoint /run/media/pma213x/0C6A8CC86A8CAFCE/Ubuntu2/CodeU/Dog1/official-mini-cheetah/checkpoints/official_mini_cheetah_flat_jump_v1_r3/official_mini_cheetah_flat_jump_v1_r3_final.zip --output /run/media/pma213x/0C6A8CC86A8CAFCE/Ubuntu2/CodeU/Dog1/official-mini-cheetah/logs/official_mini_cheetah_flat_jump_v1_r3/P2_gate_attempt_1.json
[2026-10-05T23:20:09+0800] P2 验收未通过，report.passed=false
[2026-10-05T23:20:09+0800] P2 验收命令：/usr/bin/python3 -m rl.evaluate --phase P2 --gate --checkpoint /run/media/pma213x/0C6A8CC86A8CAFCE/Ubuntu2/CodeU/Dog1/official-mini-cheetah/checkpoints/official_mini_cheetah_flat_jump_v1_r3/official_mini_cheetah_flat_jump_v1_r3_final.zip --output /run/media/pma213x/0C6A8CC86A8CAFCE/Ubuntu2/CodeU/Dog1/official-mini-cheetah/logs/official_mini_cheetah_flat_jump_v1_r3/P2_gate_attempt_2.json
[2026-10-05T23:20:30+0800] P2 验收未通过，report.passed=false
[2026-10-05T23:20:30+0800] P2 连续 Gate 批次结果=[False, False, False]
[2026-10-05T23:20:30+0800] P2 启动：/usr/bin/python3 -m rl.train --phase P2 --total-steps 420000 --device cuda --ckptdir /run/media/pma213x/0C6A8CC86A8CAFCE/Ubuntu2/CodeU/Dog1/official-mini-cheetah/checkpoints/official_mini_cheetah_flat_jump_v1_r3 --ckpt-prefix official_mini_cheetah_flat_jump_v1_r3 --logdir /run/media/pma213x/0C6A8CC86A8CAFCE/Ubuntu2/CodeU/Dog1/official-mini-cheetah/runs/official_mini_cheetah_flat_jump_v1_r3/P2_parallel --bridge-port 11452 --num-envs 4 --checkpoint-interval 20000 --randomization-mode fixed --seed 20261003 --phase-step-offset 10000 --resume /run/media/pma213x/0C6A8CC86A8CAFCE/Ubuntu2/CodeU/Dog1/official-mini-cheetah/checkpoints/official_mini_cheetah_flat_jump_v1_r3/official_mini_cheetah_flat_jump_v1_r3_final.zip
[2026-10-05T23:20:34+0800] P2 四 worker 实时健康确认通过
[2026-10-05T23:20:47+0800] P2 验收命令：/usr/bin/python3 -m rl.evaluate --phase P2 --gate --checkpoint /run/media/pma213x/0C6A8CC86A8CAFCE/Ubuntu2/CodeU/Dog1/official-mini-cheetah/checkpoints/official_mini_cheetah_flat_jump_v1_r3/official_mini_cheetah_flat_jump_v1_r3_final.zip --output /run/media/pma213x/0C6A8CC86A8CAFCE/Ubuntu2/CodeU/Dog1/official-mini-cheetah/logs/official_mini_cheetah_flat_jump_v1_r3/P2_gate_attempt_0.json
[2026-10-05T23:21:08+0800] P2 验收未通过，report.passed=false
[2026-10-05T23:21:08+0800] P2 验收命令：/usr/bin/python3 -m rl.evaluate --phase P2 --gate --checkpoint /run/media/pma213x/0C6A8CC86A8CAFCE/Ubuntu2/CodeU/Dog1/official-mini-cheetah/checkpoints/official_mini_cheetah_flat_jump_v1_r3/official_mini_cheetah_flat_jump_v1_r3_final.zip --output /run/media/pma213x/0C6A8CC86A8CAFCE/Ubuntu2/CodeU/Dog1/official-mini-cheetah/logs/official_mini_cheetah_flat_jump_v1_r3/P2_gate_attempt_1.json
[2026-10-05T23:21:28+0800] P2 验收未通过，report.passed=false
[2026-10-05T23:21:28+0800] P2 验收命令：/usr/bin/python3 -m rl.evaluate --phase P2 --gate --checkpoint /run/media/pma213x/0C6A8CC86A8CAFCE/Ubuntu2/CodeU/Dog1/official-mini-cheetah/checkpoints/official_mini_cheetah_flat_jump_v1_r3/official_mini_cheetah_flat_jump_v1_r3_final.zip --output /run/media/pma213x/0C6A8CC86A8CAFCE/Ubuntu2/CodeU/Dog1/official-mini-cheetah/logs/official_mini_cheetah_flat_jump_v1_r3/P2_gate_attempt_2.json
[2026-10-05T23:21:48+0800] P2 验收未通过，report.passed=false
[2026-10-05T23:21:48+0800] P2 连续 Gate 批次结果=[False, False, False]
[2026-10-05T23:21:48+0800] P2 启动：/usr/bin/python3 -m rl.train --phase P2 --total-steps 430000 --device cuda --ckptdir /run/media/pma213x/0C6A8CC86A8CAFCE/Ubuntu2/CodeU/Dog1/official-mini-cheetah/checkpoints/official_mini_cheetah_flat_jump_v1_r3 --ckpt-prefix official_mini_cheetah_flat_jump_v1_r3 --logdir /run/media/pma213x/0C6A8CC86A8CAFCE/Ubuntu2/CodeU/Dog1/official-mini-cheetah/runs/official_mini_cheetah_flat_jump_v1_r3/P2_parallel --bridge-port 11452 --num-envs 4 --checkpoint-interval 20000 --randomization-mode fixed --seed 20261003 --phase-step-offset 20000 --resume /run/media/pma213x/0C6A8CC86A8CAFCE/Ubuntu2/CodeU/Dog1/official-mini-cheetah/checkpoints/official_mini_cheetah_flat_jump_v1_r3/official_mini_cheetah_flat_jump_v1_r3_final.zip
[2026-10-05T23:21:52+0800] P2 四 worker 实时健康确认通过
[2026-10-05T23:22:05+0800] P2 验收命令：/usr/bin/python3 -m rl.evaluate --phase P2 --gate --checkpoint /run/media/pma213x/0C6A8CC86A8CAFCE/Ubuntu2/CodeU/Dog1/official-mini-cheetah/checkpoints/official_mini_cheetah_flat_jump_v1_r3/official_mini_cheetah_flat_jump_v1_r3_final.zip --output /run/media/pma213x/0C6A8CC86A8CAFCE/Ubuntu2/CodeU/Dog1/official-mini-cheetah/logs/official_mini_cheetah_flat_jump_v1_r3/P2_gate_attempt_0.json
[2026-10-05T23:22:25+0800] P2 验收未通过，report.passed=false
[2026-10-05T23:22:25+0800] P2 验收命令：/usr/bin/python3 -m rl.evaluate --phase P2 --gate --checkpoint /run/media/pma213x/0C6A8CC86A8CAFCE/Ubuntu2/CodeU/Dog1/official-mini-cheetah/checkpoints/official_mini_cheetah_flat_jump_v1_r3/official_mini_cheetah_flat_jump_v1_r3_final.zip --output /run/media/pma213x/0C6A8CC86A8CAFCE/Ubuntu2/CodeU/Dog1/official-mini-cheetah/logs/official_mini_cheetah_flat_jump_v1_r3/P2_gate_attempt_1.json
[2026-10-05T23:22:45+0800] P2 验收未通过，report.passed=false
[2026-10-05T23:22:45+0800] P2 验收命令：/usr/bin/python3 -m rl.evaluate --phase P2 --gate --checkpoint /run/media/pma213x/0C6A8CC86A8CAFCE/Ubuntu2/CodeU/Dog1/official-mini-cheetah/checkpoints/official_mini_cheetah_flat_jump_v1_r3/official_mini_cheetah_flat_jump_v1_r3_final.zip --output /run/media/pma213x/0C6A8CC86A8CAFCE/Ubuntu2/CodeU/Dog1/official-mini-cheetah/logs/official_mini_cheetah_flat_jump_v1_r3/P2_gate_attempt_2.json
[2026-10-05T23:23:05+0800] P2 验收未通过，report.passed=false
[2026-10-05T23:23:05+0800] P2 连续 Gate 批次结果=[False, False, False]
[2026-10-05T23:23:05+0800] P2 启动：/usr/bin/python3 -m rl.train --phase P2 --total-steps 440000 --device cuda --ckptdir /run/media/pma213x/0C6A8CC86A8CAFCE/Ubuntu2/CodeU/Dog1/official-mini-cheetah/checkpoints/official_mini_cheetah_flat_jump_v1_r3 --ckpt-prefix official_mini_cheetah_flat_jump_v1_r3 --logdir /run/media/pma213x/0C6A8CC86A8CAFCE/Ubuntu2/CodeU/Dog1/official-mini-cheetah/runs/official_mini_cheetah_flat_jump_v1_r3/P2_parallel --bridge-port 11452 --num-envs 4 --checkpoint-interval 20000 --randomization-mode fixed --seed 20261003 --phase-step-offset 30000 --resume /run/media/pma213x/0C6A8CC86A8CAFCE/Ubuntu2/CodeU/Dog1/official-mini-cheetah/checkpoints/official_mini_cheetah_flat_jump_v1_r3/official_mini_cheetah_flat_jump_v1_r3_final.zip
[2026-10-05T23:23:10+0800] P2 四 worker 实时健康确认通过
[2026-10-05T23:23:23+0800] P2 验收命令：/usr/bin/python3 -m rl.evaluate --phase P2 --gate --checkpoint /run/media/pma213x/0C6A8CC86A8CAFCE/Ubuntu2/CodeU/Dog1/official-mini-cheetah/checkpoints/official_mini_cheetah_flat_jump_v1_r3/official_mini_cheetah_flat_jump_v1_r3_final.zip --output /run/media/pma213x/0C6A8CC86A8CAFCE/Ubuntu2/CodeU/Dog1/official-mini-cheetah/logs/official_mini_cheetah_flat_jump_v1_r3/P2_gate_attempt_0.json
[2026-10-05T23:23:43+0800] P2 验收未通过，report.passed=false
[2026-10-05T23:23:43+0800] P2 验收命令：/usr/bin/python3 -m rl.evaluate --phase P2 --gate --checkpoint /run/media/pma213x/0C6A8CC86A8CAFCE/Ubuntu2/CodeU/Dog1/official-mini-cheetah/checkpoints/official_mini_cheetah_flat_jump_v1_r3/official_mini_cheetah_flat_jump_v1_r3_final.zip --output /run/media/pma213x/0C6A8CC86A8CAFCE/Ubuntu2/CodeU/Dog1/official-mini-cheetah/logs/official_mini_cheetah_flat_jump_v1_r3/P2_gate_attempt_1.json
[2026-10-05T23:24:02+0800] P2 验收未通过，report.passed=false
[2026-10-05T23:24:02+0800] P2 验收命令：/usr/bin/python3 -m rl.evaluate --phase P2 --gate --checkpoint /run/media/pma213x/0C6A8CC86A8CAFCE/Ubuntu2/CodeU/Dog1/official-mini-cheetah/checkpoints/official_mini_cheetah_flat_jump_v1_r3/official_mini_cheetah_flat_jump_v1_r3_final.zip --output /run/media/pma213x/0C6A8CC86A8CAFCE/Ubuntu2/CodeU/Dog1/official-mini-cheetah/logs/official_mini_cheetah_flat_jump_v1_r3/P2_gate_attempt_2.json
[2026-10-05T23:24:23+0800] P2 验收未通过，report.passed=false
[2026-10-05T23:24:23+0800] P2 连续 Gate 批次结果=[False, False, False]
[2026-10-05T23:24:23+0800] P2 启动：/usr/bin/python3 -m rl.train --phase P2 --total-steps 450000 --device cuda --ckptdir /run/media/pma213x/0C6A8CC86A8CAFCE/Ubuntu2/CodeU/Dog1/official-mini-cheetah/checkpoints/official_mini_cheetah_flat_jump_v1_r3 --ckpt-prefix official_mini_cheetah_flat_jump_v1_r3 --logdir /run/media/pma213x/0C6A8CC86A8CAFCE/Ubuntu2/CodeU/Dog1/official-mini-cheetah/runs/official_mini_cheetah_flat_jump_v1_r3/P2_parallel --bridge-port 11452 --num-envs 4 --checkpoint-interval 20000 --randomization-mode fixed --seed 20261003 --phase-step-offset 40000 --resume /run/media/pma213x/0C6A8CC86A8CAFCE/Ubuntu2/CodeU/Dog1/official-mini-cheetah/checkpoints/official_mini_cheetah_flat_jump_v1_r3/official_mini_cheetah_flat_jump_v1_r3_final.zip
[2026-10-05T23:24:27+0800] P2 四 worker 实时健康确认通过
[2026-10-05T23:24:40+0800] P2 验收命令：/usr/bin/python3 -m rl.evaluate --phase P2 --gate --checkpoint /run/media/pma213x/0C6A8CC86A8CAFCE/Ubuntu2/CodeU/Dog1/official-mini-cheetah/checkpoints/official_mini_cheetah_flat_jump_v1_r3/official_mini_cheetah_flat_jump_v1_r3_final.zip --output /run/media/pma213x/0C6A8CC86A8CAFCE/Ubuntu2/CodeU/Dog1/official-mini-cheetah/logs/official_mini_cheetah_flat_jump_v1_r3/P2_gate_attempt_0.json
[2026-10-05T23:25:00+0800] P2 验收未通过，report.passed=false
[2026-10-05T23:25:00+0800] P2 验收命令：/usr/bin/python3 -m rl.evaluate --phase P2 --gate --checkpoint /run/media/pma213x/0C6A8CC86A8CAFCE/Ubuntu2/CodeU/Dog1/official-mini-cheetah/checkpoints/official_mini_cheetah_flat_jump_v1_r3/official_mini_cheetah_flat_jump_v1_r3_final.zip --output /run/media/pma213x/0C6A8CC86A8CAFCE/Ubuntu2/CodeU/Dog1/official-mini-cheetah/logs/official_mini_cheetah_flat_jump_v1_r3/P2_gate_attempt_1.json
[2026-10-05T23:25:20+0800] P2 验收未通过，report.passed=false
[2026-10-05T23:25:20+0800] P2 验收命令：/usr/bin/python3 -m rl.evaluate --phase P2 --gate --checkpoint /run/media/pma213x/0C6A8CC86A8CAFCE/Ubuntu2/CodeU/Dog1/official-mini-cheetah/checkpoints/official_mini_cheetah_flat_jump_v1_r3/official_mini_cheetah_flat_jump_v1_r3_final.zip --output /run/media/pma213x/0C6A8CC86A8CAFCE/Ubuntu2/CodeU/Dog1/official-mini-cheetah/logs/official_mini_cheetah_flat_jump_v1_r3/P2_gate_attempt_2.json
[2026-10-05T23:25:40+0800] P2 验收未通过，report.passed=false
[2026-10-05T23:25:40+0800] P2 连续 Gate 批次结果=[False, False, False]
[2026-10-05T23:25:40+0800] P2 启动：/usr/bin/python3 -m rl.train --phase P2 --total-steps 460000 --device cuda --ckptdir /run/media/pma213x/0C6A8CC86A8CAFCE/Ubuntu2/CodeU/Dog1/official-mini-cheetah/checkpoints/official_mini_cheetah_flat_jump_v1_r3 --ckpt-prefix official_mini_cheetah_flat_jump_v1_r3 --logdir /run/media/pma213x/0C6A8CC86A8CAFCE/Ubuntu2/CodeU/Dog1/official-mini-cheetah/runs/official_mini_cheetah_flat_jump_v1_r3/P2_parallel --bridge-port 11452 --num-envs 4 --checkpoint-interval 20000 --randomization-mode fixed --seed 20261003 --phase-step-offset 50000 --resume /run/media/pma213x/0C6A8CC86A8CAFCE/Ubuntu2/CodeU/Dog1/official-mini-cheetah/checkpoints/official_mini_cheetah_flat_jump_v1_r3/official_mini_cheetah_flat_jump_v1_r3_final.zip
[2026-10-05T23:25:44+0800] P2 四 worker 实时健康确认通过
[2026-10-05T23:25:57+0800] P2 验收命令：/usr/bin/python3 -m rl.evaluate --phase P2 --gate --checkpoint /run/media/pma213x/0C6A8CC86A8CAFCE/Ubuntu2/CodeU/Dog1/official-mini-cheetah/checkpoints/official_mini_cheetah_flat_jump_v1_r3/official_mini_cheetah_flat_jump_v1_r3_final.zip --output /run/media/pma213x/0C6A8CC86A8CAFCE/Ubuntu2/CodeU/Dog1/official-mini-cheetah/logs/official_mini_cheetah_flat_jump_v1_r3/P2_gate_attempt_0.json
[2026-10-05T23:26:17+0800] P2 验收未通过，report.passed=false
[2026-10-05T23:26:17+0800] P2 验收命令：/usr/bin/python3 -m rl.evaluate --phase P2 --gate --checkpoint /run/media/pma213x/0C6A8CC86A8CAFCE/Ubuntu2/CodeU/Dog1/official-mini-cheetah/checkpoints/official_mini_cheetah_flat_jump_v1_r3/official_mini_cheetah_flat_jump_v1_r3_final.zip --output /run/media/pma213x/0C6A8CC86A8CAFCE/Ubuntu2/CodeU/Dog1/official-mini-cheetah/logs/official_mini_cheetah_flat_jump_v1_r3/P2_gate_attempt_1.json
[2026-10-05T23:26:37+0800] P2 验收未通过，report.passed=false
[2026-10-05T23:26:37+0800] P2 验收命令：/usr/bin/python3 -m rl.evaluate --phase P2 --gate --checkpoint /run/media/pma213x/0C6A8CC86A8CAFCE/Ubuntu2/CodeU/Dog1/official-mini-cheetah/checkpoints/official_mini_cheetah_flat_jump_v1_r3/official_mini_cheetah_flat_jump_v1_r3_final.zip --output /run/media/pma213x/0C6A8CC86A8CAFCE/Ubuntu2/CodeU/Dog1/official-mini-cheetah/logs/official_mini_cheetah_flat_jump_v1_r3/P2_gate_attempt_2.json
[2026-10-05T23:26:56+0800] P2 验收未通过，report.passed=false
[2026-10-05T23:26:56+0800] P2 连续 Gate 批次结果=[False, False, False]
[2026-10-05T23:26:56+0800] P2 启动：/usr/bin/python3 -m rl.train --phase P2 --total-steps 470000 --device cuda --ckptdir /run/media/pma213x/0C6A8CC86A8CAFCE/Ubuntu2/CodeU/Dog1/official-mini-cheetah/checkpoints/official_mini_cheetah_flat_jump_v1_r3 --ckpt-prefix official_mini_cheetah_flat_jump_v1_r3 --logdir /run/media/pma213x/0C6A8CC86A8CAFCE/Ubuntu2/CodeU/Dog1/official-mini-cheetah/runs/official_mini_cheetah_flat_jump_v1_r3/P2_parallel --bridge-port 11452 --num-envs 4 --checkpoint-interval 20000 --randomization-mode fixed --seed 20261003 --phase-step-offset 60000 --resume /run/media/pma213x/0C6A8CC86A8CAFCE/Ubuntu2/CodeU/Dog1/official-mini-cheetah/checkpoints/official_mini_cheetah_flat_jump_v1_r3/official_mini_cheetah_flat_jump_v1_r3_final.zip
[2026-10-05T23:27:01+0800] P2 四 worker 实时健康确认通过
[2026-10-05T23:27:14+0800] P2 验收命令：/usr/bin/python3 -m rl.evaluate --phase P2 --gate --checkpoint /run/media/pma213x/0C6A8CC86A8CAFCE/Ubuntu2/CodeU/Dog1/official-mini-cheetah/checkpoints/official_mini_cheetah_flat_jump_v1_r3/official_mini_cheetah_flat_jump_v1_r3_final.zip --output /run/media/pma213x/0C6A8CC86A8CAFCE/Ubuntu2/CodeU/Dog1/official-mini-cheetah/logs/official_mini_cheetah_flat_jump_v1_r3/P2_gate_attempt_0.json
[2026-10-05T23:27:34+0800] P2 验收未通过，report.passed=false
[2026-10-05T23:27:34+0800] P2 验收命令：/usr/bin/python3 -m rl.evaluate --phase P2 --gate --checkpoint /run/media/pma213x/0C6A8CC86A8CAFCE/Ubuntu2/CodeU/Dog1/official-mini-cheetah/checkpoints/official_mini_cheetah_flat_jump_v1_r3/official_mini_cheetah_flat_jump_v1_r3_final.zip --output /run/media/pma213x/0C6A8CC86A8CAFCE/Ubuntu2/CodeU/Dog1/official-mini-cheetah/logs/official_mini_cheetah_flat_jump_v1_r3/P2_gate_attempt_1.json
[2026-10-05T23:27:55+0800] P2 验收未通过，report.passed=false
[2026-10-05T23:27:55+0800] P2 验收命令：/usr/bin/python3 -m rl.evaluate --phase P2 --gate --checkpoint /run/media/pma213x/0C6A8CC86A8CAFCE/Ubuntu2/CodeU/Dog1/official-mini-cheetah/checkpoints/official_mini_cheetah_flat_jump_v1_r3/official_mini_cheetah_flat_jump_v1_r3_final.zip --output /run/media/pma213x/0C6A8CC86A8CAFCE/Ubuntu2/CodeU/Dog1/official-mini-cheetah/logs/official_mini_cheetah_flat_jump_v1_r3/P2_gate_attempt_2.json
[2026-10-05T23:28:15+0800] P2 验收未通过，report.passed=false
[2026-10-05T23:28:15+0800] P2 连续 Gate 批次结果=[False, False, False]
[2026-10-05T23:28:15+0800] P2 启动：/usr/bin/python3 -m rl.train --phase P2 --total-steps 480000 --device cuda --ckptdir /run/media/pma213x/0C6A8CC86A8CAFCE/Ubuntu2/CodeU/Dog1/official-mini-cheetah/checkpoints/official_mini_cheetah_flat_jump_v1_r3 --ckpt-prefix official_mini_cheetah_flat_jump_v1_r3 --logdir /run/media/pma213x/0C6A8CC86A8CAFCE/Ubuntu2/CodeU/Dog1/official-mini-cheetah/runs/official_mini_cheetah_flat_jump_v1_r3/P2_parallel --bridge-port 11452 --num-envs 4 --checkpoint-interval 20000 --randomization-mode fixed --seed 20261003 --phase-step-offset 70000 --resume /run/media/pma213x/0C6A8CC86A8CAFCE/Ubuntu2/CodeU/Dog1/official-mini-cheetah/checkpoints/official_mini_cheetah_flat_jump_v1_r3/official_mini_cheetah_flat_jump_v1_r3_final.zip
[2026-10-05T23:28:19+0800] P2 四 worker 实时健康确认通过
[2026-10-05T23:28:32+0800] P2 验收命令：/usr/bin/python3 -m rl.evaluate --phase P2 --gate --checkpoint /run/media/pma213x/0C6A8CC86A8CAFCE/Ubuntu2/CodeU/Dog1/official-mini-cheetah/checkpoints/official_mini_cheetah_flat_jump_v1_r3/official_mini_cheetah_flat_jump_v1_r3_final.zip --output /run/media/pma213x/0C6A8CC86A8CAFCE/Ubuntu2/CodeU/Dog1/official-mini-cheetah/logs/official_mini_cheetah_flat_jump_v1_r3/P2_gate_attempt_0.json
[2026-10-05T23:28:52+0800] P2 验收未通过，report.passed=false
[2026-10-05T23:28:52+0800] P2 验收命令：/usr/bin/python3 -m rl.evaluate --phase P2 --gate --checkpoint /run/media/pma213x/0C6A8CC86A8CAFCE/Ubuntu2/CodeU/Dog1/official-mini-cheetah/checkpoints/official_mini_cheetah_flat_jump_v1_r3/official_mini_cheetah_flat_jump_v1_r3_final.zip --output /run/media/pma213x/0C6A8CC86A8CAFCE/Ubuntu2/CodeU/Dog1/official-mini-cheetah/logs/official_mini_cheetah_flat_jump_v1_r3/P2_gate_attempt_1.json
[2026-10-05T23:29:12+0800] P2 验收未通过，report.passed=false
[2026-10-05T23:29:12+0800] P2 验收命令：/usr/bin/python3 -m rl.evaluate --phase P2 --gate --checkpoint /run/media/pma213x/0C6A8CC86A8CAFCE/Ubuntu2/CodeU/Dog1/official-mini-cheetah/checkpoints/official_mini_cheetah_flat_jump_v1_r3/official_mini_cheetah_flat_jump_v1_r3_final.zip --output /run/media/pma213x/0C6A8CC86A8CAFCE/Ubuntu2/CodeU/Dog1/official-mini-cheetah/logs/official_mini_cheetah_flat_jump_v1_r3/P2_gate_attempt_2.json
[2026-10-05T23:29:34+0800] P2 验收未通过，report.passed=false
[2026-10-05T23:29:34+0800] P2 连续 Gate 批次结果=[False, False, False]
[2026-10-05T23:29:34+0800] P2 启动：/usr/bin/python3 -m rl.train --phase P2 --total-steps 490000 --device cuda --ckptdir /run/media/pma213x/0C6A8CC86A8CAFCE/Ubuntu2/CodeU/Dog1/official-mini-cheetah/checkpoints/official_mini_cheetah_flat_jump_v1_r3 --ckpt-prefix official_mini_cheetah_flat_jump_v1_r3 --logdir /run/media/pma213x/0C6A8CC86A8CAFCE/Ubuntu2/CodeU/Dog1/official-mini-cheetah/runs/official_mini_cheetah_flat_jump_v1_r3/P2_parallel --bridge-port 11452 --num-envs 4 --checkpoint-interval 20000 --randomization-mode fixed --seed 20261003 --phase-step-offset 80000 --resume /run/media/pma213x/0C6A8CC86A8CAFCE/Ubuntu2/CodeU/Dog1/official-mini-cheetah/checkpoints/official_mini_cheetah_flat_jump_v1_r3/official_mini_cheetah_flat_jump_v1_r3_final.zip
[2026-10-05T23:29:39+0800] P2 四 worker 实时健康确认通过
[2026-10-05T23:29:57+0800] P2 验收命令：/usr/bin/python3 -m rl.evaluate --phase P2 --gate --checkpoint /run/media/pma213x/0C6A8CC86A8CAFCE/Ubuntu2/CodeU/Dog1/official-mini-cheetah/checkpoints/official_mini_cheetah_flat_jump_v1_r3/official_mini_cheetah_flat_jump_v1_r3_final.zip --output /run/media/pma213x/0C6A8CC86A8CAFCE/Ubuntu2/CodeU/Dog1/official-mini-cheetah/logs/official_mini_cheetah_flat_jump_v1_r3/P2_gate_attempt_0.json
[2026-10-05T23:30:20+0800] P2 验收未通过，report.passed=false
[2026-10-05T23:30:20+0800] P2 验收命令：/usr/bin/python3 -m rl.evaluate --phase P2 --gate --checkpoint /run/media/pma213x/0C6A8CC86A8CAFCE/Ubuntu2/CodeU/Dog1/official-mini-cheetah/checkpoints/official_mini_cheetah_flat_jump_v1_r3/official_mini_cheetah_flat_jump_v1_r3_final.zip --output /run/media/pma213x/0C6A8CC86A8CAFCE/Ubuntu2/CodeU/Dog1/official-mini-cheetah/logs/official_mini_cheetah_flat_jump_v1_r3/P2_gate_attempt_1.json
[2026-10-05T23:30:41+0800] P2 验收未通过，report.passed=false
[2026-10-05T23:30:41+0800] P2 验收命令：/usr/bin/python3 -m rl.evaluate --phase P2 --gate --checkpoint /run/media/pma213x/0C6A8CC86A8CAFCE/Ubuntu2/CodeU/Dog1/official-mini-cheetah/checkpoints/official_mini_cheetah_flat_jump_v1_r3/official_mini_cheetah_flat_jump_v1_r3_final.zip --output /run/media/pma213x/0C6A8CC86A8CAFCE/Ubuntu2/CodeU/Dog1/official-mini-cheetah/logs/official_mini_cheetah_flat_jump_v1_r3/P2_gate_attempt_2.json
[2026-10-05T23:31:01+0800] P2 验收未通过，report.passed=false
[2026-10-05T23:31:01+0800] P2 连续 Gate 批次结果=[False, False, False]
[2026-10-05T23:31:01+0800] P2 启动：/usr/bin/python3 -m rl.train --phase P2 --total-steps 500000 --device cuda --ckptdir /run/media/pma213x/0C6A8CC86A8CAFCE/Ubuntu2/CodeU/Dog1/official-mini-cheetah/checkpoints/official_mini_cheetah_flat_jump_v1_r3 --ckpt-prefix official_mini_cheetah_flat_jump_v1_r3 --logdir /run/media/pma213x/0C6A8CC86A8CAFCE/Ubuntu2/CodeU/Dog1/official-mini-cheetah/runs/official_mini_cheetah_flat_jump_v1_r3/P2_parallel --bridge-port 11452 --num-envs 4 --checkpoint-interval 20000 --randomization-mode fixed --seed 20261003 --phase-step-offset 90000 --resume /run/media/pma213x/0C6A8CC86A8CAFCE/Ubuntu2/CodeU/Dog1/official-mini-cheetah/checkpoints/official_mini_cheetah_flat_jump_v1_r3/official_mini_cheetah_flat_jump_v1_r3_final.zip
[2026-10-05T23:31:06+0800] P2 四 worker 实时健康确认通过
[2026-10-05T23:31:19+0800] P2 验收命令：/usr/bin/python3 -m rl.evaluate --phase P2 --gate --checkpoint /run/media/pma213x/0C6A8CC86A8CAFCE/Ubuntu2/CodeU/Dog1/official-mini-cheetah/checkpoints/official_mini_cheetah_flat_jump_v1_r3/official_mini_cheetah_flat_jump_v1_r3_final.zip --output /run/media/pma213x/0C6A8CC86A8CAFCE/Ubuntu2/CodeU/Dog1/official-mini-cheetah/logs/official_mini_cheetah_flat_jump_v1_r3/P2_gate_attempt_0.json
[2026-10-05T23:31:40+0800] P2 验收未通过，report.passed=false
[2026-10-05T23:31:40+0800] P2 验收命令：/usr/bin/python3 -m rl.evaluate --phase P2 --gate --checkpoint /run/media/pma213x/0C6A8CC86A8CAFCE/Ubuntu2/CodeU/Dog1/official-mini-cheetah/checkpoints/official_mini_cheetah_flat_jump_v1_r3/official_mini_cheetah_flat_jump_v1_r3_final.zip --output /run/media/pma213x/0C6A8CC86A8CAFCE/Ubuntu2/CodeU/Dog1/official-mini-cheetah/logs/official_mini_cheetah_flat_jump_v1_r3/P2_gate_attempt_1.json
[2026-10-05T23:32:00+0800] P2 验收未通过，report.passed=false
[2026-10-05T23:32:00+0800] P2 验收命令：/usr/bin/python3 -m rl.evaluate --phase P2 --gate --checkpoint /run/media/pma213x/0C6A8CC86A8CAFCE/Ubuntu2/CodeU/Dog1/official-mini-cheetah/checkpoints/official_mini_cheetah_flat_jump_v1_r3/official_mini_cheetah_flat_jump_v1_r3_final.zip --output /run/media/pma213x/0C6A8CC86A8CAFCE/Ubuntu2/CodeU/Dog1/official-mini-cheetah/logs/official_mini_cheetah_flat_jump_v1_r3/P2_gate_attempt_2.json
[2026-10-05T23:32:22+0800] P2 验收未通过，report.passed=false
[2026-10-05T23:32:22+0800] P2 连续 Gate 批次结果=[False, False, False]
[2026-10-05T23:32:22+0800] P2 启动：/usr/bin/python3 -m rl.train --phase P2 --total-steps 510000 --device cuda --ckptdir /run/media/pma213x/0C6A8CC86A8CAFCE/Ubuntu2/CodeU/Dog1/official-mini-cheetah/checkpoints/official_mini_cheetah_flat_jump_v1_r3 --ckpt-prefix official_mini_cheetah_flat_jump_v1_r3 --logdir /run/media/pma213x/0C6A8CC86A8CAFCE/Ubuntu2/CodeU/Dog1/official-mini-cheetah/runs/official_mini_cheetah_flat_jump_v1_r3/P2_parallel --bridge-port 11452 --num-envs 4 --checkpoint-interval 20000 --randomization-mode fixed --seed 20261003 --phase-step-offset 100000 --resume /run/media/pma213x/0C6A8CC86A8CAFCE/Ubuntu2/CodeU/Dog1/official-mini-cheetah/checkpoints/official_mini_cheetah_flat_jump_v1_r3/official_mini_cheetah_flat_jump_v1_r3_final.zip
[2026-10-05T23:32:27+0800] P2 四 worker 实时健康确认通过
[2026-10-05T23:32:40+0800] P2 验收命令：/usr/bin/python3 -m rl.evaluate --phase P2 --gate --checkpoint /run/media/pma213x/0C6A8CC86A8CAFCE/Ubuntu2/CodeU/Dog1/official-mini-cheetah/checkpoints/official_mini_cheetah_flat_jump_v1_r3/official_mini_cheetah_flat_jump_v1_r3_final.zip --output /run/media/pma213x/0C6A8CC86A8CAFCE/Ubuntu2/CodeU/Dog1/official-mini-cheetah/logs/official_mini_cheetah_flat_jump_v1_r3/P2_gate_attempt_0.json
[2026-10-05T23:33:02+0800] P2 验收未通过，report.passed=false
[2026-10-05T23:33:02+0800] P2 验收命令：/usr/bin/python3 -m rl.evaluate --phase P2 --gate --checkpoint /run/media/pma213x/0C6A8CC86A8CAFCE/Ubuntu2/CodeU/Dog1/official-mini-cheetah/checkpoints/official_mini_cheetah_flat_jump_v1_r3/official_mini_cheetah_flat_jump_v1_r3_final.zip --output /run/media/pma213x/0C6A8CC86A8CAFCE/Ubuntu2/CodeU/Dog1/official-mini-cheetah/logs/official_mini_cheetah_flat_jump_v1_r3/P2_gate_attempt_1.json
[2026-10-05T23:33:23+0800] P2 验收未通过，report.passed=false
[2026-10-05T23:33:23+0800] P2 验收命令：/usr/bin/python3 -m rl.evaluate --phase P2 --gate --checkpoint /run/media/pma213x/0C6A8CC86A8CAFCE/Ubuntu2/CodeU/Dog1/official-mini-cheetah/checkpoints/official_mini_cheetah_flat_jump_v1_r3/official_mini_cheetah_flat_jump_v1_r3_final.zip --output /run/media/pma213x/0C6A8CC86A8CAFCE/Ubuntu2/CodeU/Dog1/official-mini-cheetah/logs/official_mini_cheetah_flat_jump_v1_r3/P2_gate_attempt_2.json
[2026-10-05T23:33:46+0800] P2 验收未通过，report.passed=false
[2026-10-05T23:33:46+0800] P2 连续 Gate 批次结果=[False, False, False]
[2026-10-05T23:33:46+0800] P2 启动：/usr/bin/python3 -m rl.train --phase P2 --total-steps 520000 --device cuda --ckptdir /run/media/pma213x/0C6A8CC86A8CAFCE/Ubuntu2/CodeU/Dog1/official-mini-cheetah/checkpoints/official_mini_cheetah_flat_jump_v1_r3 --ckpt-prefix official_mini_cheetah_flat_jump_v1_r3 --logdir /run/media/pma213x/0C6A8CC86A8CAFCE/Ubuntu2/CodeU/Dog1/official-mini-cheetah/runs/official_mini_cheetah_flat_jump_v1_r3/P2_parallel --bridge-port 11452 --num-envs 4 --checkpoint-interval 20000 --randomization-mode fixed --seed 20261003 --phase-step-offset 110000 --resume /run/media/pma213x/0C6A8CC86A8CAFCE/Ubuntu2/CodeU/Dog1/official-mini-cheetah/checkpoints/official_mini_cheetah_flat_jump_v1_r3/official_mini_cheetah_flat_jump_v1_r3_final.zip
[2026-10-05T23:33:51+0800] P2 四 worker 实时健康确认通过
[2026-10-05T23:34:12+0800] P2 验收命令：/usr/bin/python3 -m rl.evaluate --phase P2 --gate --checkpoint /run/media/pma213x/0C6A8CC86A8CAFCE/Ubuntu2/CodeU/Dog1/official-mini-cheetah/checkpoints/official_mini_cheetah_flat_jump_v1_r3/official_mini_cheetah_flat_jump_v1_r3_final.zip --output /run/media/pma213x/0C6A8CC86A8CAFCE/Ubuntu2/CodeU/Dog1/official-mini-cheetah/logs/official_mini_cheetah_flat_jump_v1_r3/P2_gate_attempt_0.json
[2026-10-05T23:34:37+0800] P2 验收未通过，report.passed=false
[2026-10-05T23:34:37+0800] P2 验收命令：/usr/bin/python3 -m rl.evaluate --phase P2 --gate --checkpoint /run/media/pma213x/0C6A8CC86A8CAFCE/Ubuntu2/CodeU/Dog1/official-mini-cheetah/checkpoints/official_mini_cheetah_flat_jump_v1_r3/official_mini_cheetah_flat_jump_v1_r3_final.zip --output /run/media/pma213x/0C6A8CC86A8CAFCE/Ubuntu2/CodeU/Dog1/official-mini-cheetah/logs/official_mini_cheetah_flat_jump_v1_r3/P2_gate_attempt_1.json
[2026-10-05T23:35:01+0800] P2 验收未通过，report.passed=false
[2026-10-05T23:35:01+0800] P2 验收命令：/usr/bin/python3 -m rl.evaluate --phase P2 --gate --checkpoint /run/media/pma213x/0C6A8CC86A8CAFCE/Ubuntu2/CodeU/Dog1/official-mini-cheetah/checkpoints/official_mini_cheetah_flat_jump_v1_r3/official_mini_cheetah_flat_jump_v1_r3_final.zip --output /run/media/pma213x/0C6A8CC86A8CAFCE/Ubuntu2/CodeU/Dog1/official-mini-cheetah/logs/official_mini_cheetah_flat_jump_v1_r3/P2_gate_attempt_2.json
[2026-10-05T23:35:28+0800] P2 验收未通过，report.passed=false
[2026-10-05T23:35:28+0800] P2 连续 Gate 批次结果=[False, False, False]
[2026-10-05T23:35:28+0800] P2 启动：/usr/bin/python3 -m rl.train --phase P2 --total-steps 530000 --device cuda --ckptdir /run/media/pma213x/0C6A8CC86A8CAFCE/Ubuntu2/CodeU/Dog1/official-mini-cheetah/checkpoints/official_mini_cheetah_flat_jump_v1_r3 --ckpt-prefix official_mini_cheetah_flat_jump_v1_r3 --logdir /run/media/pma213x/0C6A8CC86A8CAFCE/Ubuntu2/CodeU/Dog1/official-mini-cheetah/runs/official_mini_cheetah_flat_jump_v1_r3/P2_parallel --bridge-port 11452 --num-envs 4 --checkpoint-interval 20000 --randomization-mode fixed --seed 20261003 --phase-step-offset 120000 --resume /run/media/pma213x/0C6A8CC86A8CAFCE/Ubuntu2/CodeU/Dog1/official-mini-cheetah/checkpoints/official_mini_cheetah_flat_jump_v1_r3/official_mini_cheetah_flat_jump_v1_r3_final.zip
[2026-10-05T23:35:33+0800] P2 四 worker 实时健康确认通过
[2026-10-05T23:35:48+0800] P2 验收命令：/usr/bin/python3 -m rl.evaluate --phase P2 --gate --checkpoint /run/media/pma213x/0C6A8CC86A8CAFCE/Ubuntu2/CodeU/Dog1/official-mini-cheetah/checkpoints/official_mini_cheetah_flat_jump_v1_r3/official_mini_cheetah_flat_jump_v1_r3_final.zip --output /run/media/pma213x/0C6A8CC86A8CAFCE/Ubuntu2/CodeU/Dog1/official-mini-cheetah/logs/official_mini_cheetah_flat_jump_v1_r3/P2_gate_attempt_0.json
[2026-10-05T23:36:14+0800] P2 验收未通过，report.passed=false
[2026-10-05T23:36:14+0800] P2 验收命令：/usr/bin/python3 -m rl.evaluate --phase P2 --gate --checkpoint /run/media/pma213x/0C6A8CC86A8CAFCE/Ubuntu2/CodeU/Dog1/official-mini-cheetah/checkpoints/official_mini_cheetah_flat_jump_v1_r3/official_mini_cheetah_flat_jump_v1_r3_final.zip --output /run/media/pma213x/0C6A8CC86A8CAFCE/Ubuntu2/CodeU/Dog1/official-mini-cheetah/logs/official_mini_cheetah_flat_jump_v1_r3/P2_gate_attempt_1.json
[2026-10-05T23:36:38+0800] P2 验收未通过，report.passed=false
[2026-10-05T23:36:38+0800] P2 验收命令：/usr/bin/python3 -m rl.evaluate --phase P2 --gate --checkpoint /run/media/pma213x/0C6A8CC86A8CAFCE/Ubuntu2/CodeU/Dog1/official-mini-cheetah/checkpoints/official_mini_cheetah_flat_jump_v1_r3/official_mini_cheetah_flat_jump_v1_r3_final.zip --output /run/media/pma213x/0C6A8CC86A8CAFCE/Ubuntu2/CodeU/Dog1/official-mini-cheetah/logs/official_mini_cheetah_flat_jump_v1_r3/P2_gate_attempt_2.json
[2026-10-05T23:37:04+0800] P2 验收未通过，report.passed=false
[2026-10-05T23:37:04+0800] P2 连续 Gate 批次结果=[False, False, False]
[2026-10-05T23:37:04+0800] P2 启动：/usr/bin/python3 -m rl.train --phase P2 --total-steps 540000 --device cuda --ckptdir /run/media/pma213x/0C6A8CC86A8CAFCE/Ubuntu2/CodeU/Dog1/official-mini-cheetah/checkpoints/official_mini_cheetah_flat_jump_v1_r3 --ckpt-prefix official_mini_cheetah_flat_jump_v1_r3 --logdir /run/media/pma213x/0C6A8CC86A8CAFCE/Ubuntu2/CodeU/Dog1/official-mini-cheetah/runs/official_mini_cheetah_flat_jump_v1_r3/P2_parallel --bridge-port 11452 --num-envs 4 --checkpoint-interval 20000 --randomization-mode fixed --seed 20261003 --phase-step-offset 130000 --resume /run/media/pma213x/0C6A8CC86A8CAFCE/Ubuntu2/CodeU/Dog1/official-mini-cheetah/checkpoints/official_mini_cheetah_flat_jump_v1_r3/official_mini_cheetah_flat_jump_v1_r3_final.zip
[2026-10-05T23:37:08+0800] P2 四 worker 实时健康确认通过
[2026-10-05T23:37:28+0800] P2 验收命令：/usr/bin/python3 -m rl.evaluate --phase P2 --gate --checkpoint /run/media/pma213x/0C6A8CC86A8CAFCE/Ubuntu2/CodeU/Dog1/official-mini-cheetah/checkpoints/official_mini_cheetah_flat_jump_v1_r3/official_mini_cheetah_flat_jump_v1_r3_final.zip --output /run/media/pma213x/0C6A8CC86A8CAFCE/Ubuntu2/CodeU/Dog1/official-mini-cheetah/logs/official_mini_cheetah_flat_jump_v1_r3/P2_gate_attempt_0.json
[2026-10-05T23:37:54+0800] P2 验收未通过，report.passed=false
[2026-10-05T23:37:54+0800] P2 验收命令：/usr/bin/python3 -m rl.evaluate --phase P2 --gate --checkpoint /run/media/pma213x/0C6A8CC86A8CAFCE/Ubuntu2/CodeU/Dog1/official-mini-cheetah/checkpoints/official_mini_cheetah_flat_jump_v1_r3/official_mini_cheetah_flat_jump_v1_r3_final.zip --output /run/media/pma213x/0C6A8CC86A8CAFCE/Ubuntu2/CodeU/Dog1/official-mini-cheetah/logs/official_mini_cheetah_flat_jump_v1_r3/P2_gate_attempt_1.json
[2026-10-05T23:38:21+0800] P2 验收未通过，report.passed=false
[2026-10-05T23:38:21+0800] P2 验收命令：/usr/bin/python3 -m rl.evaluate --phase P2 --gate --checkpoint /run/media/pma213x/0C6A8CC86A8CAFCE/Ubuntu2/CodeU/Dog1/official-mini-cheetah/checkpoints/official_mini_cheetah_flat_jump_v1_r3/official_mini_cheetah_flat_jump_v1_r3_final.zip --output /run/media/pma213x/0C6A8CC86A8CAFCE/Ubuntu2/CodeU/Dog1/official-mini-cheetah/logs/official_mini_cheetah_flat_jump_v1_r3/P2_gate_attempt_2.json
[2026-10-05T23:38:47+0800] P2 验收未通过，report.passed=false
[2026-10-05T23:38:47+0800] P2 连续 Gate 批次结果=[False, False, False]
[2026-10-05T23:38:47+0800] P2 启动：/usr/bin/python3 -m rl.train --phase P2 --total-steps 550000 --device cuda --ckptdir /run/media/pma213x/0C6A8CC86A8CAFCE/Ubuntu2/CodeU/Dog1/official-mini-cheetah/checkpoints/official_mini_cheetah_flat_jump_v1_r3 --ckpt-prefix official_mini_cheetah_flat_jump_v1_r3 --logdir /run/media/pma213x/0C6A8CC86A8CAFCE/Ubuntu2/CodeU/Dog1/official-mini-cheetah/runs/official_mini_cheetah_flat_jump_v1_r3/P2_parallel --bridge-port 11452 --num-envs 4 --checkpoint-interval 20000 --randomization-mode fixed --seed 20261003 --phase-step-offset 140000 --resume /run/media/pma213x/0C6A8CC86A8CAFCE/Ubuntu2/CodeU/Dog1/official-mini-cheetah/checkpoints/official_mini_cheetah_flat_jump_v1_r3/official_mini_cheetah_flat_jump_v1_r3_final.zip
[2026-10-05T23:38:51+0800] P2 四 worker 实时健康确认通过
[2026-10-05T23:39:11+0800] P2 验收命令：/usr/bin/python3 -m rl.evaluate --phase P2 --gate --checkpoint /run/media/pma213x/0C6A8CC86A8CAFCE/Ubuntu2/CodeU/Dog1/official-mini-cheetah/checkpoints/official_mini_cheetah_flat_jump_v1_r3/official_mini_cheetah_flat_jump_v1_r3_final.zip --output /run/media/pma213x/0C6A8CC86A8CAFCE/Ubuntu2/CodeU/Dog1/official-mini-cheetah/logs/official_mini_cheetah_flat_jump_v1_r3/P2_gate_attempt_0.json
[2026-10-05T23:39:37+0800] P2 验收未通过，report.passed=false
[2026-10-05T23:39:37+0800] P2 验收命令：/usr/bin/python3 -m rl.evaluate --phase P2 --gate --checkpoint /run/media/pma213x/0C6A8CC86A8CAFCE/Ubuntu2/CodeU/Dog1/official-mini-cheetah/checkpoints/official_mini_cheetah_flat_jump_v1_r3/official_mini_cheetah_flat_jump_v1_r3_final.zip --output /run/media/pma213x/0C6A8CC86A8CAFCE/Ubuntu2/CodeU/Dog1/official-mini-cheetah/logs/official_mini_cheetah_flat_jump_v1_r3/P2_gate_attempt_1.json
[2026-10-05T23:40:03+0800] P2 验收未通过，report.passed=false
[2026-10-05T23:40:03+0800] P2 验收命令：/usr/bin/python3 -m rl.evaluate --phase P2 --gate --checkpoint /run/media/pma213x/0C6A8CC86A8CAFCE/Ubuntu2/CodeU/Dog1/official-mini-cheetah/checkpoints/official_mini_cheetah_flat_jump_v1_r3/official_mini_cheetah_flat_jump_v1_r3_final.zip --output /run/media/pma213x/0C6A8CC86A8CAFCE/Ubuntu2/CodeU/Dog1/official-mini-cheetah/logs/official_mini_cheetah_flat_jump_v1_r3/P2_gate_attempt_2.json
[2026-10-05T23:40:30+0800] P2 验收未通过，report.passed=false
[2026-10-05T23:40:30+0800] P2 连续 Gate 批次结果=[False, False, False]
[2026-10-05T23:40:30+0800] P2 启动：/usr/bin/python3 -m rl.train --phase P2 --total-steps 560000 --device cuda --ckptdir /run/media/pma213x/0C6A8CC86A8CAFCE/Ubuntu2/CodeU/Dog1/official-mini-cheetah/checkpoints/official_mini_cheetah_flat_jump_v1_r3 --ckpt-prefix official_mini_cheetah_flat_jump_v1_r3 --logdir /run/media/pma213x/0C6A8CC86A8CAFCE/Ubuntu2/CodeU/Dog1/official-mini-cheetah/runs/official_mini_cheetah_flat_jump_v1_r3/P2_parallel --bridge-port 11452 --num-envs 4 --checkpoint-interval 20000 --randomization-mode fixed --seed 20261003 --phase-step-offset 150000 --resume /run/media/pma213x/0C6A8CC86A8CAFCE/Ubuntu2/CodeU/Dog1/official-mini-cheetah/checkpoints/official_mini_cheetah_flat_jump_v1_r3/official_mini_cheetah_flat_jump_v1_r3_final.zip
[2026-10-05T23:40:34+0800] P2 四 worker 实时健康确认通过
[2026-10-05T23:40:54+0800] P2 验收命令：/usr/bin/python3 -m rl.evaluate --phase P2 --gate --checkpoint /run/media/pma213x/0C6A8CC86A8CAFCE/Ubuntu2/CodeU/Dog1/official-mini-cheetah/checkpoints/official_mini_cheetah_flat_jump_v1_r3/official_mini_cheetah_flat_jump_v1_r3_final.zip --output /run/media/pma213x/0C6A8CC86A8CAFCE/Ubuntu2/CodeU/Dog1/official-mini-cheetah/logs/official_mini_cheetah_flat_jump_v1_r3/P2_gate_attempt_0.json
[2026-10-05T23:41:20+0800] P2 验收未通过，report.passed=false
[2026-10-05T23:41:20+0800] P2 验收命令：/usr/bin/python3 -m rl.evaluate --phase P2 --gate --checkpoint /run/media/pma213x/0C6A8CC86A8CAFCE/Ubuntu2/CodeU/Dog1/official-mini-cheetah/checkpoints/official_mini_cheetah_flat_jump_v1_r3/official_mini_cheetah_flat_jump_v1_r3_final.zip --output /run/media/pma213x/0C6A8CC86A8CAFCE/Ubuntu2/CodeU/Dog1/official-mini-cheetah/logs/official_mini_cheetah_flat_jump_v1_r3/P2_gate_attempt_1.json
[2026-10-05T23:41:47+0800] P2 验收未通过，report.passed=false
[2026-10-05T23:41:47+0800] P2 验收命令：/usr/bin/python3 -m rl.evaluate --phase P2 --gate --checkpoint /run/media/pma213x/0C6A8CC86A8CAFCE/Ubuntu2/CodeU/Dog1/official-mini-cheetah/checkpoints/official_mini_cheetah_flat_jump_v1_r3/official_mini_cheetah_flat_jump_v1_r3_final.zip --output /run/media/pma213x/0C6A8CC86A8CAFCE/Ubuntu2/CodeU/Dog1/official-mini-cheetah/logs/official_mini_cheetah_flat_jump_v1_r3/P2_gate_attempt_2.json
[2026-10-05T23:42:12+0800] P2 验收未通过，report.passed=false
[2026-10-05T23:42:12+0800] P2 连续 Gate 批次结果=[False, False, False]
[2026-10-05T23:42:12+0800] P2 启动：/usr/bin/python3 -m rl.train --phase P2 --total-steps 570000 --device cuda --ckptdir /run/media/pma213x/0C6A8CC86A8CAFCE/Ubuntu2/CodeU/Dog1/official-mini-cheetah/checkpoints/official_mini_cheetah_flat_jump_v1_r3 --ckpt-prefix official_mini_cheetah_flat_jump_v1_r3 --logdir /run/media/pma213x/0C6A8CC86A8CAFCE/Ubuntu2/CodeU/Dog1/official-mini-cheetah/runs/official_mini_cheetah_flat_jump_v1_r3/P2_parallel --bridge-port 11452 --num-envs 4 --checkpoint-interval 20000 --randomization-mode fixed --seed 20261003 --phase-step-offset 160000 --resume /run/media/pma213x/0C6A8CC86A8CAFCE/Ubuntu2/CodeU/Dog1/official-mini-cheetah/checkpoints/official_mini_cheetah_flat_jump_v1_r3/official_mini_cheetah_flat_jump_v1_r3_final.zip
[2026-10-05T23:42:16+0800] P2 四 worker 实时健康确认通过
[2026-10-05T23:42:34+0800] P2 验收命令：/usr/bin/python3 -m rl.evaluate --phase P2 --gate --checkpoint /run/media/pma213x/0C6A8CC86A8CAFCE/Ubuntu2/CodeU/Dog1/official-mini-cheetah/checkpoints/official_mini_cheetah_flat_jump_v1_r3/official_mini_cheetah_flat_jump_v1_r3_final.zip --output /run/media/pma213x/0C6A8CC86A8CAFCE/Ubuntu2/CodeU/Dog1/official-mini-cheetah/logs/official_mini_cheetah_flat_jump_v1_r3/P2_gate_attempt_0.json
[2026-10-05T23:42:55+0800] P2 验收未通过，report.passed=false
[2026-10-05T23:42:55+0800] P2 验收命令：/usr/bin/python3 -m rl.evaluate --phase P2 --gate --checkpoint /run/media/pma213x/0C6A8CC86A8CAFCE/Ubuntu2/CodeU/Dog1/official-mini-cheetah/checkpoints/official_mini_cheetah_flat_jump_v1_r3/official_mini_cheetah_flat_jump_v1_r3_final.zip --output /run/media/pma213x/0C6A8CC86A8CAFCE/Ubuntu2/CodeU/Dog1/official-mini-cheetah/logs/official_mini_cheetah_flat_jump_v1_r3/P2_gate_attempt_1.json
[2026-10-05T23:43:15+0800] P2 验收未通过，report.passed=false
[2026-10-05T23:43:15+0800] P2 验收命令：/usr/bin/python3 -m rl.evaluate --phase P2 --gate --checkpoint /run/media/pma213x/0C6A8CC86A8CAFCE/Ubuntu2/CodeU/Dog1/official-mini-cheetah/checkpoints/official_mini_cheetah_flat_jump_v1_r3/official_mini_cheetah_flat_jump_v1_r3_final.zip --output /run/media/pma213x/0C6A8CC86A8CAFCE/Ubuntu2/CodeU/Dog1/official-mini-cheetah/logs/official_mini_cheetah_flat_jump_v1_r3/P2_gate_attempt_2.json
[2026-10-05T23:43:36+0800] P2 验收未通过，report.passed=false
[2026-10-05T23:43:36+0800] P2 连续 Gate 批次结果=[False, False, False]
[2026-10-05T23:43:36+0800] P2 启动：/usr/bin/python3 -m rl.train --phase P2 --total-steps 580000 --device cuda --ckptdir /run/media/pma213x/0C6A8CC86A8CAFCE/Ubuntu2/CodeU/Dog1/official-mini-cheetah/checkpoints/official_mini_cheetah_flat_jump_v1_r3 --ckpt-prefix official_mini_cheetah_flat_jump_v1_r3 --logdir /run/media/pma213x/0C6A8CC86A8CAFCE/Ubuntu2/CodeU/Dog1/official-mini-cheetah/runs/official_mini_cheetah_flat_jump_v1_r3/P2_parallel --bridge-port 11452 --num-envs 4 --checkpoint-interval 20000 --randomization-mode fixed --seed 20261003 --phase-step-offset 170000 --resume /run/media/pma213x/0C6A8CC86A8CAFCE/Ubuntu2/CodeU/Dog1/official-mini-cheetah/checkpoints/official_mini_cheetah_flat_jump_v1_r3/official_mini_cheetah_flat_jump_v1_r3_final.zip
[2026-10-05T23:43:41+0800] P2 四 worker 实时健康确认通过
[2026-10-05T23:43:56+0800] P2 验收命令：/usr/bin/python3 -m rl.evaluate --phase P2 --gate --checkpoint /run/media/pma213x/0C6A8CC86A8CAFCE/Ubuntu2/CodeU/Dog1/official-mini-cheetah/checkpoints/official_mini_cheetah_flat_jump_v1_r3/official_mini_cheetah_flat_jump_v1_r3_final.zip --output /run/media/pma213x/0C6A8CC86A8CAFCE/Ubuntu2/CodeU/Dog1/official-mini-cheetah/logs/official_mini_cheetah_flat_jump_v1_r3/P2_gate_attempt_0.json
[2026-10-05T23:44:19+0800] P2 验收未通过，report.passed=false
[2026-10-05T23:44:19+0800] P2 验收命令：/usr/bin/python3 -m rl.evaluate --phase P2 --gate --checkpoint /run/media/pma213x/0C6A8CC86A8CAFCE/Ubuntu2/CodeU/Dog1/official-mini-cheetah/checkpoints/official_mini_cheetah_flat_jump_v1_r3/official_mini_cheetah_flat_jump_v1_r3_final.zip --output /run/media/pma213x/0C6A8CC86A8CAFCE/Ubuntu2/CodeU/Dog1/official-mini-cheetah/logs/official_mini_cheetah_flat_jump_v1_r3/P2_gate_attempt_1.json
[2026-10-05T23:44:40+0800] P2 验收未通过，report.passed=false
[2026-10-05T23:44:40+0800] P2 验收命令：/usr/bin/python3 -m rl.evaluate --phase P2 --gate --checkpoint /run/media/pma213x/0C6A8CC86A8CAFCE/Ubuntu2/CodeU/Dog1/official-mini-cheetah/checkpoints/official_mini_cheetah_flat_jump_v1_r3/official_mini_cheetah_flat_jump_v1_r3_final.zip --output /run/media/pma213x/0C6A8CC86A8CAFCE/Ubuntu2/CodeU/Dog1/official-mini-cheetah/logs/official_mini_cheetah_flat_jump_v1_r3/P2_gate_attempt_2.json
[2026-10-05T23:45:03+0800] P2 验收未通过，report.passed=false
[2026-10-05T23:45:03+0800] P2 连续 Gate 批次结果=[False, False, False]
[2026-10-05T23:45:03+0800] P2 启动：/usr/bin/python3 -m rl.train --phase P2 --total-steps 590000 --device cuda --ckptdir /run/media/pma213x/0C6A8CC86A8CAFCE/Ubuntu2/CodeU/Dog1/official-mini-cheetah/checkpoints/official_mini_cheetah_flat_jump_v1_r3 --ckpt-prefix official_mini_cheetah_flat_jump_v1_r3 --logdir /run/media/pma213x/0C6A8CC86A8CAFCE/Ubuntu2/CodeU/Dog1/official-mini-cheetah/runs/official_mini_cheetah_flat_jump_v1_r3/P2_parallel --bridge-port 11452 --num-envs 4 --checkpoint-interval 20000 --randomization-mode fixed --seed 20261003 --phase-step-offset 180000 --resume /run/media/pma213x/0C6A8CC86A8CAFCE/Ubuntu2/CodeU/Dog1/official-mini-cheetah/checkpoints/official_mini_cheetah_flat_jump_v1_r3/official_mini_cheetah_flat_jump_v1_r3_final.zip
[2026-10-05T23:45:08+0800] P2 四 worker 实时健康确认通过
[2026-10-05T23:45:22+0800] P2 验收命令：/usr/bin/python3 -m rl.evaluate --phase P2 --gate --checkpoint /run/media/pma213x/0C6A8CC86A8CAFCE/Ubuntu2/CodeU/Dog1/official-mini-cheetah/checkpoints/official_mini_cheetah_flat_jump_v1_r3/official_mini_cheetah_flat_jump_v1_r3_final.zip --output /run/media/pma213x/0C6A8CC86A8CAFCE/Ubuntu2/CodeU/Dog1/official-mini-cheetah/logs/official_mini_cheetah_flat_jump_v1_r3/P2_gate_attempt_0.json
[2026-10-05T23:45:45+0800] P2 验收未通过，report.passed=false
[2026-10-05T23:45:45+0800] P2 验收命令：/usr/bin/python3 -m rl.evaluate --phase P2 --gate --checkpoint /run/media/pma213x/0C6A8CC86A8CAFCE/Ubuntu2/CodeU/Dog1/official-mini-cheetah/checkpoints/official_mini_cheetah_flat_jump_v1_r3/official_mini_cheetah_flat_jump_v1_r3_final.zip --output /run/media/pma213x/0C6A8CC86A8CAFCE/Ubuntu2/CodeU/Dog1/official-mini-cheetah/logs/official_mini_cheetah_flat_jump_v1_r3/P2_gate_attempt_1.json
[2026-10-05T23:46:05+0800] P2 验收未通过，report.passed=false
[2026-10-05T23:46:05+0800] P2 验收命令：/usr/bin/python3 -m rl.evaluate --phase P2 --gate --checkpoint /run/media/pma213x/0C6A8CC86A8CAFCE/Ubuntu2/CodeU/Dog1/official-mini-cheetah/checkpoints/official_mini_cheetah_flat_jump_v1_r3/official_mini_cheetah_flat_jump_v1_r3_final.zip --output /run/media/pma213x/0C6A8CC86A8CAFCE/Ubuntu2/CodeU/Dog1/official-mini-cheetah/logs/official_mini_cheetah_flat_jump_v1_r3/P2_gate_attempt_2.json
[2026-10-05T23:46:27+0800] P2 验收未通过，report.passed=false
[2026-10-05T23:46:27+0800] P2 连续 Gate 批次结果=[False, False, False]
[2026-10-05T23:46:27+0800] P2 启动：/usr/bin/python3 -m rl.train --phase P2 --total-steps 600000 --device cuda --ckptdir /run/media/pma213x/0C6A8CC86A8CAFCE/Ubuntu2/CodeU/Dog1/official-mini-cheetah/checkpoints/official_mini_cheetah_flat_jump_v1_r3 --ckpt-prefix official_mini_cheetah_flat_jump_v1_r3 --logdir /run/media/pma213x/0C6A8CC86A8CAFCE/Ubuntu2/CodeU/Dog1/official-mini-cheetah/runs/official_mini_cheetah_flat_jump_v1_r3/P2_parallel --bridge-port 11452 --num-envs 4 --checkpoint-interval 20000 --randomization-mode fixed --seed 20261003 --phase-step-offset 190000 --resume /run/media/pma213x/0C6A8CC86A8CAFCE/Ubuntu2/CodeU/Dog1/official-mini-cheetah/checkpoints/official_mini_cheetah_flat_jump_v1_r3/official_mini_cheetah_flat_jump_v1_r3_final.zip
[2026-10-05T23:46:31+0800] P2 四 worker 实时健康确认通过
[2026-10-05T23:46:45+0800] P2 验收命令：/usr/bin/python3 -m rl.evaluate --phase P2 --gate --checkpoint /run/media/pma213x/0C6A8CC86A8CAFCE/Ubuntu2/CodeU/Dog1/official-mini-cheetah/checkpoints/official_mini_cheetah_flat_jump_v1_r3/official_mini_cheetah_flat_jump_v1_r3_final.zip --output /run/media/pma213x/0C6A8CC86A8CAFCE/Ubuntu2/CodeU/Dog1/official-mini-cheetah/logs/official_mini_cheetah_flat_jump_v1_r3/P2_gate_attempt_0.json
[2026-10-05T23:47:06+0800] P2 验收未通过，report.passed=false
[2026-10-05T23:47:06+0800] P2 验收命令：/usr/bin/python3 -m rl.evaluate --phase P2 --gate --checkpoint /run/media/pma213x/0C6A8CC86A8CAFCE/Ubuntu2/CodeU/Dog1/official-mini-cheetah/checkpoints/official_mini_cheetah_flat_jump_v1_r3/official_mini_cheetah_flat_jump_v1_r3_final.zip --output /run/media/pma213x/0C6A8CC86A8CAFCE/Ubuntu2/CodeU/Dog1/official-mini-cheetah/logs/official_mini_cheetah_flat_jump_v1_r3/P2_gate_attempt_1.json
[2026-10-05T23:47:29+0800] P2 验收未通过，report.passed=false
[2026-10-05T23:47:29+0800] P2 验收命令：/usr/bin/python3 -m rl.evaluate --phase P2 --gate --checkpoint /run/media/pma213x/0C6A8CC86A8CAFCE/Ubuntu2/CodeU/Dog1/official-mini-cheetah/checkpoints/official_mini_cheetah_flat_jump_v1_r3/official_mini_cheetah_flat_jump_v1_r3_final.zip --output /run/media/pma213x/0C6A8CC86A8CAFCE/Ubuntu2/CodeU/Dog1/official-mini-cheetah/logs/official_mini_cheetah_flat_jump_v1_r3/P2_gate_attempt_2.json
[2026-10-05T23:47:50+0800] P2 验收未通过，report.passed=false
[2026-10-05T23:47:50+0800] P2 连续 Gate 批次结果=[False, False, False]
[2026-10-05T23:47:50+0800] P2 启动：/usr/bin/python3 -m rl.train --phase P2 --total-steps 610000 --device cuda --ckptdir /run/media/pma213x/0C6A8CC86A8CAFCE/Ubuntu2/CodeU/Dog1/official-mini-cheetah/checkpoints/official_mini_cheetah_flat_jump_v1_r3 --ckpt-prefix official_mini_cheetah_flat_jump_v1_r3 --logdir /run/media/pma213x/0C6A8CC86A8CAFCE/Ubuntu2/CodeU/Dog1/official-mini-cheetah/runs/official_mini_cheetah_flat_jump_v1_r3/P2_parallel --bridge-port 11452 --num-envs 4 --checkpoint-interval 20000 --randomization-mode fixed --seed 20261003 --phase-step-offset 200000 --resume /run/media/pma213x/0C6A8CC86A8CAFCE/Ubuntu2/CodeU/Dog1/official-mini-cheetah/checkpoints/official_mini_cheetah_flat_jump_v1_r3/official_mini_cheetah_flat_jump_v1_r3_final.zip
[2026-10-05T23:47:54+0800] P2 四 worker 实时健康确认通过
[2026-10-05T23:48:09+0800] P2 验收命令：/usr/bin/python3 -m rl.evaluate --phase P2 --gate --checkpoint /run/media/pma213x/0C6A8CC86A8CAFCE/Ubuntu2/CodeU/Dog1/official-mini-cheetah/checkpoints/official_mini_cheetah_flat_jump_v1_r3/official_mini_cheetah_flat_jump_v1_r3_final.zip --output /run/media/pma213x/0C6A8CC86A8CAFCE/Ubuntu2/CodeU/Dog1/official-mini-cheetah/logs/official_mini_cheetah_flat_jump_v1_r3/P2_gate_attempt_0.json
[2026-10-05T23:48:30+0800] P2 验收未通过，report.passed=false
[2026-10-05T23:48:30+0800] P2 验收命令：/usr/bin/python3 -m rl.evaluate --phase P2 --gate --checkpoint /run/media/pma213x/0C6A8CC86A8CAFCE/Ubuntu2/CodeU/Dog1/official-mini-cheetah/checkpoints/official_mini_cheetah_flat_jump_v1_r3/official_mini_cheetah_flat_jump_v1_r3_final.zip --output /run/media/pma213x/0C6A8CC86A8CAFCE/Ubuntu2/CodeU/Dog1/official-mini-cheetah/logs/official_mini_cheetah_flat_jump_v1_r3/P2_gate_attempt_1.json
[2026-10-05T23:48:52+0800] P2 验收未通过，report.passed=false
[2026-10-05T23:48:52+0800] P2 验收命令：/usr/bin/python3 -m rl.evaluate --phase P2 --gate --checkpoint /run/media/pma213x/0C6A8CC86A8CAFCE/Ubuntu2/CodeU/Dog1/official-mini-cheetah/checkpoints/official_mini_cheetah_flat_jump_v1_r3/official_mini_cheetah_flat_jump_v1_r3_final.zip --output /run/media/pma213x/0C6A8CC86A8CAFCE/Ubuntu2/CodeU/Dog1/official-mini-cheetah/logs/official_mini_cheetah_flat_jump_v1_r3/P2_gate_attempt_2.json
[2026-10-05T23:49:13+0800] P2 验收未通过，report.passed=false
[2026-10-05T23:49:13+0800] P2 连续 Gate 批次结果=[False, False, False]
[2026-10-05T23:49:13+0800] P2 启动：/usr/bin/python3 -m rl.train --phase P2 --total-steps 620000 --device cuda --ckptdir /run/media/pma213x/0C6A8CC86A8CAFCE/Ubuntu2/CodeU/Dog1/official-mini-cheetah/checkpoints/official_mini_cheetah_flat_jump_v1_r3 --ckpt-prefix official_mini_cheetah_flat_jump_v1_r3 --logdir /run/media/pma213x/0C6A8CC86A8CAFCE/Ubuntu2/CodeU/Dog1/official-mini-cheetah/runs/official_mini_cheetah_flat_jump_v1_r3/P2_parallel --bridge-port 11452 --num-envs 4 --checkpoint-interval 20000 --randomization-mode fixed --seed 20261003 --phase-step-offset 210000 --resume /run/media/pma213x/0C6A8CC86A8CAFCE/Ubuntu2/CodeU/Dog1/official-mini-cheetah/checkpoints/official_mini_cheetah_flat_jump_v1_r3/official_mini_cheetah_flat_jump_v1_r3_final.zip
[2026-10-05T23:49:18+0800] P2 四 worker 实时健康确认通过
[2026-10-05T23:49:33+0800] P2 验收命令：/usr/bin/python3 -m rl.evaluate --phase P2 --gate --checkpoint /run/media/pma213x/0C6A8CC86A8CAFCE/Ubuntu2/CodeU/Dog1/official-mini-cheetah/checkpoints/official_mini_cheetah_flat_jump_v1_r3/official_mini_cheetah_flat_jump_v1_r3_final.zip --output /run/media/pma213x/0C6A8CC86A8CAFCE/Ubuntu2/CodeU/Dog1/official-mini-cheetah/logs/official_mini_cheetah_flat_jump_v1_r3/P2_gate_attempt_0.json
[2026-10-05T23:49:54+0800] P2 验收未通过，report.passed=false
[2026-10-05T23:49:54+0800] P2 验收命令：/usr/bin/python3 -m rl.evaluate --phase P2 --gate --checkpoint /run/media/pma213x/0C6A8CC86A8CAFCE/Ubuntu2/CodeU/Dog1/official-mini-cheetah/checkpoints/official_mini_cheetah_flat_jump_v1_r3/official_mini_cheetah_flat_jump_v1_r3_final.zip --output /run/media/pma213x/0C6A8CC86A8CAFCE/Ubuntu2/CodeU/Dog1/official-mini-cheetah/logs/official_mini_cheetah_flat_jump_v1_r3/P2_gate_attempt_1.json
[2026-10-05T23:50:15+0800] P2 验收未通过，report.passed=false
[2026-10-05T23:50:15+0800] P2 验收命令：/usr/bin/python3 -m rl.evaluate --phase P2 --gate --checkpoint /run/media/pma213x/0C6A8CC86A8CAFCE/Ubuntu2/CodeU/Dog1/official-mini-cheetah/checkpoints/official_mini_cheetah_flat_jump_v1_r3/official_mini_cheetah_flat_jump_v1_r3_final.zip --output /run/media/pma213x/0C6A8CC86A8CAFCE/Ubuntu2/CodeU/Dog1/official-mini-cheetah/logs/official_mini_cheetah_flat_jump_v1_r3/P2_gate_attempt_2.json
[2026-10-05T23:50:36+0800] P2 验收未通过，report.passed=false
[2026-10-05T23:50:36+0800] P2 连续 Gate 批次结果=[False, False, False]
[2026-10-05T23:50:36+0800] P2 启动：/usr/bin/python3 -m rl.train --phase P2 --total-steps 630000 --device cuda --ckptdir /run/media/pma213x/0C6A8CC86A8CAFCE/Ubuntu2/CodeU/Dog1/official-mini-cheetah/checkpoints/official_mini_cheetah_flat_jump_v1_r3 --ckpt-prefix official_mini_cheetah_flat_jump_v1_r3 --logdir /run/media/pma213x/0C6A8CC86A8CAFCE/Ubuntu2/CodeU/Dog1/official-mini-cheetah/runs/official_mini_cheetah_flat_jump_v1_r3/P2_parallel --bridge-port 11452 --num-envs 4 --checkpoint-interval 20000 --randomization-mode fixed --seed 20261003 --phase-step-offset 220000 --resume /run/media/pma213x/0C6A8CC86A8CAFCE/Ubuntu2/CodeU/Dog1/official-mini-cheetah/checkpoints/official_mini_cheetah_flat_jump_v1_r3/official_mini_cheetah_flat_jump_v1_r3_final.zip
[2026-10-05T23:50:40+0800] P2 四 worker 实时健康确认通过
[2026-10-05T23:50:55+0800] P2 验收命令：/usr/bin/python3 -m rl.evaluate --phase P2 --gate --checkpoint /run/media/pma213x/0C6A8CC86A8CAFCE/Ubuntu2/CodeU/Dog1/official-mini-cheetah/checkpoints/official_mini_cheetah_flat_jump_v1_r3/official_mini_cheetah_flat_jump_v1_r3_final.zip --output /run/media/pma213x/0C6A8CC86A8CAFCE/Ubuntu2/CodeU/Dog1/official-mini-cheetah/logs/official_mini_cheetah_flat_jump_v1_r3/P2_gate_attempt_0.json
[2026-10-05T23:51:18+0800] P2 验收未通过，report.passed=false
[2026-10-05T23:51:18+0800] P2 验收命令：/usr/bin/python3 -m rl.evaluate --phase P2 --gate --checkpoint /run/media/pma213x/0C6A8CC86A8CAFCE/Ubuntu2/CodeU/Dog1/official-mini-cheetah/checkpoints/official_mini_cheetah_flat_jump_v1_r3/official_mini_cheetah_flat_jump_v1_r3_final.zip --output /run/media/pma213x/0C6A8CC86A8CAFCE/Ubuntu2/CodeU/Dog1/official-mini-cheetah/logs/official_mini_cheetah_flat_jump_v1_r3/P2_gate_attempt_1.json
[2026-10-05T23:51:39+0800] P2 验收未通过，report.passed=false
[2026-10-05T23:51:39+0800] P2 验收命令：/usr/bin/python3 -m rl.evaluate --phase P2 --gate --checkpoint /run/media/pma213x/0C6A8CC86A8CAFCE/Ubuntu2/CodeU/Dog1/official-mini-cheetah/checkpoints/official_mini_cheetah_flat_jump_v1_r3/official_mini_cheetah_flat_jump_v1_r3_final.zip --output /run/media/pma213x/0C6A8CC86A8CAFCE/Ubuntu2/CodeU/Dog1/official-mini-cheetah/logs/official_mini_cheetah_flat_jump_v1_r3/P2_gate_attempt_2.json
[2026-10-05T23:51:59+0800] P2 验收未通过，report.passed=false
[2026-10-05T23:51:59+0800] P2 连续 Gate 批次结果=[False, False, False]
[2026-10-05T23:51:59+0800] P2 启动：/usr/bin/python3 -m rl.train --phase P2 --total-steps 640000 --device cuda --ckptdir /run/media/pma213x/0C6A8CC86A8CAFCE/Ubuntu2/CodeU/Dog1/official-mini-cheetah/checkpoints/official_mini_cheetah_flat_jump_v1_r3 --ckpt-prefix official_mini_cheetah_flat_jump_v1_r3 --logdir /run/media/pma213x/0C6A8CC86A8CAFCE/Ubuntu2/CodeU/Dog1/official-mini-cheetah/runs/official_mini_cheetah_flat_jump_v1_r3/P2_parallel --bridge-port 11452 --num-envs 4 --checkpoint-interval 20000 --randomization-mode fixed --seed 20261003 --phase-step-offset 230000 --resume /run/media/pma213x/0C6A8CC86A8CAFCE/Ubuntu2/CodeU/Dog1/official-mini-cheetah/checkpoints/official_mini_cheetah_flat_jump_v1_r3/official_mini_cheetah_flat_jump_v1_r3_final.zip
[2026-10-05T23:52:04+0800] P2 四 worker 实时健康确认通过
[2026-10-05T23:52:18+0800] P2 验收命令：/usr/bin/python3 -m rl.evaluate --phase P2 --gate --checkpoint /run/media/pma213x/0C6A8CC86A8CAFCE/Ubuntu2/CodeU/Dog1/official-mini-cheetah/checkpoints/official_mini_cheetah_flat_jump_v1_r3/official_mini_cheetah_flat_jump_v1_r3_final.zip --output /run/media/pma213x/0C6A8CC86A8CAFCE/Ubuntu2/CodeU/Dog1/official-mini-cheetah/logs/official_mini_cheetah_flat_jump_v1_r3/P2_gate_attempt_0.json
[2026-10-05T23:52:38+0800] P2 验收未通过，report.passed=false
[2026-10-05T23:52:38+0800] P2 验收命令：/usr/bin/python3 -m rl.evaluate --phase P2 --gate --checkpoint /run/media/pma213x/0C6A8CC86A8CAFCE/Ubuntu2/CodeU/Dog1/official-mini-cheetah/checkpoints/official_mini_cheetah_flat_jump_v1_r3/official_mini_cheetah_flat_jump_v1_r3_final.zip --output /run/media/pma213x/0C6A8CC86A8CAFCE/Ubuntu2/CodeU/Dog1/official-mini-cheetah/logs/official_mini_cheetah_flat_jump_v1_r3/P2_gate_attempt_1.json
[2026-10-05T23:52:59+0800] P2 验收未通过，report.passed=false
[2026-10-05T23:52:59+0800] P2 验收命令：/usr/bin/python3 -m rl.evaluate --phase P2 --gate --checkpoint /run/media/pma213x/0C6A8CC86A8CAFCE/Ubuntu2/CodeU/Dog1/official-mini-cheetah/checkpoints/official_mini_cheetah_flat_jump_v1_r3/official_mini_cheetah_flat_jump_v1_r3_final.zip --output /run/media/pma213x/0C6A8CC86A8CAFCE/Ubuntu2/CodeU/Dog1/official-mini-cheetah/logs/official_mini_cheetah_flat_jump_v1_r3/P2_gate_attempt_2.json
[2026-10-05T23:53:19+0800] P2 验收未通过，report.passed=false
[2026-10-05T23:53:19+0800] P2 连续 Gate 批次结果=[False, False, False]
[2026-10-05T23:53:19+0800] P2 启动：/usr/bin/python3 -m rl.train --phase P2 --total-steps 650000 --device cuda --ckptdir /run/media/pma213x/0C6A8CC86A8CAFCE/Ubuntu2/CodeU/Dog1/official-mini-cheetah/checkpoints/official_mini_cheetah_flat_jump_v1_r3 --ckpt-prefix official_mini_cheetah_flat_jump_v1_r3 --logdir /run/media/pma213x/0C6A8CC86A8CAFCE/Ubuntu2/CodeU/Dog1/official-mini-cheetah/runs/official_mini_cheetah_flat_jump_v1_r3/P2_parallel --bridge-port 11452 --num-envs 4 --checkpoint-interval 20000 --randomization-mode fixed --seed 20261003 --phase-step-offset 240000 --resume /run/media/pma213x/0C6A8CC86A8CAFCE/Ubuntu2/CodeU/Dog1/official-mini-cheetah/checkpoints/official_mini_cheetah_flat_jump_v1_r3/official_mini_cheetah_flat_jump_v1_r3_final.zip
[2026-10-05T23:53:24+0800] P2 四 worker 实时健康确认通过
[2026-10-05T23:53:37+0800] P2 验收命令：/usr/bin/python3 -m rl.evaluate --phase P2 --gate --checkpoint /run/media/pma213x/0C6A8CC86A8CAFCE/Ubuntu2/CodeU/Dog1/official-mini-cheetah/checkpoints/official_mini_cheetah_flat_jump_v1_r3/official_mini_cheetah_flat_jump_v1_r3_final.zip --output /run/media/pma213x/0C6A8CC86A8CAFCE/Ubuntu2/CodeU/Dog1/official-mini-cheetah/logs/official_mini_cheetah_flat_jump_v1_r3/P2_gate_attempt_0.json
[2026-10-05T23:53:58+0800] P2 验收未通过，report.passed=false
[2026-10-05T23:53:58+0800] P2 验收命令：/usr/bin/python3 -m rl.evaluate --phase P2 --gate --checkpoint /run/media/pma213x/0C6A8CC86A8CAFCE/Ubuntu2/CodeU/Dog1/official-mini-cheetah/checkpoints/official_mini_cheetah_flat_jump_v1_r3/official_mini_cheetah_flat_jump_v1_r3_final.zip --output /run/media/pma213x/0C6A8CC86A8CAFCE/Ubuntu2/CodeU/Dog1/official-mini-cheetah/logs/official_mini_cheetah_flat_jump_v1_r3/P2_gate_attempt_1.json
[2026-10-05T23:54:19+0800] P2 验收未通过，report.passed=false
[2026-10-05T23:54:19+0800] P2 验收命令：/usr/bin/python3 -m rl.evaluate --phase P2 --gate --checkpoint /run/media/pma213x/0C6A8CC86A8CAFCE/Ubuntu2/CodeU/Dog1/official-mini-cheetah/checkpoints/official_mini_cheetah_flat_jump_v1_r3/official_mini_cheetah_flat_jump_v1_r3_final.zip --output /run/media/pma213x/0C6A8CC86A8CAFCE/Ubuntu2/CodeU/Dog1/official-mini-cheetah/logs/official_mini_cheetah_flat_jump_v1_r3/P2_gate_attempt_2.json
[2026-10-05T23:54:40+0800] P2 验收未通过，report.passed=false
[2026-10-05T23:54:40+0800] P2 连续 Gate 批次结果=[False, False, False]
[2026-10-05T23:54:40+0800] P2 启动：/usr/bin/python3 -m rl.train --phase P2 --total-steps 660000 --device cuda --ckptdir /run/media/pma213x/0C6A8CC86A8CAFCE/Ubuntu2/CodeU/Dog1/official-mini-cheetah/checkpoints/official_mini_cheetah_flat_jump_v1_r3 --ckpt-prefix official_mini_cheetah_flat_jump_v1_r3 --logdir /run/media/pma213x/0C6A8CC86A8CAFCE/Ubuntu2/CodeU/Dog1/official-mini-cheetah/runs/official_mini_cheetah_flat_jump_v1_r3/P2_parallel --bridge-port 11452 --num-envs 4 --checkpoint-interval 20000 --randomization-mode fixed --seed 20261003 --phase-step-offset 250000 --resume /run/media/pma213x/0C6A8CC86A8CAFCE/Ubuntu2/CodeU/Dog1/official-mini-cheetah/checkpoints/official_mini_cheetah_flat_jump_v1_r3/official_mini_cheetah_flat_jump_v1_r3_final.zip
[2026-10-05T23:54:44+0800] P2 四 worker 实时健康确认通过
[2026-10-05T23:54:58+0800] P2 验收命令：/usr/bin/python3 -m rl.evaluate --phase P2 --gate --checkpoint /run/media/pma213x/0C6A8CC86A8CAFCE/Ubuntu2/CodeU/Dog1/official-mini-cheetah/checkpoints/official_mini_cheetah_flat_jump_v1_r3/official_mini_cheetah_flat_jump_v1_r3_final.zip --output /run/media/pma213x/0C6A8CC86A8CAFCE/Ubuntu2/CodeU/Dog1/official-mini-cheetah/logs/official_mini_cheetah_flat_jump_v1_r3/P2_gate_attempt_0.json
[2026-10-05T23:55:18+0800] P2 验收未通过，report.passed=false
[2026-10-05T23:55:18+0800] P2 验收命令：/usr/bin/python3 -m rl.evaluate --phase P2 --gate --checkpoint /run/media/pma213x/0C6A8CC86A8CAFCE/Ubuntu2/CodeU/Dog1/official-mini-cheetah/checkpoints/official_mini_cheetah_flat_jump_v1_r3/official_mini_cheetah_flat_jump_v1_r3_final.zip --output /run/media/pma213x/0C6A8CC86A8CAFCE/Ubuntu2/CodeU/Dog1/official-mini-cheetah/logs/official_mini_cheetah_flat_jump_v1_r3/P2_gate_attempt_1.json
[2026-10-05T23:55:39+0800] P2 验收未通过，report.passed=false
[2026-10-05T23:55:39+0800] P2 验收命令：/usr/bin/python3 -m rl.evaluate --phase P2 --gate --checkpoint /run/media/pma213x/0C6A8CC86A8CAFCE/Ubuntu2/CodeU/Dog1/official-mini-cheetah/checkpoints/official_mini_cheetah_flat_jump_v1_r3/official_mini_cheetah_flat_jump_v1_r3_final.zip --output /run/media/pma213x/0C6A8CC86A8CAFCE/Ubuntu2/CodeU/Dog1/official-mini-cheetah/logs/official_mini_cheetah_flat_jump_v1_r3/P2_gate_attempt_2.json
[2026-10-05T23:56:00+0800] P2 验收未通过，report.passed=false
[2026-10-05T23:56:00+0800] P2 连续 Gate 批次结果=[False, False, False]
[2026-10-05T23:56:00+0800] P2 启动：/usr/bin/python3 -m rl.train --phase P2 --total-steps 670000 --device cuda --ckptdir /run/media/pma213x/0C6A8CC86A8CAFCE/Ubuntu2/CodeU/Dog1/official-mini-cheetah/checkpoints/official_mini_cheetah_flat_jump_v1_r3 --ckpt-prefix official_mini_cheetah_flat_jump_v1_r3 --logdir /run/media/pma213x/0C6A8CC86A8CAFCE/Ubuntu2/CodeU/Dog1/official-mini-cheetah/runs/official_mini_cheetah_flat_jump_v1_r3/P2_parallel --bridge-port 11452 --num-envs 4 --checkpoint-interval 20000 --randomization-mode fixed --seed 20261003 --phase-step-offset 260000 --resume /run/media/pma213x/0C6A8CC86A8CAFCE/Ubuntu2/CodeU/Dog1/official-mini-cheetah/checkpoints/official_mini_cheetah_flat_jump_v1_r3/official_mini_cheetah_flat_jump_v1_r3_final.zip
[2026-10-05T23:56:04+0800] P2 四 worker 实时健康确认通过
[2026-10-05T23:56:19+0800] P2 验收命令：/usr/bin/python3 -m rl.evaluate --phase P2 --gate --checkpoint /run/media/pma213x/0C6A8CC86A8CAFCE/Ubuntu2/CodeU/Dog1/official-mini-cheetah/checkpoints/official_mini_cheetah_flat_jump_v1_r3/official_mini_cheetah_flat_jump_v1_r3_final.zip --output /run/media/pma213x/0C6A8CC86A8CAFCE/Ubuntu2/CodeU/Dog1/official-mini-cheetah/logs/official_mini_cheetah_flat_jump_v1_r3/P2_gate_attempt_0.json
[2026-10-05T23:56:39+0800] P2 验收未通过，report.passed=false
[2026-10-05T23:56:39+0800] P2 验收命令：/usr/bin/python3 -m rl.evaluate --phase P2 --gate --checkpoint /run/media/pma213x/0C6A8CC86A8CAFCE/Ubuntu2/CodeU/Dog1/official-mini-cheetah/checkpoints/official_mini_cheetah_flat_jump_v1_r3/official_mini_cheetah_flat_jump_v1_r3_final.zip --output /run/media/pma213x/0C6A8CC86A8CAFCE/Ubuntu2/CodeU/Dog1/official-mini-cheetah/logs/official_mini_cheetah_flat_jump_v1_r3/P2_gate_attempt_1.json
[2026-10-05T23:57:00+0800] P2 验收未通过，report.passed=false
[2026-10-05T23:57:00+0800] P2 验收命令：/usr/bin/python3 -m rl.evaluate --phase P2 --gate --checkpoint /run/media/pma213x/0C6A8CC86A8CAFCE/Ubuntu2/CodeU/Dog1/official-mini-cheetah/checkpoints/official_mini_cheetah_flat_jump_v1_r3/official_mini_cheetah_flat_jump_v1_r3_final.zip --output /run/media/pma213x/0C6A8CC86A8CAFCE/Ubuntu2/CodeU/Dog1/official-mini-cheetah/logs/official_mini_cheetah_flat_jump_v1_r3/P2_gate_attempt_2.json
[2026-10-05T23:57:21+0800] P2 验收未通过，report.passed=false
[2026-10-05T23:57:21+0800] P2 连续 Gate 批次结果=[False, False, False]
[2026-10-05T23:57:21+0800] P2 启动：/usr/bin/python3 -m rl.train --phase P2 --total-steps 680000 --device cuda --ckptdir /run/media/pma213x/0C6A8CC86A8CAFCE/Ubuntu2/CodeU/Dog1/official-mini-cheetah/checkpoints/official_mini_cheetah_flat_jump_v1_r3 --ckpt-prefix official_mini_cheetah_flat_jump_v1_r3 --logdir /run/media/pma213x/0C6A8CC86A8CAFCE/Ubuntu2/CodeU/Dog1/official-mini-cheetah/runs/official_mini_cheetah_flat_jump_v1_r3/P2_parallel --bridge-port 11452 --num-envs 4 --checkpoint-interval 20000 --randomization-mode fixed --seed 20261003 --phase-step-offset 270000 --resume /run/media/pma213x/0C6A8CC86A8CAFCE/Ubuntu2/CodeU/Dog1/official-mini-cheetah/checkpoints/official_mini_cheetah_flat_jump_v1_r3/official_mini_cheetah_flat_jump_v1_r3_final.zip
[2026-10-05T23:57:25+0800] P2 四 worker 实时健康确认通过
[2026-10-05T23:57:39+0800] P2 验收命令：/usr/bin/python3 -m rl.evaluate --phase P2 --gate --checkpoint /run/media/pma213x/0C6A8CC86A8CAFCE/Ubuntu2/CodeU/Dog1/official-mini-cheetah/checkpoints/official_mini_cheetah_flat_jump_v1_r3/official_mini_cheetah_flat_jump_v1_r3_final.zip --output /run/media/pma213x/0C6A8CC86A8CAFCE/Ubuntu2/CodeU/Dog1/official-mini-cheetah/logs/official_mini_cheetah_flat_jump_v1_r3/P2_gate_attempt_0.json
[2026-10-05T23:58:00+0800] P2 验收未通过，report.passed=false
[2026-10-05T23:58:00+0800] P2 验收命令：/usr/bin/python3 -m rl.evaluate --phase P2 --gate --checkpoint /run/media/pma213x/0C6A8CC86A8CAFCE/Ubuntu2/CodeU/Dog1/official-mini-cheetah/checkpoints/official_mini_cheetah_flat_jump_v1_r3/official_mini_cheetah_flat_jump_v1_r3_final.zip --output /run/media/pma213x/0C6A8CC86A8CAFCE/Ubuntu2/CodeU/Dog1/official-mini-cheetah/logs/official_mini_cheetah_flat_jump_v1_r3/P2_gate_attempt_1.json
[2026-10-05T23:58:21+0800] P2 验收未通过，report.passed=false
[2026-10-05T23:58:21+0800] P2 验收命令：/usr/bin/python3 -m rl.evaluate --phase P2 --gate --checkpoint /run/media/pma213x/0C6A8CC86A8CAFCE/Ubuntu2/CodeU/Dog1/official-mini-cheetah/checkpoints/official_mini_cheetah_flat_jump_v1_r3/official_mini_cheetah_flat_jump_v1_r3_final.zip --output /run/media/pma213x/0C6A8CC86A8CAFCE/Ubuntu2/CodeU/Dog1/official-mini-cheetah/logs/official_mini_cheetah_flat_jump_v1_r3/P2_gate_attempt_2.json
[2026-10-05T23:58:42+0800] P2 验收未通过，report.passed=false
[2026-10-05T23:58:42+0800] P2 连续 Gate 批次结果=[False, False, False]
[2026-10-05T23:58:42+0800] P2 启动：/usr/bin/python3 -m rl.train --phase P2 --total-steps 690000 --device cuda --ckptdir /run/media/pma213x/0C6A8CC86A8CAFCE/Ubuntu2/CodeU/Dog1/official-mini-cheetah/checkpoints/official_mini_cheetah_flat_jump_v1_r3 --ckpt-prefix official_mini_cheetah_flat_jump_v1_r3 --logdir /run/media/pma213x/0C6A8CC86A8CAFCE/Ubuntu2/CodeU/Dog1/official-mini-cheetah/runs/official_mini_cheetah_flat_jump_v1_r3/P2_parallel --bridge-port 11452 --num-envs 4 --checkpoint-interval 20000 --randomization-mode fixed --seed 20261003 --phase-step-offset 280000 --resume /run/media/pma213x/0C6A8CC86A8CAFCE/Ubuntu2/CodeU/Dog1/official-mini-cheetah/checkpoints/official_mini_cheetah_flat_jump_v1_r3/official_mini_cheetah_flat_jump_v1_r3_final.zip
[2026-10-05T23:58:46+0800] P2 四 worker 实时健康确认通过
[2026-10-05T23:59:00+0800] P2 验收命令：/usr/bin/python3 -m rl.evaluate --phase P2 --gate --checkpoint /run/media/pma213x/0C6A8CC86A8CAFCE/Ubuntu2/CodeU/Dog1/official-mini-cheetah/checkpoints/official_mini_cheetah_flat_jump_v1_r3/official_mini_cheetah_flat_jump_v1_r3_final.zip --output /run/media/pma213x/0C6A8CC86A8CAFCE/Ubuntu2/CodeU/Dog1/official-mini-cheetah/logs/official_mini_cheetah_flat_jump_v1_r3/P2_gate_attempt_0.json
[2026-10-05T23:59:21+0800] P2 验收未通过，report.passed=false
[2026-10-05T23:59:21+0800] P2 验收命令：/usr/bin/python3 -m rl.evaluate --phase P2 --gate --checkpoint /run/media/pma213x/0C6A8CC86A8CAFCE/Ubuntu2/CodeU/Dog1/official-mini-cheetah/checkpoints/official_mini_cheetah_flat_jump_v1_r3/official_mini_cheetah_flat_jump_v1_r3_final.zip --output /run/media/pma213x/0C6A8CC86A8CAFCE/Ubuntu2/CodeU/Dog1/official-mini-cheetah/logs/official_mini_cheetah_flat_jump_v1_r3/P2_gate_attempt_1.json
[2026-10-05T23:59:41+0800] P2 验收未通过，report.passed=false
[2026-10-05T23:59:41+0800] P2 验收命令：/usr/bin/python3 -m rl.evaluate --phase P2 --gate --checkpoint /run/media/pma213x/0C6A8CC86A8CAFCE/Ubuntu2/CodeU/Dog1/official-mini-cheetah/checkpoints/official_mini_cheetah_flat_jump_v1_r3/official_mini_cheetah_flat_jump_v1_r3_final.zip --output /run/media/pma213x/0C6A8CC86A8CAFCE/Ubuntu2/CodeU/Dog1/official-mini-cheetah/logs/official_mini_cheetah_flat_jump_v1_r3/P2_gate_attempt_2.json
[2026-10-06T00:00:02+0800] P2 验收未通过，report.passed=false
[2026-10-06T00:00:02+0800] P2 连续 Gate 批次结果=[False, False, False]
[2026-10-06T00:00:02+0800] P2 启动：/usr/bin/python3 -m rl.train --phase P2 --total-steps 700000 --device cuda --ckptdir /run/media/pma213x/0C6A8CC86A8CAFCE/Ubuntu2/CodeU/Dog1/official-mini-cheetah/checkpoints/official_mini_cheetah_flat_jump_v1_r3 --ckpt-prefix official_mini_cheetah_flat_jump_v1_r3 --logdir /run/media/pma213x/0C6A8CC86A8CAFCE/Ubuntu2/CodeU/Dog1/official-mini-cheetah/runs/official_mini_cheetah_flat_jump_v1_r3/P2_parallel --bridge-port 11452 --num-envs 4 --checkpoint-interval 20000 --randomization-mode fixed --seed 20261003 --phase-step-offset 290000 --resume /run/media/pma213x/0C6A8CC86A8CAFCE/Ubuntu2/CodeU/Dog1/official-mini-cheetah/checkpoints/official_mini_cheetah_flat_jump_v1_r3/official_mini_cheetah_flat_jump_v1_r3_final.zip
[2026-10-06T00:00:07+0800] P2 四 worker 实时健康确认通过
[2026-10-06T00:00:21+0800] P2 验收命令：/usr/bin/python3 -m rl.evaluate --phase P2 --gate --checkpoint /run/media/pma213x/0C6A8CC86A8CAFCE/Ubuntu2/CodeU/Dog1/official-mini-cheetah/checkpoints/official_mini_cheetah_flat_jump_v1_r3/official_mini_cheetah_flat_jump_v1_r3_final.zip --output /run/media/pma213x/0C6A8CC86A8CAFCE/Ubuntu2/CodeU/Dog1/official-mini-cheetah/logs/official_mini_cheetah_flat_jump_v1_r3/P2_gate_attempt_0.json
[2026-10-06T00:00:42+0800] P2 验收未通过，report.passed=false
[2026-10-06T00:00:42+0800] P2 验收命令：/usr/bin/python3 -m rl.evaluate --phase P2 --gate --checkpoint /run/media/pma213x/0C6A8CC86A8CAFCE/Ubuntu2/CodeU/Dog1/official-mini-cheetah/checkpoints/official_mini_cheetah_flat_jump_v1_r3/official_mini_cheetah_flat_jump_v1_r3_final.zip --output /run/media/pma213x/0C6A8CC86A8CAFCE/Ubuntu2/CodeU/Dog1/official-mini-cheetah/logs/official_mini_cheetah_flat_jump_v1_r3/P2_gate_attempt_1.json
[2026-10-06T00:01:02+0800] P2 验收未通过，report.passed=false
[2026-10-06T00:01:02+0800] P2 验收命令：/usr/bin/python3 -m rl.evaluate --phase P2 --gate --checkpoint /run/media/pma213x/0C6A8CC86A8CAFCE/Ubuntu2/CodeU/Dog1/official-mini-cheetah/checkpoints/official_mini_cheetah_flat_jump_v1_r3/official_mini_cheetah_flat_jump_v1_r3_final.zip --output /run/media/pma213x/0C6A8CC86A8CAFCE/Ubuntu2/CodeU/Dog1/official-mini-cheetah/logs/official_mini_cheetah_flat_jump_v1_r3/P2_gate_attempt_2.json
[2026-10-06T00:01:23+0800] P2 验收未通过，report.passed=false
[2026-10-06T00:01:23+0800] P2 连续 Gate 批次结果=[False, False, False]
[2026-10-06T00:01:23+0800] P2 启动：/usr/bin/python3 -m rl.train --phase P2 --total-steps 710000 --device cuda --ckptdir /run/media/pma213x/0C6A8CC86A8CAFCE/Ubuntu2/CodeU/Dog1/official-mini-cheetah/checkpoints/official_mini_cheetah_flat_jump_v1_r3 --ckpt-prefix official_mini_cheetah_flat_jump_v1_r3 --logdir /run/media/pma213x/0C6A8CC86A8CAFCE/Ubuntu2/CodeU/Dog1/official-mini-cheetah/runs/official_mini_cheetah_flat_jump_v1_r3/P2_parallel --bridge-port 11452 --num-envs 4 --checkpoint-interval 20000 --randomization-mode fixed --seed 20261003 --phase-step-offset 300000 --resume /run/media/pma213x/0C6A8CC86A8CAFCE/Ubuntu2/CodeU/Dog1/official-mini-cheetah/checkpoints/official_mini_cheetah_flat_jump_v1_r3/official_mini_cheetah_flat_jump_v1_r3_final.zip
[2026-10-06T00:01:27+0800] P2 四 worker 实时健康确认通过
[2026-10-06T00:01:42+0800] P2 验收命令：/usr/bin/python3 -m rl.evaluate --phase P2 --gate --checkpoint /run/media/pma213x/0C6A8CC86A8CAFCE/Ubuntu2/CodeU/Dog1/official-mini-cheetah/checkpoints/official_mini_cheetah_flat_jump_v1_r3/official_mini_cheetah_flat_jump_v1_r3_final.zip --output /run/media/pma213x/0C6A8CC86A8CAFCE/Ubuntu2/CodeU/Dog1/official-mini-cheetah/logs/official_mini_cheetah_flat_jump_v1_r3/P2_gate_attempt_0.json
[2026-10-06T00:02:03+0800] P2 验收未通过，report.passed=false
[2026-10-06T00:02:03+0800] P2 验收命令：/usr/bin/python3 -m rl.evaluate --phase P2 --gate --checkpoint /run/media/pma213x/0C6A8CC86A8CAFCE/Ubuntu2/CodeU/Dog1/official-mini-cheetah/checkpoints/official_mini_cheetah_flat_jump_v1_r3/official_mini_cheetah_flat_jump_v1_r3_final.zip --output /run/media/pma213x/0C6A8CC86A8CAFCE/Ubuntu2/CodeU/Dog1/official-mini-cheetah/logs/official_mini_cheetah_flat_jump_v1_r3/P2_gate_attempt_1.json
[2026-10-06T00:02:24+0800] P2 验收未通过，report.passed=false
[2026-10-06T00:02:24+0800] P2 验收命令：/usr/bin/python3 -m rl.evaluate --phase P2 --gate --checkpoint /run/media/pma213x/0C6A8CC86A8CAFCE/Ubuntu2/CodeU/Dog1/official-mini-cheetah/checkpoints/official_mini_cheetah_flat_jump_v1_r3/official_mini_cheetah_flat_jump_v1_r3_final.zip --output /run/media/pma213x/0C6A8CC86A8CAFCE/Ubuntu2/CodeU/Dog1/official-mini-cheetah/logs/official_mini_cheetah_flat_jump_v1_r3/P2_gate_attempt_2.json
[2026-10-06T00:02:45+0800] P2 验收未通过，report.passed=false
[2026-10-06T00:02:45+0800] P2 连续 Gate 批次结果=[False, False, False]
[2026-10-06T00:02:45+0800] P2 启动：/usr/bin/python3 -m rl.train --phase P2 --total-steps 720000 --device cuda --ckptdir /run/media/pma213x/0C6A8CC86A8CAFCE/Ubuntu2/CodeU/Dog1/official-mini-cheetah/checkpoints/official_mini_cheetah_flat_jump_v1_r3 --ckpt-prefix official_mini_cheetah_flat_jump_v1_r3 --logdir /run/media/pma213x/0C6A8CC86A8CAFCE/Ubuntu2/CodeU/Dog1/official-mini-cheetah/runs/official_mini_cheetah_flat_jump_v1_r3/P2_parallel --bridge-port 11452 --num-envs 4 --checkpoint-interval 20000 --randomization-mode fixed --seed 20261003 --phase-step-offset 310000 --resume /run/media/pma213x/0C6A8CC86A8CAFCE/Ubuntu2/CodeU/Dog1/official-mini-cheetah/checkpoints/official_mini_cheetah_flat_jump_v1_r3/official_mini_cheetah_flat_jump_v1_r3_final.zip
[2026-10-06T00:02:49+0800] P2 四 worker 实时健康确认通过
[2026-10-06T00:03:03+0800] P2 验收命令：/usr/bin/python3 -m rl.evaluate --phase P2 --gate --checkpoint /run/media/pma213x/0C6A8CC86A8CAFCE/Ubuntu2/CodeU/Dog1/official-mini-cheetah/checkpoints/official_mini_cheetah_flat_jump_v1_r3/official_mini_cheetah_flat_jump_v1_r3_final.zip --output /run/media/pma213x/0C6A8CC86A8CAFCE/Ubuntu2/CodeU/Dog1/official-mini-cheetah/logs/official_mini_cheetah_flat_jump_v1_r3/P2_gate_attempt_0.json
[2026-10-06T00:03:24+0800] P2 验收未通过，report.passed=false
[2026-10-06T00:03:24+0800] P2 验收命令：/usr/bin/python3 -m rl.evaluate --phase P2 --gate --checkpoint /run/media/pma213x/0C6A8CC86A8CAFCE/Ubuntu2/CodeU/Dog1/official-mini-cheetah/checkpoints/official_mini_cheetah_flat_jump_v1_r3/official_mini_cheetah_flat_jump_v1_r3_final.zip --output /run/media/pma213x/0C6A8CC86A8CAFCE/Ubuntu2/CodeU/Dog1/official-mini-cheetah/logs/official_mini_cheetah_flat_jump_v1_r3/P2_gate_attempt_1.json
[2026-10-06T00:03:46+0800] P2 验收未通过，report.passed=false
[2026-10-06T00:03:46+0800] P2 验收命令：/usr/bin/python3 -m rl.evaluate --phase P2 --gate --checkpoint /run/media/pma213x/0C6A8CC86A8CAFCE/Ubuntu2/CodeU/Dog1/official-mini-cheetah/checkpoints/official_mini_cheetah_flat_jump_v1_r3/official_mini_cheetah_flat_jump_v1_r3_final.zip --output /run/media/pma213x/0C6A8CC86A8CAFCE/Ubuntu2/CodeU/Dog1/official-mini-cheetah/logs/official_mini_cheetah_flat_jump_v1_r3/P2_gate_attempt_2.json
[2026-10-06T00:04:10+0800] P2 验收未通过，report.passed=false
[2026-10-06T00:04:10+0800] P2 连续 Gate 批次结果=[False, False, False]
[2026-10-06T00:04:10+0800] P2 启动：/usr/bin/python3 -m rl.train --phase P2 --total-steps 730000 --device cuda --ckptdir /run/media/pma213x/0C6A8CC86A8CAFCE/Ubuntu2/CodeU/Dog1/official-mini-cheetah/checkpoints/official_mini_cheetah_flat_jump_v1_r3 --ckpt-prefix official_mini_cheetah_flat_jump_v1_r3 --logdir /run/media/pma213x/0C6A8CC86A8CAFCE/Ubuntu2/CodeU/Dog1/official-mini-cheetah/runs/official_mini_cheetah_flat_jump_v1_r3/P2_parallel --bridge-port 11452 --num-envs 4 --checkpoint-interval 20000 --randomization-mode fixed --seed 20261003 --phase-step-offset 320000 --resume /run/media/pma213x/0C6A8CC86A8CAFCE/Ubuntu2/CodeU/Dog1/official-mini-cheetah/checkpoints/official_mini_cheetah_flat_jump_v1_r3/official_mini_cheetah_flat_jump_v1_r3_final.zip
[2026-10-06T00:04:14+0800] P2 四 worker 实时健康确认通过
[2026-10-06T00:04:30+0800] P2 验收命令：/usr/bin/python3 -m rl.evaluate --phase P2 --gate --checkpoint /run/media/pma213x/0C6A8CC86A8CAFCE/Ubuntu2/CodeU/Dog1/official-mini-cheetah/checkpoints/official_mini_cheetah_flat_jump_v1_r3/official_mini_cheetah_flat_jump_v1_r3_final.zip --output /run/media/pma213x/0C6A8CC86A8CAFCE/Ubuntu2/CodeU/Dog1/official-mini-cheetah/logs/official_mini_cheetah_flat_jump_v1_r3/P2_gate_attempt_0.json
[2026-10-06T00:04:51+0800] P2 验收未通过，report.passed=false
[2026-10-06T00:04:51+0800] P2 验收命令：/usr/bin/python3 -m rl.evaluate --phase P2 --gate --checkpoint /run/media/pma213x/0C6A8CC86A8CAFCE/Ubuntu2/CodeU/Dog1/official-mini-cheetah/checkpoints/official_mini_cheetah_flat_jump_v1_r3/official_mini_cheetah_flat_jump_v1_r3_final.zip --output /run/media/pma213x/0C6A8CC86A8CAFCE/Ubuntu2/CodeU/Dog1/official-mini-cheetah/logs/official_mini_cheetah_flat_jump_v1_r3/P2_gate_attempt_1.json
[2026-10-06T00:05:11+0800] P2 验收未通过，report.passed=false
[2026-10-06T00:05:11+0800] P2 验收命令：/usr/bin/python3 -m rl.evaluate --phase P2 --gate --checkpoint /run/media/pma213x/0C6A8CC86A8CAFCE/Ubuntu2/CodeU/Dog1/official-mini-cheetah/checkpoints/official_mini_cheetah_flat_jump_v1_r3/official_mini_cheetah_flat_jump_v1_r3_final.zip --output /run/media/pma213x/0C6A8CC86A8CAFCE/Ubuntu2/CodeU/Dog1/official-mini-cheetah/logs/official_mini_cheetah_flat_jump_v1_r3/P2_gate_attempt_2.json
[2026-10-06T00:05:33+0800] P2 验收未通过，report.passed=false
[2026-10-06T00:05:33+0800] P2 连续 Gate 批次结果=[False, False, False]
[2026-10-06T00:05:33+0800] P2 启动：/usr/bin/python3 -m rl.train --phase P2 --total-steps 740000 --device cuda --ckptdir /run/media/pma213x/0C6A8CC86A8CAFCE/Ubuntu2/CodeU/Dog1/official-mini-cheetah/checkpoints/official_mini_cheetah_flat_jump_v1_r3 --ckpt-prefix official_mini_cheetah_flat_jump_v1_r3 --logdir /run/media/pma213x/0C6A8CC86A8CAFCE/Ubuntu2/CodeU/Dog1/official-mini-cheetah/runs/official_mini_cheetah_flat_jump_v1_r3/P2_parallel --bridge-port 11452 --num-envs 4 --checkpoint-interval 20000 --randomization-mode fixed --seed 20261003 --phase-step-offset 330000 --resume /run/media/pma213x/0C6A8CC86A8CAFCE/Ubuntu2/CodeU/Dog1/official-mini-cheetah/checkpoints/official_mini_cheetah_flat_jump_v1_r3/official_mini_cheetah_flat_jump_v1_r3_final.zip
[2026-10-06T00:05:37+0800] P2 四 worker 实时健康确认通过
[2026-10-06T00:05:51+0800] P2 验收命令：/usr/bin/python3 -m rl.evaluate --phase P2 --gate --checkpoint /run/media/pma213x/0C6A8CC86A8CAFCE/Ubuntu2/CodeU/Dog1/official-mini-cheetah/checkpoints/official_mini_cheetah_flat_jump_v1_r3/official_mini_cheetah_flat_jump_v1_r3_final.zip --output /run/media/pma213x/0C6A8CC86A8CAFCE/Ubuntu2/CodeU/Dog1/official-mini-cheetah/logs/official_mini_cheetah_flat_jump_v1_r3/P2_gate_attempt_0.json
[2026-10-06T00:06:12+0800] P2 验收未通过，report.passed=false
[2026-10-06T00:06:12+0800] P2 验收命令：/usr/bin/python3 -m rl.evaluate --phase P2 --gate --checkpoint /run/media/pma213x/0C6A8CC86A8CAFCE/Ubuntu2/CodeU/Dog1/official-mini-cheetah/checkpoints/official_mini_cheetah_flat_jump_v1_r3/official_mini_cheetah_flat_jump_v1_r3_final.zip --output /run/media/pma213x/0C6A8CC86A8CAFCE/Ubuntu2/CodeU/Dog1/official-mini-cheetah/logs/official_mini_cheetah_flat_jump_v1_r3/P2_gate_attempt_1.json
[2026-10-06T00:06:34+0800] P2 验收未通过，report.passed=false
[2026-10-06T00:06:34+0800] P2 验收命令：/usr/bin/python3 -m rl.evaluate --phase P2 --gate --checkpoint /run/media/pma213x/0C6A8CC86A8CAFCE/Ubuntu2/CodeU/Dog1/official-mini-cheetah/checkpoints/official_mini_cheetah_flat_jump_v1_r3/official_mini_cheetah_flat_jump_v1_r3_final.zip --output /run/media/pma213x/0C6A8CC86A8CAFCE/Ubuntu2/CodeU/Dog1/official-mini-cheetah/logs/official_mini_cheetah_flat_jump_v1_r3/P2_gate_attempt_2.json
[2026-10-06T00:06:55+0800] P2 验收未通过，report.passed=false
[2026-10-06T00:06:55+0800] P2 连续 Gate 批次结果=[False, False, False]
[2026-10-06T00:06:55+0800] P2 启动：/usr/bin/python3 -m rl.train --phase P2 --total-steps 750000 --device cuda --ckptdir /run/media/pma213x/0C6A8CC86A8CAFCE/Ubuntu2/CodeU/Dog1/official-mini-cheetah/checkpoints/official_mini_cheetah_flat_jump_v1_r3 --ckpt-prefix official_mini_cheetah_flat_jump_v1_r3 --logdir /run/media/pma213x/0C6A8CC86A8CAFCE/Ubuntu2/CodeU/Dog1/official-mini-cheetah/runs/official_mini_cheetah_flat_jump_v1_r3/P2_parallel --bridge-port 11452 --num-envs 4 --checkpoint-interval 20000 --randomization-mode fixed --seed 20261003 --phase-step-offset 340000 --resume /run/media/pma213x/0C6A8CC86A8CAFCE/Ubuntu2/CodeU/Dog1/official-mini-cheetah/checkpoints/official_mini_cheetah_flat_jump_v1_r3/official_mini_cheetah_flat_jump_v1_r3_final.zip
[2026-10-06T00:06:59+0800] P2 四 worker 实时健康确认通过
[2026-10-06T00:07:13+0800] P2 验收命令：/usr/bin/python3 -m rl.evaluate --phase P2 --gate --checkpoint /run/media/pma213x/0C6A8CC86A8CAFCE/Ubuntu2/CodeU/Dog1/official-mini-cheetah/checkpoints/official_mini_cheetah_flat_jump_v1_r3/official_mini_cheetah_flat_jump_v1_r3_final.zip --output /run/media/pma213x/0C6A8CC86A8CAFCE/Ubuntu2/CodeU/Dog1/official-mini-cheetah/logs/official_mini_cheetah_flat_jump_v1_r3/P2_gate_attempt_0.json
[2026-10-06T00:07:35+0800] P2 验收未通过，report.passed=false
[2026-10-06T00:07:35+0800] P2 验收命令：/usr/bin/python3 -m rl.evaluate --phase P2 --gate --checkpoint /run/media/pma213x/0C6A8CC86A8CAFCE/Ubuntu2/CodeU/Dog1/official-mini-cheetah/checkpoints/official_mini_cheetah_flat_jump_v1_r3/official_mini_cheetah_flat_jump_v1_r3_final.zip --output /run/media/pma213x/0C6A8CC86A8CAFCE/Ubuntu2/CodeU/Dog1/official-mini-cheetah/logs/official_mini_cheetah_flat_jump_v1_r3/P2_gate_attempt_1.json
[2026-10-06T00:07:55+0800] P2 验收未通过，report.passed=false
[2026-10-06T00:07:55+0800] P2 验收命令：/usr/bin/python3 -m rl.evaluate --phase P2 --gate --checkpoint /run/media/pma213x/0C6A8CC86A8CAFCE/Ubuntu2/CodeU/Dog1/official-mini-cheetah/checkpoints/official_mini_cheetah_flat_jump_v1_r3/official_mini_cheetah_flat_jump_v1_r3_final.zip --output /run/media/pma213x/0C6A8CC86A8CAFCE/Ubuntu2/CodeU/Dog1/official-mini-cheetah/logs/official_mini_cheetah_flat_jump_v1_r3/P2_gate_attempt_2.json
[2026-10-06T00:08:15+0800] P2 验收未通过，report.passed=false
[2026-10-06T00:08:15+0800] P2 连续 Gate 批次结果=[False, False, False]
[2026-10-06T00:08:15+0800] P2 启动：/usr/bin/python3 -m rl.train --phase P2 --total-steps 760000 --device cuda --ckptdir /run/media/pma213x/0C6A8CC86A8CAFCE/Ubuntu2/CodeU/Dog1/official-mini-cheetah/checkpoints/official_mini_cheetah_flat_jump_v1_r3 --ckpt-prefix official_mini_cheetah_flat_jump_v1_r3 --logdir /run/media/pma213x/0C6A8CC86A8CAFCE/Ubuntu2/CodeU/Dog1/official-mini-cheetah/runs/official_mini_cheetah_flat_jump_v1_r3/P2_parallel --bridge-port 11452 --num-envs 4 --checkpoint-interval 20000 --randomization-mode fixed --seed 20261003 --phase-step-offset 350000 --resume /run/media/pma213x/0C6A8CC86A8CAFCE/Ubuntu2/CodeU/Dog1/official-mini-cheetah/checkpoints/official_mini_cheetah_flat_jump_v1_r3/official_mini_cheetah_flat_jump_v1_r3_final.zip
[2026-10-06T00:08:20+0800] P2 四 worker 实时健康确认通过
[2026-10-06T00:08:35+0800] P2 验收命令：/usr/bin/python3 -m rl.evaluate --phase P2 --gate --checkpoint /run/media/pma213x/0C6A8CC86A8CAFCE/Ubuntu2/CodeU/Dog1/official-mini-cheetah/checkpoints/official_mini_cheetah_flat_jump_v1_r3/official_mini_cheetah_flat_jump_v1_r3_final.zip --output /run/media/pma213x/0C6A8CC86A8CAFCE/Ubuntu2/CodeU/Dog1/official-mini-cheetah/logs/official_mini_cheetah_flat_jump_v1_r3/P2_gate_attempt_0.json
[2026-10-06T00:08:57+0800] P2 验收未通过，report.passed=false
[2026-10-06T00:08:57+0800] P2 验收命令：/usr/bin/python3 -m rl.evaluate --phase P2 --gate --checkpoint /run/media/pma213x/0C6A8CC86A8CAFCE/Ubuntu2/CodeU/Dog1/official-mini-cheetah/checkpoints/official_mini_cheetah_flat_jump_v1_r3/official_mini_cheetah_flat_jump_v1_r3_final.zip --output /run/media/pma213x/0C6A8CC86A8CAFCE/Ubuntu2/CodeU/Dog1/official-mini-cheetah/logs/official_mini_cheetah_flat_jump_v1_r3/P2_gate_attempt_1.json
[2026-10-06T00:09:19+0800] P2 验收未通过，report.passed=false
[2026-10-06T00:09:19+0800] P2 验收命令：/usr/bin/python3 -m rl.evaluate --phase P2 --gate --checkpoint /run/media/pma213x/0C6A8CC86A8CAFCE/Ubuntu2/CodeU/Dog1/official-mini-cheetah/checkpoints/official_mini_cheetah_flat_jump_v1_r3/official_mini_cheetah_flat_jump_v1_r3_final.zip --output /run/media/pma213x/0C6A8CC86A8CAFCE/Ubuntu2/CodeU/Dog1/official-mini-cheetah/logs/official_mini_cheetah_flat_jump_v1_r3/P2_gate_attempt_2.json
[2026-10-06T00:09:41+0800] P2 验收未通过，report.passed=false
[2026-10-06T00:09:41+0800] P2 连续 Gate 批次结果=[False, False, False]
[2026-10-06T00:09:41+0800] P2 启动：/usr/bin/python3 -m rl.train --phase P2 --total-steps 770000 --device cuda --ckptdir /run/media/pma213x/0C6A8CC86A8CAFCE/Ubuntu2/CodeU/Dog1/official-mini-cheetah/checkpoints/official_mini_cheetah_flat_jump_v1_r3 --ckpt-prefix official_mini_cheetah_flat_jump_v1_r3 --logdir /run/media/pma213x/0C6A8CC86A8CAFCE/Ubuntu2/CodeU/Dog1/official-mini-cheetah/runs/official_mini_cheetah_flat_jump_v1_r3/P2_parallel --bridge-port 11452 --num-envs 4 --checkpoint-interval 20000 --randomization-mode fixed --seed 20261003 --phase-step-offset 360000 --resume /run/media/pma213x/0C6A8CC86A8CAFCE/Ubuntu2/CodeU/Dog1/official-mini-cheetah/checkpoints/official_mini_cheetah_flat_jump_v1_r3/official_mini_cheetah_flat_jump_v1_r3_final.zip
[2026-10-06T00:09:46+0800] P2 四 worker 实时健康确认通过
[2026-10-06T00:10:00+0800] P2 验收命令：/usr/bin/python3 -m rl.evaluate --phase P2 --gate --checkpoint /run/media/pma213x/0C6A8CC86A8CAFCE/Ubuntu2/CodeU/Dog1/official-mini-cheetah/checkpoints/official_mini_cheetah_flat_jump_v1_r3/official_mini_cheetah_flat_jump_v1_r3_final.zip --output /run/media/pma213x/0C6A8CC86A8CAFCE/Ubuntu2/CodeU/Dog1/official-mini-cheetah/logs/official_mini_cheetah_flat_jump_v1_r3/P2_gate_attempt_0.json
[2026-10-06T00:10:25+0800] P2 验收未通过，report.passed=false
[2026-10-06T00:10:25+0800] P2 验收命令：/usr/bin/python3 -m rl.evaluate --phase P2 --gate --checkpoint /run/media/pma213x/0C6A8CC86A8CAFCE/Ubuntu2/CodeU/Dog1/official-mini-cheetah/checkpoints/official_mini_cheetah_flat_jump_v1_r3/official_mini_cheetah_flat_jump_v1_r3_final.zip --output /run/media/pma213x/0C6A8CC86A8CAFCE/Ubuntu2/CodeU/Dog1/official-mini-cheetah/logs/official_mini_cheetah_flat_jump_v1_r3/P2_gate_attempt_1.json
[2026-10-06T00:10:48+0800] P2 验收未通过，report.passed=false
[2026-10-06T00:10:48+0800] P2 验收命令：/usr/bin/python3 -m rl.evaluate --phase P2 --gate --checkpoint /run/media/pma213x/0C6A8CC86A8CAFCE/Ubuntu2/CodeU/Dog1/official-mini-cheetah/checkpoints/official_mini_cheetah_flat_jump_v1_r3/official_mini_cheetah_flat_jump_v1_r3_final.zip --output /run/media/pma213x/0C6A8CC86A8CAFCE/Ubuntu2/CodeU/Dog1/official-mini-cheetah/logs/official_mini_cheetah_flat_jump_v1_r3/P2_gate_attempt_2.json
[2026-10-06T00:11:09+0800] P2 验收未通过，report.passed=false
[2026-10-06T00:11:09+0800] P2 连续 Gate 批次结果=[False, False, False]
[2026-10-06T00:11:09+0800] P2 启动：/usr/bin/python3 -m rl.train --phase P2 --total-steps 780000 --device cuda --ckptdir /run/media/pma213x/0C6A8CC86A8CAFCE/Ubuntu2/CodeU/Dog1/official-mini-cheetah/checkpoints/official_mini_cheetah_flat_jump_v1_r3 --ckpt-prefix official_mini_cheetah_flat_jump_v1_r3 --logdir /run/media/pma213x/0C6A8CC86A8CAFCE/Ubuntu2/CodeU/Dog1/official-mini-cheetah/runs/official_mini_cheetah_flat_jump_v1_r3/P2_parallel --bridge-port 11452 --num-envs 4 --checkpoint-interval 20000 --randomization-mode fixed --seed 20261003 --phase-step-offset 370000 --resume /run/media/pma213x/0C6A8CC86A8CAFCE/Ubuntu2/CodeU/Dog1/official-mini-cheetah/checkpoints/official_mini_cheetah_flat_jump_v1_r3/official_mini_cheetah_flat_jump_v1_r3_final.zip
[2026-10-06T00:11:13+0800] P2 四 worker 实时健康确认通过
[2026-10-06T00:11:27+0800] P2 验收命令：/usr/bin/python3 -m rl.evaluate --phase P2 --gate --checkpoint /run/media/pma213x/0C6A8CC86A8CAFCE/Ubuntu2/CodeU/Dog1/official-mini-cheetah/checkpoints/official_mini_cheetah_flat_jump_v1_r3/official_mini_cheetah_flat_jump_v1_r3_final.zip --output /run/media/pma213x/0C6A8CC86A8CAFCE/Ubuntu2/CodeU/Dog1/official-mini-cheetah/logs/official_mini_cheetah_flat_jump_v1_r3/P2_gate_attempt_0.json
[2026-10-06T00:11:48+0800] P2 验收未通过，report.passed=false
[2026-10-06T00:11:48+0800] P2 验收命令：/usr/bin/python3 -m rl.evaluate --phase P2 --gate --checkpoint /run/media/pma213x/0C6A8CC86A8CAFCE/Ubuntu2/CodeU/Dog1/official-mini-cheetah/checkpoints/official_mini_cheetah_flat_jump_v1_r3/official_mini_cheetah_flat_jump_v1_r3_final.zip --output /run/media/pma213x/0C6A8CC86A8CAFCE/Ubuntu2/CodeU/Dog1/official-mini-cheetah/logs/official_mini_cheetah_flat_jump_v1_r3/P2_gate_attempt_1.json
[2026-10-06T00:12:09+0800] P2 验收未通过，report.passed=false
[2026-10-06T00:12:09+0800] P2 验收命令：/usr/bin/python3 -m rl.evaluate --phase P2 --gate --checkpoint /run/media/pma213x/0C6A8CC86A8CAFCE/Ubuntu2/CodeU/Dog1/official-mini-cheetah/checkpoints/official_mini_cheetah_flat_jump_v1_r3/official_mini_cheetah_flat_jump_v1_r3_final.zip --output /run/media/pma213x/0C6A8CC86A8CAFCE/Ubuntu2/CodeU/Dog1/official-mini-cheetah/logs/official_mini_cheetah_flat_jump_v1_r3/P2_gate_attempt_2.json
[2026-10-06T00:12:30+0800] P2 验收未通过，report.passed=false
[2026-10-06T00:12:30+0800] P2 连续 Gate 批次结果=[False, False, False]
[2026-10-06T00:12:30+0800] P2 启动：/usr/bin/python3 -m rl.train --phase P2 --total-steps 790000 --device cuda --ckptdir /run/media/pma213x/0C6A8CC86A8CAFCE/Ubuntu2/CodeU/Dog1/official-mini-cheetah/checkpoints/official_mini_cheetah_flat_jump_v1_r3 --ckpt-prefix official_mini_cheetah_flat_jump_v1_r3 --logdir /run/media/pma213x/0C6A8CC86A8CAFCE/Ubuntu2/CodeU/Dog1/official-mini-cheetah/runs/official_mini_cheetah_flat_jump_v1_r3/P2_parallel --bridge-port 11452 --num-envs 4 --checkpoint-interval 20000 --randomization-mode fixed --seed 20261003 --phase-step-offset 380000 --resume /run/media/pma213x/0C6A8CC86A8CAFCE/Ubuntu2/CodeU/Dog1/official-mini-cheetah/checkpoints/official_mini_cheetah_flat_jump_v1_r3/official_mini_cheetah_flat_jump_v1_r3_final.zip
[2026-10-06T00:12:34+0800] P2 四 worker 实时健康确认通过
[2026-10-06T00:12:48+0800] P2 验收命令：/usr/bin/python3 -m rl.evaluate --phase P2 --gate --checkpoint /run/media/pma213x/0C6A8CC86A8CAFCE/Ubuntu2/CodeU/Dog1/official-mini-cheetah/checkpoints/official_mini_cheetah_flat_jump_v1_r3/official_mini_cheetah_flat_jump_v1_r3_final.zip --output /run/media/pma213x/0C6A8CC86A8CAFCE/Ubuntu2/CodeU/Dog1/official-mini-cheetah/logs/official_mini_cheetah_flat_jump_v1_r3/P2_gate_attempt_0.json
[2026-10-06T00:13:09+0800] P2 验收未通过，report.passed=false
[2026-10-06T00:13:09+0800] P2 验收命令：/usr/bin/python3 -m rl.evaluate --phase P2 --gate --checkpoint /run/media/pma213x/0C6A8CC86A8CAFCE/Ubuntu2/CodeU/Dog1/official-mini-cheetah/checkpoints/official_mini_cheetah_flat_jump_v1_r3/official_mini_cheetah_flat_jump_v1_r3_final.zip --output /run/media/pma213x/0C6A8CC86A8CAFCE/Ubuntu2/CodeU/Dog1/official-mini-cheetah/logs/official_mini_cheetah_flat_jump_v1_r3/P2_gate_attempt_1.json
[2026-10-06T00:13:31+0800] P2 验收未通过，report.passed=false
[2026-10-06T00:13:31+0800] P2 验收命令：/usr/bin/python3 -m rl.evaluate --phase P2 --gate --checkpoint /run/media/pma213x/0C6A8CC86A8CAFCE/Ubuntu2/CodeU/Dog1/official-mini-cheetah/checkpoints/official_mini_cheetah_flat_jump_v1_r3/official_mini_cheetah_flat_jump_v1_r3_final.zip --output /run/media/pma213x/0C6A8CC86A8CAFCE/Ubuntu2/CodeU/Dog1/official-mini-cheetah/logs/official_mini_cheetah_flat_jump_v1_r3/P2_gate_attempt_2.json
[2026-10-06T00:13:51+0800] P2 验收未通过，report.passed=false
[2026-10-06T00:13:51+0800] P2 连续 Gate 批次结果=[False, False, False]
[2026-10-06T00:13:51+0800] P2 启动：/usr/bin/python3 -m rl.train --phase P2 --total-steps 800000 --device cuda --ckptdir /run/media/pma213x/0C6A8CC86A8CAFCE/Ubuntu2/CodeU/Dog1/official-mini-cheetah/checkpoints/official_mini_cheetah_flat_jump_v1_r3 --ckpt-prefix official_mini_cheetah_flat_jump_v1_r3 --logdir /run/media/pma213x/0C6A8CC86A8CAFCE/Ubuntu2/CodeU/Dog1/official-mini-cheetah/runs/official_mini_cheetah_flat_jump_v1_r3/P2_parallel --bridge-port 11452 --num-envs 4 --checkpoint-interval 20000 --randomization-mode fixed --seed 20261003 --phase-step-offset 390000 --resume /run/media/pma213x/0C6A8CC86A8CAFCE/Ubuntu2/CodeU/Dog1/official-mini-cheetah/checkpoints/official_mini_cheetah_flat_jump_v1_r3/official_mini_cheetah_flat_jump_v1_r3_final.zip
[2026-10-06T00:13:56+0800] P2 四 worker 实时健康确认通过
[2026-10-06T00:14:10+0800] P2 验收命令：/usr/bin/python3 -m rl.evaluate --phase P2 --gate --checkpoint /run/media/pma213x/0C6A8CC86A8CAFCE/Ubuntu2/CodeU/Dog1/official-mini-cheetah/checkpoints/official_mini_cheetah_flat_jump_v1_r3/official_mini_cheetah_flat_jump_v1_r3_final.zip --output /run/media/pma213x/0C6A8CC86A8CAFCE/Ubuntu2/CodeU/Dog1/official-mini-cheetah/logs/official_mini_cheetah_flat_jump_v1_r3/P2_gate_attempt_0.json
[2026-10-06T00:14:30+0800] P2 验收未通过，report.passed=false
[2026-10-06T00:14:30+0800] P2 验收命令：/usr/bin/python3 -m rl.evaluate --phase P2 --gate --checkpoint /run/media/pma213x/0C6A8CC86A8CAFCE/Ubuntu2/CodeU/Dog1/official-mini-cheetah/checkpoints/official_mini_cheetah_flat_jump_v1_r3/official_mini_cheetah_flat_jump_v1_r3_final.zip --output /run/media/pma213x/0C6A8CC86A8CAFCE/Ubuntu2/CodeU/Dog1/official-mini-cheetah/logs/official_mini_cheetah_flat_jump_v1_r3/P2_gate_attempt_1.json
[2026-10-06T00:14:52+0800] P2 验收未通过，report.passed=false
[2026-10-06T00:14:52+0800] P2 验收命令：/usr/bin/python3 -m rl.evaluate --phase P2 --gate --checkpoint /run/media/pma213x/0C6A8CC86A8CAFCE/Ubuntu2/CodeU/Dog1/official-mini-cheetah/checkpoints/official_mini_cheetah_flat_jump_v1_r3/official_mini_cheetah_flat_jump_v1_r3_final.zip --output /run/media/pma213x/0C6A8CC86A8CAFCE/Ubuntu2/CodeU/Dog1/official-mini-cheetah/logs/official_mini_cheetah_flat_jump_v1_r3/P2_gate_attempt_2.json
[2026-10-06T00:15:13+0800] P2 验收未通过，report.passed=false
[2026-10-06T00:15:13+0800] P2 连续 Gate 批次结果=[False, False, False]
[2026-10-06T00:15:13+0800] P2 启动：/usr/bin/python3 -m rl.train --phase P2 --total-steps 810000 --device cuda --ckptdir /run/media/pma213x/0C6A8CC86A8CAFCE/Ubuntu2/CodeU/Dog1/official-mini-cheetah/checkpoints/official_mini_cheetah_flat_jump_v1_r3 --ckpt-prefix official_mini_cheetah_flat_jump_v1_r3 --logdir /run/media/pma213x/0C6A8CC86A8CAFCE/Ubuntu2/CodeU/Dog1/official-mini-cheetah/runs/official_mini_cheetah_flat_jump_v1_r3/P2_parallel --bridge-port 11452 --num-envs 4 --checkpoint-interval 20000 --randomization-mode fixed --seed 20261003 --phase-step-offset 400000 --resume /run/media/pma213x/0C6A8CC86A8CAFCE/Ubuntu2/CodeU/Dog1/official-mini-cheetah/checkpoints/official_mini_cheetah_flat_jump_v1_r3/official_mini_cheetah_flat_jump_v1_r3_final.zip
[2026-10-06T00:15:17+0800] P2 四 worker 实时健康确认通过
[2026-10-06T00:15:31+0800] P2 验收命令：/usr/bin/python3 -m rl.evaluate --phase P2 --gate --checkpoint /run/media/pma213x/0C6A8CC86A8CAFCE/Ubuntu2/CodeU/Dog1/official-mini-cheetah/checkpoints/official_mini_cheetah_flat_jump_v1_r3/official_mini_cheetah_flat_jump_v1_r3_final.zip --output /run/media/pma213x/0C6A8CC86A8CAFCE/Ubuntu2/CodeU/Dog1/official-mini-cheetah/logs/official_mini_cheetah_flat_jump_v1_r3/P2_gate_attempt_0.json
[2026-10-06T00:15:54+0800] P2 验收未通过，report.passed=false
[2026-10-06T00:15:54+0800] P2 验收命令：/usr/bin/python3 -m rl.evaluate --phase P2 --gate --checkpoint /run/media/pma213x/0C6A8CC86A8CAFCE/Ubuntu2/CodeU/Dog1/official-mini-cheetah/checkpoints/official_mini_cheetah_flat_jump_v1_r3/official_mini_cheetah_flat_jump_v1_r3_final.zip --output /run/media/pma213x/0C6A8CC86A8CAFCE/Ubuntu2/CodeU/Dog1/official-mini-cheetah/logs/official_mini_cheetah_flat_jump_v1_r3/P2_gate_attempt_1.json
[2026-10-06T00:16:19+0800] P2 验收未通过，report.passed=false
[2026-10-06T00:16:19+0800] P2 验收命令：/usr/bin/python3 -m rl.evaluate --phase P2 --gate --checkpoint /run/media/pma213x/0C6A8CC86A8CAFCE/Ubuntu2/CodeU/Dog1/official-mini-cheetah/checkpoints/official_mini_cheetah_flat_jump_v1_r3/official_mini_cheetah_flat_jump_v1_r3_final.zip --output /run/media/pma213x/0C6A8CC86A8CAFCE/Ubuntu2/CodeU/Dog1/official-mini-cheetah/logs/official_mini_cheetah_flat_jump_v1_r3/P2_gate_attempt_2.json
[2026-10-06T00:16:41+0800] P2 验收未通过，report.passed=false
[2026-10-06T00:16:41+0800] P2 连续 Gate 批次结果=[False, False, False]
[2026-10-06T00:16:41+0800] P2 启动：/usr/bin/python3 -m rl.train --phase P2 --total-steps 820000 --device cuda --ckptdir /run/media/pma213x/0C6A8CC86A8CAFCE/Ubuntu2/CodeU/Dog1/official-mini-cheetah/checkpoints/official_mini_cheetah_flat_jump_v1_r3 --ckpt-prefix official_mini_cheetah_flat_jump_v1_r3 --logdir /run/media/pma213x/0C6A8CC86A8CAFCE/Ubuntu2/CodeU/Dog1/official-mini-cheetah/runs/official_mini_cheetah_flat_jump_v1_r3/P2_parallel --bridge-port 11452 --num-envs 4 --checkpoint-interval 20000 --randomization-mode fixed --seed 20261003 --phase-step-offset 410000 --resume /run/media/pma213x/0C6A8CC86A8CAFCE/Ubuntu2/CodeU/Dog1/official-mini-cheetah/checkpoints/official_mini_cheetah_flat_jump_v1_r3/official_mini_cheetah_flat_jump_v1_r3_final.zip
[2026-10-06T00:16:45+0800] P2 四 worker 实时健康确认通过
[2026-10-06T00:17:00+0800] P2 验收命令：/usr/bin/python3 -m rl.evaluate --phase P2 --gate --checkpoint /run/media/pma213x/0C6A8CC86A8CAFCE/Ubuntu2/CodeU/Dog1/official-mini-cheetah/checkpoints/official_mini_cheetah_flat_jump_v1_r3/official_mini_cheetah_flat_jump_v1_r3_final.zip --output /run/media/pma213x/0C6A8CC86A8CAFCE/Ubuntu2/CodeU/Dog1/official-mini-cheetah/logs/official_mini_cheetah_flat_jump_v1_r3/P2_gate_attempt_0.json
[2026-10-06T00:17:22+0800] P2 验收未通过，report.passed=false
[2026-10-06T00:17:22+0800] P2 验收命令：/usr/bin/python3 -m rl.evaluate --phase P2 --gate --checkpoint /run/media/pma213x/0C6A8CC86A8CAFCE/Ubuntu2/CodeU/Dog1/official-mini-cheetah/checkpoints/official_mini_cheetah_flat_jump_v1_r3/official_mini_cheetah_flat_jump_v1_r3_final.zip --output /run/media/pma213x/0C6A8CC86A8CAFCE/Ubuntu2/CodeU/Dog1/official-mini-cheetah/logs/official_mini_cheetah_flat_jump_v1_r3/P2_gate_attempt_1.json
[2026-10-06T00:17:43+0800] P2 验收未通过，report.passed=false
[2026-10-06T00:17:43+0800] P2 验收命令：/usr/bin/python3 -m rl.evaluate --phase P2 --gate --checkpoint /run/media/pma213x/0C6A8CC86A8CAFCE/Ubuntu2/CodeU/Dog1/official-mini-cheetah/checkpoints/official_mini_cheetah_flat_jump_v1_r3/official_mini_cheetah_flat_jump_v1_r3_final.zip --output /run/media/pma213x/0C6A8CC86A8CAFCE/Ubuntu2/CodeU/Dog1/official-mini-cheetah/logs/official_mini_cheetah_flat_jump_v1_r3/P2_gate_attempt_2.json
[2026-10-06T00:18:04+0800] P2 验收未通过，report.passed=false
[2026-10-06T00:18:04+0800] P2 连续 Gate 批次结果=[False, False, False]
[2026-10-06T00:18:04+0800] P2 启动：/usr/bin/python3 -m rl.train --phase P2 --total-steps 830000 --device cuda --ckptdir /run/media/pma213x/0C6A8CC86A8CAFCE/Ubuntu2/CodeU/Dog1/official-mini-cheetah/checkpoints/official_mini_cheetah_flat_jump_v1_r3 --ckpt-prefix official_mini_cheetah_flat_jump_v1_r3 --logdir /run/media/pma213x/0C6A8CC86A8CAFCE/Ubuntu2/CodeU/Dog1/official-mini-cheetah/runs/official_mini_cheetah_flat_jump_v1_r3/P2_parallel --bridge-port 11452 --num-envs 4 --checkpoint-interval 20000 --randomization-mode fixed --seed 20261003 --phase-step-offset 420000 --resume /run/media/pma213x/0C6A8CC86A8CAFCE/Ubuntu2/CodeU/Dog1/official-mini-cheetah/checkpoints/official_mini_cheetah_flat_jump_v1_r3/official_mini_cheetah_flat_jump_v1_r3_final.zip
[2026-10-06T00:18:08+0800] P2 四 worker 实时健康确认通过
[2026-10-06T00:18:22+0800] P2 验收命令：/usr/bin/python3 -m rl.evaluate --phase P2 --gate --checkpoint /run/media/pma213x/0C6A8CC86A8CAFCE/Ubuntu2/CodeU/Dog1/official-mini-cheetah/checkpoints/official_mini_cheetah_flat_jump_v1_r3/official_mini_cheetah_flat_jump_v1_r3_final.zip --output /run/media/pma213x/0C6A8CC86A8CAFCE/Ubuntu2/CodeU/Dog1/official-mini-cheetah/logs/official_mini_cheetah_flat_jump_v1_r3/P2_gate_attempt_0.json
[2026-10-06T00:18:44+0800] P2 验收未通过，report.passed=false
[2026-10-06T00:18:44+0800] P2 验收命令：/usr/bin/python3 -m rl.evaluate --phase P2 --gate --checkpoint /run/media/pma213x/0C6A8CC86A8CAFCE/Ubuntu2/CodeU/Dog1/official-mini-cheetah/checkpoints/official_mini_cheetah_flat_jump_v1_r3/official_mini_cheetah_flat_jump_v1_r3_final.zip --output /run/media/pma213x/0C6A8CC86A8CAFCE/Ubuntu2/CodeU/Dog1/official-mini-cheetah/logs/official_mini_cheetah_flat_jump_v1_r3/P2_gate_attempt_1.json
[2026-10-06T00:19:05+0800] P2 验收未通过，report.passed=false
[2026-10-06T00:19:05+0800] P2 验收命令：/usr/bin/python3 -m rl.evaluate --phase P2 --gate --checkpoint /run/media/pma213x/0C6A8CC86A8CAFCE/Ubuntu2/CodeU/Dog1/official-mini-cheetah/checkpoints/official_mini_cheetah_flat_jump_v1_r3/official_mini_cheetah_flat_jump_v1_r3_final.zip --output /run/media/pma213x/0C6A8CC86A8CAFCE/Ubuntu2/CodeU/Dog1/official-mini-cheetah/logs/official_mini_cheetah_flat_jump_v1_r3/P2_gate_attempt_2.json
[2026-10-06T00:19:27+0800] P2 验收未通过，report.passed=false
[2026-10-06T00:19:27+0800] P2 连续 Gate 批次结果=[False, False, False]
[2026-10-06T00:19:27+0800] P2 启动：/usr/bin/python3 -m rl.train --phase P2 --total-steps 840000 --device cuda --ckptdir /run/media/pma213x/0C6A8CC86A8CAFCE/Ubuntu2/CodeU/Dog1/official-mini-cheetah/checkpoints/official_mini_cheetah_flat_jump_v1_r3 --ckpt-prefix official_mini_cheetah_flat_jump_v1_r3 --logdir /run/media/pma213x/0C6A8CC86A8CAFCE/Ubuntu2/CodeU/Dog1/official-mini-cheetah/runs/official_mini_cheetah_flat_jump_v1_r3/P2_parallel --bridge-port 11452 --num-envs 4 --checkpoint-interval 20000 --randomization-mode fixed --seed 20261003 --phase-step-offset 430000 --resume /run/media/pma213x/0C6A8CC86A8CAFCE/Ubuntu2/CodeU/Dog1/official-mini-cheetah/checkpoints/official_mini_cheetah_flat_jump_v1_r3/official_mini_cheetah_flat_jump_v1_r3_final.zip
[2026-10-06T00:19:31+0800] P2 四 worker 实时健康确认通过
[2026-10-06T00:19:45+0800] P2 验收命令：/usr/bin/python3 -m rl.evaluate --phase P2 --gate --checkpoint /run/media/pma213x/0C6A8CC86A8CAFCE/Ubuntu2/CodeU/Dog1/official-mini-cheetah/checkpoints/official_mini_cheetah_flat_jump_v1_r3/official_mini_cheetah_flat_jump_v1_r3_final.zip --output /run/media/pma213x/0C6A8CC86A8CAFCE/Ubuntu2/CodeU/Dog1/official-mini-cheetah/logs/official_mini_cheetah_flat_jump_v1_r3/P2_gate_attempt_0.json
[2026-10-06T00:20:06+0800] P2 验收未通过，report.passed=false
[2026-10-06T00:20:06+0800] P2 验收命令：/usr/bin/python3 -m rl.evaluate --phase P2 --gate --checkpoint /run/media/pma213x/0C6A8CC86A8CAFCE/Ubuntu2/CodeU/Dog1/official-mini-cheetah/checkpoints/official_mini_cheetah_flat_jump_v1_r3/official_mini_cheetah_flat_jump_v1_r3_final.zip --output /run/media/pma213x/0C6A8CC86A8CAFCE/Ubuntu2/CodeU/Dog1/official-mini-cheetah/logs/official_mini_cheetah_flat_jump_v1_r3/P2_gate_attempt_1.json
[2026-10-06T00:20:28+0800] P2 验收未通过，report.passed=false
[2026-10-06T00:20:28+0800] P2 验收命令：/usr/bin/python3 -m rl.evaluate --phase P2 --gate --checkpoint /run/media/pma213x/0C6A8CC86A8CAFCE/Ubuntu2/CodeU/Dog1/official-mini-cheetah/checkpoints/official_mini_cheetah_flat_jump_v1_r3/official_mini_cheetah_flat_jump_v1_r3_final.zip --output /run/media/pma213x/0C6A8CC86A8CAFCE/Ubuntu2/CodeU/Dog1/official-mini-cheetah/logs/official_mini_cheetah_flat_jump_v1_r3/P2_gate_attempt_2.json
[2026-10-06T00:20:49+0800] P2 验收未通过，report.passed=false
[2026-10-06T00:20:49+0800] P2 连续 Gate 批次结果=[False, False, False]
[2026-10-06T00:20:49+0800] P2 启动：/usr/bin/python3 -m rl.train --phase P2 --total-steps 850000 --device cuda --ckptdir /run/media/pma213x/0C6A8CC86A8CAFCE/Ubuntu2/CodeU/Dog1/official-mini-cheetah/checkpoints/official_mini_cheetah_flat_jump_v1_r3 --ckpt-prefix official_mini_cheetah_flat_jump_v1_r3 --logdir /run/media/pma213x/0C6A8CC86A8CAFCE/Ubuntu2/CodeU/Dog1/official-mini-cheetah/runs/official_mini_cheetah_flat_jump_v1_r3/P2_parallel --bridge-port 11452 --num-envs 4 --checkpoint-interval 20000 --randomization-mode fixed --seed 20261003 --phase-step-offset 440000 --resume /run/media/pma213x/0C6A8CC86A8CAFCE/Ubuntu2/CodeU/Dog1/official-mini-cheetah/checkpoints/official_mini_cheetah_flat_jump_v1_r3/official_mini_cheetah_flat_jump_v1_r3_final.zip
[2026-10-06T00:20:53+0800] P2 四 worker 实时健康确认通过
[2026-10-06T00:21:08+0800] P2 验收命令：/usr/bin/python3 -m rl.evaluate --phase P2 --gate --checkpoint /run/media/pma213x/0C6A8CC86A8CAFCE/Ubuntu2/CodeU/Dog1/official-mini-cheetah/checkpoints/official_mini_cheetah_flat_jump_v1_r3/official_mini_cheetah_flat_jump_v1_r3_final.zip --output /run/media/pma213x/0C6A8CC86A8CAFCE/Ubuntu2/CodeU/Dog1/official-mini-cheetah/logs/official_mini_cheetah_flat_jump_v1_r3/P2_gate_attempt_0.json
[2026-10-06T00:21:30+0800] P2 验收未通过，report.passed=false
[2026-10-06T00:21:30+0800] P2 验收命令：/usr/bin/python3 -m rl.evaluate --phase P2 --gate --checkpoint /run/media/pma213x/0C6A8CC86A8CAFCE/Ubuntu2/CodeU/Dog1/official-mini-cheetah/checkpoints/official_mini_cheetah_flat_jump_v1_r3/official_mini_cheetah_flat_jump_v1_r3_final.zip --output /run/media/pma213x/0C6A8CC86A8CAFCE/Ubuntu2/CodeU/Dog1/official-mini-cheetah/logs/official_mini_cheetah_flat_jump_v1_r3/P2_gate_attempt_1.json
[2026-10-06T00:21:53+0800] P2 验收未通过，report.passed=false
[2026-10-06T00:21:53+0800] P2 验收命令：/usr/bin/python3 -m rl.evaluate --phase P2 --gate --checkpoint /run/media/pma213x/0C6A8CC86A8CAFCE/Ubuntu2/CodeU/Dog1/official-mini-cheetah/checkpoints/official_mini_cheetah_flat_jump_v1_r3/official_mini_cheetah_flat_jump_v1_r3_final.zip --output /run/media/pma213x/0C6A8CC86A8CAFCE/Ubuntu2/CodeU/Dog1/official-mini-cheetah/logs/official_mini_cheetah_flat_jump_v1_r3/P2_gate_attempt_2.json
[2026-10-06T00:22:15+0800] P2 验收未通过，report.passed=false
[2026-10-06T00:22:15+0800] P2 连续 Gate 批次结果=[False, False, False]
[2026-10-06T00:22:15+0800] P2 启动：/usr/bin/python3 -m rl.train --phase P2 --total-steps 860000 --device cuda --ckptdir /run/media/pma213x/0C6A8CC86A8CAFCE/Ubuntu2/CodeU/Dog1/official-mini-cheetah/checkpoints/official_mini_cheetah_flat_jump_v1_r3 --ckpt-prefix official_mini_cheetah_flat_jump_v1_r3 --logdir /run/media/pma213x/0C6A8CC86A8CAFCE/Ubuntu2/CodeU/Dog1/official-mini-cheetah/runs/official_mini_cheetah_flat_jump_v1_r3/P2_parallel --bridge-port 11452 --num-envs 4 --checkpoint-interval 20000 --randomization-mode fixed --seed 20261003 --phase-step-offset 450000 --resume /run/media/pma213x/0C6A8CC86A8CAFCE/Ubuntu2/CodeU/Dog1/official-mini-cheetah/checkpoints/official_mini_cheetah_flat_jump_v1_r3/official_mini_cheetah_flat_jump_v1_r3_final.zip
[2026-10-06T00:22:19+0800] P2 四 worker 实时健康确认通过
[2026-10-06T00:22:34+0800] P2 验收命令：/usr/bin/python3 -m rl.evaluate --phase P2 --gate --checkpoint /run/media/pma213x/0C6A8CC86A8CAFCE/Ubuntu2/CodeU/Dog1/official-mini-cheetah/checkpoints/official_mini_cheetah_flat_jump_v1_r3/official_mini_cheetah_flat_jump_v1_r3_final.zip --output /run/media/pma213x/0C6A8CC86A8CAFCE/Ubuntu2/CodeU/Dog1/official-mini-cheetah/logs/official_mini_cheetah_flat_jump_v1_r3/P2_gate_attempt_0.json
[2026-10-06T00:22:56+0800] P2 验收未通过，report.passed=false
[2026-10-06T00:22:56+0800] P2 验收命令：/usr/bin/python3 -m rl.evaluate --phase P2 --gate --checkpoint /run/media/pma213x/0C6A8CC86A8CAFCE/Ubuntu2/CodeU/Dog1/official-mini-cheetah/checkpoints/official_mini_cheetah_flat_jump_v1_r3/official_mini_cheetah_flat_jump_v1_r3_final.zip --output /run/media/pma213x/0C6A8CC86A8CAFCE/Ubuntu2/CodeU/Dog1/official-mini-cheetah/logs/official_mini_cheetah_flat_jump_v1_r3/P2_gate_attempt_1.json
[2026-10-06T00:23:17+0800] P2 验收未通过，report.passed=false
[2026-10-06T00:23:17+0800] P2 验收命令：/usr/bin/python3 -m rl.evaluate --phase P2 --gate --checkpoint /run/media/pma213x/0C6A8CC86A8CAFCE/Ubuntu2/CodeU/Dog1/official-mini-cheetah/checkpoints/official_mini_cheetah_flat_jump_v1_r3/official_mini_cheetah_flat_jump_v1_r3_final.zip --output /run/media/pma213x/0C6A8CC86A8CAFCE/Ubuntu2/CodeU/Dog1/official-mini-cheetah/logs/official_mini_cheetah_flat_jump_v1_r3/P2_gate_attempt_2.json
[2026-10-06T00:23:39+0800] P2 验收未通过，report.passed=false
[2026-10-06T00:23:39+0800] P2 连续 Gate 批次结果=[False, False, False]
[2026-10-06T00:23:39+0800] P2 启动：/usr/bin/python3 -m rl.train --phase P2 --total-steps 870000 --device cuda --ckptdir /run/media/pma213x/0C6A8CC86A8CAFCE/Ubuntu2/CodeU/Dog1/official-mini-cheetah/checkpoints/official_mini_cheetah_flat_jump_v1_r3 --ckpt-prefix official_mini_cheetah_flat_jump_v1_r3 --logdir /run/media/pma213x/0C6A8CC86A8CAFCE/Ubuntu2/CodeU/Dog1/official-mini-cheetah/runs/official_mini_cheetah_flat_jump_v1_r3/P2_parallel --bridge-port 11452 --num-envs 4 --checkpoint-interval 20000 --randomization-mode fixed --seed 20261003 --phase-step-offset 460000 --resume /run/media/pma213x/0C6A8CC86A8CAFCE/Ubuntu2/CodeU/Dog1/official-mini-cheetah/checkpoints/official_mini_cheetah_flat_jump_v1_r3/official_mini_cheetah_flat_jump_v1_r3_final.zip
[2026-10-06T00:23:43+0800] P2 四 worker 实时健康确认通过
[2026-10-06T00:23:58+0800] P2 验收命令：/usr/bin/python3 -m rl.evaluate --phase P2 --gate --checkpoint /run/media/pma213x/0C6A8CC86A8CAFCE/Ubuntu2/CodeU/Dog1/official-mini-cheetah/checkpoints/official_mini_cheetah_flat_jump_v1_r3/official_mini_cheetah_flat_jump_v1_r3_final.zip --output /run/media/pma213x/0C6A8CC86A8CAFCE/Ubuntu2/CodeU/Dog1/official-mini-cheetah/logs/official_mini_cheetah_flat_jump_v1_r3/P2_gate_attempt_0.json
[2026-10-06T00:24:18+0800] P2 验收未通过，report.passed=false
[2026-10-06T00:24:18+0800] P2 验收命令：/usr/bin/python3 -m rl.evaluate --phase P2 --gate --checkpoint /run/media/pma213x/0C6A8CC86A8CAFCE/Ubuntu2/CodeU/Dog1/official-mini-cheetah/checkpoints/official_mini_cheetah_flat_jump_v1_r3/official_mini_cheetah_flat_jump_v1_r3_final.zip --output /run/media/pma213x/0C6A8CC86A8CAFCE/Ubuntu2/CodeU/Dog1/official-mini-cheetah/logs/official_mini_cheetah_flat_jump_v1_r3/P2_gate_attempt_1.json
[2026-10-06T00:24:40+0800] P2 验收未通过，report.passed=false
[2026-10-06T00:24:40+0800] P2 验收命令：/usr/bin/python3 -m rl.evaluate --phase P2 --gate --checkpoint /run/media/pma213x/0C6A8CC86A8CAFCE/Ubuntu2/CodeU/Dog1/official-mini-cheetah/checkpoints/official_mini_cheetah_flat_jump_v1_r3/official_mini_cheetah_flat_jump_v1_r3_final.zip --output /run/media/pma213x/0C6A8CC86A8CAFCE/Ubuntu2/CodeU/Dog1/official-mini-cheetah/logs/official_mini_cheetah_flat_jump_v1_r3/P2_gate_attempt_2.json
[2026-10-06T00:25:01+0800] P2 验收未通过，report.passed=false
[2026-10-06T00:25:01+0800] P2 连续 Gate 批次结果=[False, False, False]
[2026-10-06T00:25:01+0800] P2 启动：/usr/bin/python3 -m rl.train --phase P2 --total-steps 880000 --device cuda --ckptdir /run/media/pma213x/0C6A8CC86A8CAFCE/Ubuntu2/CodeU/Dog1/official-mini-cheetah/checkpoints/official_mini_cheetah_flat_jump_v1_r3 --ckpt-prefix official_mini_cheetah_flat_jump_v1_r3 --logdir /run/media/pma213x/0C6A8CC86A8CAFCE/Ubuntu2/CodeU/Dog1/official-mini-cheetah/runs/official_mini_cheetah_flat_jump_v1_r3/P2_parallel --bridge-port 11452 --num-envs 4 --checkpoint-interval 20000 --randomization-mode fixed --seed 20261003 --phase-step-offset 470000 --resume /run/media/pma213x/0C6A8CC86A8CAFCE/Ubuntu2/CodeU/Dog1/official-mini-cheetah/checkpoints/official_mini_cheetah_flat_jump_v1_r3/official_mini_cheetah_flat_jump_v1_r3_final.zip
[2026-10-06T00:25:05+0800] P2 四 worker 实时健康确认通过
[2026-10-06T00:25:19+0800] P2 验收命令：/usr/bin/python3 -m rl.evaluate --phase P2 --gate --checkpoint /run/media/pma213x/0C6A8CC86A8CAFCE/Ubuntu2/CodeU/Dog1/official-mini-cheetah/checkpoints/official_mini_cheetah_flat_jump_v1_r3/official_mini_cheetah_flat_jump_v1_r3_final.zip --output /run/media/pma213x/0C6A8CC86A8CAFCE/Ubuntu2/CodeU/Dog1/official-mini-cheetah/logs/official_mini_cheetah_flat_jump_v1_r3/P2_gate_attempt_0.json
[2026-10-06T00:25:41+0800] P2 验收未通过，report.passed=false
[2026-10-06T00:25:41+0800] P2 验收命令：/usr/bin/python3 -m rl.evaluate --phase P2 --gate --checkpoint /run/media/pma213x/0C6A8CC86A8CAFCE/Ubuntu2/CodeU/Dog1/official-mini-cheetah/checkpoints/official_mini_cheetah_flat_jump_v1_r3/official_mini_cheetah_flat_jump_v1_r3_final.zip --output /run/media/pma213x/0C6A8CC86A8CAFCE/Ubuntu2/CodeU/Dog1/official-mini-cheetah/logs/official_mini_cheetah_flat_jump_v1_r3/P2_gate_attempt_1.json
[2026-10-06T00:26:02+0800] P2 验收未通过，report.passed=false
[2026-10-06T00:26:02+0800] P2 验收命令：/usr/bin/python3 -m rl.evaluate --phase P2 --gate --checkpoint /run/media/pma213x/0C6A8CC86A8CAFCE/Ubuntu2/CodeU/Dog1/official-mini-cheetah/checkpoints/official_mini_cheetah_flat_jump_v1_r3/official_mini_cheetah_flat_jump_v1_r3_final.zip --output /run/media/pma213x/0C6A8CC86A8CAFCE/Ubuntu2/CodeU/Dog1/official-mini-cheetah/logs/official_mini_cheetah_flat_jump_v1_r3/P2_gate_attempt_2.json
[2026-10-06T00:26:23+0800] P2 验收未通过，report.passed=false
[2026-10-06T00:26:23+0800] P2 连续 Gate 批次结果=[False, False, False]
[2026-10-06T00:26:23+0800] P2 启动：/usr/bin/python3 -m rl.train --phase P2 --total-steps 890000 --device cuda --ckptdir /run/media/pma213x/0C6A8CC86A8CAFCE/Ubuntu2/CodeU/Dog1/official-mini-cheetah/checkpoints/official_mini_cheetah_flat_jump_v1_r3 --ckpt-prefix official_mini_cheetah_flat_jump_v1_r3 --logdir /run/media/pma213x/0C6A8CC86A8CAFCE/Ubuntu2/CodeU/Dog1/official-mini-cheetah/runs/official_mini_cheetah_flat_jump_v1_r3/P2_parallel --bridge-port 11452 --num-envs 4 --checkpoint-interval 20000 --randomization-mode fixed --seed 20261003 --phase-step-offset 480000 --resume /run/media/pma213x/0C6A8CC86A8CAFCE/Ubuntu2/CodeU/Dog1/official-mini-cheetah/checkpoints/official_mini_cheetah_flat_jump_v1_r3/official_mini_cheetah_flat_jump_v1_r3_final.zip
[2026-10-06T00:26:28+0800] P2 四 worker 实时健康确认通过
[2026-10-06T00:26:43+0800] P2 验收命令：/usr/bin/python3 -m rl.evaluate --phase P2 --gate --checkpoint /run/media/pma213x/0C6A8CC86A8CAFCE/Ubuntu2/CodeU/Dog1/official-mini-cheetah/checkpoints/official_mini_cheetah_flat_jump_v1_r3/official_mini_cheetah_flat_jump_v1_r3_final.zip --output /run/media/pma213x/0C6A8CC86A8CAFCE/Ubuntu2/CodeU/Dog1/official-mini-cheetah/logs/official_mini_cheetah_flat_jump_v1_r3/P2_gate_attempt_0.json
[2026-10-06T00:27:05+0800] P2 验收未通过，report.passed=false
[2026-10-06T00:27:05+0800] P2 验收命令：/usr/bin/python3 -m rl.evaluate --phase P2 --gate --checkpoint /run/media/pma213x/0C6A8CC86A8CAFCE/Ubuntu2/CodeU/Dog1/official-mini-cheetah/checkpoints/official_mini_cheetah_flat_jump_v1_r3/official_mini_cheetah_flat_jump_v1_r3_final.zip --output /run/media/pma213x/0C6A8CC86A8CAFCE/Ubuntu2/CodeU/Dog1/official-mini-cheetah/logs/official_mini_cheetah_flat_jump_v1_r3/P2_gate_attempt_1.json
[2026-10-06T00:27:36+0800] P2 验收未通过，report.passed=false
[2026-10-06T00:27:36+0800] P2 验收命令：/usr/bin/python3 -m rl.evaluate --phase P2 --gate --checkpoint /run/media/pma213x/0C6A8CC86A8CAFCE/Ubuntu2/CodeU/Dog1/official-mini-cheetah/checkpoints/official_mini_cheetah_flat_jump_v1_r3/official_mini_cheetah_flat_jump_v1_r3_final.zip --output /run/media/pma213x/0C6A8CC86A8CAFCE/Ubuntu2/CodeU/Dog1/official-mini-cheetah/logs/official_mini_cheetah_flat_jump_v1_r3/P2_gate_attempt_2.json
[2026-10-06T00:27:57+0800] P2 验收未通过，report.passed=false
[2026-10-06T00:27:57+0800] P2 连续 Gate 批次结果=[False, False, False]
[2026-10-06T00:27:57+0800] P2 启动：/usr/bin/python3 -m rl.train --phase P2 --total-steps 900000 --device cuda --ckptdir /run/media/pma213x/0C6A8CC86A8CAFCE/Ubuntu2/CodeU/Dog1/official-mini-cheetah/checkpoints/official_mini_cheetah_flat_jump_v1_r3 --ckpt-prefix official_mini_cheetah_flat_jump_v1_r3 --logdir /run/media/pma213x/0C6A8CC86A8CAFCE/Ubuntu2/CodeU/Dog1/official-mini-cheetah/runs/official_mini_cheetah_flat_jump_v1_r3/P2_parallel --bridge-port 11452 --num-envs 4 --checkpoint-interval 20000 --randomization-mode fixed --seed 20261003 --phase-step-offset 490000 --resume /run/media/pma213x/0C6A8CC86A8CAFCE/Ubuntu2/CodeU/Dog1/official-mini-cheetah/checkpoints/official_mini_cheetah_flat_jump_v1_r3/official_mini_cheetah_flat_jump_v1_r3_final.zip
[2026-10-06T00:28:01+0800] P2 四 worker 实时健康确认通过
[2026-10-06T00:28:16+0800] P2 验收命令：/usr/bin/python3 -m rl.evaluate --phase P2 --gate --checkpoint /run/media/pma213x/0C6A8CC86A8CAFCE/Ubuntu2/CodeU/Dog1/official-mini-cheetah/checkpoints/official_mini_cheetah_flat_jump_v1_r3/official_mini_cheetah_flat_jump_v1_r3_final.zip --output /run/media/pma213x/0C6A8CC86A8CAFCE/Ubuntu2/CodeU/Dog1/official-mini-cheetah/logs/official_mini_cheetah_flat_jump_v1_r3/P2_gate_attempt_0.json
[2026-10-06T00:28:38+0800] P2 验收未通过，report.passed=false
[2026-10-06T00:28:38+0800] P2 验收命令：/usr/bin/python3 -m rl.evaluate --phase P2 --gate --checkpoint /run/media/pma213x/0C6A8CC86A8CAFCE/Ubuntu2/CodeU/Dog1/official-mini-cheetah/checkpoints/official_mini_cheetah_flat_jump_v1_r3/official_mini_cheetah_flat_jump_v1_r3_final.zip --output /run/media/pma213x/0C6A8CC86A8CAFCE/Ubuntu2/CodeU/Dog1/official-mini-cheetah/logs/official_mini_cheetah_flat_jump_v1_r3/P2_gate_attempt_1.json
[2026-10-06T00:29:02+0800] P2 验收未通过，report.passed=false
[2026-10-06T00:29:02+0800] P2 验收命令：/usr/bin/python3 -m rl.evaluate --phase P2 --gate --checkpoint /run/media/pma213x/0C6A8CC86A8CAFCE/Ubuntu2/CodeU/Dog1/official-mini-cheetah/checkpoints/official_mini_cheetah_flat_jump_v1_r3/official_mini_cheetah_flat_jump_v1_r3_final.zip --output /run/media/pma213x/0C6A8CC86A8CAFCE/Ubuntu2/CodeU/Dog1/official-mini-cheetah/logs/official_mini_cheetah_flat_jump_v1_r3/P2_gate_attempt_2.json
[2026-10-06T00:29:24+0800] P2 验收未通过，report.passed=false
[2026-10-06T00:29:24+0800] P2 连续 Gate 批次结果=[False, False, False]
[2026-10-06T00:29:24+0800] P2 启动：/usr/bin/python3 -m rl.train --phase P2 --total-steps 910000 --device cuda --ckptdir /run/media/pma213x/0C6A8CC86A8CAFCE/Ubuntu2/CodeU/Dog1/official-mini-cheetah/checkpoints/official_mini_cheetah_flat_jump_v1_r3 --ckpt-prefix official_mini_cheetah_flat_jump_v1_r3 --logdir /run/media/pma213x/0C6A8CC86A8CAFCE/Ubuntu2/CodeU/Dog1/official-mini-cheetah/runs/official_mini_cheetah_flat_jump_v1_r3/P2_parallel --bridge-port 11452 --num-envs 4 --checkpoint-interval 20000 --randomization-mode fixed --seed 20261003 --phase-step-offset 500000 --resume /run/media/pma213x/0C6A8CC86A8CAFCE/Ubuntu2/CodeU/Dog1/official-mini-cheetah/checkpoints/official_mini_cheetah_flat_jump_v1_r3/official_mini_cheetah_flat_jump_v1_r3_final.zip
[2026-10-06T00:29:28+0800] P2 四 worker 实时健康确认通过
[2026-10-06T00:29:44+0800] P2 验收命令：/usr/bin/python3 -m rl.evaluate --phase P2 --gate --checkpoint /run/media/pma213x/0C6A8CC86A8CAFCE/Ubuntu2/CodeU/Dog1/official-mini-cheetah/checkpoints/official_mini_cheetah_flat_jump_v1_r3/official_mini_cheetah_flat_jump_v1_r3_final.zip --output /run/media/pma213x/0C6A8CC86A8CAFCE/Ubuntu2/CodeU/Dog1/official-mini-cheetah/logs/official_mini_cheetah_flat_jump_v1_r3/P2_gate_attempt_0.json
[2026-10-06T00:30:07+0800] P2 验收未通过，report.passed=false
[2026-10-06T00:30:07+0800] P2 验收命令：/usr/bin/python3 -m rl.evaluate --phase P2 --gate --checkpoint /run/media/pma213x/0C6A8CC86A8CAFCE/Ubuntu2/CodeU/Dog1/official-mini-cheetah/checkpoints/official_mini_cheetah_flat_jump_v1_r3/official_mini_cheetah_flat_jump_v1_r3_final.zip --output /run/media/pma213x/0C6A8CC86A8CAFCE/Ubuntu2/CodeU/Dog1/official-mini-cheetah/logs/official_mini_cheetah_flat_jump_v1_r3/P2_gate_attempt_1.json
[2026-10-06T00:30:34+0800] P2 验收未通过，report.passed=false
[2026-10-06T00:30:34+0800] P2 验收命令：/usr/bin/python3 -m rl.evaluate --phase P2 --gate --checkpoint /run/media/pma213x/0C6A8CC86A8CAFCE/Ubuntu2/CodeU/Dog1/official-mini-cheetah/checkpoints/official_mini_cheetah_flat_jump_v1_r3/official_mini_cheetah_flat_jump_v1_r3_final.zip --output /run/media/pma213x/0C6A8CC86A8CAFCE/Ubuntu2/CodeU/Dog1/official-mini-cheetah/logs/official_mini_cheetah_flat_jump_v1_r3/P2_gate_attempt_2.json
[2026-10-06T00:31:01+0800] P2 验收未通过，report.passed=false
[2026-10-06T00:31:01+0800] P2 连续 Gate 批次结果=[False, False, False]
[2026-10-06T00:31:01+0800] P2 启动：/usr/bin/python3 -m rl.train --phase P2 --total-steps 920000 --device cuda --ckptdir /run/media/pma213x/0C6A8CC86A8CAFCE/Ubuntu2/CodeU/Dog1/official-mini-cheetah/checkpoints/official_mini_cheetah_flat_jump_v1_r3 --ckpt-prefix official_mini_cheetah_flat_jump_v1_r3 --logdir /run/media/pma213x/0C6A8CC86A8CAFCE/Ubuntu2/CodeU/Dog1/official-mini-cheetah/runs/official_mini_cheetah_flat_jump_v1_r3/P2_parallel --bridge-port 11452 --num-envs 4 --checkpoint-interval 20000 --randomization-mode fixed --seed 20261003 --phase-step-offset 510000 --resume /run/media/pma213x/0C6A8CC86A8CAFCE/Ubuntu2/CodeU/Dog1/official-mini-cheetah/checkpoints/official_mini_cheetah_flat_jump_v1_r3/official_mini_cheetah_flat_jump_v1_r3_final.zip
[2026-10-06T00:31:05+0800] P2 四 worker 实时健康确认通过
[2026-10-06T00:31:29+0800] P2 验收命令：/usr/bin/python3 -m rl.evaluate --phase P2 --gate --checkpoint /run/media/pma213x/0C6A8CC86A8CAFCE/Ubuntu2/CodeU/Dog1/official-mini-cheetah/checkpoints/official_mini_cheetah_flat_jump_v1_r3/official_mini_cheetah_flat_jump_v1_r3_final.zip --output /run/media/pma213x/0C6A8CC86A8CAFCE/Ubuntu2/CodeU/Dog1/official-mini-cheetah/logs/official_mini_cheetah_flat_jump_v1_r3/P2_gate_attempt_0.json
[2026-10-06T00:32:01+0800] P2 验收未通过，report.passed=false
[2026-10-06T00:32:01+0800] P2 验收命令：/usr/bin/python3 -m rl.evaluate --phase P2 --gate --checkpoint /run/media/pma213x/0C6A8CC86A8CAFCE/Ubuntu2/CodeU/Dog1/official-mini-cheetah/checkpoints/official_mini_cheetah_flat_jump_v1_r3/official_mini_cheetah_flat_jump_v1_r3_final.zip --output /run/media/pma213x/0C6A8CC86A8CAFCE/Ubuntu2/CodeU/Dog1/official-mini-cheetah/logs/official_mini_cheetah_flat_jump_v1_r3/P2_gate_attempt_1.json
[2026-10-06T00:32:31+0800] P2 验收未通过，report.passed=false
[2026-10-06T00:32:31+0800] P2 验收命令：/usr/bin/python3 -m rl.evaluate --phase P2 --gate --checkpoint /run/media/pma213x/0C6A8CC86A8CAFCE/Ubuntu2/CodeU/Dog1/official-mini-cheetah/checkpoints/official_mini_cheetah_flat_jump_v1_r3/official_mini_cheetah_flat_jump_v1_r3_final.zip --output /run/media/pma213x/0C6A8CC86A8CAFCE/Ubuntu2/CodeU/Dog1/official-mini-cheetah/logs/official_mini_cheetah_flat_jump_v1_r3/P2_gate_attempt_2.json
[2026-10-06T00:33:01+0800] P2 验收未通过，report.passed=false
[2026-10-06T00:33:01+0800] P2 连续 Gate 批次结果=[False, False, False]
[2026-10-06T00:33:01+0800] P2 启动：/usr/bin/python3 -m rl.train --phase P2 --total-steps 930000 --device cuda --ckptdir /run/media/pma213x/0C6A8CC86A8CAFCE/Ubuntu2/CodeU/Dog1/official-mini-cheetah/checkpoints/official_mini_cheetah_flat_jump_v1_r3 --ckpt-prefix official_mini_cheetah_flat_jump_v1_r3 --logdir /run/media/pma213x/0C6A8CC86A8CAFCE/Ubuntu2/CodeU/Dog1/official-mini-cheetah/runs/official_mini_cheetah_flat_jump_v1_r3/P2_parallel --bridge-port 11452 --num-envs 4 --checkpoint-interval 20000 --randomization-mode fixed --seed 20261003 --phase-step-offset 520000 --resume /run/media/pma213x/0C6A8CC86A8CAFCE/Ubuntu2/CodeU/Dog1/official-mini-cheetah/checkpoints/official_mini_cheetah_flat_jump_v1_r3/official_mini_cheetah_flat_jump_v1_r3_final.zip
[2026-10-06T00:33:06+0800] P2 四 worker 实时健康确认通过
[2026-10-06T00:33:28+0800] P2 验收命令：/usr/bin/python3 -m rl.evaluate --phase P2 --gate --checkpoint /run/media/pma213x/0C6A8CC86A8CAFCE/Ubuntu2/CodeU/Dog1/official-mini-cheetah/checkpoints/official_mini_cheetah_flat_jump_v1_r3/official_mini_cheetah_flat_jump_v1_r3_final.zip --output /run/media/pma213x/0C6A8CC86A8CAFCE/Ubuntu2/CodeU/Dog1/official-mini-cheetah/logs/official_mini_cheetah_flat_jump_v1_r3/P2_gate_attempt_0.json
[2026-10-06T00:33:57+0800] P2 验收未通过，report.passed=false
[2026-10-06T00:33:57+0800] P2 验收命令：/usr/bin/python3 -m rl.evaluate --phase P2 --gate --checkpoint /run/media/pma213x/0C6A8CC86A8CAFCE/Ubuntu2/CodeU/Dog1/official-mini-cheetah/checkpoints/official_mini_cheetah_flat_jump_v1_r3/official_mini_cheetah_flat_jump_v1_r3_final.zip --output /run/media/pma213x/0C6A8CC86A8CAFCE/Ubuntu2/CodeU/Dog1/official-mini-cheetah/logs/official_mini_cheetah_flat_jump_v1_r3/P2_gate_attempt_1.json
[2026-10-06T00:34:28+0800] P2 验收未通过，report.passed=false
[2026-10-06T00:34:28+0800] P2 验收命令：/usr/bin/python3 -m rl.evaluate --phase P2 --gate --checkpoint /run/media/pma213x/0C6A8CC86A8CAFCE/Ubuntu2/CodeU/Dog1/official-mini-cheetah/checkpoints/official_mini_cheetah_flat_jump_v1_r3/official_mini_cheetah_flat_jump_v1_r3_final.zip --output /run/media/pma213x/0C6A8CC86A8CAFCE/Ubuntu2/CodeU/Dog1/official-mini-cheetah/logs/official_mini_cheetah_flat_jump_v1_r3/P2_gate_attempt_2.json
[2026-10-06T00:34:59+0800] P2 验收未通过，report.passed=false
[2026-10-06T00:34:59+0800] P2 连续 Gate 批次结果=[False, False, False]
[2026-10-06T00:34:59+0800] P2 启动：/usr/bin/python3 -m rl.train --phase P2 --total-steps 940000 --device cuda --ckptdir /run/media/pma213x/0C6A8CC86A8CAFCE/Ubuntu2/CodeU/Dog1/official-mini-cheetah/checkpoints/official_mini_cheetah_flat_jump_v1_r3 --ckpt-prefix official_mini_cheetah_flat_jump_v1_r3 --logdir /run/media/pma213x/0C6A8CC86A8CAFCE/Ubuntu2/CodeU/Dog1/official-mini-cheetah/runs/official_mini_cheetah_flat_jump_v1_r3/P2_parallel --bridge-port 11452 --num-envs 4 --checkpoint-interval 20000 --randomization-mode fixed --seed 20261003 --phase-step-offset 530000 --resume /run/media/pma213x/0C6A8CC86A8CAFCE/Ubuntu2/CodeU/Dog1/official-mini-cheetah/checkpoints/official_mini_cheetah_flat_jump_v1_r3/official_mini_cheetah_flat_jump_v1_r3_final.zip
[2026-10-06T00:35:04+0800] P2 四 worker 实时健康确认通过
[2026-10-06T00:35:28+0800] P2 验收命令：/usr/bin/python3 -m rl.evaluate --phase P2 --gate --checkpoint /run/media/pma213x/0C6A8CC86A8CAFCE/Ubuntu2/CodeU/Dog1/official-mini-cheetah/checkpoints/official_mini_cheetah_flat_jump_v1_r3/official_mini_cheetah_flat_jump_v1_r3_final.zip --output /run/media/pma213x/0C6A8CC86A8CAFCE/Ubuntu2/CodeU/Dog1/official-mini-cheetah/logs/official_mini_cheetah_flat_jump_v1_r3/P2_gate_attempt_0.json
[2026-10-06T00:36:01+0800] P2 验收未通过，report.passed=false
[2026-10-06T00:36:01+0800] P2 验收命令：/usr/bin/python3 -m rl.evaluate --phase P2 --gate --checkpoint /run/media/pma213x/0C6A8CC86A8CAFCE/Ubuntu2/CodeU/Dog1/official-mini-cheetah/checkpoints/official_mini_cheetah_flat_jump_v1_r3/official_mini_cheetah_flat_jump_v1_r3_final.zip --output /run/media/pma213x/0C6A8CC86A8CAFCE/Ubuntu2/CodeU/Dog1/official-mini-cheetah/logs/official_mini_cheetah_flat_jump_v1_r3/P2_gate_attempt_1.json
[2026-10-06T00:36:25+0800] P2 验收未通过，report.passed=false
[2026-10-06T00:36:25+0800] P2 验收命令：/usr/bin/python3 -m rl.evaluate --phase P2 --gate --checkpoint /run/media/pma213x/0C6A8CC86A8CAFCE/Ubuntu2/CodeU/Dog1/official-mini-cheetah/checkpoints/official_mini_cheetah_flat_jump_v1_r3/official_mini_cheetah_flat_jump_v1_r3_final.zip --output /run/media/pma213x/0C6A8CC86A8CAFCE/Ubuntu2/CodeU/Dog1/official-mini-cheetah/logs/official_mini_cheetah_flat_jump_v1_r3/P2_gate_attempt_2.json
[2026-10-06T00:36:48+0800] P2 验收未通过，report.passed=false
[2026-10-06T00:36:48+0800] P2 连续 Gate 批次结果=[False, False, False]
[2026-10-06T00:36:48+0800] P2 启动：/usr/bin/python3 -m rl.train --phase P2 --total-steps 950000 --device cuda --ckptdir /run/media/pma213x/0C6A8CC86A8CAFCE/Ubuntu2/CodeU/Dog1/official-mini-cheetah/checkpoints/official_mini_cheetah_flat_jump_v1_r3 --ckpt-prefix official_mini_cheetah_flat_jump_v1_r3 --logdir /run/media/pma213x/0C6A8CC86A8CAFCE/Ubuntu2/CodeU/Dog1/official-mini-cheetah/runs/official_mini_cheetah_flat_jump_v1_r3/P2_parallel --bridge-port 11452 --num-envs 4 --checkpoint-interval 20000 --randomization-mode fixed --seed 20261003 --phase-step-offset 540000 --resume /run/media/pma213x/0C6A8CC86A8CAFCE/Ubuntu2/CodeU/Dog1/official-mini-cheetah/checkpoints/official_mini_cheetah_flat_jump_v1_r3/official_mini_cheetah_flat_jump_v1_r3_final.zip
[2026-10-06T00:36:52+0800] P2 四 worker 实时健康确认通过
[2026-10-06T00:37:07+0800] P2 验收命令：/usr/bin/python3 -m rl.evaluate --phase P2 --gate --checkpoint /run/media/pma213x/0C6A8CC86A8CAFCE/Ubuntu2/CodeU/Dog1/official-mini-cheetah/checkpoints/official_mini_cheetah_flat_jump_v1_r3/official_mini_cheetah_flat_jump_v1_r3_final.zip --output /run/media/pma213x/0C6A8CC86A8CAFCE/Ubuntu2/CodeU/Dog1/official-mini-cheetah/logs/official_mini_cheetah_flat_jump_v1_r3/P2_gate_attempt_0.json
[2026-10-06T00:37:31+0800] P2 验收未通过，report.passed=false
[2026-10-06T00:37:31+0800] P2 验收命令：/usr/bin/python3 -m rl.evaluate --phase P2 --gate --checkpoint /run/media/pma213x/0C6A8CC86A8CAFCE/Ubuntu2/CodeU/Dog1/official-mini-cheetah/checkpoints/official_mini_cheetah_flat_jump_v1_r3/official_mini_cheetah_flat_jump_v1_r3_final.zip --output /run/media/pma213x/0C6A8CC86A8CAFCE/Ubuntu2/CodeU/Dog1/official-mini-cheetah/logs/official_mini_cheetah_flat_jump_v1_r3/P2_gate_attempt_1.json
[2026-10-06T00:37:54+0800] P2 验收未通过，report.passed=false
[2026-10-06T00:37:54+0800] P2 验收命令：/usr/bin/python3 -m rl.evaluate --phase P2 --gate --checkpoint /run/media/pma213x/0C6A8CC86A8CAFCE/Ubuntu2/CodeU/Dog1/official-mini-cheetah/checkpoints/official_mini_cheetah_flat_jump_v1_r3/official_mini_cheetah_flat_jump_v1_r3_final.zip --output /run/media/pma213x/0C6A8CC86A8CAFCE/Ubuntu2/CodeU/Dog1/official-mini-cheetah/logs/official_mini_cheetah_flat_jump_v1_r3/P2_gate_attempt_2.json
[2026-10-06T00:38:15+0800] P2 验收未通过，report.passed=false
[2026-10-06T00:38:15+0800] P2 连续 Gate 批次结果=[False, False, False]
[2026-10-06T00:38:15+0800] P2 启动：/usr/bin/python3 -m rl.train --phase P2 --total-steps 960000 --device cuda --ckptdir /run/media/pma213x/0C6A8CC86A8CAFCE/Ubuntu2/CodeU/Dog1/official-mini-cheetah/checkpoints/official_mini_cheetah_flat_jump_v1_r3 --ckpt-prefix official_mini_cheetah_flat_jump_v1_r3 --logdir /run/media/pma213x/0C6A8CC86A8CAFCE/Ubuntu2/CodeU/Dog1/official-mini-cheetah/runs/official_mini_cheetah_flat_jump_v1_r3/P2_parallel --bridge-port 11452 --num-envs 4 --checkpoint-interval 20000 --randomization-mode fixed --seed 20261003 --phase-step-offset 550000 --resume /run/media/pma213x/0C6A8CC86A8CAFCE/Ubuntu2/CodeU/Dog1/official-mini-cheetah/checkpoints/official_mini_cheetah_flat_jump_v1_r3/official_mini_cheetah_flat_jump_v1_r3_final.zip
[2026-10-06T00:38:20+0800] P2 四 worker 实时健康确认通过
[2026-10-06T00:38:34+0800] P2 验收命令：/usr/bin/python3 -m rl.evaluate --phase P2 --gate --checkpoint /run/media/pma213x/0C6A8CC86A8CAFCE/Ubuntu2/CodeU/Dog1/official-mini-cheetah/checkpoints/official_mini_cheetah_flat_jump_v1_r3/official_mini_cheetah_flat_jump_v1_r3_final.zip --output /run/media/pma213x/0C6A8CC86A8CAFCE/Ubuntu2/CodeU/Dog1/official-mini-cheetah/logs/official_mini_cheetah_flat_jump_v1_r3/P2_gate_attempt_0.json
[2026-10-06T00:38:55+0800] P2 验收未通过，report.passed=false
[2026-10-06T00:38:55+0800] P2 验收命令：/usr/bin/python3 -m rl.evaluate --phase P2 --gate --checkpoint /run/media/pma213x/0C6A8CC86A8CAFCE/Ubuntu2/CodeU/Dog1/official-mini-cheetah/checkpoints/official_mini_cheetah_flat_jump_v1_r3/official_mini_cheetah_flat_jump_v1_r3_final.zip --output /run/media/pma213x/0C6A8CC86A8CAFCE/Ubuntu2/CodeU/Dog1/official-mini-cheetah/logs/official_mini_cheetah_flat_jump_v1_r3/P2_gate_attempt_1.json
[2026-10-06T00:39:17+0800] P2 验收未通过，report.passed=false
[2026-10-06T00:39:17+0800] P2 验收命令：/usr/bin/python3 -m rl.evaluate --phase P2 --gate --checkpoint /run/media/pma213x/0C6A8CC86A8CAFCE/Ubuntu2/CodeU/Dog1/official-mini-cheetah/checkpoints/official_mini_cheetah_flat_jump_v1_r3/official_mini_cheetah_flat_jump_v1_r3_final.zip --output /run/media/pma213x/0C6A8CC86A8CAFCE/Ubuntu2/CodeU/Dog1/official-mini-cheetah/logs/official_mini_cheetah_flat_jump_v1_r3/P2_gate_attempt_2.json
[2026-10-06T00:39:46+0800] P2 验收未通过，report.passed=false
[2026-10-06T00:39:46+0800] P2 连续 Gate 批次结果=[False, False, False]
[2026-10-06T00:39:46+0800] P2 启动：/usr/bin/python3 -m rl.train --phase P2 --total-steps 970000 --device cuda --ckptdir /run/media/pma213x/0C6A8CC86A8CAFCE/Ubuntu2/CodeU/Dog1/official-mini-cheetah/checkpoints/official_mini_cheetah_flat_jump_v1_r3 --ckpt-prefix official_mini_cheetah_flat_jump_v1_r3 --logdir /run/media/pma213x/0C6A8CC86A8CAFCE/Ubuntu2/CodeU/Dog1/official-mini-cheetah/runs/official_mini_cheetah_flat_jump_v1_r3/P2_parallel --bridge-port 11452 --num-envs 4 --checkpoint-interval 20000 --randomization-mode fixed --seed 20261003 --phase-step-offset 560000 --resume /run/media/pma213x/0C6A8CC86A8CAFCE/Ubuntu2/CodeU/Dog1/official-mini-cheetah/checkpoints/official_mini_cheetah_flat_jump_v1_r3/official_mini_cheetah_flat_jump_v1_r3_final.zip
[2026-10-06T00:39:51+0800] P2 四 worker 实时健康确认通过
[2026-10-06T00:40:12+0800] P2 验收命令：/usr/bin/python3 -m rl.evaluate --phase P2 --gate --checkpoint /run/media/pma213x/0C6A8CC86A8CAFCE/Ubuntu2/CodeU/Dog1/official-mini-cheetah/checkpoints/official_mini_cheetah_flat_jump_v1_r3/official_mini_cheetah_flat_jump_v1_r3_final.zip --output /run/media/pma213x/0C6A8CC86A8CAFCE/Ubuntu2/CodeU/Dog1/official-mini-cheetah/logs/official_mini_cheetah_flat_jump_v1_r3/P2_gate_attempt_0.json
[2026-10-06T00:40:40+0800] P2 验收未通过，report.passed=false
[2026-10-06T00:40:40+0800] P2 验收命令：/usr/bin/python3 -m rl.evaluate --phase P2 --gate --checkpoint /run/media/pma213x/0C6A8CC86A8CAFCE/Ubuntu2/CodeU/Dog1/official-mini-cheetah/checkpoints/official_mini_cheetah_flat_jump_v1_r3/official_mini_cheetah_flat_jump_v1_r3_final.zip --output /run/media/pma213x/0C6A8CC86A8CAFCE/Ubuntu2/CodeU/Dog1/official-mini-cheetah/logs/official_mini_cheetah_flat_jump_v1_r3/P2_gate_attempt_1.json
[2026-10-06T00:41:09+0800] P2 验收未通过，report.passed=false
[2026-10-06T00:41:09+0800] P2 验收命令：/usr/bin/python3 -m rl.evaluate --phase P2 --gate --checkpoint /run/media/pma213x/0C6A8CC86A8CAFCE/Ubuntu2/CodeU/Dog1/official-mini-cheetah/checkpoints/official_mini_cheetah_flat_jump_v1_r3/official_mini_cheetah_flat_jump_v1_r3_final.zip --output /run/media/pma213x/0C6A8CC86A8CAFCE/Ubuntu2/CodeU/Dog1/official-mini-cheetah/logs/official_mini_cheetah_flat_jump_v1_r3/P2_gate_attempt_2.json
[2026-10-06T00:41:38+0800] P2 验收未通过，report.passed=false
[2026-10-06T00:41:38+0800] P2 连续 Gate 批次结果=[False, False, False]
[2026-10-06T00:41:38+0800] P2 启动：/usr/bin/python3 -m rl.train --phase P2 --total-steps 980000 --device cuda --ckptdir /run/media/pma213x/0C6A8CC86A8CAFCE/Ubuntu2/CodeU/Dog1/official-mini-cheetah/checkpoints/official_mini_cheetah_flat_jump_v1_r3 --ckpt-prefix official_mini_cheetah_flat_jump_v1_r3 --logdir /run/media/pma213x/0C6A8CC86A8CAFCE/Ubuntu2/CodeU/Dog1/official-mini-cheetah/runs/official_mini_cheetah_flat_jump_v1_r3/P2_parallel --bridge-port 11452 --num-envs 4 --checkpoint-interval 20000 --randomization-mode fixed --seed 20261003 --phase-step-offset 570000 --resume /run/media/pma213x/0C6A8CC86A8CAFCE/Ubuntu2/CodeU/Dog1/official-mini-cheetah/checkpoints/official_mini_cheetah_flat_jump_v1_r3/official_mini_cheetah_flat_jump_v1_r3_final.zip
[2026-10-06T00:41:42+0800] P2 四 worker 实时健康确认通过
[2026-10-06T00:42:04+0800] P2 验收命令：/usr/bin/python3 -m rl.evaluate --phase P2 --gate --checkpoint /run/media/pma213x/0C6A8CC86A8CAFCE/Ubuntu2/CodeU/Dog1/official-mini-cheetah/checkpoints/official_mini_cheetah_flat_jump_v1_r3/official_mini_cheetah_flat_jump_v1_r3_final.zip --output /run/media/pma213x/0C6A8CC86A8CAFCE/Ubuntu2/CodeU/Dog1/official-mini-cheetah/logs/official_mini_cheetah_flat_jump_v1_r3/P2_gate_attempt_0.json
[2026-10-06T00:42:34+0800] P2 验收未通过，report.passed=false
[2026-10-06T00:42:34+0800] P2 验收命令：/usr/bin/python3 -m rl.evaluate --phase P2 --gate --checkpoint /run/media/pma213x/0C6A8CC86A8CAFCE/Ubuntu2/CodeU/Dog1/official-mini-cheetah/checkpoints/official_mini_cheetah_flat_jump_v1_r3/official_mini_cheetah_flat_jump_v1_r3_final.zip --output /run/media/pma213x/0C6A8CC86A8CAFCE/Ubuntu2/CodeU/Dog1/official-mini-cheetah/logs/official_mini_cheetah_flat_jump_v1_r3/P2_gate_attempt_1.json
[2026-10-06T00:43:01+0800] P2 验收未通过，report.passed=false
[2026-10-06T00:43:01+0800] P2 验收命令：/usr/bin/python3 -m rl.evaluate --phase P2 --gate --checkpoint /run/media/pma213x/0C6A8CC86A8CAFCE/Ubuntu2/CodeU/Dog1/official-mini-cheetah/checkpoints/official_mini_cheetah_flat_jump_v1_r3/official_mini_cheetah_flat_jump_v1_r3_final.zip --output /run/media/pma213x/0C6A8CC86A8CAFCE/Ubuntu2/CodeU/Dog1/official-mini-cheetah/logs/official_mini_cheetah_flat_jump_v1_r3/P2_gate_attempt_2.json
[2026-10-06T00:43:27+0800] P2 验收未通过，report.passed=false
[2026-10-06T00:43:27+0800] P2 连续 Gate 批次结果=[False, False, False]
[2026-10-06T00:43:27+0800] P2 启动：/usr/bin/python3 -m rl.train --phase P2 --total-steps 990000 --device cuda --ckptdir /run/media/pma213x/0C6A8CC86A8CAFCE/Ubuntu2/CodeU/Dog1/official-mini-cheetah/checkpoints/official_mini_cheetah_flat_jump_v1_r3 --ckpt-prefix official_mini_cheetah_flat_jump_v1_r3 --logdir /run/media/pma213x/0C6A8CC86A8CAFCE/Ubuntu2/CodeU/Dog1/official-mini-cheetah/runs/official_mini_cheetah_flat_jump_v1_r3/P2_parallel --bridge-port 11452 --num-envs 4 --checkpoint-interval 20000 --randomization-mode fixed --seed 20261003 --phase-step-offset 580000 --resume /run/media/pma213x/0C6A8CC86A8CAFCE/Ubuntu2/CodeU/Dog1/official-mini-cheetah/checkpoints/official_mini_cheetah_flat_jump_v1_r3/official_mini_cheetah_flat_jump_v1_r3_final.zip
[2026-10-06T00:43:32+0800] P2 四 worker 实时健康确认通过
[2026-10-06T00:43:52+0800] P2 验收命令：/usr/bin/python3 -m rl.evaluate --phase P2 --gate --checkpoint /run/media/pma213x/0C6A8CC86A8CAFCE/Ubuntu2/CodeU/Dog1/official-mini-cheetah/checkpoints/official_mini_cheetah_flat_jump_v1_r3/official_mini_cheetah_flat_jump_v1_r3_final.zip --output /run/media/pma213x/0C6A8CC86A8CAFCE/Ubuntu2/CodeU/Dog1/official-mini-cheetah/logs/official_mini_cheetah_flat_jump_v1_r3/P2_gate_attempt_0.json
[2026-10-06T00:44:18+0800] P2 验收未通过，report.passed=false
[2026-10-06T00:44:18+0800] P2 验收命令：/usr/bin/python3 -m rl.evaluate --phase P2 --gate --checkpoint /run/media/pma213x/0C6A8CC86A8CAFCE/Ubuntu2/CodeU/Dog1/official-mini-cheetah/checkpoints/official_mini_cheetah_flat_jump_v1_r3/official_mini_cheetah_flat_jump_v1_r3_final.zip --output /run/media/pma213x/0C6A8CC86A8CAFCE/Ubuntu2/CodeU/Dog1/official-mini-cheetah/logs/official_mini_cheetah_flat_jump_v1_r3/P2_gate_attempt_1.json
[2026-10-06T00:44:45+0800] P2 验收未通过，report.passed=false
[2026-10-06T00:44:45+0800] P2 验收命令：/usr/bin/python3 -m rl.evaluate --phase P2 --gate --checkpoint /run/media/pma213x/0C6A8CC86A8CAFCE/Ubuntu2/CodeU/Dog1/official-mini-cheetah/checkpoints/official_mini_cheetah_flat_jump_v1_r3/official_mini_cheetah_flat_jump_v1_r3_final.zip --output /run/media/pma213x/0C6A8CC86A8CAFCE/Ubuntu2/CodeU/Dog1/official-mini-cheetah/logs/official_mini_cheetah_flat_jump_v1_r3/P2_gate_attempt_2.json
[2026-10-06T00:45:12+0800] P2 验收未通过，report.passed=false
[2026-10-06T00:45:12+0800] P2 连续 Gate 批次结果=[False, False, False]
[2026-10-06T00:45:12+0800] P2 启动：/usr/bin/python3 -m rl.train --phase P2 --total-steps 1000000 --device cuda --ckptdir /run/media/pma213x/0C6A8CC86A8CAFCE/Ubuntu2/CodeU/Dog1/official-mini-cheetah/checkpoints/official_mini_cheetah_flat_jump_v1_r3 --ckpt-prefix official_mini_cheetah_flat_jump_v1_r3 --logdir /run/media/pma213x/0C6A8CC86A8CAFCE/Ubuntu2/CodeU/Dog1/official-mini-cheetah/runs/official_mini_cheetah_flat_jump_v1_r3/P2_parallel --bridge-port 11452 --num-envs 4 --checkpoint-interval 20000 --randomization-mode fixed --seed 20261003 --phase-step-offset 590000 --resume /run/media/pma213x/0C6A8CC86A8CAFCE/Ubuntu2/CodeU/Dog1/official-mini-cheetah/checkpoints/official_mini_cheetah_flat_jump_v1_r3/official_mini_cheetah_flat_jump_v1_r3_final.zip
[2026-10-06T00:45:16+0800] P2 四 worker 实时健康确认通过
[2026-10-06T00:45:38+0800] P2 验收命令：/usr/bin/python3 -m rl.evaluate --phase P2 --gate --checkpoint /run/media/pma213x/0C6A8CC86A8CAFCE/Ubuntu2/CodeU/Dog1/official-mini-cheetah/checkpoints/official_mini_cheetah_flat_jump_v1_r3/official_mini_cheetah_flat_jump_v1_r3_final.zip --output /run/media/pma213x/0C6A8CC86A8CAFCE/Ubuntu2/CodeU/Dog1/official-mini-cheetah/logs/official_mini_cheetah_flat_jump_v1_r3/P2_gate_attempt_0.json
[2026-10-06T00:46:01+0800] P2 验收未通过，report.passed=false
[2026-10-06T00:46:01+0800] P2 验收命令：/usr/bin/python3 -m rl.evaluate --phase P2 --gate --checkpoint /run/media/pma213x/0C6A8CC86A8CAFCE/Ubuntu2/CodeU/Dog1/official-mini-cheetah/checkpoints/official_mini_cheetah_flat_jump_v1_r3/official_mini_cheetah_flat_jump_v1_r3_final.zip --output /run/media/pma213x/0C6A8CC86A8CAFCE/Ubuntu2/CodeU/Dog1/official-mini-cheetah/logs/official_mini_cheetah_flat_jump_v1_r3/P2_gate_attempt_1.json
[2026-10-06T00:46:23+0800] P2 验收未通过，report.passed=false
[2026-10-06T00:46:23+0800] P2 验收命令：/usr/bin/python3 -m rl.evaluate --phase P2 --gate --checkpoint /run/media/pma213x/0C6A8CC86A8CAFCE/Ubuntu2/CodeU/Dog1/official-mini-cheetah/checkpoints/official_mini_cheetah_flat_jump_v1_r3/official_mini_cheetah_flat_jump_v1_r3_final.zip --output /run/media/pma213x/0C6A8CC86A8CAFCE/Ubuntu2/CodeU/Dog1/official-mini-cheetah/logs/official_mini_cheetah_flat_jump_v1_r3/P2_gate_attempt_2.json
[2026-10-06T00:46:48+0800] P2 验收未通过，report.passed=false
[2026-10-06T00:46:48+0800] P2 连续 Gate 批次结果=[False, False, False]
[2026-10-06T00:46:48+0800] P2 启动：/usr/bin/python3 -m rl.train --phase P2 --total-steps 1010000 --device cuda --ckptdir /run/media/pma213x/0C6A8CC86A8CAFCE/Ubuntu2/CodeU/Dog1/official-mini-cheetah/checkpoints/official_mini_cheetah_flat_jump_v1_r3 --ckpt-prefix official_mini_cheetah_flat_jump_v1_r3 --logdir /run/media/pma213x/0C6A8CC86A8CAFCE/Ubuntu2/CodeU/Dog1/official-mini-cheetah/runs/official_mini_cheetah_flat_jump_v1_r3/P2_parallel --bridge-port 11452 --num-envs 4 --checkpoint-interval 20000 --randomization-mode fixed --seed 20261003 --phase-step-offset 600000 --resume /run/media/pma213x/0C6A8CC86A8CAFCE/Ubuntu2/CodeU/Dog1/official-mini-cheetah/checkpoints/official_mini_cheetah_flat_jump_v1_r3/official_mini_cheetah_flat_jump_v1_r3_final.zip
[2026-10-06T00:46:52+0800] P2 四 worker 实时健康确认通过
[2026-10-06T00:47:10+0800] P2 验收命令：/usr/bin/python3 -m rl.evaluate --phase P2 --gate --checkpoint /run/media/pma213x/0C6A8CC86A8CAFCE/Ubuntu2/CodeU/Dog1/official-mini-cheetah/checkpoints/official_mini_cheetah_flat_jump_v1_r3/official_mini_cheetah_flat_jump_v1_r3_final.zip --output /run/media/pma213x/0C6A8CC86A8CAFCE/Ubuntu2/CodeU/Dog1/official-mini-cheetah/logs/official_mini_cheetah_flat_jump_v1_r3/P2_gate_attempt_0.json
[2026-10-06T00:47:32+0800] P2 验收未通过，report.passed=false
[2026-10-06T00:47:33+0800] P2 验收命令：/usr/bin/python3 -m rl.evaluate --phase P2 --gate --checkpoint /run/media/pma213x/0C6A8CC86A8CAFCE/Ubuntu2/CodeU/Dog1/official-mini-cheetah/checkpoints/official_mini_cheetah_flat_jump_v1_r3/official_mini_cheetah_flat_jump_v1_r3_final.zip --output /run/media/pma213x/0C6A8CC86A8CAFCE/Ubuntu2/CodeU/Dog1/official-mini-cheetah/logs/official_mini_cheetah_flat_jump_v1_r3/P2_gate_attempt_1.json
[2026-10-06T00:47:56+0800] P2 验收未通过，report.passed=false
[2026-10-06T00:47:56+0800] P2 验收命令：/usr/bin/python3 -m rl.evaluate --phase P2 --gate --checkpoint /run/media/pma213x/0C6A8CC86A8CAFCE/Ubuntu2/CodeU/Dog1/official-mini-cheetah/checkpoints/official_mini_cheetah_flat_jump_v1_r3/official_mini_cheetah_flat_jump_v1_r3_final.zip --output /run/media/pma213x/0C6A8CC86A8CAFCE/Ubuntu2/CodeU/Dog1/official-mini-cheetah/logs/official_mini_cheetah_flat_jump_v1_r3/P2_gate_attempt_2.json
[2026-10-06T00:48:23+0800] P2 验收未通过，report.passed=false
[2026-10-06T00:48:23+0800] P2 连续 Gate 批次结果=[False, False, False]
[2026-10-06T00:48:23+0800] P2 启动：/usr/bin/python3 -m rl.train --phase P2 --total-steps 1020000 --device cuda --ckptdir /run/media/pma213x/0C6A8CC86A8CAFCE/Ubuntu2/CodeU/Dog1/official-mini-cheetah/checkpoints/official_mini_cheetah_flat_jump_v1_r3 --ckpt-prefix official_mini_cheetah_flat_jump_v1_r3 --logdir /run/media/pma213x/0C6A8CC86A8CAFCE/Ubuntu2/CodeU/Dog1/official-mini-cheetah/runs/official_mini_cheetah_flat_jump_v1_r3/P2_parallel --bridge-port 11452 --num-envs 4 --checkpoint-interval 20000 --randomization-mode fixed --seed 20261003 --phase-step-offset 610000 --resume /run/media/pma213x/0C6A8CC86A8CAFCE/Ubuntu2/CodeU/Dog1/official-mini-cheetah/checkpoints/official_mini_cheetah_flat_jump_v1_r3/official_mini_cheetah_flat_jump_v1_r3_final.zip
[2026-10-06T00:48:28+0800] P2 四 worker 实时健康确认通过
[2026-10-06T00:48:46+0800] P2 验收命令：/usr/bin/python3 -m rl.evaluate --phase P2 --gate --checkpoint /run/media/pma213x/0C6A8CC86A8CAFCE/Ubuntu2/CodeU/Dog1/official-mini-cheetah/checkpoints/official_mini_cheetah_flat_jump_v1_r3/official_mini_cheetah_flat_jump_v1_r3_final.zip --output /run/media/pma213x/0C6A8CC86A8CAFCE/Ubuntu2/CodeU/Dog1/official-mini-cheetah/logs/official_mini_cheetah_flat_jump_v1_r3/P2_gate_attempt_0.json
[2026-10-06T00:49:13+0800] P2 验收未通过，report.passed=false
[2026-10-06T00:49:13+0800] P2 验收命令：/usr/bin/python3 -m rl.evaluate --phase P2 --gate --checkpoint /run/media/pma213x/0C6A8CC86A8CAFCE/Ubuntu2/CodeU/Dog1/official-mini-cheetah/checkpoints/official_mini_cheetah_flat_jump_v1_r3/official_mini_cheetah_flat_jump_v1_r3_final.zip --output /run/media/pma213x/0C6A8CC86A8CAFCE/Ubuntu2/CodeU/Dog1/official-mini-cheetah/logs/official_mini_cheetah_flat_jump_v1_r3/P2_gate_attempt_1.json
[2026-10-06T00:49:40+0800] P2 验收未通过，report.passed=false
[2026-10-06T00:49:40+0800] P2 验收命令：/usr/bin/python3 -m rl.evaluate --phase P2 --gate --checkpoint /run/media/pma213x/0C6A8CC86A8CAFCE/Ubuntu2/CodeU/Dog1/official-mini-cheetah/checkpoints/official_mini_cheetah_flat_jump_v1_r3/official_mini_cheetah_flat_jump_v1_r3_final.zip --output /run/media/pma213x/0C6A8CC86A8CAFCE/Ubuntu2/CodeU/Dog1/official-mini-cheetah/logs/official_mini_cheetah_flat_jump_v1_r3/P2_gate_attempt_2.json
[2026-10-06T00:50:08+0800] P2 验收未通过，report.passed=false
[2026-10-06T00:50:08+0800] P2 连续 Gate 批次结果=[False, False, False]
[2026-10-06T00:50:08+0800] P2 启动：/usr/bin/python3 -m rl.train --phase P2 --total-steps 1030000 --device cuda --ckptdir /run/media/pma213x/0C6A8CC86A8CAFCE/Ubuntu2/CodeU/Dog1/official-mini-cheetah/checkpoints/official_mini_cheetah_flat_jump_v1_r3 --ckpt-prefix official_mini_cheetah_flat_jump_v1_r3 --logdir /run/media/pma213x/0C6A8CC86A8CAFCE/Ubuntu2/CodeU/Dog1/official-mini-cheetah/runs/official_mini_cheetah_flat_jump_v1_r3/P2_parallel --bridge-port 11452 --num-envs 4 --checkpoint-interval 20000 --randomization-mode fixed --seed 20261003 --phase-step-offset 620000 --resume /run/media/pma213x/0C6A8CC86A8CAFCE/Ubuntu2/CodeU/Dog1/official-mini-cheetah/checkpoints/official_mini_cheetah_flat_jump_v1_r3/official_mini_cheetah_flat_jump_v1_r3_final.zip
[2026-10-06T00:50:12+0800] P2 四 worker 实时健康确认通过
[2026-10-06T00:50:31+0800] P2 验收命令：/usr/bin/python3 -m rl.evaluate --phase P2 --gate --checkpoint /run/media/pma213x/0C6A8CC86A8CAFCE/Ubuntu2/CodeU/Dog1/official-mini-cheetah/checkpoints/official_mini_cheetah_flat_jump_v1_r3/official_mini_cheetah_flat_jump_v1_r3_final.zip --output /run/media/pma213x/0C6A8CC86A8CAFCE/Ubuntu2/CodeU/Dog1/official-mini-cheetah/logs/official_mini_cheetah_flat_jump_v1_r3/P2_gate_attempt_0.json
[2026-10-06T00:50:58+0800] P2 验收未通过，report.passed=false
[2026-10-06T00:50:58+0800] P2 验收命令：/usr/bin/python3 -m rl.evaluate --phase P2 --gate --checkpoint /run/media/pma213x/0C6A8CC86A8CAFCE/Ubuntu2/CodeU/Dog1/official-mini-cheetah/checkpoints/official_mini_cheetah_flat_jump_v1_r3/official_mini_cheetah_flat_jump_v1_r3_final.zip --output /run/media/pma213x/0C6A8CC86A8CAFCE/Ubuntu2/CodeU/Dog1/official-mini-cheetah/logs/official_mini_cheetah_flat_jump_v1_r3/P2_gate_attempt_1.json
[2026-10-06T00:51:25+0800] P2 验收未通过，report.passed=false
[2026-10-06T00:51:25+0800] P2 验收命令：/usr/bin/python3 -m rl.evaluate --phase P2 --gate --checkpoint /run/media/pma213x/0C6A8CC86A8CAFCE/Ubuntu2/CodeU/Dog1/official-mini-cheetah/checkpoints/official_mini_cheetah_flat_jump_v1_r3/official_mini_cheetah_flat_jump_v1_r3_final.zip --output /run/media/pma213x/0C6A8CC86A8CAFCE/Ubuntu2/CodeU/Dog1/official-mini-cheetah/logs/official_mini_cheetah_flat_jump_v1_r3/P2_gate_attempt_2.json
[2026-10-06T00:51:51+0800] P2 验收未通过，report.passed=false
[2026-10-06T00:51:51+0800] P2 连续 Gate 批次结果=[False, False, False]
[2026-10-06T00:51:51+0800] P2 启动：/usr/bin/python3 -m rl.train --phase P2 --total-steps 1040000 --device cuda --ckptdir /run/media/pma213x/0C6A8CC86A8CAFCE/Ubuntu2/CodeU/Dog1/official-mini-cheetah/checkpoints/official_mini_cheetah_flat_jump_v1_r3 --ckpt-prefix official_mini_cheetah_flat_jump_v1_r3 --logdir /run/media/pma213x/0C6A8CC86A8CAFCE/Ubuntu2/CodeU/Dog1/official-mini-cheetah/runs/official_mini_cheetah_flat_jump_v1_r3/P2_parallel --bridge-port 11452 --num-envs 4 --checkpoint-interval 20000 --randomization-mode fixed --seed 20261003 --phase-step-offset 630000 --resume /run/media/pma213x/0C6A8CC86A8CAFCE/Ubuntu2/CodeU/Dog1/official-mini-cheetah/checkpoints/official_mini_cheetah_flat_jump_v1_r3/official_mini_cheetah_flat_jump_v1_r3_final.zip
[2026-10-06T00:51:56+0800] P2 四 worker 实时健康确认通过
[2026-10-06T00:52:15+0800] P2 验收命令：/usr/bin/python3 -m rl.evaluate --phase P2 --gate --checkpoint /run/media/pma213x/0C6A8CC86A8CAFCE/Ubuntu2/CodeU/Dog1/official-mini-cheetah/checkpoints/official_mini_cheetah_flat_jump_v1_r3/official_mini_cheetah_flat_jump_v1_r3_final.zip --output /run/media/pma213x/0C6A8CC86A8CAFCE/Ubuntu2/CodeU/Dog1/official-mini-cheetah/logs/official_mini_cheetah_flat_jump_v1_r3/P2_gate_attempt_0.json
[2026-10-06T00:52:43+0800] P2 验收未通过，report.passed=false
[2026-10-06T00:52:43+0800] P2 验收命令：/usr/bin/python3 -m rl.evaluate --phase P2 --gate --checkpoint /run/media/pma213x/0C6A8CC86A8CAFCE/Ubuntu2/CodeU/Dog1/official-mini-cheetah/checkpoints/official_mini_cheetah_flat_jump_v1_r3/official_mini_cheetah_flat_jump_v1_r3_final.zip --output /run/media/pma213x/0C6A8CC86A8CAFCE/Ubuntu2/CodeU/Dog1/official-mini-cheetah/logs/official_mini_cheetah_flat_jump_v1_r3/P2_gate_attempt_1.json
[2026-10-06T00:53:10+0800] P2 验收未通过，report.passed=false
[2026-10-06T00:53:10+0800] P2 验收命令：/usr/bin/python3 -m rl.evaluate --phase P2 --gate --checkpoint /run/media/pma213x/0C6A8CC86A8CAFCE/Ubuntu2/CodeU/Dog1/official-mini-cheetah/checkpoints/official_mini_cheetah_flat_jump_v1_r3/official_mini_cheetah_flat_jump_v1_r3_final.zip --output /run/media/pma213x/0C6A8CC86A8CAFCE/Ubuntu2/CodeU/Dog1/official-mini-cheetah/logs/official_mini_cheetah_flat_jump_v1_r3/P2_gate_attempt_2.json
[2026-10-06T00:53:35+0800] P2 验收未通过，report.passed=false
[2026-10-06T00:53:35+0800] P2 连续 Gate 批次结果=[False, False, False]
[2026-10-06T00:53:35+0800] P2 启动：/usr/bin/python3 -m rl.train --phase P2 --total-steps 1050000 --device cuda --ckptdir /run/media/pma213x/0C6A8CC86A8CAFCE/Ubuntu2/CodeU/Dog1/official-mini-cheetah/checkpoints/official_mini_cheetah_flat_jump_v1_r3 --ckpt-prefix official_mini_cheetah_flat_jump_v1_r3 --logdir /run/media/pma213x/0C6A8CC86A8CAFCE/Ubuntu2/CodeU/Dog1/official-mini-cheetah/runs/official_mini_cheetah_flat_jump_v1_r3/P2_parallel --bridge-port 11452 --num-envs 4 --checkpoint-interval 20000 --randomization-mode fixed --seed 20261003 --phase-step-offset 640000 --resume /run/media/pma213x/0C6A8CC86A8CAFCE/Ubuntu2/CodeU/Dog1/official-mini-cheetah/checkpoints/official_mini_cheetah_flat_jump_v1_r3/official_mini_cheetah_flat_jump_v1_r3_final.zip
[2026-10-06T00:53:39+0800] P2 四 worker 实时健康确认通过
[2026-10-06T00:53:59+0800] P2 验收命令：/usr/bin/python3 -m rl.evaluate --phase P2 --gate --checkpoint /run/media/pma213x/0C6A8CC86A8CAFCE/Ubuntu2/CodeU/Dog1/official-mini-cheetah/checkpoints/official_mini_cheetah_flat_jump_v1_r3/official_mini_cheetah_flat_jump_v1_r3_final.zip --output /run/media/pma213x/0C6A8CC86A8CAFCE/Ubuntu2/CodeU/Dog1/official-mini-cheetah/logs/official_mini_cheetah_flat_jump_v1_r3/P2_gate_attempt_0.json
[2026-10-06T00:54:26+0800] P2 验收未通过，report.passed=false
[2026-10-06T00:54:26+0800] P2 验收命令：/usr/bin/python3 -m rl.evaluate --phase P2 --gate --checkpoint /run/media/pma213x/0C6A8CC86A8CAFCE/Ubuntu2/CodeU/Dog1/official-mini-cheetah/checkpoints/official_mini_cheetah_flat_jump_v1_r3/official_mini_cheetah_flat_jump_v1_r3_final.zip --output /run/media/pma213x/0C6A8CC86A8CAFCE/Ubuntu2/CodeU/Dog1/official-mini-cheetah/logs/official_mini_cheetah_flat_jump_v1_r3/P2_gate_attempt_1.json
[2026-10-06T00:54:56+0800] P2 验收未通过，report.passed=false
[2026-10-06T00:54:56+0800] P2 验收命令：/usr/bin/python3 -m rl.evaluate --phase P2 --gate --checkpoint /run/media/pma213x/0C6A8CC86A8CAFCE/Ubuntu2/CodeU/Dog1/official-mini-cheetah/checkpoints/official_mini_cheetah_flat_jump_v1_r3/official_mini_cheetah_flat_jump_v1_r3_final.zip --output /run/media/pma213x/0C6A8CC86A8CAFCE/Ubuntu2/CodeU/Dog1/official-mini-cheetah/logs/official_mini_cheetah_flat_jump_v1_r3/P2_gate_attempt_2.json
[2026-10-06T00:55:24+0800] P2 验收未通过，report.passed=false
[2026-10-06T00:55:24+0800] P2 连续 Gate 批次结果=[False, False, False]
[2026-10-06T00:55:24+0800] P2 启动：/usr/bin/python3 -m rl.train --phase P2 --total-steps 1060000 --device cuda --ckptdir /run/media/pma213x/0C6A8CC86A8CAFCE/Ubuntu2/CodeU/Dog1/official-mini-cheetah/checkpoints/official_mini_cheetah_flat_jump_v1_r3 --ckpt-prefix official_mini_cheetah_flat_jump_v1_r3 --logdir /run/media/pma213x/0C6A8CC86A8CAFCE/Ubuntu2/CodeU/Dog1/official-mini-cheetah/runs/official_mini_cheetah_flat_jump_v1_r3/P2_parallel --bridge-port 11452 --num-envs 4 --checkpoint-interval 20000 --randomization-mode fixed --seed 20261003 --phase-step-offset 650000 --resume /run/media/pma213x/0C6A8CC86A8CAFCE/Ubuntu2/CodeU/Dog1/official-mini-cheetah/checkpoints/official_mini_cheetah_flat_jump_v1_r3/official_mini_cheetah_flat_jump_v1_r3_final.zip
[2026-10-06T00:55:28+0800] P2 四 worker 实时健康确认通过
[2026-10-06T00:55:49+0800] P2 验收命令：/usr/bin/python3 -m rl.evaluate --phase P2 --gate --checkpoint /run/media/pma213x/0C6A8CC86A8CAFCE/Ubuntu2/CodeU/Dog1/official-mini-cheetah/checkpoints/official_mini_cheetah_flat_jump_v1_r3/official_mini_cheetah_flat_jump_v1_r3_final.zip --output /run/media/pma213x/0C6A8CC86A8CAFCE/Ubuntu2/CodeU/Dog1/official-mini-cheetah/logs/official_mini_cheetah_flat_jump_v1_r3/P2_gate_attempt_0.json
[2026-10-06T00:56:18+0800] P2 验收未通过，report.passed=false
[2026-10-06T00:56:18+0800] P2 验收命令：/usr/bin/python3 -m rl.evaluate --phase P2 --gate --checkpoint /run/media/pma213x/0C6A8CC86A8CAFCE/Ubuntu2/CodeU/Dog1/official-mini-cheetah/checkpoints/official_mini_cheetah_flat_jump_v1_r3/official_mini_cheetah_flat_jump_v1_r3_final.zip --output /run/media/pma213x/0C6A8CC86A8CAFCE/Ubuntu2/CodeU/Dog1/official-mini-cheetah/logs/official_mini_cheetah_flat_jump_v1_r3/P2_gate_attempt_1.json
[2026-10-06T00:56:48+0800] P2 验收未通过，report.passed=false
[2026-10-06T00:56:48+0800] P2 验收命令：/usr/bin/python3 -m rl.evaluate --phase P2 --gate --checkpoint /run/media/pma213x/0C6A8CC86A8CAFCE/Ubuntu2/CodeU/Dog1/official-mini-cheetah/checkpoints/official_mini_cheetah_flat_jump_v1_r3/official_mini_cheetah_flat_jump_v1_r3_final.zip --output /run/media/pma213x/0C6A8CC86A8CAFCE/Ubuntu2/CodeU/Dog1/official-mini-cheetah/logs/official_mini_cheetah_flat_jump_v1_r3/P2_gate_attempt_2.json
[2026-10-06T00:57:17+0800] P2 验收未通过，report.passed=false
[2026-10-06T00:57:17+0800] P2 连续 Gate 批次结果=[False, False, False]
[2026-10-06T00:57:17+0800] P2 启动：/usr/bin/python3 -m rl.train --phase P2 --total-steps 1070000 --device cuda --ckptdir /run/media/pma213x/0C6A8CC86A8CAFCE/Ubuntu2/CodeU/Dog1/official-mini-cheetah/checkpoints/official_mini_cheetah_flat_jump_v1_r3 --ckpt-prefix official_mini_cheetah_flat_jump_v1_r3 --logdir /run/media/pma213x/0C6A8CC86A8CAFCE/Ubuntu2/CodeU/Dog1/official-mini-cheetah/runs/official_mini_cheetah_flat_jump_v1_r3/P2_parallel --bridge-port 11452 --num-envs 4 --checkpoint-interval 20000 --randomization-mode fixed --seed 20261003 --phase-step-offset 660000 --resume /run/media/pma213x/0C6A8CC86A8CAFCE/Ubuntu2/CodeU/Dog1/official-mini-cheetah/checkpoints/official_mini_cheetah_flat_jump_v1_r3/official_mini_cheetah_flat_jump_v1_r3_final.zip
[2026-10-06T00:57:22+0800] P2 四 worker 实时健康确认通过
[2026-10-06T00:57:44+0800] P2 验收命令：/usr/bin/python3 -m rl.evaluate --phase P2 --gate --checkpoint /run/media/pma213x/0C6A8CC86A8CAFCE/Ubuntu2/CodeU/Dog1/official-mini-cheetah/checkpoints/official_mini_cheetah_flat_jump_v1_r3/official_mini_cheetah_flat_jump_v1_r3_final.zip --output /run/media/pma213x/0C6A8CC86A8CAFCE/Ubuntu2/CodeU/Dog1/official-mini-cheetah/logs/official_mini_cheetah_flat_jump_v1_r3/P2_gate_attempt_0.json
[2026-10-06T00:58:17+0800] P2 验收未通过，report.passed=false
[2026-10-06T00:58:17+0800] P2 验收命令：/usr/bin/python3 -m rl.evaluate --phase P2 --gate --checkpoint /run/media/pma213x/0C6A8CC86A8CAFCE/Ubuntu2/CodeU/Dog1/official-mini-cheetah/checkpoints/official_mini_cheetah_flat_jump_v1_r3/official_mini_cheetah_flat_jump_v1_r3_final.zip --output /run/media/pma213x/0C6A8CC86A8CAFCE/Ubuntu2/CodeU/Dog1/official-mini-cheetah/logs/official_mini_cheetah_flat_jump_v1_r3/P2_gate_attempt_1.json
[2026-10-06T00:58:44+0800] P2 验收未通过，report.passed=false
[2026-10-06T00:58:44+0800] P2 验收命令：/usr/bin/python3 -m rl.evaluate --phase P2 --gate --checkpoint /run/media/pma213x/0C6A8CC86A8CAFCE/Ubuntu2/CodeU/Dog1/official-mini-cheetah/checkpoints/official_mini_cheetah_flat_jump_v1_r3/official_mini_cheetah_flat_jump_v1_r3_final.zip --output /run/media/pma213x/0C6A8CC86A8CAFCE/Ubuntu2/CodeU/Dog1/official-mini-cheetah/logs/official_mini_cheetah_flat_jump_v1_r3/P2_gate_attempt_2.json
[2026-10-06T00:59:11+0800] P2 验收未通过，report.passed=false
[2026-10-06T00:59:11+0800] P2 连续 Gate 批次结果=[False, False, False]
[2026-10-06T00:59:11+0800] P2 启动：/usr/bin/python3 -m rl.train --phase P2 --total-steps 1080000 --device cuda --ckptdir /run/media/pma213x/0C6A8CC86A8CAFCE/Ubuntu2/CodeU/Dog1/official-mini-cheetah/checkpoints/official_mini_cheetah_flat_jump_v1_r3 --ckpt-prefix official_mini_cheetah_flat_jump_v1_r3 --logdir /run/media/pma213x/0C6A8CC86A8CAFCE/Ubuntu2/CodeU/Dog1/official-mini-cheetah/runs/official_mini_cheetah_flat_jump_v1_r3/P2_parallel --bridge-port 11452 --num-envs 4 --checkpoint-interval 20000 --randomization-mode fixed --seed 20261003 --phase-step-offset 670000 --resume /run/media/pma213x/0C6A8CC86A8CAFCE/Ubuntu2/CodeU/Dog1/official-mini-cheetah/checkpoints/official_mini_cheetah_flat_jump_v1_r3/official_mini_cheetah_flat_jump_v1_r3_final.zip
[2026-10-06T00:59:16+0800] P2 四 worker 实时健康确认通过
[2026-10-06T00:59:36+0800] P2 验收命令：/usr/bin/python3 -m rl.evaluate --phase P2 --gate --checkpoint /run/media/pma213x/0C6A8CC86A8CAFCE/Ubuntu2/CodeU/Dog1/official-mini-cheetah/checkpoints/official_mini_cheetah_flat_jump_v1_r3/official_mini_cheetah_flat_jump_v1_r3_final.zip --output /run/media/pma213x/0C6A8CC86A8CAFCE/Ubuntu2/CodeU/Dog1/official-mini-cheetah/logs/official_mini_cheetah_flat_jump_v1_r3/P2_gate_attempt_0.json
[2026-10-06T01:00:02+0800] P2 验收未通过，report.passed=false
[2026-10-06T01:00:02+0800] P2 验收命令：/usr/bin/python3 -m rl.evaluate --phase P2 --gate --checkpoint /run/media/pma213x/0C6A8CC86A8CAFCE/Ubuntu2/CodeU/Dog1/official-mini-cheetah/checkpoints/official_mini_cheetah_flat_jump_v1_r3/official_mini_cheetah_flat_jump_v1_r3_final.zip --output /run/media/pma213x/0C6A8CC86A8CAFCE/Ubuntu2/CodeU/Dog1/official-mini-cheetah/logs/official_mini_cheetah_flat_jump_v1_r3/P2_gate_attempt_1.json
[2026-10-06T01:00:29+0800] P2 验收未通过，report.passed=false
[2026-10-06T01:00:29+0800] P2 验收命令：/usr/bin/python3 -m rl.evaluate --phase P2 --gate --checkpoint /run/media/pma213x/0C6A8CC86A8CAFCE/Ubuntu2/CodeU/Dog1/official-mini-cheetah/checkpoints/official_mini_cheetah_flat_jump_v1_r3/official_mini_cheetah_flat_jump_v1_r3_final.zip --output /run/media/pma213x/0C6A8CC86A8CAFCE/Ubuntu2/CodeU/Dog1/official-mini-cheetah/logs/official_mini_cheetah_flat_jump_v1_r3/P2_gate_attempt_2.json
[2026-10-06T01:00:59+0800] P2 验收未通过，report.passed=false
[2026-10-06T01:00:59+0800] P2 连续 Gate 批次结果=[False, False, False]
[2026-10-06T01:00:59+0800] P2 启动：/usr/bin/python3 -m rl.train --phase P2 --total-steps 1090000 --device cuda --ckptdir /run/media/pma213x/0C6A8CC86A8CAFCE/Ubuntu2/CodeU/Dog1/official-mini-cheetah/checkpoints/official_mini_cheetah_flat_jump_v1_r3 --ckpt-prefix official_mini_cheetah_flat_jump_v1_r3 --logdir /run/media/pma213x/0C6A8CC86A8CAFCE/Ubuntu2/CodeU/Dog1/official-mini-cheetah/runs/official_mini_cheetah_flat_jump_v1_r3/P2_parallel --bridge-port 11452 --num-envs 4 --checkpoint-interval 20000 --randomization-mode fixed --seed 20261003 --phase-step-offset 680000 --resume /run/media/pma213x/0C6A8CC86A8CAFCE/Ubuntu2/CodeU/Dog1/official-mini-cheetah/checkpoints/official_mini_cheetah_flat_jump_v1_r3/official_mini_cheetah_flat_jump_v1_r3_final.zip
[2026-10-06T01:01:03+0800] P2 四 worker 实时健康确认通过
[2026-10-06T01:01:24+0800] P2 验收命令：/usr/bin/python3 -m rl.evaluate --phase P2 --gate --checkpoint /run/media/pma213x/0C6A8CC86A8CAFCE/Ubuntu2/CodeU/Dog1/official-mini-cheetah/checkpoints/official_mini_cheetah_flat_jump_v1_r3/official_mini_cheetah_flat_jump_v1_r3_final.zip --output /run/media/pma213x/0C6A8CC86A8CAFCE/Ubuntu2/CodeU/Dog1/official-mini-cheetah/logs/official_mini_cheetah_flat_jump_v1_r3/P2_gate_attempt_0.json
[2026-10-06T01:01:55+0800] P2 验收未通过，report.passed=false
[2026-10-06T01:01:55+0800] P2 验收命令：/usr/bin/python3 -m rl.evaluate --phase P2 --gate --checkpoint /run/media/pma213x/0C6A8CC86A8CAFCE/Ubuntu2/CodeU/Dog1/official-mini-cheetah/checkpoints/official_mini_cheetah_flat_jump_v1_r3/official_mini_cheetah_flat_jump_v1_r3_final.zip --output /run/media/pma213x/0C6A8CC86A8CAFCE/Ubuntu2/CodeU/Dog1/official-mini-cheetah/logs/official_mini_cheetah_flat_jump_v1_r3/P2_gate_attempt_1.json
[2026-10-06T01:02:25+0800] P2 验收未通过，report.passed=false
[2026-10-06T01:02:25+0800] P2 验收命令：/usr/bin/python3 -m rl.evaluate --phase P2 --gate --checkpoint /run/media/pma213x/0C6A8CC86A8CAFCE/Ubuntu2/CodeU/Dog1/official-mini-cheetah/checkpoints/official_mini_cheetah_flat_jump_v1_r3/official_mini_cheetah_flat_jump_v1_r3_final.zip --output /run/media/pma213x/0C6A8CC86A8CAFCE/Ubuntu2/CodeU/Dog1/official-mini-cheetah/logs/official_mini_cheetah_flat_jump_v1_r3/P2_gate_attempt_2.json
[2026-10-06T01:02:51+0800] P2 验收未通过，report.passed=false
[2026-10-06T01:02:51+0800] P2 连续 Gate 批次结果=[False, False, False]
[2026-10-06T01:02:51+0800] P2 启动：/usr/bin/python3 -m rl.train --phase P2 --total-steps 1100000 --device cuda --ckptdir /run/media/pma213x/0C6A8CC86A8CAFCE/Ubuntu2/CodeU/Dog1/official-mini-cheetah/checkpoints/official_mini_cheetah_flat_jump_v1_r3 --ckpt-prefix official_mini_cheetah_flat_jump_v1_r3 --logdir /run/media/pma213x/0C6A8CC86A8CAFCE/Ubuntu2/CodeU/Dog1/official-mini-cheetah/runs/official_mini_cheetah_flat_jump_v1_r3/P2_parallel --bridge-port 11452 --num-envs 4 --checkpoint-interval 20000 --randomization-mode fixed --seed 20261003 --phase-step-offset 690000 --resume /run/media/pma213x/0C6A8CC86A8CAFCE/Ubuntu2/CodeU/Dog1/official-mini-cheetah/checkpoints/official_mini_cheetah_flat_jump_v1_r3/official_mini_cheetah_flat_jump_v1_r3_final.zip
[2026-10-06T01:02:55+0800] P2 四 worker 实时健康确认通过
[2026-10-06T01:03:15+0800] P2 验收命令：/usr/bin/python3 -m rl.evaluate --phase P2 --gate --checkpoint /run/media/pma213x/0C6A8CC86A8CAFCE/Ubuntu2/CodeU/Dog1/official-mini-cheetah/checkpoints/official_mini_cheetah_flat_jump_v1_r3/official_mini_cheetah_flat_jump_v1_r3_final.zip --output /run/media/pma213x/0C6A8CC86A8CAFCE/Ubuntu2/CodeU/Dog1/official-mini-cheetah/logs/official_mini_cheetah_flat_jump_v1_r3/P2_gate_attempt_0.json
[2026-10-06T01:03:42+0800] P2 验收未通过，report.passed=false
[2026-10-06T01:03:42+0800] P2 验收命令：/usr/bin/python3 -m rl.evaluate --phase P2 --gate --checkpoint /run/media/pma213x/0C6A8CC86A8CAFCE/Ubuntu2/CodeU/Dog1/official-mini-cheetah/checkpoints/official_mini_cheetah_flat_jump_v1_r3/official_mini_cheetah_flat_jump_v1_r3_final.zip --output /run/media/pma213x/0C6A8CC86A8CAFCE/Ubuntu2/CodeU/Dog1/official-mini-cheetah/logs/official_mini_cheetah_flat_jump_v1_r3/P2_gate_attempt_1.json
[2026-10-06T01:04:08+0800] P2 验收未通过，report.passed=false
[2026-10-06T01:04:08+0800] P2 验收命令：/usr/bin/python3 -m rl.evaluate --phase P2 --gate --checkpoint /run/media/pma213x/0C6A8CC86A8CAFCE/Ubuntu2/CodeU/Dog1/official-mini-cheetah/checkpoints/official_mini_cheetah_flat_jump_v1_r3/official_mini_cheetah_flat_jump_v1_r3_final.zip --output /run/media/pma213x/0C6A8CC86A8CAFCE/Ubuntu2/CodeU/Dog1/official-mini-cheetah/logs/official_mini_cheetah_flat_jump_v1_r3/P2_gate_attempt_2.json
[2026-10-06T01:04:34+0800] P2 验收未通过，report.passed=false
[2026-10-06T01:04:34+0800] P2 连续 Gate 批次结果=[False, False, False]
[2026-10-06T01:04:34+0800] P2 启动：/usr/bin/python3 -m rl.train --phase P2 --total-steps 1110000 --device cuda --ckptdir /run/media/pma213x/0C6A8CC86A8CAFCE/Ubuntu2/CodeU/Dog1/official-mini-cheetah/checkpoints/official_mini_cheetah_flat_jump_v1_r3 --ckpt-prefix official_mini_cheetah_flat_jump_v1_r3 --logdir /run/media/pma213x/0C6A8CC86A8CAFCE/Ubuntu2/CodeU/Dog1/official-mini-cheetah/runs/official_mini_cheetah_flat_jump_v1_r3/P2_parallel --bridge-port 11452 --num-envs 4 --checkpoint-interval 20000 --randomization-mode fixed --seed 20261003 --phase-step-offset 700000 --resume /run/media/pma213x/0C6A8CC86A8CAFCE/Ubuntu2/CodeU/Dog1/official-mini-cheetah/checkpoints/official_mini_cheetah_flat_jump_v1_r3/official_mini_cheetah_flat_jump_v1_r3_final.zip
[2026-10-06T01:04:38+0800] P2 四 worker 实时健康确认通过
[2026-10-06T01:04:54+0800] P2 验收命令：/usr/bin/python3 -m rl.evaluate --phase P2 --gate --checkpoint /run/media/pma213x/0C6A8CC86A8CAFCE/Ubuntu2/CodeU/Dog1/official-mini-cheetah/checkpoints/official_mini_cheetah_flat_jump_v1_r3/official_mini_cheetah_flat_jump_v1_r3_final.zip --output /run/media/pma213x/0C6A8CC86A8CAFCE/Ubuntu2/CodeU/Dog1/official-mini-cheetah/logs/official_mini_cheetah_flat_jump_v1_r3/P2_gate_attempt_0.json
[2026-10-06T01:05:19+0800] P2 验收未通过，report.passed=false
[2026-10-06T01:05:19+0800] P2 验收命令：/usr/bin/python3 -m rl.evaluate --phase P2 --gate --checkpoint /run/media/pma213x/0C6A8CC86A8CAFCE/Ubuntu2/CodeU/Dog1/official-mini-cheetah/checkpoints/official_mini_cheetah_flat_jump_v1_r3/official_mini_cheetah_flat_jump_v1_r3_final.zip --output /run/media/pma213x/0C6A8CC86A8CAFCE/Ubuntu2/CodeU/Dog1/official-mini-cheetah/logs/official_mini_cheetah_flat_jump_v1_r3/P2_gate_attempt_1.json
[2026-10-06T01:05:50+0800] P2 验收未通过，report.passed=false
[2026-10-06T01:05:50+0800] P2 验收命令：/usr/bin/python3 -m rl.evaluate --phase P2 --gate --checkpoint /run/media/pma213x/0C6A8CC86A8CAFCE/Ubuntu2/CodeU/Dog1/official-mini-cheetah/checkpoints/official_mini_cheetah_flat_jump_v1_r3/official_mini_cheetah_flat_jump_v1_r3_final.zip --output /run/media/pma213x/0C6A8CC86A8CAFCE/Ubuntu2/CodeU/Dog1/official-mini-cheetah/logs/official_mini_cheetah_flat_jump_v1_r3/P2_gate_attempt_2.json
[2026-10-06T01:06:12+0800] P2 验收未通过，report.passed=false
[2026-10-06T01:06:12+0800] P2 连续 Gate 批次结果=[False, False, False]
[2026-10-06T01:06:12+0800] P2 启动：/usr/bin/python3 -m rl.train --phase P2 --total-steps 1120000 --device cuda --ckptdir /run/media/pma213x/0C6A8CC86A8CAFCE/Ubuntu2/CodeU/Dog1/official-mini-cheetah/checkpoints/official_mini_cheetah_flat_jump_v1_r3 --ckpt-prefix official_mini_cheetah_flat_jump_v1_r3 --logdir /run/media/pma213x/0C6A8CC86A8CAFCE/Ubuntu2/CodeU/Dog1/official-mini-cheetah/runs/official_mini_cheetah_flat_jump_v1_r3/P2_parallel --bridge-port 11452 --num-envs 4 --checkpoint-interval 20000 --randomization-mode fixed --seed 20261003 --phase-step-offset 710000 --resume /run/media/pma213x/0C6A8CC86A8CAFCE/Ubuntu2/CodeU/Dog1/official-mini-cheetah/checkpoints/official_mini_cheetah_flat_jump_v1_r3/official_mini_cheetah_flat_jump_v1_r3_final.zip
[2026-10-06T01:06:16+0800] P2 四 worker 实时健康确认通过
[2026-10-06T01:06:31+0800] P2 验收命令：/usr/bin/python3 -m rl.evaluate --phase P2 --gate --checkpoint /run/media/pma213x/0C6A8CC86A8CAFCE/Ubuntu2/CodeU/Dog1/official-mini-cheetah/checkpoints/official_mini_cheetah_flat_jump_v1_r3/official_mini_cheetah_flat_jump_v1_r3_final.zip --output /run/media/pma213x/0C6A8CC86A8CAFCE/Ubuntu2/CodeU/Dog1/official-mini-cheetah/logs/official_mini_cheetah_flat_jump_v1_r3/P2_gate_attempt_0.json
[2026-10-06T01:06:52+0800] P2 验收未通过，report.passed=false
[2026-10-06T01:06:52+0800] P2 验收命令：/usr/bin/python3 -m rl.evaluate --phase P2 --gate --checkpoint /run/media/pma213x/0C6A8CC86A8CAFCE/Ubuntu2/CodeU/Dog1/official-mini-cheetah/checkpoints/official_mini_cheetah_flat_jump_v1_r3/official_mini_cheetah_flat_jump_v1_r3_final.zip --output /run/media/pma213x/0C6A8CC86A8CAFCE/Ubuntu2/CodeU/Dog1/official-mini-cheetah/logs/official_mini_cheetah_flat_jump_v1_r3/P2_gate_attempt_1.json
[2026-10-06T01:07:15+0800] P2 验收未通过，report.passed=false
[2026-10-06T01:07:15+0800] P2 验收命令：/usr/bin/python3 -m rl.evaluate --phase P2 --gate --checkpoint /run/media/pma213x/0C6A8CC86A8CAFCE/Ubuntu2/CodeU/Dog1/official-mini-cheetah/checkpoints/official_mini_cheetah_flat_jump_v1_r3/official_mini_cheetah_flat_jump_v1_r3_final.zip --output /run/media/pma213x/0C6A8CC86A8CAFCE/Ubuntu2/CodeU/Dog1/official-mini-cheetah/logs/official_mini_cheetah_flat_jump_v1_r3/P2_gate_attempt_2.json
[2026-10-06T01:07:41+0800] P2 验收未通过，report.passed=false
[2026-10-06T01:07:41+0800] P2 连续 Gate 批次结果=[False, False, False]
[2026-10-06T01:07:41+0800] P2 启动：/usr/bin/python3 -m rl.train --phase P2 --total-steps 1130000 --device cuda --ckptdir /run/media/pma213x/0C6A8CC86A8CAFCE/Ubuntu2/CodeU/Dog1/official-mini-cheetah/checkpoints/official_mini_cheetah_flat_jump_v1_r3 --ckpt-prefix official_mini_cheetah_flat_jump_v1_r3 --logdir /run/media/pma213x/0C6A8CC86A8CAFCE/Ubuntu2/CodeU/Dog1/official-mini-cheetah/runs/official_mini_cheetah_flat_jump_v1_r3/P2_parallel --bridge-port 11452 --num-envs 4 --checkpoint-interval 20000 --randomization-mode fixed --seed 20261003 --phase-step-offset 720000 --resume /run/media/pma213x/0C6A8CC86A8CAFCE/Ubuntu2/CodeU/Dog1/official-mini-cheetah/checkpoints/official_mini_cheetah_flat_jump_v1_r3/official_mini_cheetah_flat_jump_v1_r3_final.zip
[2026-10-06T01:07:45+0800] P2 四 worker 实时健康确认通过
[2026-10-06T01:08:05+0800] P2 验收命令：/usr/bin/python3 -m rl.evaluate --phase P2 --gate --checkpoint /run/media/pma213x/0C6A8CC86A8CAFCE/Ubuntu2/CodeU/Dog1/official-mini-cheetah/checkpoints/official_mini_cheetah_flat_jump_v1_r3/official_mini_cheetah_flat_jump_v1_r3_final.zip --output /run/media/pma213x/0C6A8CC86A8CAFCE/Ubuntu2/CodeU/Dog1/official-mini-cheetah/logs/official_mini_cheetah_flat_jump_v1_r3/P2_gate_attempt_0.json
[2026-10-06T01:08:31+0800] P2 验收未通过，report.passed=false
[2026-10-06T01:08:31+0800] P2 验收命令：/usr/bin/python3 -m rl.evaluate --phase P2 --gate --checkpoint /run/media/pma213x/0C6A8CC86A8CAFCE/Ubuntu2/CodeU/Dog1/official-mini-cheetah/checkpoints/official_mini_cheetah_flat_jump_v1_r3/official_mini_cheetah_flat_jump_v1_r3_final.zip --output /run/media/pma213x/0C6A8CC86A8CAFCE/Ubuntu2/CodeU/Dog1/official-mini-cheetah/logs/official_mini_cheetah_flat_jump_v1_r3/P2_gate_attempt_1.json
[2026-10-06T01:16:13+0800] P1 连续 Gate 批次结果=[True, False, True]
[2026-10-06T01:17:28+0800] P1 连续 Gate 批次结果=[True, False, True]
[2026-10-06T01:20:41+0800] P1 连续 Gate 批次结果=[True, False, True]
[2026-10-06T01:26:04+0800] P1 连续 Gate 批次结果=[True, False, True]
[2026-10-06T01:27:47+0800] R3 P2 恢复训练 steps=1130000 next_segment=1180000 restart_p0_from_zero=False
[2026-10-06T01:27:47+0800] P2 启动：/usr/bin/python3 -m rl.train --phase P2 --total-steps 1180000 --device cuda --ckptdir /run/media/pma213x/0C6A8CC86A8CAFCE/Ubuntu2/CodeU/Dog1/official-mini-cheetah/checkpoints/official_mini_cheetah_flat_jump_v1_r3 --ckpt-prefix official_mini_cheetah_flat_jump_v1_r3 --logdir /run/media/pma213x/0C6A8CC86A8CAFCE/Ubuntu2/CodeU/Dog1/official-mini-cheetah/runs/official_mini_cheetah_flat_jump_v1_r3/P2_parallel --bridge-port 11452 --num-envs 4 --checkpoint-interval 20000 --randomization-mode fixed --seed 22991003 --phase-step-offset 730000 --resume /run/media/pma213x/0C6A8CC86A8CAFCE/Ubuntu2/CodeU/Dog1/official-mini-cheetah/checkpoints/official_mini_cheetah_flat_jump_v1_r3/official_mini_cheetah_flat_jump_v1_r3_final.zip
[2026-10-06T01:27:51+0800] P2 四 worker 实时健康确认通过
[2026-10-06T01:29:27+0800] P2 验收命令：/usr/bin/python3 -m rl.evaluate --phase P2 --gate --checkpoint /run/media/pma213x/0C6A8CC86A8CAFCE/Ubuntu2/CodeU/Dog1/official-mini-cheetah/checkpoints/official_mini_cheetah_flat_jump_v1_r3/official_mini_cheetah_flat_jump_v1_r3_final.zip --output /run/media/pma213x/0C6A8CC86A8CAFCE/Ubuntu2/CodeU/Dog1/official-mini-cheetah/logs/official_mini_cheetah_flat_jump_v1_r3/P2_gate_attempt_0.json
[2026-10-06T01:29:50+0800] P2 验收未通过，report.passed=false
[2026-10-06T01:29:50+0800] P2 验收命令：/usr/bin/python3 -m rl.evaluate --phase P2 --gate --checkpoint /run/media/pma213x/0C6A8CC86A8CAFCE/Ubuntu2/CodeU/Dog1/official-mini-cheetah/checkpoints/official_mini_cheetah_flat_jump_v1_r3/official_mini_cheetah_flat_jump_v1_r3_final.zip --output /run/media/pma213x/0C6A8CC86A8CAFCE/Ubuntu2/CodeU/Dog1/official-mini-cheetah/logs/official_mini_cheetah_flat_jump_v1_r3/P2_gate_attempt_1.json
[2026-10-06T01:30:15+0800] P2 验收未通过，report.passed=false
[2026-10-06T01:30:15+0800] P2 验收命令：/usr/bin/python3 -m rl.evaluate --phase P2 --gate --checkpoint /run/media/pma213x/0C6A8CC86A8CAFCE/Ubuntu2/CodeU/Dog1/official-mini-cheetah/checkpoints/official_mini_cheetah_flat_jump_v1_r3/official_mini_cheetah_flat_jump_v1_r3_final.zip --output /run/media/pma213x/0C6A8CC86A8CAFCE/Ubuntu2/CodeU/Dog1/official-mini-cheetah/logs/official_mini_cheetah_flat_jump_v1_r3/P2_gate_attempt_2.json
[2026-10-06T01:30:40+0800] P2 验收未通过，report.passed=false
[2026-10-06T01:30:40+0800] P2 连续 Gate 批次结果=[False, False, False]
[2026-10-06T01:30:40+0800] P2 启动：/usr/bin/python3 -m rl.train --phase P2 --total-steps 1230000 --device cuda --ckptdir /run/media/pma213x/0C6A8CC86A8CAFCE/Ubuntu2/CodeU/Dog1/official-mini-cheetah/checkpoints/official_mini_cheetah_flat_jump_v1_r3 --ckpt-prefix official_mini_cheetah_flat_jump_v1_r3 --logdir /run/media/pma213x/0C6A8CC86A8CAFCE/Ubuntu2/CodeU/Dog1/official-mini-cheetah/runs/official_mini_cheetah_flat_jump_v1_r3/P2_parallel --bridge-port 11452 --num-envs 4 --checkpoint-interval 20000 --randomization-mode fixed --seed 23041003 --phase-step-offset 780000 --resume /run/media/pma213x/0C6A8CC86A8CAFCE/Ubuntu2/CodeU/Dog1/official-mini-cheetah/checkpoints/official_mini_cheetah_flat_jump_v1_r3/official_mini_cheetah_flat_jump_v1_r3_final.zip
[2026-10-06T01:30:44+0800] P2 四 worker 实时健康确认通过
[2026-10-06T01:31:55+0800] P2 验收命令：/usr/bin/python3 -m rl.evaluate --phase P2 --gate --checkpoint /run/media/pma213x/0C6A8CC86A8CAFCE/Ubuntu2/CodeU/Dog1/official-mini-cheetah/checkpoints/official_mini_cheetah_flat_jump_v1_r3/official_mini_cheetah_flat_jump_v1_r3_final.zip --output /run/media/pma213x/0C6A8CC86A8CAFCE/Ubuntu2/CodeU/Dog1/official-mini-cheetah/logs/official_mini_cheetah_flat_jump_v1_r3/P2_gate_attempt_0.json
[2026-10-06T01:32:17+0800] P2 验收未通过，report.passed=false
[2026-10-06T01:32:17+0800] P2 验收命令：/usr/bin/python3 -m rl.evaluate --phase P2 --gate --checkpoint /run/media/pma213x/0C6A8CC86A8CAFCE/Ubuntu2/CodeU/Dog1/official-mini-cheetah/checkpoints/official_mini_cheetah_flat_jump_v1_r3/official_mini_cheetah_flat_jump_v1_r3_final.zip --output /run/media/pma213x/0C6A8CC86A8CAFCE/Ubuntu2/CodeU/Dog1/official-mini-cheetah/logs/official_mini_cheetah_flat_jump_v1_r3/P2_gate_attempt_1.json
[2026-10-06T01:32:38+0800] P2 验收未通过，report.passed=false
[2026-10-06T01:32:38+0800] P2 验收命令：/usr/bin/python3 -m rl.evaluate --phase P2 --gate --checkpoint /run/media/pma213x/0C6A8CC86A8CAFCE/Ubuntu2/CodeU/Dog1/official-mini-cheetah/checkpoints/official_mini_cheetah_flat_jump_v1_r3/official_mini_cheetah_flat_jump_v1_r3_final.zip --output /run/media/pma213x/0C6A8CC86A8CAFCE/Ubuntu2/CodeU/Dog1/official-mini-cheetah/logs/official_mini_cheetah_flat_jump_v1_r3/P2_gate_attempt_2.json
[2026-10-06T01:33:00+0800] P2 验收未通过，report.passed=false
[2026-10-06T01:33:00+0800] P2 连续 Gate 批次结果=[False, False, False]
[2026-10-06T01:33:00+0800] P2 启动：/usr/bin/python3 -m rl.train --phase P2 --total-steps 1280000 --device cuda --ckptdir /run/media/pma213x/0C6A8CC86A8CAFCE/Ubuntu2/CodeU/Dog1/official-mini-cheetah/checkpoints/official_mini_cheetah_flat_jump_v1_r3 --ckpt-prefix official_mini_cheetah_flat_jump_v1_r3 --logdir /run/media/pma213x/0C6A8CC86A8CAFCE/Ubuntu2/CodeU/Dog1/official-mini-cheetah/runs/official_mini_cheetah_flat_jump_v1_r3/P2_parallel --bridge-port 11452 --num-envs 4 --checkpoint-interval 20000 --randomization-mode fixed --seed 23091003 --phase-step-offset 830000 --resume /run/media/pma213x/0C6A8CC86A8CAFCE/Ubuntu2/CodeU/Dog1/official-mini-cheetah/checkpoints/official_mini_cheetah_flat_jump_v1_r3/official_mini_cheetah_flat_jump_v1_r3_final.zip
[2026-10-06T01:33:04+0800] P2 四 worker 实时健康确认通过
[2026-10-06T01:34:15+0800] P2 验收命令：/usr/bin/python3 -m rl.evaluate --phase P2 --gate --checkpoint /run/media/pma213x/0C6A8CC86A8CAFCE/Ubuntu2/CodeU/Dog1/official-mini-cheetah/checkpoints/official_mini_cheetah_flat_jump_v1_r3/official_mini_cheetah_flat_jump_v1_r3_final.zip --output /run/media/pma213x/0C6A8CC86A8CAFCE/Ubuntu2/CodeU/Dog1/official-mini-cheetah/logs/official_mini_cheetah_flat_jump_v1_r3/P2_gate_attempt_0.json
[2026-10-06T01:34:36+0800] P2 验收未通过，report.passed=false
[2026-10-06T01:34:36+0800] P2 验收命令：/usr/bin/python3 -m rl.evaluate --phase P2 --gate --checkpoint /run/media/pma213x/0C6A8CC86A8CAFCE/Ubuntu2/CodeU/Dog1/official-mini-cheetah/checkpoints/official_mini_cheetah_flat_jump_v1_r3/official_mini_cheetah_flat_jump_v1_r3_final.zip --output /run/media/pma213x/0C6A8CC86A8CAFCE/Ubuntu2/CodeU/Dog1/official-mini-cheetah/logs/official_mini_cheetah_flat_jump_v1_r3/P2_gate_attempt_1.json
[2026-10-06T01:35:07+0800] P2 验收未通过，report.passed=false
[2026-10-06T01:35:07+0800] P2 恢复失败即停：启动 Gate失败：端口仍被占用：1234
[2026-10-06T01:51:26+0800] P1 连续 Gate 批次结果=[True, False, True]
[2026-10-06T02:00:08+0800] P1 连续 Gate 批次结果=[True, False, True]
[2026-10-06T02:02:31+0800] P1 连续 Gate 批次结果=[True, False, True]
[2026-10-06T02:03:04+0800] R3 P2 从 1220000 恢复 steps=1220000 next_segment=1270000 restart_p0_from_zero=False
[2026-10-06T02:03:04+0800] P2 启动：/usr/bin/python3 -m rl.train --phase P2 --total-steps 1270000 --device cuda --ckptdir /run/media/pma213x/0C6A8CC86A8CAFCE/Ubuntu2/CodeU/Dog1/official-mini-cheetah/checkpoints/official_mini_cheetah_flat_jump_v1_r3 --ckpt-prefix official_mini_cheetah_flat_jump_v1_r3 --logdir /run/media/pma213x/0C6A8CC86A8CAFCE/Ubuntu2/CodeU/Dog1/official-mini-cheetah/runs/official_mini_cheetah_flat_jump_v1_r3/P2_parallel --bridge-port 11452 --num-envs 4 --checkpoint-interval 20000 --randomization-mode fixed --seed 23081003 --phase-step-offset 820000 --resume /run/media/pma213x/0C6A8CC86A8CAFCE/Ubuntu2/CodeU/Dog1/official-mini-cheetah/checkpoints/official_mini_cheetah_flat_jump_v1_r3/official_mini_cheetah_flat_jump_v1_r3_1220000_steps.zip
[2026-10-06T02:03:08+0800] P2 四 worker 实时健康确认通过
[2026-10-06T02:05:03+0800] P2 验收命令：/usr/bin/python3 -m rl.evaluate --phase P2 --gate --checkpoint /run/media/pma213x/0C6A8CC86A8CAFCE/Ubuntu2/CodeU/Dog1/official-mini-cheetah/checkpoints/official_mini_cheetah_flat_jump_v1_r3/official_mini_cheetah_flat_jump_v1_r3_final.zip --output /run/media/pma213x/0C6A8CC86A8CAFCE/Ubuntu2/CodeU/Dog1/official-mini-cheetah/logs/official_mini_cheetah_flat_jump_v1_r3/P2_gate_attempt_0.json
[2026-10-06T02:05:25+0800] P2 验收未通过，report.passed=false
[2026-10-06T02:05:25+0800] P2 验收命令：/usr/bin/python3 -m rl.evaluate --phase P2 --gate --checkpoint /run/media/pma213x/0C6A8CC86A8CAFCE/Ubuntu2/CodeU/Dog1/official-mini-cheetah/checkpoints/official_mini_cheetah_flat_jump_v1_r3/official_mini_cheetah_flat_jump_v1_r3_final.zip --output /run/media/pma213x/0C6A8CC86A8CAFCE/Ubuntu2/CodeU/Dog1/official-mini-cheetah/logs/official_mini_cheetah_flat_jump_v1_r3/P2_gate_attempt_1.json
[2026-10-06T02:05:52+0800] P2 验收未通过，report.passed=false
[2026-10-06T02:05:52+0800] P2 验收命令：/usr/bin/python3 -m rl.evaluate --phase P2 --gate --checkpoint /run/media/pma213x/0C6A8CC86A8CAFCE/Ubuntu2/CodeU/Dog1/official-mini-cheetah/checkpoints/official_mini_cheetah_flat_jump_v1_r3/official_mini_cheetah_flat_jump_v1_r3_final.zip --output /run/media/pma213x/0C6A8CC86A8CAFCE/Ubuntu2/CodeU/Dog1/official-mini-cheetah/logs/official_mini_cheetah_flat_jump_v1_r3/P2_gate_attempt_2.json
[2026-10-06T02:06:17+0800] P2 验收未通过，report.passed=false
[2026-10-06T02:06:17+0800] P2 连续 Gate 批次结果=[False, False, False]
[2026-10-06T02:06:17+0800] P2 启动：/usr/bin/python3 -m rl.train --phase P2 --total-steps 1320000 --device cuda --ckptdir /run/media/pma213x/0C6A8CC86A8CAFCE/Ubuntu2/CodeU/Dog1/official-mini-cheetah/checkpoints/official_mini_cheetah_flat_jump_v1_r3 --ckpt-prefix official_mini_cheetah_flat_jump_v1_r3 --logdir /run/media/pma213x/0C6A8CC86A8CAFCE/Ubuntu2/CodeU/Dog1/official-mini-cheetah/runs/official_mini_cheetah_flat_jump_v1_r3/P2_parallel --bridge-port 11452 --num-envs 4 --checkpoint-interval 20000 --randomization-mode fixed --seed 23131003 --phase-step-offset 870000 --resume /run/media/pma213x/0C6A8CC86A8CAFCE/Ubuntu2/CodeU/Dog1/official-mini-cheetah/checkpoints/official_mini_cheetah_flat_jump_v1_r3/official_mini_cheetah_flat_jump_v1_r3_final.zip
[2026-10-06T02:06:21+0800] P2 四 worker 实时健康确认通过
[2026-10-06T02:07:39+0800] P2 验收命令：/usr/bin/python3 -m rl.evaluate --phase P2 --gate --checkpoint /run/media/pma213x/0C6A8CC86A8CAFCE/Ubuntu2/CodeU/Dog1/official-mini-cheetah/checkpoints/official_mini_cheetah_flat_jump_v1_r3/official_mini_cheetah_flat_jump_v1_r3_final.zip --output /run/media/pma213x/0C6A8CC86A8CAFCE/Ubuntu2/CodeU/Dog1/official-mini-cheetah/logs/official_mini_cheetah_flat_jump_v1_r3/P2_gate_attempt_0.json
[2026-10-06T02:08:04+0800] P2 验收未通过，report.passed=false
[2026-10-06T02:08:04+0800] P2 验收命令：/usr/bin/python3 -m rl.evaluate --phase P2 --gate --checkpoint /run/media/pma213x/0C6A8CC86A8CAFCE/Ubuntu2/CodeU/Dog1/official-mini-cheetah/checkpoints/official_mini_cheetah_flat_jump_v1_r3/official_mini_cheetah_flat_jump_v1_r3_final.zip --output /run/media/pma213x/0C6A8CC86A8CAFCE/Ubuntu2/CodeU/Dog1/official-mini-cheetah/logs/official_mini_cheetah_flat_jump_v1_r3/P2_gate_attempt_1.json
[2026-10-06T02:08:25+0800] P2 验收未通过，report.passed=false
[2026-10-06T02:08:25+0800] P2 验收命令：/usr/bin/python3 -m rl.evaluate --phase P2 --gate --checkpoint /run/media/pma213x/0C6A8CC86A8CAFCE/Ubuntu2/CodeU/Dog1/official-mini-cheetah/checkpoints/official_mini_cheetah_flat_jump_v1_r3/official_mini_cheetah_flat_jump_v1_r3_final.zip --output /run/media/pma213x/0C6A8CC86A8CAFCE/Ubuntu2/CodeU/Dog1/official-mini-cheetah/logs/official_mini_cheetah_flat_jump_v1_r3/P2_gate_attempt_2.json
[2026-10-06T02:08:46+0800] P2 验收未通过，report.passed=false
[2026-10-06T02:08:46+0800] P2 连续 Gate 批次结果=[False, False, False]
[2026-10-06T02:08:46+0800] P2 启动：/usr/bin/python3 -m rl.train --phase P2 --total-steps 1370000 --device cuda --ckptdir /run/media/pma213x/0C6A8CC86A8CAFCE/Ubuntu2/CodeU/Dog1/official-mini-cheetah/checkpoints/official_mini_cheetah_flat_jump_v1_r3 --ckpt-prefix official_mini_cheetah_flat_jump_v1_r3 --logdir /run/media/pma213x/0C6A8CC86A8CAFCE/Ubuntu2/CodeU/Dog1/official-mini-cheetah/runs/official_mini_cheetah_flat_jump_v1_r3/P2_parallel --bridge-port 11452 --num-envs 4 --checkpoint-interval 20000 --randomization-mode fixed --seed 23181003 --phase-step-offset 920000 --resume /run/media/pma213x/0C6A8CC86A8CAFCE/Ubuntu2/CodeU/Dog1/official-mini-cheetah/checkpoints/official_mini_cheetah_flat_jump_v1_r3/official_mini_cheetah_flat_jump_v1_r3_final.zip
[2026-10-06T02:08:50+0800] P2 四 worker 实时健康确认通过
[2026-10-06T02:10:00+0800] P2 验收命令：/usr/bin/python3 -m rl.evaluate --phase P2 --gate --checkpoint /run/media/pma213x/0C6A8CC86A8CAFCE/Ubuntu2/CodeU/Dog1/official-mini-cheetah/checkpoints/official_mini_cheetah_flat_jump_v1_r3/official_mini_cheetah_flat_jump_v1_r3_final.zip --output /run/media/pma213x/0C6A8CC86A8CAFCE/Ubuntu2/CodeU/Dog1/official-mini-cheetah/logs/official_mini_cheetah_flat_jump_v1_r3/P2_gate_attempt_0.json
[2026-10-06T02:10:21+0800] P2 验收未通过，report.passed=false
[2026-10-06T02:10:21+0800] P2 验收命令：/usr/bin/python3 -m rl.evaluate --phase P2 --gate --checkpoint /run/media/pma213x/0C6A8CC86A8CAFCE/Ubuntu2/CodeU/Dog1/official-mini-cheetah/checkpoints/official_mini_cheetah_flat_jump_v1_r3/official_mini_cheetah_flat_jump_v1_r3_final.zip --output /run/media/pma213x/0C6A8CC86A8CAFCE/Ubuntu2/CodeU/Dog1/official-mini-cheetah/logs/official_mini_cheetah_flat_jump_v1_r3/P2_gate_attempt_1.json
[2026-10-06T02:10:42+0800] P2 验收未通过，report.passed=false
[2026-10-06T02:10:42+0800] P2 验收命令：/usr/bin/python3 -m rl.evaluate --phase P2 --gate --checkpoint /run/media/pma213x/0C6A8CC86A8CAFCE/Ubuntu2/CodeU/Dog1/official-mini-cheetah/checkpoints/official_mini_cheetah_flat_jump_v1_r3/official_mini_cheetah_flat_jump_v1_r3_final.zip --output /run/media/pma213x/0C6A8CC86A8CAFCE/Ubuntu2/CodeU/Dog1/official-mini-cheetah/logs/official_mini_cheetah_flat_jump_v1_r3/P2_gate_attempt_2.json
[2026-10-06T02:11:04+0800] P2 验收未通过，report.passed=false
[2026-10-06T02:11:04+0800] P2 连续 Gate 批次结果=[False, False, False]
[2026-10-06T02:11:04+0800] P2 启动：/usr/bin/python3 -m rl.train --phase P2 --total-steps 1420000 --device cuda --ckptdir /run/media/pma213x/0C6A8CC86A8CAFCE/Ubuntu2/CodeU/Dog1/official-mini-cheetah/checkpoints/official_mini_cheetah_flat_jump_v1_r3 --ckpt-prefix official_mini_cheetah_flat_jump_v1_r3 --logdir /run/media/pma213x/0C6A8CC86A8CAFCE/Ubuntu2/CodeU/Dog1/official-mini-cheetah/runs/official_mini_cheetah_flat_jump_v1_r3/P2_parallel --bridge-port 11452 --num-envs 4 --checkpoint-interval 20000 --randomization-mode fixed --seed 23231003 --phase-step-offset 970000 --resume /run/media/pma213x/0C6A8CC86A8CAFCE/Ubuntu2/CodeU/Dog1/official-mini-cheetah/checkpoints/official_mini_cheetah_flat_jump_v1_r3/official_mini_cheetah_flat_jump_v1_r3_final.zip
[2026-10-06T02:11:08+0800] P2 四 worker 实时健康确认通过
[2026-10-06T02:12:18+0800] P2 验收命令：/usr/bin/python3 -m rl.evaluate --phase P2 --gate --checkpoint /run/media/pma213x/0C6A8CC86A8CAFCE/Ubuntu2/CodeU/Dog1/official-mini-cheetah/checkpoints/official_mini_cheetah_flat_jump_v1_r3/official_mini_cheetah_flat_jump_v1_r3_final.zip --output /run/media/pma213x/0C6A8CC86A8CAFCE/Ubuntu2/CodeU/Dog1/official-mini-cheetah/logs/official_mini_cheetah_flat_jump_v1_r3/P2_gate_attempt_0.json
[2026-10-06T02:12:39+0800] P2 验收未通过，report.passed=false
[2026-10-06T02:12:39+0800] P2 验收命令：/usr/bin/python3 -m rl.evaluate --phase P2 --gate --checkpoint /run/media/pma213x/0C6A8CC86A8CAFCE/Ubuntu2/CodeU/Dog1/official-mini-cheetah/checkpoints/official_mini_cheetah_flat_jump_v1_r3/official_mini_cheetah_flat_jump_v1_r3_final.zip --output /run/media/pma213x/0C6A8CC86A8CAFCE/Ubuntu2/CodeU/Dog1/official-mini-cheetah/logs/official_mini_cheetah_flat_jump_v1_r3/P2_gate_attempt_1.json
[2026-10-06T02:13:01+0800] P2 验收未通过，report.passed=false
[2026-10-06T02:13:01+0800] P2 验收命令：/usr/bin/python3 -m rl.evaluate --phase P2 --gate --checkpoint /run/media/pma213x/0C6A8CC86A8CAFCE/Ubuntu2/CodeU/Dog1/official-mini-cheetah/checkpoints/official_mini_cheetah_flat_jump_v1_r3/official_mini_cheetah_flat_jump_v1_r3_final.zip --output /run/media/pma213x/0C6A8CC86A8CAFCE/Ubuntu2/CodeU/Dog1/official-mini-cheetah/logs/official_mini_cheetah_flat_jump_v1_r3/P2_gate_attempt_2.json
[2026-10-06T02:13:22+0800] P2 验收未通过，report.passed=false
[2026-10-06T02:13:22+0800] P2 连续 Gate 批次结果=[False, False, False]
[2026-10-06T02:13:22+0800] P2 启动：/usr/bin/python3 -m rl.train --phase P2 --total-steps 1470000 --device cuda --ckptdir /run/media/pma213x/0C6A8CC86A8CAFCE/Ubuntu2/CodeU/Dog1/official-mini-cheetah/checkpoints/official_mini_cheetah_flat_jump_v1_r3 --ckpt-prefix official_mini_cheetah_flat_jump_v1_r3 --logdir /run/media/pma213x/0C6A8CC86A8CAFCE/Ubuntu2/CodeU/Dog1/official-mini-cheetah/runs/official_mini_cheetah_flat_jump_v1_r3/P2_parallel --bridge-port 11452 --num-envs 4 --checkpoint-interval 20000 --randomization-mode fixed --seed 23281003 --phase-step-offset 1020000 --resume /run/media/pma213x/0C6A8CC86A8CAFCE/Ubuntu2/CodeU/Dog1/official-mini-cheetah/checkpoints/official_mini_cheetah_flat_jump_v1_r3/official_mini_cheetah_flat_jump_v1_r3_final.zip
[2026-10-06T02:13:26+0800] P2 四 worker 实时健康确认通过
[2026-10-06T02:14:39+0800] P2 验收命令：/usr/bin/python3 -m rl.evaluate --phase P2 --gate --checkpoint /run/media/pma213x/0C6A8CC86A8CAFCE/Ubuntu2/CodeU/Dog1/official-mini-cheetah/checkpoints/official_mini_cheetah_flat_jump_v1_r3/official_mini_cheetah_flat_jump_v1_r3_final.zip --output /run/media/pma213x/0C6A8CC86A8CAFCE/Ubuntu2/CodeU/Dog1/official-mini-cheetah/logs/official_mini_cheetah_flat_jump_v1_r3/P2_gate_attempt_0.json
[2026-10-06T02:15:00+0800] P2 验收未通过，report.passed=false
[2026-10-06T02:15:00+0800] P2 验收命令：/usr/bin/python3 -m rl.evaluate --phase P2 --gate --checkpoint /run/media/pma213x/0C6A8CC86A8CAFCE/Ubuntu2/CodeU/Dog1/official-mini-cheetah/checkpoints/official_mini_cheetah_flat_jump_v1_r3/official_mini_cheetah_flat_jump_v1_r3_final.zip --output /run/media/pma213x/0C6A8CC86A8CAFCE/Ubuntu2/CodeU/Dog1/official-mini-cheetah/logs/official_mini_cheetah_flat_jump_v1_r3/P2_gate_attempt_1.json
[2026-10-06T02:15:22+0800] P2 验收未通过，report.passed=false
[2026-10-06T02:15:22+0800] P2 验收命令：/usr/bin/python3 -m rl.evaluate --phase P2 --gate --checkpoint /run/media/pma213x/0C6A8CC86A8CAFCE/Ubuntu2/CodeU/Dog1/official-mini-cheetah/checkpoints/official_mini_cheetah_flat_jump_v1_r3/official_mini_cheetah_flat_jump_v1_r3_final.zip --output /run/media/pma213x/0C6A8CC86A8CAFCE/Ubuntu2/CodeU/Dog1/official-mini-cheetah/logs/official_mini_cheetah_flat_jump_v1_r3/P2_gate_attempt_2.json
[2026-10-06T02:15:43+0800] P2 验收未通过，report.passed=false
[2026-10-06T02:15:43+0800] P2 连续 Gate 批次结果=[False, False, False]
[2026-10-06T02:15:43+0800] P2 启动：/usr/bin/python3 -m rl.train --phase P2 --total-steps 1500000 --device cuda --ckptdir /run/media/pma213x/0C6A8CC86A8CAFCE/Ubuntu2/CodeU/Dog1/official-mini-cheetah/checkpoints/official_mini_cheetah_flat_jump_v1_r3 --ckpt-prefix official_mini_cheetah_flat_jump_v1_r3 --logdir /run/media/pma213x/0C6A8CC86A8CAFCE/Ubuntu2/CodeU/Dog1/official-mini-cheetah/runs/official_mini_cheetah_flat_jump_v1_r3/P2_parallel --bridge-port 11452 --num-envs 4 --checkpoint-interval 20000 --randomization-mode fixed --seed 23331003 --phase-step-offset 1070000 --resume /run/media/pma213x/0C6A8CC86A8CAFCE/Ubuntu2/CodeU/Dog1/official-mini-cheetah/checkpoints/official_mini_cheetah_flat_jump_v1_r3/official_mini_cheetah_flat_jump_v1_r3_final.zip
[2026-10-06T02:15:47+0800] P2 四 worker 实时健康确认通过
[2026-10-06T02:16:29+0800] P2 验收命令：/usr/bin/python3 -m rl.evaluate --phase P2 --gate --checkpoint /run/media/pma213x/0C6A8CC86A8CAFCE/Ubuntu2/CodeU/Dog1/official-mini-cheetah/checkpoints/official_mini_cheetah_flat_jump_v1_r3/official_mini_cheetah_flat_jump_v1_r3_final.zip --output /run/media/pma213x/0C6A8CC86A8CAFCE/Ubuntu2/CodeU/Dog1/official-mini-cheetah/logs/official_mini_cheetah_flat_jump_v1_r3/P2_gate_attempt_0.json
[2026-10-06T02:16:51+0800] P2 验收未通过，report.passed=false
[2026-10-06T02:16:51+0800] P2 验收命令：/usr/bin/python3 -m rl.evaluate --phase P2 --gate --checkpoint /run/media/pma213x/0C6A8CC86A8CAFCE/Ubuntu2/CodeU/Dog1/official-mini-cheetah/checkpoints/official_mini_cheetah_flat_jump_v1_r3/official_mini_cheetah_flat_jump_v1_r3_final.zip --output /run/media/pma213x/0C6A8CC86A8CAFCE/Ubuntu2/CodeU/Dog1/official-mini-cheetah/logs/official_mini_cheetah_flat_jump_v1_r3/P2_gate_attempt_1.json
[2026-10-06T02:17:13+0800] P2 验收未通过，report.passed=false
[2026-10-06T02:17:13+0800] P2 验收命令：/usr/bin/python3 -m rl.evaluate --phase P2 --gate --checkpoint /run/media/pma213x/0C6A8CC86A8CAFCE/Ubuntu2/CodeU/Dog1/official-mini-cheetah/checkpoints/official_mini_cheetah_flat_jump_v1_r3/official_mini_cheetah_flat_jump_v1_r3_final.zip --output /run/media/pma213x/0C6A8CC86A8CAFCE/Ubuntu2/CodeU/Dog1/official-mini-cheetah/logs/official_mini_cheetah_flat_jump_v1_r3/P2_gate_attempt_2.json
[2026-10-06T02:17:34+0800] P2 验收未通过，report.passed=false
[2026-10-06T02:17:34+0800] P2 连续 Gate 批次结果=[False, False, False]
[2026-10-06T02:17:34+0800] P2 恢复失败即停：P2 Gate 在预算 1500000 处失败，按计划停止且不自动延长
